"attachments/0/accessibilityCaption","attachments/0/id","attachments/0/type","attachments/0/url","attachments/1/accessibilityCaption","attachments/1/id","attachments/1/type","attachments/1/url","attachments/2/accessibilityCaption","attachments/2/id","attachments/2/type","attachments/2/url","attachments/3/accessibilityCaption","attachments/3/id","attachments/3/type","attachments/3/url","attachments/4/accessibilityCaption","attachments/4/id","attachments/4/type","attachments/4/url","author/id","author/name","author/profilePicture","author/profileUrl","commentsCount","postId","postText","reactions/anger","reactions/haha","reactions/like","reactions/love","reactions/sorry","reactions/support","reactions/wow","reactionsCount","sharesCount","timestamp","url"
,"1769819384193936","video",,,,,,,,,,,,,,,,,,"100064445723899","ANC 24/7","https://scontent-iad6-1.xx.fbcdn.net/v/t39.30808-1/609053834_1328721385952706_4253439834983056076_n.jpg?stp=cp0_dst-jpg_tt6&cstp=mx2048x2048&ctp=s40x40&_nc_cat=1&ccb=1-7&_nc_sid=2d3e12&_nc_ohc=RAU_RPiKxxgQ7kNvwFECinm&_nc_oc=AdpW13n2KBNK3e-ixALtdeOlfeaFOHn4L0Lf-TiMifUcZesOrK1A7xjgVR574NEZbCs&_nc_zt=24&_nc_ht=scontent-iad6-1.xx&_nc_gid=r0EtMN_UCC-qfToCY-5mUQ&_nc_ss=7e2a8&oh=00_AQBK3md5NGWKg-2LRUjYcRnslftcmgzWSXzNomDdoc_3Nw&oe=6A5E5F4E","https://www.facebook.com/ANCalerts","69","1498844755607034","Five barangays in Malaybalay City, Bukidnon were hit by flooding on Wednesday, July 8, with 211 families currently staying in evacuation centers.  

According to Aryan Cagaanan of the Malaybalay City Disaster Risk Reduction and Management Office, one fatality was recorded due to the flood in the city.  

A 50-year-old man died after attempting to cross the floodwaters to rescue his cow. (📹: Dave Yecyec) I via Hernel Tocmo, ABS-CBN News","2",,"140","5","224","30","7","408","77","1783583025000","https://www.facebook.com/reel/1769819384193936/"
"No photo description available.","1330377695925956","photo","https://www.facebook.com/photo.php?fbid=1330377695925956&set=a.162321872731550&type=3","May be an image of one or more people","1330377652592627","photo","https://www.facebook.com/photo.php?fbid=1330377652592627&set=a.162321872731550&type=3","May be an image of one or more people and people climbing","1330377665925959","photo","https://www.facebook.com/photo.php?fbid=1330377665925959&set=a.162321872731550&type=3","May be an image of one or more people","1330377659259293","photo","https://www.facebook.com/photo.php?fbid=1330377659259293&set=a.162321872731550&type=3","May be an image of one or more people","1330377685925957","photo","https://www.facebook.com/photo.php?fbid=1330377685925957&set=a.162321872731550&type=3","100068612142206","MMDA","https://scontent-iad6-1.xx.fbcdn.net/v/t39.30808-1/242803846_162321929398211_6744508622629887688_n.jpg?stp=cp0_dst-jpg_tt6&cstp=mx604x604&ctp=s40x40&_nc_cat=1&ccb=1-7&_nc_sid=2d3e12&_nc_ohc=-GxMrIa-rlcQ7kNvwFrbKC1&_nc_oc=Adqu2bM5eST1K-wGWTEJsLuOxT9swlYW4X9LxRkZfit0BjkS1SbargfE3b9JZZT9LD4&_nc_zt=24&_nc_ht=scontent-iad6-1.xx&_nc_gid=r0EtMN_UCC-qfToCY-5mUQ&_nc_ss=7e2a8&oh=00_AQD0EGjCWwz-T7XfTWWW3iIKAXTwk20FW6tosMpIEKHJ2Q&oe=6A5E3492","https://www.facebook.com/MMDAPH","697","1330377879259271","TAMBAK NA BASURA NILINIS

Naging abala ang MMDA Flood Control Team, ka-tandem ang TUPAD beneficiaries ng DOLE, sa  puspusang cleanup operations sa kahabaan ng estero sa Katipunan, Quezon City.

Gamit ang mga kagamitan o minor tools, nakapaghakot sila ng 2.0 cubic meters ng basura at burak.

Ang patuloy na paglilinis ay bahagi ng mas malawak na inisyatiba upang mapabilis ang paghupa ng tubig-baha at maiwasan ang pagbara ng mga daluyan ng tubig sa Metro Manila.

Makiisa sa pamamagitan ng tamang pagtatapon ng basura. 
#mmda  #mmdaatyourservice #floodcontroloperations","20","33","2431","549","101","251","25","3410","143","1783603233000","https://www.facebook.com/MMDAPH/posts/pfbid0815fiSmu9WXDf2Xx59KPbWUnYw9Y1UgZuKva1Zb8nNdn1srVfsVHH87V77y4z8rwl"
"May be an image of body of water","1547986940104655","photo","https://www.facebook.com/photo.php?fbid=1547986940104655&set=a.189189099317786&type=3","May be an image of one or more people, body of water and tree","1547987000104649","photo","https://www.facebook.com/photo.php?fbid=1547987000104649&set=a.189189099317786&type=3","May be an image of motorcycle","1547986986771317","photo","https://www.facebook.com/photo.php?fbid=1547986986771317&set=a.189189099317786&type=3","May be an image of one or more people","1547986953437987","photo","https://www.facebook.com/photo.php?fbid=1547986953437987&set=a.189189099317786&type=3","May be an image of golf cart, all-terain vehicle and text that says 'CHICKENDRESED εν VHOLESALE& RETAIL MERNCI WAFFARA FA FAR sotieg'","1547987033437979","photo","https://www.facebook.com/photo.php?fbid=1547987033437979&set=a.189189099317786&type=3","100046800918398","Malditang Ina.","https://scontent-iad6-1.xx.fbcdn.net/v/t39.30808-1/682269888_1486137486289601_3506493803629310673_n.jpg?stp=cp0_dst-jpg_tt6&cstp=mx1254x1254&ctp=s40x40&_nc_cat=1&ccb=1-7&_nc_sid=2d3e12&_nc_ohc=JmVK35Bs3bMQ7kNvwGAHYJF&_nc_oc=AdqcBs9kz98H85RHC8DW3l74qObC_ATNBU37RoIleOj_nvVnhrT-gErxBpJFo_0G2m0&_nc_zt=24&_nc_ht=scontent-iad6-1.xx&_nc_gid=r0EtMN_UCC-qfToCY-5mUQ&_nc_ss=7e2a8&oh=00_AQC_TmdICx6fGzqtCURYJShGzIWxEGyTIisU4mQvvLyVsA&oe=6A5E367A","https://www.facebook.com/malditangina.2019official","32","1547987410104608","“Mag move on na tayo sa flood control, madami pang mas importanteng issue- ERWIN TULFO A.K.A BENDALOW

ETO ITSURA NGAYON NG TALAYAN,MAGUINDANAO DEL SUR. 

SIGE MR. BEND THE LAW. NGAYON MO SABIHIN NA MAG MOVE ON KAMI.

📷 MDRRMO Talayan

#FloodAlert #Typhoon #IndayPH #Bavi #HabagatPH #Talayan #MaguindanaoDelSur","9","23","77","3","173","5",,"290","32","1783571397000","https://www.facebook.com/malditangina.2019official/posts/pfbid0P1hoS7XE7FRWxB77HGnGRGcJvSNT5MHbNNowJsTCK9m4tRVMazaKG61oTXeFnZJsl"
,"2491843767984902","video",,,,,,,,,,,,,,,,,,"100064849986224","GMA News","https://scontent-iad6-1.xx.fbcdn.net/v/t39.30808-1/658216539_1459297662908553_7892569438724908023_n.jpg?stp=cp0_dst-jpg_tt6&cstp=mx1200x1200&ctp=s40x40&_nc_cat=1&ccb=1-7&_nc_sid=2d3e12&_nc_ohc=_9Kw3PkUnsIQ7kNvwE9vLA7&_nc_oc=AdpBBrGMKtnDm2hj7zLSiHezcIJTipw2zTNzqjGCKXXCf2iUaigKyB5oVyrYGagXRIo&_nc_zt=24&_nc_ht=scontent-iad6-1.xx&_nc_gid=r0EtMN_UCC-qfToCY-5mUQ&_nc_ss=7e2a8&oh=00_AQCgoIkImCWt0oHoA3NPKqujaUZnmxLV6nJctC9nnLconw&oe=6A5E39BF","https://www.facebook.com/gmanews","16399","1595377055967279","PANOORIN: Naghain si Sen. Erwin Tulfo ng reklamong grave oral defamation laban sa abogadong si Levi Baligod at iba pa sa Mandaluyong City Prosecutor's Office dahil sa pagdawit ng pangalan niya sa anomalya sa flood control project. | via Bernadette Reyes/GMA News

Bisitahin ang www.gmanetwork.com/news para sa pinakabagong balita.","1104","31335","5500","251","37","57","121","38405","451","1783480932000","https://www.facebook.com/reel/2491843767984902/"
"May be an image of blueprint and text that says 'Project Names 2024 2024 Approved1 () uilding, Barangay Hall, Contractor CORPORATION MAR-VEL Bullding Gymnasium, Barangay 2024 Berinayan, CONSTRUCTION FCUND Sectian Phase ALRIE Batangas SERVICES Section) 2024 SERVICES City Lumbang Inaslaban Pypass Packnge NEWINGTON BUILDERS, INC, 2024 BUILDERS, NEWINGTON BUILDERS, INC. Packapト City, Eatangas NEWINGTON Medical Center, Pedro, long CORPORATION CONSTRUCTION, Lipa 2024 Quatro Santos Road, 2024 BUILDERS SUPPLY CORP. City, Batangas West Side, Package Batangas 2024 ential Road, CORPORATION Section 2024 TRISTAN Tanauan 2024 CONSTRUCTION TEJADACONSTAUCTION Batangas 2024 Pangao, High Integrated National 2024 Building Lodlad lementan CONSTRUCTION Schaol, AND SUPPLY/MICLOVER GENERAL IRON WORKS Batangas Inasloban Marawov ntegrated ALPHA VECTOR'","122218892150455336","photo","https://www.facebook.com/photo.php?fbid=122218892150455336&set=a.122107109576455336&type=3","May be an image of blueprint, map and text","122218892006455336","photo","https://www.facebook.com/photo.php?fbid=122218892006455336&set=a.122107109576455336&type=3","May be an image of blueprint and text that says 'Project Names 2024 Batangas 2024 Approved （Ｐ］ Tinglay, 2024 Contractor NEWINGTON BUILDERS, 100,000,000 VICMAR Lumbang-Inasloban Bypass Road (Package City. 150,000,00 INC. JA2024 NEWINGTON BUILDERS, INC., Package City, Ambulong Malvar, NEWINGTON PUILDERS, Barangay 2024 Slope Protection, Barangay DEVELOPERS Nina, 2024 icolas, 5,000,000 Batangas Building (Health Center), Barangay FOUND 2024 CONST. includingF (Phase FOUND 50,000,0 2024 DEVELOPERS CONSTRUCTION& San Court, (Covered DEVELOPERS Covered Caurti, UILDERS 2024 Covered Court), 2024 VICMAR CONSTRUCTION, INC. VICMAR CONSTRUCTION, INC. 2024 2,000,000 (Covered Court), 2024 CONS Covered Court), CONSTRUCTION AND TRADING Barangay AND อก 2,000,000 TRISTAN EJADACONSTAUCTION Building (Covered Court), Barangay CONS TRUCTION VICMAR CONSTRUCTION, INC.'","122218892048455336","photo","https://www.facebook.com/photo.php?fbid=122218892048455336&set=a.122107109576455336&type=3","May be an image of ‎blueprint and ‎text that says '‎2024 Project Names BatanFas 2024 Approved Barangay Bulacnin, City, Contractor Building Barangay SUPPLY 2024 o3 Building CORPORATION Buildingl, Barangay 2024 2024 K0167 SUPPLY 2024 City- Mataas م City- BUILDERS INC. Roads, Construction 2024 비라리피드 Ka Construction 2024 -K0136+909 By-Passi Scien Construction RUSMEN BUILDERS& CORP. Phase 2024 Livestock. 2024 veyetables TEKNIKA SERVICESCO 2024 loDoy River, Sitio Lupitak Norte Eenguet SHEN CONSTRUCTION (54252) Proper Gadang 2024 TSAI SHEN CONSTRUCTION (54252) CORPCRATION Benguet 2024 Talcy AGGREGATES 2024 Ambacuag- alang Sowe, Barangay Poblacion, 2024 Ponopan- Makidal, Catlubong, CONSTRUCTION AGGREGATES Bakun, Oliwek Sakaang Saleng Road, Kibungan, Flood Structure long Biliran (33234; ROVING PREMIER INC.‎'‎‎","122218892132455336","photo","https://www.facebook.com/photo.php?fbid=122218892132455336&set=a.122107109576455336&type=3","May be an image of blueprint and text","122218891892455336","photo","https://www.facebook.com/photo.php?fbid=122218891892455336&set=a.122107109576455336&type=3","61563660098248","Leandro Legarda Leviste","https://scontent-iad6-1.xx.fbcdn.net/v/t39.30808-1/581341390_122190324230455336_5611286189143933229_n.jpg?stp=c0.31.1536.1536a_cp0_dst-jpg_tt6&cstp=mx1536x1536&ctp=s40x40&_nc_cat=1&ccb=1-7&_nc_sid=2d3e12&_nc_ohc=lRrPj_zpsTUQ7kNvwEFbhoD&_nc_oc=Adr-6YAz9HC_ldn_kuh0bOjVRF6TvghqYzHoYC4nn3iKwEIG_jmY1Tm2MRDr9xajg1g&_nc_zt=24&_nc_ht=scontent-iad6-1.xx&_nc_gid=r0EtMN_UCC-qfToCY-5mUQ&_nc_ss=7e2a8&oh=00_AQDSm-ztm3N3UD5iPIBqqkixZEPjsVjCYSGNN7q3F8WNWw&oe=6A5E516E","https://www.facebook.com/lingkodlegardaleviste","1706","122218896236455336","𝐍𝐚𝐫𝐢𝐭𝐨 𝐚𝐧𝐠 𝐜𝐨𝐧𝐭𝐫𝐚𝐜𝐭𝐨𝐫𝐬 𝐧𝐠 ₱𝟏𝟓𝟑𝐁 𝐃𝐏𝐖𝐇 𝐩𝐫𝐨𝐣𝐞𝐜𝐭𝐬 𝐧𝐚 𝐩𝐢𝐧𝐨𝐧𝐝𝐨𝐡𝐚𝐧 𝐧𝐠 𝐏𝐡𝐢𝐥𝐇𝐞𝐚𝐥𝐭𝐡 𝐚𝐭 𝐏𝐃𝐈𝐂 𝐧𝐨𝐨𝐧𝐠 𝟐𝟎𝟐𝟒 𝐦𝐮𝐥𝐚 𝐬𝐚 𝐔𝐧𝐩𝐫𝐨𝐠𝐫𝐚𝐦𝐦𝐞𝐝 𝐀𝐩𝐩𝐫𝐨𝐩𝐫𝐢𝐚𝐭𝐢𝐨𝐧𝐬 (𝐔𝐀).

Ayon kay dating Supreme Court Justice Antonio Carpio: ""The transfer of Philhealth and PDIC trust funds to the Bureau of Treasury TRIGGERED the release of funds to finance flood control projects under Unprogrammed Appropriations.""

Ayon naman kay dating Undersecretary Roberto Bernardo, ""almost 100%"" ng biddings sa DPWH ay luto, kaya ang mga proyektong pinondohan ng PhilHealth at PDIC ay in-award sa mga umano'y lutong bidding. Napunta sa top 15 contractors ang mahigit 30% ng ₱153B UA budget na ito.

Dapat suriin kung sino ang nakinabang sa paglipat ng pondo ng PhilHealth at PDIC sa flood control projects, at kung paano pinili ng DPWH ang mga proyekto at contractor.","880","7246","18154","556","4625","118","2213","33792","4708","1783520531000","https://www.facebook.com/lingkodlegardaleviste/posts/pfbid0f6aSnY7C5mAx68TLmLJxyaKGbjyvyEAegqT1dUE9qCBdHrqu7xFw83fKC7W1HxFfl"
"May be an image of ‎tornado and ‎text that says '‎ng uzhou Windy.com com Shaoguan Naha Download DownloadApp App Taipei Minamidaito Hong HongKong ong Kaohsiung loang Sa Tuguegarao Manila منم P2NE PuertoPrincesa incesa Puerto Cebu INDARAD DavaoiCity Bandar BandarSoriBegawan Seri Begawan‎'‎‎","1335584772115120","photo","https://www.facebook.com/photo.php?fbid=1335584772115120&set=a.403342125339394&type=3","May be an image of map and text","1335584782115119","photo","https://www.facebook.com/photo.php?fbid=1335584782115119&set=a.403342125339394&type=3",,,,,,,,,,,,,"100069908300144","Earth Shaker","https://scontent-iad3-2.xx.fbcdn.net/v/t39.30808-1/558021094_1112448077762125_5049031986014985434_n.jpg?stp=cp0_dst-jpg_tt6&cstp=mx2048x2048&ctp=s40x40&_nc_cat=103&ccb=1-7&_nc_sid=2d3e12&_nc_ohc=5yWHqMiRftIQ7kNvwFTsvAp&_nc_oc=AdprBDjiRwi5GG0-VmqbeU2XcVMw9EjC6M6LJ-KPaC4ZZIgWV0fuQabJitgek2geYTk&_nc_zt=24&_nc_ht=scontent-iad3-2.xx&_nc_gid=r0EtMN_UCC-qfToCY-5mUQ&_nc_ss=7e2a8&oh=00_AQBBM6mnVKIz0dh3sdHs-reY1cCoRHtSE0n7NrQPDsaZwQ&oe=6A5E59B9","https://www.facebook.com/earthshakerph","2","1335585825448348","🌧️ HEAVY RAINFALL WARNING #1-A (July 10, 2026)

Patuloy na nakaaapekto ang Habagat na pinalalakas ng Typhoon #IndayPH, na nagdudulot ng malalakas na pag-ulan sa ilang bahagi ng Luzon at western section ng Visayas at Mindanao ngayong madaling araw. 

Para sa #NCR_PRSD:

🟡 YELLOW WARNING ang nakataas sa mga bahagi ng Bataan, Zambales, Batangas, at Cavite, kung saan ⚠️posible ang pagbaha sa mga mabababang lugar at flood-prone areas.

Samantala, 🌧️light to moderate hanggang paminsang malakas na ulan ang nararanasan o inaasahan sa Metro Manila, Bulacan, Rizal, Laguna, Pampanga, Tarlac, Quezon, at iba pang karatig-lugar sa susunod na ilang oras.

⚠️ Pinapayuhan ang lahat na maging alerto sa posibilidad ng pagbaha at pagtaas ng tubig sa mga ilog at sapa, lalo na sa mga lugar na madalas bahain. 

Ugaliing subaybayan ang mga susunod na abiso mula sa DOST-PAGASA at sa inyong lokal na pamahalaan para sa #WalangPasok announcements.

#EarthShakerPH #WeatherAlert #Habagat #IndayPH",,"3","138","4","30","5",,"180","16","1783626884000","https://www.facebook.com/earthshakerph/posts/pfbid0senoKvgQSxHKm3hoSNQVMosmNCeFzhGHV9eZGCpfxds1Uwhxj9xNTkwupFWzyWY8l"
"No photo description available.","1595207795984205","photo","https://www.facebook.com/photo.php?fbid=1595207795984205&set=a.649184583919869&type=3","May be an image of body of water and text that says '2026-07-08-07:407 807:40 40 2026-07- 6-07-0 08 B6F B6F.SEVLLA B6F.SEVILLACORESTRELLA COR ESTRELLA'","1595207772650874","photo","https://www.facebook.com/photo.php?fbid=1595207772650874&set=a.649184583919869&type=3","May be an image of street and text","1595207742650877","photo","https://www.facebook.com/photo.php?fbid=1595207742650877&set=a.649184583919869&type=3","May be an image of motorcycle, scooter, street and text","1595207862650865","photo","https://www.facebook.com/photo.php?fbid=1595207862650865&set=a.649184583919869&type=3",,,,,"100064849986224","GMA News","https://scontent-iad6-1.xx.fbcdn.net/v/t39.30808-1/658216539_1459297662908553_7892569438724908023_n.jpg?stp=cp0_dst-jpg_tt6&cstp=mx1200x1200&ctp=s40x40&_nc_cat=1&ccb=1-7&_nc_sid=2d3e12&_nc_ohc=_9Kw3PkUnsIQ7kNvwE9vLA7&_nc_oc=AdpBBrGMKtnDm2hj7zLSiHezcIJTipw2zTNzqjGCKXXCf2iUaigKyB5oVyrYGagXRIo&_nc_zt=24&_nc_ht=scontent-iad6-1.xx&_nc_gid=X_B-nwad30isMoC-AqgknQ&_nc_ss=7e2a8&oh=00_AQAKPavF9inwEWr73iYknurg0mUTO2yS6LfE-Wqrhx5eIw&oe=6A5E39BF","https://www.facebook.com/gmanews","1730","1595208742650777","BAHA SA MALABON

Naglabas ng flood advisory ang pamahalaan ng Malabon sa ilang bahagi ng lungsod na nakararanas ng pagbaha as of 7:30 AM ngayong Miyerkoles, July 8.

Kabilang sa mga barangay na nasa ilalim ng flood advisory ang Catmon, Concepcion, Dampalit, Hulong Duhat, Ibaba, Maysilo, San Agustin, Tañong, Tinajeros at Tonsuya.

Courtesy: Malabon City Government/Facebook

Bisitahin ang gmanetwork.com/news para sa iba pang balita.","46","2670","1837","36","608","44","41","5282","653","1783473417000","https://www.facebook.com/gmanews/posts/pfbid02oHrmHKpCuyZExygsvHbmXECoHD7ry8Vnu7kCs8YconXVkcfKukfo9sXQq5pD26DEl"
,,,,,,,,,,,,,,,,,,,,"61551784620037","DPWH Region XII SOCCSKSarGen","https://scontent-iad6-1.xx.fbcdn.net/v/t39.30808-1/632675535_122229812954059487_4495242418479831022_n.jpg?stp=c142.142.1764.1764a_cp0_dst-jpg_tt6&cstp=mx1764x1764&ctp=s40x40&_nc_cat=107&ccb=1-7&_nc_sid=2d3e12&_nc_ohc=h23hLdSdFEAQ7kNvwH9UXmp&_nc_oc=Ado3aiVwfCp6RWfREw7Gc894QrOZhPjTE3W1xMO5RF9vaxb9NYBQ0eApkYuofSvjhfw&_nc_zt=24&_nc_ht=scontent-iad6-1.xx&_nc_gid=X_B-nwad30isMoC-AqgknQ&_nc_ss=7e2a8&oh=00_AQDWRha0OEQnzQBQYAIWm9_zAqKxRjK2u3jk3WPvVMbBHw&oe=6A5E5145","https://www.facebook.com/DPWHR12","14","1459091876254959","𝐒𝐓𝐀𝐓𝐄𝐌𝐄𝐍𝐓 𝐎𝐍 𝐓𝐇𝐄 𝐃𝐀𝐌𝐀𝐆𝐄𝐃 𝐀𝐒𝐏𝐇𝐀𝐋𝐓 𝐑𝐎𝐀𝐃 𝐈𝐍 𝐌𝐀𝐆𝐔𝐈𝐍𝐃𝐀𝐍𝐀𝐎 𝐃𝐄𝐋 𝐍𝐎𝐑𝐓𝐄

The Department of Public Works and Highways (DPWH) has immediately deployed maintenance personnel to clear the damaged section of the Maharlika Highway in Parang, Maguindanao del Norte to ensure the safety of motorists and pedestrians after layers of freshly-laid asphalt—which have not yet dried or underwent curing period—were separated from the road following a flash flood.

DPWH adheres to strict construction standards and will immediately resume full restoration works once the weather clears, at no additional cost to the government. 

For context: https://www.facebook.com/share/1BWkWmFJsW/?mibextid=wwXIfr

#DPWH #BuildBetterMore #BagongPilipinas",,"19","67",,,,,"86","8","1783634949000","https://www.facebook.com/dpwhph/posts/pfbid02cn8yebVMz8KRnSZ1a7pL3nJg5tiAxJLRvHWERcQRKAnZEeyWnvFF6hrViEhvvtM1l"
,"1561707915354749","video",,,,,,,,,,,,,,,,,,"100064849986224","GMA News","https://scontent-iad6-1.xx.fbcdn.net/v/t39.30808-1/658216539_1459297662908553_7892569438724908023_n.jpg?stp=cp0_dst-jpg_tt6&cstp=mx1200x1200&ctp=s40x40&_nc_cat=1&ccb=1-7&_nc_sid=2d3e12&_nc_ohc=_9Kw3PkUnsIQ7kNvwE9vLA7&_nc_oc=AdpBBrGMKtnDm2hj7zLSiHezcIJTipw2zTNzqjGCKXXCf2iUaigKyB5oVyrYGagXRIo&_nc_zt=24&_nc_ht=scontent-iad6-1.xx&_nc_gid=X_B-nwad30isMoC-AqgknQ&_nc_ss=7e2a8&oh=00_AQAKPavF9inwEWr73iYknurg0mUTO2yS6LfE-Wqrhx5eIw&oe=6A5E39BF","https://www.facebook.com/gmanews","7397","1595206059317712","JUST IN: Atty. Levi Baligod, dating Rep. Mike Defensor at 4 na iba pa, sinampahan ng reklamo ni Sen. Erwin Tulfo sa Mandaluyong Prosecutor’s Office dahil sa pagdawit sa kaniya sa maanomalyang flood control projects. | via Mark Makalalad/DZBB

Bisitahin ang gmanetwork.com/news para sa iba pang balita.","555","17574","2460","110","5","25","64","20793","226","1783473293000","https://www.facebook.com/reel/1561707915354749/"
,"1370421388333845","video",,,,,,,,,,,,,,,,,,"61559954278683","NET25 News and Information","https://scontent-iad6-1.xx.fbcdn.net/v/t39.30808-1/436331969_417148224543340_1756920451686923867_n.jpg?stp=cp0_dst-jpg_tt6&cstp=mx1080x1080&ctp=s40x40&_nc_cat=1&ccb=1-7&_nc_sid=2d3e12&_nc_ohc=dIjkmzR9wGoQ7kNvwGY1OE3&_nc_oc=Adqenx3LsGKpXI6k-crU36t9HG6VO3GUVdXUlpZvKIYkpcxXZXOC7dUfkt9H4BoHrhU&_nc_zt=24&_nc_ht=scontent-iad6-1.xx&_nc_gid=X_B-nwad30isMoC-AqgknQ&_nc_ss=7e2a8&oh=00_AQAthpwsg13_vDJk8Jd9VfX6QB9isvbG_BLjS0f2jddnMA&oe=6A5E4967","https://www.facebook.com/net25news","68","122284685162331809","Naiulat ang pagbaha, pag-apaw ng ilang ilog at sapa, at paglikas ng ilang pamilya sa mas ligtas na lugar sa ilang barangay sa Malaybalay City, dahil sa malalakas na pag-ulan sa iba't ibang bahagi ng Bukidnon.

#NET25NewsandInformation #SiyentoPorSiyento #IndayPH #weather #BagyongInday #Bukidnon #flood #baha","1","3","2415","247","185","85","6","2942","221","1783564057000","https://www.facebook.com/reel/1370421388333845/"
"May be an image of body of water and text that says '한어미리 2026-07-0807:400 0807:40 2026-07 08 B6F B6F.SEVLLA_COR'ESTRELLA SEVLLA COR ESTRELLA'","1402008178802658","photo","https://www.facebook.com/photo.php?fbid=1402008178802658&set=a.560986109571540&type=3","May be an image of motorcycle, scooter, street and text","1402008238802652","photo","https://www.facebook.com/photo.php?fbid=1402008238802652&set=a.560986109571540&type=3","No photo description available.","1402008278802648","photo","https://www.facebook.com/photo.php?fbid=1402008278802648&set=a.560986109571540&type=3","May be an image of body of water and street","1402008335469309","photo","https://www.facebook.com/photo.php?fbid=1402008335469309&set=a.560986109571540&type=3","May be an image of one or more people, motorcycle, street and text","1402008512135958","photo","https://www.facebook.com/photo.php?fbid=1402008512135958&set=a.560986109571540&type=3","100069804660667","One PH","https://scontent-iad6-1.xx.fbcdn.net/v/t39.30808-1/352501237_782570273579321_6360131420091538342_n.png?stp=cp0_dst-png&cstp=mx1638x1638&ctp=s40x40&_nc_cat=1&ccb=1-7&_nc_sid=2d3e12&_nc_ohc=6i8mf1wK5esQ7kNvwFbpGUd&_nc_oc=AdqCQLLyeUMxtDtZK4g0xZHvJSAUwh-yrMd0IOW4KaljoDahyWNSbDBp_vowu5PHgS0&_nc_zt=24&_nc_ht=scontent-iad6-1.xx&_nc_gid=X_B-nwad30isMoC-AqgknQ&_nc_ss=7e2a8&oh=00_AQBHMRutw2KcPJSSkV54TO3HuDvLX-Qgxla_zfuLBg29Wg&oe=6A5E67EE","https://www.facebook.com/OnePHonCignal","599","1402014005468742","Binaha ang ilang kalsada sa Malabon City nitong July 8, 2026, batay sa flood advisory ng Malabon City Government.

Ayon sa abiso, nadadaanan pa rin ng lahat ng uri ng sasakyan ang mga apektadong lugar.

Naitala ang baha na mula 1 hanggang 6 inches sa ilang bahagi ng Catmon, Concepcion, Dampalit, Hulong Duhat, Ibaba, Maysilo, San Agustin, Tañong, Tinajeros, at Tonsuya.

📷 Malabon City Government

#OnePH","14","866","306","4","60","2","16","1268","105","1783474622000","https://www.facebook.com/OnePHonCignal/posts/pfbid0rCNURGGcpUAFPj6CmgDpUcJsgJZmgGpaWGdZYoBGtavjb8EPPcUCeoLsswGT4nF5l"
"May be an image of map and text that says 'Sultan SultanKudarat Kudarat 24-HR 24 HR RAINFALL FORECAST Sarangani Saran Today to tomorrow noon (July 9) Potential Impacts (50-100 mm) Localized flooding possible mainly in areas that urbanized, low lying, near rivers Landslide possible in highly susceptible areas. Weather Advisory #8 -Southwest Monsoon 11:00A AM today, 8 July 2026 BACOBEP AcPPR PAGASA-DOST Weather WeatherForecastingSection Forecasting Section'","1492616929576622","photo","https://www.facebook.com/photo.php?fbid=1492616929576622&set=a.365711365600523&type=3","May be pop art of map and text that says '24 24-HR HR RAINFALL FORECAST Tomorrow noon to Friday noon (July 10) Potential Impacts (50-100 mm) Occidentalll OccidentalMindoro Mindoro Localized flooding possible mainly in areas that urbanized, low-lying. near rivers. Landslide possible in highly susceptible areas Antique lloilo Palawan Guiimaras Negros INegrosOccidental Occidental Lanao/del Lanao/delNorte del Norte Weather Advisory #8 Southwest Monsoon 11:00 AM today, 8 July 2026 Lanao LanaodelSur delSur BAcOBOTunbl PAGASA-DOST Weather Forecasting WeatherForecastingSection Section'","1492616936243288","photo","https://www.facebook.com/photo.php?fbid=1492616936243288&set=a.365711365600523&type=3","May be an illustration of map and text that says '24-HR 24 HR RAINFALL FORECAST Friday noon to Saturday noon (July 11) Potential Impacts Zambales Bataan Metro Manila Cavite (100-200 mm) Numerous flooding events likely, especially areas that urbanized, low Iying, near vers moderate susceptible areas. Batangas highly Batanes (50-100 mm) Occ/dentalMindoro Occidentall Mindoro OrientalMindoro Localized flooding possible mainly in urbanized, low-lying, near rivers. Landslide possible in highly susceptible areas. Romblon Palawan Antique lloilo Guimaras NegrosOccidental Occidental Negros Negros Oriental Lanao,Norte Lanao del,Norte Zamboanga, Zamboanga,delSur dell Sur Weather Advisory #8 -Tropical Cyclone INDAY and Southwest Monsoon 11:00A AM today, 8 July 2026 BAHOBEP BADSNERLIPI LUPINAS PAGASA-DOST Weather Forecasting Section'","1492616946243287","photo","https://www.facebook.com/photo.php?fbid=1492616946243287&set=a.365711365600523&type=3",,,,,,,,,"100064849864375","DOST-PAGASA","https://scontent-iad6-1.xx.fbcdn.net/v/t39.30808-1/487303686_1099355335569452_7045424019269009221_n.png?stp=cp0_dst-png&cstp=mx1001x1001&ctp=s40x40&_nc_cat=1&ccb=1-7&_nc_sid=2d3e12&_nc_ohc=j7B0Y7UwOxsQ7kNvwEz4hJ_&_nc_oc=AdoF0adUeaNKh_X9hmthJC797rIxXcva5Uo2cLU8jfVrT3jRVFSpRf6vX7W-t3WvOgw&_nc_zt=24&_nc_ht=scontent-iad6-1.xx&_nc_gid=X_B-nwad30isMoC-AqgknQ&_nc_ss=7e2a8&oh=00_AQAKVYbk_KoNUzIxD5ZVY1T9fbB-tIl1Ji-YfiPY-SOf7A&oe=6A5E3DDF","https://www.facebook.com/PAGASA.DOST.GOV.PH","19","1492625649575750","Weather Advisory No. 8
For: Tropical Cyclone INDAY and Southwest Monsoon
Issued at: 11 AM, 08 July 2026

Heavy rainfall outlook due to TC INDAY
Friday noon to Saturday noon (July 11)
(50-100 mm):
Batanes

Heavy rainfall outlook due to Southwest Monsoon
Today to tomorrow noon (July 9)
(50-100 mm):
Sultan Kudarat and Sarangani

Tomorrow noon to Friday noon (July 10)
(50-100 mm):
Occidental Mindoro, Palawan, Antique, Iloilo, Guimaras, Negros Occidental, Lanao del Norte, and Lanao del Sur

Friday noon to Saturday noon (July 11)
(100-200 mm):
Occidental Mindoro and Antique
(50-100 mm):
Zambales, Bataan, Metro Manila, Cavite, Batangas, Oriental Mindoro, Romblon, Palawan, Iloilo, Guimaras, Negros Occidental, Negros Oriental, Zamboanga del Sur, and Lanao del Norte

Forecast rainfall may be higher in mountainous and elevated areas. Moreover, impacts in some areas may be worsened by significant antecedent rainfall.

The public disaster risk reduction and management offices concerned are advised to take all necessary measure to protect life and property. PAGASA Regional Services Divisions may issue Heavy Rainfall Warnings/Thunderstorms Advisories, and other severe weather information specific to their areas of responsibility as appropriate.

Unless significant changes occur, the next Weather Advisory will be issued at 5:00 PM today.

𝐅𝐨𝐫 𝐀𝐝𝐝𝐢𝐭𝐢𝐨𝐧𝐚𝐥 𝐈𝐧𝐟𝐨𝐫𝐦𝐚𝐭𝐢𝐨𝐧: The key difference between a 𝐇𝐞𝐚𝐯𝐲 𝐑𝐚𝐢𝐧𝐟𝐚𝐥𝐥 𝐖𝐚𝐫𝐧𝐢𝐧𝐠 and a 𝐖𝐞𝐚𝐭𝐡𝐞𝐫 𝐀𝐝𝐯𝐢𝐬𝐨𝐫𝐲 lies in their forecast period, coverage areas, and accuracy.

A 𝐇𝐞𝐚𝐯𝐲 𝐑𝐚𝐢𝐧𝐟𝐚𝐥𝐥 𝐖𝐚𝐫𝐧𝐢𝐧𝐠 provides forecasts for the next three hours and applies up to the municipal level. It is more precise as it utilizes Doppler radar technology to track real-time rainfall intensity, making it highly effective for immediate decision-making in flood-prone areas. A 𝐖𝐞𝐚𝐭𝐡𝐞𝐫 𝐀𝐝𝐯𝐢𝐬𝐨𝐫𝐲, on the other hand, covers a 24-hour period but is issued only at the provincial level. It provides a broader outlook on potential weather disturbances but lacks the short-term accuracy of 𝐇𝐞𝐚𝐯𝐲 𝐑𝐚𝐢𝐧𝐟𝐚𝐥𝐥 𝐖𝐚𝐫𝐧𝐢𝐧𝐠𝐬. 

For class suspensions or other official decisions, please refer to 𝐇𝐞𝐚𝐯𝐲 𝐑𝐚𝐢𝐧𝐟𝐚𝐥𝐥 𝐖𝐚𝐫𝐧𝐢𝐧𝐠𝐬 issued by the respective PAGASA Regional Services Divisions.",,"2","773","24","125","30","2","956","399","1783478972000","https://www.facebook.com/PAGASA.DOST.GOV.PH/posts/pfbid02Eoz2U4znhaHv5HfrTkxnFGF98YKbxPC8fPDH5iyGMYBcfpw9dKZcehMyBZJscMFRl"
"May be an image of text that says 'Ex-Congressman Kiko Barzaga 2h Bigay nalang natin ang West Philippine Sea sa China, tubig lang naman yan! Ang dami namang tubig dito salamat sa Flood Control ng mga Congressman! #CrocodileFarm'","1453659516810464","photo","https://www.facebook.com/photo/?fbid=1453659516810464&set=a.637666555076435",,,,,,,,,,,,,,,,,"100064992870078","Daily Tribune","https://scontent-iad6-1.xx.fbcdn.net/v/t39.30808-1/481982248_1027766186066468_4662468094189669093_n.jpg?stp=cp0_dst-jpg_tt6&cstp=mx963x963&ctp=s40x40&_nc_cat=1&ccb=1-7&_nc_sid=2d3e12&_nc_ohc=MCpxHOsvefkQ7kNvwHrVB7K&_nc_oc=AdpJKcKagbmilJFFHwuVKkf9oP8u81znBunnLNHaCRbGvsXKfp4mo1ymjbtXCml9UCo&_nc_zt=24&_nc_ht=scontent-iad6-1.xx&_nc_gid=NF0L1AJJzTzMNvlwno9ehA&_nc_ss=7e2a8&oh=00_AQBKVhA2DgpFnfvsmygH0Xp3C1Y44o7msqjANLLxBrD9sg&oe=6A5E61AE","https://www.facebook.com/tribunephl","127","1453660086810407","Former Rep. Kiko Barzaga took a swipe at lawmakers and the country's flooding situation in a social media post, sarcastically saying the Philippines might as well give the West Philippine Sea to China because there is already ""so much water"" due to flood control projects.

#DailyTribune #CrocodileFarm","72","745","101","11","8","1","1","939","45","1783582162000","https://www.facebook.com/tribunephl/posts/pfbid02TaRqKPjrtBBWM2SVoSqXWViSpevTKhEHbCDdhemNLW8raVi396618XiKYF8fpBLml"
"May be an image of text that says 'CHINA DAM COLLAPSES, CROSS-BORDER RAILWAY HALTED AS TYPHOON MAYSAK SLAMS GUANGXI MORNING CUP NEWS'","1306234645012060","photo","https://www.facebook.com/photo/?fbid=1306234645012060&set=a.481011050867761",,,,,,,,,,,,,,,,,"100068766107911","Morning Cup News","https://scontent-iad6-1.xx.fbcdn.net/v/t39.30808-1/593416738_1134544975514362_8214786948238768029_n.jpg?stp=cp0_dst-jpg_tt6&cstp=mx1024x1024&ctp=s40x40&_nc_cat=100&ccb=1-7&_nc_sid=2d3e12&_nc_ohc=kPoohujUS50Q7kNvwE_oIQd&_nc_oc=AdoiReVSdMKf0kJUiMUDhaMOqFxaJaYnHC5DMsOEkMOnzvd_EekrHFHBSeLwsAr9QT8&_nc_zt=24&_nc_ht=scontent-iad6-1.xx&_nc_gid=NF0L1AJJzTzMNvlwno9ehA&_nc_ss=7e2a8&oh=00_AQAqOncfFaC6koCG9zSyPkUD4j17OVHqo7EIV8opKb1t9A&oe=6A5E5600","https://www.facebook.com/morningcupnews","217","1306234701678721","Floodwater breached a reservoir in southern China and threatened others on Monday, as heavy rain pounded the region, forcing hundreds of people to flee to higher ground. 🌧️🏞️ Chinese authorities urged caution and ordered rescue and evacuation operations, with Typhoon Maysak expected to bring more bad weather. ⚠️🌀 Breaches and flooding were spotted at multiple reservoirs in the city of Hengzhou and Binyang county in Guangxi Zhuang autonomous region, according to a statement from Guangxi’s capital, Nanning. 🏙️💧 Local officials said that the main dam at the Hengzhou reservoir suffered a partial collapse, sending a torrent of muddy water downstream and submerging nearby villages. Residents reported hearing loud rumbling as the water rose, prompting a rapid evacuation to emergency shelters set up in schools and community centers. 🚑🏫

In addition to the flooding, the relentless rain disrupted transportation across the border. A key cross‑border railway line linking Guangxi with neighboring Vietnam was halted after tracks were washed out and signaling systems failed. 🚆❌ Railway crews were dispatched to assess the damage and begin repairs, but officials warned that service might remain suspended for several days until conditions improve. 🛠️🕒

Meteorologists warned that Typhoon Maysak, currently moving west‑northwest over the South China Sea, could dump another 200‑300 mm of rain over Guangxi in the next 24 hours, exacerbating the flood risk. 🌦️💨 The provincial emergency management bureau urged residents in low‑lying areas to stay alert, avoid unnecessary travel, and follow instructions from local authorities. 📢👨‍🚒 Rescue teams, including boats, helicopters, and ground crews, have been mobilized to reach stranded individuals and deliver supplies such as food, drinking water, and blankets. 🚤🚁📦

As the situation unfolds, officials continue to monitor reservoir levels closely, reinforcing weak points with sandbags and deploying pumps to divert excess water. 🏗️💦 Community leaders praised the swift response of volunteers and urged the public to remain calm while supporting relief efforts. 🤝❤️ The combined impact of the dam breaches and Typhoon Maysak has highlighted the vulnerability of the region’s infrastructure to extreme weather, prompting calls for stronger flood defenses and better early‑warning systems in the future. 🛡️🌐",,"18","40","5","11","8","9","91","15","1783569123000","https://www.facebook.com/morningcupnews/posts/pfbid0DAD2endhntd2ZQj9UakhrMbv3CwN3bmGQbTJLWniwoDsgiJk1X1uthHcVDQ1UyyCl"
"May be an image of text that says 'Dumalaw ako kay Cong Sec Mike Defensor sa BJMP kanina at doon sila nilagay sa flood control side. Di ko talaga maisip, bakit sila ang nakakulong doon imbis na yung mga ulo ng nag nakaw sa flood control? Ibang klase talagang pamahalaan ito. Yung inosente at nag eexpose kinukulong, tapos yung nag nakaw ang prinoprotektahan. Like Comment Share Dare To Ask + 12.8K 773 shares Most relevant Clo Tilde 1h· by Author ""You will never find justice in a world where criminals make the rules"" -Bob Marley Reply 149'","1564264401728954","photo","https://www.facebook.com/photo/?fbid=1564264401728954&set=a.201452728010135",,,,,,,,,,,,,,,,,"100044362272617","Richard Poon","https://scontent-iad6-1.xx.fbcdn.net/v/t39.30808-1/490629583_1209873467168051_595610569758243010_n.jpg?stp=cp0_dst-jpg_tt6&cstp=mx2048x2048&ctp=s40x40&_nc_cat=1&ccb=1-7&_nc_sid=2d3e12&_nc_ohc=0cVR_ALyKucQ7kNvwGneeIB&_nc_oc=AdoHMnr1yfHKxLz_LdtXCgWDp57MHILHzxQfOfy7LayEhH_E-NJ-sHmSKRjUr_32L24&_nc_zt=24&_nc_ht=scontent-iad6-1.xx&_nc_gid=NF0L1AJJzTzMNvlwno9ehA&_nc_ss=7e2a8&oh=00_AQDASDsiqTi3k0CpVgULBw-qedWvUezmRKBt31toHU-FUg&oe=6A5E5C68","https://www.facebook.com/richardpoonph","23","1564264788395582","“Duon sila nilagay sa Flood-Control side…”

✳️ https://m.facebook.com/story.php?story_fbid=1559234155561035&id=100044233969039","56","1","177","5","133","4","1","377","16","1783604314000","https://www.facebook.com/richardpoonph/posts/pfbid0ZFv7Gq2yNGk45viHWD96ozMqUUH9qJYQpLsdWiZ8FpHw8wgKfFPKeL6i1orw3G5Cl"
"May be an image of text","1515206103967830","photo","https://www.facebook.com/photo.php?fbid=1515206103967830&set=a.467276622094122&type=3","May be an image of text that says 'HABANG LUBOG NA SA BAHA ANG PINKS AT LOYALISTS DAHIL SA FLOOD CONTROL CORRUPTION, IMPEACH SARA PA RIN ANG SININISIGAW AT NASA PLAKARD FLOOD FLOODCONTROL CONTROL PROJECT MPEACЙ SARA! IMPEACH SARA! CH SARA! DINK WAWALA'","1514615477360226","photo","https://www.facebook.com/photo.php?fbid=1514615477360226&set=a.467276622094122&type=3","No photo description available.","1511843247637449","photo","https://www.facebook.com/photo.php?fbid=1511843247637449&set=a.467276622094122&type=3",,,,,,,,,"100064353652589","Joey De Leon Astillero","https://scontent-iad6-1.xx.fbcdn.net/v/t39.30808-1/549426030_1251697396985370_8874128582620882617_n.jpg?stp=cp0_dst-jpg_tt6&cstp=mx1024x1024&ctp=s40x40&_nc_cat=106&ccb=1-7&_nc_sid=2d3e12&_nc_ohc=4qYDIVSu6eoQ7kNvwFpFwk5&_nc_oc=AdopvkN3k4tDKt6tbSbYI9ogkUq-soPU8zVaZMsks3M2FFIzsCvFLPLQXgKOjMicz80&_nc_zt=24&_nc_ht=scontent-iad6-1.xx&_nc_gid=NF0L1AJJzTzMNvlwno9ehA&_nc_ss=7e2a8&oh=00_AQCqoouApqsCzxHfwmvqy1odULJTLUVTQlqoZhVqkJgIVw&oe=6A5E40F3","https://www.facebook.com/profile.php?id=100064353652589","21","1511843364304104","GALIT KAYO SA INC ❤️🤍💚

Galit kayo kasi natatrapik kayo
Galit kayo kasi hindi kayo makapasok sa trabaho o paaralan dahil sa rally

Ang totoo...
Ang INC ngayon ang pumuno sa Edsa dahil hindi nyo nagawa kaya galit kayo

Ang INC ay natatrapik din kapag may rally kayo pero hindi ngumangawngaw ang mga kapatiran

Ang INC umabsent din sa trabaho para manindigan sa panig ng mga Pilipino

Ang INC ay sumisigaw para sa mga biktima ng baha dahil sa ninakaw na pondo ng flood control ng mga kawatan sa gobyerno, bakit hindi nyo ba kayang tumayo at tumindig katulad ng Iglesia

Kapag may baha, puro 'sad react' lang ang kaya nyong gawin sa social media at may kasama pang 'pray for ____"" pero hindi nyo maipakita ang tunay na pagdamay nyo sa mga kababayan natin biktima ng rumaragasang tubig dahil sa substandard at ghost flood control project

 Konting trapik reklamo na kayo eh INC nga ang muling lumabas para papanagutin ang mga magnanakaw ng pondo Anong tawag sa inyo

Galit kayo Eh katarungan para sa mga Pilipino ang nakataya dito

Anong pinaghuhugutan ng galit nyo Kasi nga INC ang gumawa ng pagkilos kahit nasa minority at kayo sa sobrang dami niyo wala kayong maiparinig na boses ng pagtutol kontra sa mga tiwali, baka nga kakampi nyo pa sila eh...kaya galit kayo...
#WeAreOne #fypviralシ #flood #cctto",,"13","36","7","5","1","1","63","6","1783570192000","https://www.facebook.com/permalink.php?story_fbid=pfbid02UvBkSTUJ3awou3Gu23vYGsxzy8uergcAamSHJiuvzSeF4VRnnwvDZ11ZYRwjxDPUl&id=100064353652589"
"May be an image of crocodile and text that says '"" Bigay nalang natin ang West Philippine Sea sa China, tubig lang naman yan! Ang dami namang tubig dito salamat sa Flood Control ng mga Congressman! #CrocodileFarm Ex-Cong. Ex- Kiko Barzaga Ex Congressman of the 4+ District of Cavite'","1621878879299551","photo","https://www.facebook.com/photo/?fbid=1621878879299551&set=a.441504170670367",,,,,,,,,,,,,,,,,"100044323635300","Kiko Barzaga","https://scontent-iad6-1.xx.fbcdn.net/v/t39.30808-1/485607581_1241470330673743_8952396858368982317_n.jpg?stp=c165.0.1707.1707a_cp0_dst-jpg_tt6&cstp=mx1707x1707&ctp=s40x40&_nc_cat=1&ccb=1-7&_nc_sid=2d3e12&_nc_ohc=TXY46MfluokQ7kNvwFL0gvL&_nc_oc=AdpnB796DtM5Jo6GXqFWODX26aX9kCWOQbyFtqf-tp2rJAozt9-Pkxqi8IsNPCFxcyU&_nc_zt=24&_nc_ht=scontent-iad6-1.xx&_nc_gid=NF0L1AJJzTzMNvlwno9ehA&_nc_ss=7e2a8&oh=00_AQBkTvTg5xVz4xgVa7Ez-NvrLAkF_aBdCEIIlcmimx7Itg&oe=6A5E579E","https://www.facebook.com/KikoBarzagaOfficial","145","1621879145966191","Ex-Congressman Barzaga’s Statement on Flood Control","17","17840","1498","76","13","16","10","19470","498","1783583343000","https://www.facebook.com/KikoBarzagaOfficial/posts/pfbid02azPVz4VU346h79M1WK8LxjMBshD1Bba4Kbf9WPcjURhekSJv58p1HT3555ugnt2Wl"
"May be an image of text that says 'GMA NEWS ONLINE NEWS Filtered by: Topstories Nobody can stop me from investigating flood control scam -Andaya Published January 10, 2019 10:37pm Add GMA on Google House Majority Leader Rolando Andaya on Thursday said no one could stop him from uncovering the anomalies in the so-called flood control scam and the other anomalous practices of Budget Secretary Benjamin Diokno.'","1564283508393710","photo","https://www.facebook.com/photo/?fbid=1564283508393710&set=a.201452728010135",,,,,,,,,,,,,,,,,"100044362272617","Richard Poon","https://scontent-iad6-1.xx.fbcdn.net/v/t39.30808-1/490629583_1209873467168051_595610569758243010_n.jpg?stp=cp0_dst-jpg_tt6&cstp=mx2048x2048&ctp=s40x40&_nc_cat=1&ccb=1-7&_nc_sid=2d3e12&_nc_ohc=0cVR_ALyKucQ7kNvwGneeIB&_nc_oc=AdoHMnr1yfHKxLz_LdtXCgWDp57MHILHzxQfOfy7LayEhH_E-NJ-sHmSKRjUr_32L24&_nc_zt=24&_nc_ht=scontent-iad6-1.xx&_nc_gid=NF0L1AJJzTzMNvlwno9ehA&_nc_ss=7e2a8&oh=00_AQDASDsiqTi3k0CpVgULBw-qedWvUezmRKBt31toHU-FUg&oe=6A5E5C68","https://www.facebook.com/richardpoonph","45","1564283938393667","ANDAYA UNCOVERING FLOOD CONTROL SCAMS
UNDER BUDGET SECRETARY BENJAMIN DIOKNO

——————————————————————————

(January 2019)

House Majority Leader Rolando Andaya on Thursday said no one could stop him from uncovering the anomalies in the so-called flood control scam and the other anomalous practices of Budget Secretary Benjamin Diokno.

""Nobody can stop me from pursuing the investigation on the flood control scam and other anomalous budget practices under Secretary Diokno. I will unmask his conspirators, in and out of Congress,"" he added.

It was Andaya who initiated the probe on the supposed budget anomalies in the 2019 as well as the the allegedly questionable insertions of the Department of Budget and Management (DBM) in this year's appropriations.

Andaya alleged that Diokno has a hand in these alleged anomalous transactions of the supposed favored contractor CT Leoncio Construction and Trading in Sorsogon, and has repeatedly mentioned that there are other Cabinet officials who are part of this scheme in the Bicol region.

——

But during the House Committee on Rules hearing in Naga City last week, Andaya claimed that CT Leoncio Construction and Trading was only a front contractor, and that the firm of Diokno's in-laws, Aremar Construction Corp., is the one that bags contracts from the winning bidders.

Apart from this, Andaya also alleged 
that the DBM also inserted P385-million worth of projects 
supposedly for flood control in Casiguran, Sorsogon, 
which he believes is where the ""parked funds"" 
to be used for the 2019 elections are hidden. 
—Erwin Colcol/NB, GMA News

✳️ https://www.gmanetwork.com/news/topstories/nation/681019/nobody-can-stop-me-from-investigating-flood-control-scam-andaya/story/","1","67","106","3","2","1","2","182","5","1783605956000","https://www.facebook.com/richardpoonph/posts/pfbid026do1mKaTZCZGeDkLtre42BDwTqpPZryjbfC7mDxDDrJDvmYVMab9VkBBd8q7DGBgl"
,,,,,,,,,,,,,,,,,,,,"100044233969039","Greco Belgica","https://scontent-iad6-1.xx.fbcdn.net/v/t39.30808-1/615495910_1414878793329906_1263543010659750752_n.jpg?stp=cp0_dst-jpg_tt6&cstp=mx880x878&ctp=s40x40&_nc_cat=1&ccb=1-7&_nc_sid=2d3e12&_nc_ohc=MSvYic1gQooQ7kNvwEGTJHD&_nc_oc=AdphSrzPABmSAWV-aykQ0FjZKmqqc7ovQRYjR60mWtAZOhKcJ6vRR6_VHbgfCiphBTM&_nc_zt=24&_nc_ht=scontent-iad6-1.xx&_nc_gid=4ZiSEeTLrtrUHLARbxCU7w&_nc_ss=7e2a8&oh=00_AQCwuz-Ryph17G9KY9lpEUFaG_oopMIBGzgCogbtjE5WUA&oe=6A5E5A30","https://www.facebook.com/GrecoBelgicaOfficial","3113","1559234155561035","Dumalaw ako kay Cong Sec Mike Defensor sa BJMP kanina at doon sila nilagay sa flood control side. Di ko talaga maisip, bakit sila ang nakakulong doon imbis na yung mga ulo ng nag nakaw sa flood control? Ibang klase talagang pamahalaan ito. Yung inosente at nag eexpose kinukulong, tapos yung nag nakaw ang prinoprotektahan.","5592","756","15118","282","16443","567","113","38871","3281","1783598212000","https://www.facebook.com/GrecoBelgicaOfficial/posts/pfbid02Q9ZFo6jAUxpPyYKANSsuDXkxk5d9p4NQc4Kr4xacjw7V2y8eJJ1dGYm6byoVUF5Nl"
,"1385119986815616","video",,,,,,,,,,,,,,,,,,"100068612142206","MMDA","https://scontent-iad6-1.xx.fbcdn.net/v/t39.30808-1/242803846_162321929398211_6744508622629887688_n.jpg?stp=cp0_dst-jpg_tt6&cstp=mx604x604&ctp=s40x40&_nc_cat=1&ccb=1-7&_nc_sid=2d3e12&_nc_ohc=-GxMrIa-rlcQ7kNvwFrbKC1&_nc_oc=Adqu2bM5eST1K-wGWTEJsLuOxT9swlYW4X9LxRkZfit0BjkS1SbargfE3b9JZZT9LD4&_nc_zt=24&_nc_ht=scontent-iad6-1.xx&_nc_gid=4ZiSEeTLrtrUHLARbxCU7w&_nc_ss=7e2a8&oh=00_AQCSZv6sa3bltdy_95vdiec5-aE_za3-k6W1TVgfGGqhKA&oe=6A5E3492","https://www.facebook.com/MMDAPH","42","1330416345922091","Walang humpay ang MMDA Flood Control Team, katuwang ang DOLE-TUPAD beneficiaries, sa declogging operations upang masiguro ang mabilis na daloy ng tubig-ulan sa Metro Manila.

Kabilang sa lugar na naserbisyuhan ang mga sumusunod:
-:San Andres, Manila (Pasig Line - Pedro Gil hanggang Agusto Francisco)
- Ermita, Manila (Padre Burgos Ave. - Roundtable hanggang Roxas Blvd.)
- Sampaloc, Manila (España Blvd. corner Antipolo St.)
- San Miguel, Manila 
- (Gov. Pascual Ave., Brgy. Tinajeros, Malabon City 

Sa kabuuan, daan-daang metro ng drainage ang muling napadaloy nang maayos upang maiwasan ang pagbaha.
Tandaan: Ang kalinisan ng  mga drainage ay responsibilidad nating lahat. Iwasan ang pagtatapon ng basura sa kalsada.
#mmda #mmdaatyourservice #floodcontroloperations",,,"295","202",,"195",,"692","5","1783606579000","https://www.facebook.com/reel/1385119986815616/"
"May be an image of text","1000674919608048","photo","https://www.facebook.com/photo/?fbid=1000674919608048&set=a.403817262627153",,,,,,,,,,,,,,,,,"100089966465849","Antique News Update Today","https://scontent-iad3-1.xx.fbcdn.net/v/t39.30808-1/472795069_563657466643131_4549795073468662638_n.jpg?stp=cp0_dst-jpg_tt6&cstp=mx2048x2048&ctp=s40x40&_nc_cat=108&ccb=1-7&_nc_sid=2d3e12&_nc_ohc=0A0aKKK7YpYQ7kNvwG9rmtJ&_nc_oc=Adq51iPYbdzwiCyptPnCcgrtz0hO4Jml92a8xXuqKmEYJRq4NbJrtLbTDX05fGMARoI&_nc_zt=24&_nc_ht=scontent-iad3-1.xx&_nc_gid=4ZiSEeTLrtrUHLARbxCU7w&_nc_ss=7e2a8&oh=00_AQCW8GFZ6W3F9MGYxr64f6mV_pZtqQc1ToqYTB631AmyvQ&oe=6A5E349B","https://www.facebook.com/AntiqueNewsUpdateToday","74","1000674932941380","Habang patuloy na nagiging sentro ng atensyon ng publiko ang  impeachment trial ni Vice President Sara Duterte, nanawagan si Batangas 1st District Rep. Leandro Legarda Leviste na huwag malihis ang pansin sa isyu ng umano’y katiwalian sa flood control projects. Ayon kay Leviste, mas tututok ang media sa impeachment proceedings, ngunit hindi aniya dapat makalimutan ang patuloy na panawagan para sa pananagutan sa isyu ng flood control.

Kilala si Leviste sa pagsusulong ng mga hakbang laban sa katiwalian at sa panawagang palalimin ang imbestigasyon sa mga umano’y anomalya sa mga flood control project. Binigyang-diin niya na mahalagang maipagpatuloy ang pagtutok sa usapin upang matiyak ang transparency, accountability, at wastong paggamit ng pondo ng bayan.","1","47","351","16","2","12","1","430","23","1783551607000","https://www.facebook.com/AntiqueNewsUpdateToday/posts/pfbid02PqKSsFgoSsmt6wvmRfubeeFk7YXxaypJ3GhLth17VMxnYP5SWqYrKBTrceisozBSl"
,,,,,,,,,,,,,,,,,,,,"100057306105874","Marikina City Today","https://scontent-iad6-1.xx.fbcdn.net/v/t39.30808-1/710404053_1508459811074208_5999169352986864630_n.jpg?stp=cp0_dst-jpg_tt6&cstp=mx1254x1254&ctp=s40x40&_nc_cat=1&ccb=1-7&_nc_sid=2d3e12&_nc_ohc=JU1FcEYpBE0Q7kNvwEIk94I&_nc_oc=AdoSOXe5NuIKTFpWITpEi6-tMFfMJycNqB8dXE8RnDQWFiiqG8V-wdiMQvaxF8xNrOw&_nc_zt=24&_nc_ht=scontent-iad6-1.xx&_nc_gid=4ZiSEeTLrtrUHLARbxCU7w&_nc_ss=7e2a8&oh=00_AQCynyC_F0KtWV6UvhTWoRa8aTl3klscDA-aJXHXY4BFNA&oe=6A5E44BB","https://www.facebook.com/MarikinaCityToday","116","1634012658080930","ROQUE, SINISI SI PBBM SA FLOOD CONTROL SCANDAL

Sinisi ni Atty. Harry Roque si Pangulong Ferdinand Marcos Jr. sa umano'y flood control scandal kasunod ng ikatlong araw ng impeachment trial ni Vice President Sara Duterte.

Sa kanyang pahayag, sinabi ni Roque:

""Matapos ang ikatlong araw ng impeachment, alam pa rin na taong bayan na si Marcos Jr ang mastermind ng flood control scam!""

https://www.facebook.com/share/18hjZ9H5Fy/?mibextid=wwXIfr","3","48","403","32",,"4",,"490","27","1783574461000","https://www.facebook.com/HarryRoque/posts/pfbid0hbcF9gPtxJawrHtQEQuFMJnWWmnYdAm375g9ubn5iFwdoFb113tYYSceKgmhLoQ6l"
"May be an image of street and road","1452349873608095","photo","https://www.facebook.com/photo.php?fbid=1452349873608095&set=a.637666555076435&type=3","May be an image of crowd","1452349896941426","photo","https://www.facebook.com/photo.php?fbid=1452349896941426&set=a.637666555076435&type=3","May be an image of text that says 'SMCITY LA SMCITYLAUNION UNION SH SIUI M1 RAINWATERCATCHMENTBASIN RAINWATER CΗME BASIN'","1452349860274763","photo","https://www.facebook.com/photo.php?fbid=1452349860274763&set=a.637666555076435&type=3","No photo description available.","1452349956941420","photo","https://www.facebook.com/photo.php?fbid=1452349956941420&set=a.637666555076435&type=3","May be an image of floor plan, map, blueprint and text that says 'WATER ROOFGUTTER FROM ROOF GUTTER CATCH CATCHBASIN BASIN OUTLET OUTLET OUT ET TRIPLE TRIPLEXSUBMERSIBLE SUBMERSIBLE NON-CLOGSUMPPUMPS NON-CLOG SUMP PUMPS CAP: 30 OH HP EACH JRP DESIGN. JRPDESIGN.INC. INC'","1452349970274752","photo","https://www.facebook.com/photo.php?fbid=1452349970274752&set=a.637666555076435&type=3","100064992870078","Daily Tribune","https://scontent-iad6-1.xx.fbcdn.net/v/t39.30808-1/481982248_1027766186066468_4662468094189669093_n.jpg?stp=cp0_dst-jpg_tt6&cstp=mx963x963&ctp=s40x40&_nc_cat=1&ccb=1-7&_nc_sid=2d3e12&_nc_ohc=MCpxHOsvefkQ7kNvwHrVB7K&_nc_oc=AdpJKcKagbmilJFFHwuVKkf9oP8u81znBunnLNHaCRbGvsXKfp4mo1ymjbtXCml9UCo&_nc_zt=24&_nc_ht=scontent-iad6-1.xx&_nc_gid=4ZiSEeTLrtrUHLARbxCU7w&_nc_ss=7e2a8&oh=00_AQDsQfYFpxdf_Yhm28ETUozj6soUhO-UZ-G33oJmWV-wOA&oe=6A5E61AE","https://www.facebook.com/tribunephl","1","1452350150274734","BUILT TO WITHSTAND

SM Supermalls continues to strengthen disaster resilience with flood-mitigation features such as rainwater catchment systems, elevated mall structures, and seawalls designed to protect communities, tenants, and mallgoers during extreme weather.

#DailyTribune #SMSupermalls","1","1","116","33",,"1","5","157","43","1783482799000","https://www.facebook.com/tribunephl/posts/pfbid0EAJnsNWhqoFU3fwuc1dviZKeNUyX1hh4hXHJNhQEEnfLtjKam6apeKQSvY4yUJK8l"
,,,,,,,,,,,,,,,,,,,,"61563660098248","Leandro Legarda Leviste","https://scontent-iad6-1.xx.fbcdn.net/v/t39.30808-1/581341390_122190324230455336_5611286189143933229_n.jpg?stp=c0.31.1536.1536a_cp0_dst-jpg_tt6&cstp=mx1536x1536&ctp=s40x40&_nc_cat=1&ccb=1-7&_nc_sid=2d3e12&_nc_ohc=lRrPj_zpsTUQ7kNvwEFbhoD&_nc_oc=Adr-6YAz9HC_ldn_kuh0bOjVRF6TvghqYzHoYC4nn3iKwEIG_jmY1Tm2MRDr9xajg1g&_nc_zt=24&_nc_ht=scontent-iad6-1.xx&_nc_gid=4ZiSEeTLrtrUHLARbxCU7w&_nc_ss=7e2a8&oh=00_AQA4nZVKUvvWhfDix_JIr1e9EUOZ56jBHQHUR6fFNpcZvQ&oe=6A5E516E","https://www.facebook.com/lingkodlegardaleviste","1193","122218988486455336","Hindi Kongreso ang pumili ng ₱153B DPWH projects na pinondohan ng PhilHealth at PDIC noong 2024 — ang DPWH ang pumili, at karamihan ay flood control.

Si dating Sec. Manuel Bonoan ang makakasagot bakit inilaan ang pondo ng PhilHealth at PDIC sa flood control, at kung paano pinili ang mga proyekto at contractor.","3263","12017","16667","318","3588","101","322","36276","3534","1783570746000","https://www.facebook.com/lingkodlegardaleviste/posts/pfbid0i4oS2uggHCxE7WRKjRnL25VhnL1eokSxhowKZq5asgLaEHRkex4WKsnCnQgAAzRol"
,"1216227988242062","video",,,,,,,,,,,,,,,,,,"100046714071300","Munting Kaalaman","https://scontent-iad6-1.xx.fbcdn.net/v/t39.30808-1/346868544_3581092328827000_2025666355877866694_n.jpg?stp=c0.125.960.960a_cp0_dst-jpg_tt6&cstp=mx960x960&ctp=s40x40&_nc_cat=1&ccb=1-7&_nc_sid=2d3e12&_nc_ohc=ulQvlmjb-J8Q7kNvwGf3F-y&_nc_oc=AdoK-b8zqBoxAH9HhQS_rE3mTd2lQ-rL4N5zwX124aD7xBo1_ZZKQtTZePV7DeYjRE4&_nc_zt=24&_nc_ht=scontent-iad6-1.xx&_nc_gid=bmLmEVNPgXxRl_NdlYv_2Q&_nc_ss=7e2a8&oh=00_AQBaqJ0-yQvVK6o5qjkYGqxNQSRGgAncz7ACKcHdgB3WMg&oe=6A5E32F6","https://www.facebook.com/muntingkaalamanfb","3320","1575111000722687","Si Sen Marcoelta unang naka diskubre ng Flood Isyu! ayon nga sa saganang mamamayan sinabi doon pinakita pa ni Sen marcoleta yung mga halaga kung magkano ang nawala!  kaya totoo kung bakit si dante nakulong dahil ayaw malaman ng bigfish ang totoo","18","2354","812","76","5","12","6","3283","135","1783477632000","https://www.facebook.com/reel/1216227988242062/"
,"3868579823281122","video",,,,,,,,,,,,,,,,,,"100064062521258","Amazing Fish","https://scontent-iad3-2.xx.fbcdn.net/v/t39.30808-1/740271932_1524456846366385_3121511054574064057_n.jpg?stp=cp0_dst-jpg_tt6&cstp=mx566x566&ctp=s40x40&_nc_cat=103&ccb=1-7&_nc_sid=2d3e12&_nc_ohc=WZZEC8Tx8N4Q7kNvwHaCyuH&_nc_oc=AdqvRMDPpo5F7Q-I1hAbj1VluQImMmj2-av5R8ElILs7x_OAeczkV-EhsCqM98wBuSo&_nc_zt=24&_nc_ht=scontent-iad3-2.xx&_nc_gid=bmLmEVNPgXxRl_NdlYv_2Q&_nc_ss=7e2a8&oh=00_AQCt9EzZkyqMq9RPVokWmXvkKwec_QOTyb3dJngIKPzOcA&oe=6A5E600C","https://www.facebook.com/bujawero","269","1527254989419904","Tonsuya Cor. Kadima, Malabon City lumubog nanaman sa baha #MalabonCity #flood","10","145","164","5","79","6","6","415","123","1783517432000","https://www.facebook.com/reel/3868579823281122/"
,,,,,,,,,,,,,,,,,,,,"100064068072476","PhilSTAR Life","https://scontent-iad6-1.xx.fbcdn.net/v/t39.30808-1/356932880_666909242121339_9044242425778769298_n.jpg?stp=cp0_dst-jpg_tt6&cstp=mx960x959&ctp=s40x40&_nc_cat=1&ccb=1-7&_nc_sid=2d3e12&_nc_ohc=hcWeQ5GoRncQ7kNvwEitWbh&_nc_oc=AdpdWfo6Chv821PmzXjIuAxa8MbzBhumXTDDlymxgB4o89lDpL0UrbrY6w6kn_cwsP8&_nc_zt=24&_nc_ht=scontent-iad6-1.xx&_nc_gid=bmLmEVNPgXxRl_NdlYv_2Q&_nc_ss=7e2a8&oh=00_AQAvhXF7L3FzDNBcuynMt0iZNUDEF6veUIHoBsLsj1IF9A&oe=6A5E3538","https://www.facebook.com/philstarlife","253","1549133303917210","","522","485","145","5","21","2","28","1208","76","1783562667000","https://www.facebook.com/PhilippineSTAR/posts/pfbid0tsffLDs384Dw8a9Z8Mm9pk7JtsVpVfbKdWYB763eAJMXQ2UQZq6TLgfmgabDhQZ5l"
"No photo description available.","1875135853446989","photo","https://www.facebook.com/photo.php?fbid=1875135853446989&set=gm.2590632328080218&type=3","No photo description available.","1875135886780319","photo","https://www.facebook.com/photo.php?fbid=1875135886780319&set=gm.2590632304746887&type=3","May be an image of text that says 'Corner Lot/ / End Lot'","1875135936780314","photo","https://www.facebook.com/photo.php?fbid=1875135936780314&set=gm.2590632308080220&type=3","May be an image of grass, tree and road","1875135963446978","photo","https://www.facebook.com/photo.php?fbid=1875135963446978&set=gm.2590632311413553&type=3","No photo description available.","1875136013446973","photo","https://www.facebook.com/photo.php?fbid=1875136013446973&set=gm.2590632294746888&type=3","100028517777010","Jhun Pagtakhan","https://scontent-iad3-2.xx.fbcdn.net/v/t39.30808-1/590943876_1694224928204750_2025089121706309117_n.jpg?stp=cp0_dst-jpg_tt6&cstp=mx1080x1082&ctp=s24x24&_nc_cat=105&ccb=1-7&_nc_sid=e99d92&_nc_ohc=_6InGz5dazsQ7kNvwEKZJiR&_nc_oc=Adqxq8deO0HzrnuRjkyFOiXrseG4zvZzSs6FqpcRaeAXsAttuyDKLImsGGS6j4RxIKs&_nc_zt=24&_nc_ht=scontent-iad3-2.xx&_nc_gid=bmLmEVNPgXxRl_NdlYv_2Q&_nc_ss=7e2a8&oh=00_AQChHN0uVPcToeDY9wpVA1o2aTx8tMzhlXnPF7GjMDlMMw&oe=6A5E4635","https://www.facebook.com/jhun.pagtakhan.9","107","2590632288080222","",,,"60","9",,,,"69","3","1783551703000","https://www.facebook.com/groups/269198333556974/permalink/2590632288080222/"
"May be a doodle of map and text","1032584053085857","photo","https://www.facebook.com/photo.php?fbid=1032584053085857&set=a.117773884566883&type=3","May be a graphic of map and text","1032584049752524","photo","https://www.facebook.com/photo.php?fbid=1032584049752524&set=a.117773884566883&type=3",,,,,,,,,,,,,"100090028150381","PAGASA-National Capital Region PRSD","https://scontent-iad3-1.xx.fbcdn.net/v/t39.30808-1/327447841_600469368148357_1261002846227433584_n.jpg?stp=cp0_dst-jpg_tt6&cstp=mx1000x1000&ctp=s40x40&_nc_cat=101&ccb=1-7&_nc_sid=2d3e12&_nc_ohc=URrMSuFXOD4Q7kNvwHR5BNd&_nc_oc=Adqh5kbNdOURPMGloaF9j709gdG8P8bKYmq-BwwuKhTbcEe04IbKzkEqkPltXVb4h_0&_nc_zt=24&_nc_ht=scontent-iad3-1.xx&_nc_gid=bmLmEVNPgXxRl_NdlYv_2Q&_nc_ss=7e2a8&oh=00_AQDjE7xhpOzv78SeoicLd1U9zKdvYlyiXfp_lcGEQnFf8w&oe=6A5E4CDC","https://www.facebook.com/NCR.PAGASA","1","1032584066419189","IMPACT-BASED WARNING NO. 4 (Heavy Rainfall / Flood Event)
Issued at: 03:00PM, 09 July 2026
Weather System: Enhanced Southwest Monsoon by Tropical Cyclone “INDAY”
Warning date of “high impact” weather: July 09 - 12, 2026 (Thursday to Sunday)

As local impacts may vary from location to location, the public and local authorities are advised to take all necessary measures to mitigate the impacts of heavy rainfall and flood in your respective localities.

Risk statement: SIGNIFICANT impacts are expected over Metro Manila
Expected Impacts:
• Several health facilities may be damaged.
• Serious injuries and danger to life may be expected.
• Several houses and buildings, mostly makeshift or made of unreinforced light materials, may sustain slight to moderate damage.
• Several consumer connections may experience electric power interruptions.
• Water services may be interrupted in several areas
• Several disruptions in road, rail, sea, and air transportation may be expected, with many passengers stranded. Longer travel times.

What to do?
• Stay indoors and stay tuned for the latest news and weather updates.
• DO NOT touch electrical equipment if you are wet or standing in floodwater.
• DO NOT go swimming or boating in swollen rivers.
• DO NOT cross streams when the water level is already above the knee. 
• DO NOT walk or drive through flooded areas.
• Leave the evacuation area only when authorities say it is safe to return home.
• Report fallen trees and electric posts to proper authorities.
• Check for wet or submerged electrical outlets and appliances before turning on the electricity. 
• Check your house for possible damage and repair as necessary.
• Make sure that the food and water for drinking are not contaminated by flood water.
• Throw away rainwater in cans, pots and tires to prevent breeding of mosquitoes.

______________________________________________________________________

Risk statement: MINOR impacts are expected over Metro Manila
Expected Impacts:
• A few of the health facilities may be damaged.
• Minor injuries and danger to life may be expected.
• A few houses and buildings, mostly makeshift or made of unreinforced light materials, may sustain slight to moderate damage.
• Few consumer connections may experience electric power interruptions.
• Water services may be interrupted in some areas
• Some disruptions in road, rail, sea, and air transportation may be expected, with a few passengers stranded. Some journeys may take longer than usual.

What to do?
• Stay indoors and stay tuned for the latest news and weather updates.
• DO NOT touch electrical equipment if you are wet or standing in floodwater.
• DO NOT go swimming or boating in swollen rivers.
• DO NOT cross streams when the water level is already above the knee. 
• DO NOT walk or drive through flooded areas.
• Leave the evacuation area only when authorities say it is safe to return home.
• Report fallen trees and electric posts to proper authorities.
• Check for wet or submerged electrical outlets and appliances before turning on electricity. 
• Check your house for possible damage and repair as necessary.
• Make sure that the food and water for drinking are not contaminated by flood water.
• Throw away rainwater in cans, pots and tires to prevent breeding of mosquitoes.",,,"93","10","19","3","2","127","83","1783580412000","https://www.facebook.com/NCR.PAGASA/posts/pfbid0J67uQ8taRVzSruj22z7uyAc1qxjkX11irjf2JucvoZeTw8bi2hx87qZ48m5V3QtTl"
"May be an image of text","122218830008455336","photo","https://www.facebook.com/photo.php?fbid=122218830008455336&set=a.122107109576455336&type=3","May be an image of ticket stub and text that says '2023 Republic t(R.A.)1 ppropriation PROGRAMS/ ANNEXA PROJECTS Maintenance- Tertlary AMOUNT Operating Unit/ 100,000 <0124 K0124 Office 136,629 30,000 Central Cffices Pinagrlanılayan 766, XIII CrTioe/ Quezan Rehabilitation/ IV-A 60,000 ั Manila- Jose, Batanga5 Rehabiltatiar! Upgracing 0,000 60,000 Central Damaged Paved Roads Secondary Batangas Office 180,000 Batangas Rosano Ofice Road, Batangas Rehabilitatiand Upgrading Region IV-A 60,000 Batangas Engineering Office Juan-Laiya Batangas Carstructian/ Upgrading/ Rehablitation 60,000 Drainage Batangas Raads- Primary Drainage DrVaD 100,000 Surigao DEvao Capital 100,000 Central Oricel Davao Distnct Engineeing 503976LZ), KOO1 (-541) K0U21 Rehabiitation, Reconstruction O0O, District1 with Region 10,000 10,000 Central Oncep Slope Calapse, Landslide- Manila ONice 500,000'","122218829996455336","photo","https://www.facebook.com/photo.php?fbid=122218829996455336&set=a.122107109576455336&type=3","May be an image of text that says '2023 General Appropriations Republic Appropriation (UA) Bambang PROGRAMS/ ACTIVITIES PROJECTS ANNEXA K0320+1 K0320+200 AMOUNT Implementing 10n,non officel Engincering K0326+850 Rd- K0327+150 100,000 Roads Cfficel Road Batasan Offioe Mateo- Rodriguez 650,000 Road- nyαης fBypass Taclaban Offioci Rizal Roads Bypass iversioni Raeds Tadoban Coastal Tacloban 150,000 Central Diversian Roads Intersection, ladoban Eridge Retrofitting! Regianal Road Central Regional Permanent Bridges 256,640 Bridges- Retrafitting/ Strengthering along Bridges- Carig Retrofitting/ District (804777LZ) alang ngneering Permanent Bridges- Cang Br, (B01915LZ) along Cagayan 5,000 Central an 3rd along Strengthering of Permanent Libag Retrafitting/ Strengthening Bridges- Malabbac B01917LZ) Bridges Pangul 11,640 Cental (B01931LZ) along 30,000 ortice'","122218830050455336","photo","https://www.facebook.com/photo.php?fbid=122218830050455336&set=a.122107109576455336&type=3","May be an image of text","122218830254455336","photo","https://www.facebook.com/photo.php?fbid=122218830254455336&set=a.122107109576455336&type=3","May be an image of map, blueprint and text","122218830278455336","photo","https://www.facebook.com/photo.php?fbid=122218830278455336&set=a.122107109576455336&type=3","61563660098248","Leandro Legarda Leviste","https://scontent-iad6-1.xx.fbcdn.net/v/t39.30808-1/581341390_122190324230455336_5611286189143933229_n.jpg?stp=c0.31.1536.1536a_cp0_dst-jpg_tt6&cstp=mx1536x1536&ctp=s40x40&_nc_cat=1&ccb=1-7&_nc_sid=2d3e12&_nc_ohc=lRrPj_zpsTUQ7kNvwEFbhoD&_nc_oc=Adr-6YAz9HC_ldn_kuh0bOjVRF6TvghqYzHoYC4nn3iKwEIG_jmY1Tm2MRDr9xajg1g&_nc_zt=24&_nc_ht=scontent-iad6-1.xx&_nc_gid=bmLmEVNPgXxRl_NdlYv_2Q&_nc_ss=7e2a8&oh=00_AQCiYL5R_5i3OHfIzxYPhcUiHcnCtwK2mmLyttXtqEiYwQ&oe=6A5E516E","https://www.facebook.com/lingkodlegardaleviste","906","122218836398455336","𝐍𝐚𝐫𝐢𝐭𝐨 𝐚𝐧𝐠 “𝐫𝐞𝐬𝐢𝐛𝐨” 𝐧𝐠 ₱𝟔𝟎𝐁 𝐃𝐏𝐖𝐇 𝐩𝐫𝐨𝐣𝐞𝐜𝐭𝐬 𝐧𝐨𝐨𝐧𝐠 𝟐𝟎𝟐𝟑 𝐧𝐚 𝐩𝐢𝐧𝐨𝐧𝐝𝐨𝐡𝐚𝐧 𝐦𝐮𝐥𝐚 𝐬𝐚 𝐔𝐧𝐩𝐫𝐨𝐠𝐫𝐚𝐦𝐦𝐞𝐝 𝐀𝐩𝐩𝐫𝐨𝐩𝐫𝐢𝐚𝐭𝐢𝐨𝐧𝐬 (𝐔𝐀). (𝟑/𝟑)

Ang Special Allotment Release Order (SARO) na ito ay ini-release noong December 19, 2023, mula sa UA.

Hindi pinili ng Kongreso ang bawat proyektong ito, inaprubahan ang budget nang lumpsum — ang DPWH ang pumili kung saan ilalaan ito. Karamihan ng mga proyektong ito ay flood control.

Dapat ipaliwanag kung bakit pinili ng DPWH na ilaan ang pondo sa flood control, at kung paano pinili ang mga proyekto at mga contractor.

SARO-BMB-A-23-0027013","393","7364","14831","488","5022","109","3535","31742","2895","1783488034000","https://www.facebook.com/lingkodlegardaleviste/posts/pfbid02HmLPXHpH9dQ39SpXKVMwLSyc2irwZFost1zN3erZEibYM1UG45zwaRKoNzMpaMx6l"
"May be an image of text that says 'JOL JOURNAI RNA RNAI AI, JOUR "" PERO ITO PO ANG TANONG KO: BAKIT WALANG SCHEDULE PARA SA FLOOD CONTROL? 30 WEEKS PARA SA IMPEACHMENT PERO NI ISANG HEARING HINDI MAKAPAG-ANNOUNCE KUNG KAILAN? SENATOR ALAN PETER CAYETANO'","1565768048543986","photo","https://www.facebook.com/photo/?fbid=1565768048543986&set=a.263862088734595",,,,,,,,,,,,,,,,,"100053324178467","Lenuj Khan","https://scontent-iad6-1.xx.fbcdn.net/v/t39.30808-1/284058180_1121978495068158_2763790869634663393_n.jpg?stp=cp0_dst-jpg_tt6&cstp=mx735x735&ctp=s40x40&_nc_cat=1&ccb=1-7&_nc_sid=2d3e12&_nc_ohc=QBX5B0Ie9tUQ7kNvwEtK5v9&_nc_oc=Adof9tTd6PylptaoYXPtPr_x05rCVw288Ly8jDr8JiuS5ifZ8Co3fcxx-zuNd5-v_Cw&_nc_zt=24&_nc_ht=scontent-iad6-1.xx&_nc_gid=gB8nIqu_gAdb5Ps4Lb7mmw&_nc_ss=7e2a8&oh=00_AQCnZzTHd5bcb6CXHZM5x0LcSkzYNk7XUuo7AzUGocbupw&oe=6A5E32CF","https://www.facebook.com/LenujKhan","299","1565768085210649","‘TRILYON ANG NINAKAW?’ 🌊💰

Nanawagan si Alan Peter Cayetano na bigyan din ng agarang pansin ng Senado ang imbestigasyon sa mga umano’y anomalya sa flood control projects.

Ayon kay Cayetano, kung may kakayahan ang Senado na maglaan ng halos 30 linggo para sa impeachment trial ni Sara Duterte, dapat ding magkaroon ng malinaw na iskedyul at parehong antas ng urgency ang pagdinig ng Blue Ribbon Committee sa usapin ng flood control.

Binigyang-diin niya na kung seryoso ang pamahalaan sa pagpapanagot sa mga opisyal, hindi dapat mapabayaan ang imbestigasyon sa umano’y bilyun-bilyong pisong anomalya sa mga flood control projects.

Dagdag pa niya, magiging “selective justice” umano kung ang pagtutuunan lamang ng pansin ay ang impeachment case ng Bise Presidente habang hindi nabibigyan ng agarang aksyon ang iba pang alegasyon ng korapsyon na direktang nakaaapekto sa mga Pilipino, lalo na tuwing tag-ulan.

💬 Sang-ayon ka ba na dapat sabay na bigyang-priyoridad ng Senado ang impeachment trial at ang imbestigasyon sa mga flood control projects?

#floodcontrol #impeachment","20","176","1763","43","37","8","11","2058","285","1783500836000","https://www.facebook.com/LenujKhan/posts/pfbid02ZUFp4WRLqgACqX2fh6apLjQP4kSPovzFYnRA2LjgZnRVdVLAPHCPJFECMrrmzfDdl"
,"1388679449825602","video",,,,,,,,,,,,,,,,,,"100064849986224","GMA News","https://scontent-iad6-1.xx.fbcdn.net/v/t39.30808-1/658216539_1459297662908553_7892569438724908023_n.jpg?stp=cp0_dst-jpg_tt6&cstp=mx1200x1200&ctp=s40x40&_nc_cat=1&ccb=1-7&_nc_sid=2d3e12&_nc_ohc=_9Kw3PkUnsIQ7kNvwE9vLA7&_nc_oc=AdpBBrGMKtnDm2hj7zLSiHezcIJTipw2zTNzqjGCKXXCf2iUaigKyB5oVyrYGagXRIo&_nc_zt=24&_nc_ht=scontent-iad6-1.xx&_nc_gid=gB8nIqu_gAdb5Ps4Lb7mmw&_nc_ss=7e2a8&oh=00_AQDgbsOtNpAuLQuUEvwCqPh2lI4FCG8IAC3WArLmEg1TTw&oe=6A5E39BF","https://www.facebook.com/gmanews","29","1595985939239724","Sa August 12 na sisimulan ng Sandiganbayan 5th Division ang pagdinig sa kaso ng siyam na akusado kaugnay ng flood control project sa Naujan, Oriental Mindoro.","2","89","122","7",,"1",,"221","10","1783510667000","https://www.facebook.com/reel/1388679449825602/"
"May be an image of text that says 'BNC EXCLUSIVE "" Lahat naman ng problema, basta pinag-aralan mo, gawan mo ng solusyon, mareresolba natin. We are hoping pa rin naman. //MEMO with KORINA Atty.JeminaSy Atty. Jemina Sy Mayor of Marilao, Bulacan onherhopestha July9 2026'","122319962828354398","photo","https://www.facebook.com/photo/?fbid=122319962828354398&set=a.122114621600354398",,,,,,,,,,,,,,,,,"61560631950539","Bilyonaryo News Channel","https://scontent-iad6-1.xx.fbcdn.net/v/t39.30808-1/449123878_122112021662354398_3198057409217257211_n.jpg?stp=cp0_dst-jpg_tt6&cstp=mx1000x1000&ctp=s40x40&_nc_cat=1&ccb=1-7&_nc_sid=2d3e12&_nc_ohc=vVFQHR-iWWAQ7kNvwG5hKmH&_nc_oc=AdpeRJQn--h_bl59ZXzke-VaMioVfOjDdFsGxe3kuiwQoa3sSOhIskX9PtXERTBSSnw&_nc_zt=24&_nc_ht=scontent-iad6-1.xx&_nc_gid=gB8nIqu_gAdb5Ps4Lb7mmw&_nc_ss=7e2a8&oh=00_AQDIxqmzCQ-OE91csfdJi2_3LelolsPyPTOs9akclGF7Ow&oe=6A5E6A68","https://www.facebook.com/bncphl","280","122319962936354398","MARILAO MAYOR REMAINS HOPEFUL FOR A FLOOD-FREE BULACAN

Speaking on #MemoWithKorina, Atty. Jemina Sy, Mayor of Marilao, Bulacan, said she still hopes that Bulacaneños will no longer experience flooding. Sy noted that their local government continuously initiates flood-free-driven projects to ease the burden of her constituents.

The Marilao, Bulacan Mayor shared some of their public works such as repairing floodgates, adding pumping stations, and river dredging, saying that it is effective–minor problems that the national government often overlooks for years. Sy further added that they are finalizing their flood-control master plan for submission to Bulacan Gov. Daniel Fernando’s office this July 2026.",,"169","1313","782","3","38","4","2309","152","1783575918000","https://www.facebook.com/bncphl/posts/pfbid02uoWMav3mNmfhuTaFeT99VR8tJSAk6rE88JtyxwNVozanbdqvEcFb9714rAPHK8qsl"
,"2201170494011341","video",,,,,,,,,,,,,,,,,,"100002090352689","Let-Let Ang","https://scontent-iad6-1.xx.fbcdn.net/v/t39.30808-1/494560040_9644223228990593_3778548490872095510_n.jpg?stp=cp0_dst-jpg_tt6&cstp=mx2048x2048&ctp=s40x40&_nc_cat=102&ccb=1-7&_nc_sid=1d2534&_nc_ohc=K5pXnSoFmngQ7kNvwFXRGhD&_nc_oc=AdpiXHL_IL_3UKIUKzSvp43DCfVLY0IfoA4Mo2Kg92UiXCxMn8UW9GipX24fQh22lNA&_nc_zt=24&_nc_ht=scontent-iad6-1.xx&_nc_gid=gB8nIqu_gAdb5Ps4Lb7mmw&_nc_ss=7e2a8&oh=00_AQDhRSchAf2rQ7Zg33X9e1k_eYF2JjRIv67X0tZ4KCo5HQ&oe=6A5E4C6E","https://www.facebook.com/letlet.ang","161","27416269814692661","Ready For Viewing📣 Room For Rent !
Loc: 27 ROTC Hunters Tatalon Quezon City( near baptist Church) 
Own Meralco Bill
Own Water Sub Meter 
Own CR/ Own Sink
Gated Gate with cctv cam
Flood Free,No Pet Allowed
1month depo/ 1 mon adv
Along The Road 
Pass Sa Magulo🚫🙅
Kindly PM for more Info.",,,"34","18",,,"8","60","15","1783499750000","https://www.facebook.com/reel/2201170494011341/"
,"1322197953234844","video",,,,,,,,,,,,,,,,,,"100069304665221","24 Oras","https://scontent-iad6-1.xx.fbcdn.net/v/t39.30808-1/724552267_1341729854813824_3561841891807506997_n.jpg?stp=c420.0.1080.1080a_cp0_dst-jpg_tt6&cstp=mx1080x1080&ctp=s40x40&_nc_cat=1&ccb=1-7&_nc_sid=2d3e12&_nc_ohc=I5zbAXjbERQQ7kNvwEZHtwm&_nc_oc=Adqs76zq96gJ3JGG_eIW0jEvJYcQIpQIysyv9O9fkqgCPE4Q5NRituiTi63EuhMNdPA&_nc_zt=24&_nc_ht=scontent-iad6-1.xx&_nc_gid=gB8nIqu_gAdb5Ps4Lb7mmw&_nc_ss=7e2a8&oh=00_AQD2IivSLqyg4TeidOZDuKFQopXnukoSOON6IYb9h371YA&oe=6A5E40E0","https://www.facebook.com/24OrasGMA","141","1362778262708983","INIREKLAMO NI TULFO

Inireklamo ni Sen. Erwin Tulfo ng grave oral defamation in relation with Cybercrime Prevention Act of 2012 si Atty. Levi Baligod at ilan sa nagpakilalang dating bodyguard ni Zaldy Co.

Kaugnay iyan ng aniya'y hindi totoong alegasyong tumanggap umano siya ng male-maletang kickback mula sa flood control projects.

Ang kabuuang detalye, abangan sa 24 Oras mamayang 6:30 PM.","11","376","641","13",,"2","4","1047","6","1783497122000","https://www.facebook.com/reel/1322197953234844/"
,"1838408670899734","video",,,,,,,,,,,,,,,,,,"100064905991443","Super Radyo DZBB 594khz","https://scontent-iad6-1.xx.fbcdn.net/v/t39.30808-1/304782900_5485953098188721_3419247570684307902_n.jpg?stp=cp0_dst-jpg_tt6&cstp=mx435x435&ctp=s40x40&_nc_cat=1&ccb=1-7&_nc_sid=2d3e12&_nc_ohc=oB_3qfN5b8MQ7kNvwGTm8_W&_nc_oc=AdolkEq6Nz4SqJ_jcauPmImMNdK1_PnotkC3Sp3ZavYjbuvlVpRaOYlDWXt8KjwI-io&_nc_zt=24&_nc_ht=scontent-iad6-1.xx&_nc_gid=gB8nIqu_gAdb5Ps4Lb7mmw&_nc_ss=7e2a8&oh=00_AQAzUtfPibCRskOgxffpPMG-8qqUjd6bX93CgFgRiSiuDw&oe=6A5E496B","https://www.facebook.com/dzbb594","59","1525343199639199","𝗧𝗨𝗟𝗙𝗢, 𝗡𝗔𝗚𝗦𝗔𝗠𝗣𝗔 𝗡𝗚 𝗥𝗘𝗞𝗟𝗔𝗠𝗢

Atty. Levi Baligod, dating Cong. Mike Defensor at 4 na iba pa, sinampahan ng reklamo ni Sen. Erwin Tulfo sa Mandaluyong Prosecutor’s Office dahil sa pagdawit sa kaniya sa maanomalyang flood control projects. | via Mark Makalalad","26","142","45","1",,"1","1","216","1","1783474276000","https://www.facebook.com/reel/1838408670899734/"
,,,,,,,,,,,,,,,,,,,,"100044166353035","Harry Roque","https://scontent-iad6-1.xx.fbcdn.net/v/t39.30808-1/473315148_1194488975366636_7692884147084922023_n.jpg?stp=cp0_dst-jpg_tt6&cstp=mx1080x1080&ctp=s40x40&_nc_cat=1&ccb=1-7&_nc_sid=2d3e12&_nc_ohc=6cNO_S1PVv8Q7kNvwF3EeDs&_nc_oc=AdoHdBHIwv4ofElrC8xiFqCDEqiE1eufwlSjj3NCwDl-a0lbmJ5p9a0UZWU8ALZlKKc&_nc_zt=24&_nc_ht=scontent-iad6-1.xx&_nc_gid=0BX6_ihdQX5NovwqnYslwg&_nc_ss=7e2a8&oh=00_AQBr_ns0pqLEKjUziAOSK_w7BPMQSNONKcrddCsc1zxJBw&oe=6A5E34E8","https://www.facebook.com/HarryRoque","5646","1633477751467754","Matapos ang ikatlong araw ng impeachment, alam pa rin na taong bayan na si Marcos Jr ang mastermind ng flood control scam!","119","10267","22495","2469","59","213","44","35666","920","1783503814000","https://www.facebook.com/HarryRoque/posts/pfbid024PizqwgssU11KMHMNxRFd7au87UiS6uHuurpMJif2oEgUZJHjToxE7MvBxRFPfxxl"
"May be an image of ‎text that says '‎DUr JNT ITB לב AREMINDEROR OE FLOODICONTRO... PROJECT OF THIS ADMINISTRATION NEVEREXIST? NEVE EXIST? -‎'‎","10233948671681470","photo","https://www.facebook.com/photo/?fbid=10233948671681470&set=a.3251974021286",,,,,,,,,,,,,,,,,"1325082484","Jusal Empererado","https://scontent-iad3-2.xx.fbcdn.net/v/t39.30808-1/642501091_10232272310693493_2745544007404774264_n.jpg?stp=cp0_dst-jpg_tt6&cstp=mx1080x1090&ctp=s40x40&_nc_cat=103&ccb=1-7&_nc_sid=1d2534&_nc_ohc=Er2HEZU-GnIQ7kNvwHdJCZA&_nc_oc=AdopiuV4RyQhgcHmXQSG05eKYIV024gspS-xHYG4DAohStePz6LRxgtbIvC4_Xl5kFM&_nc_zt=24&_nc_ht=scontent-iad3-2.xx&_nc_gid=0BX6_ihdQX5NovwqnYslwg&_nc_ss=7e2a8&oh=00_AQCvyDP1CUXenObGeAT-peod4FjtjrqWHK8_0Jb-2KAabg&oe=6A5E39EB","https://www.facebook.com/jusalgt2","692","10233948672041479","Wag puro flood control. Move on and shift focus sa impeachment ni VP Inday Sara Duterte 

Somewhere daw sa  QC ito... See more

#ctto","48","910","1234","6","380","10","16","2604","266","1783505224000","https://www.facebook.com/jusalgt2/posts/pfbid0ohzev6sTgEtVXgXwhjiD73c8s8ZkgDGiciQavC7egFDb8nc4n8q5dkSwFQvxbMxBl"
,,,,,,,,,,,,,,,,,,,,"61563660098248","Leandro Legarda Leviste","https://scontent-iad6-1.xx.fbcdn.net/v/t39.30808-1/581341390_122190324230455336_5611286189143933229_n.jpg?stp=c0.31.1536.1536a_cp0_dst-jpg_tt6&cstp=mx1536x1536&ctp=s40x40&_nc_cat=1&ccb=1-7&_nc_sid=2d3e12&_nc_ohc=lRrPj_zpsTUQ7kNvwEFbhoD&_nc_oc=Adr-6YAz9HC_ldn_kuh0bOjVRF6TvghqYzHoYC4nn3iKwEIG_jmY1Tm2MRDr9xajg1g&_nc_zt=24&_nc_ht=scontent-iad6-1.xx&_nc_gid=0BX6_ihdQX5NovwqnYslwg&_nc_ss=7e2a8&oh=00_AQCEQKyp9if0pLAZFTiB36IzM0OiDMPPtZ0r2soR20VLuQ&oe=6A5E516E","https://www.facebook.com/lingkodlegardaleviste","111","1611548723661954","Meanwhile, back at the ranch…er… flood control…","700","39","3615","31","383","13","63","4844","530","1783573206000","https://www.facebook.com/noctilucouslogophile/posts/pfbid02PUMHNLn5CXyfYL4uTJ1fuqd6PdMVynAR5QmhcCq4Pa4J7Fep264UeX9Dxt1RAk6Tl"
,"1337615275104575","video",,,,,,,,,,,,,,,,,,"61561775107005","Peanut Gallery Media Network","https://scontent-iad6-1.xx.fbcdn.net/v/t39.30808-1/487876122_122145336782392503_8433016951740213975_n.jpg?stp=cp0_dst-jpg_tt6&cstp=mx1563x1563&ctp=s40x40&_nc_cat=1&ccb=1-7&_nc_sid=2d3e12&_nc_ohc=VGrOOQaer2kQ7kNvwEJnMnS&_nc_oc=AdpdQp9e--ElFwuec229g9KJaOp-rJmarLsH6BNxxFHlc9Umxf1kjvgB7sGeB67lCjw&_nc_zt=24&_nc_ht=scontent-iad6-1.xx&_nc_gid=0BX6_ihdQX5NovwqnYslwg&_nc_ss=7e2a8&oh=00_AQDEscjwrJe-ATNoeWjsAQqnV64Eka2loQv5uDMN0iVVvA&oe=6A5E58CF","https://www.facebook.com/PeanutGalleryMedia","776","122205728594392503","The Billion-Peso House in Forbes Where Romualdez Hid His Money 

PGMN Anchor and former COA commissioner Atty. Bing Guanzon exposes the staggering details of a multi-billion peso kickback scheme involving former Speaker Martin Romualdez, where suitcases of illicit flood control funds were stashed inside an ultra-exclusive property. Pinpointing the exact location verified by official complaints, Guanzon highlights the 3,196-square-meter estate at 30 Tamarind Road in South Forbes Park, Makati. According to explosive testimonies, the volume of corrupt cash streaming from the trillion-peso national infrastructure budget was so immense that Romualdez’s luxury home at 42 McKinley Street in Taguig could no longer hold it. This forced the former Speaker to look for an isolated property to serve as a designated drop-off point and cash storage facility, masked in codes by co-conspirators as a literal """"bagsakan ng basura”. 

Guanzon details the paper trail used to purchase the ₱1.665 billion mansion from shipping executive Doris Magsaysay-Ho. The acquisition was made by Golden Pheasant Holdings Corporation, a shell company owned on paper by lawyer Jose Raulito Paras—Romualdez's close fraternity brother and frontman. Prosecutors exposed a massive disparity in the deal, noting that Paras' personal assets only totaled around ₱18 million, making it financially impossible for him to fund a ₱1.6 billion estate without backing. Former bodyguards—specifically former Marines who served as personal security personnel—have already come forward to confirm delivering heavy luggage packed with money directly to the Tamarind Road fortress. As authorities enforce asset freeze orders on the property alongside 35 connected bank accounts, Guanzon slams Romualdez's sudden, suspicious attempt to flee to Singapore for a medical procedure, warning the public that he is desperately trying to shield his wealth before his legal defenses completely collapse.

The full episode examines the dramatic rise and fall of Romualdez, tracing his ascent from one of the country's most powerful political figures to the most hated man in the Philippines and the central figure in a widening controversy that now threatens to immortalize his legacy.

Watch the full episode here:https://www.facebook.com/reel/1014822477605217

Corruption is and has always been the Philippines’ biggest problem. Martin Romualdez is broadly recognized as the most corrupt Filipino politician of the 21st century.

On May 5, Romualdez framed Franco Mabanta and four PGMN associates in a fake extortion plot with the singular objective of silencing the truth and keeping Romualdez’ many crimes from being brought to light—the fundamental embodiment of suppression of the free media.

The country has faith that Boying Remulla, Mico Clavano and the Office of the Ombudsman will do the right thing.","449","177","26786","657","564","97","2263","30993","5611","1783492666000","https://www.facebook.com/reel/1337615275104575/"
,"1041493001892782","video",,,,,,,,,,,,,,,,,,"100064518591460","DZMM Radyo Patrol 630","https://scontent-iad6-1.xx.fbcdn.net/v/t39.30808-1/668587708_1384714187022521_8343581617824766493_n.jpg?stp=c33.0.1012.1012a_cp6_dst-jpg_tt6&cstp=mx1012x1012&ctp=s40x40&_nc_cat=1&ccb=1-7&_nc_sid=2d3e12&_nc_ohc=SNb0wvffI00Q7kNvwF8twfa&_nc_oc=AdpOsxQjSzlnAXFe4THco4l7vwpnQSyj4lTpCmDs9B6c6_NJ7E3OpoHsCZk9woutcr8&_nc_zt=24&_nc_ht=scontent-iad6-1.xx&_nc_gid=0BX6_ihdQX5NovwqnYslwg&_nc_ss=7e2a8&oh=00_AQDDlStCwbqC7tz5yHsi2wJjkfMTVwrx76Nv5BA74Bwcsw&oe=6A5E4A56","https://www.facebook.com/DZMMRadyo630","168","1471170295043576","Ani ni Public Interest Lawyer Atty. Antonio Bucoy, hindi magpupuno ng “kakulangan” sa ebidensya si dating DPWH Secretary Manuel Bonoan laban kay dating Speaker Rep. Martin Romualdez kaugnay sa flood control issue dahil wala pa naman aniyang ebidensyang lumulutang laban dito. 

Ayon kay Atty. Bucoy, isang taon na matapos madawit ang pangalan ni Romualdez ngunit wala paring naisasampang reklamo dahil sa kawalan ng ebidensya at ngayon palang nagkukumahog mangalap ang Office of the Ombudsman. 

Idiniin ng abogado na tila nauna pa ang paggawa ng mga akusasyon laban kay Speaker Romualdez bago pa man nagkaroon ng mga konkretong ebidensya na magpapatunay dito.

#MartinRomualdez #Ombudsman #ManuelBonoan #FloodControl #DZMMRadyoPatrol630",,"104","335","1",,"2",,"442","12","1783597254000","https://www.facebook.com/reel/1041493001892782/"
"May be an image of ‎text that says '‎ABS-CBN Fact Check pheta (. angtagang#bidenija KASONG PLUNDER NI MARTIN ROMUALDEZ BINASURA NA סוורדשם AEMOLLA FALSE As of July 2, 2026, binubuo pa ng Office of the Ombudsman ang kaso laban kay Leyte 1st District Rep. Martin Romualdez kaugnay ng umano'y maanomalyang flood control projects, taliwas kumakalat na post online. Noong November 2025 ay inirekomenda sa ahensiya ang pagsampa ng plunder laban kay Romualdez kaugnay ng nasabing isyu. 5m MLSK mлe 心味 ABSOCBN ABS CBN NEWS‎'‎","1585118166996767","photo","https://www.facebook.com/photo/?fbid=1585118166996767&set=a.650104283831498",,,,,,,,,,,,,,,,,"100064957951102","ABS-CBN News","https://scontent-iad6-1.xx.fbcdn.net/v/t39.30808-1/612193561_1385784586930127_8766501501849307524_n.jpg?stp=cp0_dst-jpg_tt6&cstp=mx513x511&ctp=s40x40&_nc_cat=1&ccb=1-7&_nc_sid=2d3e12&_nc_ohc=BDsIev3SqvYQ7kNvwH6yNG7&_nc_oc=Ado1b7omtIzGi050ECLF6N7trdNz0N7D7S17ZALZC2kb6fgLoQny2td5hgtjdr3Qtfs&_nc_zt=24&_nc_ht=scontent-iad6-1.xx&_nc_gid=0BX6_ihdQX5NovwqnYslwg&_nc_ss=7e2a8&oh=00_AQAC6dodq6183E2BPYWGpCIFrzf8CfvcGpjgNQ5lmBeDaA&oe=6A5E4CDC","https://www.facebook.com/abscbnNEWS","240","1585118483663402","#ABSCBNFactCheck Rating: FALSE

Hindi totoong ibinasura ng Ombudsman ang umano’y kaso laban kay Leyte Rep. Martin Romualdez. Wala pang kasong naihahain sa kaniya at patuloy pang iniimbestigahan ang kaniyang umano’y kaugnayan sa maanomalyang flood control projects.","4","342","97","5",,"1","1","450","15","1783513457000","https://www.facebook.com/abscbnNEWS/posts/pfbid016AtsgnLwUyarHMykjNCNpaT4RSSSHFzanqUfHMPsYbuskDiMiKVJYdQfJGdpwQfl"
"May be an image of text that says 'LAWS WITHOUT ENFORCEMENT FAIL PEOPLE WHEN ENVIRONMENTAL LAWS ARE NOT CONSISTENTLY ENFORCED, POLLUTION PERSISTS AND COMMUNITIES CONTINUE TO FACE FLOOD RISKS CARe POLLUTED WATERWAY MAINTAINED WATERWAY CONTROLLED WASTE MANAGEMENT WEAK ENFORCEMENT UNREGULATED TED DISCHARGE ACTIVE MONITORING IMPROPER WASTEDISPOSAL WASTE DISPOSAL CLEAN PUBLIC SPACE FLOOD- FLOOD-PRONE PRONE AREA PUBLIC HEALTH RISK FLOOD MANAGEMENT SYSTEM COMMUNITY USE'","122165162822400556","photo","https://www.facebook.com/photo/?fbid=122165162822400556&set=a.122114524142400556",,,,,,,,,,,,,,,,,"61562016681271","CARe-Centric Ph","https://scontent-iad3-1.xx.fbcdn.net/v/t39.30808-1/716030474_122162656760400556_8048466771256681133_n.jpg?stp=c235.235.1579.1579a_cp0_dst-jpg_tt6&cstp=mx1579x1579&ctp=s40x40&_nc_cat=101&ccb=1-7&_nc_sid=2d3e12&_nc_ohc=KNm8bfLJwKUQ7kNvwGqPd_B&_nc_oc=AdpYLT2aYz97E-PN825-wtFax0qg_atMGBpskZVrh3jwsz0iyfl9FWQc3ax3yzWFL3o&_nc_zt=24&_nc_ht=scontent-iad3-1.xx&_nc_gid=rW5tzQuQrgR1iQgknM7_mw&_nc_ss=7e2a8&oh=00_AQApGvke-hQlfzzfRbDQeH0T8NSjRSCrgaTLeg-GViWhdw&oe=6A5E5B16","https://www.facebook.com/profile.php?id=61562016681271","74","122165162840400556","LAWS WITHOUT ENFORCEMENT FAIL PEOPLE

Regulations do not eliminate dirt in streams, haze in the air, or shield neighborhoods from being inundated.

The efficacy of an environmental statute is determined by the measures taken to carry it out. When people are allowed to dump waste anywhere, discharge it carelessly, or manage it improperly, the streams that sustain people and wildlife become lifeless.

The deterioration of waterways is only the beginning of the problem. Polluted waterways become a health hazard to the people and a source of discomfort to the inhabitants of the environment. They will increase flooding and the severity of the problem during rain.

The standards are safeguarded when enforcement agencies are created to monitor and punish evildoers.

#carecentric
#carecentricph
#carecentricurbanism","3","4","777","125","18","20","5","952","473","1783548003000","https://www.facebook.com/permalink.php?story_fbid=pfbid0kYxZLRwBjEvxKCYRs55fad8tnZyhQmFGLiGVEhW5tMtJgnSDeZYPJYGob4YWXs1hl&id=61562016681271"
"May be an image of text that says 'PAHAYAG NI GRECO BELGICA MATA NG PUBLIKO CIDC "" Dumalaw ako kay Cong Sec Mike Defensor sa kanina at doon sila nilagay sa flood contro side. Di ko talaga maisip, bakit sila ang nakakulong doon imbis na yung mga ulo ng nag nakaw sa flood control? Ibang klase talagang pamahalaan ito. Yung inosente at nag eexpose kinukulong, tapos yung nag nakaw ang prinoprotektahan."" GRECO BELGICA Formen PACC Chair MATA NG PUBLIKO'","1611482887212807","photo","https://www.facebook.com/photo/?fbid=1611482887212807&set=a.632449178449521",,,,,,,,,,,,,,,,,"100050533327318","Mata ng Publiko","https://scontent-iad6-1.xx.fbcdn.net/v/t39.30808-1/672623103_1540262634334833_7014050339178478657_n.jpg?stp=cp0_dst-jpg_tt6&cstp=mx1019x1024&ctp=s40x40&_nc_cat=100&ccb=1-7&_nc_sid=2d3e12&_nc_ohc=2L6DK8WT33wQ7kNvwHFQUlf&_nc_oc=AdoRnideLo5bhKRBC3XPllGL1WQtNce3efjag3_3G9YBjBQadEBEQO2ZlxtW0cIeofY&_nc_zt=24&_nc_ht=scontent-iad6-1.xx&_nc_gid=rW5tzQuQrgR1iQgknM7_mw&_nc_ss=7e2a8&oh=00_AQDyewkroK0fNrCEhzWPWKNp5E0BIpTR0Ag_t-a2obFC7g&oe=6A5E525E","https://www.facebook.com/profile.php?id=100050533327318","36","1611482917212804","BAKIT SILA ANG NAKAKULONG?"" — BELGICA, NAGTANONG SA UMANO'Y PAGLALAGAY KAY DEFENSOR SA FLOOD CONTROL SECTION NG BJMP

Naglabas ng matinding pahayag si dating PACC chairman Greco Belgica matapos dalawin si dating Cong. Mike Defensor sa BJMP.

Ayon kay Belgica, ikinagulat niya umanong inilagay si Defensor sa bahaging iniuugnay sa mga kasong may kaugnayan sa flood control. Aniya, mas nararapat umanong mapanagot ang mga tunay na responsable sa umano'y katiwalian kaysa sa mga taong itinuturing niyang inosente.

Ang pahayag ay kasunod ng pagkakaaresto nina Sen. Rodante Marcoleta at dating Cong. Mike Defensor sa kasong plunder. Mariing itinatanggi ng kanilang kampo ang mga paratang at iginiit na walang sapat na batayan ang kaso. Samantala, wala pang inilalabas na opisyal na pahayag ang BJMP kaugnay sa isyu.

Ano ang inyong pananaw sa pahayag ni Belgica?

#MataNgPubliko #GrecoBelgica #MikeDefensor #RodanteMarcoleta #BJMP #FloodControl #PlunderCase #NewsUpdate #PhilippinePolitics","10","3","66","3","23","3",,"108","11","1783634933000","https://www.facebook.com/permalink.php?story_fbid=pfbid02iZdbdC31wL7eGoAjRysgWRRNcSdqwjbp3wmdZEiQBnKrL2DCiHYSxTKwDrkmczh1l&id=100050533327318"
,,,,,,,,,,,,,,,,,,,,"100064181193226","POLITICO.PH","https://scontent-iad3-1.xx.fbcdn.net/v/t39.30808-1/482274629_1035794751903222_3085727445006815551_n.jpg?stp=cp0_dst-jpg_tt6&cstp=mx2048x2048&ctp=s40x40&_nc_cat=101&ccb=1-7&_nc_sid=2d3e12&_nc_ohc=mKfrs3DwJk8Q7kNvwGd2M46&_nc_oc=AdrM0t-wVcyJSxdgVCJvXlJyDdyPDI7RcwVPTPvVuC-SOr-VUBNNntLy3HPKKs6wps8&_nc_zt=24&_nc_ht=scontent-iad3-1.xx&_nc_gid=rW5tzQuQrgR1iQgknM7_mw&_nc_ss=7e2a8&oh=00_AQD6F9BvRYmUjrmrMz9yDVdPoe-X17tG-MHmoXTSoqR7Vw&oe=6A5E4E82","https://www.facebook.com/politico.ph","70","1426101366205890","Iginiit ng kampo ni Rep. Ferdinand Martin Romualdez na walang ebidensyang nag-uugnay sa kanya sa umano’y anomalya sa mga flood control project.

:::",,,"68","4",,"1",,"73","0","1783508878000","https://www.facebook.com/politico.ph/posts/pfbid02bKVyyXa2VtspkakepDAZgfyCP8CkdkQjQbwjUgz9ajrHTYfATPMhkxYTPu5zCyhRl"
,"984362424422654","video",,,,,,,,,,,,,,,,,,"61561775107005","Peanut Gallery Media Network","https://scontent-iad6-1.xx.fbcdn.net/v/t39.30808-1/487876122_122145336782392503_8433016951740213975_n.jpg?stp=cp0_dst-jpg_tt6&cstp=mx1563x1563&ctp=s40x40&_nc_cat=1&ccb=1-7&_nc_sid=2d3e12&_nc_ohc=VGrOOQaer2kQ7kNvwEJnMnS&_nc_oc=AdpdQp9e--ElFwuec229g9KJaOp-rJmarLsH6BNxxFHlc9Umxf1kjvgB7sGeB67lCjw&_nc_zt=24&_nc_ht=scontent-iad6-1.xx&_nc_gid=rW5tzQuQrgR1iQgknM7_mw&_nc_ss=7e2a8&oh=00_AQBFeQ3itEdgqvUFakbWmvkHJAR29I5Cv6ehC4k9GfxTIw&oe=6A5E58CF","https://www.facebook.com/PeanutGalleryMedia","732","122205662312392503","How Romualdez Looted A Billion More From Congressional Office Supplies Before the Elections

Martin Romualdez had masterminded a multi-billion peso budget illusion, hoarding over ₱1.3 Billion for """"office supplies"""" while some employees had to pay for their own ballpens. 

In a blistering expose, PGMN Lead Anchor Cj Hirro tears down Speaker Martin Romualdez and the House Committee on Accounts for running a textbook racket with taxpayers' money. Under the Romualdez leadership, the budget for basic office materials magically skyrocketed from ₱524.77 Million in 2022 to an astronomical ₱1.34 Billion for 2025. While the leadership demands massive funding for paper and tape, official Commission on Audit (COA) records expose the absolute joke behind the numbers: the House actually spent a measly ₱84.79 Million out of its near-billion-peso allowance in 2024.

Instead of returning the unspent cash, Romualdez aggressively injected another ₱400 Million for 2025, carving out a suspicious, untouched ₱1.22 Billion cash pool. This massive mountain of public funds was hoarded right in time for last year's elections, sparking heavy accusations of blatant graft and election code violations. The broadcast lays bare how public funds meant for government work were being looted and potentially weaponized into an illegal campaign war chest, leaving everyday Filipino taxpayers to foot the bill for the leadership's personal political playground.

CJ is one of the most influential political commentators and the best investigative journalist in the country today—known for exposing corruption, scrutinizing public spending, questioning election oversight, and holding powerful institutions accountable. Her reporting has generated tens of millions of views across platforms and earned her the 2025 Asian Pillar of Integrity and Analytical Brilliance in Broadcast Journalism.

In her full-length investigation, CJ examines billions of pesos in highly abusive House budget realignments, the legal requirements governing savings and augmentation, and how these transactions fit into the wider flood-control scandal now under investigation. The episode traces the movement of public funds through official budget documents and explores why the source of those funds matters as much as the transfers themselves.

Watch the full episode here: https://www.facebook.com/reel/1451891040040466

Corruption is and has always been the Philippines’ biggest problem. Martin Romualdez is broadly recognized as the most corrupt Filipino politician of the 21st century.

The country has faith that Boying Remulla, Mico Clavano and the Office of the Ombudsman will do the right thing.","384","214","19620","2315","426","95","394","23448","4893","1783474508000","https://www.facebook.com/reel/984362424422654/"
,"1319588593594432","video",,,,,,,,,,,,,,,,,,"100064905991443","Super Radyo DZBB 594khz","https://scontent-iad6-1.xx.fbcdn.net/v/t39.30808-1/304782900_5485953098188721_3419247570684307902_n.jpg?stp=cp0_dst-jpg_tt6&cstp=mx435x435&ctp=s40x40&_nc_cat=1&ccb=1-7&_nc_sid=2d3e12&_nc_ohc=oB_3qfN5b8MQ7kNvwGTm8_W&_nc_oc=AdolkEq6Nz4SqJ_jcauPmImMNdK1_PnotkC3Sp3ZavYjbuvlVpRaOYlDWXt8KjwI-io&_nc_zt=24&_nc_ht=scontent-iad6-1.xx&_nc_gid=rW5tzQuQrgR1iQgknM7_mw&_nc_ss=7e2a8&oh=00_AQCRkGB62fWbdax6Mz5mU8nsqzIgc1CxY_j5lTNG4UhEJg&oe=6A5E496B","https://www.facebook.com/dzbb594","115","1526652016174984","Dating DPWH Sec. Manuel Bonoan, maaaring pinipilit na idiin si dating House Speaker Martin Romualdez sa imbestigasyon ng Ombudsman sa anomalya sa flood control projects — Atty. Ade Fajardo, legal counsel ni Romualdez | via Isa Avendaño-Umali",,"2","107","1",,,,"110","2","1783592910000","https://www.facebook.com/reel/1319588593594432/"
"May be an image of text that says 'PHOTO: HOUSE OF REPRESENTA TIVES B B BONOAN MAY BE PRESSURED TO TESTIFY VS ROMUALDEZ, SAYS LAWYER Read more in the captions'","122319952262354398","photo","https://www.facebook.com/photo/?fbid=122319952262354398&set=a.122114621600354398",,,,,,,,,,,,,,,,,"61560631950539","Bilyonaryo News Channel","https://scontent-iad6-1.xx.fbcdn.net/v/t39.30808-1/449123878_122112021662354398_3198057409217257211_n.jpg?stp=cp0_dst-jpg_tt6&cstp=mx1000x1000&ctp=s40x40&_nc_cat=1&ccb=1-7&_nc_sid=2d3e12&_nc_ohc=vVFQHR-iWWAQ7kNvwG5hKmH&_nc_oc=AdpeRJQn--h_bl59ZXzke-VaMioVfOjDdFsGxe3kuiwQoa3sSOhIskX9PtXERTBSSnw&_nc_zt=24&_nc_ht=scontent-iad6-1.xx&_nc_gid=rW5tzQuQrgR1iQgknM7_mw&_nc_ss=7e2a8&oh=00_AQC0Fx1NRtVmLw3F7DaJTDORZ2upoTDj5Ke4CsTFyQoyoA&oe=6A5E6A68","https://www.facebook.com/bncphl","208","122319952364354398","Former Public Works Secretary Manuel Bonoan may be under significant pressure to implicate Leyte Rep. and former Speaker Ferdinand Martin Romualdez in the flood control mess, the former House leader’s counsel said on Thursday.

Full story on bnc.ph","1","134","363","714",,,"3","1215","10","1783575125000","https://www.facebook.com/bncphl/posts/pfbid02GyQc8dFyaBUrRNJYqdL1zrZcdjViisvRAnCPoM6ci1sNZefHeGjfomLkFpiFbZml"
"May be an image of one or more people and text that says '5- -5 PHILJURIS "" CIDG CIDG DEFENSOR,MICHAELY DEFE EFENSOR, MICHAEEY PLUNDER Section2 PLNDEAIEL.. 20 of ndecAma Ibang klase talagang pamahalaan ito. Yung inosente at nag eexpose kinukulong, tapos yung nag nakaw ang prinoprotektahan. "" -Greco Belgica July July9,2026 ,2026 f /philjuris x.com/ AttyPhiljuris disurf.com/l/ com/l/ disur @atty.1006'","1333524758925770","photo","https://www.facebook.com/photo/?fbid=1333524758925770&set=a.409390711339184",,,,,,,,,,,,,,,,,"100068047756184","Philippine Jurisprudence Official","https://scontent-iad6-1.xx.fbcdn.net/v/t39.30808-1/474618852_921938363417747_895939047531693479_n.jpg?stp=cp0_dst-jpg_tt6&cstp=mx960x960&ctp=s40x40&_nc_cat=1&ccb=1-7&_nc_sid=2d3e12&_nc_ohc=oKkhIjv8wPUQ7kNvwHo_77j&_nc_oc=AdpSNH9fOjRnJOP0xkAvq1W6wWmHeK8D870_fiAjziyFyd4cHRQ9RaKMiUWo2aMBc2Y&_nc_zt=24&_nc_ht=scontent-iad6-1.xx&_nc_gid=JYVL9Ea-jtnU8kRI5ls3Ew&_nc_ss=7e2a8&oh=00_AQAUHcngpGBnuYLRKqIptn2DdXZUVILk8Vo7fDjdevUHVg&oe=6A5E3494","https://www.facebook.com/phijurisOfficial","332","1333524782259101","'IBANG KLASE'

Dumalaw ako kay Cong Sec Mike Defensor sa BJMP kanina at doon sila nilagay sa flood control side. Di ko talaga maisip, bakit sila ang nakakulong doon imbis na yung mga ulo ng nag nakaw sa flood control? Ibang klase talagang pamahalaan ito. Yung inosente at nag eexpose kinukulong, tapos yung nag nakaw ang prinoprotektahan. 

-Greco Belgica

Profile 

Greco Antonious Beda Banta Belgica (born March 27, 1978) is a Filipino politician and anti-corruption advocate who most recently served as Chairman of the Presidential Anti-Corruption Commission (PACC) from March to October 2021 during the administration of former President Rodrigo Duterte. Before entering public service, he was known for his advocacy for transparency, accountability, and good governance. 

Belgica pursued his education at the University of California, Berkeley, San Beda University, and the National Defense College of the Philippines. He is the son of Butch Belgica and Carmelita Banta Belgica and is affiliated with the Pederalismo ng Dugong Dakilang Samahan (PDDS) political party.

""In short, DDS tong kup*l na ito""

🙄

#philjuris","17","699","258","1","72","6","4","1057","20","1783636148000","https://www.facebook.com/phijurisOfficial/posts/pfbid02fmfzvdmFAepHcfqwtg2MDZDrv3bXvTwCucQpye2uwwEBqYhPVPJSyxt7aQJHHEb3l"
,"4266365170247565","video",,,,,,,,,,,,,,,,,,"100083065462334","Rose Nono Lin","https://scontent-iad6-1.xx.fbcdn.net/v/t39.30808-1/730653731_1004074769038029_1485510091380780829_n.jpg?stp=cp0_dst-jpg_tt6&cstp=mx1088x1075&ctp=s40x40&_nc_cat=102&ccb=1-7&_nc_sid=2d3e12&_nc_ohc=iBgSDatCBQYQ7kNvwGg4xjr&_nc_oc=AdpRhdvK8KG7GsYX1014usHuzjwmAofiQ8hzNRWNhL3a7aXYJP7uZEdCZHg3Fh0ylfA&_nc_zt=24&_nc_ht=scontent-iad6-1.xx&_nc_gid=JYVL9Ea-jtnU8kRI5ls3Ew&_nc_ss=7e2a8&oh=00_AQC74Ea9cbqF-ZPQMWRl5TLMVhh3DrX5vxc0hYBEBCc7NA&oe=6A5E639D","https://www.facebook.com/AteRoseLin","128","1015424101236429","𝗕𝗔𝗛𝗔 𝗔𝗧 𝗘𝗠𝗘𝗥𝗚𝗘𝗡𝗖𝗬: 𝗗𝗔𝗣𝗔𝗧 𝗠𝗔𝗚𝗜𝗡𝗚 𝗛𝗔𝗡𝗗𝗔!

Buhay ng pamilya ang nakataya tuwing may baha kaya mahalagang alamin ang mga emergency measures sa video na ito para sa kaligtasan ng lahat. Hindi lang kasi ulan ang kalaban natin kundi ang mga sayang na pondo ng flood control na imbes mapunta sa totoong proteksyon natin, nawawala lang sa bulok na sistema. 

Footage Credits: Walking Journey PH (YouTube) & Quezon City Government.

#KaLINgap
#AteRoseNonoLin
#AlwaysReadykaLingap
#ARL","2","5","631","607",,"24",,"1269","242","1783500840000","https://www.facebook.com/reel/4266365170247565/"
,"1721937928947475","video",,,,,,,,,,,,,,,,,,"100050456621187","The Best Ka Tatay Digong","https://scontent-iad6-1.xx.fbcdn.net/v/t39.30808-1/741882336_1593287449029794_2353892661701168830_n.jpg?stp=c7.0.732.732a_cp0_dst-jpg_tt6&cstp=mx732x732&ctp=s40x40&_nc_cat=102&ccb=1-7&_nc_sid=2d3e12&_nc_ohc=pVyIZs0PgR8Q7kNvwFoctWQ&_nc_oc=Adr-k9cGSywJ7WFuXmxWgNJaSHuR8IxF8RB-5MM6_t_MTFmAmXbOhGQIOdwdAEIiuY4&_nc_zt=24&_nc_ht=scontent-iad6-1.xx&_nc_gid=JYVL9Ea-jtnU8kRI5ls3Ew&_nc_ss=7e2a8&oh=00_AQCPLIZDNUYZotpNFFS7EIAC9C9hmP6xBStUOLxO5tItxA&oe=6A5E5B6C","https://www.facebook.com/profile.php?id=100050456621187","192","1595127715512434","Balita sa ibang bansa ang ating bayan, nakakahiya dahil puro corruption ang pinag uusapan at ang pagpapakulong sa mga KAKAMPI ng mga Duterte para matigil lang ang imbestigasyon sa flood control🥺

#fypシ #fb #ctto #highlightseveryone #OFW #BBM #Marcos #Philippines","40","73","2517","58","70","10","19","2787","1607","1783601077000","https://www.facebook.com/reel/1721937928947475/"
"May be an image of one or more people and text that says 'SWAKTONG BALITA BREAKING NEWS ""HUWAG PO A MAGTAKA KUNG MAY MALAKING PAGBAHA SA PILIPINAS KASI NGA MAY BAGYO"" -Kung si Marcos ang atanungir Satire SatireNewsOnly News Only'","1334329742143371","photo","https://www.facebook.com/photo/?fbid=1334329742143371&set=a.300589392184083",,,,,,,,,,,,,,,,,"100066990742853","𝙆𝙤𝙧𝙚𝙠","https://scontent-iad6-1.xx.fbcdn.net/v/t39.30808-1/278057962_300589418850747_8084367473316992550_n.jpg?stp=cp0_dst-jpg_tt6&cstp=mx535x536&ctp=s40x40&_nc_cat=106&ccb=1-7&_nc_sid=2d3e12&_nc_ohc=mFizE3PTHtkQ7kNvwFaS-l3&_nc_oc=AdpmkOydT451UARQcEA7DSw55qyDbfwdp9cgHJqhbCeCC0mIAuTM4weBLHjGw8_IvLo&_nc_zt=24&_nc_ht=scontent-iad6-1.xx&_nc_gid=JYVL9Ea-jtnU8kRI5ls3Ew&_nc_ss=7e2a8&oh=00_AQDoGH21zLTNPLb-W4bz-RnvBe6LKAnCkSyzclSGF0xHMQ&oe=6A5E33B6","https://www.facebook.com/KorekPH","287","1334329788810033","😱‼️🚨BREAKING NEWS: ""MAY BAGYO KAYA BABAHA SIGURADO. PAALALA SI PBBM""

Sa isang panayam, sinabi nyang huwag po kayong magtaka kung may baha dahil nga raw ay nakapasok na sa pilipinas ang super typhoon kasi baka sisihin naman sya dahil sa Flood control. 

Panoorin ang bidyo 👉 https://tinyurl.com/56bu9dwn

#satire 
📢 Disclaimer: This post is satire. It’s made for humor and commentary — not to mislead or spread false information. Huwag Seryosohin ang topic na ito. 

#fbpost #BreakingNews #PoliticalNews","55","2113","26","1","3","1","4","2203","70","1783473734000","https://www.facebook.com/KorekPH/posts/pfbid02cPXoQeG1pBVteZRFWgFGkGek7QJjJDDWkHpFQkwVHMkQ5Yowt9Sc11R9sKf79JBQl"
,"1337084511873008","video",,,,,,,,,,,,,,,,,,"61589049010947","RISA NA 'TO","https://scontent-iad6-1.xx.fbcdn.net/v/t39.30808-1/687028785_971917019130503_3687528695611126565_n.jpg?stp=cp0_dst-jpg_tt6&cstp=mx1254x1254&ctp=s40x40&_nc_cat=1&ccb=1-7&_nc_sid=2d3e12&_nc_ohc=Sp4J6K0YeRQQ7kNvwGgrbsH&_nc_oc=AdqrSnwe306aeuhMqjNKS8p8meYgWfd8vqLAzO_LDEkq4cUZTVr4Xe1GSNeE5O-PB_k&_nc_zt=24&_nc_ht=scontent-iad6-1.xx&_nc_gid=JYVL9Ea-jtnU8kRI5ls3Ew&_nc_ss=7e2a8&oh=00_AQDAHu36gWa7WSJtw8Vqa4i0ZzFyCvVdKxolyreCECNiYQ&oe=6A5E67C2","https://www.facebook.com/profile.php?id=61589049010947","313","122125098531301633","Mula POGO, Quiboloy, Senior Agila, Flood Control at ngayon na impeachment trial, litaw na litaw ang mahuhusay na punto ni Senator Risa Hontiveros 💖

#RisaHontiveros 
#Hontiveros
#SenatePH 
#ImpeachmentTrial
#VPonTrial","70","1382","4219","249","4","30","15","5969","41","1783498091000","https://www.facebook.com/reel/1337084511873008/"
,"1001852309388387","video",,,,,,,,,,,,,,,,,,"100067846864734","Purca Studio","https://scontent-iad6-1.xx.fbcdn.net/v/t39.30808-1/486698273_989723823299171_852051554944536185_n.jpg?stp=cp0_dst-jpg_tt6&cstp=mx1080x1080&ctp=s40x40&_nc_cat=102&ccb=1-7&_nc_sid=2d3e12&_nc_ohc=x5AY94J5718Q7kNvwEz0vsI&_nc_oc=AdrJTB2LWgZSGkahP2Ctps2W3aJ4sjsK2Q-5EsL6ZgsuEUh1ue8uQMSImcXbLTx7DCo&_nc_zt=24&_nc_ht=scontent-iad6-1.xx&_nc_gid=tcw7zZPXpVvCUC0x28WG4w&_nc_ss=7e2a8&oh=00_AQDVEYTetGHPvIJ-8Cqm17y4po1skEDlEPSWU1P_ItdkVQ&oe=6A5E50AE","https://www.facebook.com/profile.php?id=100067846864734","6","1360508696220680","Ito ang Totoong Flood Control 
Japanese Contractor Toyo, Shimizu jv.",,,"52","3",,,,"55","2","1783572011000","https://www.facebook.com/reel/1001852309388387/"
,"868134195944440","video",,,,,,,,,,,,,,,,,,"100080997818155","Philippine Insider News","https://scontent-iad6-1.xx.fbcdn.net/v/t39.30808-1/540685931_788998510476736_7398010116339018252_n.jpg?stp=cp0_dst-jpg_tt6&cstp=mx500x500&ctp=s40x40&_nc_cat=1&ccb=1-7&_nc_sid=2d3e12&_nc_ohc=NdXYhXitATwQ7kNvwHNNg1D&_nc_oc=AdrjSDgpQY_BWpNyeaOEq3fW_5U8GcMIBwKp1xltdxjWshnS4lOrR06qg1qy_7U1Hog&_nc_zt=24&_nc_ht=scontent-iad6-1.xx&_nc_gid=tcw7zZPXpVvCUC0x28WG4w&_nc_ss=7e2a8&oh=00_AQCPEtJC5fGx6UL1JnKothy9YpeATNBfllqCb9ibPSCb5w&oe=6A5E68DF","https://www.facebook.com/philippineinsider","124","1040830735293511","MARIKINA CONG. MIRO QUIMBO, KINILALA ANG DPWH SA AGARANG PAGTUGON SA FLOOD CONTROL NG IHAWIG PUMPING STATION, DISTRITO 2

MARIKINA CITY — Personal na nagsagawa ng inspeksyon si Miro Quimbo sa Iwahig Pumping Station upang tiyakin ang kahandaan ng mga flood control facility ng lungsod sa harap ng inaasahang epekto ng masamang panahon at banta ng bagyo.

Ayon kay Quimbo, ang Iwahig Pumping Station ang pangunahing pasilidad na nagsisilbing daluyan ng tubig para sa mga lugar ng Doña Petra, Road 1, Road 2, at iba pang karatig-komunidad. Aniya, mahalagang matiyak ang maayos na operasyon ng pumping station upang mabawasan ang panganib ng pagbaha sa mga mabababang lugar ng Marikina.

Ipinaliwanag din niya na ang creek sa likod ng pumping station ay bahagi ng mga isinagawang pagpapahusay sa flood control system. Aniya, dati itong mababaw na bahagi lamang ngunit ginawang maayos na daluyan ng tubig upang mapalawak ang kapasidad ng drainage sa lugar.

Binanggit din ni Quimbo na agad silang kumilos matapos magkaroon ng problema sa daloy ng tubig nitong mga nakaraang araw. Kabilang sa mga isinagawang hakbang ang pagbubukas ng alternatibong ruta na nag-uugnay sa Caballani Road, Malanday, Nangka, Doña Petra, at J.P. Rizal upang mapadali ang pagresponde sakaling magkaroon ng emergency.

Pinasalamatan din ni Quimbo si DPWH Secretary Vince Dizon matapos umano nitong agarang tugunan ang kanilang kahilingan na magpakabit ng bagong generator sa Iwahig Pumping Station bilang bahagi ng paghahanda sa posibleng pananalasa ng bagyo.

Ayon kay Quimbo, 24 oras na patatakbuhin ang bagong generator upang matiyak ang tuloy-tuloy na operasyon ng pumping station, lalo na sa mga lugar na kritikal ang pagdaloy ng tubig tulad ng Doña Petra at Tumana.

Aniya, kinakailangang palitan ang dating generator matapos itong manakaw, kasama ang mga kable nito, na naging dahilan ng paghina ng kakayahan ng pasilidad na gumana sa panahon ng matinding pag-ulan. Inaasahan din aniya na sa darating na Agosto ay ililipat na sa pangangasiwa ng MMDA ang generator upang matiyak ang mas maayos na maintenance at operasyon nito.

Sa huli, nanawagan si Quimbo sa publiko na manatiling alerto at makiisa sa paghahanda laban sa posibleng epekto ng masamang panahon.

""Hindi natin alam kung gaano kalakas ang ulan na darating, kaya wala tayong ibang pagpipilian kundi ang maging handa,"" ani Quimbo.","1","7","421","263","1","16","1","710","244","1783523787000","https://www.facebook.com/reel/868134195944440/"
,"1782811179545368","video",,,,,,,,,,,,,,,,,,"100064709529422","The 700 Club Asia","https://scontent-iad6-1.xx.fbcdn.net/v/t39.30808-1/705327217_1450843597082611_6396054932078899855_n.jpg?stp=cp0_dst-jpg_tt6&cstp=mx2048x2048&ctp=s40x40&_nc_cat=1&ccb=1-7&_nc_sid=2d3e12&_nc_ohc=PAxyXwv9w-8Q7kNvwHbph-t&_nc_oc=AdrcbDvv9eecshZY_CVwzfyQDRdIfCzszoKKcEraOe1Ba-DmBC2uoQk1aSpm_oUPVTc&_nc_zt=24&_nc_ht=scontent-iad6-1.xx&_nc_gid=tcw7zZPXpVvCUC0x28WG4w&_nc_ss=7e2a8&oh=00_AQDtd8sUhNLLmgkeDt12-otko9Ur9dPnR4h0IqwKGvem1g&oe=6A5E3C05","https://www.facebook.com/The700ClubAsia","2","1493654026134901","Flood Control sa Pilipinas: Ano ang saloobin ng taumbayan?

Sa bawat pag-ulan, muling bumabangon ang usapin tungkol sa flood control sa ating bansa.
 
Sa episode na ito ng The 700 Club Asia Asks, nilapitan natin ang ating mga kababayan sa kalsada upang malaman ang kanilang mga hinaing, opinyon, at mungkahi tungkol sa isyung ito.",,,"58","34",,"4",,"96","4","1783562430000","https://www.facebook.com/reel/1782811179545368/"
"May be an image of ticket stub and text","1411010557745087","photo","https://www.facebook.com/photo.php?fbid=1411010557745087&set=a.717714100408073&type=3","May be an image of ticket stub and text that says 'The petitions for bail of accused Ubungen and Discaya, being impressed with merit, hereby GRANTED Considering the nature the malver nalversation case, amount involved and these two accused, evidences far presented against each of hereby fixed in the the following amounts Three Hundred Thousand Pesos and One Million Pesos (Php1,000,000.00) for accused Cezarah Rowena C. for accused Czar Ryan Ubungen, Discaya. Notify the parties, through counsels, via e-mail. so ORDERED. Issued this 7th day July 2026 in Lapu-Lapu City, Philippines. NEL NELSONG.LEYCO SON G. LEYCO Presiding Judge'","1411010544411755","photo","https://www.facebook.com/photo.php?fbid=1411010544411755&set=a.717714100408073&type=3",,,,,,,,,,,,,"100065084679190","Batas PH","https://scontent-iad6-1.xx.fbcdn.net/v/t39.30808-1/612674618_1256756356503842_5566304102666150236_n.jpg?stp=cp0_dst-jpg_tt6&cstp=mx1563x1563&ctp=s40x40&_nc_cat=1&ccb=1-7&_nc_sid=2d3e12&_nc_ohc=OU4435R-YE8Q7kNvwGHaFrg&_nc_oc=Adrbv8G-Yn6-f005wpbysHdIprZFOmfEyGT6SJR__U098WG65agjrLpAXOUvli7fKyA&_nc_zt=24&_nc_ht=scontent-iad6-1.xx&_nc_gid=tcw7zZPXpVvCUC0x28WG4w&_nc_ss=7e2a8&oh=00_AQCRkCpB75NBe-6hRZrP-RHDXGBNKeQxOb3Vkyobbcp8bw&oe=6A5E5A5D","https://www.facebook.com/profile.php?id=100065084679190","49","1411010587745084","DISCAYA PETITION FOR BAIL GRANTED 

TheLapu-Lapu City Regional Trial Court (RTC) branch 27 has granted the bail petition of high-profile contractor Sarah Discaya regarding the controversial P96.5-million ""ghost"" flood control project case in Davao Occidental.

In a 15-page resolution dated July 7, 2026, Presiding Judge Nelson Leyco ruled that the prosecution's current evidence fell short of proving Discaya's active personal participation in the alleged conspiracy. 

#batasph","30","194","115","5","11","1","14","370","63","1783493178000","https://www.facebook.com/permalink.php?story_fbid=pfbid02qhKVgtyJbuYBUoDJAc1dsTrTUfhSM2dT2jpSdmRBQZVPdTDeGXQMZF4S1Bp3zNQbl&id=100065084679190"
"May be an image of one or more people and text","979824551721459","photo","https://www.facebook.com/photo/?fbid=979824551721459&set=a.793581677012415",,,,,,,,,,,,,,,,,"100090817698517","Overseas Filipino Life Abroad","https://scontent-iad3-2.xx.fbcdn.net/v/t39.30808-1/735909162_974916065545641_8024535170507815711_n.jpg?stp=cp0_dst-jpg_tt6&cstp=mx1254x1254&ctp=s40x40&_nc_cat=105&ccb=1-7&_nc_sid=2d3e12&_nc_ohc=gho9W_VbOa0Q7kNvwHPjLr_&_nc_oc=AdoQ9P2RjO98iIQPGH5y0n2861DBVF5CfcLWbR4yAukqOJFkB2H3QTiwYAZxlozjlA0&_nc_zt=24&_nc_ht=scontent-iad3-2.xx&_nc_gid=tcw7zZPXpVvCUC0x28WG4w&_nc_ss=7e2a8&oh=00_AQD-scgsG7G5UKXu547PrX_7_4MJpDVG6CyDeJw3oRdOEQ&oe=6A5E4591","https://www.facebook.com/profile.php?id=100090817698517","23","979824595054788","✅ Ang flood control scam ay hindi yan parang kabute na sumulpot lang noong 2025.

✅ As a matter of fact, the core group of contractors involved in the flood control scam started securing their major government public works projects back in 2016. 

✅ Yes, the massive corruption in the DPWH started in 2016.

✅ Sarah Discaya admitted that they started engaging with the DPWH in 2016. 

✅ In 2015, Discaya's construction companies recorded zero revenue, but in 2016, they secured their very first government project deals worth P99 million. 

✅ By 2021, at the end of the Duterte administration, their annual take from government projects had multiplied to P16 billion. 

✅ Oh, 'di ba paldong-paldo? Walang maleta, pero bilyon-bilyong government public projects ang meron.

✅ Noong 2016 din nagsimulang maging involve si Zaldy Co sa flood control corruption noong siya ay Representative pa ng Ako Bicol Party-list. The same year kung saan ang kompanya niyang Sunwest Construction ay nakatanggap ng multi-billion project mula sa DPWH. 

✅ Between 2016 and 2025, Sunwest Corporation amassed a staggering P86 billion in government infrastructure contracts, with P33 billion funneled specifically into flood control projects.

✅ At noong 2018 and 2019, exposed na ni dating Representative Rolando Andaya Jr. ang multi-billion budget insertions. 

✅ He also revealed how the DBM and DPWH were systematically favoring a very tight group of contractors, at isa na nga roon ang Sunwest na pagmamay-ari ni Zaldy Co. 

✅ Andaya even presented documents na nagpapatunay kung paano minonopolize ni Zaldy Co ang Region V infrastructure funding.

✅ He also revealed how the then-DBM Secretary Benjamin Diokno's in-laws' construction firm cornered over P551 million in DPWH projects.

✅ Kahit si Duterte, inamin na may malalaking korapsyon na nangyayari sa DPWH, but his administration didn't blink an eye to investigate this massive corruption. 

✅ He even promoted Benjamin Diokno as the Governor of the BSP after Andaya accused him of being one of the orchestrators of the flood control scam in 2018. 

✅ Namatay na lang si Andaya, pero ni isa, wala man lang imbestigasyon na ginawa si Duterte.

✅ Fast forward to late 2025 kung saan nagsimulang imbestigahan ang flood control scam. 

✅ From then on, maraming DPWH executives ang nakasuhan at nakulong at makukulong pa. Marami ding big personalities kagaya nina Jingoy at Bong ang nakulong at nagtatago ngayon, lalo na si Zaldy Co.

✅ Now, the Dutertes are trying to divert the attention of the Filipino people. Gusto nilang palabuin ang flood control investigation sa pamamagitan ng isyu ng 18 Marines. 

✅ They want Filipinos to believe their lies about ""maletas."" 

✅ Ang too ay ang korapsyon ay nagsimula sa mga contractors at sa mga government contracts, hindi sa maleta.

Kaya kung tatanungin kung sino ang mastermind? 

Yung isa ay nakakulong sa , at yung isa naman ay nagtatago na.😂🤣

realtalk
ctto.","1","5","74","2","2",,"2","86","33","1783502198000","https://www.facebook.com/permalink.php?story_fbid=pfbid034RoGDLVLEjCe1F9dAwcvS3QniFu75Bdx2AT6E1nHRVLxTJ7mrwJ1t3Jc3veR7DUNl&id=100090817698517"
"May be an image of text","1636165948511648","photo","https://www.facebook.com/photo/?fbid=1636165948511648&set=a.130010165793908",,,,,,,,,,,,,,,,,"100063547757988","Quezon City Updates","https://scontent-iad6-1.xx.fbcdn.net/v/t39.30808-1/615845704_1475545221240389_1377806409364432749_n.jpg?stp=cp0_dst-jpg_tt6&cstp=mx2048x2048&ctp=s40x40&_nc_cat=106&ccb=1-7&_nc_sid=2d3e12&_nc_ohc=igu705AK5m0Q7kNvwFV2MlL&_nc_oc=AdoBV5hP1S2Tadrf8PUXMdyr6lN2KZZO9lnz8FASbVu-Z5BfF5w1vJ-o_tEjTuoL4T8&_nc_zt=24&_nc_ht=scontent-iad6-1.xx&_nc_gid=tcw7zZPXpVvCUC0x28WG4w&_nc_ss=7e2a8&oh=00_AQB9kTfmpKbrzHWZ5631ey8651CgfuSL_8ZrUY2Dy0G9aA&oe=6A5E397D","https://www.facebook.com/QuezonCityUpdate","198","1636166065178303","Sinabi ni Batangas 1st District Representative Leandro Leviste na dapat magbigay ng paliwanag si dating DPWH Secretary Manuel Bonoan hinggil sa umano’y paglilipat ng pondong inilaan para sa PhilHealth at Philippine Deposit Insurance Corporation (PDIC) patungo sa flood control projects ng Department of Public Works and Highways (DPWH).

Ayon kay Leviste, hindi umano ang Kongreso ang nagpasya sa naturang realignment ng pondo. Hiniling din niya ang paglilinaw sa naging batayan sa pagpili ng mga proyekto at mga kontraktor na sangkot sa implementasyon ng mga ito.","8","55","2965","223","8","16","9","3284","269","1783582023000","https://www.facebook.com/QuezonCityUpdate/posts/pfbid02bbZ8gZ9zos4Vepf4DhMzXBh2jcoMNfWjszJvf2khq9pKZ4nmcxDEe71DXkPEbL9kl"
,"1431047045528651","video",,,,,,,,,,,,,,,,,,"100063593055667","Glen Juego - Reporter Dad","https://scontent-iad6-1.xx.fbcdn.net/v/t39.30808-1/673654418_1579134057549681_8095080113604694811_n.jpg?stp=cp0_dst-jpg_tt6&cstp=mx960x958&ctp=s40x40&_nc_cat=102&ccb=1-7&_nc_sid=2d3e12&_nc_ohc=QGsQC8H4OtoQ7kNvwHWR2lA&_nc_oc=AdpWi9SJuyTL8aFTJtzRSMiJunlmyitNm8RR8l92SnYNSdM4obTRrSF-1d78tj43oUk&_nc_zt=24&_nc_ht=scontent-iad6-1.xx&_nc_gid=LEP_LrzQURJaXp997lXT3A&_nc_ss=7e2a8&oh=00_AQDQx6xSDa65UFf7exNcSbHEMP3GLH2k6eNiCjnjIfh1wA&oe=6A5E666C","https://www.facebook.com/glenjuego","74","1657352286394524","“YAN ANG TANONG”

ng karamihan dahil kilala si dating Rep.Mike Defensor sa mga sumusuporta sa 18 nagpakilalang dati umanong bodyguard at “bagmen” ni dating Cong. Zaldy Co.

Naniniwala raw kasi si Defensor na may basehan ang mga ibinunyag ng 18. 

Nakakulong ngayon si Defensor dahil sa kasong plunder na non bailable. 

Kamakailan nagsumite ng affidavit sa Ombudsman ang ilan sa 18 bagmen para sa imbestigasyon sa flood control scam. 

#CorruptionPH #18Bagmen #MikeDefensor #FloodControl","1","61","65","6","1","1",,"135","7","1783476195000","https://www.facebook.com/reel/1431047045528651/"
"May be an image of text that says 'DATI RATI AY KASAMA KO PA KAYO MAG RALLY AT BANATAN SI MARCOS KAYO PA NGA ANG NANGUNGUNA. NGAYON AY HINDI LANG KAYO TAHIMIK KUNDI DUMIDIPENSA PA KAYO SA MAGNANAKAW NA YAN! IBANG KLASE KA INDAY, PINAGKAISA MO SILA LAHAT. "" Mga DILAWANG TRAYDOR sila f July2 2026 ATTY. ROWENA GUANZON 2 AKAMPINK AKAMPINK NEVER AGAIN MARCOS NEVERAGAIN-MARCOS NA RIN'","1470876875066324","photo","https://www.facebook.com/photo/?fbid=1470876875066324&set=a.399482725539083",,,,,,,,,,,,,,,,,"100064320777011","DDS para sa Pagbabago","https://scontent-iad3-1.xx.fbcdn.net/v/t39.30808-1/260824167_1268920320268142_8067342795990869026_n.jpg?stp=cp0_dst-jpg_tt6&cstp=mx828x828&ctp=s40x40&_nc_cat=110&ccb=1-7&_nc_sid=2d3e12&_nc_ohc=M-dJs4WJoA0Q7kNvwGF8Pw5&_nc_oc=Adot7oPB1B0ijvGk-UFshkm44pdd_aqR-GyMO_ijYxO4XKO7cbnvHuBY_o3h-eSVPRM&_nc_zt=24&_nc_ht=scontent-iad3-1.xx&_nc_gid=LEP_LrzQURJaXp997lXT3A&_nc_ss=7e2a8&oh=00_AQA8oj3ivq0iLGxpspBYa1L9ylFu7AO7tXv-clVeAFlOcA&oe=6A5E686A","https://www.facebook.com/SaraforVPDigongforSenator","22","1470876908399654","Dati Never Again ngayon Never Against. Anyare sa mga PINKLAWAN? Pera pera lang pala. Bumaliktad sa pinaglaban nila Ninoy Cory Noynoy. 

Atty Rowena Guanzon for Senator 2028  VP Inday Sara Duterte for President. UniPink Diretso sa Inidoro 2028 Sapagkat nagbubulagbulagan sa B4n646 trillion pesos DPWH flood control projects PLUNDER MASTERMINDS - B4N646 LAM TAMBA Sandro. 

Marcos legacy. B4N646 presidency. Massive graft and corruption. Crowd control. Credit grabbing.

Weak President Lame Duck B4N646 Sinking Ship Regime Change BBM Resign Hair follicle drug test na N61W1

Bring back home Tatay Digong

Defend VP Inday Sara Duterte 

#graft #contractor #DPWH #kurap #kurapsyon #pera #pandarambong #flooding #corruption #tambaloslos #ZaldyCo #flood #DUTERTELANGSAKALAM    #DPWH #Philippines #Pilipinas #Mabuhay #highlights #bulacan #mindoro #MetroManila #NCR #plunder #bookthem #followers #everyone  #HouseofRepresentaThieves #Du30 #VPIndaySaraDuterte #BringPRRDHome","2","71","230","4",,"2",,"309","36","1783499128000","https://www.facebook.com/SaraforVPDigongforSenator/posts/pfbid07oBGRb9Znu7HMZDbUDoKJvF4fYRP1yEXrUFkZx9okG9uiwRiAGwQBzpteY3e9m9Hl"
"May be an image of text that says 'Senator Erwin Tulfo handang mag bitiw sa pwesto bilang senador kung may ebidensyang magpapatunay na sangkot siya sa Flood Control scam? Giit ni Erwin wala umano siyang natanggap na pondo para sa Flood Control o sa farm to market road kahit noong Congressman pa siya.'","1023958850243321","photo","https://www.facebook.com/photo/?fbid=1023958850243321&set=a.163246386314576",,,,,,,,,,,,,,,,,"100078876468899","Kuys Juan TV","https://scontent-iad6-1.xx.fbcdn.net/v/t39.30808-1/316816929_175864545052760_6139680065603432330_n.jpg?stp=cp0_dst-jpg_tt6&cstp=mx720x720&ctp=s40x40&_nc_cat=1&ccb=1-7&_nc_sid=2d3e12&_nc_ohc=N61qDwlgivwQ7kNvwFlAai8&_nc_oc=Adp833uRS67ZQQSBR4UMGhxRv1Zyl4vZm8kOcZxrlZ8FN0Lp7al8gz9HcbdWXfKdO78&_nc_zt=24&_nc_ht=scontent-iad6-1.xx&_nc_gid=LEP_LrzQURJaXp997lXT3A&_nc_ss=7e2a8&oh=00_AQC-8CmqYzcp2SuNlTxi4UToEd4PVzTW4GCZNIdQ4eVDjw&oe=6A5E34CD","https://www.facebook.com/Khopars","69","1023959746909898","Senator Erwin Tulfo handang mag Resign bilang Senador kung may evidence umanong magpapakitang sangkot siya sa Flood Control corruption?

anong masasabi ninyo mga boss?","16","55","16",,,,,"87","2","1783487478000","https://www.facebook.com/Khopars/posts/pfbid02qkGX2NMDfi7NiuxkAsAuqUa99c8G59vn923eSNyU9w3aeq2PhHx1pQ82tPkPTb7fl"
"May be an image of text that says 'VOX DEI BREAKING NEWS શાડ્રેર ON ELECTIONS VOX OPUL REPUBLIC μλάέμΣ 山 m VES 19 1940 V940 40 OF TH EDWIN DAGATAN DAGATANMAYLIG MAYLIG JUSTICE IS SERVED? COMELEC DISMISSES ₱75-MILLION CAMPAIGN DONATION COMPLAINT AGAINST SEN. RODANTE MARCOLETA EDWIN DAGATAN MAYLIG TRUTH. JUSTICE. ACCOUN TRUTH.JUSTICE.ACCOUNTABILIT ACCOUNTABILITY. ABILITY. f J'","1471634934990518","photo","https://www.facebook.com/photo/?fbid=1471634934990518&set=a.399482725539083",,,,,,,,,,,,,,,,,"100064320777011","DDS para sa Pagbabago","https://scontent-iad3-1.xx.fbcdn.net/v/t39.30808-1/260824167_1268920320268142_8067342795990869026_n.jpg?stp=cp0_dst-jpg_tt6&cstp=mx828x828&ctp=s40x40&_nc_cat=110&ccb=1-7&_nc_sid=2d3e12&_nc_ohc=M-dJs4WJoA0Q7kNvwGF8Pw5&_nc_oc=Adot7oPB1B0ijvGk-UFshkm44pdd_aqR-GyMO_ijYxO4XKO7cbnvHuBY_o3h-eSVPRM&_nc_zt=24&_nc_ht=scontent-iad3-1.xx&_nc_gid=LEP_LrzQURJaXp997lXT3A&_nc_ss=7e2a8&oh=00_AQA8oj3ivq0iLGxpspBYa1L9ylFu7AO7tXv-clVeAFlOcA&oe=6A5E686A","https://www.facebook.com/SaraforVPDigongforSenator","18","1471634961657182","Kung batay sa Comelec ay walang krimem, dapat walang kaso si Bend the Law Boying. 

Atty Rowena Guanzon for Senator 2028
Silimanians & Visayans for Atty. Rowena Guanzon 

 VP Inday Sara Duterte for President. UniPink Diretso sa Inidoro 2028  Sapagkat nagbubulagbulagan sa B4n646 trillion pesos DPWH flood control projects PLUNDER MASTERMINDS - B4N646 LAM TAMBA Sandro. 

Weak President Lame Duck B4N646 Sinking Ship Regime Change BBM Resign Hair follicle drug test na N61W1 

Bring back home Tatay Digong.   

Defend VP Inday Sara Duterte! #VPSara #VPSaraDuterte #VPIndaySara #Du30 #Duterte #Philippines #Pilipinas #Mabuhay #everyone #highlights #followers #friends‰ #TatayDigong #nabudol #like #VPIndaySaraDuterte #thehague   #netherlands  #BringPRRDHome #Cebu #DavaoCity  #Davao #Manila #QuezonCity #Caloocan #leyte #Samar #OFW  #Makati #DUTERTELANGSAKALAM",,"4","217","63","1","1","1","287","31","1783577519000","https://www.facebook.com/SaraforVPDigongforSenator/posts/pfbid02WtRLHgZexaVRTXsrP7JSJojQrzyUyBjaSrd5Mxmu3AXxmfHCiAcQa7ztvxc2f92Xl"
"May be an image of basketball and text that says 'W WOW JULY JULY8,2026 8, 2026 BASKETBALL COURT WITH DETENTION BASIN BARANGAY TANDANG SORA ""Dito sa QC, prayoridad po natin ang mga science- -based and nature- based solutions upang matugunan ang suliraning dulot ng pagbaha. Ang mga solusyon πα ito ay alinsunod din sa ating Drainage Master Plan na ating naisakatuparan sa tulong ng UP Resilience Institute."" QUEZON CITY MAYOR JOY BELMONTE'","1593795048975231","photo","https://www.facebook.com/photo/?fbid=1593795048975231&set=a.658885435799535",,,,,,,,,,,,,,,,,"100050342536301","Wow Daan","https://scontent-iad3-2.xx.fbcdn.net/v/t39.30808-1/568691114_1380169673671104_5238993503787836464_n.jpg?stp=cp0_dst-jpg_tt6&cstp=mx960x960&ctp=s40x40&_nc_cat=103&ccb=1-7&_nc_sid=2d3e12&_nc_ohc=2J1otVjz3GoQ7kNvwHuflxu&_nc_oc=Ado1nrE987v7lNvtqN_0DCvURB8ov8WEpbtNAwnR49UBwydguelxh2EmU4EdLcWj49c&_nc_zt=24&_nc_ht=scontent-iad3-2.xx&_nc_gid=LEP_LrzQURJaXp997lXT3A&_nc_ss=7e2a8&oh=00_AQDKDi-65Ovj72x7B1CcY0WrEeF8g4TOKPX_CvKYPQ5Izg&oe=6A5E3C85","https://www.facebook.com/wowdaan","38","1593795082308561","Pinangunahan ni Mayor Joy Belmonte ang pagbubukas ng ikalawang Basketball Court with Detention Basin sa Barangay Tandang Sora—isang makabagong pasilidad na pinagsasama ang sports, flood mitigation, at environmental sustainability.

Bukod sa magsisilbing venue para sa basketball, volleyball, pickleball, zumba, at iba pang community activities, may kakayahan din itong mag-imbak ng hanggang 1,256 cubic meters ng tubig-ulan upang makatulong sa pag-iwas sa pagbaha.

Mayroon din itong water harvesting system na binubuo ng dalawang tangke na may kapasidad na 7,500 liters bawat isa para sa pagdidilig ng halaman at maintenance ng pasilidad.

Isang proyekto na nagbibigay ng espasyo para sa palakasan, proteksyon laban sa baha, at pangangalaga sa kalikasan.

#JoyParaSaBayan #KasamaKaSaPagunlad #SerbisyoSaBayan #UnaKaSaSerbisyo",,,"420","2",,,,"422","143","1783476031000","https://www.facebook.com/wowdaan/posts/pfbid02BKBSbiTJiX3sNwYgtPHPW8B9X1ntiND59JYz77EiezpLUVY2R7g6fBsCiMrnAtZjl"
"May be an image of text that says '"" Just because we re having an impeachment trial, hindi ibig sabihin niyan na hindi dapat pag-aralan o hindi dapat humanap ng solusyon sa pananalapi't ekonomiya ng Pilipinas at ang kawalan ng trabaho ng ating mga kababayan. THERE ARE MANY UNSOLVED ISSUES AND PROBLEMS. Hindi lang impeachment at flood control. WE HAVE to FIND A WAY to ADDRESS ALL OF THAT SIMULTANEOUSLY. WE HAVE to FIND A WAY to RISE ABOVE. SENATE MINORITY LEADER KUYA ALAN PETER CAYETANO JULY 8, 2026'","1592486392469189","photo","https://www.facebook.com/photo/?fbid=1592486392469189&set=a.667662208284950",,,,,,,,,,,,,,,,,"100051235311083","Pilipinas News Online","https://scontent-iad3-2.xx.fbcdn.net/v/t39.30808-1/701789019_1549856840065478_1619431172718715806_n.jpg?stp=cp0_dst-jpg_tt6&cstp=mx1254x1254&ctp=s40x40&_nc_cat=105&ccb=1-7&_nc_sid=2d3e12&_nc_ohc=vJ48ImrjCHEQ7kNvwHXc6jk&_nc_oc=AdpfCqBjrTMokFw2JERBqlqFCvsdjMgTAYfplpxUCMO4ndHL3EI0Uv54QaAwpPDp-rU&_nc_zt=24&_nc_ht=scontent-iad3-2.xx&_nc_gid=LEP_LrzQURJaXp997lXT3A&_nc_ss=7e2a8&oh=00_AQDvYXLjAzcXu6faOZTidbV-5cTbWHGv3Nym4_QDg2y-xg&oe=6A5E447F","https://www.facebook.com/pilipinasnewsonline01","28","1592486425802519","""Just because we're having an impeachment trial, hindi ibig sabihin niyan na hindi dapat pag-aralan o hindi dapat humanap ng solusyon sa pananalapi't ekonomiya ng Pilipinas at ang kawalan ng trabaho ng ating mga kababayan. There are many unsolved issues and problems. Hindi lang impeachment at flood control. We have to find a way to address all of that simultaneously. We have to find a way to rise above.""

- Senator Alan Peter Cayetano

#KuyaAlanInAction
#KuyaAlan
#AlwaysCayetano
#SenatorAlanPeterCayetano
#CayetanoInAction
#SenateMinorityLeader","1","3","411",,,,,"415","121","1783572458000","https://www.facebook.com/pilipinasnewsonline01/posts/pfbid0NQDDTUsaE8VUr1J317qkcGQTdnd2GRnTj4kyS5Pik1WcQPDnkePQruDL6Jic72VGl"
"May be an image of one or more people and text that says 'CORRUPT CORRUPTSYSTEN SYSTEM SARADUTERTE VOL SARA DUTERTE DENT WE THE PEOPLE. WE THE NATION. HONOR. DUTY. HONOR.DUTY. COUNTRY. 文文 WE WILL PREVAIL.'","10239583004027589","photo","https://www.facebook.com/photo/?fbid=10239583004027589&set=a.10202564640511637",,,,,,,,,,,,,,,,,"1665055500","Rodolfo Valencia","https://scontent-iad3-1.xx.fbcdn.net/v/t39.30808-1/744055727_10239586187147165_134463348008783375_n.jpg?stp=cp0_dst-jpg_tt6&cstp=mx2040x2048&ctp=s40x40&_nc_cat=104&ccb=1-7&_nc_sid=1d2534&_nc_ohc=7O0ImNSX75oQ7kNvwFVkDRB&_nc_oc=AdqFsfw-iwwMPkaw6Fj4vuyNU9MUKU4LMBXvKlbX2zkN-SDevGzH3-jrV0OscI81Ees&_nc_zt=24&_nc_ht=scontent-iad3-1.xx&_nc_gid=pxyMqTkzl89mR8m7A3DytQ&_nc_ss=7e2a8&oh=00_AQC86QrXL76eIemJbRBeJWfx6EnVLPc0AMat2K5YA6WILg&oe=6A5E49FD","https://www.facebook.com/rodvalencia1x","117","10239583005107616","ANG MAKADEMONYONG SABWATAN NG MGA SINDIKATO AT ANG KANGAROO COURT LABAN KAY VP SARA DUTERTE! 🔥

​Napakalinaw na napapalibutan na tayo ng dambuhalang sindikato at mga makademonyong elemento sa kasalukuyang pamahalaan na walang ibang interes kundi ang simutin ang kaban ng bayan para sa kanilang sariling bulsa. Harapan nang nakikita ng sambayanang Pilipino ang matinding katotohanan: ginagawa ng administrasyong ito ang lahat ng maruruming taktika at manipulasyon upang pinilit na matuloy ang impeachment laban kay Bise Presidente Sara Duterte kahit na napakalabo, walang kwenta, at pilit na pilit ang kanilang mga basehan. 

Ang masakit at nakaririmarim, sa usapin pa lamang ng impeachment ay halatang-halata na may luto na at tapos na ang hatol sa kanilang mga isipan, gayong ang isang tunay na proseso ng batas ay dapat nagpapakita ng kawalan ng pagkiling o impartiality. Ito ay walang iba kundi isang garapalang Kangaroo Court na pinatatakbo ng mga sakim sa kapangyarihan upang sirain ang natitirang pag-asa ng mga Pilipino. Habang nagkakandarapa sila sa pag-atake kay VP Sara, ginawa naman nila ang lahat ng paraan upang harangin, ipitin, at tuluyang pigilan ang anomang seryosong imbestigasyon sa trilyong-pisong Flood Control Scandal na sana ay para sa kaligtasan at kapakanan ng naghihirap na taumbayan. 

Masakit isipin na ang mga tapat na lingkod-bayan na naghahalukay ng katotohanan at nagtatanggol sa kaban ng bayan ay sila pa ngayon ang binaligtad at kinasuhan ng mga gawa-gawang Plunder tulad ni Sen. Rodante Marcoleta at iba pang mga whistleblower.

​Ang pinakamalaking kalaban ng sambayanang Pilipino ngayon ay walang iba kundi si Ombudsman Secretary Boying Remulla, na ginagamit ang kanyang posisyon—na pinilit niyang makuha—upang magsilbing executioner ng administrasyon na nag-iimbento ng mga kaso laban sa sinomang hindi susunod at lalaban sa kanilang makademonyong gawain.

Kapansin pansin sa kasalukuyan ay halos wala ng maniwala sa bangag na administrayong ito at tanging mga troll army at troll farm sa social media na binabayaran ng milyon milyon ang nagtatanggol sa mga sindikatong ito.  Ang matematika ng ating pambansang lakas na nagpapakita ng humigit-kumulang 388,000 na pinagsamang puwersa ng active personnel ng AFP at PNP laban sa 117.7 milyong Pilipino ay isang matinding babala na ang kapangyarihan ay hindi kay Boying Remulla o sa mga sindikato sa itaas, kundi sa buong soberanong mamamayan ayon sa Section 1, Article 2 ng ating Saligang Batas. 

​Ang ginagawang ""Bend the Law"" at panggigipit ngayon ng administrasyong Marcos Jr. sa tulong ng Comelec dismissal sa huwad na reklamo laban kay Sen. Marcoleta ay patunay na lumalaban ang katotohanan, ngunit ang patuloy na pagtulak sa maruming impeachment kay VP Sara at pagtatakip sa 13.066 Trilyong Piso na nawawalang pondo ng bayan mula sa PhilHealth, Maharlika Fund, SSS, GSIS, bentahan ng NAIA Terminal 3, at ang 1.7 Trilyong Piso na Flood Control Scandal ay hindi na palalampasin ng nagkakaisang lakas ng mga Pilipino. Panahon na upang ang mga matatapang na legal luminaries, ang ating mga kasundaluhan, at ang buong nagkakaisang sambayanan ay tumayo at tuluyang gibain ang pader ng mga mapagpaimbabaw na sindikatong ito, dahil ang katarungan ng Diyos at ang kapangyarihan ng soberanong bayan ang siyang laging mananaig sa huli!
#StopSelectiveJustice #KangarooCourt #RodanteMarcoleta #RodolfoValencia #RebolusyonNgIsip #SoberanongMamamayan #GisingPilipinas #OustTheSyndicate #BendTheLaw #HuwadNaHustisya #FloodControlScam #13TrillionMissing #Article2Section1 #HistoryRepeats1649 #MilitarAtPulisParaSaBayan #KatotohananAngMananaig","3","4","285","73","3","10","1","379","84","1783633844000","https://www.facebook.com/rodvalencia1x/posts/pfbid0zaTur6xP9sTTe5Cgj7eUk8gZGL4hnTE9Rv7L6j3urumRpwvmokoQ3UERKdiaE3xLl"
,,,,,,,,,,,,,,,,,,,,"100053688464333","Wer2GoPH","https://scontent-iad6-1.xx.fbcdn.net/v/t39.30808-1/600181700_1411525033980432_1580578857878076626_n.jpg?stp=cp0_dst-jpg_tt6&cstp=mx1069x1060&ctp=s40x40&_nc_cat=102&ccb=1-7&_nc_sid=2d3e12&_nc_ohc=we8hkutwll0Q7kNvwGHgzy7&_nc_oc=Adqag3SdQvPW90Fb-1ZAkzBLKhvZ8iicCbSayQETMx9mWdPUxVrcrweAfgxVEepjlHs&_nc_zt=24&_nc_ht=scontent-iad6-1.xx&_nc_gid=pxyMqTkzl89mR8m7A3DytQ&_nc_ss=7e2a8&oh=00_AQDx607AsPd3RUIxSLLhTUynvp5HscstCosn44zg04Pb-g&oe=6A5E4ACB","https://www.facebook.com/Wer2GoPH","32","1576346340831633","Kailan kaya hearing nung flood control? Binaon na sa baha yung trillones🙃","3","39","117",,"15",,,"174","36","1783499319000","https://www.facebook.com/Wer2GoPH/posts/pfbid0yFFeCpMioA4QiX6QrgGpwCQK4Hgmr4xhTw9wZBymkLRWLx3bRa2PQwb54NfGScfFl"
"May be an image of one or more people and newsroom","1561053086039181","photo","https://www.facebook.com/photo.php?fbid=1561053086039181&set=a.617990880345411&type=3","May be an image of one or more people, people studying, newsroom and text that says '一'","1561053096039180","photo","https://www.facebook.com/photo.php?fbid=1561053096039180&set=a.617990880345411&type=3","May be an image of one or more people and newsroom","1561053146039175","photo","https://www.facebook.com/photo.php?fbid=1561053146039175&set=a.617990880345411&type=3","May be an image of one or more people and text","1561053076039182","photo","https://www.facebook.com/photo.php?fbid=1561053076039182&set=a.617990880345411&type=3",,,,,"100064035127117","DZXL News","https://scontent-iad6-1.xx.fbcdn.net/v/t39.30808-1/595430557_1370050271806131_7771038442742399965_n.jpg?stp=cp0_dst-jpg_tt6&cstp=mx1080x1080&ctp=s40x40&_nc_cat=1&ccb=1-7&_nc_sid=2d3e12&_nc_ohc=eroiLrIgjVgQ7kNvwGwWuUh&_nc_oc=AdradVLH4nLv4I1D258Zv48HG6IWtGadeKlE4wuHgZjgC4Sz8CBZU0_B5DDQ-nTcWK4&_nc_zt=24&_nc_ht=scontent-iad6-1.xx&_nc_gid=pxyMqTkzl89mR8m7A3DytQ&_nc_ss=7e2a8&oh=00_AQDC5zJljMUCprSGpQCe01UkbYDdkHlwI9G31DAESaTG1w&oe=6A5E3D24","https://www.facebook.com/DZXLNews","51","1561055266038963","TINGNAN: Senator Erwin Tulfo, naghain ng kaso laban kina Atty. Levito Baligod, ex-Congressman Mike Defensor, incumbent Quezon City Councilor Ranulfo Ludovica, Atty. Virgilio Garcia at ilang miyembro ng 18-ex bodyguards ni dating Cong. Zaldy Co sa Mandaluyong City Prosecutor’s Office ngayong araw. 

Ang reklamo ay nag-ugat sa pagdawit sa senador sa maanomalyang flood control projects. | via Conde Batac, RMN Manila

📸: Office of Sen. Erwin Tulfo

#DZXLnews558
#RMNnews
#TatakRMN","8","89","24","2",,,"1","124","4","1783478906000","https://www.facebook.com/DZXLNews/posts/pfbid02H7SQFjHPAd5Mwt5gBtMdEFzZfmLPizGCgt1Fxz6hegnkkWTUN1AfrWSyVjr8gKwPl"
,,,,,,,,,,,,,,,,,,,,"100034978034888","Ex-Congressman Kiko Barzaga","https://scontent-iad6-1.xx.fbcdn.net/v/t39.30808-1/672687561_1702690944240157_3507899947745053529_n.jpg?stp=cp0_dst-jpg_tt6&cstp=mx1244x1244&ctp=s40x40&_nc_cat=1&ccb=1-7&_nc_sid=1d2534&_nc_ohc=y8FYzTXZLAsQ7kNvwHYkyFD&_nc_oc=AdruxTve72fkgChbqFkEmnWq1Kg8aFJu22zjql4EGXBFjW5X52Colzm606iIi7iXhjk&_nc_zt=24&_nc_ht=scontent-iad6-1.xx&_nc_gid=pxyMqTkzl89mR8m7A3DytQ&_nc_ss=7e2a8&oh=00_AQA19ST2SWhywmdnZ0rErlibUa25b6l8FwLxmUosFMs60Q&oe=6A5E5197","https://www.facebook.com/kiko.barzaga","0","911659875296394","","1","61","35",,,"1",,"98","3","1783580197000","https://www.facebook.com/sdsnewyorkofficial/posts/pfbid05cvvU52zm17ucvaeTckqwxLdhraXRdUkYK2aJfVgx2mLrgr4NcRPNunzts4Cr2F6l"
,,,,,,,,,,,,,,,,,,,,"1330686986","Rob Rances","https://scontent-iad6-1.xx.fbcdn.net/v/t39.30808-1/491262409_10229142006638035_2133565224181582191_n.jpg?stp=cp0_dst-jpg_tt6&cstp=mx1152x1152&ctp=s40x40&_nc_cat=1&ccb=1-7&_nc_sid=1d2534&_nc_ohc=wCHj3uQeHaIQ7kNvwGrvGoQ&_nc_oc=AdrdB13m1f8Ary9z31_ESKv-yQYyqoeSJbBvQxXRH1_Du7DSGQ67cQITDPFheT92UMw&_nc_zt=24&_nc_ht=scontent-iad6-1.xx&_nc_gid=pxyMqTkzl89mR8m7A3DytQ&_nc_ss=7e2a8&oh=00_AQBCrHNGk29gWdzpHPOW3G_XiZepg6FYs0gky3VAkI2Ftw&oe=6A5E5F8D","https://www.facebook.com/robrances","151","1560732835625572","","65","246","70","1",,"1",,"383","15","1783601090000","https://www.facebook.com/raullambino/posts/pfbid02hJF2NzrU58fBNGbnAcAZ2UnUckh9z6BsHirwMBX4s1aNQHQWcEMCGjm2wx32UwsWl"
,,,,,,,,,,,,,,,,,,,,"61568316993086","Marcos Loyalist News","https://scontent-iad6-1.xx.fbcdn.net/v/t39.30808-1/721517374_122180388056610566_3596738247564530088_n.jpg?stp=cp0_dst-jpg_tt6&cstp=mx709x705&ctp=s40x40&_nc_cat=109&ccb=1-7&_nc_sid=2d3e12&_nc_ohc=2Db84wLlOOwQ7kNvwG-XnjT&_nc_oc=Adruu0jbFdWPbBF4MKa6MtLnpefFEblqq6TaNNAwFmxrePdm64hsxTdINq1iLhaLmrU&_nc_zt=24&_nc_ht=scontent-iad6-1.xx&_nc_gid=pxyMqTkzl89mR8m7A3DytQ&_nc_ss=7e2a8&oh=00_AQBn-pJ6_cIRA-JAkL99kLJgsyMQw5C3kRAYTaG7ZHMYiA&oe=6A5E4A6B","https://www.facebook.com/profile.php?id=61568316993086","40","4725357370936116","Kaya pala😂😂😂😂
Ni isa sa kanila walang pumirma, bakit nga ba😂😂😂😂","2","31","44","3",,"1",,"81","5","1783477041000","https://www.facebook.com/groups/2983395858465618/permalink/4725357370936116/"
