"attachments/0/accessibilityCaption","attachments/0/id","attachments/0/type","attachments/0/url","attachments/1/accessibilityCaption","attachments/1/id","attachments/1/type","attachments/1/url","attachments/2/accessibilityCaption","attachments/2/id","attachments/2/type","attachments/2/url","attachments/3/accessibilityCaption","attachments/3/id","attachments/3/type","attachments/3/url","attachments/4/accessibilityCaption","attachments/4/id","attachments/4/type","attachments/4/url","author/id","author/name","author/profilePicture","author/profileUrl","commentsCount","postId","postText","reactions/anger","reactions/haha","reactions/like","reactions/love","reactions/sorry","reactions/support","reactions/wow","reactionsCount","sharesCount","timestamp","url"
"No photo description available.","1330377695925956","photo","https://www.facebook.com/photo.php?fbid=1330377695925956&set=a.162321872731550&type=3","May be an image of one or more people","1330377652592627","photo","https://www.facebook.com/photo.php?fbid=1330377652592627&set=a.162321872731550&type=3","May be an image of one or more people and people climbing","1330377665925959","photo","https://www.facebook.com/photo.php?fbid=1330377665925959&set=a.162321872731550&type=3","May be an image of one or more people","1330377659259293","photo","https://www.facebook.com/photo.php?fbid=1330377659259293&set=a.162321872731550&type=3","May be an image of one or more people","1330377685925957","photo","https://www.facebook.com/photo.php?fbid=1330377685925957&set=a.162321872731550&type=3","100068612142206","MMDA","https://scontent-iad3-1.xx.fbcdn.net/v/t39.30808-1/242803846_162321929398211_6744508622629887688_n.jpg?stp=cp0_dst-jpg_tt6&cstp=mx604x604&ctp=s40x40&_nc_cat=1&ccb=1-7&_nc_sid=2d3e12&_nc_ohc=-GxMrIa-rlcQ7kNvwFlMXQI&_nc_oc=Adqt-2IPGIC9yoU6BEfmdfEGr4cgTmkS2DjphgyYgoFTnRQd0tVk3KwF86uDRt0GGY0&_nc_zt=24&_nc_ht=scontent-iad3-1.xx&_nc_gid=b1d-9YjOKc6hDjPLBC4rJQ&_nc_ss=7e2a8&oh=00_AQCC5OBFBeOa-gSy9efe9xf7kaQ8JleT59aivtdtHsUB-A&oe=6A5E3492","https://www.facebook.com/MMDAPH","697","1330377879259271","TAMBAK NA BASURA NILINIS

Naging abala ang MMDA Flood Control Team, ka-tandem ang TUPAD beneficiaries ng DOLE, sa  puspusang cleanup operations sa kahabaan ng estero sa Katipunan, Quezon City.

Gamit ang mga kagamitan o minor tools, nakapaghakot sila ng 2.0 cubic meters ng basura at burak.

Ang patuloy na paglilinis ay bahagi ng mas malawak na inisyatiba upang mapabilis ang paghupa ng tubig-baha at maiwasan ang pagbara ng mga daluyan ng tubig sa Metro Manila.

Makiisa sa pamamagitan ng tamang pagtatapon ng basura. 
#mmda  #mmdaatyourservice #floodcontroloperations","20","33","2431","549","101","251","25","3410","143","1783603233000","https://www.facebook.com/MMDAPH/posts/pfbid0815fiSmu9WXDf2Xx59KPbWUnYw9Y1UgZuKva1Zb8nNdn1srVfsVHH87V77y4z8rwl"
,,,,,,,,,,,,,,,,,,,,"100083401661702","Malabon City Government","https://scontent-iad6-1.xx.fbcdn.net/v/t39.30808-1/294670724_112253718222790_121945222629439794_n.jpg?stp=cp0_dst-jpg_tt6&cstp=mx531x531&ctp=s40x40&_nc_cat=106&ccb=1-7&_nc_sid=2d3e12&_nc_ohc=wnnWyuJoe6sQ7kNvwH0n1vw&_nc_oc=Adrf61vCahflCdBZ6nrdBogmAbt7QsE24-r5v3RhhA4gVM3k-IhIcdra3VN-wgR5DeM&_nc_zt=24&_nc_ht=scontent-iad6-1.xx&_nc_gid=b1d-9YjOKc6hDjPLBC4rJQ&_nc_ss=7e2a8&oh=00_AQCnCCxadUlWZ4jJr0LShyBX-qD0MGqXwItXKaRg990c-g&oe=6A5E42CD","https://www.facebook.com/MalabonCityGov","19","1329141852716207","","1","34","318","241","9","230","1","834","7","1783470488000","https://www.facebook.com/MMDAPH/posts/pfbid0XFHCSNyfsTSHy17FgWTjYd2nWgHUE5kafp1z2s9XUERZgrtDGpJ1RcejFhDo3uVZl"
,"1385119986815616","video",,,,,,,,,,,,,,,,,,"100068612142206","MMDA","https://scontent-iad3-1.xx.fbcdn.net/v/t39.30808-1/242803846_162321929398211_6744508622629887688_n.jpg?stp=cp0_dst-jpg_tt6&cstp=mx604x604&ctp=s40x40&_nc_cat=1&ccb=1-7&_nc_sid=2d3e12&_nc_ohc=-GxMrIa-rlcQ7kNvwFlMXQI&_nc_oc=Adqt-2IPGIC9yoU6BEfmdfEGr4cgTmkS2DjphgyYgoFTnRQd0tVk3KwF86uDRt0GGY0&_nc_zt=24&_nc_ht=scontent-iad3-1.xx&_nc_gid=b1d-9YjOKc6hDjPLBC4rJQ&_nc_ss=7e2a8&oh=00_AQCC5OBFBeOa-gSy9efe9xf7kaQ8JleT59aivtdtHsUB-A&oe=6A5E3492","https://www.facebook.com/MMDAPH","42","1330416345922091","Walang humpay ang MMDA Flood Control Team, katuwang ang DOLE-TUPAD beneficiaries, sa declogging operations upang masiguro ang mabilis na daloy ng tubig-ulan sa Metro Manila.

Kabilang sa lugar na naserbisyuhan ang mga sumusunod:
-:San Andres, Manila (Pasig Line - Pedro Gil hanggang Agusto Francisco)
- Ermita, Manila (Padre Burgos Ave. - Roundtable hanggang Roxas Blvd.)
- Sampaloc, Manila (España Blvd. corner Antipolo St.)
- San Miguel, Manila 
- (Gov. Pascual Ave., Brgy. Tinajeros, Malabon City 

Sa kabuuan, daan-daang metro ng drainage ang muling napadaloy nang maayos upang maiwasan ang pagbaha.
Tandaan: Ang kalinisan ng  mga drainage ay responsibilidad nating lahat. Iwasan ang pagtatapon ng basura sa kalsada.
#mmda #mmdaatyourservice #floodcontroloperations",,,"294","202",,"194",,"690","5","1783606579000","https://www.facebook.com/reel/1385119986815616/"
"May be an image of map and text that says 'Regional Weather Forecasting Center Capital Region PAGASA Regional Services Division Issued Heavy Rainfall Warning No.2 05:00 AM, 10 July 2026 (Friday) Weather System: Southwest Monsoon Cyclone INDAY ILOCOS REGION ORANGE (Be Prepared) portions of Batangas, Cavite. Nueva Ecija YELLOW (Be Alert) Zambales Bataan and portions Zambales, Cavite, Batangas, Laguna. Pampanga Bulacan Bataan Rainfall Information: Rizal Manila EXPECTING: Light moderate with occasional heavy rains over portions of Bulacan, Quezon. Cavite Laguna AFFECTING: Light moderate with occasional heavy rains over portions Cavite, Batangas, Laguna, Metro Manila, Pampanga, Zambales, Tarlac, Rizal and may affect nearby areas. Quezon Batangas Sibuyan Leaflet OpenStreetMap contributors'","1033112509699678","photo","https://www.facebook.com/photo/?fbid=1033112509699678&set=a.117773884566883",,,,,,,,,,,,,,,,,"100090028150381","PAGASA-National Capital Region PRSD","https://scontent-iad3-1.xx.fbcdn.net/v/t39.30808-1/327447841_600469368148357_1261002846227433584_n.jpg?stp=cp0_dst-jpg_tt6&cstp=mx1000x1000&ctp=s40x40&_nc_cat=101&ccb=1-7&_nc_sid=2d3e12&_nc_ohc=URrMSuFXOD4Q7kNvwGCN0u1&_nc_oc=Adqb_HTTj-yswL8lvJ-aHS7yQom7VPaQ-0KKjC5VNoWhvVH-GRCUiJSzGBJts5TWI48&_nc_zt=24&_nc_ht=scontent-iad3-1.xx&_nc_gid=b1d-9YjOKc6hDjPLBC4rJQ&_nc_ss=7e2a8&oh=00_AQAXd6wgz7W5dSTveppl4rFonTg1HogjKxrlI_Z-XaBDCQ&oe=6A5E4CDC","https://www.facebook.com/NCR.PAGASA","27","1033112659699663","Heavy Rainfall Warning No. 2 #NCR_PRSD
Weather System: Southwest Monsoon (Habagat) and Tropical Cyclone INDAY
Issued at: 5:00 AM, 10 July 2026(Friday)

ORANGE WARNING LEVEL: Batangas(Nasugbu, Lian, Tuy) and Cavite(Maragondon, Magallanes, Ternate, Naic, Tanza).
ASSOCIATED HAZARD: FLOODING is THREATENING.

YELLOW WARNING LEVEL: Bataan, Zambales(Olongapo, Subic, San Antonio, Castillejos, San Marcelino, San Narciso, San Felipe, Cabangan, Botolan), Cavite(General Emilio Aguinaldo, Alfonso, Rosario, Trece Martires, General Trias, Indang, Mendez, Tagaytay, Dasmarinas, Silang, Carmona, Gen. Mariano Alvarez, Amadeo), Batangas(Calatagan, Balayan, Calaca, Laurel, Lemery, Bauan, Mabini, San Luis, Agoncillo, San Nicolas, Alitagtag, Santa Teresita, Taal, San Pascual, Tingloy, Cuenca, Batangas City, San Jose, Talisay) and Laguna(Binan, Santa Rosa).
ASSOCIATED HAZARD: FLOODING in flood-prone areas.

Meanwhile, expect light to moderate with occasional heavy rains over Bulacan(Hagonoy, Calumpit, Paombong, Malolos, Bulakan, Obando, Meycauayan, Marilao, Bocaue, Balagtas, Guiguinto, Plaridel, Pulilan, Santa Maria, San Jose del Monte, Norzagaray, Pandi) and Quezon(San Antonio, Tiaong, Candelaria, Sariaya, Dolores, Lucena) within the next 3 hours.

Light to moderate with occasional heavy rains affecting Cavite(Bacoor, Kawit, Noveleta, Imus, Cavite City), Batangas(Balete, Tanauan, Ibaan, Lipa, Lobo, Malvar, Mataasnakahoy, Padre Garcia, Rosario, San Juan, Santo Tomas, Taysan), Laguna(San Pedro, Cabuyao, Calamba), Metro Manila(Muntinlupa, Las Pinas, Paranaque, Taguig), Pampanga(Porac, Floridablanca, Lubao, Sasmuan, Macabebe, Masantol), Zambales(Candelaria, Iba, Masinloc, Palauig, Santa Cruz), Tarlac(Mayantoc, San Jose, Capas, Bamban) and Rizal(Cardona, Binangonan, Taytay, Angono, Morong) which may persist within 3 hours and may affect nearby areas.

The public and the Disaster Risk Reduction and Management Offices concerned are advised to MONITOR the weather condition and watch for the next warning to be issued at 8:00 AM today.

For more information and queries, please call telephone numbers 8927-1335 and 8927-2877 or log on to www.pagasa.dost.gov.ph.",,"2","618","223","28","31","4","906","327","1783630666000","https://www.facebook.com/NCR.PAGASA/posts/pfbid0wvG3KwGcJCQtzhGAK1h9bLfASiwtR7VQBt2xhgTw9nFh6KJF6pZDBcAdX86csLsNl"
"May be an image of body of water and text","1460387509449135","photo","https://www.facebook.com/photo.php?fbid=1460387509449135&set=a.458294582991771&type=3","May be an image of text","1460387652782454","photo","https://www.facebook.com/photo.php?fbid=1460387652782454&set=a.458294582991771&type=3","May be an image of text","1460387779449108","photo","https://www.facebook.com/photo.php?fbid=1460387779449108&set=a.458294582991771&type=3","May be an image of text","1460387979449088","photo","https://www.facebook.com/photo.php?fbid=1460387979449088&set=a.458294582991771&type=3","May be an image of text","1460387972782422","photo","https://www.facebook.com/photo.php?fbid=1460387972782422&set=a.458294582991771&type=3","100064337006008","DPWH National Capital Region","https://scontent-iad3-2.xx.fbcdn.net/v/t39.30808-1/308381562_458294609658435_2902941584269158974_n.png?stp=cp0_dst-png&cstp=mx590x590&ctp=s40x40&_nc_cat=111&ccb=1-7&_nc_sid=2d3e12&_nc_ohc=cyNA8JPBiooQ7kNvwHO_Xdm&_nc_oc=AdoINP1rrEStTl5Ek8GCAjTlyt7ZCTl-TXNZkbPxZoKBLfffDPaNu-WJ25lodgMafiE&_nc_zt=24&_nc_ht=scontent-iad3-2.xx&_nc_gid=b1d-9YjOKc6hDjPLBC4rJQ&_nc_ss=7e2a8&oh=00_AQCUMpHC56I_WjfeI3WA4jDd9AaRIZ7Gw49mUblaQbYiLg&oe=6A5E4B78","https://www.facebook.com/DPWHphNationalCapitalRegion","2","1460388659449020","𝐃𝐏𝐖𝐇 𝐍𝐀𝐆𝐒𝐀𝐆𝐀𝐖𝐀 𝐍𝐆 𝐏𝐀𝐆𝐋𝐈𝐋𝐈𝐍𝐈𝐒 𝐒𝐀 𝐉𝐄𝐒𝐓𝐑𝐀 𝐀𝐓 𝐊𝐀𝐖𝐀𝐘𝐀𝐍𝐀𝐍 𝐁𝐎𝐎𝐒𝐓𝐄𝐑 𝐏𝐔𝐌𝐏𝐒 𝐒𝐀 𝐏𝐀𝐑𝐀Ñ𝐀𝐐𝐔𝐄 𝐂𝐈𝐓𝐘

Bilang bahagi ng patuloy na pagpapanatili ng mga flood control facility at pagtitiyak na handa ang mga ito sa panahon ng tag-ulan, nagsagawa ang DPWH, sa pangunguna ng Metro Manila 2nd District Engineering Office, ng paglilinis sa Jestra Booster Pump at Kawayanan Booster Pump sa Parañaque City.

Layunin ng isinagawang paglilinis na alisin ang mga naipong basura, putik, at iba pang sagabal na maaaring makaapekto sa maayos na operasyon ng mga booster pumps. Ang regular na maintenance ng mga pasilidad na ito ay hakbang upang mapanatili ang mahusay na pagbomba ng tubig, at makatulong sa pagpapabilis ng pag-agos ng tubig-baha sa mga mabababang lugar. 

Alinsunod sa utos ni Pangulong Ferdinand Marcos, Jr., patuloy na isinusulong ng ahensya ang maagap na pangangalaga sa flood control facilities upang mabawasan ang panganib ng pagbaha, at maprotektahan ang buhay at mga ari-arian ng mga komunidad. 

#BagongPilipinas #BuildBetterMore #PhilippineInfrastructure #OplanKontraBaha",,"1","73","14",,"1",,"89","12","1783582412000","https://www.facebook.com/DPWHphNationalCapitalRegion/posts/pfbid0iHUCSREXyLvjoZA4Dc9DNyEcZkfQJ2NzX9ZjExRnCK3KBWYPLyXifc3JmJyB4koNl"
"May be a graphic of map and text","1031752339835695","photo","https://www.facebook.com/photo.php?fbid=1031752339835695&set=a.117773884566883&type=3","May be a graphic of map and text","1031752336502362","photo","https://www.facebook.com/photo.php?fbid=1031752336502362&set=a.117773884566883&type=3",,,,,,,,,,,,,"100090028150381","PAGASA-National Capital Region PRSD","https://scontent-iad3-1.xx.fbcdn.net/v/t39.30808-1/327447841_600469368148357_1261002846227433584_n.jpg?stp=cp0_dst-jpg_tt6&cstp=mx1000x1000&ctp=s40x40&_nc_cat=101&ccb=1-7&_nc_sid=2d3e12&_nc_ohc=URrMSuFXOD4Q7kNvwGCN0u1&_nc_oc=Adqb_HTTj-yswL8lvJ-aHS7yQom7VPaQ-0KKjC5VNoWhvVH-GRCUiJSzGBJts5TWI48&_nc_zt=24&_nc_ht=scontent-iad3-1.xx&_nc_gid=AGeU4BlP1WjGy7BubhQ8ow&_nc_ss=7e2a8&oh=00_AQBzrhZC5mNKwNfLwgGXEGRtHOpAwQ6mksSRR9XWM4sgrg&oe=6A5E4CDC","https://www.facebook.com/NCR.PAGASA","10","1031752353169027","IMPACT-BASED WARNING NO. 3 (Heavy Rainfall / Flood Event)
Issued at: 03:00PM, 08 July 2026
Weather System: Enhanced Southwest Monsoon 
Warning date of “high impact” weather: 09 - 11 July 2026 (Thursday-Saturday)

As local impacts may vary from location to location, the public and local authorities are advised to take all necessary measures to mitigate the impacts of heavy rainfall and flood in your respective localities.

Risk statement: SIGNIIFICANT impacts are expected over Metro Manila
Expected Impacts:
• Several health facilities may be damaged.
• Serious injuries and danger to life may be expected.
• Several houses and buildings, mostly makeshift or made of unreinforced light materials, may sustain slight to moderate damage.
• Several consumer connections may experience electric power interruptions.
• Water services may be interrupted in several areas
• Several disruptions in road, rail, sea, and air transportation may be expected, with many passengers stranded. Longer travel times.

What to do?
• Stay indoors and stay tuned for the latest news and weather updates.
• DO NOT touch electrical equipment if you are wet or standing in floodwater.
• DO NOT go swimming or boating in swollen rivers.
• DO NOT cross streams when the water level is already above the knee. 
• DO NOT walk or drive through flooded areas.
• Leave the evacuation area only when authorities say it is safe to return home.
• Report fallen trees and electric posts to proper authorities.
• Check for wet or submerged electrical outlets and appliances before turning on the electricity. 
• Check your house for possible damage and repair as necessary.
• Make sure that the food and water for drinking are not contaminated by flood water.
• Throw away rainwater in cans, pots and tires to prevent breeding of mosquitoes.

______________________________________________________________________

Risk statement: MINOR impacts are expected over Metro Manila
Expected Impacts:
• A few of the health facilities may be damaged.
• Minor injuries and danger to life may be expected.
• A few houses and buildings, mostly makeshift or made of unreinforced light materials, may sustain slight to moderate damage.
• Few consumer connections may experience electric power interruptions.
• Water services may be interrupted in some areas
• Some disruptions in road, rail, sea, and air transportation may be expected, with a few passengers stranded. Some journeys may take longer than usual.

What to do?
• Stay indoors and stay tuned for the latest news and weather updates.
• DO NOT touch electrical equipment if you are wet or standing in floodwater.
• DO NOT go swimming or boating in swollen rivers.
• DO NOT cross streams when the water level is already above the knee. 
• DO NOT walk or drive through flooded areas.
• Leave the evacuation area only when authorities say it is safe to return home.
• Report fallen trees and electric posts to proper authorities.
• Check for wet or submerged electrical outlets and appliances before turning on electricity. 
• Check your house for possible damage and repair as necessary.
• Make sure that the food and water for drinking are not contaminated by flood water.
• Throw away rainwater in cans, pots and tires to prevent breeding of mosquitoes.",,,"128","24","27","7","4","190","103","1783494029000","https://www.facebook.com/NCR.PAGASA/posts/pfbid0P7vrFfYP2XxeKvouytLVhJS2eS3AvmuiDZng3FjTjNa2MbcnGhAbapWTGJoWrKYHl"
"May be an image of text that says '- ス 1 E am PASIf PHILHEALTH AT PDIC FUNDS, PINONDOHAN ANG ₱153-B DPWH PROJECTS NEWSUPDATE NEWS UPDATE'","931065726725419","photo","https://www.facebook.com/photo/?fbid=931065726725419&set=a.123831987448801",,,,,,,,,,,,,,,,,"100094659997336","I Love Pasig","https://scontent-iad6-1.xx.fbcdn.net/v/t39.30808-1/527360560_625925657239429_5105845168530377767_n.jpg?stp=cp0_dst-jpg_tt6&cstp=mx2048x2048&ctp=s40x40&_nc_cat=102&ccb=1-7&_nc_sid=2d3e12&_nc_ohc=tDZNfVHOKrMQ7kNvwEDd8sV&_nc_oc=AdoqaZapGYjwC6nDQ9o2hdUgoXCXFQjgZ6Bt1h-gKf5-craa4uSgLFBWQ39l4TtbNIg&_nc_zt=24&_nc_ht=scontent-iad6-1.xx&_nc_gid=AGeU4BlP1WjGy7BubhQ8ow&_nc_ss=7e2a8&oh=00_AQBXa183PdCcc455VGUwUI1WKuDYL6M3EP03FX56OfScsg&oe=6A5E317D","https://www.facebook.com/ILovePasig","85","931066050058720","Ibinahagi ni Batangas 1st District Rep. Leandro Legarda Leviste ang mga Special Allotment Release Orders (SARO) na aniya'y nagsisilbing ""resibo"" ng ₱153 bilyong DPWH projects na pinondohan noong 2024 mula sa Unprogrammed Appropriations (UA). Ayon sa kanya, inilabas ang mga SARO noong Oktubre hanggang Disyembre 2024, kasabay ng paglipat ng humigit-kumulang ₱167 bilyon mula sa PhilHealth at PDIC patungo sa Unprogrammed Appropriations.

Binanggit din ni Leviste ang pahayag ni dating Supreme Court Associate Justice Antonio Carpio na ang paglilipat ng trust funds ng PhilHealth at PDIC sa Bureau of the Treasury ang umano'y nagbigay-daan sa pagpapalabas ng pondo para sa mga flood control projects. Iginiit ng kongresista na dapat ipaliwanag ng Department of Public Works and Highways (DPWH) kung paano pinili ang mga proyektong pinondohan at ang mga contractor na nagsagawa ng mga ito.","233","322","416","12","44","1","21","1049","64","1783485438000","https://www.facebook.com/ILovePasig/posts/pfbid0Y2btJVC99GhmnqvJGjgmY7ZaadzcwF5geyF4LkTEExFMjyfkdg38jd4M1trddwzHl"
"May be an image of ‎text that says '‎ate A& LME P20 ลิ ا EN M SP19 Taguig YG0Y City working for ONGOING Activity RYFORTHEINCONVENENCE INCON CONTROL FLOOD you SORRY FOR TH THE WEST BARANGAY WESTREMBO INCONVENIENCE 2026/07/‎'‎","1615204947272906","photo","https://www.facebook.com/photo.php?fbid=1615204947272906&set=a.127767592683323&type=3","May be an image of one or more people","1615204990606235","photo","https://www.facebook.com/photo.php?fbid=1615204990606235&set=a.127767592683323&type=3","No photo description available.","1615205023939565","photo","https://www.facebook.com/photo.php?fbid=1615205023939565&set=a.127767592683323&type=3","May be an image of one or more people, motorcycle and text","1615205063939561","photo","https://www.facebook.com/photo.php?fbid=1615205063939561&set=a.127767592683323&type=3","May be an image of ‎motorcycle, scooter, bicycle and ‎text that says '‎시리에 معن B GPS Map Camera 9 Google Makati City, Metro Manila, Philippines 149 A. Bonifacio Ext, Makati City, Metro Manila 1215, Philippines Lat 14.562247° Long 121.05669° Wednesday, 08/07/2026 09:35 AM GMT +08:00‎'‎‎","1615205110606223","photo","https://www.facebook.com/photo.php?fbid=1615205110606223&set=a.127767592683323&type=3","100063502489357","Kapitan LEO BES - West Rembo","https://scontent-iad6-1.xx.fbcdn.net/v/t39.30808-1/416868765_871383934988348_8242475617732835348_n.jpg?stp=cp0_dst-jpg_tt6&cstp=mx960x960&ctp=s40x40&_nc_cat=106&ccb=1-7&_nc_sid=2d3e12&_nc_ohc=fzUcsUGVSI4Q7kNvwHAP-6y&_nc_oc=AdpSru4N1gw7ZxihX23OGxPgeyiqe1TwHTXF-MuTd6R62-avTHPEFJMAZiEw04pebNE&_nc_zt=24&_nc_ht=scontent-iad6-1.xx&_nc_gid=AGeU4BlP1WjGy7BubhQ8ow&_nc_ss=7e2a8&oh=00_AQDgRG9f7RL88nciBxvYvr7skiGp3JkwWAbL0RFJIFIwHA&oe=6A5E4B8A","https://www.facebook.com/KapLeoBes","3","1615205177272883","PAGKUKUMPUNI NG NASIRANG KALSADA | TEACHER'S COMPOUND 🚧

Sa kahilingan nina Punong Barangay Kapitan LEO BES at Kagawad JAM AGAGON-Dingle, Chairperson ng Committee on Infrastructure and Public Works, matagumpay na naisagawa ang pagkukumpuni ng nasirang bahagi ng kalsada sa Teacher's Compound upang matiyak ang kaligtasan ng mga residente, motorista, at iba pang dumaraan sa lugar.

Matapos ang agarang inspeksyon at koordinasyon, agad na naisaayos ang nasabing bahagi ng kalsada at ligtas na itong madaanan ng lahat.

Lubos ang aming pasasalamat kina Sir Eugene, Head ng Flood Management Office (FMO), at Mr. Ruben Santos, FMO West Rembo Coordinator, sa kanilang mabilis na pagtugon at suporta sa pagsasagawa ng pagkukumpuni.

Patuloy ang ating pagtutulungan upang mapanatiling ligtas, maayos, at maunlad ang ating komunidad.

#SangguniangBarangayInAction
#DitoSaWestDaBest
#WestRemboTaguig",,,"46","30",,"1",,"77","59","1783490771000","https://www.facebook.com/KapLeoBes/posts/pfbid02nmAqH96SCd7MqpmHKYL1fhE9SE7rGfPf3b5pB1gXMXtKcXaTTkzrf8VpTX6ZDfEel"
,"868134195944440","video",,,,,,,,,,,,,,,,,,"100080997818155","Philippine Insider News","https://scontent-iad6-1.xx.fbcdn.net/v/t39.30808-1/540685931_788998510476736_7398010116339018252_n.jpg?stp=cp0_dst-jpg_tt6&cstp=mx500x500&ctp=s40x40&_nc_cat=107&ccb=1-7&_nc_sid=2d3e12&_nc_ohc=NdXYhXitATwQ7kNvwGEm2my&_nc_oc=AdqK2c4ccYY47MHLjsoKYS9ZxbT1BhBvE3paO0GGyluB7v5VNssHOcwF3U5KvNJWDuU&_nc_zt=24&_nc_ht=scontent-iad6-1.xx&_nc_gid=AGeU4BlP1WjGy7BubhQ8ow&_nc_ss=7e2a8&oh=00_AQCJfn5Iqqq_W9bI4-7CJ2m6ysp8nzr6YeVd-dN8jW3hxQ&oe=6A5E309F","https://www.facebook.com/philippineinsider","124","1040830735293511","MARIKINA CONG. MIRO QUIMBO, KINILALA ANG DPWH SA AGARANG PAGTUGON SA FLOOD CONTROL NG IHAWIG PUMPING STATION, DISTRITO 2

MARIKINA CITY — Personal na nagsagawa ng inspeksyon si Miro Quimbo sa Iwahig Pumping Station upang tiyakin ang kahandaan ng mga flood control facility ng lungsod sa harap ng inaasahang epekto ng masamang panahon at banta ng bagyo.

Ayon kay Quimbo, ang Iwahig Pumping Station ang pangunahing pasilidad na nagsisilbing daluyan ng tubig para sa mga lugar ng Doña Petra, Road 1, Road 2, at iba pang karatig-komunidad. Aniya, mahalagang matiyak ang maayos na operasyon ng pumping station upang mabawasan ang panganib ng pagbaha sa mga mabababang lugar ng Marikina.

Ipinaliwanag din niya na ang creek sa likod ng pumping station ay bahagi ng mga isinagawang pagpapahusay sa flood control system. Aniya, dati itong mababaw na bahagi lamang ngunit ginawang maayos na daluyan ng tubig upang mapalawak ang kapasidad ng drainage sa lugar.

Binanggit din ni Quimbo na agad silang kumilos matapos magkaroon ng problema sa daloy ng tubig nitong mga nakaraang araw. Kabilang sa mga isinagawang hakbang ang pagbubukas ng alternatibong ruta na nag-uugnay sa Caballani Road, Malanday, Nangka, Doña Petra, at J.P. Rizal upang mapadali ang pagresponde sakaling magkaroon ng emergency.

Pinasalamatan din ni Quimbo si DPWH Secretary Vince Dizon matapos umano nitong agarang tugunan ang kanilang kahilingan na magpakabit ng bagong generator sa Iwahig Pumping Station bilang bahagi ng paghahanda sa posibleng pananalasa ng bagyo.

Ayon kay Quimbo, 24 oras na patatakbuhin ang bagong generator upang matiyak ang tuloy-tuloy na operasyon ng pumping station, lalo na sa mga lugar na kritikal ang pagdaloy ng tubig tulad ng Doña Petra at Tumana.

Aniya, kinakailangang palitan ang dating generator matapos itong manakaw, kasama ang mga kable nito, na naging dahilan ng paghina ng kakayahan ng pasilidad na gumana sa panahon ng matinding pag-ulan. Inaasahan din aniya na sa darating na Agosto ay ililipat na sa pangangasiwa ng MMDA ang generator upang matiyak ang mas maayos na maintenance at operasyon nito.

Sa huli, nanawagan si Quimbo sa publiko na manatiling alerto at makiisa sa paghahanda laban sa posibleng epekto ng masamang panahon.

""Hindi natin alam kung gaano kalakas ang ulan na darating, kaya wala tayong ibang pagpipilian kundi ang maging handa,"" ani Quimbo.","1","7","421","263","1","16","1","710","244","1783523787000","https://www.facebook.com/reel/868134195944440/"
,"2722586994801220","video",,,,,,,,,,,,,,,,,,"61575904971267","The News Team","https://scontent-iad6-1.xx.fbcdn.net/v/t39.30808-1/536278455_122137627172863499_9174802998823569082_n.jpg?stp=cp0_dst-jpg_tt6&cstp=mx1563x1563&ctp=s40x40&_nc_cat=107&ccb=1-7&_nc_sid=2d3e12&_nc_ohc=Amr4jTiTfMEQ7kNvwEXniXq&_nc_oc=Adqe87etFHH8DsQEb9SwSJSdqNsw1vU7Q3yqQgxmiux2uPVpcKANVoPZEROde6jKAVs&_nc_zt=24&_nc_ht=scontent-iad6-1.xx&_nc_gid=AGeU4BlP1WjGy7BubhQ8ow&_nc_ss=7e2a8&oh=00_AQC86NHRGzEXKBqnMYg6KK1xTVcRxJkXdDhgWjw7Rc5pcQ&oe=6A5E38DD","https://www.facebook.com/profile.php?id=61575904971267","9","122184620162863499","Yari tayo tuwing may baha. Eh yung mga sangkot sa flood control scam, nakulong na ba lahat?  Dapat lahat ng sangkot managot - mula sa Duterte admin hanggang sa Marcos government. `Wag tayong mapagod mag-ingay!",,"3","116","17","2",,,"138","14","1783632651000","https://www.facebook.com/reel/2722586994801220/"
"No photo description available.","122128438083218221","photo","https://www.facebook.com/photo.php?fbid=122128438083218221&set=gm.2859573707747675&type=3","No photo description available.","122128438107218221","photo","https://www.facebook.com/photo.php?fbid=122128438107218221&set=gm.2859573741081005&type=3","May be an image of indoors","122128438455218221","photo","https://www.facebook.com/photo.php?fbid=122128438455218221&set=gm.2859573734414339&type=3","May be an image of indoors and sliding door","122128438179218221","photo","https://www.facebook.com/photo.php?fbid=122128438179218221&set=gm.2859573737747672&type=3","No photo description available.","122128438479218221","photo","https://www.facebook.com/photo.php?fbid=122128438479218221&set=gm.2859573731081006&type=3","61586546650321","Ella Marie Delatonga Opeña","https://scontent-iad6-1.xx.fbcdn.net/v/t39.30808-1/616635578_122100730071218221_2999633338710109705_n.jpg?stp=cp0_dst-jpg_tt6&cstp=mx1242x1242&ctp=s24x24&_nc_cat=100&ccb=1-7&_nc_sid=e99d92&_nc_ohc=vmBAi1Zi0C4Q7kNvwFTVx6P&_nc_oc=Adro5dclveXoM5heb8dl6IEWzm3YTtt0DFvT8dAsQICnGTBPz_fjsMI-5LR-23idAow&_nc_zt=24&_nc_ht=scontent-iad6-1.xx&_nc_gid=AGeU4BlP1WjGy7BubhQ8ow&_nc_ss=7e2a8&oh=00_AQAqov83JYfJQWlyK6Y54bbtG3Q09pEMFL6e8vXTO-XmqQ&oe=6A5E4586","https://www.facebook.com/profile.php?id=61586546650321","42","2859573744414338","",,"1","93","18",,"1",,"113","14","1783517728000","https://www.facebook.com/groups/566514060386996/permalink/2859573744414338/"
,"1045841014674511","video",,,,,,,,,,,,,,,,,,"100064140271144","House for sale in Manila","https://scontent-iad3-1.xx.fbcdn.net/v/t39.30808-1/282558963_2556182891179389_4940920020756662114_n.jpg?stp=cp0_dst-jpg_tt6&cstp=mx960x960&ctp=s40x40&_nc_cat=110&ccb=1-7&_nc_sid=2d3e12&_nc_ohc=mMO2-mRRN84Q7kNvwF6m6VE&_nc_oc=AdpIr1lz3JSr0PkEu6MUXDYLy9CySxKKZfaGdh0oRCQA6IimAOuoud3iPhPdE8R4CaQ&_nc_zt=24&_nc_ht=scontent-iad3-1.xx&_nc_gid=a796iRwYktR2P1SK54Tw8w&_nc_ss=7e2a8&oh=00_AQDSZJhzjWDFgCTXozGeayPuKG4ar9ci0B5sS7Jx7C42VQ&oe=6A5E3B7C","https://www.facebook.com/ReyohRealty","39","1508783021269693","Take advantage of our LOW DOWNPAYMENT option. 📣

​Tired of cramped, dark townhouses? This stunning, brand-new modern home features a spectacular high-ceiling living area designed to flood your home with natural light and cool breezes. Nestled inside the highly sought-after village -accessible Greenwoods Executive Village (Pasig/Taytay), this is the upgrade your family deserves.

​🏡 THE SPACE PROFILE:

• 120 sqm Lot Area | 190 sqm Floor Area

Family-Ready: 4 Bedrooms + dedicated Maid’s Room
Convenience: 3 Modern Toilet & Baths
Security: 1-Car Garage + Secure, Gated Community

​💰 PREMIUM LIVING MADE ACCESSIBLE

An investment of ₱16,000,000 gets you into one of the most strategic village locations on the metro border.

​Open for Cash buyers or Bank Financing (We handle your bank loan processing for a stress-free experience).

​📅 EXCLUSIVE SITE TRIPPING THIS WEEKEND

👉 Click “Send Message” or comment “TRIPPING” below to reserve your private ocular slot!

Contact Information:
Anne de Leon
Professional Real Estate Broker
PRC license no. 15478
Mobile no. +639178332356 viber/whatsapp

#Highceiling #Greenwoods #PasigHomes #HouseforsaleinManila #PasigRealEstate",,,"309","29",,"3",,"341","13","1783606198000","https://www.facebook.com/reel/1045841014674511/"
,,,,,,,,,,,,,,,,,,,,"61584955762046","Misch Gumanas","https://scontent-iad3-2.xx.fbcdn.net/v/t39.30808-1/746780125_122136697347165192_4955628422680749489_n.jpg?stp=cp0_dst-jpg_tt6&cstp=mx1299x1303&ctp=s40x40&_nc_cat=103&ccb=1-7&_nc_sid=1d2534&_nc_ohc=RwHRwerxDnoQ7kNvwGEqjN-&_nc_oc=Adq3r7i2TheVG-VLm8XNaqLJC50QeDJPSYFuhiPEcxQTtGLmUi_MOuJ2kbTyWnVNTI8&_nc_zt=24&_nc_ht=scontent-iad3-2.xx&_nc_gid=a796iRwYktR2P1SK54Tw8w&_nc_ss=7e2a8&oh=00_AQD_yvb8hMSXeCKkPPco6qsYfwz5nfOCe89P2MzveKp8Pw&oe=6A5E57C2","https://www.facebook.com/profile.php?id=61584955762046","5","122136061257165192","Ulan LNG kulang na namin KC ang ingat eh ang mga a- anniversary na yung flood control 😅😅😅 sabe sa baleta hnde daw inaasahang magla  landfall sa bansa ang super bagyong Inday  mga ingat tayo
@highlight 
#fallowers 
#bagyonginday",,,"2","4",,,,"6","1","1783514293000","https://www.facebook.com/permalink.php?story_fbid=pfbid0EybVd8K7puvS6J9RmrBRjP4K1QtkKsopNB4ta238d8CC4gkuW6iRhxpCkA6MoNDwl&id=61584955762046"
"No photo description available.","1524926466092524","photo","https://www.facebook.com/photo.php?fbid=1524926466092524&set=a.558880469363800&type=3","May be an image of lighting","1526579875927183","photo","https://www.facebook.com/photo.php?fbid=1526579875927183&set=a.558880469363800&type=3",,,,,,,,,,,,,"100057255557813","Balay Realty","https://scontent-iad6-1.xx.fbcdn.net/v/t39.30808-1/301194680_558880482697132_255139374444276141_n.jpg?stp=cp0_dst-jpg_tt6&cstp=mx1181x1181&ctp=s40x40&_nc_cat=109&ccb=1-7&_nc_sid=2d3e12&_nc_ohc=HBwSzthEy2QQ7kNvwFgPUxg&_nc_oc=AdrP4agJ9UlRGFST-KhT6fCDyeG0lrgraLUUJ3YjW9CMya53KFBiH730lxRMtfNrInY&_nc_zt=24&_nc_ht=scontent-iad6-1.xx&_nc_gid=a796iRwYktR2P1SK54Tw8w&_nc_ss=7e2a8&oh=00_AQDljRnAq4uW0sbsGzHNO-W2QnRUPFFFKYP8VEQXWjC29A&oe=6A5E523B","https://www.facebook.com/BalayRealtyServices","0","1524926539425850","TWO STOREY SINGLE ATTACHED HOUSE AND LOT FOR SALE 
✨ Where Comfort Meets Convenience in Lower Antipolo 🏡

Wake up to spacious interiors, enjoy seamless city access, and come home to a peaceful, flood-free community. This thoughtfully designed residence offers the perfect blend of modern architecture, functionality, and everyday comfort—ideal for families who value both lifestyle and location.

📍 Lower Antipolo
• Minutes from SM Masinag & LRT-2
• Convenient access to Eastwood, Katipunan, Ateneo, UP Diliman, Ortigas & Cubao
• Located in a 100% Flood-Free Community

PROPERTY DETAILS
📐 Lot Area: 189 SQM
🏠 Floor Area: 190 SQM

✨ Designed for Modern Family Living
🛏 4 Generously Sized Bedrooms
🛁 3 Toilet & Baths + Powder Room
👩‍🍳 Maid’s Room with Own Toilet & Bath
🚗 2–3 Car Garage

Highlights You’ll Love
✔ Elegant Open-Concept Living & Dining Area
✔ Contemporary Kitchen with Island Counter
✔ Spacious Master’s Suite with Walk-in Closet & Private Balcony
✔ Dedicated Service & Laundry Area
✔ Secure Gated Community

🎁 Premium Turnover Inclusions
• Built-in Cooktop & Range Hood
• Water Heaters
• Inverter Air-Conditioning Units
• Modern Decorative Lighting Fixtures

💰 Selling Price: ₱16,500,000

Flexible Payment Options
✔ 20% Downpayment
✔ 80% Bank Financing
✔ Bank Financing Assistance Available

Estimated Monthly Amortization
• 10 Years – ₱149,883
• 15 Years – ₱114,986
• 20 Years – ₱98,415
• 25 Years – ₱89,127

Monthly estimates are subject to bank approval and prevailing interest rates.

📅 Expected Turnover: July 2026

Contact us 𝘽𝙖𝙡𝙖𝙮 𝙍𝙚𝙖𝙡𝙩𝙮
Mobile Number: 956 841 7658
Viber / Whatsapp: +63 956 841 7658
Telegram: +63 956 841 7658
Email us at: balayrealty23@gmail.com

PLEASE Follow our 
Facebook Page: https://www.facebook.com /BalayRealtyServices/

WE DESIGN, BUILD AND SELL 
Contact Person: 
Jonard L. Del Rosario • Real Estate Broker 
PRC No: 0026439 • DHSUD No: 007836
#balayrealty #lowerantipolohouseandlotforsale #modernhome #ofwhouseandlotforsale #houseandlotforsalephilippines",,,"4",,,,,"4","1","1783550236000","https://www.facebook.com/BalayRealtyServices/posts/pfbid02JteESV9WKDWrBndcxuZiYufT7Pbdu8BrBH5P4GMbTtXAASQUq3HyPxrNFxBiAX6bl"
"May be an image of tornado and text that says 'DOST PAGASA GK2A IR112 GK2AIR112 July 08 08 2026 9:20PM PHT 20N 10N 110E 140€'","122118028346699000","photo","https://www.facebook.com/photo/?fbid=122118028346699000&set=gm.2099642580651059&idorvanity=726503914631606",,,,,,,,,,,,,,,,,"61570970027552","Great Manila Area Alerts","https://scontent-iad3-1.xx.fbcdn.net/v/t39.30808-1/735859120_122117114684699000_5753567004021896377_n.jpg?stp=cp0_dst-jpg_tt6&cstp=mx1254x1254&ctp=s24x24&_nc_cat=110&ccb=1-7&_nc_sid=2d3e12&_nc_ohc=LYMVgvZIm7IQ7kNvwEoz6K2&_nc_oc=AdqSkngXb2fMjdd5WGthyYrXk86WQKB2Jv2pViBkHtNc8r8-rCjw9enAgTMQRswirA0&_nc_zt=24&_nc_ht=scontent-iad3-1.xx&_nc_gid=a796iRwYktR2P1SK54Tw8w&_nc_ss=7e2a8&oh=00_AQDC5MnhJeevMbH0XtAKj06Wh1XhSHDDmjNZV9Zjw5CCag&oe=6A5E4487","https://www.facebook.com/GreaterMetroManilaAreaAlerts","0","2099642580651059","SUPER TYPHOON INDAY, MAS LUMAKI ANG MATA!

LOOK: Base sa pinaka huling satellite imagery ng PAGASA, makikita ang mas malaking mata nito kumpara sa mata nito bago pumasok sa PAR. Sa kasalukuyan, hinahambalos na ng Buntot nito o Outer rainbands ang Bicol Region at ilang bahagi ng Visayas, habang patuloy na nagpapaulan sa Mindanao ang Hanging habagat na hinihila nito.

PAALALA: Posible ang mga pagbaha at pagguho ng lupa lalo na kung tuloy tuloy ang ulan, kaya ugaliing makinig sa payo ng mga awtoridad sa inyong lugar.

#GMMAAlerts #BantayBagyo",,,"4",,,,,"4","0","1783519422000","https://www.facebook.com/groups/726503914631606/permalink/2099642580651059/"
"May be an image of tornado","122117987744699000","photo","https://www.facebook.com/photo/?fbid=122117987744699000&set=gm.2099445660670751&idorvanity=726503914631606",,,,,,,,,,,,,,,,,"61570970027552","Great Manila Area Alerts","https://scontent-iad3-1.xx.fbcdn.net/v/t39.30808-1/735859120_122117114684699000_5753567004021896377_n.jpg?stp=cp0_dst-jpg_tt6&cstp=mx1254x1254&ctp=s24x24&_nc_cat=110&ccb=1-7&_nc_sid=2d3e12&_nc_ohc=LYMVgvZIm7IQ7kNvwEoz6K2&_nc_oc=AdqSkngXb2fMjdd5WGthyYrXk86WQKB2Jv2pViBkHtNc8r8-rCjw9enAgTMQRswirA0&_nc_zt=24&_nc_ht=scontent-iad3-1.xx&_nc_gid=a796iRwYktR2P1SK54Tw8w&_nc_ss=7e2a8&oh=00_AQDC5MnhJeevMbH0XtAKj06Wh1XhSHDDmjNZV9Zjw5CCag&oe=6A5E4487","https://www.facebook.com/GreaterMetroManilaAreaAlerts","0","2099445660670751","HIGANTENG SUPER BAGYONG INDAY, NAGSISIMULA NG MANGHATAK NG HABAGAT!

LOOK: Base sa Satellite Imagery via JQWEATHER, makikita na mas lumaki pa ang bagyo, na nakakaapekto na ngayon ang buntot nito sa Bicol region at ilang bahagi ng western visayas, habang ang hibagat na hila-hila nito ay nagsisimula ng magpa ulan sa Mindanao ngayong araw!

#GMMAAlerts #BantayBagyo",,,"9",,,,,"9","0","1783500629000","https://www.facebook.com/groups/726503914631606/permalink/2099445660670751/"
"No photo description available.","36895380123441854","photo","https://www.facebook.com/photo.php?fbid=36895380123441854&set=gm.2197568834153789&type=3","No photo description available.","36895382436774956","photo","https://www.facebook.com/photo.php?fbid=36895382436774956&set=gm.2197568937487112&type=3","No photo description available.","36895383390108194","photo","https://www.facebook.com/photo.php?fbid=36895383390108194&set=gm.2197568934153779&type=3","No photo description available.","36895384316774768","photo","https://www.facebook.com/photo.php?fbid=36895384316774768&set=gm.2197568930820446&type=3","May be an image of lighting and indoors","36895385440107989","photo","https://www.facebook.com/photo.php?fbid=36895385440107989&set=gm.2197568847487121&type=3","100001899925181","Danilo Broqueza","https://scontent-iad3-1.xx.fbcdn.net/v/t39.30808-1/708536728_35920857974227412_3845954627998366424_n.jpg?stp=cp0_dst-jpg_tt6&cstp=mx1080x1083&ctp=s24x24&_nc_cat=108&ccb=1-7&_nc_sid=1d2534&_nc_ohc=4zmn9WrtsFAQ7kNvwEeqHK5&_nc_oc=AdrChC2absi1EExuCzY9eT-ko6Ffuh1S4ahfJ60fLt8lPglNzlEb5jptB969e1s71qA&_nc_zt=24&_nc_ht=scontent-iad3-1.xx&_nc_gid=a796iRwYktR2P1SK54Tw8w&_nc_ss=7e2a8&oh=00_AQAfz7FbL2jfv5qtfSEhtHgaS0-N4A2P8hJ6zSL7SvMtjw&oe=6A5E54F4","https://www.facebook.com/danilobroqueza","6","2197568940820445","",,,"3",,,,,"3","0","1783513490000","https://www.facebook.com/groups/houseandlotforsaleantipolo/permalink/2197568940820445/"
"No photo description available.","3734863356690456","photo","https://www.facebook.com/photo/?fbid=3734863356690456&set=gm.2198249807419025&idorvanity=917486442162041",,,,,,,,,,,,,,,,,"100005004849554","Roland Balagot","https://scontent-iad6-1.xx.fbcdn.net/v/t39.30808-1/657367408_3621829611327165_2956447284481789453_n.jpg?stp=cp0_dst-jpg_tt6&cstp=mx2048x2048&ctp=s24x24&_nc_cat=109&ccb=1-7&_nc_sid=1d2534&_nc_ohc=3exrMM_EDHYQ7kNvwER_b5Z&_nc_oc=Adrn2E4bvSgBhn7cr7Xe_XwmTunYml93T4TIQWMItSfopLdbyvl-pR_5D9A3NIeBKn0&_nc_zt=24&_nc_ht=scontent-iad6-1.xx&_nc_gid=ZOWZuW1h3TwbfNs8UrJ7YA&_nc_ss=7e2a8&oh=00_AQARMoc3PMK_4GxJ6f53yo8Ba8k0pJ470QYwZo0iJkMiPQ&oe=6A5E61B8","https://www.facebook.com/roland.balagot.7","51","2198249807419025","House and lot for sale❗️

near SM masinag,SM cherry
No flood 
corner lot
161 sqm clean title
 
Crestview Village
3 bedroom

Pls contact 09985501140",,,"18",,,,,"18","2","1783580137000","https://www.facebook.com/groups/houseandlotforsaleantipolo/permalink/2198249807419025/"
,,,,,,,,,,,,,,,,,,,,"100064209095642","LEI SEB REB","https://scontent-iad6-1.xx.fbcdn.net/v/t39.30808-1/739155622_1463001202516836_1617174581116236130_n.jpg?stp=cp0_dst-jpg_tt6&cstp=mx2048x2036&ctp=s40x40&_nc_cat=106&ccb=1-7&_nc_sid=2d3e12&_nc_ohc=4K4rXwUtN6cQ7kNvwFPVIsv&_nc_oc=AdpzAP78PPHPp1MdJTM6b3SN7UmBFHqcIDWlFgT6OCZqVhQc75m22mdNAJB0LCo3OR4&_nc_zt=24&_nc_ht=scontent-iad6-1.xx&_nc_gid=ZOWZuW1h3TwbfNs8UrJ7YA&_nc_ss=7e2a8&oh=00_AQB3dZUEyyTQlsA-3fQ_s_1gICqLsbsSpCE-6pSKydCNgA&oe=6A5E4786","https://www.facebook.com/yunixrealty","1","1562263155294959","🔥 WAREHOUSE FOR SALE IN MAYBUNGA PASIG CITY! 🔥

📍 PROPERTY DETAILS:
Total Lot Area: 504 SQM (with existing structure)

Location: Maybunga, Pasig City
✨ STRATEGIC NEARBY VICINITY:
🏢 Near LG Philippines Plant
🛒 Minutes away from Puregold C. Raymundo
🏥 Close to TriCity Medical Center
🛣️ Easy access to Floodway (Rainforest) & Ortigas Avenue Extension

📈 Why this location? Situated in industrial pocket of Pasig, giving your business seamless connection to major thoroughfares and key establishments. 

☀️Flood FREE AREA

📥 FOR INQUIRIES & VIEWING:
📱 Contact us via VIBER: +63 966 654 0432

Act fast—properties in this area don't stay on the market for long! 💼📦

#warehouseforsale
#warehouseforsalepasig",,,,,,,,"0","0","1783576230000","https://www.facebook.com/groups/920168019504479/permalink/1562263155294959/"
"May be an image of bed, indoors and bedroom","1557459672830660","photo","https://www.facebook.com/photo.php?fbid=1557459672830660&set=gm.3487198358110102&type=3","May be an image of bedroom","1557459689497325","photo","https://www.facebook.com/photo.php?fbid=1557459689497325&set=gm.3487198368110101&type=3","May be an image of lighting and indoors","1557459666163994","photo","https://www.facebook.com/photo.php?fbid=1557459666163994&set=gm.3487198361443435&type=3","May be an image of lighting, bedroom and indoors","1557459736163987","photo","https://www.facebook.com/photo.php?fbid=1557459736163987&set=gm.3487198364776768&type=3","May be an image of toy, indoors and text","1557459752830652","photo","https://www.facebook.com/photo.php?fbid=1557459752830652&set=gm.3487198374776767&type=3","100056999272311","Jase Beringuela","https://scontent-iad6-1.xx.fbcdn.net/v/t39.30808-1/469290488_1097302982179667_8333967690153267928_n.png?stp=cp0_dst-png&cstp=mx1079x1079&ctp=s24x24&_nc_cat=107&ccb=1-7&_nc_sid=1d2534&_nc_ohc=dlysdVuT0hYQ7kNvwFPxtjl&_nc_oc=AdrabZNgMGeHMvMNfjNcG_e4jsUGcYNV2FKiUz-RnNcxziG6WNp-gKDb81F_szSY9Io&_nc_zt=24&_nc_ht=scontent-iad6-1.xx&_nc_gid=ZOWZuW1h3TwbfNs8UrJ7YA&_nc_ss=7e2a8&oh=00_AQAi-X_34ncanBXn6PefQyP45TmSSD72d0iKw8TVeJRRWw&oe=6A5E3A64","https://www.facebook.com/jase.realestate","0","3487198388110099","2-Bedroom Condo Unit with Parking For Sale

📍 Vimana Verde Residences, Brgy. Oranbo, Pasig City

📍 Near Capitol Commons/Estancia Mall, Phil Sports Arena/Ultra, St. Paul Pasig, The Medical City, Valle Verde Country Club, Ayala 30th

DETAILS:

Unit Area: 96.16 sqm (Unit+Balcony)

- 2 Bedrooms

- 2 Toilet & Baths

- 1 Parking Slot

- Pet-friendly

- Flood Free Area

- Furnished

- Includes 3 ACs, Cabinets, 4 seater dining set, Elba Stove and Exhaust, Ceiling Fans

- Corner Unit

- 2 Balconies

- Maid's room

- 3rd Floor

- Clean Title

- Taxes Updated

RFS: Owner will move to a different location

🏷 Price: Php 17,500,000 (Negotiable)

For More Details and Viewing, leave a message or Call/Text:

09671505309",,,,,,,,"0","0","1783472291000","https://www.facebook.com/groups/808936752602956/permalink/3487198388110099/"
"May be an image of car and text that says 'FLOODING? GET YOUR COMPREHENSIVE CAR INSURANCE TODAY. PROTECT YOUR CAR FROM UNEXPECTED FLOOD DAMAGE. WCL WC LUY WCLUYSERVICES SERVICES Insurance InsuranceSpecialist|Car,Fir Specialist Car, Fire Marine'","122339606360027186","photo","https://www.facebook.com/photo/?fbid=122339606360027186&set=a.122114350136027186",,,,,,,,,,,,,,,,,"61550815588093","WC Luy Services","https://scontent-iad3-1.xx.fbcdn.net/v/t39.30808-1/741379539_122339291930027186_4146809858464910004_n.jpg?stp=cp0_dst-jpg_tt6&cstp=mx2048x2048&ctp=s40x40&_nc_cat=110&ccb=1-7&_nc_sid=2d3e12&_nc_ohc=nPjy0Gj2z7AQ7kNvwF6ppAW&_nc_oc=AdrY8t0kmjh7KUb8b0hj9nKjs9JlnfEdIIkMhMmkcOeFgrqoGmcvLKb0ODbldKfi7Q0&_nc_zt=24&_nc_ht=scontent-iad3-1.xx&_nc_gid=ZOWZuW1h3TwbfNs8UrJ7YA&_nc_ss=7e2a8&oh=00_AQAcX3LcXpmzx-E0j9SgyZNpIJ4HtWeA4wJoXdenWeo98g&oe=6A5E593B","https://www.facebook.com/wcluyservices","2","122339606612027186","Your car got flooded? We got you covered!
Seeing your car caught in a sudden flood is incredibly stressful, especially when you rely on it every day to take care of your family and keep life moving. That’s why having comprehensive coverage matters, it’s not just about fixing a vehicle, it's about the peace of mind that comes with knowing your hard-earned investment is protected when the weather takes an unexpected turn. 

If you want to make sure you're covered before the next heavy rain, please feel free to reach out to William Luy  or Ciel Cena Luy for a simple, no-pressure chat; we're genuinely here to help you protect what's important.

COVERAGE OFFERED:
✅️ Own Damage
✅️ Theft
✅️ Acts of Nature 
✅️ Bodily Injury
✅️ Property Damage
✅️ Auto Personal Accident (Free)
✅️ Riot, Strike and Civil Commotion

Your free, no-obligation quotation awaits for you.
Contact us today!

Mobile/Viber: 09319069418 / 09941495655",,,"1","5",,,,"6","3","1783582486000","https://www.facebook.com/wcluyservices/posts/pfbid02vkST8rgQM2SUkrti7VKQYxGkFYsRtML3ZQ1ZA8FpP4VHhsvZrDSEqpgKQPioSrEJl"
"No photo description available.","27487838270876639","photo","https://www.facebook.com/photo.php?fbid=27487838270876639&set=gm.2198855854025087&type=3","May be an image of sliding door","27487838707543262","photo","https://www.facebook.com/photo.php?fbid=27487838707543262&set=gm.2198855824025090&type=3","No photo description available.","27487839017543231","photo","https://www.facebook.com/photo.php?fbid=27487839017543231&set=gm.2198855820691757&type=3","May be an image of indoors","27487839380876528","photo","https://www.facebook.com/photo.php?fbid=27487839380876528&set=gm.2198855830691756&type=3","May be an image of lighting and indoors","27487839700876496","photo","https://www.facebook.com/photo.php?fbid=27487839700876496&set=gm.2198855834025089&type=3","100002315082873","Mykel Maco","https://scontent-iad6-1.xx.fbcdn.net/v/t39.30808-1/471327853_8924471604306587_7698627924741505873_n.jpg?stp=cp0_dst-jpg_tt6&cstp=mx1024x1024&ctp=s24x24&_nc_cat=109&ccb=1-7&_nc_sid=1d2534&_nc_ohc=lGf7jmVuu48Q7kNvwFDKvPB&_nc_oc=Adpn-m9u0mNHYWbTkMIdxHba-lO0MvBS2zkJQBPJeqwWmcBR1-Gt-Ja49SlspYhDeXg&_nc_zt=24&_nc_ht=scontent-iad6-1.xx&_nc_gid=ZOWZuW1h3TwbfNs8UrJ7YA&_nc_ss=7e2a8&oh=00_AQB4TtbhPDzjWfhr-5FWVxeFlThMwmdyFg6X7Bn8BeMnuA&oe=6A5E341C","https://www.facebook.com/mykel.maco","9","2198855810691758","Permission to post Admin 

🏠 Brand new townhouse duplex for sale,Upper Antipolo

📍 Flood-Free & Peaceful Community 
📍 24/7 Security & Transportation 
📍 Near Hospitals, Schools, Robinsons, SM Hypermarket, DALI, OSave, and other establishments

💰 ONLY ₱6,000,000 PER UNIT 
💵 Cash Buyers Get BIG DISCOUNTS! 
🏦 Bank Financing Available – We Assist with Approval

🏠 UNIT A
📐 Lot Area: 63 sqm
 📐 Floor Area: 105 sqm
✅ 3 Bedrooms 
✅ 3 Toilet & Bath 
✅ Spacious Living Area 
✅ Dining & Kitchen Area 
✅ Dirty Kitchen / Laundry Area 
✅ Open Space at the Back 
✅ Master's Bedroom with Balcony 
✅ 1-Car Gated Parking

🏠 UNIT B (CORNER UNIT)
📐 Lot Area: 63 sqm 
📐 Floor Area: 105 sqm
⭐ Corner Unit with Extra Side Space 
✅ 3 Bedrooms 
✅ 3 Toilet & Bath 
✅ Spacious Living Area 
✅ Dining & Kitchen Area 
✅ Dirty Kitchen / Laundry Area 
✅ Open Space at the Back 
✅ Master's Bedroom with Balcony 
✅ 1-Car Garage 
✅ Fence & Gate Included

🎯 Why Buy This Property? 
✔️ Clean Title 
✔️ Flood-Free Location 
✔️ 24/7 Guarded Community 
✔️ Family-Friendly Neighborhood 
✔️ Court & Community Amenities 
✔️ High Rental & Resale Potential

💰 Reservation Fee: ₱50,000 Only 
📌 10% Downpayment 
📌 Flexible Payment Terms

Dm or call 09275125285

#highlightseveryonefollowers 
#antipolohouseandlotforsale 
#floodfreesubdivision 
#duplexhouseforsale 
#brandnew",,,"3",,,,,"3","0","1783636700000","https://www.facebook.com/groups/houseandlotforsaleantipolo/permalink/2198855810691758/"
"May be an image of text that says 'BANTAY BANTAYBAGYO BAGYO JULY JULY9,2026 9, 2026 rao PHILIPPINE SEA INDAY PATULOYNA HUMIHINA DAHIL SA ERC NGMATA! ALERTINGGABMA GMMAALERTS'","122118150188699000","photo","https://www.facebook.com/photo/?fbid=122118150188699000&set=gm.2100200883928562&idorvanity=726503914631606",,,,,,,,,,,,,,,,,"61570970027552","Great Manila Area Alerts","https://scontent-iad3-1.xx.fbcdn.net/v/t39.30808-1/735859120_122117114684699000_5753567004021896377_n.jpg?stp=cp0_dst-jpg_tt6&cstp=mx1254x1254&ctp=s24x24&_nc_cat=110&ccb=1-7&_nc_sid=2d3e12&_nc_ohc=LYMVgvZIm7IQ7kNvwEoz6K2&_nc_oc=AdqSkngXb2fMjdd5WGthyYrXk86WQKB2Jv2pViBkHtNc8r8-rCjw9enAgTMQRswirA0&_nc_zt=24&_nc_ht=scontent-iad3-1.xx&_nc_gid=ZOWZuW1h3TwbfNs8UrJ7YA&_nc_ss=7e2a8&oh=00_AQAinNkFQ4hAuvSXd_l4xU7zsxA6OAae-4BZJeLXZi1gow&oe=6A5E4487","https://www.facebook.com/GreaterMetroManilaAreaAlerts","0","2100200883928562","TYPHOON INDAY, PATULOY NA HUMIHINA HABANG NAGAGANAP ANG EYEWALL REPLACEMENT CYCLE! 🌪️

LOOK: Patuloy na bahagyang humihina ang Typhoon #IndayPH (Bavi) habang isinasailalim ito sa Eyewall Replacement Cycle (ERC)—isang natural na proseso kung saan napapalitan ang panloob na eyewall ng panibagong mas malawak na eyewall. Sa yugtong ito, karaniwang bumababa ang pinakamalalakas na hangin ng bagyo at pansamantalang humihina ang sistema.

Gayunpaman, hindi ito nangangahulugang ligtas na ang bagyo. Matapos makumpleto ang ERC, maaari itong muling lumakas at magkaroon ng mas malawak na lawak ng mapaminsalang hangin at malalakas na pag-ulan. Patuloy na binabantayan ng mga weather agency ang galaw at pagbabago sa lakas ng bagyo habang kumikilos ito sa karagatan.

#GMMAAlerts #BantayPanahon #IndayPH #Bavi #EyewallReplacementCycle #ERC #WeatherUpdate #PAGASA",,,"19","1",,,,"20","0","1783581614000","https://www.facebook.com/groups/726503914631606/permalink/2100200883928562/"
"May be an image of map and text that says 'WALANG PASOK MAP NATIONAL CAPITAL REGION FOR JULY 10, 2026 AS OF 8:10PM JULY 9, ,2026 CALOOCAN NO ANNOUNCEMENT VALENZUELA NAVOTAS A5 ALL LEVELS PUBLIC AND ANDPRIVAT PRIVA MALABON CALODCAN PRE-SCHOOL TO SHS PUBLIC AND PRIVA L QUEZON CITY MARIKINA ALL LEVELS POBLICONLY MANILA SAN JUAN PRE-SCHOOL ONLY PUBLICANDPRIVATE ANDPRIVATE AND PUBLI MANDALUYONS PASIG MAKATI PASAY CONFIRMED MAY PATEROS TAGUIG PARANAQUE LASPINAS LAS PINAS MUNTINLUF SOURCELOCALGOVERNMENTUNTS SOURCELOCAL ALERTINGGMMA GGMMA ALERTING GMMA GMMAALERTS ALERTS'","122118190478699000","photo","https://www.facebook.com/photo/?fbid=122118190478699000&set=gm.2100383147243669&idorvanity=726503914631606",,,,,,,,,,,,,,,,,"61570970027552","Great Manila Area Alerts","https://scontent-iad3-1.xx.fbcdn.net/v/t39.30808-1/735859120_122117114684699000_5753567004021896377_n.jpg?stp=cp0_dst-jpg_tt6&cstp=mx1254x1254&ctp=s24x24&_nc_cat=110&ccb=1-7&_nc_sid=2d3e12&_nc_ohc=LYMVgvZIm7IQ7kNvwEoz6K2&_nc_oc=AdqSkngXb2fMjdd5WGthyYrXk86WQKB2Jv2pViBkHtNc8r8-rCjw9enAgTMQRswirA0&_nc_zt=24&_nc_ht=scontent-iad3-1.xx&_nc_gid=2HgFuZooUAnk-OwBfgdW3A&_nc_ss=7e2a8&oh=00_AQDVg6KkcBLNZ-dIR89_QvSPOvJ1guMczymX3nq2PTHQOA&oe=6A5E4487","https://www.facebook.com/GreaterMetroManilaAreaAlerts","0","2100383147243669","WALANG PASOK MAP ADVISORY FOR JULY 10, 2026

LOOK: Wala pang nagsu-suspinde ng klase sa kahit anong Lokal na Pamahalaan sa NCR, ayun ay bunsod ng inaasahang epekto ng Habagat bukas, at effectivity ng Orange Impact Based Warning, inaasahan rin na ngayon malalaman ang naging bunga ng Meeting ng mga Metro Manila Mayors kaugnay sa suspensyon ng klase para bukas ayon kay San Juan City mayor Francis Zamora.

#GMMAAlerts #WalangPasok",,,,,,,,"0","0","1783599957000","https://www.facebook.com/groups/726503914631606/permalink/2100383147243669/"
"No photo description available.","122183043914885323","photo","https://www.facebook.com/photo.php?fbid=122183043914885323&set=gm.2197461154164557&type=3","May be an image of pool","122183043896885323","photo","https://www.facebook.com/photo.php?fbid=122183043896885323&set=gm.2197461204164552&type=3","May be an image of pool","122183043878885323","photo","https://www.facebook.com/photo.php?fbid=122183043878885323&set=gm.2197461200831219&type=3","May be an image of pool","122183043824885323","photo","https://www.facebook.com/photo.php?fbid=122183043824885323&set=gm.2197461197497886&type=3","May be an image of agave","122183044100885323","photo","https://www.facebook.com/photo.php?fbid=122183044100885323&set=gm.2197461194164553&type=3","61576559708906","Hann Cel","https://scontent-iad3-2.xx.fbcdn.net/v/t39.30808-1/710586715_122177534120885323_3118455050500617930_n.jpg?stp=c0.129.871.871a_cp0_dst-jpg_tt6&cstp=mx871x871&ctp=s24x24&_nc_cat=111&ccb=1-7&_nc_sid=e99d92&_nc_ohc=SjFhPVly8tUQ7kNvwGlJN2U&_nc_oc=AdqO8jKTHYhx3hbUrG6-PGyGDOqU31daK-PAsyd9OOogPp9am-ULLoahXIhJ6wAPxP4&_nc_zt=24&_nc_ht=scontent-iad3-2.xx&_nc_gid=2HgFuZooUAnk-OwBfgdW3A&_nc_ss=7e2a8&oh=00_AQDm2OQJ0GINz8qiEpePGpFv5qZx8pW9amvZe5R1wwrPEw&oe=6A5E4B40","https://www.facebook.com/profile.php?id=61576559708906","10","2197461157497890","❤️🩷 𝗙𝗥𝗢𝗠 ₱𝟭𝟭𝗠 𝗗𝗢𝗪𝗡 𝗧𝗢 ₱𝟵.𝟴𝗠 – 𝗦𝗟𝗜𝗚𝗛𝗧𝗟𝗬 𝗡𝗘𝗚𝗢𝗧𝗜𝗔𝗕𝗟𝗘! 🩷❤️

🏡 BEAUTIFUL WHITE MEDITERRANEAN FARMHOUSE WITH PRIVATE POOL 🏊✨

💰 NOW ONLY ₱9.8M NET!💳 Payment Terms:
✅ Cash
✅ Bank Financing

🔥 Price reduced from ₱11M for a QUICK SALE! Don't miss this amazing opportunity!

📍 Summerhills Executive Village, Cogeo, Antipolo

🛣️ Only:• 25 minutes from Marikina• 40–50 minutes from Ortigas, Greenhills & Cubao

📸 These are ACTUAL professionally taken photos of the property — NOT computer-generated.

✨ Property Features:
📐 Lot Area: 150 sqm
🏠 Floor Area: 52 sqm Villa
🛏️ 2 Bedrooms
🛁 1 Huge Bathroom
🏡 Cathedral Ceiling
🛋️ Semi-Furnished
🌄 Built on top of the hill (Never Lived In)
🤍 Elegant Mediterranean Revival Design
🌊 Flood-Free Community

🌟 Why You'll Love It:
✅ Private Swimming Pool
✅ Fully Decked & Landscaped Garden
✅ Semi-Furnished & Move-in Ready
✅ Rare Find in Antipolo Subdivisions
✅ Perfect as a Family Home, Airbnb Business, or Weekend Getaway

✈️ Reason for Selling: Owner is migrating to Europe.

👤 Direct Owner Listing

📩 PM ME FOR MORE DETAILS & SCHEDULE A VIEWING!",,,"9","5",,,,"14","0","1783504472000","https://www.facebook.com/groups/houseandlotforsaleantipolo/permalink/2197461157497890/"
"May be an image of bedroom, indoors and living room","1557497799493514","photo","https://www.facebook.com/photo.php?fbid=1557497799493514&set=gm.1960907714526772&type=3","May be an image of bed, bedroom and indoors","1557497772826850","photo","https://www.facebook.com/photo.php?fbid=1557497772826850&set=gm.1960907724526771&type=3","May be an image of indoors","1557497779493516","photo","https://www.facebook.com/photo.php?fbid=1557497779493516&set=gm.1960907721193438&type=3","May be an image of sink, towel rack and indoors","1557497849493509","photo","https://www.facebook.com/photo.php?fbid=1557497849493509&set=gm.1960907731193437&type=3","May be an image of lighting, bedroom and indoors","1557497862826841","photo","https://www.facebook.com/photo.php?fbid=1557497862826841&set=gm.1960907737860103&type=3","100056999272311","Jase Beringuela","https://scontent-iad6-1.xx.fbcdn.net/v/t39.30808-1/469290488_1097302982179667_8333967690153267928_n.png?stp=cp0_dst-png&cstp=mx1079x1079&ctp=s24x24&_nc_cat=107&ccb=1-7&_nc_sid=1d2534&_nc_ohc=dlysdVuT0hYQ7kNvwFPxtjl&_nc_oc=AdrabZNgMGeHMvMNfjNcG_e4jsUGcYNV2FKiUz-RnNcxziG6WNp-gKDb81F_szSY9Io&_nc_zt=24&_nc_ht=scontent-iad6-1.xx&_nc_gid=2HgFuZooUAnk-OwBfgdW3A&_nc_ss=7e2a8&oh=00_AQDDUuOT2jh_bKeBAH5r2SUwULZC49URfVkhVyK0uNdKcA&oe=6A5E3A64","https://www.facebook.com/jase.realestate","0","1960907717860105","2-Bedroom Condo Unit with Parking For Sale

📍 Vimana Verde Residences, Brgy. Oranbo, Pasig City

📍 Near Capitol Commons/Estancia Mall, Phil Sports Arena/Ultra, St. Paul Pasig, The Medical City, Valle Verde Country Club, Ayala 30th

DETAILS:

Unit Area: 96.16 sqm (Unit+Balcony)

- 2 Bedrooms

- 2 Toilet & Baths

- 1 Parking Slot

- Pet-friendly

- Flood Free Area

- Furnished

- Includes 3 ACs, Cabinets, 4 seater dining set, Elba Stove and Exhaust, Ceiling Fans

- Corner Unit

- 2 Balconies

- Maid's room

- 3rd Floor

- Clean Title

- Taxes Updated

RFS: Owner will move to a different location

🏷 Price: Php 17,500,000 (Negotiable)

For More Details and Viewing, leave a message or Call/Text:

09671505309",,,,,,,,"0","0","1783475833000","https://www.facebook.com/groups/909112023039685/permalink/1960907717860105/"
"No photo description available.","1007547458551299","photo","https://www.facebook.com/photo.php?fbid=1007547458551299&set=gm.4415240851955347&type=3","No photo description available.","1007547511884627","photo","https://www.facebook.com/photo.php?fbid=1007547511884627&set=gm.4415240865288679&type=3","May be an image of text","1007547545217957","photo","https://www.facebook.com/photo.php?fbid=1007547545217957&set=gm.4415240855288680&type=3","May be an image of text","1007547575217954","photo","https://www.facebook.com/photo.php?fbid=1007547575217954&set=gm.4415240861955346&type=3",,"27501664562803939","video","https://www.facebook.com/ford.daniel6661/videos/27501664562803939/?idorvanity=2864504320362349","100078881615886","Ford Daniel","https://scontent-iad3-1.xx.fbcdn.net/v/t1.30497-1/453178253_471506465671661_2781666950760530985_n.png?stp=cp0_dst-png&cstp=mx2048x2048&ctp=s24x24&_nc_cat=1&ccb=1-7&_nc_sid=136b72&_nc_ohc=jcZuiBJJlywQ7kNvwEr0gTR&_nc_oc=Adp5kezMXuUwEH2l0gTiqBz8_giSPdmgeZcU8zsj-c3_VeIzNbNOKSenZSdmFgAa3DI&_nc_zt=24&_nc_ht=scontent-iad3-1.xx&_nc_ss=7e2a8&oh=00_AQDlt3gY1nLHJJPtR7fqAbv4VSc44N9s8SIQCOA4UkQAkg&oe=6A7FF0FA","https://www.facebook.com/ford.daniel6661","7","4415240868622012","",,,"1",,,,,"1","0","1783503984000","https://www.facebook.com/groups/2864504320362349/permalink/4415240868622012/"
"May be an image of text","122184926366898447","photo","https://www.facebook.com/photo/?fbid=122184926366898447&set=gm.2198801780697161&idorvanity=917486442162041",,,,,,,,,,,,,,,,,"61576953435437","Mitchie Atsituab","https://scontent-iad6-1.xx.fbcdn.net/v/t39.30808-1/618077405_122159709512898447_3066279335623109192_n.jpg?stp=c0.250.1500.1500a_cp0_dst-jpg_tt6&cstp=mx1500x1500&ctp=s24x24&_nc_cat=102&ccb=1-7&_nc_sid=e99d92&_nc_ohc=WWoKqKc4FPwQ7kNvwHhQevU&_nc_oc=AdqnK0uM-NkY6G60hlea1QjJfLPEX9LVip1Nzk_3Q50MtVp-zjUSsCi8c_kUAJ7IOs0&_nc_zt=24&_nc_ht=scontent-iad6-1.xx&_nc_gid=2HgFuZooUAnk-OwBfgdW3A&_nc_ss=7e2a8&oh=00_AQDDkNc25WqOi6vQruOyNy8UMsKPen9F19X2LBV3BPtnZg&oe=6A5E33DB","https://www.facebook.com/profile.php?id=61576953435437","0","2198801780697161","🏡✨ AFFORDABLE & FLOOD-FREE HOUSE & LOT FOR SALE! ✨🏡

💥 Own your dream home near Marikina without the worry of flooding!

📍 Panorama Hills Subdivision, Cupang, Antipolo 
🚗 Just minutes from Lilac Street, Marikina 
💯 100% Flood-Free Location
🚧 Now Under Construction 
🔥 Only 2 Units Available!

🏠 PROPERTY DETAILS
📐 Lot Area: 59.92 sqm 
📐 Floor Area: 70.64 sqm

✨ HOME FEATURES
🛏️ 3 Bedrooms 
🛁 3 Toilet & Bath 
🛋️ Spacious Living Area 🍽️ Dining Area 
🧺 Service Area 
🚗 1-Car Garage with Own Gate

💰 FLEXIBLE PAYMENT TERMS

🏷️ Total Contract Price: ₱5,500,000
✅ Reservation Fee: ₱50,000 
✅ 20% Down Payment 
✅ Net Down Payment: ₱1,050,000 
✅ Payable in 10 Months: ₱105,000/month
🏦 Estimated Bank Financing (subject to bank approval)
✔️ 25 Years – ₱29,709/month 
✔️ 20 Years – ₱32,805/month

🌟 WHY BUY THIS HOME?
✔️ 100% Flood-Free Community 
✔️ Near Marikina via Lilac Street 
✔️ Peaceful & Secure Neighborhood 
✔️ Affordable Investment for Families 
✔️ Ideal for First-Time Homebuyers 
✔️ Great Property Value Appreciation

🔥 Only 2 Units Left – Reserve Yours Today!

📩 Comment ""PANORAMA"" or send us a message to receive: 
✅ Sample Computation 
✅ Exact Location 
✅ Site Viewing Schedule 
✅ FREE Bank Financing Assistance

👩‍💼 Mitch 📱 0923-742-9260

#HouseAndLotForSale #PanoramaHills #CupangAntipolo #NearMarikina #FloodFreeHome #AffordableHouse #FirstHome #BankFinancing #DreamHome #realestatephotos",,,,,,,,"0","0","1783630128000","https://www.facebook.com/groups/houseandlotforsaleantipolo/permalink/2198801780697161/"
"May be an image of car and text","1500007278821896","photo","https://www.facebook.com/photo.php?fbid=1500007278821896&set=a.562881992534434&type=3","May be an image of car and text","1500007288821895","photo","https://www.facebook.com/photo.php?fbid=1500007288821895&set=a.562881992534434&type=3","May be an image of car and text","1500007312155226","photo","https://www.facebook.com/photo.php?fbid=1500007312155226&set=a.562881992534434&type=3","May be an image of car and text","1500007275488563","photo","https://www.facebook.com/photo.php?fbid=1500007275488563&set=a.562881992534434&type=3","May be an image of car and text","1500007318821892","photo","https://www.facebook.com/photo.php?fbid=1500007318821892&set=a.562881992534434&type=3","100064379151801","Marcars Trading & Services Corp","https://scontent-iad6-1.xx.fbcdn.net/v/t39.30808-1/327265474_3484744145101622_5203512521653134728_n.jpg?stp=cp0_dst-jpg_tt6&cstp=mx960x960&ctp=s40x40&_nc_cat=109&ccb=1-7&_nc_sid=2d3e12&_nc_ohc=6AFRIASHkPQQ7kNvwHdwF6e&_nc_oc=AdrTmHECztgFanaLGvR_TN8eG4cmTfU0JA1hFm6OAq0A2UNeURXf1pXt0KwXX2TARCk&_nc_zt=24&_nc_ht=scontent-iad6-1.xx&_nc_gid=2HgFuZooUAnk-OwBfgdW3A&_nc_ss=7e2a8&oh=00_AQAiMkiWnr0u6fAdmVikqKXpa0ROCkwdPjthosHuMr2SIA&oe=6A5E5972","https://www.facebook.com/MarcarsTradingServicesCorp","1","1500007402155217","🚘 2004’s Mercedes Benz C32 AMG 
💰 888K (neg) trade in ok! 

 ""This is a very rare & hard to find piece, an all
  original Mercedes Benz C32 AMG. This a
  collector's item. This beautiful Benz has an
  IMMACULATE, VERY FRESH & PRESERVED
  Condition! A must see to believe & compare!"" 💎

🔻 DETAILS 🔻
TOP OF THE LINE: ""C32 AMG Series""
- 69Tkms ONLY
- Complete owner’s manual, booklets & spare key
- 3.2L SuperCharged V6 Kompressor GAS Engine
- 349HP (0-100kph in 5.2seconds)
- 5 speed automatic transmission
- Black & Dark Blue genuine leather seats &
   interior w/ carbon panels & trims
- 5 seaters
- NEW WHITE PLATE ENDING 7

🔻 OPTIONS & FEATURES 🔻
- Fullest options
- Sunroof & moonroof
- Front & rear AMG sports seats
- Power seats w/ memory
- Front seats w/ heated feature 
- Dual zone climate control
- Rear dual aircon
- Multiple surround SRS airbag
- Multi-function steering wheel w/ audio &
   cruise control buttons
- Push button interior panels
- 3pcs rear headrest & auto drop feature
- Laser cut key w/ keyless entry
- Original M. Benz all weather rubber floor matts
- Original MultiMedia Headunit w/ CD, & Telephone 
- BOSE Surround Sound System

🔻 OTHERS 🔻
- Original 17"" AMG Staggered Mags 
- BRANDNEW Michellin tires 
   (front: 225 wide & rear: 245 wide)
- HID projector headlights w/ washers
- All weather yellow foglamps
- Side mirror w/ signal lights
- Original AMG Kits: AMG front & rear bumpers, 
   AMG side skirts, AMG twin muffler tip
- Complete basic tools w/ tire compressor & 
   1st aid kits

100% ALL ORIGINAL in and out! 💎
Very well kept & maintained!
Fresh & preserved leather interior!
Flawless exterior, NO dents, NO scratches
NO previous accidents!
100% FLOOD FREE. See to appreciate! 💯

💎 QUALITY IS OUR PRIORITY 💎

#MARCarsMoves 👅
#NOsalesTALK #justSAYtheNAME #MARCars 💎

😍 LIKE TO SEE MORE COOL & AWESOME CARS? 

👍🏽 LIKE our page to see our LATEST and UPDATED vehicles FOR SALE! 

📞 0917.5123333 ☎️ 028.9213333

📍📍MARCars Trading Corp.📍📍
👍🏼👍🏼""Best Cars @ Low Prices""👍🏼👍🏼

#SELLINGyourCAR?💰
#weBUYcars #spotCASH #payFAST #SAFEdeals 💯

✅✅""GOOD cars SELECTED""✅✅
❌❌""BAD cars REJECTED""❌❌
👌🏽👌🏽""QUALITY is our PRIORITY""👌🏽👌🏽
💯”GUARANTEED customer SATISFACTION” 💯",,,"4","2",,,,"6","1","1783591207000","https://www.facebook.com/MarcarsTradingServicesCorp/posts/pfbid0ShKUCXnPzyz2JaJM1f9pdUJd37GESG7Qiti3rSproHAs6geTzasP8URYqeeuwyUDl"
,,,,,,,,,,,,,,,,,,,,"100008136946016","LY Rush","https://scontent-iad6-1.xx.fbcdn.net/v/t39.30808-1/608893021_4384461555168366_449065453189660520_n.jpg?stp=c7.0.488.488a_cp0_dst-jpg_tt6&cstp=mx488x488&ctp=s24x24&_nc_cat=106&ccb=1-7&_nc_sid=1d2534&_nc_ohc=wZdueWoSQdUQ7kNvwFsu14c&_nc_oc=Adrbzodxx7zzzKuZyE321SG2RTrNd1zHgKJg0kXhsbR-9L_V0376AFAq0TgUfNwu1TY&_nc_zt=24&_nc_ht=scontent-iad6-1.xx&_nc_gid=gXeKmJ-ECd4UUCH-Ioa6yg&_nc_ss=7e2a8&oh=00_AQAKcDz8nzRUm-WT_KbGv2pVEjaqMgqM4u0_yEs2Cinbgw&oe=6A5E5E56","https://www.facebook.com/ly.rush.730388","1","1773420540564656","182 sqm
Corner lot
Wide frontage
residential lot
vacant lot
flood free
see to appreciate
for interested buyers 
please direct message me po
thank you
God Bless",,,"1",,,,,"1","0","1783498782000","https://www.facebook.com/groups/352109369362454/permalink/1773420540564656/?sale_post_id=1773420540564656"
,,,,,,,,,,,,,,,,,,,,"100023361965539","Novatek Phils","https://scontent-iad3-1.xx.fbcdn.net/v/t39.30808-1/739786356_2226821664773211_7729599892665773855_n.jpg?stp=c0.87.576.576a_cp0_dst-jpg_tt6&cstp=mx576x576&ctp=s24x24&_nc_cat=101&ccb=1-7&_nc_sid=e99d92&_nc_ohc=VZVu_XykXzwQ7kNvwEvDeHM&_nc_oc=AdoNt9CSEiCtpukO_ZI6Z_kjzqZBfrc6vIJbrb4b8wV5VbXa0zo2V1IkOUm6Nw14iGo&_nc_zt=24&_nc_ht=scontent-iad3-1.xx&_nc_gid=gXeKmJ-ECd4UUCH-Ioa6yg&_nc_ss=7e2a8&oh=00_AQCfyHZ1ljJo1tbOXMCB4wZxzz_9lFFVzCqcmncTDgZiyw&oe=6A5E337F","https://www.facebook.com/merci1821","0","1774444560462254","New Townhouse For Sale
Location: Bloomfield Heights Antipolo

Amenities: 
Swimming Pool
Gazebo, Basketball Court 
Peaceful community 
Malamig ang lugar
Flood free area
++++++++++++++
10mins from Robinson's Place Antipolo
5mins from Antipolo Church
Nearby hospitals, supermarkets, and schools (la salle, assumption etc)
Lot Area:  40sqm
Floor Area:  80sqm
3BR 
2TB 
TERRACE 
1 Carport
 Price - P4.2M
Cash or Bank Financing",,,"1",,,,,"1","0","1783603499000","https://www.facebook.com/groups/352109369362454/permalink/1774444560462254/?sale_post_id=1774444560462254"
"No photo description available.","1757576145418818","photo","https://www.facebook.com/photo.php?fbid=1757576145418818&set=gm.2413722279120496&type=3","No photo description available.","1757576365418796","photo","https://www.facebook.com/photo.php?fbid=1757576365418796&set=gm.2413722292453828&type=3","No photo description available.","1757576518752114","photo","https://www.facebook.com/photo.php?fbid=1757576518752114&set=gm.2413722285787162&type=3","No photo description available.","1757576662085433","photo","https://www.facebook.com/photo.php?fbid=1757576662085433&set=gm.2413722289120495&type=3","May be an image of text","1757576978752068","photo","https://www.facebook.com/photo.php?fbid=1757576978752068&set=gm.2413722282453829&type=3","100034993479620","Jovenal Pada Pinero","https://scontent-iad6-1.xx.fbcdn.net/v/t39.30808-1/468755162_1305609003948870_213271420277363948_n.jpg?stp=cp6_dst-jpg_tt6&cstp=mx1840x1840&ctp=s24x24&_nc_cat=100&ccb=1-7&_nc_sid=e99d92&_nc_ohc=mfH8p1zOfcEQ7kNvwGtatQq&_nc_oc=AdquML8Ud25WjXdjCAm__jk3kKn3zwI2U0gOpUkrM3N4BqhYsInJ7wYGfZjLSgbpLD8&_nc_zt=24&_nc_ht=scontent-iad6-1.xx&_nc_gid=gXeKmJ-ECd4UUCH-Ioa6yg&_nc_ss=7e2a8&oh=00_AQDOUtI-6emOL74ORBt7MO333X0OY_mrwV4RCryEtMlIfw&oe=6A5E6811","https://www.facebook.com/jovenalpenero","12","2413722275787163","Studio type for rent
Add: 90 blk 4 lot 4 Kabisig San Andres Cainta Rizal
1st FLOOR

With own Mer meter and Mla Water

Add: 90 blk 4 lot 4 Kabisig San Andres Cainta Rizal

Few meters away from floodway highway

Flood free

Rent: Php 6500

Terms of payment: 1 mo adv and 1 mo deposit

For further inquiries pls contact:

Dodong - 09202203761

Ellen- 09175343194

Note: pls tex us first before calling since we are not replying on numbers we are not familiar with!",,,"9",,,,,"9","0","1783510524000","https://www.facebook.com/groups/1559955297830536/permalink/2413722275787163/"
,,,,,,,,,,,,,,,,,,,,"100000451344701","Lolo Monching","https://scontent-iad6-1.xx.fbcdn.net/v/t39.30808-1/701785844_36064777789787143_3968245803177480676_n.jpg?stp=cp0_dst-jpg_tt6&cstp=mx577x574&ctp=s40x40&_nc_cat=102&ccb=1-7&_nc_sid=1d2534&_nc_ohc=K4ehq9AiDIEQ7kNvwFm7EHZ&_nc_oc=AdrwOLt2ba25jJB429_v_u0j1hdBpbcqvHWYaTw_EpGdlPGjQ0sx2t5ZZJa6bKYFR0o&_nc_zt=24&_nc_ht=scontent-iad6-1.xx&_nc_gid=gXeKmJ-ECd4UUCH-Ioa6yg&_nc_ss=7e2a8&oh=00_AQDvSaWg3s_llH5Jo-HpJwQCthM02JVbEGqZoQ30Q6P5FQ&oe=6A5E47F2","https://www.facebook.com/LoloMonching635399","5","1330431279070712","Apolo gueboloy Rodrigo Duterte ipag sisibalik po nyo ang mga kayaman sa dating ex presedenti Philippines Ferdinand edralin Marcos sr na inyong pinag ninanakwan ang dating ex presedenti Ferdinand edralin Marcos sr sa mga gintong yamani ni dating pangulong ferdinand edralin Marcos sr Kasama na si marcolata at iba pang nandito mga picture na it'o purong Kawtan sa gintong yaman sating pangulong BBM sila it'o mga taong mag nanakaw sakim gahaman mapang akin mangurakot mang mamatay at mga mayayabng sa Hinding hindi nila sairling kayamanang Gintong yaman at pinag ninanakwan at inaangkin lamng sa mga d30 at Paolo guimbuloy at marcolata at iba pa na laht mga inc binubulag sa katutuhanan at gising sa purong kasinungalingan dahil sa kayabang sa mga d30 at apolo gueboloy at matcaookata sa gintong yaman ni dating ex presedenti Ferdinand edralin Marcos sr pinag ninanakwa sa weps at pinag angkin at pinag yayabang sa mga d30 Kawtan sa mga kayamanan gintong yaman ni pbbm!

Si pbbm ang nag mamayari sa gintong yaman nasa wps na pinag kukuha ni Rodrigo Duterte Sara d30 at apolo gueboloy at matcaookata at iba pa?",,"1","8",,,,,"9","1","1783489423000","https://www.facebook.com/groups/700324762081370/permalink/1330431279070712/"
"May be a graphic of text","122117994878699000","photo","https://www.facebook.com/photo.php?fbid=122117994878699000&set=gm.1750370149297610&type=3","May be an image of text","122117994884699000","photo","https://www.facebook.com/photo.php?fbid=122117994884699000&set=gm.1750370152630943&type=3","May be an image of tornado, map and text that says 'MINDANAO Davao Davao,City City Siasi'","122117994890699000","photo","https://www.facebook.com/photo.php?fbid=122117994890699000&set=gm.1750370159297609&type=3",,,,,,,,,"61570970027552","Great Manila Area Alerts","https://scontent-iad3-1.xx.fbcdn.net/v/t39.30808-1/735859120_122117114684699000_5753567004021896377_n.jpg?stp=cp0_dst-jpg_tt6&cstp=mx1254x1254&ctp=s24x24&_nc_cat=110&ccb=1-7&_nc_sid=2d3e12&_nc_ohc=LYMVgvZIm7IQ7kNvwEoz6K2&_nc_oc=AdqSkngXb2fMjdd5WGthyYrXk86WQKB2Jv2pViBkHtNc8r8-rCjw9enAgTMQRswirA0&_nc_zt=24&_nc_ht=scontent-iad3-1.xx&_nc_gid=gXeKmJ-ECd4UUCH-Ioa6yg&_nc_ss=7e2a8&oh=00_AQDHaSu0XxBOPX5elTewp2MpvBwubt7OXYIFWXDMWrxQ4g&oe=6A5E4487","https://www.facebook.com/GreaterMetroManilaAreaAlerts","0","1750370155964276","PINALAKAS NA HABAGAT NG SUPER BAGYONG INDAY, NAGDUDULOT NG MGA PAG-ULAN SA MINDANAO! 🌧️⚠️

Naglabas ang PAGASA ng Rainfall Warning No. 3 para sa maraming lalawigan sa Mindanao dahil sa pinalakas na Habagat (Southwest Monsoon) na dulot ng Super Bagyong Inday (Bavi). Inaasahan ang katamtaman hanggang sa malakas, at paminsan-minsang matinding pag-ulan na maaaring magdulot ng pagbaha, flash flood, at pagguho ng lupa, lalo na sa mga lugar na mababa, tabing-ilog, at bulubundukin.

Kabilang sa mga apektado ang ilang bahagi ng Davao Region, Zamboanga Peninsula, BARMM, SOCCSKSARGEN, Northern Mindanao, Caraga, at Basilan, habang may iba pang lalawigan at mga lungsod na inaasahang makararanas din ng tuloy-tuloy na pag-ulan sa mga susunod na oras.

Pinapayuhan ang mga residente sa mga apektadong lugar na maging mapagmatyag, sundin ang mga abiso ng lokal na pamahalaan, at maging handa sa posibleng agarang paglikas kung kinakailangan.

#GMMAAlerts #RainfallWarning #Habagat #SuperBagyongInday #Bavi #PAGASA #Mindanao #WeatherUpdate #FloodAlert #LandslideAlert",,,,,,,,"0","0","1783503793000","https://www.facebook.com/groups/728806468120655/permalink/1750370155964276/"
"May be an image of car and text that says 'NGN NGN6818 6818'","1355492626718455","photo","https://www.facebook.com/photo.php?fbid=1355492626718455&set=a.423729326561461&type=3","May be an image of car and text that says 'NGN6818 NGN 6818'","1355493126718405","photo","https://www.facebook.com/photo.php?fbid=1355493126718405&set=a.423729326561461&type=3","May be an image of car and text that says 'O NGN NGN6818 6818'","1355493066718411","photo","https://www.facebook.com/photo.php?fbid=1355493066718411&set=a.423729326561461&type=3","May be an image of car and road","1355492720051779","photo","https://www.facebook.com/photo.php?fbid=1355492720051779&set=a.423729326561461&type=3","May be an image of car","1355492956718422","photo","https://www.facebook.com/photo.php?fbid=1355492956718422&set=a.423729326561461&type=3","100067731919215","Kodah All Cars","https://scontent-iad3-1.xx.fbcdn.net/v/t39.30808-1/578503766_1156919906575729_4595099339612340397_n.jpg?stp=cp0_dst-jpg_tt6&cstp=mx2048x2048&ctp=s40x40&_nc_cat=108&ccb=1-7&_nc_sid=2d3e12&_nc_ohc=zXS-MFclH0oQ7kNvwGP3d6O&_nc_oc=AdorXx_WWuTYJUGdJFelw-RO5MwjB9T5C_FVx2SefM7yLPLwn_5GPPLHuPobEis1DvM&_nc_zt=24&_nc_ht=scontent-iad3-1.xx&_nc_gid=a6jsk4_zYQmVPTl2WHsuZQ&_nc_ss=7e2a8&oh=00_AQDrkpwpAknaquaAnqmNzu90UwMqXFnlNEiHqgwuHQKw_g&oe=6A5E4879","https://www.facebook.com/kodah.allcars","0","1355493220051729","2021 Mazda 3 Sportback 2.0 Premium, Automatic, Gas

Php 848,000 only!

⚙️ Transmission: Automatic
⛽ Fuel type: Gas
🔢 Plate ending: 8
🚙 Mileage: 19k kilometers

Screenshot this for 𝐀𝐃𝐃𝐈𝐓𝐎𝐍𝐀𝐋 𝐃𝐈𝐒𝐂𝐎𝐔𝐍𝐓 (Look for 𝐌𝐈𝐍𝐈)

𝐅𝐨𝐫 𝐢𝐧𝐪𝐮𝐢𝐫𝐢𝐞𝐬 𝐦𝐞𝐬𝐬𝐚𝐠𝐞/𝐜𝐚𝐥𝐥 𝐌𝐈𝐍𝐈 - 𝟎𝟗𝟐𝟕 𝟕𝟎𝟐 𝟎𝟖𝟖𝟗

𝐖𝐞 𝐚𝐜𝐜𝐞𝐩𝐭 𝐂𝐚𝐬𝐡, 𝐅𝐢𝐧𝐚𝐧𝐜𝐢𝐧𝐠, & 𝐓𝐫𝐚𝐝𝐞 𝐈𝐧. 

𝐒𝐀𝐌𝐏𝐋𝐄 𝐂𝐎𝐌𝐏𝐔𝐓𝐀𝐓𝐈𝐎𝐍
ALL IN CASHOUT - Php 189,000
(Chattel Fee & Insurance included)
2 years: ₱40,700 / month
3 years: ₱29,400 / month
4 years: ₱24,400 / month

𝐂𝐀𝐑 𝐅𝐄𝐀𝐓𝐔𝐑𝐄𝐒
1st Owned
Mileage 19k (Complete Casa Records)
Plate ending 8
Apple Carplay
Sunroof
Push Start
Infotainment Display
E-Parking Brake
Cruise Control
i-Stop
Camera 360
Leather Seats
Reverse Camera
Parking Sensors
Power Seat
Spare Key, Owner’s Manual & Booklet
Set of Tools, Jack & Spare Tire

𝐅𝐑𝐄𝐄 𝐅𝐮𝐥𝐥 𝐕𝐞𝐡𝐢𝐜𝐥𝐞 𝐒𝐜𝐚𝐧𝐧𝐢𝐧𝐠
𝐅𝐑𝐄𝐄 𝐓𝐫𝐚𝐧𝐬𝐟𝐞𝐫 𝐨𝐟 𝐎𝐰𝐧𝐞𝐫𝐬𝐡𝐢𝐩
𝐅𝐑𝐄𝐄 𝐃𝐞𝐭𝐚𝐢𝐥𝐢𝐧𝐠
𝐅𝐑𝐄𝐄 𝐁𝐚𝐧𝐤 𝐏𝐫𝐨𝐜𝐞𝐬𝐬𝐢𝐧𝐠

𝐖𝐇𝐘 𝐁𝐔𝐘 𝐅𝐑𝐎𝐌 𝐀𝐋𝐋 𝐂𝐀𝐑𝐒
📅 Trusted since 2002
🚗 Over 300 units in stock
💯 No mileage tampering, verified clean papers
🌊 No accident or flood history
💼 Financing made easy, high approval rate

𝐂𝐇𝐄𝐂𝐊 𝐎𝐔𝐑 𝐖𝐄𝐁𝐒𝐈𝐓𝐄: https://kodahallcars.com

𝐂𝐀𝐋𝐋 / 𝐌𝐄𝐒𝐒𝐀𝐆𝐄
📞 𝐌𝐈𝐍𝐈 - 0927 702 0889 - (Viber Ready) 

𝐕𝐈𝐒𝐈𝐓 𝐔𝐒
📍 Ground Floor, Valero Carpark 2, Salcedo Village, Makati (beside Uncle John's)
Waze: https://rb.gy/",,,"5",,,,,"5","0","1783572133000","https://www.facebook.com/kodah.allcars/posts/pfbid018gZF7W4TF4bmTeomx1NhoPpmpUJyZshRgXhUCqpTMor3FXJ2cJ3sj7SzMCMp848l"
,,,,,,,,,,,,,,,,,,,,"100044166202847","GMA Public Affairs","https://scontent-iad3-1.xx.fbcdn.net/v/t39.30808-1/376885946_912466956902169_1886388560392625402_n.jpg?stp=cp0_dst-jpg_tt6&cstp=mx484x484&ctp=s40x40&_nc_cat=1&ccb=1-7&_nc_sid=2d3e12&_nc_ohc=zTozIhMpPUoQ7kNvwHqPbJY&_nc_oc=AdoOosNbqnJ22E3YyOYtYK3Ez_4pzUGPwnPNPOoIrZ41Wj1yJypSna005vwVE83wU4E&_nc_zt=24&_nc_ht=scontent-iad3-1.xx&_nc_gid=a6jsk4_zYQmVPTl2WHsuZQ&_nc_ss=7e2a8&oh=00_AQAIKNz8xjYgxcC7mLOOaZnXRq7QXLM1SaAZ3MFfrwSNuQ&oe=6A5E56FD","https://www.facebook.com/gmapublicaffairs","0","1730649931510007","Atty. Sheila Sison,the legitimate defender on malversation case and/or confidential funds of the vice president,
And can probably the defender of flood control corruption cases of some corrupt officials...",,,"1",,,,,"1","0","1783488624000","https://www.facebook.com/groups/527655351809477/permalink/1730649931510007/"
"No photo description available.","122242154378311409","photo","https://www.facebook.com/photo.php?fbid=122242154378311409&set=gm.2198311774079495&type=3","No photo description available.","122242154426311409","photo","https://www.facebook.com/photo.php?fbid=122242154426311409&set=gm.2198311794079493&type=3","May be an image of television, bedroom and text","122242154468311409","photo","https://www.facebook.com/photo.php?fbid=122242154468311409&set=gm.2198311797412826&type=3","May be an image of bed, bedroom and indoors","122242154510311409","photo","https://www.facebook.com/photo.php?fbid=122242154510311409&set=gm.2198311790746160&type=3","May be an image of table and indoors","122242154552311409","photo","https://www.facebook.com/photo.php?fbid=122242154552311409&set=gm.2198311787412827&type=3","61559342284600","Carina Lincuna","https://scontent-iad6-1.xx.fbcdn.net/v/t39.30808-1/732269591_122241129596311409_5485391872169105139_n.jpg?stp=cp0_dst-jpg_tt6&cstp=mx331x332&ctp=s24x24&_nc_cat=100&ccb=1-7&_nc_sid=1d2534&_nc_ohc=IZzj77IyJnYQ7kNvwGefzeg&_nc_oc=Adr-Jr606JEhNAATBHmyh-kol8TrvNUE-xTH_tVUbosBQgq5-FZtt5u_fWiwKEDBiBY&_nc_zt=24&_nc_ht=scontent-iad6-1.xx&_nc_gid=a6jsk4_zYQmVPTl2WHsuZQ&_nc_ss=7e2a8&oh=00_AQC1CHsu1-b9Rwl-6InWJXOggs98p-KjBAxetD6lgyyUpg&oe=6A5E4348","https://www.facebook.com/carina.lincuna.2024","3","2198311770746162","",,,"3",,,,,"3","2","1783586224000","https://www.facebook.com/groups/houseandlotforsaleantipolo/permalink/2198311770746162/"
"No photo description available.","1551767603626986","photo","https://www.facebook.com/photo.php?fbid=1551767603626986&set=a.478304074306683&type=3","May be an image of car and text","1551767593626987","photo","https://www.facebook.com/photo.php?fbid=1551767593626987&set=a.478304074306683&type=3","May be an image of ‎car, van and ‎text that says '‎대0도2제, و SJM IVI S AUTOTRADING TRADING‎'‎‎","1551767580293655","photo","https://www.facebook.com/photo.php?fbid=1551767580293655&set=a.478304074306683&type=3","May be an image of car and text that says 'SJM AUTOTRADING AUTO TRADING 8'","1551767643626982","photo","https://www.facebook.com/photo.php?fbid=1551767643626982&set=a.478304074306683&type=3","May be an image of car","1551767673626979","photo","https://www.facebook.com/photo.php?fbid=1551767673626979&set=a.478304074306683&type=3","100063812835006","SJM Auto Trading and Towing Services","https://scontent-iad3-1.xx.fbcdn.net/v/t39.30808-1/699560087_1499620875508326_8826629220170567596_n.jpg?stp=c88.81.1071.1071a_cp0_dst-jpg_tt6&cstp=mx1071x1071&ctp=s40x40&_nc_cat=110&ccb=1-7&_nc_sid=2d3e12&_nc_ohc=KqNe0LvGqScQ7kNvwFdD4Ay&_nc_oc=AdqvgMOg2_y0neb9tELJ1htXZJumuz4PJB38dRA1YIMjcRMEj6EgkGC71yQa_baCo1U&_nc_zt=24&_nc_ht=scontent-iad3-1.xx&_nc_gid=a6jsk4_zYQmVPTl2WHsuZQ&_nc_ss=7e2a8&oh=00_AQDfrrC0ywd7LID5Kcxq-iBH7E2rt_o8jKd9jqaG5J7LaQ&oe=6A5E64A8","https://www.facebook.com/sjmautomotive88","0","1551768620293551","🚨 FOR SALE | ONE OF THE CLEANEST TOYOTA INNOVA G's YOU'LL FIND! 🔥

Looking for a family SUV that's proven, reliable, and built to last?
This 2011 Toyota Innova G D-4D Automatic is ready to impress.

✨ Fresh inside and out. Well-preserved. Ready for its next owner.

🚗 TOYOTA INNOVA G
📅 2011 Model
⚙️ Automatic Transmission
⛽ D-4D Turbo Diesel Engine

💰 ONLY ₱488,000 CASH

Negotiable for serious buyers.

🌟 WHAT MAKES THIS UNIT STAND OUT?

✅ Original Shiny Paint
✅ Super Tin Can Body
✅ Fuel-Efficient D-4D Turbo Diesel
✅ Smooth Automatic Transmission
✅ Fresh Beige Interior
✅ Original Fabric Seats
✅ Elegant Wood Panel Trim
✅ Ice Cold Dual A/C (Front & Rear)
✅ Rear A/C Controls
✅ Power Windows • Power Locks • Power Side Mirrors
✅ Original Toyota Alloy Mags
✅ Thick Tires
✅ Clean & Well-Maintained Engine Bay
✅ Updated Preventive Maintenance Service (PMS)
✅ Registered with Complete Legal Documents
✅ Ready for Long Drives — Gas & Go!

💯 BUY WITH COMPLETE CONFIDENCE

✔️ No Flood History
✔️ No Major Accident History
✔️ No Overheat Issues
✔️ No Engine Issues
✔️ No Transmission Issues
✔️ No Underchassis Issues

🛡️ SJM CERTIFIED UNIT

Every unit is carefully inspected before release because we don't just sell cars, we stand behind every one of them.

💳 FLEXIBLE PURCHASE OPTIONS

✅ Cash
✅ Financing (Asialink & Partner Banks)
✅ Trade-In Accepted

📍 Financing is subject to bank approval.

📞 +63 915 762 5123

SJM Autotrading

🏅 SJM Certified Unit
Quality Vehicles. Honest Deals.
❤️ We Stand Behind Every Car We Sell.",,,,,,,,"0","1","1783597694000","https://www.facebook.com/sjmautomotive88/posts/pfbid02xTiE75jYES2MjHtCZRU6E4fohPByhX2SUFBXSuJHVZbtQyfjQJ4TihPGx6g4Zhjcl"
"May be an image of grass","122107033053366268","photo","https://www.facebook.com/photo.php?fbid=122107033053366268&set=gm.1773130690593641&type=3","May be an image of road and text","122107033095366268","photo","https://www.facebook.com/photo.php?fbid=122107033095366268&set=gm.1773130693926974&type=3",,,,,,,,,,,,,"61590988062797","Glaiza Belo","https://scontent-iad6-1.xx.fbcdn.net/v/t39.30808-1/732654869_122103617127366268_7009268408725140514_n.jpg?stp=cp0_dst-jpg_tt6&cstp=mx1011x1017&ctp=s24x24&_nc_cat=100&ccb=1-7&_nc_sid=1d2534&_nc_ohc=3Vgge8bYPPsQ7kNvwEorAiV&_nc_oc=AdoAeNbS6O85Igv1vNnawoDv_bkzYdSRTSSD3C0IPkO9n0u3ap2jwHaa-KG2U9z4Kxc&_nc_zt=24&_nc_ht=scontent-iad6-1.xx&_nc_gid=a6jsk4_zYQmVPTl2WHsuZQ&_nc_ss=7e2a8&oh=00_AQBDteQdgTDZ5ITDWMPTFFXwfa8cqjWa2y8m7l2kMFxbTA&oe=6A5E32C3","https://www.facebook.com/profile.php?id=61590988062797","10","1773130697260307","Teresa rizal lot hulugan 
100sqm minimum cut
Now up to 5yrs to pay 😍
With proper drainage system ✅️
Cemented road ✅️
With muhon✅️
Walking distance to market✅️
Accessible roads ✅️
Flood free✅️

Pm for more details 📩
WhatsApp/viber 
09358543704

@highlight",,,"1",,,,,"1","0","1783469429000","https://www.facebook.com/groups/352109369362454/permalink/1773130697260307/"
,"999687906391389","video","https://www.facebook.com/shiba.mashiba.yuki/videos/999687906391389/?idorvanity=566514060386996",,,,,,,,,,,,,,,,,"100085670753413","Shiba Mashiba Yuki","https://scontent-iad6-1.xx.fbcdn.net/v/t39.30808-1/412373187_315898507942505_4502114033472636546_n.jpg?stp=cp0_dst-jpg_tt6&cstp=mx639x639&ctp=s24x24&_nc_cat=102&ccb=1-7&_nc_sid=1d2534&_nc_ohc=ruWHtSmeIX0Q7kNvwHY-0qX&_nc_oc=AdpIAl7g8dxdlcl455SBaxcXef72GEzn8geMPW54QOye2b4X6BcJBF7lKNWEj-MsAHQ&_nc_zt=24&_nc_ht=scontent-iad6-1.xx&_nc_gid=a6jsk4_zYQmVPTl2WHsuZQ&_nc_ss=7e2a8&oh=00_AQCbOPfnQ7qUcw9jpe3LdhjxNVrOq9m-ocAMApdUPoKiEA&oe=6A5E3717","https://www.facebook.com/shiba.mashiba.yuki","0","2859528371085542","Hello  Admin… permission to post po

TWO(2) BRAND NEW UNITS AVAILABLE:

1-Bedroom Apartment For Rent (4th floor)
₱10K monthly
- Including (free) high-speed 200mbps INTERNET with WIFI router
- 1 month deposit + 1 month advance
- Max. Of 3 ADULTS 
- Sub meter Meralco (no additional charges / walang patong)
- Sub meter Manila Water with water tank (no additional charges / walang patong)
- Motor parking (covered parking)
- CCTV secured
- Own sink and CR
- Provision for AirCon
- Flood-free area
- Ready for viewing and occupancy.
- pm is the key

**STRICTLY NO PETS ALLOWED
** SEWING MACHINE (makina)is not allowed
!!!! BEWARE OF SCAMMERS!!! NO RESERVATIONS!

Location: Blk.29 Lot 13 Delilah Street., Exodus, Floodway, Brgy.Sta.Ana, Taytay

Looking for exact location?
via WAZE: search/look for Sonia’s Residence (Exodus)
For Google Maps, search for Sonia’s Residence (Delilah Street, Exodus)

https://www.google.com/maps/place/Sonia's+Residence/@14.5579728,121.1127188,17z/data=!3m1!4b1!4m6!3m5!1s0x3397c7f224b043b7:0xde084301b4b160ed!8m2!3d14.5579676!4d121.1152937!16s%2Fg%2F11tnrvcd2c?entry=ttu&g_ep=EgoyMDI1MDUxMy4xIKXMDSoJLDEwMjExNDUzSAFQAw%3D%3D",,,"1",,,,,"1","1","1783683944000","https://www.facebook.com/groups/566514060386996/permalink/2859528371085542/"
"May be an image of bed, mosquito net and bedroom","1737419830906799","photo","https://www.facebook.com/photo.php?fbid=1737419830906799&set=gm.2378981125959232&type=3","No photo description available.","1737419880906794","photo","https://www.facebook.com/photo.php?fbid=1737419880906794&set=gm.2378981155959229&type=3",,"971118442636744","video","https://www.facebook.com/paolongtalong/videos/971118442636744/?idorvanity=432317557292275","No photo description available.","1737419930906789","photo","https://www.facebook.com/photo.php?fbid=1737419930906789&set=gm.2378981152625896&type=3","No photo description available.","1737419964240119","photo","https://www.facebook.com/photo.php?fbid=1737419964240119&set=gm.2378981142625897&type=3","100039163965533","Juan Paolo Orrica","https://scontent-iad6-1.xx.fbcdn.net/v/t39.30808-1/742111040_1737449687570480_1336558233290276352_n.jpg?stp=cp0_dst-jpg_tt6&cstp=mx1536x1536&ctp=s24x24&_nc_cat=102&ccb=1-7&_nc_sid=1d2534&_nc_ohc=YYHhHNX82f0Q7kNvwHHzfE6&_nc_oc=AdrQBVC4cyhrnzzvUIZNGAWUBVfSVLTNuW2qdJma-WGPN3HFMrj-86G47lJrywcJ5-w&_nc_zt=24&_nc_ht=scontent-iad6-1.xx&_nc_gid=lHSIP3SCEAUKoXo2K3FhiQ&_nc_ss=7e2a8&oh=00_AQChc3mbzLu5vMcss-i2q5hlk_OtMEuFu25FKPPLk_8dXg&oe=6A5E3FE4","https://www.facebook.com/paolongtalong","10","2378981149292563","👉🏻👉🏻👉🏻👉🏻👉🏻👉🏻👉🏻PTPA ADMIN👈🏻👈🏻👈🏻👈🏻👈🏻👈🏻👈🏻👈🏻
🏠 Looking for a Female Bedspacer? 🏠

✨ Available Upper and Lower Deck Beds
👭 Only 2 persons per room for a more comfortable and spacious living environment.

House Features:
✅ Fully furnished house
✅ Bed with mattress, pillow, blanket, and a spacious closet
✅ Own CR for bedspacers
✅ Visitors allowed (no overnight guests)
✅ No male visitors inside the room
✅ 24/7 CCTV surveillance inside and outside the house
✅ Flood-free area
✅ Safe and peaceful community
✅ Rice cooker & air fryer
✅ Kitchen utencils

Utilities Included:
💡 Electricity (for electric fan use)
💧 Water

Additional Amenities:
🧺 Automatic washing machine available (minimal usage fee)

💰 Rent: ₱3,000/month upper deck
                ₱2,800/month lower deck
💰 Security Deposit: ₱1,500

📍 Accessible to Public Transportation (PUVs) and conveniently located near:
🚆 LRT 2 Santolan
🏢 Bridgetowne
🏙️ Eastwood
🛍️ SM Marikina
🛍️ Ayala Malls Feliz
🛍️ Sta. Lucia Mall
🛍️ Robinsons Metro East
🛍️ SM Masinag

📩 Send me a message for more details or to schedule a viewing! Limited slots available. 😊
09510131829
09271192494",,,"2",,,,,"2","0","1783638569000","https://www.facebook.com/groups/432317557292275/permalink/2378981149292563/"
"No photo description available.","27602806979352392","photo","https://www.facebook.com/photo/?fbid=27602806979352392&set=gm.2180692465825473&idorvanity=692716347956433",,,,,,,,,,,,,,,,,"100001493830877","Lyn Ignacio Castro","https://scontent-iad3-1.xx.fbcdn.net/v/t39.30808-1/688149411_26825728847060213_7230165220366381529_n.jpg?stp=cp0_dst-jpg_tt6&cstp=mx1200x1200&ctp=s24x24&_nc_cat=110&ccb=1-7&_nc_sid=1d2534&_nc_ohc=ePZVhTvHL5gQ7kNvwG23amY&_nc_oc=Adq34uaCX1ziFcNZhRqsZah6-HHc532DM3uHflydmtDdMdWV2tGOK7TjnDkg5qrrfPA&_nc_zt=24&_nc_ht=scontent-iad3-1.xx&_nc_gid=lHSIP3SCEAUKoXo2K3FhiQ&_nc_ss=7e2a8&oh=00_AQAkqa2V6nAY9ybG061_Qi17-gfM0v-r-B7tSKfJ1jLsfw&oe=6A5E650F","https://www.facebook.com/ladylyn.i.castro","2","2180692465825473","Hanap mo ba ng ready-for-occupancy house sa Cainta na flood-free at accessible?

Own a brand-new home at Birmingham Camden, Brookside Hills, Cainta, Rizal—near Ortigas Avenue Extension and Junction, with easy access to schools, malls, hospitals, at iba pang essential establishments.

Norwich Model | Single Attached

• 3 Bedrooms
• 2 Toilet & Bath
• 2–3 Car Garage
• Balcony

Lot Area: 105 sqm
Floor Area: 68 sqm

Total Contract Price: ₱8,748,000

✔ Flexible down payment options available
✔ Miscellaneous fees included in the TCP (Transfer of Title, Meralco & Water Connection)

Message me for the complete sample computation and schedule your site viewing.

Lyn - 09982470437 (Viber)",,,,"1",,,,"1","0","1783568259000","https://www.facebook.com/groups/houseandlotinantipolo/permalink/2180692465825473/"
,,,,,,,,,,,,,,,,,,,,"1812373226794870","Anonymous participant","https://scontent-iad3-1.xx.fbcdn.net/v/t39.35477-6/480295029_8309457052490122_5764708506034413611_n.jpg?stp=cp0_dst-jpg_tt6&cstp=mx160x160&ctp=s34x34&_nc_cat=1&ccb=1-7&_nc_sid=ee2d7f&_nc_ohc=I_SMaJgXcskQ7kNvwHTxcys&_nc_oc=AdqmuJJ0E398X-4AYNaaRwGg3MG5zgGkzHjwcGmb-V4dH4knQGJ6EaUZ6bk2PBObnJ4&_nc_zt=14&_nc_ht=scontent-iad3-1.xx&_nc_gid=lHSIP3SCEAUKoXo2K3FhiQ&_nc_ss=7e2a8&oh=00_AQCnwnf0od8lHvEPizaO4VvpUOaJosoWTWZyPo3JJH-kxg&oe=6A5E382D","https://www.facebook.com/profile.php?id=1812373226794870","7","1824185181933704","LF: APARTMENT/ ROOM FOR RENT

Budget: 4,500-5,000

2 Person 

Loc: napico manggahan sana 

Move in date: This month 

 With own CR & Sink 

 With own electric meter (Submeter)

 With own water meter (Submeter)

 Safe, secure and quiet area

 No curfew

 Visitors allowed 

 Flood free area 

 Very Accessible 

Please comment the pictures if there’s available and I’ll send you a private message. Thanks!  See less",,"1",,,,,,"1","0","1783580930000","https://www.facebook.com/groups/napicomanggahanlifehomespasigcityresident/permalink/1824185181933704/"
"May be a graphic of text","1518657673637941","photo","https://www.facebook.com/photo.php?fbid=1518657673637941&set=a.492133036290415&type=3","May be an image of text that says '2026 COLLEGE FBUSINESS JOSÉ RIZAL UNIVERSITY UNIOR PHILIPPINE DNORPHULPFIENSTUTEOFACCOUNTANS INSTITUTE ACCOUNTANTS ACCOUNTANCY 2027 WW.ECEFASPESADANSATDOAAO ADMINISTRA DMINISTRATIONANDA PROUD To PROUDTOBE BE A BSBA STUDENT PADAYON JPIAN! BSBA MAJOR BSBAMAJORIN IN ACCOUNTING •jnu.jpla @ojru.jpia DALUYONG Made Madewith with JRUJUNIORPHILIPPINEIN JUNIOR PHILIPPINE LICCOUNTAN twibbonize'","1518657686971273","photo","https://www.facebook.com/photo.php?fbid=1518657686971273&set=a.492133036290415&type=3",,,,,,,,,,,,,"100064811675974","JRU Junior Philippine Institute of Accountants","https://scontent-iad3-2.xx.fbcdn.net/v/t39.30808-1/741735691_1519039613599747_8497635667806205145_n.jpg?stp=cp0_dst-jpg_tt6&cstp=mx1792x1792&ctp=s40x40&_nc_cat=111&ccb=1-7&_nc_sid=2d3e12&_nc_ohc=SL7bKVuqVpUQ7kNvwFEp9S5&_nc_oc=Ado7FQGyQkFoDnM0nfByaxQ2XXR-Y2_BzdZX9CxfeQ3KLjwRwzI7qMLgdOQNbS_a2zs&_nc_zt=24&_nc_ht=scontent-iad3-2.xx&_nc_gid=lHSIP3SCEAUKoXo2K3FhiQ&_nc_ss=7e2a8&oh=00_AQCv6dIC0nDky5HG7z15Y9H3KSuZ_0NYfehnb0v6HToLFA&oe=6A5E4144","https://www.facebook.com/jrujpiaofficial","2","1518658996971142","𝐓𝐡𝐞 𝐰𝐚𝐯𝐞 𝐬𝐭𝐚𝐫𝐭𝐬 𝐰𝐢𝐭𝐡 𝐲𝐨𝐮. 🌊✨

The official DP Blast is here, and your profile is missing one thing…. The frame. 👀

Show your support, represent the community, and let's take over the timeline one DP at a time. Don't let your profile miss its main character moment. 

📌 We have 𝐝𝐢𝐟𝐟𝐞𝐫𝐞𝐧𝐭 𝐃𝐏 𝐟𝐫𝐚𝐦𝐞𝐬 𝐚𝐯𝐚𝐢𝐥𝐚𝐛𝐥𝐞, so be sure to use the frame that corresponds to your program.

BSA: https://twb.nz/bsajpia
BSBA: https://twb.nz/bsbajpia

📌 Official captions are available for:

• BSA/BSBA Students

🌊 𝑷𝒂𝒕𝒖𝒍𝒐𝒚 𝒔𝒂 𝑷𝒂𝒈𝒅𝒂𝒍𝒖𝒚𝒐𝒏𝒈, 𝑱𝑷𝑰𝑨𝒏𝒔! 💙

Every great journey begins with the courage to take the first step. As the tides bring new beginnings, they also carry endless opportunities to learn, grow, and thrive.

I, [𝐍𝐚𝐦𝐞], a proud [𝐘𝐞𝐚𝐫 𝐋𝐞𝐯𝐞𝐥] [𝐏𝐫𝐨𝐠𝐫𝐚𝐦] student of José Rizal University, am ready to embrace this new academic year with determination, resilience, and the passion to become a future CPA. 📚✨

Together, let us move forward with confidence, support one another through every challenge, and create a year filled with growth, excellence, and unforgettable memories. Here's to making this academic year one for the books! 🌊
𝐏𝐚𝐝𝐚𝐲𝐨𝐧, 𝐉𝐏𝐈𝐀𝐧𝐬!💙

Caption and Frame by: Rhea Marie Fulgar

#DPBlast
#DALUYONG
#TheSurgeThatShapesTheShore
#JRUJPIA2627

Update your DP, post your blast, and let's flood the timeline together!

𝐋𝐞𝐭'𝐬 𝐭𝐮𝐫𝐧 𝐨𝐮𝐫 𝐭𝐢𝐦𝐞𝐥𝐢𝐧𝐞𝐬 𝐢𝐧𝐭𝐨 𝐚 𝐬𝐞𝐚 𝐨𝐟 𝐛𝐥𝐮𝐞.💙

🖼️: Rhea Marie Fulgar | Treasurer 
🖋️: Ivan Ashley Salvador | Overall Chairman

#DPBlast
#DALUYONG
#TheSurgeThatShapesTheShore
#JRUJPIA2627",,,,"28",,,,"28","8","1783555239000","https://www.facebook.com/jrujpiaofficial/posts/pfbid02XnJ3giRW6TbE6CrhcrVUFDTqoRoNWqeSV7FjR341nmyijkoT9wutA1QK69gRrM6ql"
,,,,,,,,,,,,,,,,,,,,"697492407","Stargate Pov","https://scontent-iad6-1.xx.fbcdn.net/v/t39.30808-1/658539692_10163193011537408_5413221907198026788_n.jpg?stp=cp0_dst-jpg_tt6&cstp=mx656x655&ctp=s40x40&_nc_cat=106&ccb=1-7&_nc_sid=1d2534&_nc_ohc=SRJ0tgDqOREQ7kNvwH3_66Z&_nc_oc=AdqK2fL5YbWoiTkWMSChsFRbGErd0ZPvULHuPEqdeEIHI0FEqkzIt-cbJxYpcAh7GoM&_nc_zt=24&_nc_ht=scontent-iad6-1.xx&_nc_gid=lHSIP3SCEAUKoXo2K3FhiQ&_nc_ss=7e2a8&oh=00_AQAUsMSj0vxWlbrmeHZQSW_5nKqat94gLGfa5Lw8ZokW-Q&oe=6A5E5F6B","https://www.facebook.com/glyde.12","2","1632214998489244","Hindi nya ginamit veto power kc, cya mastermind behind the flood control ghost projects scandal 👻 un na un🇵🇭⚖️🤑🐊💰",,"1","3",,,,,"4","2","1783469092000","https://www.facebook.com/groups/343575550686535/permalink/1632214998489244/"
,,,,,,,,,,,,,,,,,,,,"100063526420302","Ms.Locator","https://scontent-iad6-1.xx.fbcdn.net/v/t39.30808-1/743730170_1695785049215693_2892263610023199214_n.jpg?stp=c0.0.1816.1816a_cp0_dst-jpg_tt6&cstp=mx1816x1816&ctp=s40x40&_nc_cat=102&ccb=1-7&_nc_sid=2d3e12&_nc_ohc=t4NkvvwhNzIQ7kNvwEnuXCN&_nc_oc=AdqoZuLQ-PBLEJHa0FKYQOn2gQffFvpclGAQ0Ubc8M8FAVvTsKWjwK7RBsQWU-5hSlQ&_nc_zt=24&_nc_ht=scontent-iad6-1.xx&_nc_gid=VfWERJaNcPL87lsKO4PXUw&_nc_ss=7e2a8&oh=00_AQDFbpiGQPd1f7GYiTRqw2-AaGvw_Dj_NyC0SZ2vronNPQ&oe=6A5E6155","https://www.facebook.com/profile.php?id=100063526420302","1","1692867236174141","",,,"1","2",,,,"3","0","1783635131000","https://www.facebook.com/permalink.php?story_fbid=pfbid02yZGiu2zNYVAzcXVU8RjquegSk3djXvFnSav9HPqxc4Y6KrzCQFtYrXteTjaXLYLkl&id=100063526420302"
"No photo description available.","4493823117604361","photo","https://www.facebook.com/photo/?fbid=4493823117604361&set=gm.27330752919929489&idorvanity=4147995688631873",,,,,,,,,,,,,,,,,"100009301502949","Wars Flores","https://scontent-iad3-1.xx.fbcdn.net/v/t39.30808-1/503212014_4094475560872454_7241870794082381565_n.jpg?stp=cp0_dst-jpg_tt6&cstp=mx1200x1200&ctp=s24x24&_nc_cat=101&ccb=1-7&_nc_sid=1d2534&_nc_ohc=86_4bpUUPk4Q7kNvwF7L_8p&_nc_oc=AdrgPdpHDrFlpkdLrIFNRHWPyPMWGv96_CWzKrDPHH2olCWACkT5yJzOuuNu0vB0m34&_nc_zt=24&_nc_ht=scontent-iad3-1.xx&_nc_gid=VfWERJaNcPL87lsKO4PXUw&_nc_ss=7e2a8&oh=00_AQDzSco8UKw05Fx-A7ECO3GE80wN8qkssuuuxzKrApIzFw&oe=6A5E66AA","https://www.facebook.com/wars.flores.2025","0","27330752919929489","🌹 BETWEEN SM CHERRY AND XENTRO MALL IN MASINAG, LOWER ANTIPOLO

💯 FLOOD FREE

✅Modern Design
✅Quality Construction
✅Prime Location
✅Secure Community

✔️ 𝐏𝐫𝐨𝐩𝐞𝐫𝐭𝐲 𝐅𝐞𝐚𝐭𝐮𝐫𝐞𝐬
🏠 2 Storey Triplex
✨️ Fully Finished
📐 Lot Area: 80 sqm
📐 Floor Area: 120 sqm
🛌 3 Bedrooms w/built in Cabinets
🚽 3 Toilet and Bath
🚗 1 Gated Carport

0915-485-0413
Whatsapp | Viber | Sms",,,,,,,,"0","0","1783619487000","https://www.facebook.com/groups/4147995688631873/permalink/27330752919929489/"
"No photo description available.","2262043771206166","photo","https://www.facebook.com/photo/?fbid=2262043771206166&set=gm.1913179459347028&idorvanity=149412729057052",,,,,,,,,,,,,,,,,"100022016961858","Jean De Mesa","https://scontent-iad6-1.xx.fbcdn.net/v/t39.30808-1/726758275_2243797639697446_548220969086800533_n.jpg?stp=cp0_dst-jpg_tt6&cstp=mx928x928&ctp=s24x24&_nc_cat=107&ccb=1-7&_nc_sid=1d2534&_nc_ohc=inx16keGc10Q7kNvwEKQOJu&_nc_oc=AdqhLghz0U7KyvjhSVcg32_xAGzzTdQs5exi9cEyHAQZik2s_iyTXWw679w4anxgo4Q&_nc_zt=24&_nc_ht=scontent-iad6-1.xx&_nc_gid=VfWERJaNcPL87lsKO4PXUw&_nc_ss=7e2a8&oh=00_AQDEQ8HZJMICqvEMGZLIq-Fegc9QYo076NLRMjuNwCvrSQ&oe=6A5E3A8C","https://www.facebook.com/brandonlee.demesa.1","3","1913179459347028","PTPA
RUSH !!HOUSE AND LOT FOR SALE  

TCP  1.6M 
La Hacienda Subd Bagumbayan Teresa rizal

✅ cash payment only 
✅60sq meter 
✅Clean title 
✅Updated tax dec
✅15 Mins from Antipolo City
✅Flood Free
✅24/7 Gated guard

pass po sa agent",,,"1",,,,,"1","0","1783475102000","https://www.facebook.com/groups/149412729057052/permalink/1913179459347028/"
"May be an image of map and text that says '2:08 2:08AM ΑM Mon un 17 AA google.com .com google Search Google Maps 89% ۹ M 11 Restaurants Sign in Total (Taytay Hwy 2000) DMR GARAGE GRILL Hwy 2000 blesse blesselconic Iconic Market| Rd yola Memorial Chapels &C Crematorium Taytay TAYTAY-CAPITAL CAPITAL AL MarketRd TIANGGE Nbi Clearance 知園 Taytay Clothing Crownmix Corporation Nuat Thai- The East Hub Autoshop DonHi Hil JerrysKambingan Jerry's Holida &Live Shoppin Darusallam Green Mosque Tianggeng Taytayeño mai Tiangge a.ni Manang Biday 颜 Hitmon Bedspace Apartment Cruz Hilario Don Blk1 phase sitio malabon bara ngay an... ""Shortcut"" pound Tanyag Res Layers Cruz DonHilario Cruz Google'","122214883742475884","photo","https://www.facebook.com/photo.php?fbid=122214883742475884&set=gm.3044241019251783&type=3","No photo description available.","122214884366475884","photo","https://www.facebook.com/photo.php?fbid=122214884366475884&set=gm.3044241135918438&type=3","May be an image of dog and street","122214884792475884","photo","https://www.facebook.com/photo.php?fbid=122214884792475884&set=gm.3044241142585104&type=3","May be an image of scooter","122214884162475884","photo","https://www.facebook.com/photo.php?fbid=122214884162475884&set=gm.3044241139251771&type=3","No photo description available.","122214885104475884","photo","https://www.facebook.com/photo.php?fbid=122214885104475884&set=gm.3044241145918437&type=3","61564276528275","Cabanero’s Apartment","https://scontent-iad6-1.xx.fbcdn.net/v/t39.30808-1/510164886_122168914436475884_7702596968855028640_n.jpg?stp=cp0_dst-jpg_tt6&cstp=mx1024x1024&ctp=s24x24&_nc_cat=106&ccb=1-7&_nc_sid=111fe6&_nc_ohc=TNK_CJXn1mgQ7kNvwGb2_9t&_nc_oc=AdoZ5MqPLiE9VZkV8ppcPA9FEKRgz0oPHuxDKQdx9DbykYjufQgGMBS3QA510RweuxI&_nc_zt=24&_nc_ht=scontent-iad6-1.xx&_nc_gid=VfWERJaNcPL87lsKO4PXUw&_nc_ss=7e2a8&oh=00_AQC3JBfCERtw8_wo87Y2zGdP8eaE443k746RjncIXLaaLw&oe=6A5E4E92","https://www.facebook.com/c.s.apartment.2024","8","3044241132585105","2 UNITS AVAILABLE WITH 1 BEDROOM LOCATED IN THE 1ST AND 2ND FLOOR OF THE BUILDING 2 (ROOM D & I )

GENERAL INFORMATION:

1. Address: BLDG 2, Lot 5 Blk 3, Rizal Ave, Batong dalig ,Sitio Malabon, Barangay San Juan, Taytay, Rizal (Inside Club Manila East)

2. Waze: Jerry’s Kambingan (Taytay, Rizal)

3. Nearest landmarks : Club Manila East, Taytay Tiangge and Palengke,  Divimart, Taytay Municipal Hall, and SM Taytay

4. Monthly rent: 6,000 Pesos

5. Water: 60 per cubic meter (Manila water is 61.04 while Maynilad is 65.62 per cubic meter)

6. Electricity: 18 pesos per KWH

7. Unit Capacity: 25-30 sqm with 1 bedroom and spacious motor parking space infront of the building.

MAX OF 6 INCLUDING PETS

8. Minimum 1yr contract ( rules will be discussed on the decision to reserve and pay the deposit)

REQUIREMENTS BEFORE MOVE-IN:

1. 6,000 Pesos refundable security deposit and 
    6,000 Pesos 1month-advance to be used in the last month of the contract.

2. 3,000 Pesos for refundable water and electricity deposit.

3. 1 year contract 

4. valid ID

OTHER NOTES:

1. The Area is inside sitio malabon area. We are here for almost 10 years now.

2. Other parts of the road going to the area are not cemented. It can be muddy and light flood may occur when it rains but is manageable. 

3. Transportation / Commute: 

a. For commuters, just drop by the Club Manila East and walk to reach Jerry’s Kambingan then follow the map.

b. With vehicle: Just pin Jerry’s Kambingan in the waze then follow the map.

SCHEDULE FOR VIEWING:

-Please leave a message on this account and wait for the reply. First senders will be entertained first.
-Time: 
Mon: 10am-5pm
Tues-sat: 2pm-5pm only
Sunday: 10am-5pm

-Meet-up: Jerry’s Kambingan. Please check the map at the end of album.
-Contact: Chan",,,"7","1",,,,"8","1","1783589926000","https://www.facebook.com/groups/1520644541611446/permalink/3044241132585105/"
,,,,,,,,,,,,,,,,,,,,"100005911245199","Jenny Leal","https://scontent-iad3-2.xx.fbcdn.net/v/t39.30808-1/661441584_3202679069939103_6213700992779412435_n.jpg?stp=cp6_dst-jpg_tt6&cstp=mx720x720&ctp=s24x24&_nc_cat=111&ccb=1-7&_nc_sid=e99d92&_nc_ohc=21dl1b9tXjwQ7kNvwEjUaLj&_nc_oc=AdpqWfG-VYv9em3HSOc9-SJeX4DEKFwCLFEJA7iltTWg2HUlMxpBQszxYds1duOqsF4&_nc_zt=24&_nc_ht=scontent-iad3-2.xx&_nc_gid=VfWERJaNcPL87lsKO4PXUw&_nc_ss=7e2a8&oh=00_AQAX6f5ckTgDRdUvWR9qTPZmmN_v_EB8GfLmjdFbirNKmg&oe=6A5E6488","https://www.facebook.com/jenny.leal.304254","5","3182050745320271","📣 URGENT: Looking for Studio Type 

Budget: 4-5K
- Solo Living
- flood free, good for wfh
- Own sink and CR
- Own electricity meter 
📅 Move-in: Sunday!
Please drop your recommendations or available units in the comments. Salamat po! 🙏",,,"3",,,,,"3","0","1783597076000","https://www.facebook.com/groups/napicomanggahan.apartmentroom4rent/permalink/3182050745320271/"
"May be an image of car","122177116238616352","photo","https://www.facebook.com/photo/?fbid=122177116238616352&set=gm.1685906105851587&idorvanity=464353081340235",,,,,,,,,,,,,,,,,"61568490575493","Mac Mac Cantal","https://scontent-iad3-2.xx.fbcdn.net/v/t39.30808-1/471564822_122115864854616352_1110225271374472429_n.jpg?stp=cp0_dst-jpg_tt6&cstp=mx1546x1536&ctp=s24x24&_nc_cat=105&ccb=1-7&_nc_sid=1d2534&_nc_ohc=8xvD8cpYzGMQ7kNvwHnax3k&_nc_oc=Adr9OrSLuRmXLsYlW8-SKzhpjIYW08pLu5BjjzL1nmG7vCFYJbkXIMOdJ_fY9bypDIU&_nc_zt=24&_nc_ht=scontent-iad3-2.xx&_nc_gid=VfWERJaNcPL87lsKO4PXUw&_nc_ss=7e2a8&oh=00_AQDEZoELBZxWaCn-HKQFA1BoDKK-QaK-oF3HvzY616UlXA&oe=6A5E395E","https://www.facebook.com/mac.mac.cantal.2025","0","1685906105851587","10K DP / 17K+ MONTHLY 

2026 Toyota Vios XLE CVT 
1.3L Gasoline Engine 
(CVT) Automatic Transmission 
6K+ mileage 
Keyless Entry 
No Issue / almost Brand New condition 

✅ NEWLY CASA PM'S (JUNE2026) 
✅ CASA MAINTAINED / WARRANTY 
✅ FREE PM'S UP TO 20K ODO

100% FLOOD FREE! FULL MONEY BACK GUARANTE 👌🏽
📌 LAS PIÑAS",,,,,,,,"0","0","1783607036000","https://www.facebook.com/groups/464353081340235/permalink/1685906105851587/"
"May be an image of text that says 'Google GoogleMaps Maps'","1041834071711532","photo","https://www.facebook.com/photo.php?fbid=1041834071711532&set=gm.2197705624140110&type=3","May be an image of television, living room and indoors","1041834135044859","photo","https://www.facebook.com/photo.php?fbid=1041834135044859&set=gm.2197705660806773&type=3","No photo description available.","1041834185044854","photo","https://www.facebook.com/photo.php?fbid=1041834185044854&set=gm.2197705664140106&type=3","May be an image of bedroom","1041834238378182","photo","https://www.facebook.com/photo.php?fbid=1041834238378182&set=gm.2197705650806774&type=3","May be an image of indoors","1041834285044844","photo","https://www.facebook.com/photo.php?fbid=1041834285044844&set=gm.2197705647473441&type=3","100076548460399","Princess V. Pandeling","https://scontent-iad3-1.xx.fbcdn.net/v/t39.30808-1/736778547_1038047022090237_8537873305839138502_n.jpg?stp=cp0_dst-jpg_tt6&cstp=mx780x780&ctp=s24x24&_nc_cat=104&ccb=1-7&_nc_sid=1d2534&_nc_ohc=mEuUgea94SoQ7kNvwFavJkS&_nc_oc=AdpnfSmtw6Hqy5MuBvgzdVRPuN0E5Ry1goSfFNtYvWAQntDN_LDRfYhs81G_7AGSYzo&_nc_zt=24&_nc_ht=scontent-iad3-1.xx&_nc_gid=thDe4aPt9SiNkptKicGhLA&_nc_ss=7e2a8&oh=00_AQDEDMUHs26tK8Xq0zY63enDmJWMUbXEIL9W5CizV8_WUw&oe=6A5E4158","https://www.facebook.com/princess.v.pandeling","128","2197705617473444","🏡 [RUSH SALE] FULLY FURNISHED 3BR TOWNHOUSE IN UPPER ANTIPOLO!✨
Bagsak-Presyo & Below Market Value – Lilipatan na Lang!

📍 Location: Sta. Elena Village, Brgy. San Jose, Upper Antipolo (Along Marcos Highway.100% Flood-free at malamig ang simoy ng hangin!)

💎 BAKIT SULIT ITONG BILHIN?

Upgraded Layout: 3 Bedrooms & 2 Bathrooms (Mas malaki sa standard 2BR units dito!)

Makakasave sa appliances at furnitures costs! Kasama na ang Smart TV, Ref, 2 Aircons, 3 Complete Bed Sets, L-Shaped Sofa, Gas Stove, at iba pa.

Safe & Secured: May mataas na perimeter wall, sturdy steel gate, at front porch (pwedeng parking ng motor o laundry area).

📜 WALANG SAKIT SA ULO SA DOKUMENTO:

💯 100% Clean Title (Handa na para sa transfer)Paid Amilyar for 2026 (Fully paid na ang buong taon! Sa December 2026 na ang susunod na babayaran para sa 2027 tax).

Updated Bills: Walang naiwang utang o arrears sa kuryente at tubig.

RFS: Nasa ibang bansa na ang may-ari kaya ibinebenta nang napakamura para mabilis mabili.

💰 PRICE & TERMS:📩 PM/DM US DIRECTLY for price details! Sobrang affordable po nito. Open for Cash Buyers or Direct bank deposit.

📲 Huwag nang magpahuli! Mag-send ng message ngayon para ma-schedule ang viewing habang hindi pa ito nahuunahan ng iba!",,,"38","6",,,"1","45","3","1783524431000","https://www.facebook.com/groups/houseandlotforsaleantipolo/permalink/2197705617473444/"
,,,,,,,,,,,,,,,,,,,,"1113155365223891","Xycpie_","https://scontent-iad3-1.xx.fbcdn.net/v/t39.35477-6/555552479_31494865626828644_2367730149731185422_n.jpg?stp=cp0_dst-jpg_tt6&cstp=mx688x688&ctp=s34x34&_nc_cat=1&ccb=1-7&_nc_sid=d7e6db&_nc_ohc=n7du8E9oskMQ7kNvwGyDzVh&_nc_oc=AdrkwUt68ABm0kqXWSyK8VRSNWBzIxhlm2z7VG8Nf44KeHvIPJi5vp4Ne-PqMz6dctI&_nc_zt=14&_nc_ht=scontent-iad3-1.xx&_nc_gid=thDe4aPt9SiNkptKicGhLA&_nc_ss=7e2a8&oh=00_AQBuuZJA1VDc7wAEFroldPv5pHgaNMc1t8RIichRGCN6Kw&oe=6A5E4AF1","https://www.facebook.com/profile.php?id=1113155365223891","1","2799614000394114","",,,"1",,,,,"1","0","1783518079000","https://www.facebook.com/groups/656672058021663/permalink/2799614000394114/"
"No photo description available.","3734723520037773","photo","https://www.facebook.com/photo.php?fbid=3734723520037773&set=gm.2198124214098251&type=3","May be an image of tree","3734723543371104","photo","https://www.facebook.com/photo.php?fbid=3734723543371104&set=gm.2198124217431584&type=3","May be an image of tree","3734723600037765","photo","https://www.facebook.com/photo.php?fbid=3734723600037765&set=gm.2198124210764918&type=3",,,,,,,,,"100005004849554","Roland Balagot","https://scontent-iad6-1.xx.fbcdn.net/v/t39.30808-1/657367408_3621829611327165_2956447284481789453_n.jpg?stp=cp0_dst-jpg_tt6&cstp=mx2048x2048&ctp=s24x24&_nc_cat=109&ccb=1-7&_nc_sid=1d2534&_nc_ohc=3exrMM_EDHYQ7kNvwER_b5Z&_nc_oc=Adrn2E4bvSgBhn7cr7Xe_XwmTunYml93T4TIQWMItSfopLdbyvl-pR_5D9A3NIeBKn0&_nc_zt=24&_nc_ht=scontent-iad6-1.xx&_nc_gid=thDe4aPt9SiNkptKicGhLA&_nc_ss=7e2a8&oh=00_AQAVj65e4qfG9KUFENSOL3sesbU93OjQqUe-98N9e_MK3A&oe=6A5E61B8","https://www.facebook.com/roland.balagot.7","73","2198124207431585","For Sale:Cash only
Crestview Cupang lower antipolo
no flood even ondoy
crestview village after lang ng SM masinag 10 minutes away  to LRT station
house and lot corner lot
3 bedroom,2 cr,2 kitchen,garage,big lanai
161 sqm
after ng SM masinag
habang dipa nababayran ng unang kausap open pa po
09985501140
direct owner",,,"41","3",,,"1","45","11","1783567449000","https://www.facebook.com/groups/houseandlotforsaleantipolo/permalink/2198124207431585/"
"May be an image of tree and street","3655867841237538","photo","https://www.facebook.com/photo.php?fbid=3655867841237538&set=gm.1773536963886347&type=3","No photo description available.","3655867837904205","photo","https://www.facebook.com/photo.php?fbid=3655867837904205&set=gm.1773536957219681&type=3","No photo description available.","3655867847904204","photo","https://www.facebook.com/photo.php?fbid=3655867847904204&set=gm.1773536967219680&type=3","No photo description available.","3655867854570870","photo","https://www.facebook.com/photo.php?fbid=3655867854570870&set=gm.1773536970553013&type=3","No photo description available.","3655867851237537","photo","https://www.facebook.com/photo.php?fbid=3655867851237537&set=gm.1773536960553014&type=3","100004430744245","Ann Buenaventura","https://scontent-iad3-2.xx.fbcdn.net/v/t1.6435-1/170778293_1995738343917171_7146281490752671533_n.jpg?stp=c113.51.320.321a_cp0_dst-jpg_tt6&cstp=mx320x321&ctp=s24x24&_nc_cat=105&ccb=1-7&_nc_sid=1d2534&_nc_ohc=zF29_1GT2wsQ7kNvwEis5-h&_nc_oc=Adp9-USDN3x06lKADsKqI4zYyvsWc7V9OqvlNpSJ572F3gUbJWJFIr-N_i2HQUOlYWE&_nc_zt=24&_nc_ht=scontent-iad3-2.xx&_nc_gid=thDe4aPt9SiNkptKicGhLA&_nc_ss=7e2a8&oh=00_AQAlVMX4OZqTx7XSouHfjOAWCwAEF7hV2UucOzXQR0DlFQ&oe=6A7FE226","https://www.facebook.com/dayann.buenaventura","0","1773536953886348","HOUSE AND LOT FOR SALE‼️ 
Graceville Subd.Angono,Rizal

120 SQM LOT AREA
CLEAN TITLE 

2BEDROOMS AND 1 CR
WITH CAR GARAGE

FLOOD FREE‼️
INSIDE SUBDIVISION
CASH BASIS ONLY

Asking Price- 2.5M‼️",,,"1","1",,,,"2","0","1783510407000","https://www.facebook.com/groups/352109369362454/permalink/1773536953886348/"
"No photo description available.","122145802821126658","photo","https://www.facebook.com/photo.php?fbid=122145802821126658&set=gm.1731224961452504&type=3","No photo description available.","122145802809126658","photo","https://www.facebook.com/photo.php?fbid=122145802809126658&set=gm.1731224964785837&type=3","May be an image of sink","122145802827126658","photo","https://www.facebook.com/photo.php?fbid=122145802827126658&set=gm.1731224968119170&type=3","No photo description available.","122145802815126658","photo","https://www.facebook.com/photo.php?fbid=122145802815126658&set=gm.1731224971452503&type=3",,,,,"61583799760462","Bos Jan","https://scontent-iad3-1.xx.fbcdn.net/v/t39.30808-1/584583954_122101472487126658_4467170648869568242_n.jpg?stp=cp0_dst-jpg_tt6&cstp=mx832x824&ctp=s24x24&_nc_cat=108&ccb=1-7&_nc_sid=1d2534&_nc_ohc=0SEoAeFskukQ7kNvwHDZEuC&_nc_oc=AdqtdnBQiGxTpTS4IH-wmX4d2f0TrT41w2epasjo82-fyWIc9qigXI_m9ZIoLt4cP8M&_nc_zt=24&_nc_ht=scontent-iad3-1.xx&_nc_gid=thDe4aPt9SiNkptKicGhLA&_nc_ss=7e2a8&oh=00_AQAJoBAzhpcbr-DEFSim_HY_PNQSRJN6aAGY8L8eY63Z6w&oe=6A5E4A38","https://www.facebook.com/bosjan21","7","1731224974785836","Baka may Naghahanap po dito Rent To Own, 10k cashout, 2 bedroom Ready For Occupancy, Flood Free Area at Pet friendly din po😊✨",,,"6",,,,,"6","0","1783547448000","https://www.facebook.com/groups/527655351809477/permalink/1731224974785836/"
,,,,,,,,,,,,,,,,,,,,"100002078850136","Julius Cesar Corpuz","https://scontent-iad6-1.xx.fbcdn.net/v/t39.30808-1/606411287_25609641755355102_1409777058124752207_n.jpg?stp=cp0_dst-jpg_tt6&cstp=mx960x958&ctp=s24x24&_nc_cat=107&ccb=1-7&_nc_sid=1d2534&_nc_ohc=Md-oKKuEPj4Q7kNvwHYq4_j&_nc_oc=AdrO4touf1S6W_OyneDFDyiCUSryiuXCBFiDr-Ss9EsZP46PZMR0I-N-NbdtbFRP4CE&_nc_zt=24&_nc_ht=scontent-iad6-1.xx&_nc_gid=thDe4aPt9SiNkptKicGhLA&_nc_ss=7e2a8&oh=00_AQDr9n_xVFmElAW8tj-WHvqeUw2b8iPZbMlNCzOStReLVw&oe=6A5E5772","https://www.facebook.com/julius.corpuz13","1","1773219880584722","Lot for sale
240 sqm lot
1.2m po Cash
Clean title
Updated tax
@Rizal View Park Sitio Abuyod Brgy San Jose Antipolo City po
Near Frisco san juan  sr.scout camp waze nyo lang po
May tubig kuryente na rin applayan nalang po
Good for investment
Good for resthouse Napakatahimik at presko sa lugar
Patag 
Residential lot
Flood free

Pm pm po",,,"5","1",,,,"6","1","1783478392000","https://www.facebook.com/groups/352109369362454/permalink/1773219880584722/?sale_post_id=1773219880584722"
"May be a graphic of text","122117994386699000","photo","https://www.facebook.com/photo.php?fbid=122117994386699000&set=gm.1430816082188488&type=3","May be an image of text","122117994410699000","photo","https://www.facebook.com/photo.php?fbid=122117994410699000&set=gm.1430816085521821&type=3","May be an image of map, tornado and text that says 'MINDANAO Davao Davao,City City Siasi'","122117994308699000","photo","https://www.facebook.com/photo.php?fbid=122117994308699000&set=gm.1430816088855154&type=3",,,,,,,,,"61570970027552","Great Manila Area Alerts","https://scontent-iad3-1.xx.fbcdn.net/v/t39.30808-1/735859120_122117114684699000_5753567004021896377_n.jpg?stp=cp0_dst-jpg_tt6&cstp=mx1254x1254&ctp=s24x24&_nc_cat=110&ccb=1-7&_nc_sid=2d3e12&_nc_ohc=LYMVgvZIm7IQ7kNvwEoz6K2&_nc_oc=AdqSkngXb2fMjdd5WGthyYrXk86WQKB2Jv2pViBkHtNc8r8-rCjw9enAgTMQRswirA0&_nc_zt=24&_nc_ht=scontent-iad3-1.xx&_nc_gid=R8JephzPjHVo-nelfxbHWQ&_nc_ss=7e2a8&oh=00_AQBN8d9Nu2qpTl2GrHfHRHYeD8LYodR1GAw0Zd0YCbpD1g&oe=6A5E4487","https://www.facebook.com/GreaterMetroManilaAreaAlerts","0","1430816092188487","PINALAKAS NA HABAGAT NG SUPER BAGYONG INDAY, NAGDUDULOT NG MGA PAG-ULAN SA MINDANAO! 🌧️⚠️

Naglabas ang PAGASA ng Rainfall Warning No. 3 para sa maraming lalawigan sa Mindanao dahil sa pinalakas na Habagat (Southwest Monsoon) na dulot ng Super Bagyong Inday (Bavi). Inaasahan ang katamtaman hanggang sa malakas, at paminsan-minsang matinding pag-ulan na maaaring magdulot ng pagbaha, flash flood, at pagguho ng lupa, lalo na sa mga lugar na mababa, tabing-ilog, at bulubundukin.

Kabilang sa mga apektado ang ilang bahagi ng Davao Region, Zamboanga Peninsula, BARMM, SOCCSKSARGEN, Northern Mindanao, Caraga, at Basilan, habang may iba pang lalawigan at mga lungsod na inaasahang makararanas din ng tuloy-tuloy na pag-ulan sa mga susunod na oras.

Pinapayuhan ang mga residente sa mga apektadong lugar na maging mapagmatyag, sundin ang mga abiso ng lokal na pamahalaan, at maging handa sa posibleng agarang paglikas kung kinakailangan.

#GMMAAlerts #RainfallWarning #Habagat #SuperBagyongInday #Bavi #PAGASA #Mindanao #WeatherUpdate #FloodAlert #LandslideAlert",,,"1",,,,,"1","0","1783503781000","https://www.facebook.com/groups/306265887976852/permalink/1430816092188487/"
"May be an image of scooter, bicycle and text","1453540550133250","photo","https://www.facebook.com/27112749385093373/photos/gm.2176007999637912/1453540550133250/?type=3","May be an image of bicycle and text","1453540610133244","photo","https://www.facebook.com/27112749385093373/photos/gm.2176007996304579/1453540610133244/?type=3","May be an image of bicycle, fishing rod and text","1453540646799907","photo","https://www.facebook.com/27112749385093373/photos/gm.2176007989637913/1453540646799907/?type=3","May be an image of bicycle","1453540693466569","photo","https://www.facebook.com/27112749385093373/photos/gm.2176008002971245/1453540693466569/?type=3","May be an image of bicycle","1453540746799897","photo","https://www.facebook.com/27112749385093373/photos/gm.2176007992971246/1453540746799897/?type=3","27112749385093373","CharmingSpinach1055","https://scontent-iad3-1.xx.fbcdn.net/v/t39.35477-6/555062839_25378195761765925_258954579932010792_n.jpg?stp=cp0_dst-jpg_tt6&cstp=mx688x688&ctp=s34x34&_nc_cat=1&ccb=1-7&_nc_sid=d7e6db&_nc_ohc=gX1--R3bGGAQ7kNvwEwER1o&_nc_oc=Ado-p9aTvDBVHAXN3e9pDYrNh0hpe3NGlTdSqq8WP5yhIRmEVVuyQJvKuAIK_eCkYn4&_nc_zt=14&_nc_ht=scontent-iad3-1.xx&_nc_gid=R8JephzPjHVo-nelfxbHWQ&_nc_ss=7e2a8&oh=00_AQB7Ur_zhHIlwXWsrS1TuF_tJQsJLdsRqZXDTRXRIGoaeg&oe=6A5E6360","https://www.facebook.com/profile.php?id=27112749385093373","28","2176007982971247","",,,"4","1",,,,"5","0","1783479572000","https://www.facebook.com/groups/705651063340287/permalink/2176007982971247/"
"May be an image of table, lighting and indoors","122311596758034540","photo","https://www.facebook.com/photo.php?fbid=122311596758034540&set=gm.3586718738145106&type=3","May be an image of indoors","122311596716034540","photo","https://www.facebook.com/photo.php?fbid=122311596716034540&set=gm.3586718734811773&type=3","May be an image of bedroom","122311596764034540","photo","https://www.facebook.com/photo.php?fbid=122311596764034540&set=gm.3586718741478439&type=3","May be an image of indoors, bedroom and living room","122311596710034540","photo","https://www.facebook.com/photo.php?fbid=122311596710034540&set=gm.3586718748145105&type=3","No photo description available.","122311596770034540","photo","https://www.facebook.com/photo.php?fbid=122311596770034540&set=gm.3586718751478438&type=3","61551036221657","Affordable house and lot cavite","https://scontent-iad3-1.xx.fbcdn.net/v/t39.30808-1/637025629_122288805506034540_5597294020385990511_n.jpg?stp=cp0_dst-jpg_tt6&cstp=mx936x924&ctp=s24x24&_nc_cat=101&ccb=1-7&_nc_sid=2d3e12&_nc_ohc=PMLpBQKL7okQ7kNvwE0HdRD&_nc_oc=Adq6e61eCM629eCHsf56f599g8RlpwR8a3pHOmhECgmE-EjgLZUgOGxj7-vRqJTWSEA&_nc_zt=24&_nc_ht=scontent-iad3-1.xx&_nc_gid=R8JephzPjHVo-nelfxbHWQ&_nc_ss=7e2a8&oh=00_AQB9gMCxcGWJ9v9Bx9RHfNhPKQx38FFzCfAwBgSwMppcwg&oe=6A5E49AE","https://www.facebook.com/profile.php?id=61551036221657","10","3586718778145102","",,,,,,"1",,"1","1","1783504046000","https://www.facebook.com/groups/230719410411739/permalink/3586718778145102/"
,,,,,,,,,,,,,,,,,,,,"61586546650321","Ella Marie Delatonga Opeña","https://scontent-iad6-1.xx.fbcdn.net/v/t39.30808-1/616635578_122100730071218221_2999633338710109705_n.jpg?stp=cp0_dst-jpg_tt6&cstp=mx1242x1242&ctp=s24x24&_nc_cat=100&ccb=1-7&_nc_sid=e99d92&_nc_ohc=vmBAi1Zi0C4Q7kNvwFTVx6P&_nc_oc=Adro5dclveXoM5heb8dl6IEWzm3YTtt0DFvT8dAsQICnGTBPz_fjsMI-5LR-23idAow&_nc_zt=24&_nc_ht=scontent-iad6-1.xx&_nc_gid=R8JephzPjHVo-nelfxbHWQ&_nc_ss=7e2a8&oh=00_AQBAaVCrHfbgnlJJli9PBBkaj8mWVWJn0F7paGA0k9FVMw&oe=6A5E4586","https://www.facebook.com/profile.php?id=61586546650321","2","2292708081264307","",,,"2","2",,,,"4","0","1783519244000","https://www.facebook.com/groups/1559997127868743/permalink/2292708081264307/"
,,,,,,,,,,,,,,,,,,,,"61571396229103","EL LA","https://scontent-iad6-1.xx.fbcdn.net/v/t39.30808-1/724165252_122165683682713207_7098729348885321487_n.jpg?stp=cp0_dst-jpg_tt6&cstp=mx700x697&ctp=s40x40&_nc_cat=106&ccb=1-7&_nc_sid=1d2534&_nc_ohc=2VqF_i0PqdEQ7kNvwE-Ym_F&_nc_oc=AdpSwCyowo9ZcMhmvtn-ygxlnTm7FIRhdDn7TRCiWa5Puc7Iz5MyT_zF-zsPxZny8rw&_nc_zt=24&_nc_ht=scontent-iad6-1.xx&_nc_gid=R8JephzPjHVo-nelfxbHWQ&_nc_ss=7e2a8&oh=00_AQD1PbbFwxmd-CktZn-kwZwNOIR3221I4p9k6SLmi6yN1A&oe=6A5E445E","https://www.facebook.com/el.la.806083","3","896837253244114","",,,"1",,"3",,,"4","0","1783562214000","https://www.facebook.com/groups/kakampinoy/permalink/896837253244114/"
"May be an image of fire escape","1055968197100041","photo","https://www.facebook.com/photo.php?fbid=1055968197100041&set=gm.1913646182633689&type=3",,"2211386646328675","video","https://www.facebook.com/arphelydelrosario/videos/2211386646328675/?idorvanity=149412729057052",,,,,,,,,,,,,"100080606115341","Arphely Delrosario","https://scontent-iad6-1.xx.fbcdn.net/v/t39.30808-1/689017871_1004785865551608_7118071329810856233_n.jpg?stp=cp0_dst-jpg_tt6&cstp=mx600x608&ctp=s24x24&_nc_cat=107&ccb=1-7&_nc_sid=1d2534&_nc_ohc=RceZL_Wws3gQ7kNvwFwHOkM&_nc_oc=AdqDvgv_GzSkZWgQCLIk4LUCG-To2rDnMOdEkRoKPxw4nTQNyEATGVNq3ySMHSmZxlk&_nc_zt=24&_nc_ht=scontent-iad6-1.xx&_nc_gid=R8JephzPjHVo-nelfxbHWQ&_nc_ss=7e2a8&oh=00_AQCbeM3CRrw1O-9FpFi-26TXBsMH0w2ldzEz9PgeyfaSbQ&oe=6A5E5C58","https://www.facebook.com/arphelydelrosario","4","1913646189300355","",,,"2",,,,,"2","0","1783523770000","https://www.facebook.com/groups/149412729057052/permalink/1913646189300355/"
"May be a graphic of text","122117994386699000","photo","https://www.facebook.com/photo.php?fbid=122117994386699000&set=gm.1430816082188488&type=3","May be an image of text","122117994410699000","photo","https://www.facebook.com/photo.php?fbid=122117994410699000&set=gm.1430816085521821&type=3","May be an image of map, tornado and text that says 'MINDANAO Davao Davao,City City Siasi'","122117994308699000","photo","https://www.facebook.com/photo.php?fbid=122117994308699000&set=gm.1430816088855154&type=3",,,,,,,,,"61570970027552","Great Manila Area Alerts","https://scontent-iad3-1.xx.fbcdn.net/v/t39.30808-1/735859120_122117114684699000_5753567004021896377_n.jpg?stp=cp0_dst-jpg_tt6&cstp=mx1254x1254&ctp=s24x24&_nc_cat=110&ccb=1-7&_nc_sid=2d3e12&_nc_ohc=LYMVgvZIm7IQ7kNvwEoz6K2&_nc_oc=AdqSkngXb2fMjdd5WGthyYrXk86WQKB2Jv2pViBkHtNc8r8-rCjw9enAgTMQRswirA0&_nc_zt=24&_nc_ht=scontent-iad3-1.xx&_nc_gid=GSu9S4M7JXygokM9iwH9iQ&_nc_ss=7e2a8&oh=00_AQAVeF7y0m6ph_qp_oIlwjId3MyTA2fhMrsTwVRSE8vvgA&oe=6A5E4487","https://www.facebook.com/GreaterMetroManilaAreaAlerts","0","1430816092188487","PINALAKAS NA HABAGAT NG SUPER BAGYONG INDAY, NAGDUDULOT NG MGA PAG-ULAN SA MINDANAO! 🌧️⚠️

Naglabas ang PAGASA ng Rainfall Warning No. 3 para sa maraming lalawigan sa Mindanao dahil sa pinalakas na Habagat (Southwest Monsoon) na dulot ng Super Bagyong Inday (Bavi). Inaasahan ang katamtaman hanggang sa malakas, at paminsan-minsang matinding pag-ulan na maaaring magdulot ng pagbaha, flash flood, at pagguho ng lupa, lalo na sa mga lugar na mababa, tabing-ilog, at bulubundukin.

Kabilang sa mga apektado ang ilang bahagi ng Davao Region, Zamboanga Peninsula, BARMM, SOCCSKSARGEN, Northern Mindanao, Caraga, at Basilan, habang may iba pang lalawigan at mga lungsod na inaasahang makararanas din ng tuloy-tuloy na pag-ulan sa mga susunod na oras.

Pinapayuhan ang mga residente sa mga apektadong lugar na maging mapagmatyag, sundin ang mga abiso ng lokal na pamahalaan, at maging handa sa posibleng agarang paglikas kung kinakailangan.

#GMMAAlerts #RainfallWarning #Habagat #SuperBagyongInday #Bavi #PAGASA #Mindanao #WeatherUpdate #FloodAlert #LandslideAlert",,,"1",,,,,"1","0","1783503781000","https://www.facebook.com/groups/306265887976852/permalink/1430816092188487/"
"May be an image of scooter, bicycle and text","1453540550133250","photo","https://www.facebook.com/27112749385093373/photos/gm.2176007999637912/1453540550133250/?type=3","May be an image of bicycle and text","1453540610133244","photo","https://www.facebook.com/27112749385093373/photos/gm.2176007996304579/1453540610133244/?type=3","May be an image of bicycle, fishing rod and text","1453540646799907","photo","https://www.facebook.com/27112749385093373/photos/gm.2176007989637913/1453540646799907/?type=3","May be an image of bicycle","1453540693466569","photo","https://www.facebook.com/27112749385093373/photos/gm.2176008002971245/1453540693466569/?type=3","May be an image of bicycle","1453540746799897","photo","https://www.facebook.com/27112749385093373/photos/gm.2176007992971246/1453540746799897/?type=3","27112749385093373","CharmingSpinach1055","https://scontent-iad3-1.xx.fbcdn.net/v/t39.35477-6/555062839_25378195761765925_258954579932010792_n.jpg?stp=cp0_dst-jpg_tt6&cstp=mx688x688&ctp=s34x34&_nc_cat=1&ccb=1-7&_nc_sid=d7e6db&_nc_ohc=gX1--R3bGGAQ7kNvwEwER1o&_nc_oc=Ado-p9aTvDBVHAXN3e9pDYrNh0hpe3NGlTdSqq8WP5yhIRmEVVuyQJvKuAIK_eCkYn4&_nc_zt=14&_nc_ht=scontent-iad3-1.xx&_nc_gid=GSu9S4M7JXygokM9iwH9iQ&_nc_ss=7e2a8&oh=00_AQA7foQtHAb3-vJtswSKgMAo-mxnNX-Iu_41oa8eIFBQrQ&oe=6A5E6360","https://www.facebook.com/profile.php?id=27112749385093373","28","2176007982971247","",,,"4","1",,,,"5","0","1783479572000","https://www.facebook.com/groups/705651063340287/permalink/2176007982971247/"
"May be an image of table, lighting and indoors","122311596758034540","photo","https://www.facebook.com/photo.php?fbid=122311596758034540&set=gm.3586718738145106&type=3","May be an image of indoors","122311596716034540","photo","https://www.facebook.com/photo.php?fbid=122311596716034540&set=gm.3586718734811773&type=3","May be an image of bedroom","122311596764034540","photo","https://www.facebook.com/photo.php?fbid=122311596764034540&set=gm.3586718741478439&type=3","May be an image of indoors, bedroom and living room","122311596710034540","photo","https://www.facebook.com/photo.php?fbid=122311596710034540&set=gm.3586718748145105&type=3","No photo description available.","122311596770034540","photo","https://www.facebook.com/photo.php?fbid=122311596770034540&set=gm.3586718751478438&type=3","61551036221657","Affordable house and lot cavite","https://scontent-iad3-1.xx.fbcdn.net/v/t39.30808-1/637025629_122288805506034540_5597294020385990511_n.jpg?stp=cp0_dst-jpg_tt6&cstp=mx936x924&ctp=s24x24&_nc_cat=101&ccb=1-7&_nc_sid=2d3e12&_nc_ohc=PMLpBQKL7okQ7kNvwE0HdRD&_nc_oc=Adq6e61eCM629eCHsf56f599g8RlpwR8a3pHOmhECgmE-EjgLZUgOGxj7-vRqJTWSEA&_nc_zt=24&_nc_ht=scontent-iad3-1.xx&_nc_gid=GSu9S4M7JXygokM9iwH9iQ&_nc_ss=7e2a8&oh=00_AQDCkEH5IvQdml54wvK8jEHIcmOHWbVgFgaG4rN29siLow&oe=6A5E49AE","https://www.facebook.com/profile.php?id=61551036221657","10","3586718778145102","",,,,,,"1",,"1","1","1783504046000","https://www.facebook.com/groups/230719410411739/permalink/3586718778145102/"
,,,,,,,,,,,,,,,,,,,,"61586546650321","Ella Marie Delatonga Opeña","https://scontent-iad6-1.xx.fbcdn.net/v/t39.30808-1/616635578_122100730071218221_2999633338710109705_n.jpg?stp=cp0_dst-jpg_tt6&cstp=mx1242x1242&ctp=s24x24&_nc_cat=100&ccb=1-7&_nc_sid=e99d92&_nc_ohc=vmBAi1Zi0C4Q7kNvwFTVx6P&_nc_oc=Adro5dclveXoM5heb8dl6IEWzm3YTtt0DFvT8dAsQICnGTBPz_fjsMI-5LR-23idAow&_nc_zt=24&_nc_ht=scontent-iad6-1.xx&_nc_gid=GSu9S4M7JXygokM9iwH9iQ&_nc_ss=7e2a8&oh=00_AQBjzjLJa66dFrfyo3BdeJ3WXfhcGvdZBd-LiA8eVrFU8A&oe=6A5E4586","https://www.facebook.com/profile.php?id=61586546650321","2","2292708081264307","",,,"2","2",,,,"4","0","1783519244000","https://www.facebook.com/groups/1559997127868743/permalink/2292708081264307/"
,,,,,,,,,,,,,,,,,,,,"61571396229103","EL LA","https://scontent-iad6-1.xx.fbcdn.net/v/t39.30808-1/724165252_122165683682713207_7098729348885321487_n.jpg?stp=cp0_dst-jpg_tt6&cstp=mx700x697&ctp=s40x40&_nc_cat=106&ccb=1-7&_nc_sid=1d2534&_nc_ohc=2VqF_i0PqdEQ7kNvwE-Ym_F&_nc_oc=AdpSwCyowo9ZcMhmvtn-ygxlnTm7FIRhdDn7TRCiWa5Puc7Iz5MyT_zF-zsPxZny8rw&_nc_zt=24&_nc_ht=scontent-iad6-1.xx&_nc_gid=GSu9S4M7JXygokM9iwH9iQ&_nc_ss=7e2a8&oh=00_AQAB8w362Mxfn1FEfeG9DY54gUsFUsiMAbOMsT_qFobBzw&oe=6A5E445E","https://www.facebook.com/el.la.806083","3","896837253244114","",,,"1",,"3",,,"4","0","1783562214000","https://www.facebook.com/groups/kakampinoy/permalink/896837253244114/"
"May be an image of fire escape","1055968197100041","photo","https://www.facebook.com/photo.php?fbid=1055968197100041&set=gm.1913646182633689&type=3",,"2211386646328675","video","https://www.facebook.com/arphelydelrosario/videos/2211386646328675/?idorvanity=149412729057052",,,,,,,,,,,,,"100080606115341","Arphely Delrosario","https://scontent-iad6-1.xx.fbcdn.net/v/t39.30808-1/689017871_1004785865551608_7118071329810856233_n.jpg?stp=cp0_dst-jpg_tt6&cstp=mx600x608&ctp=s24x24&_nc_cat=107&ccb=1-7&_nc_sid=1d2534&_nc_ohc=RceZL_Wws3gQ7kNvwFwHOkM&_nc_oc=AdqDvgv_GzSkZWgQCLIk4LUCG-To2rDnMOdEkRoKPxw4nTQNyEATGVNq3ySMHSmZxlk&_nc_zt=24&_nc_ht=scontent-iad6-1.xx&_nc_gid=GSu9S4M7JXygokM9iwH9iQ&_nc_ss=7e2a8&oh=00_AQATcHWlb5Ww_At2S-ZgSdygW_g-aASqJDx0XpONEmarFg&oe=6A5E5C58","https://www.facebook.com/arphelydelrosario","4","1913646189300355","",,,"2",,,,,"2","0","1783523770000","https://www.facebook.com/groups/149412729057052/permalink/1913646189300355/"
"May be an image of indoors","122185585832900327","photo","https://www.facebook.com/photo.php?fbid=122185585832900327&set=gm.27326154417056006&type=3","No photo description available.","122185585898900327","photo","https://www.facebook.com/photo.php?fbid=122185585898900327&set=gm.27326154427056005&type=3","May be an image of lighting and indoors","122185585946900327","photo","https://www.facebook.com/photo.php?fbid=122185585946900327&set=gm.27326154450389336&type=3","No photo description available.","122185586006900327","photo","https://www.facebook.com/photo.php?fbid=122185586006900327&set=gm.27326154423722672&type=3","No photo description available.","122185586054900327","photo","https://www.facebook.com/photo.php?fbid=122185586054900327&set=gm.27326154443722670&type=3","61577009836641","Boss John","https://scontent-iad3-1.xx.fbcdn.net/v/t39.30808-1/535015307_122125558910900327_5422226526307935210_n.jpg?stp=cp0_dst-jpg_tt6&cstp=mx1530x1542&ctp=s24x24&_nc_cat=101&ccb=1-7&_nc_sid=e99d92&_nc_ohc=Vu7u1LEyIhUQ7kNvwEZd9Ld&_nc_oc=AdrPOEdwl7nwKwl0jAWVQ4VR90WjHmcgGcRnsyOpkdtqeuz03PqHQH-BjjhJm3oezwY&_nc_zt=24&_nc_ht=scontent-iad3-1.xx&_nc_gid=mv1MSiI77unv4XTAMyqGRQ&_nc_ss=7e2a8&oh=00_AQAV0hA5gfdJWonF0DTqiGh584ip3yB4IGuoSUxD7w4CbA&oe=6A5E4840","https://www.facebook.com/profile.php?id=61577009836641","0","27326154447056003","Permission to post admin
Please read carefully.... 
andiyan na lahat ng details
🏠Apartment for sale
Two Storey Ready for third floor
Katabi ng 🏫school matao ang lugar daanan ng mga tao at estudyante good for investment💯 Fast Return of Income
inside of subdivision
From 1.5M before
down to 1.250M for surebuyer only  💸
(negotiable upon viewing) may bawas pa sa surebuyer direct message me 📩 
Own water💦 & electricity⚡
50sqrmtrs. More or less Up and down total of 100 sqrmtrs
Fully tiles, with ceilings and sliding windows
24/7 hindi nawawalan ng tubig
Flood free mataas ang lugar hindi binabaha
Pwede magpark ng sasakyan 
Very accessible sa lahat ng kailangan mo 10mins. Away from sm trece and new capitolyo 💫
Matibay ang pagkakagawa ng bahay naka-sLab ung secondfloor

👉Gate 1 sa itaas with 3rooms, 1kitchen & 1bathroom sa secondfloor
👉Gate 2 sa ibaba with 1room, 1kitchen & 1bathroom 
👉Gate 3 sa likod with 1room, 1kitchen & 1bathroom with own submeter

May mga nangungupahan ikaw nalang magpapatuloy kung sakaling ikaw ang makakabili para sayo ko maeendorsed ung mga nangungupahan... 

📃 Complete documents with notarized of attorney deed of sell , special power of attorney, and Entry pass from NHA. Wala pa titulo pero madali lang magkaroon 200pesos lang monthly payable in 25years. 
Sagot ko na ang attorney's Fee naten
Open for viewing For Direct & surebuyer only Direct message me 📩 kung interested
Sunshineville brgy. cabuco Trece martires cavite location!!!",,,"4",,,,,"4","0","1783584782000","https://www.facebook.com/groups/4147995688631873/permalink/27326154447056003/"
"May be an image of living room and text","1749707206290884","photo","https://www.facebook.com/photo.php?fbid=1749707206290884&set=gm.2100946444184048&type=3","May be an image of indoors","1749707216290883","photo","https://www.facebook.com/photo.php?fbid=1749707216290883&set=gm.2100946447517381&type=3","May be an image of clothes iron, water heater and text","1749707209624217","photo","https://www.facebook.com/photo.php?fbid=1749707209624217&set=gm.2100946450850714&type=3","May be an image of text that says 'JET'","1749707196290885","photo","https://www.facebook.com/photo.php?fbid=1749707196290885&set=gm.2100946454184047&type=3","May be an image of text","1749707212957550","photo","https://www.facebook.com/photo.php?fbid=1749707212957550&set=gm.2100946457517380&type=3","100037548644862","Anne Anne","https://scontent-iad6-1.xx.fbcdn.net/v/t39.30808-1/710756095_1714117456516526_8665235805669389058_n.jpg?stp=cp0_dst-jpg_tt6&cstp=mx1536x1538&ctp=s24x24&_nc_cat=107&ccb=1-7&_nc_sid=e99d92&_nc_ohc=F8zdlVu8nS8Q7kNvwElKa_X&_nc_oc=AdqTGxx2aUiKUKKRDeYWn_SLmNl4ZwC92dHnXt0xx6bSueS12j2vmzw2hazyGAAs81M&_nc_zt=24&_nc_ht=scontent-iad6-1.xx&_nc_gid=mv1MSiI77unv4XTAMyqGRQ&_nc_ss=7e2a8&oh=00_AQBQMJVrQVYJ5S3d35U_ZEcYMTTHxzcPwrXYTAoe_1bllQ&oe=6A5E3CF2","https://www.facebook.com/jetskie.shoppee","2","2100946470850712","",,,"2",,,,,"2","0","1783579052000","https://www.facebook.com/groups/1530531877892177/permalink/2100946470850712/"
,,,,,,,,,,,,,,,,,,,,"100010759299924","Raffy V. Laviña","https://scontent-iad3-2.xx.fbcdn.net/v/t39.30808-1/701701618_2735310843504199_373214121723074477_n.jpg?stp=cp0_dst-jpg_tt6&cstp=mx1080x1080&ctp=s24x24&_nc_cat=105&ccb=1-7&_nc_sid=e99d92&_nc_ohc=R6iTE-FJ-bsQ7kNvwHn0l2x&_nc_oc=Adq4QkrrBweXkSeg2NYEGiJBZgjmz5hXvMMD8_Pyj2LyOw_ANF4MutIFimI0nTjXBi8&_nc_zt=24&_nc_ht=scontent-iad3-2.xx&_nc_gid=mv1MSiI77unv4XTAMyqGRQ&_nc_ss=7e2a8&oh=00_AQCSVveegZ60GZBOiqc5X3m-XaI53ZTbcZ39SMMt0tLi4Q&oe=6A5E3B7B","https://www.facebook.com/raffy.v.lavina","17","1591293192201794","🏠Looking for Apartment/studio type for Rent with 1 bedroom (solo occupant)

📅 Target Move-in: This month

Preferences :

📍Location: cembo, South cembo, West rembo, East rembo, pembo, comembo.

🏙️ Walking distance or 1 ride to BGC / Market! Market! / SM Aura / Guadalupe 
🤫 Quiet and safe environment
🚿 With own CR and sink
💡 With own water and electric meter
🛏️ With own bed and a little spacious living area (enough for our things)
💨 Good ventilation, not flood-prone
👥 Visitors allowed

🙏 Please send me details and photos directly here on Messenger if you have an available unit. Thank you!",,,"1",,,,,"1","0","1783639614000","https://www.facebook.com/groups/367775544553571/permalink/1591293192201794/"
"No photo description available.","1756482328729827","photo","https://www.facebook.com/photo.php?fbid=1756482328729827&set=gm.2197223940854945&type=3","No photo description available.","1756482425396484","photo","https://www.facebook.com/photo.php?fbid=1756482425396484&set=gm.2197223974188275&type=3","May be an image of lighting and indoors","1756482452063148","photo","https://www.facebook.com/photo.php?fbid=1756482452063148&set=gm.2197223967521609&type=3","May be an image of indoors","1756482508729809","photo","https://www.facebook.com/photo.php?fbid=1756482508729809&set=gm.2197223970854942&type=3","No photo description available.","1756482378729822","photo","https://www.facebook.com/photo.php?fbid=1756482378729822&set=gm.2197223964188276&type=3","100031042303692","Marites Sumayang","https://scontent-iad6-1.xx.fbcdn.net/v/t39.30808-1/619907159_1621518705559524_8576993708706160111_n.jpg?stp=cp0_dst-jpg_tt6&cstp=mx1536x1537&ctp=s24x24&_nc_cat=107&ccb=1-7&_nc_sid=1d2534&_nc_ohc=Mw0sIttIQkoQ7kNvwGvUZGL&_nc_oc=AdqrFNatEjI_ezSoCBUrDDq-3e53nycfIcmiF8HWgpNy0jZnjA1Wg9sGexSylB9ly5Y&_nc_zt=24&_nc_ht=scontent-iad6-1.xx&_nc_gid=mv1MSiI77unv4XTAMyqGRQ&_nc_ss=7e2a8&oh=00_AQAgnBm8mX4EVRtoZpZN3SxL4PhZtZGmyaKN1wKWtTliZg&oe=6A5E5B32","https://www.facebook.com/lot.sumayang.52","1","2197223977521608","",,,"2",,,,,"2","0","1783481825000","https://www.facebook.com/groups/houseandlotforsaleantipolo/permalink/2197223977521608/"
"No photo description available.","996474566598564","photo","https://www.facebook.com/photo.php?fbid=996474566598564&set=gm.2197359854174687&type=3","May be an image of living room, bedroom and indoors","996474606598560","photo","https://www.facebook.com/photo.php?fbid=996474606598560&set=gm.2197359864174686&type=3","No photo description available.","996474646598556","photo","https://www.facebook.com/photo.php?fbid=996474646598556&set=gm.2197359870841352&type=3","May be an image of living room, bedroom and indoors","996474699931884","photo","https://www.facebook.com/photo.php?fbid=996474699931884&set=gm.2197359860841353&type=3","May be an image of sink and indoors","996474746598546","photo","https://www.facebook.com/photo.php?fbid=996474746598546&set=gm.2197359850841354&type=3","100087080907854","Villanueva Emerald Teves","https://scontent-iad3-1.xx.fbcdn.net/v/t39.30808-1/745545350_998694809709873_561108719706827756_n.jpg?stp=cp0_dst-jpg_tt6&cstp=mx1224x1224&ctp=s24x24&_nc_cat=110&ccb=1-7&_nc_sid=1d2534&_nc_ohc=YDWyWwJ9s7wQ7kNvwEXuzTA&_nc_oc=AdrUkaSw_f7xTRpL3cpajnsFyOBm0nMtRsrbrMXfrcUVkmUnjELId-RwKbkxZ4r2JIY&_nc_zt=24&_nc_ht=scontent-iad3-1.xx&_nc_gid=mv1MSiI77unv4XTAMyqGRQ&_nc_ss=7e2a8&oh=00_AQDcw3CEqiiSWEUXpWCjlFLIKZcJCwsNkmqL4bdtDYdvuQ&oe=6A5E52C2","https://www.facebook.com/emz1011","16","2197359874174685","",,,"5","4",,,,"9","0","1783494575000","https://www.facebook.com/groups/houseandlotforsaleantipolo/permalink/2197359874174685/"
,,,,,,,,,,,,,,,,,,,,"100009573403694","Terence Paul Mabasa","https://scontent-iad3-1.xx.fbcdn.net/v/t39.30808-1/476488438_4044274255901648_4353123561502204892_n.jpg?stp=cp0_dst-jpg_tt6&cstp=mx960x960&ctp=s24x24&_nc_cat=108&ccb=1-7&_nc_sid=1d2534&_nc_ohc=qzhHWy4LxF4Q7kNvwEVV4ii&_nc_oc=Adqrg_hpMHBi9WOfEfTnZm8aF5hXKBl0em-e0waIUXeu26o46ynac2mXrG6QJRx3nIw&_nc_zt=24&_nc_ht=scontent-iad3-1.xx&_nc_gid=mv1MSiI77unv4XTAMyqGRQ&_nc_ss=7e2a8&oh=00_AQB0ugItM-pw5sA9M_MLEYv34rHNkPs0EYpPHcSw3pKmwg&oe=6A5E5676","https://www.facebook.com/Tobsterrr888","41","1547852810351198","Oh tapos ano mangyayare sa Arena Exploit? Ung mga gumawa? Hahayaan lang? Parang flood control lang ah hahahaha",,"28","1",,"1",,,"30","0","1783476796000","https://www.facebook.com/groups/512749597194863/permalink/1547852810351198/"
"No photo description available.","27602729566046301","photo","https://www.facebook.com/photo.php?fbid=27602729566046301&set=gm.2198031260774213&type=3","May be an image of pool","27602729872712937","photo","https://www.facebook.com/photo.php?fbid=27602729872712937&set=gm.2198031280774211&type=3","May be an image of pool","27602730502712874","photo","https://www.facebook.com/photo.php?fbid=27602730502712874&set=gm.2198031284107544&type=3","May be an image of pool","27602729862712938","photo","https://www.facebook.com/photo.php?fbid=27602729862712938&set=gm.2198031297440876&type=3","May be an image of pool","27602730999379491","photo","https://www.facebook.com/photo.php?fbid=27602730999379491&set=gm.2198031274107545&type=3","100002078850136","Julius Cesar Corpuz","https://scontent-iad6-1.xx.fbcdn.net/v/t39.30808-1/606411287_25609641755355102_1409777058124752207_n.jpg?stp=cp0_dst-jpg_tt6&cstp=mx960x958&ctp=s24x24&_nc_cat=107&ccb=1-7&_nc_sid=1d2534&_nc_ohc=Md-oKKuEPj4Q7kNvwHYq4_j&_nc_oc=AdrO4touf1S6W_OyneDFDyiCUSryiuXCBFiDr-Ss9EsZP46PZMR0I-N-NbdtbFRP4CE&_nc_zt=24&_nc_ht=scontent-iad6-1.xx&_nc_gid=cwlpc8umaC2Cj5j3eq-YQA&_nc_ss=7e2a8&oh=00_AQArmntMDLC-XvYACXlJteotKMJ1BFPpuw_InVI07GNVhA&oe=6A5E5772","https://www.facebook.com/julius.corpuz13","10","2198031327440873","",,,"15","1",,,"1","17","2","1783559017000","https://www.facebook.com/groups/houseandlotforsaleantipolo/permalink/2198031327440873/"
,"1344363414552187","video",,,,,,,,,,,,,,,,,,"100063883966555","Homes Spot Property in Rizal","https://scontent-iad6-1.xx.fbcdn.net/v/t39.30808-1/475557629_1107323448073777_1718687540844445014_n.jpg?stp=cp0_dst-jpg_tt6&cstp=mx1125x1125&ctp=s40x40&_nc_cat=109&ccb=1-7&_nc_sid=2d3e12&_nc_ohc=kmIqclrTiusQ7kNvwGMEGH1&_nc_oc=AdpYmSisrPE4JsgzCQetWNfW4so0pvc7BwhSu4o0tr73movP8HAjtWDW0WN9-tj58cw&_nc_zt=24&_nc_ht=scontent-iad6-1.xx&_nc_gid=cwlpc8umaC2Cj5j3eq-YQA&_nc_ss=7e2a8&oh=00_AQALNwekNTDAKWvjBCV50Dpbt6mhMgCCr1irpOu73zgueg&oe=6A5E3A46","https://www.facebook.com/rizalandlot","0","1567348272071290","🏡 Gusto mo ng bahay na pwede mong i-customize? We got you covered!

Semi-finished turnover para ma-design mo according to your dream style. ✨ Located in Morong, Rizal—overlooking, flood-free, with complete amenities, at napapalibutan ng relaxing nature. 🌿

Message me now for a FREE site viewing!

#DreamHome #MorongRizal #SemiFinishedHome #FloodFree #Overlooking #NatureLiving #CrystalEastHomes #HomeGoals #RealEstatePH #FreeSiteViewing",,,"2",,,,,"2","0","1783475754000","https://www.facebook.com/reel/1344363414552187/"
,,,,,,,,,,,,,,,,,,,,"100069005139719","Joseph Dave","https://scontent-iad3-2.xx.fbcdn.net/v/t39.30808-1/734367615_1324856353157857_3994437941867810398_n.jpg?stp=cp0_dst-jpg_tt6&cstp=mx1080x1084&ctp=s40x40&_nc_cat=111&ccb=1-7&_nc_sid=1d2534&_nc_ohc=K6yfn4-ur3wQ7kNvwGeDkFr&_nc_oc=AdqQWZnncv_L3z9uedei5R5jfq83It6Fv1TpK21gwVtby5haq0JuZziuTn1-K6nThU8&_nc_zt=24&_nc_ht=scontent-iad3-2.xx&_nc_gid=cwlpc8umaC2Cj5j3eq-YQA&_nc_ss=7e2a8&oh=00_AQBXRsyLH_WbvoJWxEfUiu4P9YBslRc4V51vAZOVUwR55g&oe=6A5E3E52","https://www.facebook.com/joseph.dave.624595","5","896186459975860","",,"1","1","1",,,,"3","1","1783491052000","https://www.facebook.com/groups/kakampinoy/permalink/896186459975860/"
"May be an image of car, road and text that says 'PROTEKSYON AEAA ማ_ GBF INSURANCE SURETY COMPANY,INC. Mazketing Comsultancy Scevices COMPREHENSIVE CAR INSURANCE BIYAHE MO, PROTEKTADO KA! Para sa lahat ng kalsada. Para sa bawat araw. Para sa pangarap mong maabot. KAPAYAPAAN KAPAG MAY COMPREHENSIVE INSURANCE, γου GET: COVERS ACCIDENT COLLISION ACTS NATURE (BAHA, BAGYO, LINDOL) VANDALI ISM ROAD PROTECTION P FAST CLAIMS PROCESS WAG MAGING NEXT VICTIM. MAGING SMART. MAGPA INSURE NA! LOWEST PREMIUM RATE TALK TO US TODAY! 0964-7581-639 SAFE KA, SIGURADO KA, TULOY ANG BIYAHE!'","122285264750175916","photo","https://www.facebook.com/photo/?fbid=122285264750175916&set=a.122119920578175916",,,,,,,,,,,,,,,,,"61555277506374","Fsd Auto Insurance Services Pasig ","https://scontent-iad6-1.xx.fbcdn.net/v/t39.30808-1/419879446_122109973190175916_5488939549022674481_n.jpg?stp=cp0_dst-jpg_tt6&cstp=mx225x225&ctp=s40x40&_nc_cat=109&ccb=1-7&_nc_sid=2d3e12&_nc_ohc=Owz2tKQ_ajUQ7kNvwGdxHsj&_nc_oc=AdoUmnMkWoRsHCAl_cbKA2PVO5Da8ZChLVIDArT_uXv8yQRUsosERIGDj-hVolwVr6w&_nc_zt=24&_nc_ht=scontent-iad6-1.xx&_nc_gid=cwlpc8umaC2Cj5j3eq-YQA&_nc_ss=7e2a8&oh=00_AQCLFkEcAXYcCjQZI6rvGBeLmljrXm1MI_1uehOtwoikeg&oe=6A5E58F2","https://www.facebook.com/fsdautoinsurancepasig","1","122285264780175916","HINDI LANG SASAKYAN ANG PINOPROTEKTAHAN MO—PATI ANG PINAGHIRAPAN MO.

Isang aksidente, baha, o pagnanakaw lang ang kailangan para magkaroon ng malaking gastos. Kaya habang maaga, siguraduhin ang iyong sasakyan sa pamamagitan ng Comprehensive Car Insurance.

✨ Why choose us?
✔️ Coverage for Accidents & Collision
✔️ Protection against Flood, Typhoon & Other Acts of Nature
✔️ Theft & Vandalism Coverage
✔️ Fast & Reliable Claims Assistance
✔️ Competitive Premium Rates

Hindi mo kontrolado ang aksidente, pero kontrolado mo ang pagiging handa.

📞 Get your FREE quotation today!
0964-7581-639

Drive with confidence. Protect what matters most. 🚗🛡️💚🧡",,,,"1",,,,"1","81","1783562183000","https://www.facebook.com/fsdautoinsurancepasig/posts/pfbid0oa2FyJmuuRn2A7SbrwxnQcsSZdqkuVcfKjx6sZU9UCcv1PWxNrXPsuCdDZBZabYql"
,"1556711935969564","video","https://www.facebook.com/reel/1556711935969564/",,,,,,,,,,,,,,,,,"100013810623096","Glenn Priolo","https://scontent-iad6-1.xx.fbcdn.net/v/t39.30808-1/732286242_995431246658427_5888538233953361469_n.jpg?stp=cp0_dst-jpg_tt6&cstp=mx960x958&ctp=s24x24&_nc_cat=107&ccb=1-7&_nc_sid=1d2534&_nc_ohc=IeXT2i0Gr3EQ7kNvwETfBiO&_nc_oc=Adq1lbRx_VVUZDIi4XJTBc3CXfwfh085N2-hkLMz96StjEVLrSRNEAtU1nfj_sdhaac&_nc_zt=24&_nc_ht=scontent-iad6-1.xx&_nc_gid=cwlpc8umaC2Cj5j3eq-YQA&_nc_ss=7e2a8&oh=00_AQCAetJ7GcpoPZyNm_YoN5gtMBXpwykB-eC1adBnbNpBYA&oe=6A5E5FB7","https://www.facebook.com/glenn.priolo.2024","1","896870473240792","MGA DDS, NAALALA NINYO BA SI DIGONG?

Noong panahon ni Digong pa may mga usapin na tungkol sa umano'y flood control anomalies. Kung galit tayo sa korapsyon, hindi puwedeng pili lang ang pinapanagot.

HINDI PUMIPILI ANG KATOTOHANAN. ANG PANANAGUTAN AY PARA SA LAHAT.

Ang bidyong ito ay opinyong pampubliko para sa mas malayang talakayan.

#FloodControl #Duterte #DigongDuterte #Korapsyon #Pananagutan #DamdamingMakabayan #BanatBANA #BANAMedia",,,"2",,,,,"2","0","1783566103000","https://www.facebook.com/groups/kakampinoy/permalink/896870473240792/"
"May be an image of text that says 'Lyn Castro 09614305981'","27602537362712687","photo","https://www.facebook.com/photo.php?fbid=27602537362712687&set=gm.1517312026818699&type=3","May be an image of text that says 'Lyn Castro 09614305981 開膜 国'","27602537346046022","photo","https://www.facebook.com/photo.php?fbid=27602537346046022&set=gm.1517312033485365&type=3","May be an image of text","27602537352712688","photo","https://www.facebook.com/photo.php?fbid=27602537352712688&set=gm.1517312030152032&type=3","May be an image of indoors","27602537376046019","photo","https://www.facebook.com/photo.php?fbid=27602537376046019&set=gm.1517312036818698&type=3","May be an image of sliding door and text that says 'Lyn Castro 09614305981'","27602537349379355","photo","https://www.facebook.com/photo.php?fbid=27602537349379355&set=gm.1517312040152031&type=3","100001493830877","Lyn Ignacio Castro","https://scontent-iad3-1.xx.fbcdn.net/v/t39.30808-1/688149411_26825728847060213_7230165220366381529_n.jpg?stp=cp0_dst-jpg_tt6&cstp=mx1200x1200&ctp=s24x24&_nc_cat=110&ccb=1-7&_nc_sid=1d2534&_nc_ohc=ePZVhTvHL5gQ7kNvwG23amY&_nc_oc=Adq34uaCX1ziFcNZhRqsZah6-HHc532DM3uHflydmtDdMdWV2tGOK7TjnDkg5qrrfPA&_nc_zt=24&_nc_ht=scontent-iad3-1.xx&_nc_gid=cwlpc8umaC2Cj5j3eq-YQA&_nc_ss=7e2a8&oh=00_AQCWUA4jYVriOXNhHSmO--gvP1jDSpD97yZCuH2gelLe_Q&oe=6A5E650F","https://www.facebook.com/ladylyn.i.castro","3","1517312056818696","Hanap mo ba ng brand-new bahay sa Antipolo na accessible at flood-free?

Ito na ang pagkakataon mong magkaroon ng sariling tahanan sa Birmingham Homes, ML Quezon St., Antipolo City. Isang maayos na komunidad na malapit sa mga paaralan, malls, ospital, at iba pang pangunahing establisyemento.

Single Attached | Pre-Selling

• 3 Bedrooms
• 2 Toilet & Bath
• 2–3 Car Carport
Lot Area: 120 sqm
Floor Area: 68 sqm

Total Price: ₱7,066,000

Down Payment: ₱28,191/month (24 months)

Estimated Bank Amortization: ₱44,960–₱49,285/month

FREE Transfer of Title & Utility Connections

Message me today for more details. 🙂",,,,"1",,,,"1","0","1783519232000","https://www.facebook.com/groups/631085338774710/permalink/1517312056818696/"
,,,,,,,,,,,,,,,,,,,,"100000719752977","Christopher Atis Porongao","https://scontent-iad3-1.xx.fbcdn.net/v/t39.30808-1/311425568_5926251987408734_2386667926268321787_n.jpg?stp=cp0_dst-jpg_tt6&cstp=mx720x720&ctp=s40x40&_nc_cat=110&ccb=1-7&_nc_sid=1d2534&_nc_ohc=PsDeV-fkIskQ7kNvwFT6dZT&_nc_oc=Adocp-2dK108LNac1yz7-qQEZ7QftbCdqCwOrKMJfE5lDE8Gz1zw87JOImCfxCLHQV0&_nc_zt=24&_nc_ht=scontent-iad3-1.xx&_nc_gid=yx0ZN7AM6yRRgwkWQxpPAQ&_nc_ss=7e2a8&oh=00_AQDAIkPJZdM2zFcw4ddk3iRW8EuL0ZxItdedgYQPOfLOgg&oe=6A5E5C25","https://www.facebook.com/christopher.porongao","10","2531067510647598","""Rodrigo Duterte is at the center of a huge criminal enterprise."" - QuadCom

Ginawa kasi ni Rodrigo na parang sindikato ang patakbo sa gobyerno.","6",,"22","1",,,"1","30","17","1783633924000","https://www.facebook.com/groups/1sambayanofficialvolunteersandsupport/permalink/2531067510647598/"
,,,,,,,,,,,,,,,,,,,,"100063342605232","Sergio Garcia Trinidad","https://scontent-iad3-1.xx.fbcdn.net/v/t39.30808-1/724061481_1289567536497988_371339784605944305_n.jpg?stp=cp0_dst-jpg_tt6&cstp=mx1080x1097&ctp=s40x40&_nc_cat=108&ccb=1-7&_nc_sid=1d2534&_nc_ohc=hrgGxzEekP4Q7kNvwGLuQ5o&_nc_oc=AdphTgk4NJRyhLeV27944csu--T9cL7HEMEDFbSQBBpbQkEty49B5Pej1lRBAVjOQA4&_nc_zt=24&_nc_ht=scontent-iad3-1.xx&_nc_gid=yx0ZN7AM6yRRgwkWQxpPAQ&_nc_ss=7e2a8&oh=00_AQDU4bMy77BANVR2aIcqQvcJIx0XmubO6d2KDUyv94QpVg&oe=6A5E599C","https://www.facebook.com/Tiger.Trining","6","1633983078312436","",,,"8",,,,,"8","3","1783638336000","https://www.facebook.com/groups/343575550686535/permalink/1633983078312436/"
,,,,,,,,,,,,,,,,,,,,"100078243039964","Philippine Morning News","https://scontent-iad3-2.xx.fbcdn.net/v/t39.30808-1/527184609_813838744567553_1355526989015061306_n.jpg?stp=cp0_dst-jpg_tt6&cstp=mx225x225&ctp=s40x40&_nc_cat=103&ccb=1-7&_nc_sid=2d3e12&_nc_ohc=aC3vIy88V1AQ7kNvwGCLUDJ&_nc_oc=AdpHWO40yxN_Xulgao5lRYOkGsxpcV5m9X_ukRIZ-M6AT2VbnK_X21q7ptjSyMcDCYM&_nc_zt=24&_nc_ht=scontent-iad3-2.xx&_nc_gid=yx0ZN7AM6yRRgwkWQxpPAQ&_nc_ss=7e2a8&oh=00_AQBGcCXz9AaMqMKExGdRatzRG3HiM_IyGLmBHL5an8A4yw&oe=6A5E4F2E","https://www.facebook.com/PhilippineMorningNews","0","2529678354119847","",,,"4",,,,,"4","2","1783501608000","https://www.facebook.com/groups/1sambayanofficialvolunteersandsupport/permalink/2529678354119847/"
,,,,,,,,,,,,,,,,,,,,"100023895932001","Joshua Mercado Heruela","https://scontent-iad6-1.xx.fbcdn.net/v/t39.30808-1/684516544_2238027907003719_189421707593487242_n.jpg?stp=cp0_dst-jpg_tt6&cstp=mx2045x2048&ctp=s24x24&_nc_cat=107&ccb=1-7&_nc_sid=1d2534&_nc_ohc=oZjP_7q8tvkQ7kNvwGHnIGG&_nc_oc=AdobZGX_eeI6XUXt9qnK_RDmEWbWOqWgBSoZLP5-lZ67e7XzN37wG-v5ic0BuZBioyU&_nc_zt=24&_nc_ht=scontent-iad6-1.xx&_nc_gid=yx0ZN7AM6yRRgwkWQxpPAQ&_nc_ss=7e2a8&oh=00_AQBn119fY-6XZ9VXbrxhhaBKYpVu9FcPh5rcddyHRfb9_w&oe=6A5E52F7","https://www.facebook.com/joshua.mheruela","1","2197797180797621","Baka may naghahanap po dito Ng murang House and lot, Walang downpayment, 2-3Br unit, Flood Free area at Pet friendly din po.",,,"2",,,,,"2","0","1783532518000","https://www.facebook.com/groups/houseandlotforsaleantipolo/permalink/2197797180797621/"
"May be an image of grass","27593155547003703","photo","https://www.facebook.com/photo.php?fbid=27593155547003703&set=gm.2197194850857854&type=3","May be an image of grass","27593156513670273","photo","https://www.facebook.com/photo.php?fbid=27593156513670273&set=gm.2197194887524517&type=3","May be an image of grass","27593156163670308","photo","https://www.facebook.com/photo.php?fbid=27593156163670308&set=gm.2197194880857851&type=3","May be an image of collard greens and cloud","27593156110336980","photo","https://www.facebook.com/photo.php?fbid=27593156110336980&set=gm.2197194884191184&type=3","May be an image of tree and grass","27593155573670367","photo","https://www.facebook.com/photo.php?fbid=27593155573670367&set=gm.2197194874191185&type=3","100002078850136","Julius Cesar Corpuz","https://scontent-iad6-1.xx.fbcdn.net/v/t39.30808-1/606411287_25609641755355102_1409777058124752207_n.jpg?stp=cp0_dst-jpg_tt6&cstp=mx960x958&ctp=s24x24&_nc_cat=107&ccb=1-7&_nc_sid=1d2534&_nc_ohc=Md-oKKuEPj4Q7kNvwHYq4_j&_nc_oc=AdrO4touf1S6W_OyneDFDyiCUSryiuXCBFiDr-Ss9EsZP46PZMR0I-N-NbdtbFRP4CE&_nc_zt=24&_nc_ht=scontent-iad6-1.xx&_nc_gid=yx0ZN7AM6yRRgwkWQxpPAQ&_nc_ss=7e2a8&oh=00_AQBu1cUqEfGsTOlFnZtPbpLCw3dYid3wGzEdgUAVffQiUQ&oe=6A5E5772","https://www.facebook.com/julius.corpuz13","0","2197194847524521","",,,,"1",,,,"1","0","1783479155000","https://www.facebook.com/groups/houseandlotforsaleantipolo/permalink/2197194847524521/"
,,,,,,,,,,,,,,,,,,,,"100023895932001","Joshua Mercado Heruela","https://scontent-iad6-1.xx.fbcdn.net/v/t39.30808-1/684516544_2238027907003719_189421707593487242_n.jpg?stp=cp0_dst-jpg_tt6&cstp=mx2045x2048&ctp=s24x24&_nc_cat=107&ccb=1-7&_nc_sid=1d2534&_nc_ohc=oZjP_7q8tvkQ7kNvwGHnIGG&_nc_oc=AdobZGX_eeI6XUXt9qnK_RDmEWbWOqWgBSoZLP5-lZ67e7XzN37wG-v5ic0BuZBioyU&_nc_zt=24&_nc_ht=scontent-iad6-1.xx&_nc_gid=yx0ZN7AM6yRRgwkWQxpPAQ&_nc_ss=7e2a8&oh=00_AQBn119fY-6XZ9VXbrxhhaBKYpVu9FcPh5rcddyHRfb9_w&oe=6A5E52F7","https://www.facebook.com/joshua.mheruela","2","2018644792871926","Baka may naghahanap po dito Ng murang House and lot, Walang downpayment, 2-3Br unit, Flood Free area at Pet friendly din po.",,,"1",,,,,"1","0","1783596026000","https://www.facebook.com/groups/430201981716223/permalink/2018644792871926/"
