"attachments/0/accessibilityCaption","attachments/0/id","attachments/0/type","attachments/0/url","attachments/1/accessibilityCaption","attachments/1/id","attachments/1/type","attachments/1/url","attachments/2/accessibilityCaption","attachments/2/id","attachments/2/type","attachments/2/url","attachments/3/accessibilityCaption","attachments/3/id","attachments/3/type","attachments/3/url","attachments/4/accessibilityCaption","attachments/4/id","attachments/4/type","attachments/4/url","author/id","author/name","author/profilePicture","author/profileUrl","commentsCount","postId","postText","reactions/like","reactions/love","reactionsCount","sharesCount","timestamp","url"
,,,,,,,,,,,,,,,,,,,,"178609772227287","PHLRC Riders","https://scontent-iad3-2.xx.fbcdn.net/v/t39.30808-1/498234248_1078747727617170_7531220253892465575_n.jpg?stp=c90.300.539.539a_cp0_dst-jpg_tt6&cstp=mx539x539&ctp=s40x40&_nc_cat=105&ccb=1-7&_nc_sid=2d3e12&_nc_ohc=r43jYYAjsQoQ7kNvwEgcLuq&_nc_oc=Adoc17O2d1Xca-6-aXLPxIcMKTpjJuZixcrKZNnR1Cg53ShDDBmJjY2W63vThFgXvds&_nc_zt=24&_nc_ht=scontent-iad3-2.xx&_nc_gid=ck_M6CeTx3BQKS-gsA032Q&_nc_ss=7c2a8&oh=00_AQA0OYoDpNEhwExFnLKCAqgXj_XlDAeMYyLLBknVA-a5sQ&oe=6A601805","https://www.facebook.com/PHLRC2022","18","553821558039438","Baha sa tacloban halos abutin na ang bubong ng bahay.



admin t-021","55",,"55","111","1383875570000","https://www.facebook.com/PHLRC2022/posts/553821558039438"
,,,,,,,,,,,,,,,,,,,,"100064321404005","Philippine Red Cross","https://scontent-iad6-1.xx.fbcdn.net/v/t39.30808-1/347814431_259396246493885_7043264094547923275_n.jpg?stp=cp0_dst-jpg_tt6&cstp=mx384x384&ctp=s40x40&_nc_cat=1&ccb=1-7&_nc_sid=2d3e12&_nc_ohc=mAe54F5N9MQQ7kNvwGknGhM&_nc_oc=AdoYYE8YV0kCYCsbIiLvdF0qm5Y5H_8Vl_VZSqXdlq7_t_YvJFFC7O_lzXlK1eg7tV4&_nc_zt=24&_nc_ht=scontent-iad6-1.xx&_nc_gid=ck_M6CeTx3BQKS-gsA032Q&_nc_ss=7c2a8&oh=00_AQAAU4Ztb3WoRBer4_D752WImRGEpQL3jR47BQ8-YwUP9g&oe=6A6012ED","https://www.facebook.com/phredcross","95","763057433719668","RED CROSS CONDUCTS ASSESSMENT, SENDS AID AFTER SUPERTYPHOON BATTERED VISAYAS

After super typhoon Yolanda (international name Haiyan) battered Visayas, the Philippine Red Cross (PRC) has deployed assessment, rescue and relief teams to evaluate the damage and to support rescue efforts.

Staff and volunteers from local chapters are now deployed in different affected areas. Three teams from the National Headquarters will be deployed in Samar, Leyte and Capiz together with the Water Search and Rescue Teams of Olongapo Chapter.

PRC Operation Center reported that as of this morning communication lines in Leyte were still down, flood waters were approximately 10 feet high brought by the storm surge in Tacloban City and Palo City.

Power supplies in Eastern Samar, Oriental Mindoro, Masbate, Sorsogon, Leyte, Negros, Capiz, Romblon and Busuanga have not been restored since 9 am this morning.

The PRC chapter in Masbate will be conducting assessment in Balud, one of the hardest hit areas, were no reports were gathered as of today.
 
In Leyte, PRC packed relief goods for immediate distribution to evacuation centers. Hot meals were provided to 450 evacuees in Our Lady of Lourdes Parish and Eastern Visayas State University.

Even before the typhoon Yolanda entered Philippine Area of Responsibility (PAR), food and non-food items were already prepositioned in PRC Cebu Regional Warehouse consisting of 2,000 tins of ready to eat food, 4,000 blankets, 4,000 plastic mats, 2,000 hygiene kits, 2,000 jerry cans, 10 units of health emergency tents and 5,000 of food and non-food items with support from the International Committee of the Red Cross (ICRC).

Welfare Desks including restoring family links and tracing services were established in the affected areas to assist affected individuals with tracing  inquiries.

Hot meals were also provided to 3,365 affected individuals in Masbate, San Pablo and Capiz.

As of 9am, a total of 19,677 families (993,585 persons) were temporarily sheltered in 353 evacuation centers.

More than 340 barangays from 46 municipalities and cities were reported affected.","474",,"474","304","1383978927000","https://www.facebook.com/phredcross/posts/pfbid0jXSW1gXKHV96HZp2qLPsYMTbPm2yqtT3oHZ38g3B333ZdjS54J8LfE7pSnsYhwaVl"
,,,,,,,,,,,,,,,,,,,,"27254475167","ABS-CBN News","https://scontent-iad6-1.xx.fbcdn.net/v/t39.30808-1/612193561_1385784586930127_8766501501849307524_n.jpg?stp=cp0_dst-jpg_tt6&cstp=mx513x511&ctp=s40x40&_nc_cat=1&ccb=1-7&_nc_sid=2d3e12&_nc_ohc=jjMlUL_Ip04Q7kNvwGjAedM&_nc_oc=AdoDHNmf1yXvJlDZqYdVkk1wcEXYzhPtx-XOJY9ExPG-s0ZxCQ_BFHIpVNpoKu7scU4&_nc_zt=24&_nc_ht=scontent-iad6-1.xx&_nc_gid=ck_M6CeTx3BQKS-gsA032Q&_nc_ss=7c2a8&oh=00_AQB4blBMtnGHf99a8qAZsjhFzgieK9zF5zHhGRHftQAUXg&oe=6A600EDC","https://www.facebook.com/abscbnNEWS","174","10151717277545168","A video footage of how the storm surge and raging flood waters devastated downtown Tacloban just minutes after strong rains and winds battered the city.","2500",,"2500","698","1384000157000","https://www.facebook.com/abscbnNEWS/posts/10151717277545168"
"No photo description available.","10152108285798072","photo","https://www.facebook.com/photo/?fbid=10152108285798072&set=a.817932113024705",,,,,,,,,,,,,,,,,"100044237704563","I Love Jesus, by iLoveJesusonline.com","https://scontent-iad6-1.xx.fbcdn.net/v/t39.30808-1/355876565_817932139691369_5044030547789380176_n.jpg?stp=cp0_dst-jpg_tt6&cstp=mx180x180&ctp=s40x40&_nc_cat=107&ccb=1-7&_nc_sid=2d3e12&_nc_ohc=OKsrygvxHgEQ7kNvwGZxjQh&_nc_oc=AdpEHjzzaN8GbyaZfgCKCMMJVQx7IuKqWA18SMDFOhho5DLi8ICTZbN8JabzapuMrsM&_nc_zt=24&_nc_ht=scontent-iad6-1.xx&_nc_gid=ck_M6CeTx3BQKS-gsA032Q&_nc_ss=7c2a8&oh=00_AQCQp1L_LbPXKoPHilGxMivTTAXmVGMZLTaT4JnyhSk-0Q&oe=6A6016F1","https://www.facebook.com/ilovejesusonline","180","10152108285798072","10 Prayers to Fight Discouragement

Don't let discouragement get the best of you. Take a deep breath and flood your heart with these 10 prayers to ward off the heaviness... 

READ MORE ► http://r.beliefnet.com/10prrsdiscILJO","8118","1","8119","174","1384171200000","https://www.facebook.com/photo.php?fbid=10152108285798072&set=a.817932113024705&type=3"
"No photo description available.","611605135562781","photo","https://www.facebook.com/photo/?fbid=611605135562781&set=a.482280153937319",,,,,,,,,,,,,,,,,"100064660150869","Concept One Wheels - Philippines","https://scontent-iad3-2.xx.fbcdn.net/v/t39.30808-1/455280040_886851653480165_5027845409142659170_n.jpg?stp=cp0_dst-jpg_tt6&cstp=mx1500x1500&ctp=s40x40&_nc_cat=111&ccb=1-7&_nc_sid=2d3e12&_nc_ohc=pXgHFc_DkeQQ7kNvwHabkJD&_nc_oc=AdqX6jJ5pBl2GpX2P9Y8vxbHCieZp6TXPZIm7jHdJ_piUA2OBmfR4CiHhze6JxEBeCQ&_nc_zt=24&_nc_ht=scontent-iad3-2.xx&_nc_gid=ck_M6CeTx3BQKS-gsA032Q&_nc_ss=7c2a8&oh=00_AQBdnTQ7aW6KhWE7Us84b0vdT-MbGWSHB88XwEz534B-pg&oe=6A603089","https://www.facebook.com/conceptonewheels.ph","9","611605135562781","Flood gear.","247",,"247","9","1383897728000","https://www.facebook.com/photo.php?fbid=611605135562781&set=a.482280153937319&type=3"
"No photo description available.","10151713505210168","photo","https://www.facebook.com/photo/?fbid=10151713505210168&set=a.10151713505115168",,,,,,,,,,,,,,,,,"100064957951102","ABS-CBN News","https://scontent-iad6-1.xx.fbcdn.net/v/t39.30808-1/612193561_1385784586930127_8766501501849307524_n.jpg?stp=cp0_dst-jpg_tt6&cstp=mx513x511&ctp=s40x40&_nc_cat=1&ccb=1-7&_nc_sid=2d3e12&_nc_ohc=jjMlUL_Ip04Q7kNvwGjAedM&_nc_oc=AdoDHNmf1yXvJlDZqYdVkk1wcEXYzhPtx-XOJY9ExPG-s0ZxCQ_BFHIpVNpoKu7scU4&_nc_zt=24&_nc_ht=scontent-iad6-1.xx&_nc_gid=ck_M6CeTx3BQKS-gsA032Q&_nc_ss=7c2a8&oh=00_AQB4blBMtnGHf99a8qAZsjhFzgieK9zF5zHhGRHftQAUXg&oe=6A600EDC","https://www.facebook.com/abscbnNEWS","94","10151713505210168","Flooded river in Trinidad, Bohol #yolandaPH (Photo by Dexter Ganibe, DZMM)","432",,"432","202","1383877078000","https://www.facebook.com/photo.php?fbid=10151713505210168&set=a.10151713505115168&type=3"
,,,,,,,,,,,,,,,,,,,,"100067395671637","Choose Philippines","https://scontent-iad6-1.xx.fbcdn.net/v/t39.30808-1/347815549_232056362867338_8638454281648740897_n.jpg?stp=cp0_dst-jpg_tt6&cstp=mx960x960&ctp=s40x40&_nc_cat=107&ccb=1-7&_nc_sid=2d3e12&_nc_ohc=6G5AMSRmgJcQ7kNvwHbjdrJ&_nc_oc=Adqnb735lbPIm-ws2u5LDHWYLVxUQvO49i1UOUSArm-eEKgM-kS7AjHqdrJSJQtKJFI&_nc_zt=24&_nc_ht=scontent-iad6-1.xx&_nc_gid=9mvUr1fkyLsAQL7jxHSL3Q&_nc_ss=7c2a8&oh=00_AQAfC41FEDF009KbGk4hiVGiTU0ItjNtaMcaTpiIKhZ7Bw&oe=6A600B2B","https://www.facebook.com/ChoosePhilippinesOfficial","44","596714493699175","Via Dost_pagasa: 

Rainfall Advisory No. 14 #MPRSD
Weather System: Typhoon ""#YolandaPH""
Issued at: 1:00 PM, 08 November 2013 (Friday)

Moderate to heavy #rains affecting portions of #Maguindanao, #Basilan, #Sulu, #Tawi-tawi and #ZamboangaPeninsula which may continue for the next 2-3 hours.

Meanwhile, light to moderate #rains affecting #SurigaoDelNorte, #SurigaoDelSur, #AgusanDelNorte, #MisamisOriental, #Camiguin, #LanaoDelNorte, #MisamisOccidental, #LanaoDelSur, #Bukidnon and #AgusanDelSur which may persist for the next 2-3 hours.

• FLOODING is possible in low lying areas and LANDSLIDES in mountainous areas.

• The public and the disaster risk reduction and management council concerned are advised to MONITOR the weather condition and watch for the next advisory.","770",,"770","184","1383886955000","https://www.facebook.com/ChoosePhilippinesOfficial/posts/pfbid02KXtDQq9kjDH6uMrPAvrn41BTJtb2VZxhzcmYH6TzMT2yKHeEPiYgBFG68uWpg1WFl"
"No photo description available.","384970021633396","photo","https://www.facebook.com/photo/?fbid=384970021633396&set=a.481904650647216",,,,,,,,,,,,,,,,,"100064830545254","Wanna Fact PH","https://scontent-iad6-1.xx.fbcdn.net/v/t39.30808-1/288875513_2621990454597997_3186309028884259231_n.jpg?stp=cp0_dst-jpg_tt6&cstp=mx1469x1469&ctp=s40x40&_nc_cat=107&ccb=1-7&_nc_sid=2d3e12&_nc_ohc=3k3qXlpZiFUQ7kNvwHtu43c&_nc_oc=Adrf4BXDps5wswIrGSBB9-frQSo14FEkxTJYGYk5D5HVwvaF87dVEwYm1H_LwFb-cWQ&_nc_zt=24&_nc_ht=scontent-iad6-1.xx&_nc_gid=9mvUr1fkyLsAQL7jxHSL3Q&_nc_ss=7c2a8&oh=00_AQA53fTs7Oi0m4-S39TIPcqqz4EuTzFgF4iqlsiQMS7atw&oe=6A602B5E","https://www.facebook.com/wannafactph","20","384970021633396","Typhoon # 8: Typhoon Nina

Typhoon Nina happened in 1975. It hit China and smashed the Banqiao Dam and caused a great flood destroying almost 100,000 people in the country, a natural disaster that defaced the world’s most populous country in just a couple of days. 



-Aiolos","103",,"103","10","1383916591000","https://www.facebook.com/photo.php?fbid=384970021633396&set=a.481904650647216&type=3"
"No photo description available.","10152585974292355","photo","https://www.facebook.com/photo/?fbid=10152585974292355&set=a.248666833932966",,,,,,,,,,,,,,,,,"100063689535659","TomasinoWeb","https://scontent-iad6-1.xx.fbcdn.net/v/t39.30808-1/660369583_1555022719964031_3902985567325866066_n.jpg?stp=cp0_dst-jpg_tt6&cstp=mx1500x1500&ctp=s40x40&_nc_cat=1&ccb=1-7&_nc_sid=2d3e12&_nc_ohc=zZ2_qEYv5xQQ7kNvwGeebkj&_nc_oc=AdrUud1AZ6yCMKcHl1M9zV4e2gMFGU7y3F4AN2c4EXvUk7GruJQzJ6RhSEuwL9aNk6A&_nc_zt=24&_nc_ht=scontent-iad6-1.xx&_nc_gid=9mvUr1fkyLsAQL7jxHSL3Q&_nc_ss=7c2a8&oh=00_AQAoxK6LnwOuO8pjuPE0KcgT9AcwsoVuyTHUsrnck70xfg&oe=6A601B0B","https://www.facebook.com/TomasinoWeb","0","10152585974292355","No wind so strong nor flood so deep can blow or drown our faith. Stay strong Philippines.

#PrayForThePhilippines #YolandaPH
Poster by Howard Humphrey P. Litan
© TomasinoWeb","197",,"197","35","1383995947000","https://www.facebook.com/photo.php?fbid=10152585974292355&set=a.248666833932966&type=3"
,,,,,,,,,,,,,,,,,,,,"100044588252545","Papa Obet","https://scontent-iad3-1.xx.fbcdn.net/v/t39.30808-1/452448975_1053747392788193_3145689754944011321_n.jpg?stp=c47.62.883.883a_cp0_dst-jpg_tt6&cstp=mx883x883&ctp=s40x40&_nc_cat=101&ccb=1-7&_nc_sid=2d3e12&_nc_ohc=sU_F5saUwdgQ7kNvwGhXp1T&_nc_oc=Ado18lkJPVzEt1zzOgOi43zosnD_O5RBY2tFviFPZdbq2Qqf5HxWsKcXjCBIsL7RuHQ&_nc_zt=24&_nc_ht=scontent-iad3-1.xx&_nc_gid=9mvUr1fkyLsAQL7jxHSL3Q&_nc_ss=7c2a8&oh=00_AQC9JqGL03Uy65_2yrDIZHoP0kZqO0rgYRwe_xfawtpOYw&oe=6A600D0C","https://www.facebook.com/papaobet","58","624378237604801","Pasensya na sa mga messages na hindi ko nabasa, dami po eh, na-flood ako.. salamat sa lahat.. salamat sayo.. godbless u","195",,"195","0","1383928261000","https://www.facebook.com/papaobet/posts/pfbid02hQMngpQ3k59i7BfmvWTijoo2qTZnX4rTr5hh1ouCBJSezqUfBBjJ8rfWEUrun7ftl"
,,,,,,,,,,,,,,,,,,,,"100064719757207","Light TV","https://scontent-iad6-1.xx.fbcdn.net/v/t39.30808-1/599129504_1316254407208539_4469441414152812266_n.jpg?stp=cp0_dst-jpg_tt6&cstp=mx2048x2048&ctp=s40x40&_nc_cat=107&ccb=1-7&_nc_sid=2d3e12&_nc_ohc=HWrIs21vkCMQ7kNvwEBWjU2&_nc_oc=Ado-HLGUvBonJ4EF6vEp2usRf1bZkSZLTdU0fEQafVPXVi8lcD6PYrZQ71DggKVWwyY&_nc_zt=24&_nc_ht=scontent-iad6-1.xx&_nc_gid=9mvUr1fkyLsAQL7jxHSL3Q&_nc_ss=7c2a8&oh=00_AQAccZl8vIfH5cIgdO5w9MUfZfLHbNkesU7ykVe4TUK3Sw&oe=6A603AB4","https://www.facebook.com/lighttvphofficial","5","634655569918433","""And when the oceans rise and thunders roar, I will soar with you above the storm. Father, You are King over the flood. I will be still know You are God.""

Jesus is greater than any storm. Let's continue to pray for our loved ones safety.","106",,"106","28","1383887566000","https://www.facebook.com/lighttvphofficial/posts/pfbid02EETUpKaBNRdeTuu4LwPre5zjaBUfbo5DEfyLxnCyKr7oP3s7wYE1zc2bhMMwivNbl"
"No photo description available.","694691450555550","photo","https://www.facebook.com/photo/?fbid=694691450555550&set=a.558069309687610",,,,,,,,,,,,,,,,,"100064536376278","Discounted Homes Of Pinoy","https://scontent-iad3-1.xx.fbcdn.net/v/t39.30808-1/612284990_1317733037054563_5337781194915425628_n.jpg?stp=cp0_dst-jpg_tt6&cstp=mx1024x1024&ctp=s40x40&_nc_cat=101&ccb=1-7&_nc_sid=2d3e12&_nc_ohc=rmLLmvb8jcgQ7kNvwHy_kMP&_nc_oc=Ado478FYzHzrvV-prb7_igOfwDwYphaWAJeblMossCbrg5X_YBjyCqBKQ_UvTWsCld8&_nc_zt=24&_nc_ht=scontent-iad3-1.xx&_nc_gid=9mvUr1fkyLsAQL7jxHSL3Q&_nc_ss=7c2a8&oh=00_AQDIVQk23XGrGEQbz3O9HR9EFm2mvnmlQFe5374eqW9ypA&oe=6A6016EF","https://www.facebook.com/DiscountedHomesOfPinoy4","65","694691450555550","....READY FOR OCCUPANCY & PRESELLING AVAILABLE!....
15-20MIN AWAY FRM MALL OF ASIA & NAIA 
30MIN AWAY FRM MANLA/30MIN AWAY FRM ORTIGAS

SMART: 0908-17-34-199 GLOBE: 0916-33-41-762 
VIBER/TANGO:+63-906-334-1469 FREE TRIPPING DAILY~MS.ZAY

40%OFF RESERVATION FEE! 100% NO FLOOD NO FAULTLINE!
______________________________________
A. 23K/MO-ALEXANDRA DETACH(RESERVE THIS FOR 12K ONLY)
W/TILES, 4BR, 3CR, SLIDING DOORS/WINDOW, ROOF TILED, 3GARAGE, BALCONY, 120LOT AREA, 100FLOOR AREA.

TOTAL PRICE:2,933,280(TITLE TRANSFER, INSURANCE INCLUDED)
DOWNPAYMENT: 346,660.00/15 MONTH TO PAY=23K/MONTH
MONTHLY AMORTIZATION :20YRS= 23K/MONTH
______________________________________
B. 15K/MO-MARGARETE DETACH (RESERVE THIS FOR 12K ONLY)
W/TILES, 3BR, 3CR, SLIDING DOORS/WINDOW, ROOF TILED, 3GARAGE, 100LOT AREA, 72FLOOR AREA

TOTAL PRICE:2,116,800 (TITLE TRANSFER,INSURANCE INCLUDED)
DOWNPAYMENT:244,600/15 MONTH TO PAY=15K/MONTH
MONTHLY AMORTIZATION: 20YRS = 15K/MONTH
______________________________________
C. 10K/MOS-DIANA TOWNHOUSE(RESERVE THIS FOR 12K ONLY)
3BEDROOM, 2CR, 2GARAGE. LAUNDRY AREA, W/BALCONY. PROVISION FOR DIRTY KITCHEN, LAUNDRY AREA. 60SQ FLOOR AREA, 50SQ LOT AREA.

TOTAL PRICE:1,350,000(TITLE TRANSFER, INSURANCE INCLUDED)
DOWNPAYMENT:158,750.00/15 MONTH TO PAY=10K/MONTH
MONTHLY AMORTIZATION: 20YRS = 10K/MONTH
______________________________________
D. 13K/MO-SOPHIE DETACH(RESERVE THIS FOR 12K ONLY)
3BEDROOM, 2TOILET/BATH, 3GARAGE LAUNDRY AREA, DIRTY KITCHEN, 80SQ LOT AREA, FLOOR AREA 52SQ.

TOTAL PRICE:1,721,520(TITLE TRANSFER, INSURANCE INCLUDED)
DOWNPAYMENT:202,750.00/15 MONTH TO PAY=13K/MONTH
MONTHLY AMORTIZATION: 20YRS = 13K/MONTH
______________________________________
ADD: IMUS CAVITE. 15MIN AWAY FRM MALL OF ASIA & 
18-20MIN AWAY FRM NAIA.     
LIKE THIS PAGE TO SEE MORE OF OUR HOUSE ON PROMO
www.facebook.com/affordablehouses
PLEASE ADD US IN YOUR FB ACCOUNT 
www.facebook.com/lizle.ong.520","453",,"453","29","1383986662000","https://www.facebook.com/photo.php?fbid=694691450555550&set=a.558069309687610&type=3"
,,,,,,,,,,,,,,,,,,,,"100064616655120","Philippine Star","https://scontent-iad6-1.xx.fbcdn.net/v/t39.30808-1/341858556_918415572727450_374717831366242673_n.jpg?stp=cp0_dst-jpg_tt6&cstp=mx1000x1000&ctp=s40x40&_nc_cat=1&ccb=1-7&_nc_sid=2d3e12&_nc_ohc=g5LUxtqmcMcQ7kNvwF96_8-&_nc_oc=AdoYokF9udVABHhu9eTFjtdYbHPabr7y6ZCtNqw2j69TnrRucuH7W88kQl3168vj3Ps&_nc_zt=24&_nc_ht=scontent-iad6-1.xx&_nc_gid=8UiLI79xw4FARCfMx8THxQ&_nc_ss=7c2a8&oh=00_AQCD8IhbWb3-9mry7AoHK4e6FtSDuMr-3eNisj8T8lfBXg&oe=6A6021C0","https://www.facebook.com/PhilippineSTAR","82","251933651626990","Capiz PDRRMC, Roxas City CDRRMC is requesting if the following status could be forwarded to NDRRMC:
- no contact with all mayors, including action officers
- most gasoline stations are closed; likewise with water refilling stations
- most areas no water supply
- total blackout
- no pubic utility jeepneys/tricycles are operating in Roxas City
- many homes totally/partially damaged
-many govt offices also sustained damages
- no wifi connection, no charging stations for cellular phones, no globe connection, Smart limited, erratic connection
-many electric posts/fallen trees make travel to and from Roxas City difficult
-clearing operation in Roxas City ongoing
- water level in Cuartero level rising, people in first district alerted of flooding [via PIA Western Visayas]","310",,"310","546","1383964754000","https://www.facebook.com/PhilippineSTAR/posts/pfbid02R3m55gQjm73JAkW7BgJxYGbWKD6kkvurDfzcKTnChug6vGQvT7PrB75HpYekNDbJl"
,,,,,,,,,,,,,,,,,,,,"27254475167","ABS-CBN News","https://scontent-iad6-1.xx.fbcdn.net/v/t39.30808-1/612193561_1385784586930127_8766501501849307524_n.jpg?stp=cp0_dst-jpg_tt6&cstp=mx513x511&ctp=s40x40&_nc_cat=1&ccb=1-7&_nc_sid=2d3e12&_nc_ohc=jjMlUL_Ip04Q7kNvwGjAedM&_nc_oc=AdoDHNmf1yXvJlDZqYdVkk1wcEXYzhPtx-XOJY9ExPG-s0ZxCQ_BFHIpVNpoKu7scU4&_nc_zt=24&_nc_ht=scontent-iad6-1.xx&_nc_gid=8UiLI79xw4FARCfMx8THxQ&_nc_ss=7c2a8&oh=00_AQB8eaKULB38dzs2nRWcXkS3t_29s2P3SaitfEK1LiXe_g&oe=6A600EDC","https://www.facebook.com/abscbnNEWS","59","10151714943875168","Typhoon 'Yolanda' caused flooding, ravaged houses in quake-hit Bohol. #YolandaPH","1566",,"1566","180","1383919851000","https://www.facebook.com/abscbnNEWS/posts/10151714943875168"
,,,,,,,,,,,,,,,,,,,,"100064849864375","DOST-PAGASA","https://scontent-iad6-1.xx.fbcdn.net/v/t39.30808-1/487303686_1099355335569452_7045424019269009221_n.png?stp=cp0_dst-png&cstp=mx1001x1001&ctp=s40x40&_nc_cat=1&ccb=1-7&_nc_sid=2d3e12&_nc_ohc=8-rGnn6nM6QQ7kNvwF_Stmr&_nc_oc=AdqyVhbZqCUZsdY_E4JtVUNeIWg1KhG0JRPtYD_Piij6rMyuMhB_QRyY0q6V7elTeOE&_nc_zt=24&_nc_ht=scontent-iad6-1.xx&_nc_gid=8UiLI79xw4FARCfMx8THxQ&_nc_ss=7c2a8&oh=00_AQAZZEpxJczuZIWulmaq8Dc00lrnEx1AJ3OslYdTC-k40g&oe=6A60381F","https://www.facebook.com/PAGASA.DOST.GOV.PH","86","479372548839326","Rainfall Advisory No. 14 #MPRSD
Weather System: Typhoon ""#YolandaPH""
Issued at: 1:00 PM, 08 November 2013 (Friday)

Moderate to heavy #rains affecting portions of #Maguindanao, #Basilan, #Sulu, #Tawi-tawi and #ZamboangaPeninsula which may continue for the next 2-3 hours.

Meanwhile, light to moderate #rains affecting #SurigaoDelNorte, #SurigaoDelSur, #AgusanDelNorte, #MisamisOriental, #Camiguin, #LanaoDelNorte, #MisamisOccidental, #LanaoDelSur, #Bukidnon and #AgusanDelSur which may persist for the next 2-3 hours.

• FLOODING is possible in low lying areas and LANDSLIDES in mountainous areas.

• The public and the disaster risk reduction and management council concerned are advised to MONITOR the weather condition and watch for the next advisory.","253",,"253","252","1383886721000","https://www.facebook.com/PAGASA.DOST.GOV.PH/posts/pfbid02RK3qEpS5tx33RrUYRyGGk5dcXXc5CY5tNR4sut2CcwJ5ZW2bdZrJ2aDBrYDFCaBal"
,,,,,,,,,,,,,,,,,,,,"27254475167","ABS-CBN News","https://scontent-iad6-1.xx.fbcdn.net/v/t39.30808-1/612193561_1385784586930127_8766501501849307524_n.jpg?stp=cp0_dst-jpg_tt6&cstp=mx513x511&ctp=s40x40&_nc_cat=1&ccb=1-7&_nc_sid=2d3e12&_nc_ohc=jjMlUL_Ip04Q7kNvwGjAedM&_nc_oc=AdoDHNmf1yXvJlDZqYdVkk1wcEXYzhPtx-XOJY9ExPG-s0ZxCQ_BFHIpVNpoKu7scU4&_nc_zt=24&_nc_ht=scontent-iad6-1.xx&_nc_gid=8UiLI79xw4FARCfMx8THxQ&_nc_ss=7c2a8&oh=00_AQB8eaKULB38dzs2nRWcXkS3t_29s2P3SaitfEK1LiXe_g&oe=6A600EDC","https://www.facebook.com/abscbnNEWS","181","10151717059525168","Tacloban City in Leyte felt the wrath of super typhoon ""Yolanda,"" with storm surges wiping out houses and flooding many areas in the city.","2173",,"2173","604","1383988585000","https://www.facebook.com/abscbnNEWS/posts/10151717059525168"
,,,,,,,,,,,,,,,,,,,,"100064849864375","DOST-PAGASA","https://scontent-iad6-1.xx.fbcdn.net/v/t39.30808-1/487303686_1099355335569452_7045424019269009221_n.png?stp=cp0_dst-png&cstp=mx1001x1001&ctp=s40x40&_nc_cat=1&ccb=1-7&_nc_sid=2d3e12&_nc_ohc=8-rGnn6nM6QQ7kNvwF_Stmr&_nc_oc=AdqyVhbZqCUZsdY_E4JtVUNeIWg1KhG0JRPtYD_Piij6rMyuMhB_QRyY0q6V7elTeOE&_nc_zt=24&_nc_ht=scontent-iad6-1.xx&_nc_gid=8UiLI79xw4FARCfMx8THxQ&_nc_ss=7c2a8&oh=00_AQAZZEpxJczuZIWulmaq8Dc00lrnEx1AJ3OslYdTC-k40g&oe=6A60381F","https://www.facebook.com/PAGASA.DOST.GOV.PH","85","478054512304463","Heavy Rainfall Warning No. 05 #VPRSD

Weather System: Typhoon “#YolandaPH” 

Issued at: 10:00 AM, 08 November 2013 (Friday)

RED: Northern portion of #NegrosOccidental and #NegrosOriental

• SERIOUS FLOODING is expected in low lying areas and LANDSLIDES in mountainous areas.

The public and the disaster risk reduction and management council concerned are advised to MONITOR the weather condition and watch for the next advisory to be issued at 1:00PM today.

• For more information and queries, please call at telephone numbers 340-4143 and 340-1868 or log on to www.pagasa.dost.gov.ph","175",,"175","206","1383876795000","https://www.facebook.com/PAGASA.DOST.GOV.PH/posts/pfbid02beHY86JZhTUhob3g4jFwGrxXxpHrEQrF1xZL8B39PoGyhXNfhoVSFow9An9n29xWl"
,,,,,,,,,,,,,,,,,,,,"100064849864375","DOST-PAGASA","https://scontent-iad6-1.xx.fbcdn.net/v/t39.30808-1/487303686_1099355335569452_7045424019269009221_n.png?stp=cp0_dst-png&cstp=mx1001x1001&ctp=s40x40&_nc_cat=1&ccb=1-7&_nc_sid=2d3e12&_nc_ohc=8-rGnn6nM6QQ7kNvwF_Stmr&_nc_oc=AdqyVhbZqCUZsdY_E4JtVUNeIWg1KhG0JRPtYD_Piij6rMyuMhB_QRyY0q6V7elTeOE&_nc_zt=24&_nc_ht=scontent-iad6-1.xx&_nc_gid=8UiLI79xw4FARCfMx8THxQ&_nc_ss=7c2a8&oh=00_AQAZZEpxJczuZIWulmaq8Dc00lrnEx1AJ3OslYdTC-k40g&oe=6A60381F","https://www.facebook.com/PAGASA.DOST.GOV.PH","80","477237785719469","Heavy Rainfall Warning No. 03 #VPRSD

Weather System: Typhoon “#YolandaPH” 

Issued at: 8:00 AM, 08 November 2013 (Friday)

RED: #Samar, #EasternSamar, #Leyte, #SouthernLeyte, #Biliran, #Bohol, #Camotes Island, Northern Cebu

• SERIOUS FLOODING is expected in low lying areas and LANDSLIDES in mountainous areas.

ORANGE: #NegrosOriental, #NegrosOccidental, #Siquijor, rest of #Cebu

• FLOODING is threatening in low lying areas and LANDSLIDES in mountainous areas.

The public and the disaster risk reduction and management council concerned are advised to MONITOR the weather condition and watch for the next advisory to be issued at 11:00AM today. 

• For more information and queries, please call at telephone numbers 340-4143 and 340-1868 or log on to www.pagasa.dost.gov.ph","207",,"207","372","1383869575000","https://www.facebook.com/PAGASA.DOST.GOV.PH/posts/pfbid02B8G5BvG3ZMWwKU3JbH2XZTV8krk7srZeiPxLZuGeTKcNACkjuNxzm9Vgf2ZrbmH3l"
,,,,,,,,,,,,,,,,,,,,"100064445723899","ANC 24/7","https://scontent-iad6-1.xx.fbcdn.net/v/t39.30808-1/609053834_1328721385952706_4253439834983056076_n.jpg?stp=cp0_dst-jpg_tt6&cstp=mx2048x2048&ctp=s40x40&_nc_cat=1&ccb=1-7&_nc_sid=2d3e12&_nc_ohc=RAU_RPiKxxgQ7kNvwGousQ2&_nc_oc=AdrboobFxZMxTOJEhmsED4dPDEc1O_aw_cXztbkDqwcwfhzongBkJiyH8mVwvGl6auM&_nc_zt=24&_nc_ht=scontent-iad6-1.xx&_nc_gid=FfyG69ed1pkCimRe8ac2uQ&_nc_ss=7c2a8&oh=00_AQDXZvKZAbXRGqFZ81JEhh10f3-VVPMii-MKWiDRyMu2zQ&oe=6A60214E","https://www.facebook.com/ANCalerts","27","10151822781068791","PAGASA 7pm: YELLOW warning for  Metro Manila, Bulacan, Bataan, Batangas, Cavite, Laguna, Quezon, Rizal. Floods possible in low-lying areas. #YolandaPH","485",,"485","178","1383912933000","https://www.facebook.com/ANCalerts/posts/pfbid026JTtSgdT5QPrucC1mas3KfDUp2mEEGXXgd9jEnAM5MEMpvicbZFyBSy5TtLrb36Gl"
,,,,,,,,,,,,,,,,,,,,"100064545555827","E-Lawyers Online","https://scontent-iad3-1.xx.fbcdn.net/v/t39.30808-1/347849188_1294345081496300_3163584471133772180_n.jpg?stp=c317.0.1144.1144a_cp0_dst-jpg_tt6&cstp=mx1144x1144&ctp=s40x40&_nc_cat=108&ccb=1-7&_nc_sid=2d3e12&_nc_ohc=YVi9fGclhp4Q7kNvwFZL4oG&_nc_oc=AdpNDrmV2l8eOJhSeCLuPp7KZgWQXH7TGXpev0rsHEA4ocxKx7gYD9NtqAElgDGTIjc&_nc_zt=24&_nc_ht=scontent-iad3-1.xx&_nc_gid=FfyG69ed1pkCimRe8ac2uQ&_nc_ss=7c2a8&oh=00_AQCKnIsXIkxC8_2TOaS5mn1xuau-4gnJYobv2GrR18Kexw&oe=6A602273","https://www.facebook.com/E.Lawyers.Online","3","660477170641984","THOUGHT FOR TODAY:

""FILIPINO SPIRIT"", defined as - indomitable and resilient attitude of fun loving, God fearing people that is earthquake proof, typhoon proof, flood proof and disaster proof, whether man-made or natural powered by videoke, basketball, adobo and all things about Filipino.""

Lets unite in helping our fellow Filipinos!

DONATE TO PHILIPPINE RED CROSS!!!! NGAYON NA!

Bank accounts for Donations to Phil. Red Cross
Banco De Oro
Peso: 00-453-0018647
Dollar: 10-453-0039482

Metrobank
Peso: 151-3-041631228
Dollar: 151-2-15100218-2

Philippine National Bank
Peso: 3752 8350 0034
Dollar: 3752 8350 0042

Unionbank of the Philippines
Peso: 1015 4000 0201
Dollar: 1315 4000 0090

All Check/Cash for the account of Philippine Red Cross (Swift Codes)
Banco De Oro
BNORPHMM

Bank of the Philippine Islands
BOPIPHMM

Metrobank
MBTCPHMM

Philippine National Bank
-PNBMPHMM

Unionbank of the Philippines
-UBPHPHMM

For your donations to be properly acknowledged, please fax the bank transaction slip at nos. +63.2.527.0575 or +63.2.404.0979 with your name, address and contact number.","104",,"104","18","1383984548000","https://www.facebook.com/E.Lawyers.Online/posts/pfbid0zkQNZ1v5KEsy3BfZxccrgH9UjTrso56UTqypHyGDsRnf4bcBAMS4mCHDdmhdrhBsl"
,,,,,,,,,,,,,,,,,,,,"100064603512663","Daily Prayer","https://scontent-iad3-1.xx.fbcdn.net/v/t39.30808-1/340014422_3563165410631614_1024226020949707337_n.jpg?stp=c0.0.180.180a_cp0_dst-jpg_tt6&cstp=mx180x180&ctp=s40x40&_nc_cat=110&ccb=1-7&_nc_sid=2d3e12&_nc_ohc=NtbqsqXlHCkQ7kNvwF59ayB&_nc_oc=AdrnKDXKzotChNO6EvRsYNNkbZZutFYvksxk6pLC9BF0SxnP50aNujx1A0JQiZA1zM0&_nc_zt=24&_nc_ht=scontent-iad3-1.xx&_nc_gid=FfyG69ed1pkCimRe8ac2uQ&_nc_ss=7c2a8&oh=00_AQCh-_a7CLK_LynLUhEzVY9aIw4kYF-f96QYNJds9xX60Q&oe=6A600FEF","https://www.facebook.com/DailyPrayer.us","24","757366454279125","Our hearts and prayers go out to our brothers and sisters in the Philippines, which has suffered a terrible storm, Typhoon Haiyan (also called Yolanda). Winds at landfall were estimated between 147 and165 mph; by comparison, the wind speed of Hurricane Sandy was about 115 mph when it hit land, and Katrina, the worst hurricane in U.S. history, less than 129 mph. Thankfully the storm was moving so fast that extreme flooding, the major cause of death in typhoons and hurricanes, did not occur and as of now, only four deaths have been reported.

100% of all donations to Daily Prayer in the month of November will be forwarded to Christian relief organizations, earmarked for help of the storm's victims.","240",,"240","46","1383936669000","https://www.facebook.com/DailyPrayer.us/posts/pfbid0fpJ8TC4CZP63C4wu4rbc6t2w1SHoL28CiN3kKh91ehnaqpcKF5BD2YEo84TgjCNBl"
,,,,,,,,,,,,,,,,,,,,"100064259756699","SM City San Lazaro","https://scontent-iad6-1.xx.fbcdn.net/v/t39.30808-1/293414497_5651147818249582_2071104014231297181_n.jpg?stp=cp0_dst-jpg_tt6&cstp=mx960x960&ctp=s40x40&_nc_cat=102&ccb=1-7&_nc_sid=2d3e12&_nc_ohc=3tkyfac--tcQ7kNvwFoOG9-&_nc_oc=AdqsIrp9tE-hhmQllUqBs4AgzhZH34pFuYqrbz6WvhSBq19188k3IOx1ubZBE-ZKPQI&_nc_zt=24&_nc_ht=scontent-iad6-1.xx&_nc_gid=FfyG69ed1pkCimRe8ac2uQ&_nc_ss=7c2a8&oh=00_AQD8NHXR-dP3msiDzzRcJebAx8wo2TKNPwBtd7SAECaTPA&oe=6A603C76","https://www.facebook.com/SMCitySanLazaro","1","666550826709331","Emergency hotline numbers

MMDA Flood Control – 882-4177, 882-0925
Parañaque DPOS – 829-2056
Manila Traffic Hotline – 527-3087
Cainta Traffic Hotline – 646-0044, 655-7368 loc. 164
Las Piñas Traffic – 874-5756, 874-3957, 874-3927
Mandaluyong Hotline – 534-2993
Taguig Traffic – 838-4301 loc. 7112
Marikina STOC – 646-1651
Pasig Traffic – 643-0000, 724-5813

Makati Public Safety Dept – 844-3146, 819-3270","70",,"70","23","1383893166000","https://www.facebook.com/SMCitySanLazaro/posts/pfbid02edVXpHg2FdpKy1R8japw47gRBCRwNRwtvcUX2bVZHCrVBaRAX9P6WqxGqqasixz2l"
"No photo description available.","721803061182187","photo","https://www.facebook.com/photo/?fbid=721803061182187&set=a.578644403622383",,,,,,,,,,,,,,,,,"100044304855549","Vic Sotto","https://scontent-iad3-2.xx.fbcdn.net/v/t39.30808-1/434319981_949675149852638_6324752817586491417_n.jpg?stp=cp0_dst-jpg_tt6&cstp=mx1125x1125&ctp=s40x40&_nc_cat=103&ccb=1-7&_nc_sid=2d3e12&_nc_ohc=2wriV0bu9i0Q7kNvwGeMxHJ&_nc_oc=AdrVJvwMw4_txqZwENuC53WrDxb0V_mhrG7gNDXA8R24BLuOVWyTsQhbqctStsuu8K4&_nc_zt=24&_nc_ht=scontent-iad3-2.xx&_nc_gid=FfyG69ed1pkCimRe8ac2uQ&_nc_ss=7c2a8&oh=00_AQBQZmwOAtqUKNd9bYPI4kukC3JZnWgD0tiIS2KnZLG_ng&oe=6A60071C","https://www.facebook.com/OfficialVicSotto","22","721803061182187","Like : Vic Sotto

Mga Paalala sa mga Uuwi ng Pilipinas Budget. Oo nga naman. Plan it. Work within your limit. Yung iba kasi one day millionaire, 29 days broke. Hindi na uso ang pasikat. Sarili mo lang lolokohin mo. Mamigay ka ng pasalubong kung kaya mo, kung hindi, wag na. Wala ka naman responsibilidad sa mga kamag-anak at kaibigan mo. Wag tumunganga sa duty free at mamili ng mamili ng alak at tsokolate. Kung kaya mo mag-abroad, kaya din nila. Hindi ka naman nagwawalis ng dolyar di ba? Wag magdala ng madaming gadget just to show off. Yung madalas na party at painom, iwasan mo na. Isipin mo, hindi habang buhay ang abroad. Tatanda ka din at uuwi. Matutong mag-save for the future. Mag-negosyo habang me trabaho. Fallback ang tawag doon. Ang simpleng bahay ok na yun. Di na din uso ang bonggang bahay baka ibenta mo lang yan pagdating ng panahon. Mag pondar para me maipakitang nag-abroad ka. Para sa sariling satisfaction yan hindi sa kapitbahay mo. Kung me uutang sa yo pambili ng kotse o pang down ng bahay, aba, bakit? Hindi ka naman bumuo ng isa pang pamilya. Mahirap magpautang sa panahon ngayon. Ibigay ang kayang ipamigay pero isiping mabuti. Yung iba kasi namamantala lang. Mabuti nang isiping madamot ka kesa magkaroon ng kaaway dahil sa utang. Iwas sakit ulo din yan, kabayanl. Rest. Matulog at magpahinga kasi 12 hours ang duty mo araw-araw sa trabaho. Siguro madami kang kaibigan. Everyone wants to see you pero ilaan ang bakasyon sa pahinga at bonding sa pamilya. Mas importante yun. One year ka nawala, yung iba, 2 years o mahigit. Ang bonding sa pamilya, hindi sa barkada. Umuwi ka for them. Hintayin mong mapagod sila sa yo, then set to see your friends. Pamper yourself. Visit the doctor for medical check-up, pati na dentist. Isipin mo katawan mo. Pag me mangyari sa yo, paano na pamilya mo? Wag mo isipin yung pambayad. Importante to. Kung me pambili ka ng ipad para lang me maipagyabang sa facebook, meron ka din dapat pampa-check up. Magpa-facial at massage din kung me extra. Yung kalyo mo, pa-foot spa mo na din. Pa foot spa ang kalyo? Kung kailangan mong magpa-rebond, just do it. Bangs? Uso pa ba yun? Go! You deserve it. $40 dollars din ang masahe sa Base. Ang gupit $6. E 500 pesos me masahe, facial at gupit ka na. Isang taon ka din nakikipag-patintero sa rocket attack, siguro naman hindi kalabisan ang i-pamper ang sarili. Have fun. Sabi ng DOT, it’s more fun in the Philippines. Wala nang hihigit pang fun than to be with your family but have fun within your limit. Ikaw din naman ang kakayod kung maubos ang baon mong pera. Saktong tama lang sabi nga ng commercial sa tv para masaya. Kung me kulang pa ang mga paalalang to, dagdagan mo lang. Enjoy your vacation, kabayan. You deserve it!

Sayang yung rent na binabayad mo mag rent to own ka na
100% FLood Free Monthly Start at :10k 
Reserve Now Pay Later Installment Din ang downpayment :)
Inquire na : Facebook Account www.FB.com/cavitemyhomes.lancaster","207",,"207","140","1383991240000","https://www.facebook.com/photo.php?fbid=721803061182187&set=a.578644403622383&type=3"
"No photo description available.","182271688629906","photo","https://www.facebook.com/photo/?fbid=182271688629906&set=a.644018510624056",,,,,,,,,,,,,,,,,"100050477380217","Honesto","https://scontent-iad3-2.xx.fbcdn.net/v/t39.30808-1/308953237_644018543957386_8395390093647645694_n.jpg?stp=cp0_dst-jpg_tt6&cstp=mx495x500&ctp=p40x40&_nc_cat=103&ccb=1-7&_nc_sid=2d3e12&_nc_ohc=xnC5t3TXE38Q7kNvwGhUD9l&_nc_oc=AdqOF-wQjSmqQCto3pUdmanlE7524NRMFRj5OzZ0_fvnVAeEEqwnhzCFY78y6---KNs&_nc_zt=24&_nc_ht=scontent-iad3-2.xx&_nc_gid=FfyG69ed1pkCimRe8ac2uQ&_nc_ss=7c2a8&oh=00_AQBQ9-PqcTedtfdzQbHkjifssnrud7h_jlxw-yMe_aMfOw&oe=6A60310B","https://www.facebook.com/Honesto.Cute","185","182271688629906","Dear God, protect the Philippines from the Storm and Floods. Amen!! 

Please don't scroll past this without typing ""Amen!!!"" because your Amens work!! 
 
and like >> Unlimited","1360",,"1360","50","1383938605000","https://www.facebook.com/photo.php?fbid=182271688629906&set=a.644018510624056&type=3"
,,,,,,,,,,,,,,,,,,,,"100064545555827","E-Lawyers Online","https://scontent-iad3-1.xx.fbcdn.net/v/t39.30808-1/347849188_1294345081496300_3163584471133772180_n.jpg?stp=c317.0.1144.1144a_cp0_dst-jpg_tt6&cstp=mx1144x1144&ctp=s40x40&_nc_cat=108&ccb=1-7&_nc_sid=2d3e12&_nc_ohc=YVi9fGclhp4Q7kNvwFZL4oG&_nc_oc=AdpNDrmV2l8eOJhSeCLuPp7KZgWQXH7TGXpev0rsHEA4ocxKx7gYD9NtqAElgDGTIjc&_nc_zt=24&_nc_ht=scontent-iad3-1.xx&_nc_gid=s2P9xFiKF31Z9NhUOvSWxQ&_nc_ss=7c2a8&oh=00_AQAFCZnem3ia87fBqDVc56KYA8EHt5OHmbrT0VnOXOkwdA&oe=6A602273","https://www.facebook.com/E.Lawyers.Online","1","660373673985667","THOUGHT FOR TODAY:

""FILIPINO SPIRIT"", defined as - indomitable and resilient attitude of fun loving, God fearing people that is  earthquake proof, typhoon proof, flood proof and disaster proof, whether man-made or natural powered by videoke, basketball, adobo and all things about Filipino.""

Lets unite in helping our fellow Filipinos!","196",,"196","23","1383965303000","https://www.facebook.com/E.Lawyers.Online/posts/pfbid02cHdocAnPMv5dVSRYj6PUDvuxCbaSP5f76qhYVFdiWXY8sq2stEQEzbVvCBUz14bUl"
"May be an image of text","480399738736607","photo","https://www.facebook.com/photo/?fbid=480399738736607&set=a.365711365600523",,,,,,,,,,,,,,,,,"100064849864375","DOST-PAGASA","https://scontent-iad6-1.xx.fbcdn.net/v/t39.30808-1/487303686_1099355335569452_7045424019269009221_n.png?stp=cp0_dst-png&cstp=mx1001x1001&ctp=s40x40&_nc_cat=1&ccb=1-7&_nc_sid=2d3e12&_nc_ohc=8-rGnn6nM6QQ7kNvwF_Stmr&_nc_oc=AdqyVhbZqCUZsdY_E4JtVUNeIWg1KhG0JRPtYD_Piij6rMyuMhB_QRyY0q6V7elTeOE&_nc_zt=24&_nc_ht=scontent-iad6-1.xx&_nc_gid=s2P9xFiKF31Z9NhUOvSWxQ&_nc_ss=7c2a8&oh=00_AQC00p6IyK75Kjki6iN7hlepH4Yu1TC1Cdr-myjd6Qloog&oe=6A60381F","https://www.facebook.com/PAGASA.DOST.GOV.PH","67","480399738736607","Heavy Rainfall Warning No. 04 #NCR_PRSD

Weather System: Typhoon “#YolandaPH” 

Issued at: 01:00 AM, 09 November 2013 (Saturday)

YELLOW: # Zambales, #NuevaEcija, #Tarlac, and #Quezon (Gen. Nakar & Infanta)

• POSSIBLE FLOODING in low lying areas.

The public and the disaster risk reduction and management council concerned are advised to MONITOR the weather condition and watch for the next advisory to be issued at 04:00 AM today. 

• For more information and queries, please call at telephone numbers 927-1335 and 927-2877 or log on to www.pagasa.dost.gov.ph","107",,"107","86","1383931604000","https://www.facebook.com/photo.php?fbid=480399738736607&set=a.365711365600523&type=3"
"No photo description available.","455486057894500","photo","https://www.facebook.com/photo/?fbid=455486057894500&set=a.218603307041076",,,,,,,,,,,,,,,,,"100066742234299","It's more fun in FEU","https://scontent-iad3-1.xx.fbcdn.net/v/t39.30808-1/251962001_218603340374406_7530850879225034670_n.jpg?stp=c0.0.637.637a_cp0_dst-jpg_tt6&cstp=mx637x637&ctp=s40x40&_nc_cat=110&ccb=1-7&_nc_sid=2d3e12&_nc_ohc=wpj4C-2HZyQQ7kNvwHKeek8&_nc_oc=AdrVMZ0_9mhgzQfrTt13UQ60R0h77qaiePrUjonoUzqxytME7jBGoc3EIijQx69uTXc&_nc_zt=24&_nc_ht=scontent-iad3-1.xx&_nc_gid=s2P9xFiKF31Z9NhUOvSWxQ&_nc_ss=7c2a8&oh=00_AQDTvkIcibS9eYU8j8gXztufbnsq56eNN-cit_HnuUkpKQ&oe=6A60302A","https://www.facebook.com/profile.php?id=100066742234299","30","455486057894500","Philippines we are United. Let us pause for a while and start our Prayer Brigade for Super Typhoon Yolanda as 21 Areas in the Philippines are experiencing Storm Signal no. 4

Please type ""Amen"" as Our Almighty God will Hear our prayers and intentions.


Living God, our refuge and strength, 
even the wind and sea obey your voice.
Put the wind back in its place, 
and say to the sea: Peace! Be still! 
Fill us with great faith,
and save us from the surging water,
so that we may tell the good news of your saving love;
through Jesus Christ, our hope in the storm.

Holy One, you are our comfort and strength
in times of sudden disaster, crisis, or chaos.
Surround us now with your grace and peace
through storm or earthquake, fire or flood.
By your Spirit, lift up those who have fallen,
sustain those who work to rescue or rebuild,
and fill us with the hope of your new creation;
through Jesus Christ, our rock and redeemer.

Amen.

It's more fun in FEU <3","99",,"99","3","1383919075000","https://www.facebook.com/photo.php?fbid=455486057894500&set=a.218603307041076&type=3"
"No photo description available.","622619531112572","photo","https://www.facebook.com/photo/?fbid=622619531112572&set=a.675538573947381",,,,,,,,,,,,,,,,,"100044737320314","Tibok ng mga PuSo","https://scontent-iad3-2.xx.fbcdn.net/v/t39.30808-1/310055898_675538597280712_4199185549357695616_n.jpg?stp=cp0_dst-jpg_tt6&cstp=mx645x645&ctp=s40x40&_nc_cat=103&ccb=1-7&_nc_sid=2d3e12&_nc_ohc=OlNHAh3m0qMQ7kNvwFmvN9V&_nc_oc=AdqzdCer9va5PCmkTs5fpJIVxoYWkb7EEw2CeF2iCW9JkKl4mDt-TetgaL97I9a6mjE&_nc_zt=24&_nc_ht=scontent-iad3-2.xx&_nc_gid=s2P9xFiKF31Z9NhUOvSWxQ&_nc_ss=7c2a8&oh=00_AQC3Zb6txUiIo6FqOMRz2DnDwO9Ds2N6sMep9ANFOg7yjQ&oe=6A602B16","https://www.facebook.com/bastapusoangusapan","58","622619531112572","HEART TOUCHING STORY

Girl: I have to tell you
something…
Boy:What?
Girl: I really like you. And I…
I think I’m falling in lovE with
you.
Boy: Ok…
Girl: What do you mean “ok”?
Boy: I don’t like you like that…
Girl: Why not?
Boy: I can’t tell you… may be
another time…
From then on, the girl kept asking
the boy “Why not?”
whenever she saw him,
and he kept answering the same
answer of “I’ll tell you
later...”
Finally the girl got fed up.
Girl: I’m tired of this! Tell me
why you don’t like me!
Boy: Do you really wanna know
why?
Girl: Yes!
Boy: It’s because you’re ugly!
What’s the pointof going out with
someone when they’re not
pretty?!
Girl: But… I…
Boy: Just shut up and leave me
alone!
""The boy leaves and the girl is
sitting there alone,
crying her heart out...
Then her cell phone
rings...""
Girl: Hello?
Mom: Sweetheart... I want you
to go home,
ok? I’ll be home from
work in a few hours..
Girl: Alright Mom...
Mom: I love you...
Girl: I love you too, Mom.
Mom: Bye Bye..
Girl: Bye!
""The girl heads home and once
she got there,,
she went in the bathroom and
looked at herself in the mirror..""
Girl: I’m not pretty enough…
""She set to work, knowing fully
well what she was going to do...
2 hours later,
Her Mom came home and heard
the bath water running.
She went upstairs to find the
hallway flooded so she knocked on
the door..""
Mom: Honey?
Are you alright?
""She opened the door and was
shocked at the site..
The bath was overflowing onto
the floor,
and the water was tinted red.
She walked over to see what was
inside and screamed...
There, her little girl was lying
with cuts all over her face and
wrists..
Her Mom backed away and was
going to run to call the police
when something caughther
eye.
On the mirror, am I
pretty enough now?..""
Lesson--- No girl or boy deserves
to be told rudely like that by
someone they love..

If you don’t share this,
nothing will happen to you..
If you do, you just might save a
heart...

Please share this important
message.....

#agapita



----------more quotes like this page -------
https://www.facebook.com/pages/Kaibigan-lang-muna-tayo-ngayon-pero-akin-ka-pagdating-ng-tamang-Panahon/1387744168104241?ref=hl","186",,"186","237","1383975375000","https://www.facebook.com/photo.php?fbid=622619531112572&set=a.675538573947381&type=3"
"No photo description available.","424959817627356","photo","https://www.facebook.com/photo/?fbid=424959817627356&set=a.626409162184516",,,,,,,,,,,,,,,,,"100044463128209","Joj and Jai","https://scontent-iad6-1.xx.fbcdn.net/v/t39.30808-1/299317135_626409178851181_5901014494203449751_n.jpg?stp=cp0_dst-jpg_tt6&cstp=mx182x182&ctp=s40x40&_nc_cat=102&ccb=1-7&_nc_sid=2d3e12&_nc_ohc=SMKTXDTzhiwQ7kNvwHUXo60&_nc_oc=AdpLZ89d2vMJ1y1TLA8L4pqx-uBUrL-sHjktb5noPpIBKoIbqINDlzbaStyp4f2VQo8&_nc_zt=24&_nc_ht=scontent-iad6-1.xx&_nc_gid=s2P9xFiKF31Z9NhUOvSWxQ&_nc_ss=7c2a8&oh=00_AQCiEM0h3Plhc__qX1SvG6Q3HxGgakAC1h0EiMzwgnjoWQ&oe=6A601BE2","https://www.facebook.com/PBBJojandJai","23","424959817627356","Dear God, protect the Philippines from the Storm and Floods. Amen!! 

Please don't scroll past this without typing ""Amen!!!"" because your Amens work!! 
 
and like >> Unlimited","154",,"154","3","1383938678000","https://www.facebook.com/photo.php?fbid=424959817627356&set=a.626409162184516&type=3"
"No photo description available.","652209324831935","photo","https://www.facebook.com/photo/?fbid=652209324831935&set=a.597184809108158",,,,,,,,,,,,,,,,,"100064499328015","Modernize Philippines","https://scontent-iad3-2.xx.fbcdn.net/v/t39.30808-1/344849940_258640626552892_8787509509377330694_n.jpg?stp=cp0_dst-jpg_tt6&cstp=mx600x600&ctp=s40x40&_nc_cat=103&ccb=1-7&_nc_sid=2d3e12&_nc_ohc=ruIktu0BQ6MQ7kNvwH92T3Y&_nc_oc=AdqbsCIXx6xLqkSj2fOAwk1J86CuJ1yRK_N73MrpeLuIEOetiIEhj2i2ZH7nsTimP8A&_nc_zt=24&_nc_ht=scontent-iad3-2.xx&_nc_gid=i282ysKjqSOlR8kiOQ-f9w&_nc_ss=7c2a8&oh=00_AQBBjv-esg5DbKCHzjXRk_HXbFlYcviUBqyM2S3HfgLXDw&oe=6A601D2E","https://www.facebook.com/ModernizePhilippines","5","652209324831935","Tacloban Airport in Ruins, Leyte Isolated

A view inside a damaged airport after super Typhoon Haiyan battered Tacloban city in central Philippines November 9, 2013. Possibly the strongest typhoon ever to hit land devastated the central Philippine city of Tacloban, killing at least 100 people, turning houses into rubble and leveling the airport in a surge of flood water and high wind, officials said on Saturday. 

The toll of death and damage from Typhoon Haiyan on Friday is expected to rise sharply as rescue workers and soldiers reach areas cut off by the massive, fast-moving storm which weakened to a category 4 on Saturday.

http://ph.news.yahoo.com/photos/super-storm-yolanda-haiyan-hits-the-philippines-slideshow/survivors-carry-person-killed-super-typhoon-haiyan-battered-photo-114041988.html

Shiiro","60",,"60","58","1384014772000","https://www.facebook.com/photo.php?fbid=652209324831935&set=a.597184809108158&type=3"
"No photo description available.","651996208186580","photo","https://www.facebook.com/photo/?fbid=651996208186580&set=a.597184809108158",,,,,,,,,,,,,,,,,"100064499328015","Modernize Philippines","https://scontent-iad3-2.xx.fbcdn.net/v/t39.30808-1/344849940_258640626552892_8787509509377330694_n.jpg?stp=cp0_dst-jpg_tt6&cstp=mx600x600&ctp=s40x40&_nc_cat=103&ccb=1-7&_nc_sid=2d3e12&_nc_ohc=ruIktu0BQ6MQ7kNvwH92T3Y&_nc_oc=AdqbsCIXx6xLqkSj2fOAwk1J86CuJ1yRK_N73MrpeLuIEOetiIEhj2i2ZH7nsTimP8A&_nc_zt=24&_nc_ht=scontent-iad3-2.xx&_nc_gid=i282ysKjqSOlR8kiOQ-f9w&_nc_ss=7c2a8&oh=00_AQBBjv-esg5DbKCHzjXRk_HXbFlYcviUBqyM2S3HfgLXDw&oe=6A601D2E","https://www.facebook.com/ModernizePhilippines","23","651996208186580","Disaster official: 'Nearly all houses in Tacloban toppled'

In the central Philippines, nearly all houses in Tacloban in Leyte province with a population of about 220,000, were toppled and casualties were feared to be massive, a disaster official said.

""Almost all houses were destroyed, many are totally damaged. Only a few houses are left standing, but with partial damages,"" Major Rey Balido, a spokesman for the national disaster agency said.

""Our disaster officials can't give a number on casualties yet, the communication lines are down,"" Major Balido said.

""But I asked our teams to send us even a crude body count, they are just using a satellite phone and the signal is poor.""

The typhoon has triggered landslides and floods and knocked out power and communications across a number of islands.

http://www.itv.com/news/update/2013-11-09/disaster-official-nearly-all-houses-in-tacloban-flattened/

Shiro","107",,"107","204","1383978297000","https://www.facebook.com/photo.php?fbid=651996208186580&set=a.597184809108158&type=3"
"No photo description available.","617510281632777","photo","https://www.facebook.com/photo/?fbid=617510281632777&set=a.550953827068908",,,,,,,,,,,,,,,,,"100064628863866","Affordable House and Lot","https://scontent-iad3-1.xx.fbcdn.net/v/t39.30808-1/326277056_1153393815377913_931225053356702629_n.jpg?stp=c47.0.768.768a_cp0_dst-jpg_tt6&cstp=mx768x768&ctp=s40x40&_nc_cat=104&ccb=1-7&_nc_sid=2d3e12&_nc_ohc=yvjrlMBzyN4Q7kNvwEPFvPy&_nc_oc=AdpuQFK5bwQvo0N-_K0FVoOclnlqZ0apud6ss1Wq-dld_YZwcqzP-dv2OyqbL9_-mCM&_nc_zt=24&_nc_ht=scontent-iad3-1.xx&_nc_gid=i282ysKjqSOlR8kiOQ-f9w&_nc_ss=7c2a8&oh=00_AQDvYnc4TBDyNJdo9d_Y3CC81LmOf6SzaI9IuOFGgto-Tw&oe=6A603872","https://www.facebook.com/affordable.houseandlotforyou","1","617510281632777","FLOOD FREE AREA!! NO REQUIRED SALARY BRACKET!! 1st CASH OUT will be reservation fee to hold the unit, monthly down payment will start 30-45 days after the reservation. Ready for Occupancy!!! 18k/mo. Near Splash Island & Enchanted Kingdom, 2 Storey Townhouse, 3 Bedrooms with partition, 1 Toilet & Bath, 1 car garage, 40 sqm lot area, 40 sqm floor area

For more details & for free site tripping text/call:
Smart: +63939-4079249
Globe: +63916-3195834

Free Tripping Everyday!
1ST BATCH - PICK UP AREAS:
9:00AM - Crossing Starmall(Infront of Chowking)
9:30AM - SM Makati (Infront of Watson)
10:00AM - Pasay Taft Rotonda (PTT Gas Station)

Thanks & God Bless! (ms. Mhai)","5",,"5","0","1383913200000","https://www.facebook.com/photo.php?fbid=617510281632777&set=a.550953827068908&type=3"
"No photo description available.","617510771632728","photo","https://www.facebook.com/photo/?fbid=617510771632728&set=a.550953827068908",,,,,,,,,,,,,,,,,"100064628863866","Affordable House and Lot","https://scontent-iad3-1.xx.fbcdn.net/v/t39.30808-1/326277056_1153393815377913_931225053356702629_n.jpg?stp=c47.0.768.768a_cp0_dst-jpg_tt6&cstp=mx768x768&ctp=s40x40&_nc_cat=104&ccb=1-7&_nc_sid=2d3e12&_nc_ohc=yvjrlMBzyN4Q7kNvwEPFvPy&_nc_oc=AdpuQFK5bwQvo0N-_K0FVoOclnlqZ0apud6ss1Wq-dld_YZwcqzP-dv2OyqbL9_-mCM&_nc_zt=24&_nc_ht=scontent-iad3-1.xx&_nc_gid=i282ysKjqSOlR8kiOQ-f9w&_nc_ss=7c2a8&oh=00_AQDvYnc4TBDyNJdo9d_Y3CC81LmOf6SzaI9IuOFGgto-Tw&oe=6A603872","https://www.facebook.com/affordable.houseandlotforyou","1","617510771632728","FLOOD FREE AREA!! NO REQUIRED SALARY BRACKET!! 1st CASH OUT will be reservation fee to hold the unit, monthly down payment will start 30-45 days after the reservation. 10k/mo., Near Splash Island & Enchanted Kingdom, 2 Storey Townhouse, 3 Bedrooms with partition, 2 Toilet & Bath, 1 car garage, with laundry area & balcony, 50 sqm lot area, 60 sqm floor area

For house details & sample computation please click the link https://www.facebook.com/notes/affordable-house-and-lot/10kmo-pines-model/587714684612337

Free Tripping Everyday!
1ST BATCH - PICK UP AREAS:
9:00AM - Crossing Starmall(Infront of Chowking)
9:30AM - SM Makati (Infront of Watson)
10:00AM - Pasay Taft Rotonda (PTT Gas Station)

Thanks & God Bless! (ms. Mhai)","9",,"9","2","1383915001000","https://www.facebook.com/photo.php?fbid=617510771632728&set=a.550953827068908&type=3"
"No photo description available.","617518024965336","photo","https://www.facebook.com/photo/?fbid=617518024965336&set=a.550953827068908",,,,,,,,,,,,,,,,,"100064628863866","Affordable House and Lot","https://scontent-iad3-1.xx.fbcdn.net/v/t39.30808-1/326277056_1153393815377913_931225053356702629_n.jpg?stp=c47.0.768.768a_cp0_dst-jpg_tt6&cstp=mx768x768&ctp=s40x40&_nc_cat=104&ccb=1-7&_nc_sid=2d3e12&_nc_ohc=yvjrlMBzyN4Q7kNvwEPFvPy&_nc_oc=AdpuQFK5bwQvo0N-_K0FVoOclnlqZ0apud6ss1Wq-dld_YZwcqzP-dv2OyqbL9_-mCM&_nc_zt=24&_nc_ht=scontent-iad3-1.xx&_nc_gid=i282ysKjqSOlR8kiOQ-f9w&_nc_ss=7c2a8&oh=00_AQDvYnc4TBDyNJdo9d_Y3CC81LmOf6SzaI9IuOFGgto-Tw&oe=6A603872","https://www.facebook.com/affordable.houseandlotforyou","1","617518024965336","FLOOD FREE AREA!! NO REQUIRED SALARY BRACKET!! 1st CASH OUT will be reservation fee to hold the unit, monthly down payment will start 30-45 days after the reservation. 16k/mo. Near Splash Island & Enchanted Kingdom, 2 Storey Single Attached House, 3 Bedrooms with partition, 2 Toilet & Bath, 1 car garage, sliding back door & windows, 100 sqm lot area, 72 sqm floor area

For house details, sample computation & photos please click the link https://www.facebook.com/media/set/?set=a.398253923558415.107714.260211814029294&type=3

Free Tripping Everyday!
1ST BATCH - PICK UP AREAS:
9:00AM - Crossing Starmall(Infront of Chowking)
9:30AM - SM Makati (Infront of Watson)
10:00AM - Pasay Taft Rotonda (PTT Gas Station)

Thanks & God Bless! (ms. Mhai)","9",,"9","2","1383918600000","https://www.facebook.com/photo.php?fbid=617518024965336&set=a.550953827068908&type=3"
"No photo description available.","617511411632664","photo","https://www.facebook.com/photo/?fbid=617511411632664&set=a.550953827068908",,,,,,,,,,,,,,,,,"100064628863866","Affordable House and Lot","https://scontent-iad3-1.xx.fbcdn.net/v/t39.30808-1/326277056_1153393815377913_931225053356702629_n.jpg?stp=c47.0.768.768a_cp0_dst-jpg_tt6&cstp=mx768x768&ctp=s40x40&_nc_cat=104&ccb=1-7&_nc_sid=2d3e12&_nc_ohc=yvjrlMBzyN4Q7kNvwEPFvPy&_nc_oc=AdpuQFK5bwQvo0N-_K0FVoOclnlqZ0apud6ss1Wq-dld_YZwcqzP-dv2OyqbL9_-mCM&_nc_zt=24&_nc_ht=scontent-iad3-1.xx&_nc_gid=7-IukcrcFdy3fKsjoto6bw&_nc_ss=7c2a8&oh=00_AQCxmkaheMQJUaPyVm_JiaNIOD2p7gCqragQalwpW1KBJw&oe=6A603872","https://www.facebook.com/affordable.houseandlotforyou","1","617511411632664","FLOOD FREE AREA!! NO REQUIRED SALARY BRACKET!! 1st CASH OUT will be reservation fee to hold the unit, monthly down payment will start 30-45 days after the reservation. 12k/mo. Near Splash Island & Enchanted Kingdom, 2 Storey Single Attached House, 3 Bedrooms with partition, 2 Toilet & Bath, 1 car garage, 80 sqm lot area, 52 sqm floor area

For house details, sample computation & photos please click the link https://www.facebook.com/media/set/?set=a.411261772257630.109941.260211814029294&type=3

Free Tripping Everyday!
1ST BATCH - PICK UP AREAS:
9:00AM - Crossing Starmall(Infront of Chowking)
9:30AM - SM Makati (Infront of Watson)
10:00AM - Pasay Taft Rotonda (PTT Gas Station)

Thanks & God Bless! (ms. Mhai)","23",,"23","0","1383916800000","https://www.facebook.com/photo.php?fbid=617511411632664&set=a.550953827068908&type=3"
"No photo description available.","541557269268027","photo","https://www.facebook.com/photo/?fbid=541557269268027&set=gm.546449868763408&idorvanity=319938821414515",,,,,,,,,,,,,,,,,"100002412755396","Betsy Advincula","https://scontent-iad3-1.xx.fbcdn.net/v/t39.30808-1/625002047_25810887225241683_7235483851502930103_n.jpg?stp=cp0_dst-jpg_tt6&cstp=mx1536x1546&ctp=s24x24&_nc_cat=110&ccb=1-7&_nc_sid=1d2534&_nc_ohc=pRoXJl-PtP4Q7kNvwE4zcT0&_nc_oc=AdoV1hba5jriRXVwk8sStDzfVvaHyxSMoKZN9IijS3GZBIJNFG2QINKqrohlc9VZ6EQ&_nc_zt=24&_nc_ht=scontent-iad3-1.xx&_nc_gid=7-IukcrcFdy3fKsjoto6bw&_nc_ss=7c2a8&oh=00_AQBsnJVxZfg3DPICSsVnfaxHytbnjgfADOOAaOkIJxFDZA&oe=6A600D81","https://www.facebook.com/betsy.advincula","0","546449868763408","CARMONA ESTATE
A FLOOD FREE COMMUNITY
VERY AFFORDABLE
TARA..!TRIPPING TAYO…!!!",,,"0","0","1384017499000","https://www.facebook.com/groups/boomingbusinessopportunity/permalink/546449868763408/"
"No photo description available.","541576815932739","photo","https://www.facebook.com/photo/?fbid=541576815932739&set=gm.179469982258091",,,,,,,,,,,,,,,,,"100002412755396","Betsy Advincula","https://scontent-iad3-1.xx.fbcdn.net/v/t39.30808-1/625002047_25810887225241683_7235483851502930103_n.jpg?stp=cp0_dst-jpg_tt6&cstp=mx1536x1546&ctp=s24x24&_nc_cat=110&ccb=1-7&_nc_sid=1d2534&_nc_ohc=pRoXJl-PtP4Q7kNvwE4zcT0&_nc_oc=AdoV1hba5jriRXVwk8sStDzfVvaHyxSMoKZN9IijS3GZBIJNFG2QINKqrohlc9VZ6EQ&_nc_zt=24&_nc_ht=scontent-iad3-1.xx&_nc_gid=7-IukcrcFdy3fKsjoto6bw&_nc_ss=7c2a8&oh=00_AQBsnJVxZfg3DPICSsVnfaxHytbnjgfADOOAaOkIJxFDZA&oe=6A600D81","https://www.facebook.com/betsy.advincula","0","179469982258091","CARMONA ESTATE
A FLOOD FREE COMMUNITY
VERY AFFORDABLE
TARA..!TRIPPING TAYO…!!!",,,"0","0","1384020882000","https://www.facebook.com/groups/gilmoreqc/permalink/179469982258091/"
"No photo description available.","541655262591561","photo","https://www.facebook.com/photo/?fbid=541655262591561&set=gm.667331783300548&idorvanity=456964591003936",,,,,,,,,,,,,,,,,"100002412755396","Betsy Advincula","https://scontent-iad3-1.xx.fbcdn.net/v/t39.30808-1/625002047_25810887225241683_7235483851502930103_n.jpg?stp=cp0_dst-jpg_tt6&cstp=mx1536x1546&ctp=s24x24&_nc_cat=110&ccb=1-7&_nc_sid=1d2534&_nc_ohc=pRoXJl-PtP4Q7kNvwE4zcT0&_nc_oc=AdoV1hba5jriRXVwk8sStDzfVvaHyxSMoKZN9IijS3GZBIJNFG2QINKqrohlc9VZ6EQ&_nc_zt=24&_nc_ht=scontent-iad3-1.xx&_nc_gid=7-IukcrcFdy3fKsjoto6bw&_nc_ss=7c2a8&oh=00_AQBsnJVxZfg3DPICSsVnfaxHytbnjgfADOOAaOkIJxFDZA&oe=6A600D81","https://www.facebook.com/betsy.advincula","0","667331783300548","CARMONA ESTATE
A FLOOD FREE COMMUNITY
VERY AFFORDABLE
TARA..!TRIPPING TAYO…!!!",,,"0","0","1384032330000","https://www.facebook.com/groups/openforadsandpromotions/permalink/667331783300548/"
"No photo description available.","541637672593320","photo","https://www.facebook.com/photo/?fbid=541637672593320&set=gm.589396664441949",,,,,,,,,,,,,,,,,"100002412755396","Betsy Advincula","https://scontent-iad3-1.xx.fbcdn.net/v/t39.30808-1/625002047_25810887225241683_7235483851502930103_n.jpg?stp=cp0_dst-jpg_tt6&cstp=mx1536x1546&ctp=s24x24&_nc_cat=110&ccb=1-7&_nc_sid=1d2534&_nc_ohc=pRoXJl-PtP4Q7kNvwE4zcT0&_nc_oc=AdoV1hba5jriRXVwk8sStDzfVvaHyxSMoKZN9IijS3GZBIJNFG2QINKqrohlc9VZ6EQ&_nc_zt=24&_nc_ht=scontent-iad3-1.xx&_nc_gid=7-IukcrcFdy3fKsjoto6bw&_nc_ss=7c2a8&oh=00_AQBsnJVxZfg3DPICSsVnfaxHytbnjgfADOOAaOkIJxFDZA&oe=6A600D81","https://www.facebook.com/betsy.advincula","0","589396664441949","CARMONA ESTATE
A FLOOD FREE COMMUNITY
VERY AFFORDABLE
TARA..!TRIPPING TAYO…!!!",,,"0","0","1384028844000","https://www.facebook.com/groups/LinkUrAdsHere/permalink/589396664441949/"
"No photo description available.","737486976268750","photo","https://www.facebook.com/photo/?fbid=737486976268750&set=a.316266681724117",,,,,,,,,,,,,,,,,"100064261046479","LIFE'S BOUQUET","https://scontent-iad6-1.xx.fbcdn.net/v/t39.30808-1/308935688_456050339880330_3926189084874337630_n.jpg?stp=c0.0.640.640a_cp0_dst-jpg_tt6&cstp=mx640x640&ctp=s40x40&_nc_cat=109&ccb=1-7&_nc_sid=2d3e12&_nc_ohc=Ay04wHsMfkAQ7kNvwH1cDff&_nc_oc=Adpsd7_imQ_ZJU3iYKHBqAv4jrhXaQFlVzIlg1NRsEnRks1ONn7b_8hXBuBxpfmZC4Y&_nc_zt=24&_nc_ht=scontent-iad6-1.xx&_nc_gid=7-IukcrcFdy3fKsjoto6bw&_nc_ss=7c2a8&oh=00_AQCPwcIaDtqIIROY1QMKEf-c3xXVqaDEiqzVZrRAdANB_A&oe=6A600DC5","https://www.facebook.com/reneenene56","1","737486976268750","Beyond ‘Yolanda’
By Fr. Jerry M. Orbos
Saturday, November 9th, 2013

The story is told about two children discussing their problematic parents who were always quarreling. The first one said:  “When our parents die, do you think they will still meet and recognize each other in heaven?” The second one said: “I don’t think so. That’s why it is called heaven!”

* * *

In today’s Gospel (Lk. 20, 27-38), Jesus teaches us that there is life after death because of the Resurrection. Our celebration of All Saints’ Day and the All Souls’ Day is based on our belief in “the communion of saints, the forgiveness of sins, the resurrection of the body, and life everlasting.” Yes, there is eternal life beyond Supertyphoon “Yolanda” and all our storms in life.

* * *

As I write this column, Yolanda, the strongest typhoon in the world this year, is screaming and steaming right through the middle of our country, creating hell and generating untold fear and suffering for our people. We can’t help but ask the Lord, “Why? Why us? Why now?” And we plead in prayer, “Please, Lord, enough and no more!” In our helplessness, we turn to prayer, we hold on to our faith, and we hope because of our belief in God and the Resurrection.

* * *

Yolanda has come and gone, and has left so much destruction and suffering in its wake. How fragile is our life, how temporary are our earthly dwellings, and how small are our worldly achievements! May we be reminded that life is short and that death is certain. But may we be reminded, too, that though life is brief, life does not end in death but in the Resurrection. Let us ask ourselves today: Do I really and truly believe that there is a Resurrection? Perhaps on a deeper level, we should ask ourselves:  Do I really live as if there is a Resurrection?

* * *

It is amazing how we Filipinos are so naturally resilient and are so joyfully hopeful in spite of the tragedies and trials we face as a people and as a nation. Right after a fire, a flood, an earthquake, or a typhoon, our people start moving again, immediately gathering fragments to build again. It is so inspiring to see smiles, to hear hope, and to experience faith among our people, especially in the face of earthly trials and deprivations.

* * *

The sufferings of the typhoon victims are plenty and real, so let our help for them be also plenty and real. Aside from our prayers, may we all reach out and share our material blessings with our less fortunate brothers and sisters. We had plenty of “prayer brigades” prior to the typhoon. Likewise, let us have plenty of “aid brigades” after the typhoon!

* * *

Christmas, now! Now is the time to give Christmas gifts and Christmas cheer to the needy and suffering. We do not need to wait for that special or cozy time of the year to be generous and loving. Yes, I am sure the Lord would not mind if we advanced His birthday celebration this early. It would surely make Him very happy if we make every day His birthday!

* * *

We must not lose heart in our pursuit of peace and justice. We hold on to our belief in divine justice; we believe that there will be a final accounting, that the good will be rewarded, and that the evil will be punished. We believe that God knows, and that God does not sleep.

* * *

One person who never gave up in his mission for peace and justice was Fr. Jose “Joe” Dizon. I knew him as a seminarian in the 1970s, and since then until his demise last Nov. 4, this “activist priest” carried on his advocacy for the oppressed, the poor, and the marginalized. His 40 years in the priesthood could have been comfortable and “successful” by worldly and hierarchical standards, but he chose to live out his Christian, priestly and prophetic commitment in pursuit of social justice in spite of persecution from the state and being misunderstood by his brother-priests. “Blessed are you when people insult you and persecute you and speak all kinds of evil against you because you are my followers. Be glad and be joyful for a great reward is kept for you in God. For that is how these people persecuted the prophets who lived before you.” (Mt. 5,11)

* * *

Please don’t forget that persecution, or being misunderstood or ridiculed because of our faith, is part of a disciple’s life. If there is no persecution in your life, then maybe you are not really living out your discipleship.

* * *

Let us not forget to pray for the “grace for a happy death”. May we be ready when the Lord calls us back to our Heavenly Home. When that time comes, may we be in the state of grace, truly reconciled with God, with the world, with ourselves. May we face Him not empty-handed, but with hearts full of love, having humbly accomplished our mission in life. Let us also pray for the “grace for a meaningful life”! May we not live empty, vain, shallow and meaningless lives spent in selfish pursuit of worldly wealth, power, pleasures, and fame.

* * *

A moment with the Lord:

Lord, remind me that I have an earthly mission and a heavenly final destination. Amen.","5",,"5","9","1384072452000","https://www.facebook.com/photo.php?fbid=737486976268750&set=a.316266681724117&type=3"
,,,,,,,,,,,,,,,,,,,,"128752563825596","Tony Samson","https://scontent-iad6-1.xx.fbcdn.net/v/t39.30808-1/399627886_7157271007657250_5797368401913589370_n.jpg?stp=cp6_dst-jpg_tt6&cstp=mx1242x1242&ctp=s40x40&_nc_cat=106&ccb=1-7&_nc_sid=e99d92&_nc_ohc=isQvXU-I6OcQ7kNvwFDCOMm&_nc_oc=AdpkGx39c56PSOHCKFITiCnyJWjsvUeRThqe9V3bVmWH6mAKQM0BHADcxCasxBX55Lg&_nc_zt=24&_nc_ht=scontent-iad6-1.xx&_nc_gid=7-IukcrcFdy3fKsjoto6bw&_nc_ss=7c2a8&oh=00_AQDqzqJ4bmmG5OOLEeuV3bTzdzUR6LxdSs7ifsjxmFxKSA&oe=6A602718","https://www.facebook.com/tony.samson3","24","668189216548592","Tacloban City Update: #YolandaPH. Let us help PhotoworldManila friends. So far 100 are confirmed dead in Tacloban City.

Our latest report on tacloban: numerous people are feared dead after the astrodome sports complex which served as a shelter collapsed with lots of evacuees inside. There was a tsunami-like effect and it is reported that a ship of undetermined size was washed on top of the gaisano supermarket. Two truckloads of army soldiers from catb was met with surging flood, was washed away. Only two soldiers survived. Two housing projects near the San Juanico bridge were flooded.water in the city proper was reported to have reached at least 10 feet..vehicles were washed away like match boxes..","12",,"12","20","1383970229000","https://www.facebook.com/DManilaAI/posts/668189216548592"
"No photo description available.","617523258298146","photo","https://www.facebook.com/photo/?fbid=617523258298146&set=a.550953827068908",,,,,,,,,,,,,,,,,"100064628863866","Affordable House and Lot","https://scontent-iad3-1.xx.fbcdn.net/v/t39.30808-1/326277056_1153393815377913_931225053356702629_n.jpg?stp=c47.0.768.768a_cp0_dst-jpg_tt6&cstp=mx768x768&ctp=s40x40&_nc_cat=104&ccb=1-7&_nc_sid=2d3e12&_nc_ohc=yvjrlMBzyN4Q7kNvwEPFvPy&_nc_oc=AdpuQFK5bwQvo0N-_K0FVoOclnlqZ0apud6ss1Wq-dld_YZwcqzP-dv2OyqbL9_-mCM&_nc_zt=24&_nc_ht=scontent-iad3-1.xx&_nc_gid=gOuWhTsoFwax8uKF4-UyVA&_nc_ss=7c2a8&oh=00_AQBWo8uFN1RHNSSAtv0Sxb3n4veK7Vx1cprl2ZpSt_hh8A&oe=6A603872","https://www.facebook.com/affordable.houseandlotforyou","3","617523258298146","40% DISCOUNT ON RESERVATION!! Only Php 15k to reserve!!! FLOOD FREE AREA!! NO REQUIRED SALARY BRACKET!! 1st CASH OUT will be reservation fee to hold the unit, monthly down payment will start 30-45 days after the reservation.

30k/mo. accessible via Daang Hari Alabang, 2 Storey Single Attached House, 4 Bedrooms with partition, 2 Toilet & Bath, 2 car garage, Sliding back door, with tiles, 110 sqm lot area, 85 sqm floor area

For house details, sample computation & photos please click the link https://www.facebook.com/media/set/?set=a.263930913657384.82864.260211814029294&type=3

Free Tripping Everyday!
1ST BATCH - PICK UP AREAS:
9:00AM - Crossing Starmall(Infront of Chowking)
9:30AM - SM Makati (Infront of Watson)
9:45AM - Pasay Taft Rotonda (PTT Gas Station)
10:00AM - Mall of Asia

Thanks & God Bless! (ms. Mhai)","11",,"11","0","1383925800000","https://www.facebook.com/photo.php?fbid=617523258298146&set=a.550953827068908&type=3"
"No photo description available.","576572445723980","photo","https://www.facebook.com/photo/?fbid=576572445723980&set=gm.616076201788351&idorvanity=186280111434631",,,,,,,,,,,,,,,,,"100001136898676","Franc Espedido","https://scontent-iad3-1.xx.fbcdn.net/v/t39.30808-1/649159507_25916315727989636_1000487118433695884_n.jpg?stp=cp0_dst-jpg_tt6&cstp=mx1368x1368&ctp=s24x24&_nc_cat=110&ccb=1-7&_nc_sid=1d2534&_nc_ohc=Hf59FXKp7c0Q7kNvwEAuNoG&_nc_oc=AdqckdL6IUyCxp-E3U8gS0b1rP9dsX8ytwbVKyUJ9GnRe2T7CDm6fgZYgKA1ydL3xbw&_nc_zt=24&_nc_ht=scontent-iad3-1.xx&_nc_gid=gOuWhTsoFwax8uKF4-UyVA&_nc_ss=7c2a8&oh=00_AQB_TeVICiOSkObBtFJ3jN945Jx9Xly1y5lf-QW79T8VZw&oe=6A603289","https://www.facebook.com/franc.espedido","1","616076201788351","Yolanda' makes 5th landfall in Iloilo

Posted at 11/08/2013 12:20 PM | Updated as of 11/08/2013 12:20 PM

MANILA -- Super typhoon ""Yolanda"" (international name Haiyan) has made its fifth landfall in Iloilo on Friday, state weather bureau PAGASA said.

In a post on its Twitter account, PAGASA said Yolanda made landfall over Concepcion, Iloilo at 12 noon.

Yolanda first made landfall over Guiuan, Eastern Samar at 4:40 a.m. It made a second landfall over Tolosa, Leyte at 7 a.m.

The third landfall was recorded at 9:40 a.m. in Daanbantayan, Cebu while the fourth landfall was at 10:40 a.m. in Bantayan Island, Cebu.

In a press briefing Friday morning, weather forecaster Aldczar Aurelio Aurelio said Yolanda has maintained its strength, packing maximum sustained winds of 215 kilometers per hour (kph) and gusts of up to 250 kph.

Fifteen areas have remained under public storm signal number 4. These areas should expect winds of more than 185 kph in at least 12 hours.

    Southern Occidental Mindoro
    Southern Oriental Mindoro
    Romblon
    Calamian Group of Island
    Masbate
    Northern Cebu
    Cebu City
    Bantayan Island
    Northern Negros Occidental
    Aklan
    Capiz
    Antique
    Iloilo
    Guimaras

Signal number 3 (winds of 101 to 185 kph in at least 18 hours) is up over the following areas:

    Rest of Occidental Mindoro
    Rest of Oriental Mindoro
    Burias Island
    Sorsogon
    Marinduque
    Ticao Island
    Northern Palawan
    Puerto Princesa City
    Northern Samar
    Eastern Samar
    Samar
    Leyte
    Southern Leyte
    Bohol
    Rest of Cebu
    Negros Oriental
    Rest of Negros Occidental
    Camotes Island
    Biliran Province
    Dinagat Province

Signal number 2 (winds of 61 to 100 kph in at least 24 hours) is up over Bataan, Metro Manila, Rizal, Cavite, Laguna Batangas, Southern Quezon, Camarines Sur, Lubang Island, Rest of Palawan, Albay, Siquijor, Surigao del Norte, Siargao and Camiguin.

Meanwhile, signal number 1 is raised over Pampanga, Zambales, Bulacan, Camarines Norte, Rest of Quezon, Polilio Island, Catanduanes, Surigao del Sur, Misamis Oriental and Agusan del Norte. These areas should expect winds of 30 to 60 kph in at least 36 hours.

After hitting Panay Island, Yolanda will pass in the Southern part of Mindoro then Busuanga. It will exit the Philippine landmass at around 8 to 10 p.m. towards to West Philippine Sea.

The super typhoon is expected to exit the Philippine area of responsibility (PAR) at around 1 to 2 p.m. on Saturday, after which the country can expect a gradual improvement of weather, Aurelio said.

An estimated rainfall amount of 10 to 30 millimeters per hour (heavy to intense) is expected within Yolanda's 400-kilometer diameter.

Sea travel is risky over the seaboards of Northern Luzon and the eastern seaboard of Central Luzon.

Residents in low lying and mountainous areas under signal nos. 4, 3 and 2 are alerted against possible flash floods and landslides. Likewise, those living in coastal areas under signal nos. 4, 3 and 2 are alerted against storm surges which may produce waves with height of at least 7 meters, PAGASA said.","4",,"4","0","1383887872000","https://www.facebook.com/groups/overseasfilipinoworkersonlinebusiness/permalink/616076201788351/"
"No photo description available.","617523798298092","photo","https://www.facebook.com/photo/?fbid=617523798298092&set=a.550953827068908",,,,,,,,,,,,,,,,,"100064628863866","Affordable House and Lot","https://scontent-iad3-1.xx.fbcdn.net/v/t39.30808-1/326277056_1153393815377913_931225053356702629_n.jpg?stp=c47.0.768.768a_cp0_dst-jpg_tt6&cstp=mx768x768&ctp=s40x40&_nc_cat=104&ccb=1-7&_nc_sid=2d3e12&_nc_ohc=yvjrlMBzyN4Q7kNvwEPFvPy&_nc_oc=AdpuQFK5bwQvo0N-_K0FVoOclnlqZ0apud6ss1Wq-dld_YZwcqzP-dv2OyqbL9_-mCM&_nc_zt=24&_nc_ht=scontent-iad3-1.xx&_nc_gid=gOuWhTsoFwax8uKF4-UyVA&_nc_ss=7c2a8&oh=00_AQBWo8uFN1RHNSSAtv0Sxb3n4veK7Vx1cprl2ZpSt_hh8A&oe=6A603872","https://www.facebook.com/affordable.houseandlotforyou","1","617523798298092","40% DISCOUNT ON RESERVATION!! Only Php 18k to reserve!!! FLOOD FREE AREA!! NO REQUIRED SALARY BRACKET!! 1st CASH OUT will be reservation fee to hold the unit, monthly down payment will start 30-45 days after the reservation.

44k/mo. accessible via Daang Hari Alabang, 2 Storey Single Detached, 5 Bedrooms with partition, 3 Toilet & Bath, 2 car garage, Sliding back door, with tiles, 140 sqm lot area, 110 sqm floor area

For house details, sample computation & photos please click the link https://www.facebook.com/media/set/?set=a.410923118958162.109821.260211814029294&type=3

Free Tripping Everyday!
1ST BATCH - PICK UP AREAS:
9:00AM - Crossing Starmall(Infront of Chowking)
9:30AM - SM Makati (Infront of Watson)
9:45AM - Pasay Taft Rotonda (PTT Gas Station)
10:00AM - Mall of Asia

Thanks & God Bless! (ms. Mhai)","10",,"10","1","1383927600000","https://www.facebook.com/photo.php?fbid=617523798298092&set=a.550953827068908&type=3"
,,,,,,,,,,,,,,,,,,,,"100064813353187","The Medical City","https://scontent-iad6-1.xx.fbcdn.net/v/t39.30808-1/328480337_565092065495750_2390555350748440407_n.jpg?stp=cp0_dst-jpg_tt6&cstp=mx2048x2048&ctp=s40x40&_nc_cat=1&ccb=1-7&_nc_sid=2d3e12&_nc_ohc=2aqh8XX96PcQ7kNvwE1U7zy&_nc_oc=AdrlApcDQgA7sEcF2iMT_THWzDpijS9FXF4nlHoQK7UJfaemA7fGeFWv3ySE5fbXAtg&_nc_zt=24&_nc_ht=scontent-iad6-1.xx&_nc_gid=gOuWhTsoFwax8uKF4-UyVA&_nc_ss=7c2a8&oh=00_AQCcQS7729gUE2G6AVvpO7CdYtMMD2jxnbibNX4wXVj5Tg&oe=6A602182","https://www.facebook.com/TheMedicalCity","1","696627530347463","Be responsible online citizens today! 

Here are some hashtags to remember in sharing information as we  prepare for #YolandaPH   

#RescuePH to report or if you need help
#FloodPH to report flood #ReliefPH to volunteer","30",,"30","7","1383903656000","https://www.facebook.com/TheMedicalCity/posts/pfbid026WaywBQS88eRWgpfWvupF72eqjmdoTfSC14Xb5Dz1ZTpRB75ACGAfQZuMWwo9Vr5l"
,,,,,,,,,,,,,,,,,,,,"1147087905","Ace Razo Dela Cruz","https://scontent-iad6-1.xx.fbcdn.net/v/t39.30808-1/344245657_1361182744738966_9140457833155584055_n.jpg?stp=cp0_dst-jpg_tt6&cstp=mx958x960&ctp=s24x24&_nc_cat=100&ccb=1-7&_nc_sid=1d2534&_nc_ohc=kleAoQsb54IQ7kNvwHpM435&_nc_oc=Adq6Wsd0yZi13sKniccKfK1uA0kj4kjAjqNUv-G757DkDHGVwlQ6tuyMz7v2vFt4Hnw&_nc_zt=24&_nc_ht=scontent-iad6-1.xx&_nc_gid=gOuWhTsoFwax8uKF4-UyVA&_nc_ss=7c2a8&oh=00_AQDmCak43NeX9rNnoo1UWWJlh03AoJ9nPdTQUlwCNXQelQ&oe=6A601305","https://www.facebook.com/acemarco","5","368192213327042","Greenland Executive Village Cainta Rizal

100% Flood free!
100% Flood free!
100% Flood free!

Hope you can check out my ad that I just posted on Sulit.com.ph!

Lot for sale. RUSH! RUSH!
http://www.sulit.com.ph/26181069",,,"0","0","1383964442000","https://www.facebook.com/groups/Toyabuyandsellgroups/permalink/368192213327042/"
,,,,,,,,,,,,,,,,,,,,"1147087905","Ace Razo Dela Cruz","https://scontent-iad6-1.xx.fbcdn.net/v/t39.30808-1/344245657_1361182744738966_9140457833155584055_n.jpg?stp=cp0_dst-jpg_tt6&cstp=mx958x960&ctp=s24x24&_nc_cat=100&ccb=1-7&_nc_sid=1d2534&_nc_ohc=kleAoQsb54IQ7kNvwHpM435&_nc_oc=Adq6Wsd0yZi13sKniccKfK1uA0kj4kjAjqNUv-G757DkDHGVwlQ6tuyMz7v2vFt4Hnw&_nc_zt=24&_nc_ht=scontent-iad6-1.xx&_nc_gid=gOuWhTsoFwax8uKF4-UyVA&_nc_ss=7c2a8&oh=00_AQDmCak43NeX9rNnoo1UWWJlh03AoJ9nPdTQUlwCNXQelQ&oe=6A601305","https://www.facebook.com/acemarco","5","530924986997630","Greenland Executive Village Cainta Rizal

100% Flood free!
100% Flood free!
100% Flood free!

Hope you can check out my ad that I just posted on Sulit.com.ph!

Lot for sale. RUSH! RUSH!
http://www.sulit.com.ph/26181069",,,"0","0","1383891459000","https://www.facebook.com/groups/phhouselotsale/permalink/530924986997630/"
,,,,,,,,,,,,,,,,,,,,"100068787297362","NDRRMC","https://scontent-iad3-1.xx.fbcdn.net/v/t39.30808-1/489430343_976962881273279_1463992780276046221_n.jpg?stp=cp0_dst-jpg_tt6&cstp=mx1764x1764&ctp=s40x40&_nc_cat=101&ccb=1-7&_nc_sid=2d3e12&_nc_ohc=nMkKBcdV61AQ7kNvwHlDKPq&_nc_oc=AdqkqvEY1-6AGZygmijXPOrnBYJfTqKEA7-mjvW3ryslb5_rcRd5HTTMvj4PT7aF4WY&_nc_zt=24&_nc_ht=scontent-iad3-1.xx&_nc_gid=2gYt6Fs0aaeNC2UtG5XnAQ&_nc_ss=7c2a8&oh=00_AQD9332Oe1--csaT_8vyyQXqYp6Ivysw0f-xJk8dgkSS2A&oe=6A6022CA","https://www.facebook.com/NDRRMC","6","6357204387691326","NDRRMC Advisory on Flood Bulletin No.5 issued on 09 November 2013
http://t.co/1Ce7stamo1","1",,"1","0","1383966474000","https://www.facebook.com/NDRRMC/posts/pfbid034c4kW6MT2DEFYPEZgd1VpFJsJjYDvjkTMkHrNQwLvrNKacEzCLtewtRWPonUA3sTl"
,,,,,,,,,,,,,,,,,,,,"100068787297362","NDRRMC","https://scontent-iad3-1.xx.fbcdn.net/v/t39.30808-1/489430343_976962881273279_1463992780276046221_n.jpg?stp=cp0_dst-jpg_tt6&cstp=mx1764x1764&ctp=s40x40&_nc_cat=101&ccb=1-7&_nc_sid=2d3e12&_nc_ohc=nMkKBcdV61AQ7kNvwHlDKPq&_nc_oc=AdqkqvEY1-6AGZygmijXPOrnBYJfTqKEA7-mjvW3ryslb5_rcRd5HTTMvj4PT7aF4WY&_nc_zt=24&_nc_ht=scontent-iad3-1.xx&_nc_gid=2gYt6Fs0aaeNC2UtG5XnAQ&_nc_ss=7c2a8&oh=00_AQD9332Oe1--csaT_8vyyQXqYp6Ivysw0f-xJk8dgkSS2A&oe=6A6022CA","https://www.facebook.com/NDRRMC","28","6357204394357992","NDRRMC Update on Flood Bulletin No.5 issued on 09 November 2013
http://t.co/2tUnvRGuTg","3",,"3","0","1383966488000","https://www.facebook.com/NDRRMC/posts/pfbid0XPueYrt4ta7MNYdKomP1bUvRT6JFgAssXHWnCFA8nAeY2JoAfwRLQgPXWZJH4GcDl"
"No photo description available.","575517679197611","photo","https://www.facebook.com/photo/?fbid=575517679197611&set=a.550634270434908",,,,,,,,,,,,,,,,,"100064650193701","The Blue Kitchen","https://scontent-iad6-1.xx.fbcdn.net/v/t39.30808-1/327260354_1610866939384244_8693123364396781335_n.jpg?stp=cp0_dst-jpg_tt6&cstp=mx1500x1500&ctp=s40x40&_nc_cat=107&ccb=1-7&_nc_sid=2d3e12&_nc_ohc=3IBwxvvX8TQQ7kNvwGKI7QX&_nc_oc=Adq1Z5NHSgMBO-ctC--qXnTpl9z6cT_ZUavJwB7UkLQFociIVA4jh6Nz9mP1qA5mSZc&_nc_zt=24&_nc_ht=scontent-iad6-1.xx&_nc_gid=2gYt6Fs0aaeNC2UtG5XnAQ&_nc_ss=7c2a8&oh=00_AQBBrIDPWTEcg61nPOLquUpAiMgIfZRuv0hXWSvBxwD3qA&oe=6A600BF0","https://www.facebook.com/thebluekitchen","0","575517679197611","Stay safe and dry everyone! If you're in a flood-prone area, move your valuables to higher ground, put together an emergency kit, and make sure you have access to lots of drinking water.","11",,"11","2","1383889749000","https://www.facebook.com/photo.php?fbid=575517679197611&set=a.550634270434908&type=3"
,,,,,,,,,,,,,,,,,,,,"100080198274263","Aesthetic Finds and More","https://scontent-iad3-1.xx.fbcdn.net/v/t39.30808-1/430028987_415183517831587_6947691656990059662_n.jpg?stp=cp0_dst-jpg_tt6&cstp=mx500x500&ctp=s40x40&_nc_cat=110&ccb=1-7&_nc_sid=2d3e12&_nc_ohc=DaXqsKvopTsQ7kNvwGuV1RL&_nc_oc=Adoy0tMvoN0tGM1yp78AH9fkxD7dYnXQiRec5Ti5l0tKs395O3w2ozDt8fuCscSvOvk&_nc_zt=24&_nc_ht=scontent-iad3-1.xx&_nc_gid=2gYt6Fs0aaeNC2UtG5XnAQ&_nc_ss=7c2a8&oh=00_AQCg2j0ypPp7pSyMidju9_XZDIhIuM9JPDElpEnC3jfGIA&oe=6A60272F","https://www.facebook.com/labels.iloilo","0","6284604591575544","Alert jaro area: Buhang Jaro Flood Way and Jaro River high water level. Keep safe loves!",,,"0","0","1383921354000","https://www.facebook.com/labels.iloilo/posts/pfbid0rgSQfpWu6Fcv6Uqk4SEoMhRVsDtaMnzxHpMce3VKgqZ87u3WPamfRxPRytHj2hkWl"
,,,,,,,,,,,,,,,,,,,,"146488295394691","Straive","https://scontent-iad6-1.xx.fbcdn.net/v/t39.30808-1/470213431_981424207342231_5655121847588668339_n.jpg?stp=cp0_dst-jpg_tt6&cstp=mx1667x1667&ctp=s40x40&_nc_cat=102&ccb=1-7&_nc_sid=2d3e12&_nc_ohc=MoHM08T1NM8Q7kNvwHXcPHu&_nc_oc=AdpHAPyyIT9XXGLxDvcAcOGOeb62jdVwE2tZFqXgXNlDduIN7PSL7HFRuSnoOKRcxaI&_nc_zt=24&_nc_ht=scontent-iad6-1.xx&_nc_gid=2gYt6Fs0aaeNC2UtG5XnAQ&_nc_ss=7c2a8&oh=00_AQDL2MfC_8AbeblzNiNZMFMtkpsWQCRB5QjQeUWtz_NPbg&oe=6A602DAB","https://www.facebook.com/Straive","2","641682702541912","List of Emergency Hotlines: 
From gov.ph/emergency-hotlines
 
Metro Manila Development Authority (MMDA)

136
882-0925 (flood control)
(02) 882-4150-77 loc. 337 (rescue),
255 (Metrobase)
Metrobase: 882-0860

 
National Disaster and Risk Reduction and Management Council (NDRRMC) hotlines

(02) 911-1406
(02) 912-2665
(02) 912-5668
(02) 911-1873
(02) 912-3046
Trunkline: 911-5061 to 64

Philippine National Police (PNP) Hotline Patrol

117 or send TXT PNP to 2920

Bureau of Fire Protection (NCR)

117, (02) 729-5166, (02) 410-6319 

DOTC Central hotline

7890 or (02) 726-6255

Department of Public Works and Highways (DPWH)

(02) 304-3713, (02) 304-3904

Red Cross hotline

143, (02) 527-0000, (02) 527-8385 to 95

PAGASA
(02) 4338526

North Luzon Expressway (NLEx) hotlines

(02) 3-5000 and (02) 580-8910

North Luzon Expressway (NLEx) hotlines

(02) 3-5000 and (02) 580-8910

Subic-Clark-Tarlac Expressway (SCTEX) hotlines

(0920) 96-SCTEX (72839) (traffic hotline) or (045) 459-0522

Skyway System Hotline

(02) 776-7777, 0917-539-8762 (globe), 0999-886-0893 (smart), 0932-854-6980 (sun)

South Luzon Expressway (SLEx) hotline

Trunklines: (049) 508-7509, (02) 584-4389, (02) 584-4605, (02) 584-4605, (02) 584-4654, (049) 502-8956 (Laguna)

Philippine Atmospheric, Geophysical and Astronomical Services Administration (PAGASA) hotline

(02) 433-8526

Philippine Coast Guard

Trunkline: (02) 527-8481, (02) 527-3877, 0917-724-3682 (globe), 0917-PCG-DOTC (globe)

Manila Water Hotline

1627

PHIVOLCS

Trunkline: (02) 426-1468 to 79, local 124/125 (emergency);

Text/call: 0905-313-4077 (globe)

Department of Social Welfare and Development (DSWD)

Trunkline: (632)931-81-01 to 07, local 426 or 425 (Disaster Response Unit); (02) 951-7119; Pasay Office Hotline: 851-2681, 511-1259

Civil Aviation Authority of the Philippines (CAAP)

(02) 879-9113

Manila International Airport Authority (MIAA)

0917-TEXNAIA (8396242)

Clark International Airport Corporation (CIAC)

(045) 499-1468

Mactan-Cebu International Airport (MCIAA)

(032) 340-2486

Civil Aeronautics Board (CAB)

(02) 542-5234
0998-1285717
0927-3549515

Maritime Industry Authority (MARINA)

0917-SUMBONG (7862664)

Land Transportation Office (LTO)

TextLTO – Text LTOHELP to 2600 (all mobile networks).
(02) 922-9061 to 66

LTFRB

(02) 426-2515
0921-4487777

CAVITEX

02) 825- 4004
0942-8228489

Southern Tagalog Arterial Road (S.T.A.R tollway)

(043) 756- 7870
0917-5117827
0908- 5117827

Philippine National Railways (PNR)

(02) 319-0044

Light Rail Transit Authority (LRTA)

(02) 854-0452
0915-8027295
0908-8559121

Local government units (partial)

Manila Traffic Hotline – 527-3087 (Frontdesk); 527-3088 (Traffic Investigation); 527-3065
Cainta Traffic Hotline – 646-0044
Las Piñas Traffic – 874-5756 (Main), 874-3927 (Investigations), 874-5754 (Traffic), 874-5753 (Anti-vending)
Mandaluyong Hotline – 534-2993 (traffic); 533-2225 (Command Control Center)
Marikina STOC – 646-1651, (02) 646-1633 (traffic)
Pasig Traffic – 643-0000 (Command Control Center); 643-1111; 641-1907 (Traffic)
Makati Public Safety Dept – 844-3146, 819-3270 to 71","11",,"11","1","1383909066000","https://www.facebook.com/Straive/posts/641682702541912"
,,,,,,,,,,,,,,,,,,,,"100068787297362","NDRRMC","https://scontent-iad3-1.xx.fbcdn.net/v/t39.30808-1/489430343_976962881273279_1463992780276046221_n.jpg?stp=cp0_dst-jpg_tt6&cstp=mx1764x1764&ctp=s40x40&_nc_cat=101&ccb=1-7&_nc_sid=2d3e12&_nc_ohc=nMkKBcdV61AQ7kNvwHlDKPq&_nc_oc=AdqkqvEY1-6AGZygmijXPOrnBYJfTqKEA7-mjvW3ryslb5_rcRd5HTTMvj4PT7aF4WY&_nc_zt=24&_nc_ht=scontent-iad3-1.xx&_nc_gid=V-pRtDKKLP5XaDddGFwJEQ&_nc_ss=7c2a8&oh=00_AQAbBvuRf4sze619xMHqnqN22mAXgC6usbbqaqGbQhKjeQ&oe=6A6022CA","https://www.facebook.com/NDRRMC","0","6357204381024660","NDRRMC Update on General Flood Advisories issued on 09 November 2013
http://t.co/QwTqNVTwag","1",,"1","0","1383966442000","https://www.facebook.com/NDRRMC/posts/pfbid0heLd9yuN1HWGgCm8dn8BKCPCeGhaefYQEihwL8DmwjwJBgPUBa3bHjD851qbsG54l"
,,,,,,,,,,,,,,,,,,,,"121123537931473","Cosplay Network Philippines","https://scontent-iad6-1.xx.fbcdn.net/v/t39.30808-1/326729925_726257962180782_3647756909935375980_n.jpg?stp=cp0_dst-jpg_tt6&cstp=mx1202x1202&ctp=s40x40&_nc_cat=100&ccb=1-7&_nc_sid=2d3e12&_nc_ohc=9lzo-Oc8xE4Q7kNvwFwXXBS&_nc_oc=Adqi6VyhQmbliuuIO_AwncXBnDfYKVnEpHPaQxXx-hrVGKtRcW_N6sTqs3Js-U5wne4&_nc_zt=24&_nc_ht=scontent-iad6-1.xx&_nc_gid=V-pRtDKKLP5XaDddGFwJEQ&_nc_ss=7c2a8&oh=00_AQBR49F7H_Tb62H_4oL87gMOz9TOw0rbe-ANVR3H0_PdlQ&oe=6A6035AD","https://www.facebook.com/cosplaynetwork.ph","0","621742731202882","List of Emergency Hotlines: 
From gov.ph/emergency-hotlines

Metro Manila Development Authority (MMDA)

136
882-0925 (flood control)
(02) 882-4150-77 loc. 337 (rescue),
255 (Metrobase)
Metrobase: 882-0860


National Disaster and Risk Reduction and Management Council (NDRRMC) hotlines

(02) 911-1406
(02) 912-2665
(02) 912-5668
(02) 911-1873
(02) 912-3046
Trunkline: 911-5061 to 64

Philippine National Police (PNP) Hotline Patrol

117 or send TXT PNP to 2920

Bureau of Fire Protection (NCR)

117, (02) 729-5166, (02) 410-6319 

DOTC Central hotline

7890 or (02) 726-6255

Department of Public Works and Highways (DPWH)

(02) 304-3713, (02) 304-3904

Red Cross hotline

143, (02) 527-0000, (02) 527-8385 to 95

PAGASA
(02) 4338526

North Luzon Expressway (NLEx) hotlines

(02) 3-5000 and (02) 580-8910

North Luzon Expressway (NLEx) hotlines

(02) 3-5000 and (02) 580-8910

Subic-Clark-Tarlac Expressway (SCTEX) hotlines

(0920) 96-SCTEX (72839) (traffic hotline) or (045) 459-0522

Skyway System Hotline

(02) 776-7777, 0917-539-8762 (globe), 0999-886-0893 (smart), 0932-854-6980 (sun)

South Luzon Expressway (SLEx) hotline

Trunklines: (049) 508-7509, (02) 584-4389, (02) 584-4605, (02) 584-4605, (02) 584-4654, (049) 502-8956 (Laguna)

Philippine Atmospheric, Geophysical and Astronomical Services Administration (PAGASA) hotline

(02) 433-8526

Philippine Coast Guard

Trunkline: (02) 527-8481, (02) 527-3877, 0917-724-3682 (globe), 0917-PCG-DOTC (globe)

Manila Water Hotline

1627

PHIVOLCS

Trunkline: (02) 426-1468 to 79, local 124/125 (emergency);

Text/call: 0905-313-4077 (globe)

Department of Social Welfare and Development (DSWD)

Trunkline: (632)931-81-01 to 07, local 426 or 425 (Disaster Response Unit); (02) 951-7119; Pasay Office Hotline: 851-2681, 511-1259

Civil Aviation Authority of the Philippines (CAAP)

(02) 879-9113

Manila International Airport Authority (MIAA)

0917-TEXNAIA (8396242)

Clark International Airport Corporation (CIAC)

(045) 499-1468

Mactan-Cebu International Airport (MCIAA)

(032) 340-2486

Civil Aeronautics Board (CAB)

(02) 542-5234
0998-1285717
0927-3549515

Maritime Industry Authority (MARINA)

0917-SUMBONG (7862664)

Land Transportation Office (LTO)

TextLTO – Text LTOHELP to 2600 (all mobile networks).
(02) 922-9061 to 66

LTFRB

(02) 426-2515
0921-4487777

CAVITEX

02) 825- 4004
0942-8228489

Southern Tagalog Arterial Road (S.T.A.R tollway)

(043) 756- 7870
0917-5117827
0908- 5117827

Philippine National Railways (PNR)

(02) 319-0044

Light Rail Transit Authority (LRTA)

(02) 854-0452
0915-8027295
0908-8559121

Local government units (partial)

Manila Traffic Hotline – 527-3087 (Frontdesk); 527-3088 (Traffic Investigation); 527-3065
Cainta Traffic Hotline – 646-0044
Las Piñas Traffic – 874-5756 (Main), 874-3927 (Investigations), 874-5754 (Traffic), 874-5753 (Anti-vending)
Mandaluyong Hotline – 534-2993 (traffic); 533-2225 (Command Control Center)
Marikina STOC – 646-1651, (02) 646-1633 (traffic)
Pasig Traffic – 643-0000 (Command Control Center); 643-1111; 641-1907 (Traffic)
Makati Public Safety Dept – 844-3146, 819-3270 to 71","7",,"7","1","1383909838000","https://www.facebook.com/cosplaynetwork.ph/posts/621742731202882"
,,,,,,,,,,,,,,,,,,,,"100064926720554","Disaster Information Service - Philippines","https://scontent-iad3-1.xx.fbcdn.net/v/t39.30808-1/313198148_499379358902951_88691280234451512_n.jpg?stp=cp0_dst-jpg_tt6&cstp=mx882x882&ctp=s40x40&_nc_cat=110&ccb=1-7&_nc_sid=2d3e12&_nc_ohc=Ioj-oV5VRBkQ7kNvwGg9lX2&_nc_oc=Ado5Mb_263DFXm8Tm7-Ga-jecgqt11y9nnzq1XMdOS9cBMy14GrGf8KUsBus-EivmmA&_nc_zt=24&_nc_ht=scontent-iad3-1.xx&_nc_gid=V-pRtDKKLP5XaDddGFwJEQ&_nc_ss=7c2a8&oh=00_AQBolXVaLG2tAJbBPqL1n6JeKRKM4eJ6r7bIRPl4kMmUyg&oe=6A602831","https://www.facebook.com/dis.pia.gov.ph","0","582011865180847","PIA-10/LANAO DEL NORTE: Some families of identified flood-prone Barangays of Titunod, Riverside, & Libertad in Kolambugan town, Lanao del Norte have moved yesterday afternoon at their respective brgy halls & schools as  temporary shelter to safe keep their lives in case flashfloods occur due to TS Yolanda, accdg. to MDDRMC Officer Gregorio Tabanag of Kolambugan.",,,"0","0","1383888761000","https://www.facebook.com/dis.pia.gov.ph/posts/pfbid0qnTK27d5LzHS8FBpEATxaXQE3A9UMB9VV455LrVBQFoevAeJnhyDPCSLan3yBWvEl"
,,,,,,,,,,,,,,,,,,,,"100067118364824","PTV","https://scontent-iad6-1.xx.fbcdn.net/v/t39.30808-1/469778811_1010174501229819_6318900398083369956_n.jpg?stp=cp0_dst-jpg_tt6&cstp=mx768x768&ctp=s40x40&_nc_cat=1&ccb=1-7&_nc_sid=2d3e12&_nc_ohc=FaGq-qwGxNAQ7kNvwFbodO4&_nc_oc=AdpYtIhqkL7TJ1rUcnQzS-j4o2W7IWaTzFqsLhRBPP_RcZ3FIu0OD0PUlwyZCvbxuCM&_nc_zt=24&_nc_ht=scontent-iad6-1.xx&_nc_gid=V-pRtDKKLP5XaDddGFwJEQ&_nc_ss=7c2a8&oh=00_AQBAn78LTQRtrzw_itZMEJRUnf2yin6El-1Z4RBQTInRvw&oe=6A6006A5","https://www.facebook.com/PTVph","0","593560997371241","Yellow Rainfall Warning: Batangas, Rizal, Laguna, Quezon and Rizal. POSSIBLE FLOODING in low lying areas. | via @dost_pagasa","15",,"15","6","1383901327000","https://www.facebook.com/PTVph/posts/pfbid02yGtfnLhUouZ2aTMcpKc9HfheEjzpdknZdLnHP5NdPcrwrpfinMVSaxikYme8UKE4l"
,,,,,,,,,,,,,,,,,,,,"100069693337399","Red Closet Fashion","https://scontent-iad6-1.xx.fbcdn.net/v/t39.30808-1/326393635_736252774583449_7164796458412033750_n.jpg?stp=c22.0.135.135a_cp0_dst-jpg_tt6&cstp=mx135x135&ctp=s40x40&_nc_cat=107&ccb=1-7&_nc_sid=2d3e12&_nc_ohc=zyjQPo9QxBsQ7kNvwGLdTkr&_nc_oc=AdqA6GyfTDltlKsadBJgtRbzX9AiWDPialSTtSK1p0kOxe3X3LvhO_7vX1ND4sI6oCY&_nc_zt=24&_nc_ht=scontent-iad6-1.xx&_nc_gid=V-pRtDKKLP5XaDddGFwJEQ&_nc_ss=7c2a8&oh=00_AQDLAgd6lYnW19827ojNrIxeSZXJfBqbLHmScQJOhTYo0g&oe=6A602E16","https://www.facebook.com/redclosetfashion","7","467470490038698","Ladies I'll be offline for a few hours to get some sleep :)

Just send me a pm for inquiries , orders & payments and I'll get back to you by noon today.

No flooding please <3 Thanks!",,,"0","0","1383952401000","https://www.facebook.com/redclosetfashion/posts/pfbid0qVJqvJ8TbDNd9zsVaLzQNcpefQ5zBAsBs2h93X197vZ9MHoPetbLNTL5fjs8KLSxl"
,,,,,,,,,,,,,,,,,,,,"100000687062642","Villanueva C Clive","https://scontent-iad3-1.xx.fbcdn.net/v/t39.30808-1/577624444_25344792135127007_8078265977269931691_n.jpg?stp=cp0_dst-jpg_tt6&cstp=mx713x720&ctp=s24x24&_nc_cat=110&ccb=1-7&_nc_sid=e99d92&_nc_ohc=XoyRh_g4_8cQ7kNvwGo7lB3&_nc_oc=AdpsEjenYTpoimPcseIC93uHNFCqaUe9cIDlg4Dn8HpymNeTSInYj2Zb3xq4oWsZUE4&_nc_zt=24&_nc_ht=scontent-iad3-1.xx&_nc_gid=U7oXAficTImEXRQW4-1qpg&_nc_ss=7c2a8&oh=00_AQA9kDnEdZT4pR5gASYcnkyxNVeOJe3Gvn0KjgxG3h7AUQ&oe=6A6022D9","https://www.facebook.com/clive.villanueva","7","10151744442371569","Kala ko pa naman makukuha ko yung bagong rf ko this morning. As it is, I am grounded by the threat of rains and flooding if conditions suddenly deteriorate. :(

Bukas nalang...","4",,"4","0","1383870549000","https://www.facebook.com/groups/rangefinderfilipinas/permalink/10151744442371569/"
"No photo description available.","667375489949282","photo","https://www.facebook.com/photo/?fbid=667375489949282&set=a.553101460176552",,,,,,,,,,,,,,,,,"100064301095134","DAWG x Overland & Offroad Solutions","https://scontent-iad6-1.xx.fbcdn.net/v/t39.30808-1/550223200_1186474660172559_1754646679469959463_n.jpg?stp=cp0_dst-jpg_tt6&cstp=mx1290x1290&ctp=s40x40&_nc_cat=107&ccb=1-7&_nc_sid=2d3e12&_nc_ohc=6Zu0HILgtJsQ7kNvwG3Lkaq&_nc_oc=Adpe_fWXYlKIORcl7IyLP7kGvMvvZWHe3b5PWjQ5ugxI5Pqei7yBTRwg5l8oGG4djX0&_nc_zt=24&_nc_ht=scontent-iad6-1.xx&_nc_gid=U7oXAficTImEXRQW4-1qpg&_nc_ss=7c2a8&oh=00_AQCDUtxqUtPE4WOSDmZoJMvIw4x1WEqtI45s4TDmQaAvsw&oe=6A60379B","https://www.facebook.com/DAWGoverlandoutfitter","2","667375489949282","want some leverage from Floods?
get some LIFT kits for fort here @ D.A.W.G 
call 09178856627 to order","8",,"8","1","1383987855000","https://www.facebook.com/photo.php?fbid=667375489949282&set=a.553101460176552&type=3"
,,,,,,,,,,,,,,,,,,,,"173892048760","Backpacking Philippines","https://scontent-iad3-1.xx.fbcdn.net/v/t39.30808-1/327272569_1634847403615474_1748967848873148759_n.jpg?stp=cp0_dst-jpg_tt6&cstp=mx1080x1080&ctp=s40x40&_nc_cat=104&ccb=1-7&_nc_sid=2d3e12&_nc_ohc=4IvaFL4P21gQ7kNvwHdxP_i&_nc_oc=Adp9EggyvAHAzZtLzu150WsnVANlHb3LHoitT8YN33BNSITZMQH7TFoN-YtPxarcS3E&_nc_zt=24&_nc_ht=scontent-iad3-1.xx&_nc_gid=U7oXAficTImEXRQW4-1qpg&_nc_ss=7c2a8&oh=00_AQCv1xj1WdsuE6HmTF4XESi12Adc2ZWSJmEr63IUuOJZww&oe=6A600BB6","https://www.facebook.com/BackpackingPhilippines","1","10152355824013761","besides PAGASA, you may also monitor Project Noah of DOST for floods and storm surges in your area http://www.noah.dost.gov.ph","6",,"6","1","1383884790000","https://www.facebook.com/BackpackingPhilippines/posts/10152355824013761"
,,,,,,,,,,,,,,,,,,,,"100078875441846","Breaking News Philippines","https://scontent-iad6-1.xx.fbcdn.net/v/t39.30808-1/312468894_168507939121720_984968459937484507_n.jpg?stp=c5.0.114.114a_cp0_dst-jpg_tt6&cstp=mx114x114&ctp=s40x40&_nc_cat=100&ccb=1-7&_nc_sid=2d3e12&_nc_ohc=drhHBcn51EwQ7kNvwGYEWEq&_nc_oc=AdoIldyHQGEc9i6sK7BYSIWFdPyDlphHwm49EI6X2PqD7Yh9lz4fz-893LFspsI09O8&_nc_zt=24&_nc_ht=scontent-iad6-1.xx&_nc_gid=U7oXAficTImEXRQW4-1qpg&_nc_ss=7c2a8&oh=00_AQDoZ4Co_a--vpjAWSnSjNf1N0jqOdg_jPDe4PBFo9xzTQ&oe=6A602000","https://www.facebook.com/breakingnewsphilippines","0","6852704634775807","Flood waters quickly rose in Tacloban, Leyte on Friday morning, as typhoon ""Yolanda"" made landfall in nearby Guiuan, Eastern Samar at 4:40...
(Click the link to read more)

 Continue: http://ift.tt/1auPHFD",,,"0","0","1383877131000","https://www.facebook.com/breakingnewsphilippines/posts/pfbid02veeniaxYpYSWUDsoarTGk1isvZbpb8uBcbKU4af4USLBnKPMLszuQb11vsUdn3GUl"
,,,,,,,,,,,,,,,,,,,,"100064545555827","E-Lawyers Online","https://scontent-iad3-1.xx.fbcdn.net/v/t39.30808-1/347849188_1294345081496300_3163584471133772180_n.jpg?stp=c317.0.1144.1144a_cp0_dst-jpg_tt6&cstp=mx1144x1144&ctp=s40x40&_nc_cat=108&ccb=1-7&_nc_sid=2d3e12&_nc_ohc=YVi9fGclhp4Q7kNvwFZL4oG&_nc_oc=AdpNDrmV2l8eOJhSeCLuPp7KZgWQXH7TGXpev0rsHEA4ocxKx7gYD9NtqAElgDGTIjc&_nc_zt=24&_nc_ht=scontent-iad3-1.xx&_nc_gid=U7oXAficTImEXRQW4-1qpg&_nc_ss=7c2a8&oh=00_AQD6g09uhwXEYxHF6ItuvIA7_7lsrX_QIthU1TCQq9wwnQ&oe=6A602273","https://www.facebook.com/E.Lawyers.Online","1","485193288261267",">honeywenz<



Indeed we FILIPINOS are problem proof ^_^ hehe Lahat kayang harapin,, di kayang patumbahin,,, para tayong puno ng bamboo yuyuko sa pagsubok pro muLing titingaLa dahil nasa Langit ang tunay na kalasag na magliligtas sa ating Lahat ^_^


Umaganda PILIPINAS kong mutya ^_^

Papost tagal ko nawala :p","12",,"12","1","1383965889000","https://www.facebook.com/permalink.php?story_fbid=485193288261267&id=119303251516941"
,,,,,,,,,,,,,,,,,,,,"100053576871839","Thinking Minds","https://scontent-iad6-1.xx.fbcdn.net/v/t39.30808-1/352509470_189704810359451_1426147949452029623_n.jpg?stp=c166.0.168.168a_cp0_dst-jpg_tt6&cstp=mx168x168&ctp=s40x40&_nc_cat=107&ccb=1-7&_nc_sid=2d3e12&_nc_ohc=E6mErIYFgHsQ7kNvwGiNkWT&_nc_oc=AdqrmBOLQ6lI596Y58hV8KreKPcEpjx4SXOkM10sJFedAT28HlBikwLAnVmdIY7jEI8&_nc_zt=24&_nc_ht=scontent-iad6-1.xx&_nc_gid=bHuNj7iq0JsFSQI7MApd5w&_nc_ss=7c2a8&oh=00_AQBAhttYGEjTNnk9NkzfnmFqiZdHCEsn3L5ejtU1hxHlnw&oe=6A603592","https://www.facebook.com/overthinkingmind","1","430330070401838","An evacuation center withstood the storm but the flood waters drowned the evacuees inside. Very tragic. :-(","3",,"3","1","1383985521000","https://www.facebook.com/overthinkingmind/posts/pfbid02vPN18DJ6rEfLDiyDQZJRu9GBo46aPLQWMthvVXRp2yZFzVPTuCbkLjE43E4geB7kl"
,,,,,,,,,,,,,,,,,,,,"100053576871839","Thinking Minds","https://scontent-iad6-1.xx.fbcdn.net/v/t39.30808-1/352509470_189704810359451_1426147949452029623_n.jpg?stp=c166.0.168.168a_cp0_dst-jpg_tt6&cstp=mx168x168&ctp=s40x40&_nc_cat=107&ccb=1-7&_nc_sid=2d3e12&_nc_ohc=E6mErIYFgHsQ7kNvwGiNkWT&_nc_oc=AdqrmBOLQ6lI596Y58hV8KreKPcEpjx4SXOkM10sJFedAT28HlBikwLAnVmdIY7jEI8&_nc_zt=24&_nc_ht=scontent-iad6-1.xx&_nc_gid=bHuNj7iq0JsFSQI7MApd5w&_nc_ss=7c2a8&oh=00_AQBAhttYGEjTNnk9NkzfnmFqiZdHCEsn3L5ejtU1hxHlnw&oe=6A603592","https://www.facebook.com/overthinkingmind","4","430297813738397","Sad UNCONFIRMED REPORT about Tacloban - I hope this isn't true but this moved me to silence. ""Our latest report on tacloban: numerous people are feared dead after the astrodome sports complex which served as a shelter collapsed with lots of evacuees inside. There was a tsunami-like effect and it is reported that a ship of undetermined size was washed on top of the gaisano supermarket. Two truckloads of army soldiers from catb was met with surging flood, was washed away. Only two soldiers survived. Two housing projects near the San Juanico bridge were flooded.water in the city proper was reported to have reached at least 10 feet..vehicles were washed away like match boxes.""","2",,"2","39","1383973727000","https://www.facebook.com/overthinkingmind/posts/pfbid02fSZbEsbzDpRuSUZppMyg1vWybf84PVRq9Gs3ythWGDVxAkDNxv5AL9LoatPh3Wnzl"
"No photo description available.","694689997222362","photo","https://www.facebook.com/photo/?fbid=694689997222362&set=a.558069309687610",,,,,,,,,,,,,,,,,"100064536376278","Discounted Homes Of Pinoy","https://scontent-iad3-1.xx.fbcdn.net/v/t39.30808-1/612284990_1317733037054563_5337781194915425628_n.jpg?stp=cp0_dst-jpg_tt6&cstp=mx1024x1024&ctp=s40x40&_nc_cat=101&ccb=1-7&_nc_sid=2d3e12&_nc_ohc=rmLLmvb8jcgQ7kNvwHy_kMP&_nc_oc=Ado478FYzHzrvV-prb7_igOfwDwYphaWAJeblMossCbrg5X_YBjyCqBKQ_UvTWsCld8&_nc_zt=24&_nc_ht=scontent-iad3-1.xx&_nc_gid=bHuNj7iq0JsFSQI7MApd5w&_nc_ss=7c2a8&oh=00_AQBXpdMn6kiJGlBzRavIbWxxFQHoMIozGPvXlxP4otxDcw&oe=6A6016EF","https://www.facebook.com/DiscountedHomesOfPinoy4","2","694689997222362","....READY FOR OCCUPANCY & PRESELLING AVAILABLE!....
15-20MIN AWAY FRM MALL OF ASIA & NAIA 
30MIN AWAY FRM MANLA/30MIN AWAY FRM ORTIGAS

SMART: 0908-17-34-199 GLOBE: 0916-33-41-762 
VIBER/TANGO:+63-906-334-1469 FREE TRIPPING DAILY~MS.ZAY

40%OFF RESERVATION FEE! 100% NO FLOOD NO FAULTLINE!
______________________________________
A. 23K/MO-ALEXANDRA DETACH(RESERVE THIS FOR 12K ONLY)
W/TILES, 4BR, 3CR, SLIDING DOORS/WINDOW, ROOF TILED, 3GARAGE, BALCONY, 120LOT AREA, 100FLOOR AREA.

TOTAL PRICE:2,933,280(TITLE TRANSFER, INSURANCE INCLUDED)
DOWNPAYMENT: 346,660.00/15 MONTH TO PAY=23K/MONTH
MONTHLY AMORTIZATION :20YRS= 23K/MONTH
______________________________________
B. 15K/MO-MARGARETE DETACH (RESERVE THIS FOR 12K ONLY)
W/TILES, 3BR, 3CR, SLIDING DOORS/WINDOW, ROOF TILED, 3GARAGE, 100LOT AREA, 72FLOOR AREA

TOTAL PRICE:2,116,800 (TITLE TRANSFER,INSURANCE INCLUDED)
DOWNPAYMENT:244,600/15 MONTH TO PAY=15K/MONTH
MONTHLY AMORTIZATION: 20YRS = 15K/MONTH
______________________________________
C. 10K/MOS-DIANA TOWNHOUSE(RESERVE THIS FOR 12K ONLY)
3BEDROOM, 2CR, 2GARAGE. LAUNDRY AREA, W/BALCONY. PROVISION FOR DIRTY KITCHEN, LAUNDRY AREA. 60SQ FLOOR AREA, 50SQ LOT AREA.

TOTAL PRICE:1,350,000(TITLE TRANSFER, INSURANCE INCLUDED)
DOWNPAYMENT:158,750.00/15 MONTH TO PAY=10K/MONTH
MONTHLY AMORTIZATION: 20YRS = 10K/MONTH
______________________________________
D. 13K/MO-SOPHIE DETACH(RESERVE THIS FOR 12K ONLY)
3BEDROOM, 2TOILET/BATH, 3GARAGE LAUNDRY AREA, DIRTY KITCHEN, 80SQ LOT AREA, FLOOR AREA 52SQ.

TOTAL PRICE:1,721,520(TITLE TRANSFER, INSURANCE INCLUDED)
DOWNPAYMENT:202,750.00/15 MONTH TO PAY=13K/MONTH
MONTHLY AMORTIZATION: 20YRS = 13K/MONTH
______________________________________
ADD: IMUS CAVITE. 15MIN AWAY FRM MALL OF ASIA & 
18-20MIN AWAY FRM NAIA.     
LIKE THIS PAGE TO SEE MORE OF OUR HOUSE ON PROMO
www.facebook.com/affordablehouses
PLEASE ADD US IN YOUR FB ACCOUNT 
www.facebook.com/lizle.ong.520","8",,"8","3","1383986370000","https://www.facebook.com/photo.php?fbid=694689997222362&set=a.558069309687610&type=3"
"No photo description available.","364251467044289","photo","https://www.facebook.com/photo/?fbid=364251467044289&set=a.221321193599301",,,,,,,,,,,,,,,,,"100071642656523","Hashtag DREAM HOUSE in Cavite PH","https://scontent-iad3-2.xx.fbcdn.net/v/t39.30808-1/472055331_612002714531145_7552981365752344169_n.jpg?stp=cp0_dst-jpg_tt6&cstp=mx200x200&ctp=s40x40&_nc_cat=111&ccb=1-7&_nc_sid=2d3e12&_nc_ohc=wVnHaCxLoukQ7kNvwEq2AQk&_nc_oc=Adr-jcFitzHmapf4p3v5TIP1KDCDCXXwHxeP3HUKU2VcburgODvoB39MT54YX5HHaXQ&_nc_zt=24&_nc_ht=scontent-iad3-2.xx&_nc_gid=bHuNj7iq0JsFSQI7MApd5w&_nc_ss=7c2a8&oh=00_AQDF2CovrPeXiNg3zTlzvpfQTHxVpEKSzAntGIn-hdm6rg&oe=6A60264C","https://www.facebook.com/hashtagdreamhouseCPH","1","364251467044289","DIANA Model
ONLY 6K TO RESERVE.. FLOOD-FREE SUBDIVISION.. TESTED BY CALAMITIES!!
20 MINUTES FROM SM MALL OF ASIA PASAY

MAY DISCOUNT KA NA, MAY PANG-NOCHE BUENA KA PA!

House Features:
2 Storey Townhouse Unit
Lot Area: 50 Sq. m.
Floor Area: 60 Sq.m
Living Area
Dining Area
Kitchen
Three (3) Bedrooms
Two (2) Toilet and Bath
Balcony
Provision for One-car Garage

TOTAL CONTRACT PRICE PHP 1, 350, 000.00
Downpayment (12.5%) PHP 168,750.00
Payable in 15 months PHP 10,583.33

SAMPLE COMPUTATION
5 years (60 months) 24,525.09
10 years (120 months) 14,905.43
15 years (180 months) 11,862.24
20 years (240 months) 10,454.05

-For inquiry and tripping, please call or text me @ 09178052265 / 09327080435 / 09072440467.
https://www.facebook.com/pages/Cavite-Rent-OWN-Affordable-House-n-Lot/186907478112023","6",,"6","0","1383922031000","https://www.facebook.com/photo.php?fbid=364251467044289&set=a.221321193599301&type=3"
"No photo description available.","427055644083352","photo","https://www.facebook.com/photo/?fbid=427055644083352&set=a.146888037989798",,,,,,,,,,,,,,,,,"100080058081219","Hiphop22 - Fans","https://scontent-iad3-1.xx.fbcdn.net/v/t39.30808-1/296358357_146888064656462_7164482333608857103_n.jpg?stp=c41.0.398.398a_cp0_dst-jpg_tt6&cstp=mx398x398&ctp=s40x40&_nc_cat=110&ccb=1-7&_nc_sid=2d3e12&_nc_ohc=-2nUJFTNf00Q7kNvwFKZXEa&_nc_oc=AdoaEtB0WheYeN8Ehbizwjs3uLOK00T6sdXtbYoKSMWiCxy7TU5u5nJQskfGLiKv6sg&_nc_zt=24&_nc_ht=scontent-iad3-1.xx&_nc_gid=bHuNj7iq0JsFSQI7MApd5w&_nc_ss=7c2a8&oh=00_AQAjiSnDVCrhl8s7wmGrlunCfmMuigLnJfAvRhp68fSy0g&oe=6A603983","https://www.facebook.com/profile.php?id=100080058081219","0","427055644083352","Dear God, protect the Philippines from the Storm and Floods. Amen!!","9",,"9","1","1383899604000","https://www.facebook.com/photo.php?fbid=427055644083352&set=a.146888037989798&type=3"
"No photo description available.","637005926350348","photo","https://www.facebook.com/photo/?fbid=637005926350348&set=a.598688978971027",,,,,,,,,,,,,,,,,"100064897895466","Feast Club United","https://scontent-iad3-2.xx.fbcdn.net/v/t39.30808-1/481253997_1088785726628014_6481658484090096739_n.jpg?stp=c33.26.428.428a_cp0_dst-jpg_tt6&cstp=mx428x428&ctp=s40x40&_nc_cat=103&ccb=1-7&_nc_sid=2d3e12&_nc_ohc=dXQMvO6tTy8Q7kNvwGPF5ua&_nc_oc=Adr5RXLlnsa3HOW9UuW4_2RB9nMTucAdXRL4xqDKwnv5oI9Euy1jhm6LNwWpnKIztvM&_nc_zt=24&_nc_ht=scontent-iad3-2.xx&_nc_gid=bHuNj7iq0JsFSQI7MApd5w&_nc_ss=7c2a8&oh=00_AQC55y6T08j8Pdhf7oxXi_Hv_FWc_oEHk3DnS_3kUCyGBw&oe=6A603346","https://www.facebook.com/FeastClubUnited","0","637005926350348","I will soar with You above the strom.
Father, You are King over the flood.
I will be still know you are God.

Delete - Talk 3
The Toxins of Worry and Fear
#feastbicutan","36",,"36","0","1383991085000","https://www.facebook.com/photo.php?fbid=637005926350348&set=a.598688978971027&type=3"
"No photo description available.","364563350346434","photo","https://www.facebook.com/photo/?fbid=364563350346434&set=a.221321193599301",,,,,,,,,,,,,,,,,"100071642656523","Hashtag DREAM HOUSE in Cavite PH","https://scontent-iad3-2.xx.fbcdn.net/v/t39.30808-1/472055331_612002714531145_7552981365752344169_n.jpg?stp=cp0_dst-jpg_tt6&cstp=mx200x200&ctp=s40x40&_nc_cat=111&ccb=1-7&_nc_sid=2d3e12&_nc_ohc=wVnHaCxLoukQ7kNvwEq2AQk&_nc_oc=Adr-jcFitzHmapf4p3v5TIP1KDCDCXXwHxeP3HUKU2VcburgODvoB39MT54YX5HHaXQ&_nc_zt=24&_nc_ht=scontent-iad3-2.xx&_nc_gid=ShqHu70DIFhetPArCeM6Wg&_nc_ss=7c2a8&oh=00_AQAzVPSil3pdrHsYMqrbkX7xuV4WMt1uRV78nYFk2RPJkw&oe=6A60264C","https://www.facebook.com/hashtagdreamhouseCPH","20","364563350346434","LANCASTER NEW CITY SINGLE ATTACHED UNITS..
40% OFF ON RESERVATION FEE! 
100% NO FLOOD & NO FAULTLINE!

20 MINUTES FROM SM MALL OF ASIA
15 MINUTES FROM NAIA TERMINAL
                            * * *
1) MARGARET Model - Single Attached unit
Only 12K for Reservation Fee of this unit

3 BED ROOMS, 2 Toilets, SLIDING DOORS/WINDOW, G.I. SHEET ROOFING, CAR GARAGE, 100 SQ.M. LOT AREA, 72 SQ.M. FLOOR AREA

TOTAL PRICE:2,116,800 (TITLE TRANSFER,INSURANCE INCLUDED)
DOWNPAYMENT:244,600/15 MONTH TO PAY=15K/MONTH
MONTHLY AMORTIZATION: 20YRS = 15K/MONTH
=================================

2) SOPHIE Model - Single Attached unit
Only 12K for Reservation Fee of this unit

3 BED ROOMS, 2 Toilets, SLIDING DOORS/WINDOW, G.I. SHEET ROOFING, CAR GARAGE, 80 SQ.M. LOT AREA, 52 SQ.M. FLOOR AREA

TOTAL PRICE:1,721,520(TITLE TRANSFER, INSURANCE INCLUDED)
DOWNPAYMENT:202,750.00/15 MONTH TO PAY=13K/MONTH
MONTHLY AMORTIZATION: 20YRS = 13K/MONTH
=================================

3) GABRIELLE Model - Single Attached unit
Only 12K for Reservation Fee of this unit

WITH TILES, 3 BED ROOMS, 2 Toilets, SLIDING DOORS/WINDOW, ROOF TILED, CAR GARAGE, 120 SQ.M. LOT AREA, 84 SQ.M. FLOOR AREA

TOTAL PRICE:2,527,200(TITLE TRANSFER, INSURANCE INCLUDED)
DOWNPAYMENT: 295,900.00/15 MONTH TO PAY=19K/MONTH
MONTHLY AMORTIZATION: 20YRS= 19K/MONTH
=================================

4) ALEXANDRA Model - Single Attached unit
Only 12K for Reservation Fee of this unit

WITH TILES, 4 BED ROOMS, 3 Toilets, BALCONY, SLIDING DOORS/WINDOW, ROOF TILED, CAR GARAGE, 120 SQ.M. LOT AREA, 100 SQ.M. FLOOR AREA

TOTAL PRICE:2,933,280(TITLE TRANSFER, INSURANCE INCLUDED)
DOWNPAYMENT: 346,660.00/15 MONTH TO PAY=23K/MONTH
MONTHLY AMORTIZATION: 20YRS= 23K/MONTH
==================================

IF YOU RESERVE ANY SINGLE ATTACHED UNIT, YOU CAN GET OUR NOCHE BUENA FREEBIES!

MAY DISCOUNT KA NA, MAY PANG NOCHEBUENA KA PA!

For more information and reservation, please contact us @ 09327080435 (sun) / 09178052265 (globe).
https://www.facebook.com/pages/Cavite-Rent-OWN-Affordable-House-n-Lot/186907478112023?ref=hl","47",,"47","11","1383990326000","https://www.facebook.com/photo.php?fbid=364563350346434&set=a.221321193599301&type=3"
,,,,,,,,,,,,,,,,,,,,"100078875441846","Breaking News Philippines","https://scontent-iad6-1.xx.fbcdn.net/v/t39.30808-1/312468894_168507939121720_984968459937484507_n.jpg?stp=c5.0.114.114a_cp0_dst-jpg_tt6&cstp=mx114x114&ctp=s40x40&_nc_cat=100&ccb=1-7&_nc_sid=2d3e12&_nc_ohc=drhHBcn51EwQ7kNvwGYEWEq&_nc_oc=AdoIldyHQGEc9i6sK7BYSIWFdPyDlphHwm49EI6X2PqD7Yh9lz4fz-893LFspsI09O8&_nc_zt=24&_nc_ht=scontent-iad6-1.xx&_nc_gid=ShqHu70DIFhetPArCeM6Wg&_nc_ss=7c2a8&oh=00_AQDCvAV0VXn6Yyt8yhiWOH9mOpYH0ijk27LgZ8lp7iTyGA&oe=6A602000","https://www.facebook.com/breakingnewsphilippines","0","6852711151441822","Tacloban in Leyte was among the first to be inundated with water on Friday as 10-foot waves hit the city due to the storm surge caused by super...
(Click the link to read more)

 Continue: http://ift.tt/HD1ZoE",,,"0","0","1383926638000","https://www.facebook.com/breakingnewsphilippines/posts/pfbid06MCKvD35ZLPrgpJzVNDcVuH7hBK2zqMKvCbU3gjvsTjCfP95zQNswhjsrYowvXFXl"
,,,,,,,,,,,,,,,,,,,,"1031391048","Ronald E V Gonzales","https://scontent-iad3-1.xx.fbcdn.net/v/t39.30808-1/523273081_10232599869352465_7582971415438734233_n.jpg?stp=c1048.437.1000.1000a_cp0_dst-jpg_tt6&cstp=mx1000x1000&ctp=s24x24&_nc_cat=101&ccb=1-7&_nc_sid=e99d92&_nc_ohc=fTNo5sb8qZ0Q7kNvwH6go6l&_nc_oc=AdqPGDMXyATuLmwZHPrnkmaJAk0jjnv5MNkdAHssavF_is1u12fiPgIsMLFtvl5kALQ&_nc_zt=24&_nc_ht=scontent-iad3-1.xx&_nc_gid=ShqHu70DIFhetPArCeM6Wg&_nc_ss=7c2a8&oh=00_AQD4znTDfRre89xh4lPfez33_bVA8uicADijntF-PvA2YQ&oe=6A6032C3","https://www.facebook.com/ronald.e.gonzales.7","11","10151991391377188","What does it take to make Philippine cities and villages flood resistant?","1",,"1","0","1383939522000","https://www.facebook.com/groups/ffreethinkers/permalink/10151991391377188/"
,,,,,,,,,,,,,,,,,,,,"100068556045403","SM City Sta. Mesa","https://scontent-iad3-1.xx.fbcdn.net/v/t39.30808-1/366741552_597956119166251_2041743288803856927_n.jpg?stp=cp0_dst-jpg_tt6&cstp=mx1200x1200&ctp=s40x40&_nc_cat=108&ccb=1-7&_nc_sid=2d3e12&_nc_ohc=RPyTUai0uacQ7kNvwGJ8czZ&_nc_oc=Ado3VVmlWVyVAPalTdxkL83MkNW_LwFmzTsEEPuSiY_b-NIqMx-zOUxvqFGBdaREgqg&_nc_zt=24&_nc_ht=scontent-iad3-1.xx&_nc_gid=ShqHu70DIFhetPArCeM6Wg&_nc_ss=7c2a8&oh=00_AQD4jt6v8F3PIFT1fHB9CeLtbAn5inFrc92r5vgEm4h8Cw&oe=6A601DC9","https://www.facebook.com/SMCityStaMesa","1","682969391722938","Emergency hotline numbers

MMDA Flood Control – 882-4177, 882-0925
Parañaque DPOS – 829-2056
Manila Traffic Hotline – 527-3087
Cainta Traffic Hotline – 646-0044, 655-7368 loc. 164
Las Piñas Traffic – 874-5756, 874-3957, 874-3927
Mandaluyong Hotline – 534-2993
Taguig Traffic – 838-4301 loc. 7112
Marikina STOC – 646-1651
Pasig Traffic – 643-0000, 724-5813

Makati Public Safety Dept – 844-3146, 819-3270","28",,"28","13","1383890174000","https://www.facebook.com/SMCityStaMesa/posts/pfbid02kvoPJDG9eeoRspjV8F7J6DkJ8BRxhk9Sm1Qkpv6RvnhZi2U9GYGGWbEzD6jUQVv6l"
"No photo description available.","364639273672175","photo","https://www.facebook.com/photo/?fbid=364639273672175&set=a.221321193599301",,,,,,,,,,,,,,,,,"100071642656523","Hashtag DREAM HOUSE in Cavite PH","https://scontent-iad3-2.xx.fbcdn.net/v/t39.30808-1/472055331_612002714531145_7552981365752344169_n.jpg?stp=cp0_dst-jpg_tt6&cstp=mx200x200&ctp=s40x40&_nc_cat=111&ccb=1-7&_nc_sid=2d3e12&_nc_ohc=wVnHaCxLoukQ7kNvwEq2AQk&_nc_oc=Adr-jcFitzHmapf4p3v5TIP1KDCDCXXwHxeP3HUKU2VcburgODvoB39MT54YX5HHaXQ&_nc_zt=24&_nc_ht=scontent-iad3-2.xx&_nc_gid=ShqHu70DIFhetPArCeM6Wg&_nc_ss=7c2a8&oh=00_AQAzVPSil3pdrHsYMqrbkX7xuV4WMt1uRV78nYFk2RPJkw&oe=6A60264C","https://www.facebook.com/hashtagdreamhouseCPH","12","364639273672175","SOPHIE Model - 13K MONTHLY 
40% DISCOUNT ON RESERVATION FEE!

20 MINUTES FROM SM MALL OF ASIA
15 MINUTES FROM NAIA TERMINAL
100% FLOOD FREE
FREE TRIPPING EVERYDAY!

House Features:
2 Storey Single Attached House
Lot Area: 80 Sq. m.
Floor Area: 52 Sq.m
Living Area
Dining Area
Kitchen
Three (3) Bedrooms
Two (2) Toilet and Bath
Provision for One-car Garage
Family Courtyard

TOTAL CONTRACT PRICE PHP 1,732, 320.00

Downpayment (12.5%) PHP 216,540.00
Less: Reservation Fee PHP 20,000.00
Net Equity PHP 196,540.00
Payable in 15 months PHP 13,102.67

AMORTIZATION:
5 years (60 months) 31,425.34
10 years (120 months) 19,081.38
15 years (180 months) 15,176.37
20 years (240 months) 13,425.34
(sample computation only)

FOR FREE TRIPPING AND RESERVATION. PLEASE CALL OR TEXT ME @: 09178052265 / 09327080435.
https://www.facebook.com/pages/Cavite-Rent-OWN-Affordable-House-n-Lot/186907478112023","3",,"3","4","1384008230000","https://www.facebook.com/photo.php?fbid=364639273672175&set=a.221321193599301&type=3"
"No photo description available.","1420731354822729","photo","https://www.facebook.com/photo/?fbid=1420731354822729&set=a.133448205452232",,,,,,,,,,,,,,,,,"100063611594991","Ed Finlan","https://scontent-iad6-1.xx.fbcdn.net/v/t39.30808-1/448972870_3881522565410250_540075855549753054_n.jpg?stp=c90.0.540.540a_cp0_dst-jpg_tt6&cstp=mx540x540&ctp=s40x40&_nc_cat=102&ccb=1-7&_nc_sid=2d3e12&_nc_ohc=fuUSV0UmIEEQ7kNvwESZarb&_nc_oc=Adr1eLfCWi2SfKv4K-l7erHBkSsxWA90h7kNOzEa3wsZ8g6G4s32YFZOfrD82nvuQjk&_nc_zt=24&_nc_ht=scontent-iad6-1.xx&_nc_gid=ShqHu70DIFhetPArCeM6Wg&_nc_ss=7c2a8&oh=00_AQBaZFZOzLZH7uk2PDjMOylnhNDbCMyssu8tWrFX4Jwrgw&oe=6A60160F","https://www.facebook.com/ed.finlan.8","7","1420731354822729","There is good news in every test that comes to us as a nation. The typhoon that was touted as the ""planet's strongest typhoon"" by CNN did not break the Filipino spirit. Packing very strong winds and rainfall that would daunt anyone, the typhoon was even kind. What then are we grateful for?
1. That the government was prepared to face the might and onslaught of this typhoon;
2. That the warnings were made way ahead of time shows that the government has indeed improved its data gathering for weather reports and that Pagasa and Project Noah are indeed now dependable and right on the nose in their predictions;
3. That the local governments were working together to minimize the damage expected from the typhoon;
4. That only 4 people are dead. While we may be saddened that anyone even had to die, the number could have been much bigger.
Now, the bigger task is at hand. Rehabilitation work for the hundreds of thousands of homeless people left by the typhoon. We must now, even more so, work harder to make homes for the victims and return normalcy to every, province, town and city. It won't be an easy task and we must work as one nation to effect this in the earliest possible time. We know all about this, it is called the Bayanihan Spirt and it is only the Filipinos who can do this well.
Yes, in every challenge, there is victory and that victory is ours as a nation and as a people. God bless us all.
One of the strongest typhoons on record slammed into the central Philippines, killing at least four people, forcing hundreds of thousands from their homes and knocking out power and communications in several provinces. But the nation appeared to avoid a major disaster because the rapidly moving typhoon blew away before wreaking more damage, officials said.
Typhoon “Yolanda” (international name: Haiyan) left the country early Saturday on a path toward Southeast Asia, the U.S. National Oceanic and Atmospheric Administration tweeted. Forecasters said the storm was expected to pick up renewed strength over the South China Sea on its way toward Vietnam.
Nearly 750,000 people in the Philippines were forced to flee their homes.
Weather officials said Haiyan had sustained winds of 235 kph (147 mph) with gusts of 275 kph (170 mph) when it made landfall. By those measurements, Haiyan would be comparable to a strong Category 4 hurricane in the U.S., nearly in the top category, a 5.
Hurricanes, cyclones and typhoons are the same thing. They are just called different names in different parts of the world.
Because of cut-off communications in the Philippines, it was impossible to know the full extent of casualties and damage. At least two people were electrocuted in storm-related accidents, one person was killed by a fallen tree and another was struck by lightning, official reports said.
Southern Leyte Gov. Roger Mercado said the typhoon ripped roofs off houses and triggered landslides that blocked roads.
The dense clouds and heavy rains made the day seem almost as dark as night, he said.
“When you’re faced with such a scenario, you can only pray, and pray and pray,” Mercado told The Associated Press by telephone, adding that mayors in the province had not called in to report any major damage.
“I hope that means they were spared and not the other way around,” he said. “My worst fear is there will be massive loss of lives and property.”
Eduardo del Rosario, head of the disaster response agency, said the speed at which the typhoon sliced through the central islands — 40 kph (25 mph) — helped prevent its 600-kilometer (375-mile) band of rain clouds from dumping enough of their load to overflow waterways. Flooding from heavy rains is often the main cause of deaths from typhoons.
“It has helped that the typhoon blew very fast in terms of preventing lots of casualties,” regional military commander Lt. Gen. Roy Deveraturda said. He said the massive evacuation of villagers before the storm also saved many lives.
The Philippines, which is hit by about 20 typhoons and storms a year, has in recent years become more serious about preparations to reduce deaths. Public service announcements are frequent, as are warnings by the president and high-ranking officials that are regularly carried on radio and TV and social networking sites.
President Benigno Aquino III assured the public of war-like preparations, with three C-130 air force cargo planes and 32 military helicopters and planes on standby, along with 20 navy ships.
Among the evacuees were thousands of residents of Bohol who had been camped in tents and other makeshift shelters since a magnitude-7.2 earthquake hit the island province last month.
Relief workers said they were struggling to find ways to deliver food and other supplies, with roads blocked by landslides and fallen trees.
World weather experts were calling the typhoon one of the strongest tropical cyclones on record at the time it hit land, but not quite the windiest. There were disputes over just how strong it is because of differences in the way storms are measured.
“In terms of the world I don’t think it’s the strongest,” said Taoyang Peng, a tropical cyclone scientist at the World Meteorological Organization in Geneva. But he added that “it is one of the strongest typhoons to make landfall” and probably the strongest to hit the Philippines.
The U.S. Joint Typhoon Warning Center put Haiyan’s sustained winds at 315 kph (196 mph) just minutes before it made landfall Thursday, which would be a world record. However, officials in Tokyo and the Philippines but the wind speed at about 235 kph (147 mph).
Peng said his group considers Tokyo the authority in this case because it’s the closest regional center to the storm.
The best way to measure a storm is with radar from a plane flying in and out of it. That’s not done in Asia, where they use satellite imagery and ground measurements instead.
Not until meteorologists can conduct a deep investigation will scientists know just how strong Haiyan actually was, but it will easily be one of the strongest on record, former U.S. National Hurricane Center director Max Mayfield told the AP on Friday.
Mayfield described looking at radar images of Haiyan, saying, “it has got to weaken, it has got to weaken” — and yet it didn’t.","28",,"28","6","1383957839000","https://www.facebook.com/photo.php?fbid=1420731354822729&set=a.133448205452232&type=3"
"No photo description available.","387906014676741","photo","https://www.facebook.com/photo/?fbid=387906014676741&set=a.607025677648054",,,,,,,,,,,,,,,,,"100050218821168","Magic Mamba","https://scontent-iad3-1.xx.fbcdn.net/v/t39.30808-1/299718331_607025700981385_3158149085604436457_n.jpg?stp=cp0_dst-jpg_tt6&cstp=mx495x495&ctp=s40x40&_nc_cat=108&ccb=1-7&_nc_sid=2d3e12&_nc_ohc=CC5nfW6o0bEQ7kNvwEr21tS&_nc_oc=AdpkGGNpE_ANCM6x_me1FLppwYLnqi_3Xcdm8Z9NFCKldcvEru7goHYAl3T1k4TScBk&_nc_zt=24&_nc_ht=scontent-iad3-1.xx&_nc_gid=U6dIRLMnEtc5rZRCxlLTTQ&_nc_ss=7c2a8&oh=00_AQAQ-5Gn2uiEE6E2r7ReJV_97tSDmqk-K988D3zpgQ-Axg&oe=6A603942","https://www.facebook.com/MagicMamba24","2","387906014676741","Im a Filipino, a typhoon strikes Philippines. It's Typhoon Haiyan, stronger than Hurricane Katrina that strikes in the US. Please help those Filipinos who are affected by the typhoon. If you can't give some things, just give them a PRAY. Pray can help them. If you can see in CNN,BBC,ALJAZEERA etc. the winds are so strong, floods coming in just a minute, waves are angry and some storm surge. It all happens in just ONE DAY. Many Filipinos needs help now. Especially in Tacloban, in Visayas. STAY SAFE EVERYONE. MAY GOD BLESS PHILIPPINES.

""The Filipino Spirit is STRONGER THAN ANY TYPHOON""
#PrayForThePhilippines #StongerPH

We create that photo for all Filipinos. God bless.
-MagicMamba","13",,"13","4","1383989242000","https://www.facebook.com/photo.php?fbid=387906014676741&set=a.607025677648054&type=3"
"No photo description available.","653246771382476","photo","https://www.facebook.com/photo/?fbid=653246771382476&set=a.408581081294170",,,,,,,,,,,,,,,,,"100064268456587","House and Lot Rent to Own","https://scontent-iad6-1.xx.fbcdn.net/v/t39.30808-1/292290153_408581117960833_910492157791513773_n.jpg?stp=c0.0.705.705a_cp0_dst-jpg_tt6&cstp=mx705x705&ctp=s40x40&_nc_cat=109&ccb=1-7&_nc_sid=2d3e12&_nc_ohc=JHNlL_baRD8Q7kNvwGWcWDb&_nc_oc=AdqodBkL9Ou74bYAPEi6sqV-p4hH06URdNM0mbyZnW1wTkk8GgG7pJNpVGjR4Wr-BMA&_nc_zt=24&_nc_ht=scontent-iad6-1.xx&_nc_gid=U6dIRLMnEtc5rZRCxlLTTQ&_nc_ss=7c2a8&oh=00_AQCQXpB9eaDYCOpO-3BiUdLtvFuADx1MX2mw5X4V_1VArw&oe=6A601894","https://www.facebook.com/yourdreamhous","10","653246771382476","WHY CHOOSE LANCASTER NEW CITY AS A BEST PLACE  TO LIVE WITH  YOUR FAMILY:

VERY NEAR IN MANILA, 15-20 MINUTES AWAY VIA CAVITEX
100% FLOOD FREE
24/7 SECURITY (EVERY GATE HAS A SECURITY GUARD DUTY)
ALL YOUR NEEDS IS RIGHT AWAY INSIDE IN THE SUBDIVISION LIKE:

*COMMERCIAL CENTER (WELLCOME SUPERMARKET INSIDE THE SUBD.)
*BUS TERMINAL INSIDE THE SUBD. GOING TO
COASTAL MALL.
*PETRON GASOLINE STATION
*SCHOOL FROM PRESCHOOL,ELEMENTARY AND
HIGHSCHOOL(ST.EDWARD INTEGRATEDSCHOOL( SUPERVISE BY LA SALLE)
*CALL CENTER CARE OF SUNTECH IPARK
*WITH 3 STOREY COUNTRY CLUB (W/OLYMPIC SIZE SWIMMING POOL AND KIDDIE POOL,FUNCTION AREA,SPA AND GYM

VERY NEAR IN:
 
1. POLICE STATION OUTSIDE THE GATE OF THE SUBD.
2. WITH HOSPITAL OUTSIDE THE SUBD. (KALAYAAN
HOSPITA,DIVINE GRACE HOSPITAL)

SOON TO RISE
 BANKS: BDO,MAY BANK, UCPB,HSBC(soon to rise)
 WET AND DRY MARKET.(soon to rise)

CHOOSE and RESERVE YOU HOUSE MODEL HERE: http://choosehouseandlot.webs.com/lancaster-new-city-imus

RESERVE YOUR DREAM HOUSE NOW WHICH IS VERY NEAR TO ALL YOUR NEEDS.

CRIS GRAMPON
SMART-09195736249
GLOBE-09261677128
SUN-09224812813","26",,"26","1","1383872907000","https://www.facebook.com/photo.php?fbid=653246771382476&set=a.408581081294170&type=3"
"No photo description available.","672082799492817","photo","https://www.facebook.com/photo/?fbid=672082799492817&set=a.578204484443124",,,,,,,,,,,,,,,,,"100067607325289","Abante News Online","https://scontent-iad6-1.xx.fbcdn.net/v/t39.30808-1/534885277_1089543809975853_3726460784380869728_n.jpg?stp=c0.83.1434.1434a_cp0_dst-jpg_tt6&cstp=mx1434x1434&ctp=s40x40&_nc_cat=1&ccb=1-7&_nc_sid=2d3e12&_nc_ohc=yKvF-OiRxSsQ7kNvwEuP1IV&_nc_oc=AdqVOB9Kdyqe8gffiCDEvN8moeCpFpOhqKR0U6D8Fqpg4lVSH3ZvCCo8jzAlhtwl3Tw&_nc_zt=24&_nc_ht=scontent-iad6-1.xx&_nc_gid=U6dIRLMnEtc5rZRCxlLTTQ&_nc_ss=7c2a8&oh=00_AQBzHlXY4h2XO8q7b08drNdj9Z9O25-wnQ-2EFrsnvEiPQ&oe=6A602623","https://www.facebook.com/abantenews","7","672082799492817","1,200 FEARED DEAD IN TYPHOON-DEVASTATED PHILIPPINES


Tacloban (Philippines) (AFP) - One of the most powerful typhoons in history is believed to have killed 1,200 people in the Philippines, the Red Cross Saturday, as rescue workers raced to reach towns devastated by tsunami-like waves.

A day after Super Typhoon Haiyan whipped across the central Philippines with maximum sustained winds of around 315 kilometres (195 miles) an hour, a picture emerged of entire communities having been flattened.

Authorities said that, aside from the ferocious winds, storm surges of up to three metres (10 feet) high that swept into coastal towns and deep inland were responsible for destroying countless homes.

""Imagine a strip one kilometre deep inland from the shore, and all the shanties, everything, destroyed,"" Interior Secretary Mar Roxas said after visiting coastal towns in Leyte, one of the worst-hit provinces in the east of the archipelago.

""They were just like matchsticks flung inland. All the houses were destroyed.""
The official government death toll on Saturday night was 138.

But with rescue workers yet to reach or communicate with many ravaged communities across a 600-kilometre stretch of islands, authorities said they were unable to give a proper assessment of how many people had been killed.

Philippine Red Cross secretary general Gwendolyn Pang said her organisation estimated 1,200 people had died, while a UN official who visited Leyte described apocalyptic scenes.

""This is destruction on a massive scale. There are cars thrown like tumbleweed and the streets are strewn with debris,"" said Sebastian Rhodes Stampa, the head of a UN disaster assessment coordination team.

""The last time I saw something of this scale was in the aftermath of the Indian Ocean tsunami,"" he said, referring to the 2004 disaster that claimed about 220,000 lives.

Stampa made his comments after arriving in Tacloban, the destroyed capital of Leyte with a population of about 220,000 people.

More than 100 bodies were littered in and around Tacloban's airport, according to the facility's manager.

AFP journalists who arrived in Tacloban on a military aircraft encountered dazed survivors wandering amid the carnage asking for water, while others sorted through what was left of their destroyed homes.
One resident, Dominador Gullena, cried as he recounted to AFP his escape but the loss of his neighbours.

""My family evacuated the house. I thought our neighbours also did the same, but they didn't,"" Gullena said.

Eight bodies had been laid to rest inside Tacloban airport's chapel, which had also been badly damaged, according to an AFP photographer.

One woman knelt on the flood-soaked floor of the church while holding the hand of a dead boy, who had been placed on a wooden pew.

Energy Secretary Jericho Petilla reached the fishing town of Palo, about 10 kilometres from Tacloban, by helicopter and said he believed ""hundreds"" of people had died just in that area.

Pope Francis tweeted his support for the typhoon victims: ""I ask all of you to join me in prayer for the victims of Typhoon Haiyan/Yolanda especially those in the beloved islands of the Philippines.""
Race to reach decimated communities.

Meanwhile, the military, government relief workers and non-government organisations battled to reach communities and deliver desperately needed supplies.

Fifteen thousand soldiers were in the disaster zones and helping in the rescue effort, military spokesman Lieutenant-Colonel Ramon Zagala told AFP.

Zagala said helicopters were flying rescuers into priority areas, while infantry units deployed across the affected areas were also proceeding on foot or in military trucks.

Haiyan's wind strength, which remained close to 300 kilometres an hour throughout Friday, made it the strongest typhoon in the world this year and one of the most intense ever recorded.

It exited into the South China Sea on Saturday and tracked towards Vietnam, where more than 200,000 people crammed into storm shelters.

Philippine authorities had expressed confidence on Friday that only a few people had been killed, citing two days of intense preparation efforts led by President Benigno Aquino.

Nearly 800,000 people in danger zones had been moved to evacuation centres, while thousands of boats across the archipelago were ordered to remain secured at ports. Hundreds of flights were also cancelled.

Aquino said on Saturday night it appeared some communities had not heeded the warnings.
""I hesitate to say this, but it seems that Tacloban was not that prepared, shall we say, compared with other areas,"" he told reporters in Manila.

An average of 20 major storms or typhoons, many of them deadly, batter the Philippines each year as they emerge from the Pacific Ocean.

The Philippines suffered the world's strongest storm of 2012, when Typhoon Bopha left about 2,000 people dead or missing on the southern island of Mindanao.

Haiyan is expected to make landfall in central Vietnam early Sunday, with millions of people thought to be in its path.

Authorities have begun mass evacuations in at least four central coastal provinces, Vietnam's state-run VNExpress news site said, as the country was put on high alert.

IN PHOTO:
An aerial shot shows devastation in Iloilo, central Philippines on November 9, 2013 in aftermath of Super typhoon Haiyan that smashed into coastal communities. (AFP)","17",,"17","50","1384010036000","https://www.facebook.com/photo.php?fbid=672082799492817&set=a.578204484443124&type=3"
,,,,,,,,,,,,,,,,,,,,"100063714489807","Fr. Jboy Gonzales SJ","https://scontent-iad6-1.xx.fbcdn.net/v/t39.30808-1/305584067_497226972411115_3782376413648576576_n.jpg?stp=c0.0.1365.1365a_cp0_dst-jpg_tt6&cstp=mx1365x1365&ctp=s40x40&_nc_cat=107&ccb=1-7&_nc_sid=2d3e12&_nc_ohc=P2ci5O3hAqYQ7kNvwEJMImF&_nc_oc=AdoKcx1qkqLy9L3-l5cjNbeXSP49n2g7NgfJosh4JBt04pc7v-KUxvb8unYnQHkJjFo&_nc_zt=24&_nc_ht=scontent-iad6-1.xx&_nc_gid=U6dIRLMnEtc5rZRCxlLTTQ&_nc_ss=7c2a8&oh=00_AQAI5rNzJj9HTmcFlpzar5PyvAC9yi7KpTUVPXzAjgNlHQ&oe=6A603CAB","https://www.facebook.com/jboygonzalessj","0","10159256105986734","To those who experienced flooding before: please bring valuable things to a safe place NOW. And go to safe areas.","1",,"1","0","1383877383000","https://www.facebook.com/jboygonzalessj/posts/pfbid02XxnBJeA4twM26vi9ocfdUw2c54Kn87fzx9nCfBWZMQ9G4NowzJgZCUimmhmZoFf8l"
"No photo description available.","589775714420891","photo","https://www.facebook.com/photo/?fbid=589775714420891&set=a.561123299390144",,,,,,,,,,,,,,,,,"100064774356158","OFW Waray International <New Version>","https://scontent-iad3-1.xx.fbcdn.net/v/t39.30808-1/327237670_506223954952349_8596317872284929692_n.jpg?stp=cp0_dst-jpg_tt6&cstp=mx366x366&ctp=s40x40&_nc_cat=108&ccb=1-7&_nc_sid=2d3e12&_nc_ohc=BI6_Dipe4ukQ7kNvwGUHqLQ&_nc_oc=Ado0shvRO1QYlP1u5YzA3A7EIqwnRiyTAhLzo4WnWlAxl9jPJCuYRz05A0VETbxqaIo&_nc_zt=24&_nc_ht=scontent-iad3-1.xx&_nc_gid=U6dIRLMnEtc5rZRCxlLTTQ&_nc_ss=7c2a8&oh=00_AQCnh5MOsHmwnWPj6YObChnTMLkV6uRb6qi1NB2yoSbifQ&oe=6A60168F","https://www.facebook.com/OFWWINV","0","589775714420891","Source: abscbnnews.com posted as of 3:48pm 

Storm surge warning

PAGASA also warned the public against storm surges, noting that 15-foot waves have been reported in Tacloban City.

ABS-CBN reports reveal flash floods have turned Tacloban's streets into rivers, while a photo from ABS-CBN television shows six bamboo houses washed away along a beach more than 200 kilometers to the south.

Video footage taken by a resident also showed corrugated iron sheets being ripped off roofs and floating with the wind before crashing into buildings.

The Department of Science and Technology's Project NOAH (Nationwide Operational Assessment of Hazards) said areas in the path of the typhoon could experience tidal and storm-induced waves that could reach as high as 17 feet.

Project NOAH said Ormoc, Leyte could experience waves as high as 5.2 meters (17 feet), with its peak occurring at 2 p.m. today.

Other areas that will see seawater rise above more than 4 meters (13 feet) because of typhoon Yolanda include Matarinao Bay, Eastern Samar (4.7 meters); Port Pusgo, Quezon (4.6 meters); Santa Cruz Harbor, Quezon (4.3 meters); Poro Island, Biliran (4.3 meters); Banate, Iloilo (4.1 meters); and Port Barton, Palawan (4 meters).

#Budang#","14",,"14","6","1383902424000","https://www.facebook.com/photo.php?fbid=589775714420891&set=a.561123299390144&type=3"
"No photo description available.","658758607477698","photo","https://www.facebook.com/photo/?fbid=658758607477698&set=a.455137113311866",,,,,,,,,,,,,,,,,"100064467441302","Philippine Modernization","https://scontent-iad3-1.xx.fbcdn.net/v/t39.30808-1/309528085_455137139978530_892941840173089765_n.jpg?stp=c56.0.335.335a_cp0_dst-jpg_tt6&cstp=mx335x335&ctp=s40x40&_nc_cat=104&ccb=1-7&_nc_sid=2d3e12&_nc_ohc=DTrueRS9o9gQ7kNvwHv9ehC&_nc_oc=AdqzmBLA2RDqidSAOfDftfdHXUEhQrZ4lKF9Ag2ltMF5AOCK5iNpc3XmoOEepdPWEHM&_nc_zt=24&_nc_ht=scontent-iad3-1.xx&_nc_gid=U6dIRLMnEtc5rZRCxlLTTQ&_nc_ss=7c2a8&oh=00_AQAXS8B4_4GxUBCQUsyLhwuaQEhGd_7ZlDoKDlE-wztLqQ&oe=6A600F6D","https://www.facebook.com/PhilippineModernization","4","658758607477698","UN to help assess ‘Yolanda’ damage, set up emergency communication lines

MANILA, Philippines – The United Nations and its affiliated agencies deployed teams on Saturday to assist the Philippine government in assessing the damage wrought by Supertyphoon Yolanda and establish emergency communication lines as power and telephone lines remained down in much of the Visayas. 

The UN Office for Coordination of Humanitarian Affairs (UNOCHA) said organizations including the UN Disaster Assessment and Coordination, the Asia-Pacific Humanitarian Partnership, Télécoms Sans Frontière and MapAction arrived in the country on Saturday “to assist the government in establishing coordination hubs and conduct initial assessments.” 

The UN said members of the Association of Southeast Asian Nations’ Emergency Rapid Assessment Team “have deployed to support coordination and emergency telecommunication.” 

Initial UN assessment showed that some 18 million people were affected and more than 126,000 people living on the path of the typhoon, particularly in Eastern Visayas, had been evacuated early on as a precaution. 

It cited reports of flooding, landslides and wind damage in Eastern Samar and Leyte, the islands where the typhoon first came ashore early Friday morning. 

UNOCHA said a needs assessment was under way “prioritizing shelter, food, health, water, sanitation and health facilities, camp management and logistics.” 


Read more: http://globalnation.inquirer.net/89983/un-to-help-assess-yolanda-damage-set-up-emergency-communication-lines-2#ixzz2k9jPXfI3 

#rymrt","38",,"38","11","1384005203000","https://www.facebook.com/photo.php?fbid=658758607477698&set=a.455137113311866&type=3"
"No photo description available.","658086614211564","photo","https://www.facebook.com/photo/?fbid=658086614211564&set=a.455137113311866",,,,,,,,,,,,,,,,,"100064467441302","Philippine Modernization","https://scontent-iad3-1.xx.fbcdn.net/v/t39.30808-1/309528085_455137139978530_892941840173089765_n.jpg?stp=c56.0.335.335a_cp0_dst-jpg_tt6&cstp=mx335x335&ctp=s40x40&_nc_cat=104&ccb=1-7&_nc_sid=2d3e12&_nc_ohc=DTrueRS9o9gQ7kNvwHv9ehC&_nc_oc=AdqzmBLA2RDqidSAOfDftfdHXUEhQrZ4lKF9Ag2ltMF5AOCK5iNpc3XmoOEepdPWEHM&_nc_zt=24&_nc_ht=scontent-iad3-1.xx&_nc_gid=-2GKC2_gofot8jg1PhiOWg&_nc_ss=7c2a8&oh=00_AQDPjOjNIimvwzN4SB9KdX1pB5ZCiF8YL42ZWtgYXuqiaw&oe=6A600F6D","https://www.facebook.com/PhilippineModernization","1","658086614211564","Storm surge, high tide threaten coastal areas

A deadly combination of storm surge and high tide could bring seawater flooding many coastal areas in the country, government scientists warned Thursday.

Matarinao Bay in Eastern Samar could experience tidal waves as high as 17 feet Friday morning, according to the Department of Science and Technology's Project NOAH (Nationwide Operational Assessment of Hazards).

Other areas that will see seawater rise above more than 13 feet because of typhoon Yolanda include Poro Island in Biliran, Tacloban in Leyte, Port Pusgo in Quezon, Andis Island in Eastern Samar, and Sta. Cruz Harbor in Quezon.

Meanwhile, around 10 feet-high seawater could swamp Port Barton in Palawan, Banata in Iloilo, Palompon and Ormoc in Leyte, Gamay Bay in Northern Samar, and Tuburan in Cebu.

Project NOAH listed other areas threatened by storm surge and high tide.

The Global Disaster Alert and Coordination System (GDACS) earlier issued an orange alert for storm surge impact in the Philippines.

http://www.abs-cbnnews.com/nation/regions/11/07/13/storm-surge-high-tide-threaten-coastal-areas

-junx","17",,"17","26","1383871683000","https://www.facebook.com/photo.php?fbid=658086614211564&set=a.455137113311866&type=3"
"No photo description available.","10153449242720338","photo","https://www.facebook.com/photo/?fbid=10153449242720338&set=a.544795091004947",,,,,,,,,,,,,,,,,"100064233837042","Grand Chase Classic by PlayPark","https://scontent-iad6-1.xx.fbcdn.net/v/t39.30808-1/676273855_1344154134402368_1794750669881411393_n.jpg?stp=cp0_dst-jpg_tt6&cstp=mx500x500&ctp=s40x40&_nc_cat=109&ccb=1-7&_nc_sid=2d3e12&_nc_ohc=4KOm1a0u4MUQ7kNvwFwmb80&_nc_oc=Adq9QbzlE0stTIRCHMicSRmiIHtNbmMh0vhVtMupIhnPtA_Q3hajyKdIy0T4eJB9vjA&_nc_zt=24&_nc_ht=scontent-iad6-1.xx&_nc_gid=-2GKC2_gofot8jg1PhiOWg&_nc_ss=7c2a8&oh=00_AQCCg68Y-TUSNWhQ6EWSZrfJ0s0-SD8RiwyOCtYvhcCYhQ&oe=6A600A75","https://www.facebook.com/GCCbyPlayPark","287","10153449242720338","[GM Sapphire]

Typhoon Yolanda is now bearing down the country. Don't forget to prepare your emergency kit, especially to those who are affected and for all to pray for everyone's safety...

Here are some of the Emergency Hotlines for your reference:
- National Disaster and Risk Reduction and Management Council (NDRRMC) hotlines
(02) 911-1406, (02) 912-2665, (02) 912-5668, (02) 911-1873, (02) 912-3046, Trunkline: 911-5061 to 64

- Philippine National Police (PNP) Hotline Patrol
117 or send TXT PNP to 2920

- Bureau of Fire Protection (NCR)
117, (02) 729-5166, (02) 410-6319 (Regional Director, Information Desk)

- Metro Manila Development Authority (MMDA)
136, 882-0925 (flood control)
Trunkline: (02) 882-4150-77 loc. 337 (rescue), 255 (Metrobase)
Metrobase: 882-0860

- Red Cross hotline
143, (02) 527-0000, (02) 527-8385 to 95

- Philippine Coast Guard
Trunkline: (02) 527-8481, (02) 527-3877, 0917-724-3682 (globe), 0917-PCG-DOTC (globe)","200",,"200","13","1383892241000","https://www.facebook.com/photo.php?fbid=10153449242720338&set=a.544795091004947&type=3"
,,,,,,,,,,,,,,,,,,,,"100067751582927","Move.PH","https://scontent-iad3-1.xx.fbcdn.net/v/t39.30808-1/309454450_440438708224512_3800632917385549318_n.jpg?stp=c135.135.810.810a_cp0_dst-jpg_tt6&cstp=mx810x810&ctp=s40x40&_nc_cat=108&ccb=1-7&_nc_sid=2d3e12&_nc_ohc=o9VrLkkW_ugQ7kNvwHNxdcT&_nc_oc=AdpV8pU6ZlvaDUiKaxQ6wXrN21_HAyKBMDPUwstWLBJMa8gWLCrHaUCwFc3YQZ-WY6s&_nc_zt=24&_nc_ht=scontent-iad3-1.xx&_nc_gid=-2GKC2_gofot8jg1PhiOWg&_nc_ss=7c2a8&oh=00_AQA7PgcCeJPR0vPpo_ZyMPWCA4FwNI_cRYHWem3uBfdM1g&oe=6A601214","https://www.facebook.com/move.ph","0","527448867346753","As of 8pm the eye of super typhoon #YolandaPH was located in the vicinity of Busuanga, Palawan. If you are in affected areas send your reports to MovePH here on facebook or twitter @MovePH. If you need rescue give your location & contact number and use #rescuePH  if there is flooding in your area include location use #floodPH .","52",,"52","17","1383914687000","https://www.facebook.com/move.ph/posts/pfbid03PQdLBCVPmbD8bgq3GMtfkANdkSvmPwdbtYEPNvV89YZt2c6zaY2Rg3aiN8F5AdYl"
,,,,,,,,,,,,,,,,,,,,"100064849864375","DOST-PAGASA","https://scontent-iad6-1.xx.fbcdn.net/v/t39.30808-1/487303686_1099355335569452_7045424019269009221_n.png?stp=cp0_dst-png&cstp=mx1001x1001&ctp=s40x40&_nc_cat=1&ccb=1-7&_nc_sid=2d3e12&_nc_ohc=8-rGnn6nM6QQ7kNvwF_Stmr&_nc_oc=AdqyVhbZqCUZsdY_E4JtVUNeIWg1KhG0JRPtYD_Piij6rMyuMhB_QRyY0q6V7elTeOE&_nc_zt=24&_nc_ht=scontent-iad6-1.xx&_nc_gid=-2GKC2_gofot8jg1PhiOWg&_nc_ss=7c2a8&oh=00_AQC9IDPNHGKeSThcCLpNsIDe9FCpABxkdc7uPIyU9lbGQw&oe=6A60381F","https://www.facebook.com/PAGASA.DOST.GOV.PH","66","478022595640988","Rainfall Advisory No. 13 #MPRSD
Weather System: Typhoon ""#YolandaPH""
Issued at: 10:00 AM, 08 November 2013 (Friday)

Moderate to heavy #rains affecting portions of #SurigaoDelNorte, #SurigaoDelSur, #AgusanDelNorte, #MisamisOriental, #Camiguin, #LanaoDelNorte, #MisamisOccidental, #Maguindanao, #SultanKudarat and #ZamboangaDelNorte which may continue for the next 2-3 hours.

Meanwhile, light to moderate #rains affecting #ZamboangaDelSur, #ZamboangaSibugay, #ZamboangaCity, #LanaoDelSur, #Bukidnon, #AgusanDelSur, #Sulu, #Basilan and #Tawi-tawi which may persist for the next 2-3 hours.

• FLOODING is possible in low lying areas and LANDSLIDES in mountainous areas.

• The public and the disaster risk reduction and management council concerned are advised to MONITOR the weather condition and watch for the next advisory.","211",,"211","237","1383876055000","https://www.facebook.com/PAGASA.DOST.GOV.PH/posts/pfbid0352kH1tvWqGQS66gq8v9YNEvDdvKEv2t859HGfJJA5KArmD1cAYt9i93sDcStUmQAl"
"No photo description available.","451896724920835","photo","https://www.facebook.com/photo/?fbid=451896724920835&set=a.566248752211587",,,,,,,,,,,,,,,,,"100064794006111","Philippine Junior Marketing Association | PJMA","https://scontent-iad6-1.xx.fbcdn.net/v/t39.30808-1/607659755_1342698074566647_6366977438433329446_n.jpg?stp=cp0_dst-jpg_tt6&cstp=mx1563x1563&ctp=s40x40&_nc_cat=102&ccb=1-7&_nc_sid=2d3e12&_nc_ohc=xc6F1ECEtCUQ7kNvwGWzDTR&_nc_oc=Adoclhy8lAkVYjOPaEjNSiBokkF2uzXOjDHaF1rZg4ypFprk5nm02PqkKLy5vc7fYyM&_nc_zt=24&_nc_ht=scontent-iad6-1.xx&_nc_gid=-2GKC2_gofot8jg1PhiOWg&_nc_ss=7c2a8&oh=00_AQAujClhTFRlCiqRhFjDt7pvqMvo7NhwuxnkDcv_rwHSfw&oe=6A602F08","https://www.facebook.com/philippinejuniormarketingassociation","0","451896724920835","Let us all pray for the Philippines, especially to our brothers and sisters in Visayas.

May the Lord give them Strength and Hope to rise above the super typhoon Yolanda/Haiyan.

""When the oceans rise and thunders roar
I will soar with You above the storm
Father you are King over the flood
I will be still, know You are God""
                                        - From the song Still by Hillsong United

Fear thou not; for I am with thee: be not dismayed; for I am thy God: I will strengthen thee; yea, I will help thee; yea, I will uphold thee with the right hand of my righteousness.
                                                         - Isiah 41:10

Photo courtesy of Google images","92",,"92","20","1383889849000","https://www.facebook.com/photo.php?fbid=451896724920835&set=a.566248752211587&type=3"
"No photo description available.","10151795616418940","photo","https://www.facebook.com/photo/?fbid=10151795616418940&set=a.620221890149116",,,,,,,,,,,,,,,,,"100064839304137","Audition Next Gen","https://scontent-iad6-1.xx.fbcdn.net/v/t39.30808-1/741196996_1445188530985777_7180842240149414772_n.jpg?stp=c6.6.500.500a_cp0_dst-jpg_tt6&cstp=mx500x500&ctp=s40x40&_nc_cat=106&ccb=1-7&_nc_sid=2d3e12&_nc_ohc=gVjF2m7XaEQQ7kNvwG49Ofr&_nc_oc=AdpjmRmqv_OrK0yKfcSPw68J4brvN8-hRS9H1y8F7-yj2NSttGtsXu1qDIPJADPFwEU&_nc_zt=24&_nc_ht=scontent-iad6-1.xx&_nc_gid=-2GKC2_gofot8jg1PhiOWg&_nc_ss=7c2a8&oh=00_AQCtX_4ITve6S3O5vz5goukUjJoHaVYr7HlnN5ohmS7trw&oe=6A6025F2","https://www.facebook.com/audinextgen","53","10151795616418940","Typhoon Yolanda is now bearing down the country. Don't forget to prepare your emergency kit, especially to those who are affected and for all to pray for everyone's safety...

Here are some of the Emergency Hotlines for your reference:
- National Disaster and Risk Reduction and Management Council (NDRRMC) hotlines
(02) 911-1406, (02) 912-2665, (02) 912-5668, (02) 911-1873, (02) 912-3046, Trunkline: 911-5061 to 64

- Philippine National Police (PNP) Hotline Patrol
117 or send TXT PNP to 2920 

- Bureau of Fire Protection (NCR)
117, (02) 729-5166, (02) 410-6319 (Regional Director, Information Desk)

- Metro Manila Development Authority (MMDA)
136, 882-0925 (flood control)
Trunkline: (02) 882-4150-77 loc. 337 (rescue), 255 (Metrobase)
Metrobase: 882-0860

- Red Cross hotline
143, (02) 527-0000, (02) 527-8385 to 95

- Philippine Coast Guard
Trunkline: (02) 527-8481, (02) 527-3877, 0917-724-3682 (globe), 0917-PCG-DOTC (globe)","118",,"118","3","1383892188000","https://www.facebook.com/photo.php?fbid=10151795616418940&set=a.620221890149116&type=3"
"No photo description available.","561353437274406","photo","https://www.facebook.com/photo/?fbid=561353437274406&set=a.466847115469424",,,,,,,,,,,,,,,,,"100064324194435","Benz Twit","https://scontent-iad3-1.xx.fbcdn.net/v/t39.30808-1/309389180_466847148802754_5087772462345002929_n.jpg?stp=cp0_dst-jpg_tt6&cstp=mx464x459&ctp=p40x40&_nc_cat=104&ccb=1-7&_nc_sid=2d3e12&_nc_ohc=XRJJUOrhh1AQ7kNvwEX5YlP&_nc_oc=AdpVy4QfQ8FpKNM-QZZspDLsCKcr-WDozTlIJ65fNvnnK-tJaCdso9AtXQaN-RbPDAA&_nc_zt=24&_nc_ht=scontent-iad3-1.xx&_nc_gid=-Zq2cCIYqZH8oAQOZdBxTA&_nc_ss=7c2a8&oh=00_AQDceK2Hq392aXOvIoz7HMrNH4u-_FD6Pg4hvpeBafUESw&oe=6A6006AE","https://www.facebook.com/faceboo.com.pages.benztwit","32","561353437274406","Dear God 
Protect the
Philippines
From the
Storm and floods
Amen.


<3 Lovehurt <3","63",,"63","7","1383896639000","https://www.facebook.com/photo.php?fbid=561353437274406&set=a.466847115469424&type=3"
"No photo description available.","480232868753294","photo","https://www.facebook.com/photo/?fbid=480232868753294&set=a.365711365600523",,,,,,,,,,,,,,,,,"100064849864375","DOST-PAGASA","https://scontent-iad6-1.xx.fbcdn.net/v/t39.30808-1/487303686_1099355335569452_7045424019269009221_n.png?stp=cp0_dst-png&cstp=mx1001x1001&ctp=s40x40&_nc_cat=1&ccb=1-7&_nc_sid=2d3e12&_nc_ohc=8-rGnn6nM6QQ7kNvwF_Stmr&_nc_oc=AdqyVhbZqCUZsdY_E4JtVUNeIWg1KhG0JRPtYD_Piij6rMyuMhB_QRyY0q6V7elTeOE&_nc_zt=24&_nc_ht=scontent-iad6-1.xx&_nc_gid=-Zq2cCIYqZH8oAQOZdBxTA&_nc_ss=7c2a8&oh=00_AQBvsgdr1EiuQWsnb5stbefsg7E3KBHFVcJCH3uaaCMBEw&oe=6A60381F","https://www.facebook.com/PAGASA.DOST.GOV.PH","26","480232868753294","ERRATUM: 
Heavy Rainfall Warning No. 03 #NCR_PRSD

Weather System: Typhoon “#YolandaPH” 

Issued at: 10:00 PM, 08 November 2013 (Friday)

YELLOW: # Zambales, #Pampanga, #NuevaEcija, #Tarlac, #Bulacan, #MetroManila, #Bataan, #Rizal, #Batangas, and #Quezon (Gen. Nakar & Infanta)

• POSSIBLE FLOODING in low lying areas.

The public and the disaster risk reduction and management council concerned are advised to MONITOR the weather condition and watch for the next advisory to be issued at 01:00 AM tomorrow. 

• For more information and queries, please call at telephone numbers 927-1335 and 927-2877 or log on to www.pagasa.dost.gov.ph","73",,"73","39","1383922291000","https://www.facebook.com/photo.php?fbid=480232868753294&set=a.365711365600523&type=3"
"No photo description available.","547041048710758","photo","https://www.facebook.com/photo/?fbid=547041048710758&set=a.569309061552750",,,,,,,,,,,,,,,,,"100054209845266","CaptainAnnee Gaming ツ","https://scontent-iad3-2.xx.fbcdn.net/v/t39.30808-1/480667767_9161378060610304_8714200525040923941_n.jpg?stp=cp0_dst-jpg_tt6&cstp=mx500x500&ctp=s40x40&_nc_cat=111&ccb=1-7&_nc_sid=2d3e12&_nc_ohc=lG41k_DiitwQ7kNvwFdWDZ2&_nc_oc=AdoMuDHb_Spi3hrvhGfUdLPuaD8U_nHUXVoQrCG2jiZwigpIJKU17AaBsR3rEqUTAdI&_nc_zt=24&_nc_ht=scontent-iad3-2.xx&_nc_gid=-Zq2cCIYqZH8oAQOZdBxTA&_nc_ss=7c2a8&oh=00_AQCvU3v8goXjZfI2zrNsxH_-cFLDXUgd-M9wRHAU2iyKag&oe=6A601C49","https://www.facebook.com/CaptainAnnee","0","547041048710758","Flood Photos of me? :) I'm sorry. Just let me.. :D","1",,"1","0","1383869747000","https://www.facebook.com/photo.php?fbid=547041048710758&set=a.569309061552750&type=3"
,,,,,,,,,,,,,,,,,,,,"151550808243386","OFW Waray International <New Version>","https://scontent-iad3-1.xx.fbcdn.net/v/t39.30808-1/327237670_506223954952349_8596317872284929692_n.jpg?stp=cp0_dst-jpg_tt6&cstp=mx366x366&ctp=s40x40&_nc_cat=108&ccb=1-7&_nc_sid=2d3e12&_nc_ohc=BI6_Dipe4ukQ7kNvwGUHqLQ&_nc_oc=Ado0shvRO1QYlP1u5YzA3A7EIqwnRiyTAhLzo4WnWlAxl9jPJCuYRz05A0VETbxqaIo&_nc_zt=24&_nc_ht=scontent-iad3-1.xx&_nc_gid=-Zq2cCIYqZH8oAQOZdBxTA&_nc_ss=7c2a8&oh=00_AQA6veWq1_OUh5q1m8RZw2dbcPKgOrdHNPBeahxgspSqbA&oe=6A60168F","https://www.facebook.com/OFWWINV","1","589666961098433","","14",,"14","3","1383875354000","https://www.facebook.com/OFWWINV/posts/589666961098433"
"No photo description available.","479704878811730","photo","https://www.facebook.com/photo/?fbid=479704878811730&set=a.480425000792652",,,,,,,,,,,,,,,,,"100064754676444","Yung feeling na M.U kayo ni CRUSH, Heaven :"">","https://scontent-iad3-1.xx.fbcdn.net/v/t39.30808-1/309513796_480425014125984_438804409117518480_n.jpg?stp=c53.0.454.454a_cp0_dst-jpg_tt6&cstp=mx454x454&ctp=s40x40&_nc_cat=101&ccb=1-7&_nc_sid=2d3e12&_nc_ohc=XNJwosUqpTAQ7kNvwH_nGSy&_nc_oc=AdorEC39E_ffwI-74zLcBdS7SgfMguUGnmImSS3kUSqSFjGnzKEtRkC7TwXXPjcTuoo&_nc_zt=24&_nc_ht=scontent-iad3-1.xx&_nc_gid=-Zq2cCIYqZH8oAQOZdBxTA&_nc_ss=7c2a8&oh=00_AQABzILq7eQ2hQlNg1KNwMjkQu1NuyVSWP5VMd-c4DptuA&oe=6A600A2D","https://www.facebook.com/profile.php?id=100064754676444","0","479704878811730","Tnx sa flood ng likes ms. Jasmine","2",,"2","0","1383953886000","https://www.facebook.com/photo.php?fbid=479704878811730&set=a.480425000792652&type=3"
,,,,,,,,,,,,,,,,,,,,"352418363749","Bayan ni Juan","https://scontent-iad3-1.xx.fbcdn.net/v/t39.30808-1/358700926_808218497359940_712918766564066144_n.png?stp=cp0_dst-png&cstp=mx806x806&ctp=s40x40&_nc_cat=110&ccb=1-7&_nc_sid=2d3e12&_nc_ohc=IMafawHRwfgQ7kNvwGDnFFd&_nc_oc=AdofoWV6259_zh3rQYMsFekAM0UPs9qIftyNhZOLNSb1n51B-LHqMXBGZOBIktWQ3Jk&_nc_zt=24&_nc_ht=scontent-iad3-1.xx&_nc_gid=-Zq2cCIYqZH8oAQOZdBxTA&_nc_ss=7c2a8&oh=00_AQDw3JEsrBfkjpS1-GrC2E8BD-1KNPhYwB63jIGpGR3IUg&oe=6A602789","https://www.facebook.com/bayannijuan.biz","0","10151963545433750","Let's act and respond to flood affected families NOW! Check on the link for more information

http://www.facebook.com/l.php?u=http%3A%2F%2Ftechnetium-tc.com%2Fshare%2Fph%2F280%2F243492&h=7AQHbeJAR",,,"0","1","1383904800000","https://www.facebook.com/bayannijuan.biz/posts/10151963545433750"
"No photo description available.","10151834617468073","photo","https://www.facebook.com/photo/?fbid=10151834617468073&set=a.10151006142258073",,,,,,,,,,,,,,,,,"100064024245919","DIXON Construction","https://scontent-iad6-1.xx.fbcdn.net/v/t39.30808-1/302562125_469640235180114_3627488792064562670_n.jpg?stp=cp0_dst-jpg_tt6&cstp=mx911x912&ctp=s40x40&_nc_cat=109&ccb=1-7&_nc_sid=2d3e12&_nc_ohc=kT_B0pTRFE4Q7kNvwEpGS0U&_nc_oc=Adr2F7RBBJtL5vae4hnWmwiBR0ytPdZf5NM891Q9BmWFZhVyTqKMomFMbydKKgbYTrU&_nc_zt=24&_nc_ht=scontent-iad6-1.xx&_nc_gid=NAEjO8MBxY38th1xEPELSA&_nc_ss=7c2a8&oh=00_AQDgkvODB6Deo_2MCpMhrVuqQ9owFFbVOxGHZka9BMnc_w&oe=6A6009D9","https://www.facebook.com/DixonConstruction","0","10151834617468073","4BR 2-storey house w/ attic for sale. Fully fitted, FLOOD FREE. Available thru bank financing. Low Downpayment","1",,"1","0","1383990796000","https://www.facebook.com/photo.php?fbid=10151834617468073&set=a.10151006142258073&type=3"
,,,,,,,,,,,,,,,,,,,,"1387744168104241","Kaibigan lang muna tayo ngayon , Akin ka pagdating ng tamang Panahon""","https://scontent-iad3-1.xx.fbcdn.net/v/t39.30808-1/611068858_1413460186836426_2226652133579763890_n.jpg?stp=cp0_dst-jpg_tt6&cstp=mx523x531&ctp=p40x40&_nc_cat=101&ccb=1-7&_nc_sid=2d3e12&_nc_ohc=dtWYuNRj9ygQ7kNvwGBi6DS&_nc_oc=Adr2nohgudtL1Y5FeZ1_5Ko0KByZZ2bvdcbTiDYkmrEmjTuHG6w_oaCa9YFb-oA0IvI&_nc_zt=24&_nc_ht=scontent-iad3-1.xx&_nc_gid=NAEjO8MBxY38th1xEPELSA&_nc_ss=7c2a8&oh=00_AQANIo8XD4c6chDU5MNRdn793L4UznQc3rxuuYgjIxkmFQ&oe=6A603B98","https://www.facebook.com/KaibiganOKaEbigan","0","1431954483683209","praya tayo para sa mga kababayan natin

#agapita

http://www.abs-cbnnews.com/video/nation/regions/11/08/13/watch-floods-quickly-rise-tacloban-city","12",,"12","0","1383877175000","https://www.facebook.com/KaibiganOKaEbigan/posts/1431954483683209"
"No photo description available.","10151821753552615","photo","https://www.facebook.com/photo/?fbid=10151821753552615&set=gm.244930575663726",,,,,,,,,,,,,,,,,"636387614","Oscar Hill","https://scontent-iad6-1.xx.fbcdn.net/v/t1.6435-1/37599808_10155752859902615_5081235031754539008_n.jpg?stp=cp0_dst-jpg_tt6&cstp=mx1424x1440&ctp=s24x24&_nc_cat=106&ccb=1-7&_nc_sid=e99d92&_nc_ohc=pNqx7QQ7DPQQ7kNvwGUWRvJ&_nc_oc=AdrgxyZOs1pDVnVNrDNAGSpVdYwinEeSuzDSOs7P-zudCCu0hJDnU2Zoa_0cEMNkHng&_nc_zt=24&_nc_ht=scontent-iad6-1.xx&_nc_gid=NAEjO8MBxY38th1xEPELSA&_nc_ss=7c2a8&oh=00_AQDFdcpS1FHWzGP54PNb6wW8GjOD022oP9LC455p_RlsMQ&oe=6A81B3D2","https://www.facebook.com/kaka.059666666","0","244930575663726","Flashback friday nalang kaysa flash flood. Smile kaDogs","5",,"5","0","1383883747000","https://www.facebook.com/groups/dog.ph/permalink/244930575663726/"
,,,,,,,,,,,,,,,,,,,,"192436084619","DZMM Radyo Patrol 630","https://scontent-iad6-1.xx.fbcdn.net/v/t39.30808-1/668587708_1384714187022521_8343581617824766493_n.jpg?stp=c33.0.1012.1012a_cp6_dst-jpg_tt6&cstp=mx1012x1012&ctp=s40x40&_nc_cat=1&ccb=1-7&_nc_sid=2d3e12&_nc_ohc=SNb0wvffI00Q7kNvwG-3oFn&_nc_oc=Adp0uebADSYqtLWNt7QL2DuhApUbCdnjQueAqbHfsAyBcDo1Ny8F0_o-rxkHZxoBa-s&_nc_zt=24&_nc_ht=scontent-iad6-1.xx&_nc_gid=NAEjO8MBxY38th1xEPELSA&_nc_ss=7c2a8&oh=00_AQBx-8nj87P1FxY3Woor_aXZJQhd7_BHCXI-67M9fS8Oqw&oe=6A600C56","https://www.facebook.com/DZMMRadyo630","0","10151825326919620","INFOGRAPHIC: PAGASA Rainfall and Flood Warning System http://bit.ly/18Kdx5Q","16",,"16","0","1383913102000","https://www.facebook.com/DZMMRadyo630/posts/10151825326919620"
,,,,,,,,,,,,,,,,,,,,"108475855846191","Shepherd's Sheep Baptist Church Tulo Batangas City","https://scontent-iad3-2.xx.fbcdn.net/v/t39.30808-1/326566096_5949568091816894_4341119736869667567_n.jpg?stp=cp0_dst-jpg_tt6&cstp=mx2048x2048&ctp=s40x40&_nc_cat=103&ccb=1-7&_nc_sid=2d3e12&_nc_ohc=QjrO3nPaBhAQ7kNvwHvJw4v&_nc_oc=Adq66LXh-JfeK7-PvPzGK8aXnTiqHfe9pDVS0EpXoUO8DwRP3nwdWsj6pdb_HVfdNCM&_nc_zt=24&_nc_ht=scontent-iad3-2.xx&_nc_gid=NAEjO8MBxY38th1xEPELSA&_nc_ss=7c2a8&oh=00_AQCycfLU8GoOoIi_a8pf7WoZKDbqAs0rY9EcUrcoQZni2g&oe=6A601ACE","https://www.facebook.com/ssbctbc","1","763793090314461","Tacloban City in Leyte felt the wrath of super typhoon ""Yolanda,"" with storm surges wiping out houses and flooding many areas in the city.","6",,"6","7","1383991767000","https://www.facebook.com/ssbctbc/posts/763793090314461"
"No photo description available.","416599691796795","photo","https://www.facebook.com/photo/?fbid=416599691796795&set=a.423022483258326",,,,,,,,,,,,,,,,,"100066517326149","BMC Dalubnayan","https://scontent-iad6-1.xx.fbcdn.net/v/t39.30808-1/300634093_423022503258324_5015446416113311444_n.jpg?stp=cp0_dst-jpg_tt6&cstp=mx612x612&ctp=s40x40&_nc_cat=100&ccb=1-7&_nc_sid=2d3e12&_nc_ohc=aTSQaAKLk_MQ7kNvwExCEWU&_nc_oc=Adr1pHABVOwfKmkbPefbEIZkrnXor39z_LbFacu8CA7cd7BV8t0RQlgg1Onsu7dlS18&_nc_zt=24&_nc_ht=scontent-iad6-1.xx&_nc_gid=NAEjO8MBxY38th1xEPELSA&_nc_ss=7c2a8&oh=00_AQCyCVpojoQWfqm-V0gf1WL1ldrBHzKJH6qWI1YpaeNLYA&oe=6A6018F0","https://www.facebook.com/profile.php?id=100066517326149","0","416599691796795","How to make sense of PAG-ASA’s color-coded rainfall advisories

The flood alerts
Under the heavy rainfall warning system, a yellow rainfall advisory is raised when the expected rainfall amount is between 7.5 mm and 15 mm within one hour and likely to continue.

Communities given this advisory are advised to be aware of the weather condition and warned that flooding may be possible in low-lying areas.

The orange rainfall advisory is raised in areas where rainfall is between 15 mm and 30 mm within one hour. Flooding is a definite threat in communities under the orange alert.

A red rainfall advisory is issued when downpours constitute an emergency. This is raised when observed rainfall is more than 30 mm within one hour or if rainfall has continued for the past three hours and is more than 65 mm.

When PAGASA raises a Red warning, communities should be prepared to respond. It means serious flooding is seen and that residents should be ready to evacuate to safety.

How it works:
Based on the advisory level, find out if your area is affected. For example, if you live in Marikina, go to Project Noah. The real-time flood reference for Marikina can be seen if you click flood maps and go to flood inundation. PAGASA generates flood scenario for Marikina river every 10 min.

In cases of alerts, it’s the LGU in charge:

MMDA Flood Control – 882-4177, 882-0925
Parañaque DPOS – 829-2056
Manila Traffic Hotline – 527-3087
Cainta Traffic Hotline – 646-0044, 655-7368 loc. 164
Las Piñas Traffic – 874-5756, 874-3957, 874-3927
Mandaluyong Hotline – 534-2993
Taguig Traffic – 838-4301 loc. 7112
Marikina STOC – 646-1651
Pasig Traffic – 643-0000, 724-5813
Makati Public Safety Dept. – 844-3146, 819-3270

All LGUs have identified evacuation areas to be used in case of flooding. These are the barangay multi-purpose court, selected barangay halls, and public schools—elementary and H.S.

#BantayBagyo #IngatPilipinas!","1",,"1","0","1383878376000","https://www.facebook.com/photo.php?fbid=416599691796795&set=a.423022483258326&type=3"
,"668097686544015","video",,,,,,,,,,,,,,,,,,"100064758214279","IGersManila","https://scontent-iad3-2.xx.fbcdn.net/v/t39.30808-1/327239108_514948263955535_6740932536376838054_n.jpg?stp=cp0_dst-jpg_tt6&cstp=mx500x500&ctp=s40x40&_nc_cat=105&ccb=1-7&_nc_sid=2d3e12&_nc_ohc=r4G75D5C98UQ7kNvwEOgRrp&_nc_oc=Ado_PAe-h0akc-6xe2AqsI10ohpWHqJ5DADTLdk4YmJ-ceL1tjQJkUuOUoIT9QUXJIQ&_nc_zt=24&_nc_ht=scontent-iad3-2.xx&_nc_gid=7dO1udgGpT_m2WhI3lJ_lA&_nc_ss=7c2a8&oh=00_AQCIzMFFU1TDt1cceUjMxm7qQ4ADxWV5moIgCtIiHs9a3w&oe=6A6025E1","https://www.facebook.com/igersmanila","0","668097686544015","As we #PrayForPH, remember these hashtags and use them as needed:

#walangpasok
- info on class/work suspension

#floodPH
- info on flooded areas

#trafficPH
- info on traffic situation 

#rescuePH
- include name, address and contact information 

#reliefPH
- info on evacuation centers and donation sites

#safenow 
- once rescued, use this hashtag.","2",,"2","1","1383873246000","https://www.facebook.com/igersmanila/videos/668097686544015/"
"No photo description available.","10151834617408073","photo","https://www.facebook.com/photo/?fbid=10151834617408073&set=a.10151006142258073",,,,,,,,,,,,,,,,,"100064024245919","DIXON Construction","https://scontent-iad6-1.xx.fbcdn.net/v/t39.30808-1/302562125_469640235180114_3627488792064562670_n.jpg?stp=cp0_dst-jpg_tt6&cstp=mx911x912&ctp=s40x40&_nc_cat=109&ccb=1-7&_nc_sid=2d3e12&_nc_ohc=kT_B0pTRFE4Q7kNvwEpGS0U&_nc_oc=Adr2F7RBBJtL5vae4hnWmwiBR0ytPdZf5NM891Q9BmWFZhVyTqKMomFMbydKKgbYTrU&_nc_zt=24&_nc_ht=scontent-iad6-1.xx&_nc_gid=7dO1udgGpT_m2WhI3lJ_lA&_nc_ss=7c2a8&oh=00_AQCu140oxpEiWtXkCTDYuhi38TLqEL1oMWMgCLfKemG2_Q&oe=6A6009D9","https://www.facebook.com/DixonConstruction","0","10151834617408073","4BR 2-storey house w/ attic for sale. Fully fitted, FLOOD FREE. Available thru bank financing. Low Downpayment","1",,"1","0","1383990796000","https://www.facebook.com/photo.php?fbid=10151834617408073&set=a.10151006142258073&type=3"
"No photo description available.","675003155855946","photo","https://www.facebook.com/photo/?fbid=675003155855946&set=a.445980764219443",,,,,,,,,,,,,,,,,"100064225680954","MiLi","https://scontent-iad6-1.xx.fbcdn.net/v/t39.30808-1/304766936_445980797552773_1057667638144419856_n.png?stp=cp0_dst-png&cstp=mx700x700&ctp=s40x40&_nc_cat=106&ccb=1-7&_nc_sid=2d3e12&_nc_ohc=xdoZ6N-1nQ4Q7kNvwFeSyUZ&_nc_oc=AdoyBGML5XVMMg4593vdip6Z0qb6VOhgq9JRVuPwlK08745V206HAFibWzwdcNPHa04&_nc_zt=24&_nc_ht=scontent-iad6-1.xx&_nc_gid=7dO1udgGpT_m2WhI3lJ_lA&_nc_ss=7c2a8&oh=00_AQBaTt1HSN-JHbplGSSl2k1ARA-NCzJrcH56_FYysPuWxQ&oe=6A6034A2","https://www.facebook.com/MiLiPhilippines","0","675003155855946","What to do during flood!","1",,"1","0","1383886800000","https://www.facebook.com/photo.php?fbid=675003155855946&set=a.445980764219443&type=3"
"No photo description available.","572408096161727","photo","https://www.facebook.com/photo/?fbid=572408096161727&set=a.395606096084887",,,,,,,,,,,,,,,,,"100069065006195","Patopat, Dap-ayan ti Kailyan","https://scontent-iad6-1.xx.fbcdn.net/v/t39.30808-1/273567118_4962917347110758_4562971774837802113_n.jpg?stp=cp0_dst-jpg_tt6&cstp=mx480x480&ctp=s40x40&_nc_cat=107&ccb=1-7&_nc_sid=2d3e12&_nc_ohc=HqgCxvYRF1cQ7kNvwFA51Vb&_nc_oc=Adq6qyIY66j-dcsZFeMjW-hafIruH5RHR6RH3oT4CjXrrZ1xbWwN2grK2myYqp_wAXk&_nc_zt=24&_nc_ht=scontent-iad6-1.xx&_nc_gid=7dO1udgGpT_m2WhI3lJ_lA&_nc_ss=7c2a8&oh=00_AQCz9GDfqiR0rkGkw-Bf1w3yYrlfDPPdFuNxLJq0AD4L_w&oe=6A600D6D","https://www.facebook.com/profile.php?id=100069065006195","0","572408096161727","photo flood update


ormoc city


dj","4",,"4","1","1383882045000","https://www.facebook.com/photo.php?fbid=572408096161727&set=a.395606096084887&type=3"
,,,,,,,,,,,,,,,,,,,,"100068787297362","NDRRMC","https://scontent-iad3-1.xx.fbcdn.net/v/t39.30808-1/489430343_976962881273279_1463992780276046221_n.jpg?stp=cp0_dst-jpg_tt6&cstp=mx1764x1764&ctp=s40x40&_nc_cat=101&ccb=1-7&_nc_sid=2d3e12&_nc_ohc=nMkKBcdV61AQ7kNvwHlDKPq&_nc_oc=AdqkqvEY1-6AGZygmijXPOrnBYJfTqKEA7-mjvW3ryslb5_rcRd5HTTMvj4PT7aF4WY&_nc_zt=24&_nc_ht=scontent-iad3-1.xx&_nc_gid=7dO1udgGpT_m2WhI3lJ_lA&_nc_ss=7c2a8&oh=00_AQBNMVXw6c8zYAaNA7gq-7CvV7RlWK6RkbpjYEmqZNv6WQ&oe=6A6022CA","https://www.facebook.com/NDRRMC","0","6356971984381233","NDRRMC Update on General Flood Advisories issued on 08 November 2013
http://t.co/Misw8kmGVm",,,"0","0","1383879426000","https://www.facebook.com/NDRRMC/posts/pfbid02LAoCEZtgMnWMK18YUvq6HCWcithuyEjQGqZYcDfHRRn3TrQhy5dXfUjh4CxEqVpKl"
,,,,,,,,,,,,,,,,,,,,"1147087905","Ace Razo Dela Cruz","https://scontent-iad6-1.xx.fbcdn.net/v/t39.30808-1/344245657_1361182744738966_9140457833155584055_n.jpg?stp=cp0_dst-jpg_tt6&cstp=mx958x960&ctp=s24x24&_nc_cat=100&ccb=1-7&_nc_sid=1d2534&_nc_ohc=kleAoQsb54IQ7kNvwHpM435&_nc_oc=Adq6Wsd0yZi13sKniccKfK1uA0kj4kjAjqNUv-G757DkDHGVwlQ6tuyMz7v2vFt4Hnw&_nc_zt=24&_nc_ht=scontent-iad6-1.xx&_nc_gid=7dO1udgGpT_m2WhI3lJ_lA&_nc_ss=7c2a8&oh=00_AQD7jQEvUm4zQk4B8FX0FWVnaGkUz4L9Mwe8APf3w1Un9A&oe=6A601305","https://www.facebook.com/acemarco","5","10202033155047568","Greenland Executive Village Cainta Rizal

100% Flood free!
100% Flood free!
100% Flood free!

Hope you can check out my ad that I just posted on Sulit.com.ph!

Lot for sale. RUSH! RUSH!
http://www.sulit.com.ph/26181069",,,"0","0","1383964442000","https://www.facebook.com/groups/Toyabuyandsellgroups/posts/368192213327042/"
,,,,,,,,,,,,,,,,,,,,"100068787297362","NDRRMC","https://scontent-iad3-1.xx.fbcdn.net/v/t39.30808-1/489430343_976962881273279_1463992780276046221_n.jpg?stp=cp0_dst-jpg_tt6&cstp=mx1764x1764&ctp=s40x40&_nc_cat=101&ccb=1-7&_nc_sid=2d3e12&_nc_ohc=nMkKBcdV61AQ7kNvwHlDKPq&_nc_oc=AdqkqvEY1-6AGZygmijXPOrnBYJfTqKEA7-mjvW3ryslb5_rcRd5HTTMvj4PT7aF4WY&_nc_zt=24&_nc_ht=scontent-iad3-1.xx&_nc_gid=nUAlTH3UUEjSBH6jt-jhMQ&_nc_ss=7c2a8&oh=00_AQAT4aRcNxsESTCfshA4zB8szUYoxA0O7va33WcmaHKNvA&oe=6A6022CA","https://www.facebook.com/NDRRMC","0","6356971927714572","NDRRMC Advisory on General Flood Advisories issued on 08 November 2013
http://t.co/Hy3v4N4aP5",,,"0","0","1383879311000","https://www.facebook.com/NDRRMC/posts/pfbid0TFySXbjDG7xugSEeZgBgHYbZXM1UaFh2cCsC3EU5xWjDr19FrndV1oyZv14pKCRMl"
,,,,,,,,,,,,,,,,,,,,"100064046912767","Jeckarockz","https://scontent-iad6-1.xx.fbcdn.net/v/t39.30808-1/327159880_575752351247539_5168722846372155561_n.jpg?stp=cp0_dst-jpg_tt6&cstp=mx960x960&ctp=s40x40&_nc_cat=100&ccb=1-7&_nc_sid=2d3e12&_nc_ohc=Ub1Q8B4sDEIQ7kNvwHGdTuE&_nc_oc=AdocwQDuPBF8nuqAnIwHXkKCzhn9vepq45NsnM6vrNkqZfZv3HCIzEKn5xZ4HaRSruI&_nc_zt=24&_nc_ht=scontent-iad6-1.xx&_nc_gid=nUAlTH3UUEjSBH6jt-jhMQ&_nc_ss=7c2a8&oh=00_AQAiSJ1WvmQfM-NYzncsmvCBENm1FzEdOwP9jrMPbI6O5A&oe=6A6027D4","https://www.facebook.com/JeckaBarrac","0","6371296339630460","Retweeted UST CSC (@UST_CSC):

Conquer. Battle. Survive the Flood with these Flood Safety Rules! :) #IngatTomasino #TulongTomasino

http://t.co/Gr3aVATvqI",,,"0","0","1383884890000","https://www.facebook.com/JeckaBarrac/posts/pfbid02DTMV9rWMnpCsPXMpajQxjBtkHkTGUCrtjGccbVJJHF1eXFDioWvjUGMstZGkJKXdl"
,,,,,,,,,,,,,,,,,,,,"100068787297362","NDRRMC","https://scontent-iad3-1.xx.fbcdn.net/v/t39.30808-1/489430343_976962881273279_1463992780276046221_n.jpg?stp=cp0_dst-jpg_tt6&cstp=mx1764x1764&ctp=s40x40&_nc_cat=101&ccb=1-7&_nc_sid=2d3e12&_nc_ohc=nMkKBcdV61AQ7kNvwHlDKPq&_nc_oc=AdqkqvEY1-6AGZygmijXPOrnBYJfTqKEA7-mjvW3ryslb5_rcRd5HTTMvj4PT7aF4WY&_nc_zt=24&_nc_ht=scontent-iad3-1.xx&_nc_gid=nUAlTH3UUEjSBH6jt-jhMQ&_nc_ss=7c2a8&oh=00_AQAT4aRcNxsESTCfshA4zB8szUYoxA0O7va33WcmaHKNvA&oe=6A6022CA","https://www.facebook.com/NDRRMC","0","6357204401024658","NDRRMC Advisory on General Flood Advisories issued on 09 November 2013
http://t.co/fJutGJG9KE",,,"0","0","1383966426000","https://www.facebook.com/NDRRMC/posts/pfbid025HGnQ5Chjj2nCje3jo1uZcxRGgb3vePWWTxKbMdePKY9voYKK7wNnzpLWdTovRJRl"
,,,,,,,,,,,,,,,,,,,,"1147087905","Ace Razo Dela Cruz","https://scontent-iad6-1.xx.fbcdn.net/v/t39.30808-1/344245657_1361182744738966_9140457833155584055_n.jpg?stp=cp0_dst-jpg_tt6&cstp=mx958x960&ctp=s24x24&_nc_cat=100&ccb=1-7&_nc_sid=1d2534&_nc_ohc=kleAoQsb54IQ7kNvwHpM435&_nc_oc=Adq6Wsd0yZi13sKniccKfK1uA0kj4kjAjqNUv-G757DkDHGVwlQ6tuyMz7v2vFt4Hnw&_nc_zt=24&_nc_ht=scontent-iad6-1.xx&_nc_gid=nUAlTH3UUEjSBH6jt-jhMQ&_nc_ss=7c2a8&oh=00_AQCzn8mLTLvthPfazmVTJ4LVPsudYOoo8oTrBpbO7r1B2g&oe=6A601305","https://www.facebook.com/acemarco","5","10202027655470082","Greenland Executive Village Cainta Rizal

100% Flood free!
100% Flood free!
100% Flood free!

Hope you can check out my ad that I just posted on Sulit.com.ph!

Lot for sale. RUSH! RUSH!
http://www.sulit.com.ph/26181069",,,"0","0","1383891459000","https://www.facebook.com/groups/phhouselotsale/posts/530924986997630/"
,,,,,,,,,,,,,,,,,,,,"322946211099670","Concerned Philippines For AFP Modernization","https://scontent-iad3-2.xx.fbcdn.net/v/t39.30808-1/326421213_2403683356462673_8937415751714947930_n.jpg?stp=cp0_dst-jpg_tt6&cstp=mx617x613&ctp=s40x40&_nc_cat=103&ccb=1-7&_nc_sid=2d3e12&_nc_ohc=xMI_CK0WixIQ7kNvwEQzwqN&_nc_oc=Adrx6DZ_aybi47N8c31FFFjprybP74IpmRBDmBfoUnMHcmQg9vXSYERsssxtJxgh2xY&_nc_zt=24&_nc_ht=scontent-iad3-2.xx&_nc_gid=nUAlTH3UUEjSBH6jt-jhMQ&_nc_ss=7c2a8&oh=00_AQCzY9PRlaSu_qdy3HhSSOFN1S4n8JhUEZ6BLckCPJ38dg&oe=6A6036CA","https://www.facebook.com/ConcernedPhilippinesForAfpModernization","0","608585029202452","""Typhoon Haiyan's speed at landfall was expected to beat out Hurricane Camille, which was 305 kilometers per hour (190 mph) at landfall in the United States 1969, Masters said.

The only tiny bright side is that it's a fast-moving storm, so flooding from heavy rain — which usually causes the most deaths from typhoons in the Philippines — may not be as bad, Masters said.

""The wind damage should be the most extreme in Phillipines history,"" he said.

The storm was not expected to directly hit Manila further north. The lowest alert in a four-level typhoon warning system was issued in the flood-prone capital area, meaning it could experience winds of up to 60 kph (37 mph) and rain.","29",,"29","12","1383885470000","https://www.facebook.com/ConcernedPhilippinesForAfpModernization/posts/608585029202452"
,,,,,,,,,,,,,,,,,,,,"19715653044","GetRealPhilippines.COM","https://scontent-iad3-2.xx.fbcdn.net/v/t39.30808-1/339151413_947409202956595_3527680095575180776_n.jpg?stp=c0.0.290.290a_cp0_dst-jpg_tt6&cstp=mx290x290&ctp=s40x40&_nc_cat=111&ccb=1-7&_nc_sid=2d3e12&_nc_ohc=Ey2wIiA37NEQ7kNvwFn4VQi&_nc_oc=AdonwR0m1pZqmVSVueVnwbHFqrDdABQBXfiGNCXnQZgnwraD2yal4zQTXqtAoqkiY2I&_nc_zt=24&_nc_ht=scontent-iad3-2.xx&_nc_gid=z-j0uc9HEBmmZoOOrTOQHA&_nc_ss=7c2a8&oh=00_AQCTPyCquTXe8lI5qbjCsP_gsc4c4vhIpBnfJ51aM6sYdA&oe=6A600D98","https://www.facebook.com/benign0","0","10151734710063045","Blast from the past: ""With floodwaters submerging all those gates and walls, Manila from the air looked like a real community. When the floodwaters subside and everything goes back to normal, Manila from the air will go back to looking like the sorry excuse for an urban 'community' it has always been, as the walls and gates become visible...""","10",,"10","5","1383989382000","https://www.facebook.com/benign0/posts/10151734710063045"
,,,,,,,,,,,,,,,,,,,,"100076183608083","Nababaha","https://scontent-iad6-1.xx.fbcdn.net/v/t39.30808-1/308618460_174704285079024_7665233353168482823_n.jpg?stp=cp0_dst-jpg_tt6&cstp=mx516x510&ctp=p40x40&_nc_cat=109&ccb=1-7&_nc_sid=2d3e12&_nc_ohc=DaKijjh5jaYQ7kNvwEU3Awr&_nc_oc=AdqPHNB2ZjjxQhvMs7T8AUrYZe74YGdjzYNpH6OTgRrAlreS2YO5hUCBxbxImUXiLQI&_nc_zt=24&_nc_ht=scontent-iad6-1.xx&_nc_gid=z-j0uc9HEBmmZoOOrTOQHA&_nc_ss=7c2a8&oh=00_AQDl662Wx-2wAm8MVDwUs9fxFsmUUY2lDY0GPNB70AJ9Gg&oe=6A601597","https://www.facebook.com/profile.php?id=100076183608083","0","6796914646985821","Continued - @kwengchua output. Our task is to provide storm surge flood maps for the entire Philippines.",,,"0","0","1383992164000","https://www.facebook.com/permalink.php?story_fbid=pfbid037KmHqWYukGxRaMVP13R7rD9tDqdGc3h1z2yDQ1oz5zJjMANPB87TYYHKd283Dgcyl&id=100076183608083"
,,,,,,,,,,,,,,,,,,,,"100064919252754","SOS Children's Villages Pilipinas","https://scontent-iad6-1.xx.fbcdn.net/v/t39.30808-1/448674780_868582855315682_9206415265564210063_n.jpg?stp=cp0_dst-jpg_tt6&cstp=mx960x960&ctp=s40x40&_nc_cat=100&ccb=1-7&_nc_sid=2d3e12&_nc_ohc=_D1Kas0VAhEQ7kNvwHjKEkD&_nc_oc=AdrOahx5YcWO6ffAzUbBQbUYb2hD0A-8Efb1UHc97QnXWNKBzs0gnybvSvAT8Rdixb0&_nc_zt=24&_nc_ht=scontent-iad6-1.xx&_nc_gid=z-j0uc9HEBmmZoOOrTOQHA&_nc_ss=7c2a8&oh=00_AQCnyqt1_9zHhR1khux_f0FeX82NVOpVngYrSbB1AOlp-g&oe=6A6033DA","https://www.facebook.com/sospilipinas","3","10152390075358378","SOS TACLOBAN UPDATE:
We received information from a former SOS child who tried to visit his SOS Tacloban family this morning together with some nuns. They walked from San Juanico Bridge to the Children's Village because the roads were unpassable. Storm surge caused flooding in the village and reached up to roof level of the Family Houses. All children, mothers and co-workers were safe but were in the roof during the storm. No food, water and safe place to sleep now. We haven't received any information as of the moment from our SOS Calbayog team who are still on the way to Tacloban. Hopefully, they will arrive soon and rescue our SOS Tacloban family!","24",,"24","36","1384010981000","https://www.facebook.com/sospilipinas/posts/pfbid02hAALvUHM49z3LjYV2uZfNU382DGvTJU2ka63Q1Q3oLBE1N22Azc8kK7evK2QUFpKl"
,,,,,,,,,,,,,,,,,,,,"100067008953246","I am One With Palawan","https://scontent-iad3-2.xx.fbcdn.net/v/t39.30808-1/436210547_779827577594200_6489306529883043328_n.jpg?stp=c48.0.2000.2000a_cp0_dst-jpg_tt6&cstp=mx2000x2000&ctp=s40x40&_nc_cat=103&ccb=1-7&_nc_sid=2d3e12&_nc_ohc=9bHhmToUG_MQ7kNvwFxJbyH&_nc_oc=Adr1fATqV53RrnFpfxOEUxD8VCRsX-QRAKLLHrRPTVBUmY0trJMFRzTYCTPlrxF-qYU&_nc_zt=24&_nc_ht=scontent-iad3-2.xx&_nc_gid=z-j0uc9HEBmmZoOOrTOQHA&_nc_ss=7c2a8&oh=00_AQAAdk8zwNVmWwpjcU3RV9P4-_l3aN3pnk8aOPay13W75g&oe=6A602D52","https://www.facebook.com/no2mininginpalawan","1","675773269122923","Philex to raise TSF3’s tails beach to 608 ML for more stability 
Open spillway would be able to channel up to 1,500 mm of rain over 24 hours 
Philex Mining Corp. aims to raise to between 602 and 608 meters the tailings beach in a storage facility at Padcal Mines, as part of its move to further stabilize this for the continued production of gold and copper in Benguet. 
The beach at the Tailings Storage Facility No. 3 (TSF3), where Philex Mining has been dumping about 26,000 tons of tails daily from March 8, is currently at 597 meters above sea level (masl), according to Libby Ricafort, vice president at Philex Mining and resident manager of Padcal. 
Saturday, November 9, 2013

“We must continue with our operations at the current pace, in order to bring our TSF3 at its former condition before the Aug. 1, 2012 accident,” he stressed. “At 602 masl, little water will go into Penstock B while at 608 masl, the latter may be decommissioned.” 

Building an open spillway at and creating a beach in TSF3 are part of the government-approved urgent remediation measures for the pond. The beach is done by filling up the void created by a sinkhole when TSF3 discharged nontoxic water and sediment onto Balog Creek after historically unprecedented rains brought about by two successive typhoons. 

Since August, water has been flowing onto the open spillway from TSF3, whose two chutes were done in June while the third and last one will be undertaken during the next dry season. Upon full completion, the spillway, whose each chute measures 12 meters wide and 300 meters long, will be able to channel up to 1,500 millimeters (mm) of rain over 24 hours—or more than thrice the 455 mm of rain that Typhoon Ondoy dumped over a 24-hour period in 2009. 

According to government regulation, an open spillway must be designed in such a way that it could withstand a flood event having an unusual rainfall with a 1-percent chance of occurring at any given time. For TSF3 and its open spillway, this unusual rainfall would be equivalent to 1,000 mm in 24 hours. 

“Padcal’s urgent remediation measures have progressed significantly since government regulators allowed Philex Mining to resume operations,” Michael Toledo, SVP for Corporate Affairs at Philex Mining, said. 

Mr. Ricafort said the 602 meter level (ML) of tails at TSF3 can be achieved in between nine and 12 months from July, while having the 608 ML may take another two years, emphasizing that the less than 100-hectare pond is cone-shaped and, therefore, becoming wider from bottom to top. 

He added that there is now a limited amount of water going into the pond’s Penstock B, which may be decommissioned once the tails beach rises to between 602 ML and 608 ML while the offset dike, which is being reconstructed, reaches 615 ML from its current 611 ML. 

It may be recalled that Philex Mining had condemned TSF3’s Penstock A and its connecting Tunnel A and sealed these off with concrete after the accident. Penstock B and Tunnel B, on the other hand, may still be used if needed.

The quality of water at tributaries near the Padcal mine site, including Balog Creek and Agno River, and even downstream to the irrigation canal in Pangasinan, has passed regulatory limit and remained below the effluent standards set by government, while fish samples were within the criteria imposed by foreign environmental commissions. 

 Scientists, environmentalists, and engineers earlier said the filling and beaching process at TSF3 as well as the building of a spillway were the safest and fastest way of bringing the pond—designed to hold solids, not liquid—back into its stable condition before Aug. 1, 2012.",,,"0","1","1383999810000","https://www.facebook.com/no2mininginpalawan/posts/pfbid02YQ1NjTW1MD1Eek8bL3zHjpbtrdHBDBQ2wQ5WY211AJheDbqBi4MjjcWeywCxKtFAl"
"No photo description available.","762073197142685","photo","https://www.facebook.com/photo/?fbid=762073197142685&set=gm.568193733251127",,,,,,,,,,,,,,,,,"100000200347870","קודי רְעוּאֵל","https://scontent-iad6-1.xx.fbcdn.net/v/t39.30808-1/459320475_8897050796978177_3928726493196729056_n.jpg?stp=cp0_dst-jpg_tt6&cstp=mx960x960&ctp=s24x24&_nc_cat=106&ccb=1-7&_nc_sid=e99d92&_nc_ohc=3AJgBmbAfgwQ7kNvwFHHN5X&_nc_oc=Adp6ZNNKLQysPGoBGkYWyuxpUILOcew17bRJpOkjz_8CBCNLmVA-dJ7Ksp6c3Lpa0Z4&_nc_zt=24&_nc_ht=scontent-iad6-1.xx&_nc_gid=z-j0uc9HEBmmZoOOrTOQHA&_nc_ss=7c2a8&oh=00_AQAoQpiMoJNV_J2Z9iWd17Ejp3ixQUnp1HJDPoTvzxVPLw&oe=6A600B8B","https://www.facebook.com/CryptoYowG","0","568193733251127","Redescribed - Repriced -

Selling !!! ------ You can ask your bank about a financing 

2007 Model Honda CRV
Top of the Line
2.4L Engine
A/T Transmission
4x4 (4WD)
62K Mileage
Casa Maintained
Light Gold Finish
Cream Colored Leather Seats
98% Tyres 
No Dents 
Plate number ending in 1
Makinis
Makintab
Freshly Buffed
All Power 
Front and Back sensors
Never lumusong inabutan ng BAHA 100% not flooded!

Location : Makati City near City Hall and South Avenue (South Cemetery)

Clean Papers - first owned - 1 lang ang gumagamit - nde ginamit ng buong bayan.

RFS : need space sa garage - and konting pampuhunan sa business

Price: P610K petot FIXED!

for more info/inquiries : 09155933485 - gio

I'll be messaging you on my 2nd account: why? facebook blocked me from adding and messaging people who are not on my list. -NOTE** Please Check your (Other Inbox) in your messages. 

add me here in facebook to see the whole album including the interior and other pictures of the car.",,,"0","0","1383969191000","https://www.facebook.com/groups/callcenteragents67/permalink/568193733251127/"
"No photo description available.","695503803793972","photo","https://www.facebook.com/photo/?fbid=695503803793972&set=a.488597853458382",,,,,,,,,,,,,,,,,"100069245154475","Malayan Insurance (Philippines)","https://scontent-iad6-1.xx.fbcdn.net/v/t39.30808-1/480467528_935266758791487_3861826163175438182_n.jpg?stp=c19.19.1154.1154a_cp0_dst-jpg_tt6&cstp=mx1154x1154&ctp=s40x40&_nc_cat=1&ccb=1-7&_nc_sid=2d3e12&_nc_ohc=ir8lNPypu44Q7kNvwHc0jOL&_nc_oc=Adqwy4c-kZPI8nZ5Z_EnlUFFaYO0AF9Lpl_XbguByCNr91V3_lL3DcfRS4c1C8MiywU&_nc_zt=24&_nc_ht=scontent-iad6-1.xx&_nc_gid=ZEVBJHYRwVHoF28FKXaBtg&_nc_ss=7c2a8&oh=00_AQB6IOCMv4jL-Thn6vq6czwLgRmLt5S4yuDixYjnXgrI6g&oe=6A601896","https://www.facebook.com/MalayanInsurancePH","0","695503803793972","Stay alert! Take note of these numbers for flood and typhoon claims. Insure to be sure.","10",,"10","4","1383909957000","https://www.facebook.com/photo.php?fbid=695503803793972&set=a.488597853458382&type=3"
,,,,,,,,,,,,,,,,,,,,"100068489607165","Official Gazette of the Republic of the Philippines","https://scontent-iad6-1.xx.fbcdn.net/v/t39.30808-1/243175538_163350222624630_1945866997825921248_n.jpg?stp=cp0_dst-jpg_tt6&cstp=mx667x667&ctp=s40x40&_nc_cat=1&ccb=1-7&_nc_sid=2d3e12&_nc_ohc=4ImWktSKUQQQ7kNvwFP3sHL&_nc_oc=AdrhamNNM7qC5a5eHy4jE8YBN2CLoIBwJ-CWlQzK-qtVwFX6oysvIjhg6lJbrJmnpQ0&_nc_zt=24&_nc_ht=scontent-iad6-1.xx&_nc_gid=ZEVBJHYRwVHoF28FKXaBtg&_nc_ss=7c2a8&oh=00_AQAxgv7Ks5mHg4jiJqxlbiHZ5Q8-sZuQyJArZ2fDEK9cdg&oe=6A601789","https://www.facebook.com/govph","4","651826574861609","From Dost_pagasa:

Heavy Rainfall Warning No. 03 #NCR_PRSD

Weather System: Typhoon “#YolandaPH” 

Issued at: 10:00 PM, 08 November 2013 (Friday)

YELLOW: # Zambales, #Pampanga, #NuevaEcija, #Tarlac, #Bulacan, #MetroManila, #Bataan, #Rizal, #Batangas, and #Quezon (Gen. Nakar & Infanta)

• POSSIBLE FLOODING in low lying areas.

The public and the disaster risk reduction and management council concerned are advised to MONITOR the weather condition and watch for the next advisory to be issued at 01:00 AM tomorrow. 

• For more information and queries, please call at telephone numbers 927-1335 and 927-2877 or log on to www.pagasa.dost.gov.ph","11",,"11","11","1383923536000","https://www.facebook.com/govph/posts/pfbid025i4crqtSdzvYBz5cAD55qRSfaccPNbWSZVr9YqFv5kpCFxXQRypD6hNY1sTJSsbal"
"No photo description available.","735358506480264","photo","https://www.facebook.com/photo/?fbid=735358506480264&set=gm.1418002288429664&idorvanity=1374740076089219",,,,,,,,,,,,,,,,,"100000183633084","Marites Barles del Mundo","https://scontent-iad3-1.xx.fbcdn.net/v/t39.30808-1/545377707_25372643652325074_4520798645643416643_n.jpg?stp=cp0_dst-jpg_tt6&cstp=mx1080x1080&ctp=s24x24&_nc_cat=110&ccb=1-7&_nc_sid=1d2534&_nc_ohc=GDDr8jMhxQQQ7kNvwGAu8Hx&_nc_oc=Adqg1bPYl0iAeatTcq3ficaVBaP1-AhOzLiYgX4Q0HXdLvT9I5m8g7u2qMnvuxYBDp4&_nc_zt=24&_nc_ht=scontent-iad3-1.xx&_nc_gid=ZEVBJHYRwVHoF28FKXaBtg&_nc_ss=7c2a8&oh=00_AQBE_VCi3DLfE7YTun-BTqdp2IuKiN1PHwijeBQPvB--HQ&oe=6A600A06","https://www.facebook.com/maritesbarlesdelmundo","0","1418002288429664","AVAIL OUR 40% RESERVATION FEE PROMO DISCOUNT NOW!!!
Guaranteed Flood Free and the NEAREST and MOST AFFORDABLE you can ever Find!
Lancaster new city is Located in Alapan Imus via Coastal Road Extension, 20 mins away from Airport, SM Mall of Asia and Baclaran. 10 mins away from SM Bacoor and Robinsons Imus, 30-45 mins away from Makati. It is an Expansive Development that offers Bigger and more Spacious Townhouses and single house model with our very own free garden at the back of your own Home.

STOP RENTING AND START OWNING YOUR BRAND NEW HOME!
no income requirement
ONLY 12.5% DOWN PAYMENT Payable in 15 months WITH OUT INTEREST.

Paano magka-bahay? Mag-tiwala ka lang sa sarili mo kase minsan talaga ang pumipigil lang sa mga pangarap mo eh walang iba kundi IKAW....
FOR INQUIRY OR FREE TRIPPING CONTACT:
MARITES BARLES DEL MUNDO 
Property Sales Consultant (TUMANGDAY GROUP) at Profriends (Property Company of Friends, Inc.).
For faster transaction /more details/ reservation,CALL or TEXT
smart 09206144470 sun 09223212190 SUN VIBER 09337944747.

Visit & Like Us our FB Page for more INFOS and PICTURES>>>>http://www.facebook.com/www.murangbahaysacavite.com.ph
>>>http://www.facebook.com/WWW.VENAMARIEVINCENTMICHAEL.PH.
or You can Add me.http://www.facebook.com/maritesbarlesdelmundo thanks.","1",,"1","0","1383961431000","https://www.facebook.com/groups/PWEDENGPWEDEKAHITNAANOPOSTNA/permalink/1418002288429664/"
,,,,,,,,,,,,,,,,,,,,"124572377564014","Bayan Mo, Ipatrol Mo","https://scontent-iad6-1.xx.fbcdn.net/v/t39.30808-1/418541514_765959235568490_619545813751899744_n.jpg?stp=c461.29.1111.1112a_cp0_dst-jpg_tt6&cstp=mx1111x1112&ctp=s40x40&_nc_cat=100&ccb=1-7&_nc_sid=2d3e12&_nc_ohc=uOfnjF7jFPsQ7kNvwGifew8&_nc_oc=AdoHoeuYLqaD2qkBtzL_OWodM8DTIMW_Df3A7EQyQDx_wEdsqQfHrMkUvPCaaqAJ99U&_nc_zt=24&_nc_ht=scontent-iad6-1.xx&_nc_gid=ZEVBJHYRwVHoF28FKXaBtg&_nc_ss=7c2a8&oh=00_AQC8Yb2wYJEWSA9G5IR5m7fMFiNRDybSlNDapP7nj6cBcQ&oe=6A603D1B","https://www.facebook.com/bayanmoipatrolmo","7","653638731324040","Heavy Rainfall Warning No. 01 #NCR_PRSD

Weather System: Typhoon “#YolandaPH”

Issued at: 4:00 PM, 08 November 2013 (Friday)

YELLOW: #Batangas, # Rizal, #Laguna, #Quezon and #Rizal

• POSSIBLE FLOODING in low lying areas.

The public and the disaster risk reduction and management council concerned are advised to MONITOR the weather condition and watch for the next advisory to be issued at 7:00 PM today.

• For more information and queries, please call at telephone numbers 927-1335 and 927-2877 or log on to www.pagasa.dost.gov.ph | via @dost_pagasa","21",,"21","0","1383901270000","https://www.facebook.com/bayanmoipatrolmo/posts/653638731324040"
,,,,,,,,,,,,,,,,,,,,"1141901222","Winie Martinez","https://scontent-iad3-1.xx.fbcdn.net/v/t39.30808-1/465446583_10227613223533120_2319366847047213068_n.jpg?stp=cp6_dst-jpg_tt6&cstp=mx2048x2048&ctp=s24x24&_nc_cat=110&ccb=1-7&_nc_sid=1d2534&_nc_ohc=RAUC0fFYSecQ7kNvwFgOdFi&_nc_oc=Ado0RC7gUIgY_za7obrGjUs1Bt2xcHfZFwRI39BX4aFDsfH7O8vXgBLLOSFxkjIx7DU&_nc_zt=24&_nc_ht=scontent-iad3-1.xx&_nc_gid=ZEVBJHYRwVHoF28FKXaBtg&_nc_ss=7c2a8&oh=00_AQCpCY-xX1NbGr49AIpYBgRhYceTVBMz4nk9dHyck3VWRw&oe=6A601AE9","https://www.facebook.com/weng.martinez.56","0","544832865598672","",,,"0","0","1383880344000","https://www.facebook.com/groups/purepomponanon/permalink/544832865598672/"
,,,,,,,,,,,,,,,,,,,,"100078875441846","Breaking News Philippines","https://scontent-iad6-1.xx.fbcdn.net/v/t39.30808-1/312468894_168507939121720_984968459937484507_n.jpg?stp=c5.0.114.114a_cp0_dst-jpg_tt6&cstp=mx114x114&ctp=s40x40&_nc_cat=100&ccb=1-7&_nc_sid=2d3e12&_nc_ohc=drhHBcn51EwQ7kNvwGYEWEq&_nc_oc=AdoIldyHQGEc9i6sK7BYSIWFdPyDlphHwm49EI6X2PqD7Yh9lz4fz-893LFspsI09O8&_nc_zt=24&_nc_ht=scontent-iad6-1.xx&_nc_gid=ZEVBJHYRwVHoF28FKXaBtg&_nc_ss=7c2a8&oh=00_AQAVyGCJswLVbaBPCM2QEneGv3Or6WXMCRa2zEOjz0llWw&oe=6A602000","https://www.facebook.com/breakingnewsphilippines","0","6852774578102146","ABS-CBN reporter Atom Araullo and his news team were able to take a video footage of how the storm surge and raging flood waters devastated downtown...
(Click the link to read more)

 Continue: http://ift.tt/17m7cNQ",,,"0","0","1384002233000","https://www.facebook.com/breakingnewsphilippines/posts/pfbid0nnbHbU5sP2Ci5mvL1GfYmkvg94XkQh7chLm9TAg2cEbS6hdWgEFPgbgZPPphQPXml"
,,,,,,,,,,,,,,,,,,,,"100064926720554","Disaster Information Service - Philippines","https://scontent-iad3-1.xx.fbcdn.net/v/t39.30808-1/313198148_499379358902951_88691280234451512_n.jpg?stp=cp0_dst-jpg_tt6&cstp=mx882x882&ctp=s40x40&_nc_cat=110&ccb=1-7&_nc_sid=2d3e12&_nc_ohc=Ioj-oV5VRBkQ7kNvwGg9lX2&_nc_oc=Ado5Mb_263DFXm8Tm7-Ga-jecgqt11y9nnzq1XMdOS9cBMy14GrGf8KUsBus-EivmmA&_nc_zt=24&_nc_ht=scontent-iad3-1.xx&_nc_gid=fOKtg1lUbPdAN9kAlZv8Gg&_nc_ss=7c2a8&oh=00_AQDsSu4k0aC2Uz-4KC-uVx-r-c4afCSFR2eBz1Cm7WIxQA&oe=6A602831","https://www.facebook.com/dis.pia.gov.ph","0","582012691847431","PIA-10/ MISAMIS OCCIDENTAL: The Ozamiz City Disaster Risk Reduction and Management Council has continued to conduct ocular inspection, coordination and monitoring of  the different flood, landslide and storm surge prone barangays of pending effects of Typhoon Yolanda that could possibly affect their area of responsibility.",,,"0","0","1383889086000","https://www.facebook.com/dis.pia.gov.ph/posts/pfbid02tpcJ1o7PNoCyyXjBMmxTwLVWoWLsvnrYnBc3HSWVfHWgBsZDKENbmNeaqzUTispDl"
,,,,,,,,,,,,,,,,,,,,"","Affordable  Elegant Houses available","https://scontent-iad3-1.xx.fbcdn.net/v/t39.30808-1/327222208_699186615107518_64857729634926292_n.jpg?stp=c100.0.400.400a_cp0_dst-jpg_tt6&cstp=mx400x400&ctp=s40x40&_nc_cat=101&ccb=1-7&_nc_sid=2d3e12&_nc_ohc=EEpLieJ4ojQQ7kNvwHatRRH&_nc_oc=Adqet9CaNcEUNGbucfF6xtzmR6_Z1XUxLEFu4tfoHYfTWioWbF-9giedIVLAMwUcpkE&_nc_zt=24&_nc_ht=scontent-iad3-1.xx&_nc_gid=fOKtg1lUbPdAN9kAlZv8Gg&_nc_ss=7c2a8&oh=00_AQDCY88myuTRaUGmvBwRvzQLZCbnitZp6vWHrd6ZG9d68g&oe=6A6034E7","https://www.facebook.com/bahay4you","0","696840030335147","Pls admin allo me to post this....tnx :-)
GOOD NEWS! GOOD NEWS!
40% DISCOUNT ON RESERVATION FEE THIS NOV 1-17 EXCEPT ALICE, ALICE W/33% DISCOUNT..HURRY AVAIL NOW!
Highly recommended House & Lot available in Cavite. Near NAIA & MOA, 21 mins from Manila via expressway(CAVITEX)...Flood Free zone.

VISIT MY WEBSITE: http://dreamhouse4you.weebly.com/",,,"0","0","1383967865000","https://www.facebook.com/groups/98065238509/posts/10151813106068510/"
,,,,,,,,,,,,,,,,,,,,"100006483734862","Rach Usero","https://scontent-iad3-1.xx.fbcdn.net/v/t39.30808-1/449742494_4567168976842515_2724883821067141391_n.jpg?stp=c41.41.508.508a_cp0_dst-jpg_tt6&cstp=mx508x508&ctp=s24x24&_nc_cat=110&ccb=1-7&_nc_sid=e99d92&_nc_ohc=tpxRD2Bwx3IQ7kNvwHme72h&_nc_oc=AdoFtMoUtgkI5f48Izl7_KVicA3bxXDk07NblZ6kKy0fejVEdxpX3pYqCK3L9xtRq2w&_nc_zt=24&_nc_ht=scontent-iad3-1.xx&_nc_gid=fOKtg1lUbPdAN9kAlZv8Gg&_nc_ss=7c2a8&oh=00_AQBbmXENRNWFax-L3_Re9yqt_Xh0KDxLdoMz6z_5goyOuA&oe=6A601AD0","https://www.facebook.com/cielo.kaede","0","1476122449280532","Looking for a flood free house and lot or lots, with good location and has a good return of investment? or a low, mid or high rise condominiums? Here is the perfect place for you! 

https://www.facebook.com/propertiesinphilippines

We offer over 200 projects with the best features you would want. We adjust to your needs and find the perfect place that suites your budget, location and accessibility. 

We offer easy navigation with our table of projects for you to have a good and stress-free way to browse our projects.

We aim to have a lasting friendly relationship with you.

YOUR TIME IS VALUABLE TO US! 

Like and visit the Page Thank you :)

#investment #Philippines #condominium #houseandlot",,,"0","0","1384005458000","https://www.facebook.com/groups/633049890046260/posts/692664730751442/"
,,,,,,,,,,,,,,,,,,,,"100006483734862","Rach Usero","https://scontent-iad3-1.xx.fbcdn.net/v/t39.30808-1/449742494_4567168976842515_2724883821067141391_n.jpg?stp=c41.41.508.508a_cp0_dst-jpg_tt6&cstp=mx508x508&ctp=s24x24&_nc_cat=110&ccb=1-7&_nc_sid=e99d92&_nc_ohc=tpxRD2Bwx3IQ7kNvwHme72h&_nc_oc=AdoFtMoUtgkI5f48Izl7_KVicA3bxXDk07NblZ6kKy0fejVEdxpX3pYqCK3L9xtRq2w&_nc_zt=24&_nc_ht=scontent-iad3-1.xx&_nc_gid=fOKtg1lUbPdAN9kAlZv8Gg&_nc_ss=7c2a8&oh=00_AQBbmXENRNWFax-L3_Re9yqt_Xh0KDxLdoMz6z_5goyOuA&oe=6A601AD0","https://www.facebook.com/cielo.kaede","0","1476127359280041","Looking for a flood free house and lot or lots, with good location and has a good return of investment? or a low, mid or high rise condominiums? Here is the perfect place for you! 

https://www.facebook.com/propertiesinphilippines

We offer over 200 projects with the best features you would want. We adjust to your needs and find the perfect place that suites your budget, location and accessibility. 

We offer easy navigation with our table of projects for you to have a good and stress-free way to browse our projects.

We aim to have a lasting friendly relationship with you.

YOUR TIME IS VALUABLE TO US! 

Like and visit the Page Thank you :)

#investment #Philippines #condominium #houseandlot","1",,"1","0","1384006236000","https://www.facebook.com/groups/businesspinoy/posts/250665515089482/"
"No photo description available.","3591973894791","photo","https://www.facebook.com/photo.php?fbid=3591973894791&set=gm.751988571483371&type=3","No photo description available.","3591973494781","photo","https://www.facebook.com/photo.php?fbid=3591973494781&set=gm.751988571483371&type=3","No photo description available.","3591973414779","photo","https://www.facebook.com/photo.php?fbid=3591973414779&set=gm.751988571483371&type=3","No photo description available.","3591973734787","photo","https://www.facebook.com/photo.php?fbid=3591973734787&set=gm.751988571483371&type=3","No photo description available.","3591973294776","photo","https://www.facebook.com/photo.php?fbid=3591973294776&set=gm.751988571483371&type=3","1736727029","Kd Licudine","https://scontent-iad6-1.xx.fbcdn.net/v/t39.30808-1/680934835_10214832973334679_8104906195566732090_n.jpg?stp=cp0_dst-jpg_tt6&cstp=mx1080x1080&ctp=s24x24&_nc_cat=100&ccb=1-7&_nc_sid=1d2534&_nc_ohc=bWfw2jsf8bwQ7kNvwGQU0w2&_nc_oc=AdqftyrxtgGirPGbyRWBHPIJ5_7h3eSBxc707qUJHBLryxmT6C6gSia7aMURf8h9PI0&_nc_zt=24&_nc_ht=scontent-iad6-1.xx&_nc_gid=fOKtg1lUbPdAN9kAlZv8Gg&_nc_ss=7c2a8&oh=00_AQDKKsJheApr8c2oiIghOLkib-Y8SqiBDYFsAneYqfjAgQ&oe=6A600F0A","https://www.facebook.com/kDeliciouso","5","751988571483371","For sale 
Isuzu Crosswind XT 2006 480k
2.5 4JA1 diesel engine 
Manual transmission
Color light silver met (silver gold)
All power
Registered 2013
Super fresh IN / OUT
All original
Orig paint
A1 Dual airconditioning system. (super lamig pa po)
88% tire threadlife
Rain gutter
Roof rail w/ roof rack
Stepboard
Bullbar bumper (front / rear)
No accident history
No leaks
No kalampag
Top running condition
100% flood free (money back guarantee)
Complete / clean papers",,,"0","0","1383969800000","https://www.facebook.com/groups/philippinesbuyandsell/permalink/751988571483371/"
,,,,,,,,,,,,,,,,,,,,"100006483734862","Rach Usero","https://scontent-iad3-1.xx.fbcdn.net/v/t39.30808-1/449742494_4567168976842515_2724883821067141391_n.jpg?stp=c41.41.508.508a_cp0_dst-jpg_tt6&cstp=mx508x508&ctp=s24x24&_nc_cat=110&ccb=1-7&_nc_sid=e99d92&_nc_ohc=tpxRD2Bwx3IQ7kNvwHme72h&_nc_oc=AdoFtMoUtgkI5f48Izl7_KVicA3bxXDk07NblZ6kKy0fejVEdxpX3pYqCK3L9xtRq2w&_nc_zt=24&_nc_ht=scontent-iad3-1.xx&_nc_gid=fOKtg1lUbPdAN9kAlZv8Gg&_nc_ss=7c2a8&oh=00_AQBbmXENRNWFax-L3_Re9yqt_Xh0KDxLdoMz6z_5goyOuA&oe=6A601AD0","https://www.facebook.com/cielo.kaede","0","1476128582613252","Looking for a flood free house and lot or lots, with good location and has a good return of investment? or a low, mid or high rise condominiums? Here is the perfect place for you! 

https://www.facebook.com/propertiesinphilippines

We offer over 200 projects with the best features you would want. We adjust to your needs and find the perfect place that suites your budget, location and accessibility. 

We offer easy navigation with our table of projects for you to have a good and stress-free way to browse our projects.

We aim to have a lasting friendly relationship with you.

YOUR TIME IS VALUABLE TO US! 

Like and visit the Page Thank you :)

#investment #Philippines #condominium #houseandlot",,,"0","0","1384006406000","https://www.facebook.com/groups/thangmaythuyluc/posts/536694089758901/"
"No photo description available.","598029170261503","photo","https://www.facebook.com/photo/?fbid=598029170261503&set=a.480158807470451",,,,,,,,,,,,,,,,,"100064290085836","Asian Eye Institute","https://scontent-iad3-2.xx.fbcdn.net/v/t39.30808-1/309882382_480158827470449_1620063246889432386_n.jpg?stp=cp0_dst-jpg_tt6&cstp=mx500x500&ctp=s40x40&_nc_cat=105&ccb=1-7&_nc_sid=2d3e12&_nc_ohc=L9brckE0IAQQ7kNvwH1lvqh&_nc_oc=AdpO1Z3a68HwQCzaBmB0ifBjYOQiWnhpEWbgo9oYJZITDrGhlL6hPt9Gl0rqfVARaoQ&_nc_zt=24&_nc_ht=scontent-iad3-2.xx&_nc_gid=Hl5g04MlLBFf3k-R3whaFg&_nc_ss=7c2a8&oh=00_AQBuwQfryR6jm4siJOyY1K7LLez9MmzsIbMwq-03eHL75w&oe=6A60234E","https://www.facebook.com/asianeyeinstitute","0","598029170261503","Expecting heavy rains and flooding?  Here's what you should prepare.","2",,"2","2","1383903652000","https://www.facebook.com/photo.php?fbid=598029170261503&set=a.480158807470451&type=3"
,,,,,,,,,,,,,,,,,,,,"100006483734862","Rach Usero","https://scontent-iad3-1.xx.fbcdn.net/v/t39.30808-1/449742494_4567168976842515_2724883821067141391_n.jpg?stp=c41.41.508.508a_cp0_dst-jpg_tt6&cstp=mx508x508&ctp=s24x24&_nc_cat=110&ccb=1-7&_nc_sid=e99d92&_nc_ohc=tpxRD2Bwx3IQ7kNvwHme72h&_nc_oc=AdoFtMoUtgkI5f48Izl7_KVicA3bxXDk07NblZ6kKy0fejVEdxpX3pYqCK3L9xtRq2w&_nc_zt=24&_nc_ht=scontent-iad3-1.xx&_nc_gid=Hl5g04MlLBFf3k-R3whaFg&_nc_ss=7c2a8&oh=00_AQBKfWtTODs4bz0vygw8nyqm0vcbmL9r6rwfAhhKPa9Tng&oe=6A601AD0","https://www.facebook.com/cielo.kaede","0","1476128482613262","Looking for a flood free house and lot or lots, with good location and has a good return of investment? or a low, mid or high rise condominiums? Here is the perfect place for you! 

https://www.facebook.com/propertiesinphilippines

We offer over 200 projects with the best features you would want. We adjust to your needs and find the perfect place that suites your budget, location and accessibility. 

We offer easy navigation with our table of projects for you to have a good and stress-free way to browse our projects.

We aim to have a lasting friendly relationship with you.

YOUR TIME IS VALUABLE TO US! 

Like and visit the Page Thank you :)

#investment #Philippines #condominium #houseandlot",,,"0","0","1384006397000","https://www.facebook.com/groups/entrepinoy/posts/10151979757529594/"
,,,,,,,,,,,,,,,,,,,,"100006483734862","Rach Usero","https://scontent-iad3-1.xx.fbcdn.net/v/t39.30808-1/449742494_4567168976842515_2724883821067141391_n.jpg?stp=c41.41.508.508a_cp0_dst-jpg_tt6&cstp=mx508x508&ctp=s24x24&_nc_cat=110&ccb=1-7&_nc_sid=e99d92&_nc_ohc=tpxRD2Bwx3IQ7kNvwHme72h&_nc_oc=AdoFtMoUtgkI5f48Izl7_KVicA3bxXDk07NblZ6kKy0fejVEdxpX3pYqCK3L9xtRq2w&_nc_zt=24&_nc_ht=scontent-iad3-1.xx&_nc_gid=Hl5g04MlLBFf3k-R3whaFg&_nc_ss=7c2a8&oh=00_AQBKfWtTODs4bz0vygw8nyqm0vcbmL9r6rwfAhhKPa9Tng&oe=6A601AD0","https://www.facebook.com/cielo.kaede","0","1476122435947200","Looking for a flood free house and lot or lots, with good location and has a good return of investment? or a low, mid or high rise condominiums? Here is the perfect place for you! 

https://www.facebook.com/propertiesinphilippines

We offer over 200 projects with the best features you would want. We adjust to your needs and find the perfect place that suites your budget, location and accessibility. 

We offer easy navigation with our table of projects for you to have a good and stress-free way to browse our projects.

We aim to have a lasting friendly relationship with you.

YOUR TIME IS VALUABLE TO US! 

Like and visit the Page Thank you :)

#investment #Philippines #condominium #houseandlot",,,"0","0","1384005454000","https://www.facebook.com/groups/692959904064197/posts/763271443699709/"
,,,,,,,,,,,,,,,,,,,,"100045173740794","Kaibigan lang muna tayo ngayon , Akin ka pagdating ng tamang Panahon""","https://scontent-iad3-1.xx.fbcdn.net/v/t39.30808-1/611068858_1413460186836426_2226652133579763890_n.jpg?stp=cp0_dst-jpg_tt6&cstp=mx523x531&ctp=p40x40&_nc_cat=101&ccb=1-7&_nc_sid=2d3e12&_nc_ohc=dtWYuNRj9ygQ7kNvwGBi6DS&_nc_oc=Adr2nohgudtL1Y5FeZ1_5Ko0KByZZ2bvdcbTiDYkmrEmjTuHG6w_oaCa9YFb-oA0IvI&_nc_zt=24&_nc_ht=scontent-iad3-1.xx&_nc_gid=Hl5g04MlLBFf3k-R3whaFg&_nc_ss=7c2a8&oh=00_AQCjHhAvq0dJw0eJ-w0sGUTsRHRWJ2KOyLZOUT0duH7mXg&oe=6A603B98","https://www.facebook.com/KaibiganOKaEbigan","2","1431955760349748","----------NEWS UPDATES ---
#agapita

17-ft storm surge threatens Ormoc, Leyte
ABS-CBNnews.com
Posted at 11/08/2013 9:57 AM | Updated as of 11/08/2013 9:57 AM

MANILA - The Department of Science and Technology's Project NOAH (Nationwide Operational Assessment of Hazards) said several areas in the path of Typhoon ""Yolanda"" will experience flooding due to the combined effects of storm surge and high tide.

Project NOAH said Ormoc, Leyte could experience tidal and storm-induced waves as high as 5.2 meters (17 feet), with its peak occurring at 2 p.m. today.

Other areas that will see seawater rise above more than 4 meters (13 feet) because of typhoon Yolanda include Matarinao Bay, Eastern Samar (4.7 meters); Port Pusgo, Quezon (4.6 meters); Santa Cruz Harbor, Quezon (4.3 meters); Poro Island, Biliran (4.3 meters); Banate, Iloilo (4.1 meters); and Port Barton, Palawan (4 meters).

The Global Disaster Alert and Coordination System (GDACS), a cooperation framework between the United Nations, the European Commission and disaster managers worldwide to improve alerts, said 14.2 million people may be affected by Category 1 (120 kilometers per hour) wind speeds.

In an advisory issued at 5 a.m. on Friday (Manila time), GDACS said Yolanda was already packing 315 kph maximum sustained winds.

Weather bureau PAGASA said areas under signal no. 4 are Masbate, Ticao Island, Southern Sorsogon, Romblon, Northern Samar, Eastern Samar, Samar, Leyte, Southern Leyte , Biliran , Northern Cebu, Cebu City, Bantayan, Camotes Island, Northern Negros Occidental, Capiz, Aklan, Antique, Iloilo, and Guimaras.

Under signal no. 3 are Burias Island, Albay, Marinduque, Occidental Mindoro, Oriental Mindoro, Calamian Group of Islands, the rest of Sorsogon, the rest of Negros Occidental, Negros Oriental, the rest of Cebu, Bohol, Surigao del Norte, and Siargao Island.

Catanduanes, Camarines Sur, Southern Quezon, Laguna, Batangas, Rizal, MetroManila, Cavite, Bataan, Lubang Island, Siquijor , Northern Palawan , Puerto Princesa, Camiguin, Surigao Del Sur, and Agusan Del Norte have been placed under signal no. 2.

Meanwhile, under signal no. 1 are Camarines Norte, rest of Quezon , Polilio Island, Bulacan, Pampanga, Zambales, Misamis Oriental, and Agusan del Sur.

PAGASA said Yolanda is forecast to move west northwest at 39 kph. After hitting Guiuan, it is expected to traverse the provinces of Biliran, the northern tip of Cebu, Iloilo, Capiz, Aklan, Romblon, Semirara Island, southern part of Mindoro and then Busuanga.","10",,"10","1","1383878053000","https://www.facebook.com/KaibiganOKaEbigan/posts/pfbid0dPJhFYhA2ohK7Q1YQt5VipbgCVm7HKT4nQTxAiuUBYCf43GfZifJWo1U7qwqR7jBl"
,,,,,,,,,,,,,,,,,,,,"100044737320314","Tibok ng mga PuSo","https://scontent-iad3-2.xx.fbcdn.net/v/t39.30808-1/310055898_675538597280712_4199185549357695616_n.jpg?stp=cp0_dst-jpg_tt6&cstp=mx645x645&ctp=s40x40&_nc_cat=103&ccb=1-7&_nc_sid=2d3e12&_nc_ohc=OlNHAh3m0qMQ7kNvwFmvN9V&_nc_oc=AdqzdCer9va5PCmkTs5fpJIVxoYWkb7EEw2CeF2iCW9JkKl4mDt-TetgaL97I9a6mjE&_nc_zt=24&_nc_ht=scontent-iad3-2.xx&_nc_gid=Hl5g04MlLBFf3k-R3whaFg&_nc_ss=7c2a8&oh=00_AQC66rbLVOlV4Cpg3lpRakR7d4LrqlQ-RTBIctM28VPNSA&oe=6A602B16","https://www.facebook.com/bastapusoangusapan","2","622440104463848","------news updates-----
#agapita

Yolanda slams into Phl
By Helen Flores and Jaime Laude (The Philippine Star) | Updated November 9, 2013 - 12:00am

A house is engulfed by a storm surge spawned by Super Typhoon Yolanda, which hit Legazpi City, Albay yesterday. AP

MANILA, Philippines - Super Typhoon Yolanda (international name Haiyan) – the strongest typhoon on record to make landfall – pounded the Visayas yesterday, toppling power and communication lines, uprooting trees, destroying houses and killing at least three people in its path.

Yolanda, packing winds of 235 kilometers per hour and gustiness of up to 275 kph, made landfall over Guiuan, Eastern Samar at around 4:30 a.m., cutting off the island town from all communication, local civil defense authorities said.

The government said three people had been confirmed killed in Surigao, Masbate and Zamboanga while seven others, including a man who fell off a gangplank in Cebu, are missing.

But the death toll was expected to rise, with authorities unable to immediately contact the worst affected areas and Yolanda only expected to leave the Philippines in the evening.

“As per initial report we received before communication went out, there’s massive destruction of houses in Eastern Samar. The municipal hall of Hernani town is flooded. Most roads on Bantayan Island in Cebu are no longer passable due to uprooted trees,” Allan Tabell of the Department of the Interior and Local Government (DILG) said in a press briefing held at the National Disaster Risk Reduction and Management Council (NDRRMC) at Camp Aguinaldo in Quezon City.

Once communication is restored in the storm-hit areas, Tabell said it is expected that more reports of damage will come in. Telecommunication providers Smart, Sun and Globe are rushing the repair of 67 destroyed transmission lines to the Samar-Leyte provinces.
Headlines ( Article MRec ), pagematch: 1, sectionmatch: 1

NDRRMC executive director Eduardo del Rosario said they are expecting communications to be restored in the Samar-Leyte areas within 24 hours.

Rosario said they were having difficulty establishing contact with Defense Secretary and NDRRMC chairman Voltaire Gazmin and Interior and Local Government Secretary Manuel Roxas II.

Both officials had been tasked by President Aquino to oversee government relief operations in Leyte during the storm.

NDRRMC spokesman Maj. Rey Balido said initial reports revealed three fatalities and seven missing.

Balido said that two of the fatalities were electrocuted by snapping power lines and pinned by falling electric posts in Surigao del Sur and Masbate, while another was hit by lightning in Zamboanga City.

He said seven people were missing in Guimaras and Iloilo.

The NDRRMC said the typhoon has forced 145,000 families to move out ahead of Yolanda’s landfall in Eastern Samar yesterday morning.

Malacañang was gratified that the public heeded government warnings to stay safe ahead of the storm, proof of which is the low number of casualties.

“We commend our countrymen for heeding the call of the government to take the necessary safety precautions and for following the evacuation measures that have been put in place by LGU officials,” Press Secretary Herminio Coloma said.

He noted the “low number of casualties” reported by the NDRRMC from the onslaught of the monster storm.

“We urge everyone to remain vigilant until the exit of the storm from the Philippine area of responsibility,” Coloma said.

“The President has directed all government agencies to conduct continuous search and rescue activities to ensure that, at the barangay level, all families and community members are accounted for,” he added.

President Aquino on Thursday urged the public to make all possible preparations for the monster storm.

More than 125,000 people in the most vulnerable areas had been moved to evacuation centers before Yolanda hit, according to NDRRMC, and millions of others huddled in their homes.

The military and police have been deployed for rescue and relief operations while social services are in full swing.

Such practice of deploying relief goods and rescue operations ahead of the storm and the activation of disaster risk reduction and management councils at the local level will always be observed by the administration, according to Coloma.

Several private firms like San Miguel Corp. offered relief goods to typhoon victims in coordination with the Department of Welfare and Social Development (DSWD).

Authorities said schools in the storm’s path were closed, ferry services suspended and flights cancelled.

In Metro Manila, on the northern edge of the typhoon’s path, many schools were closed amid forecasts of heavy rain.

Heavy rains in Metro

The Philippine Atmospheric, Geophysical and Astronomical Services Administration (PAGASA) said heavy rains and gusty winds are expected over Metro Manila as Yolanda’s outer periphery passes over the region.

Yolanda was forecast to be 245 km west of Ambulong, Batangas this morning.

The monster storm, however, slightly weakened after making several landfalls, according to PAGASA weather forecaster Gener Quitlong.

Yolanda hovered over Dulag Tolosa in Leyte; Daang Bantayan and Bantayan Island in Cebu, Concepcion, Iloilo and Cuartero, Capiz.

As of 4 p.m. yesterday, the eye of the typhoon was spotted 115 kilometers west of Roxas City in Capiz or the western part of Antique province.

As of 5 p.m. signal no. 4 remained hoisted over extreme northern Palawan, Calamian Group of Islands, southern Occidental Mindoro, southern Oriental Mindoro, Aklan, Capiz, Antique, Iloilo, and Guimaras.

Signal no. 3 was raised over the rest of Mindoro provinces, Romblon, and the rest of northern Palawan, including Puerto Prinsesa City.

Under signal no. 2 were Lubang Island, Batangas, Marinduque, the rest of Palawan, Burias Island, Masbate, Ticao Island, Negros provinces, Cebu, Biliran Island, and Siargao.

Signal no. 1 remains hoisted over Metro Manila, Bataan, Cavite, Rizal, Laguna, Quezon, Camarines provinces, Albay, Sorsogon, Samar provinces, Leyte provinces, Camotes Island, Bohol, Siquijor, Camiguin, Surigao del Norte, and Dinagat province.

As of 5 p.m., Yolanda, with maximum sustained winds of 215 kph, was traversing the Sulu Sea and was expected to cross the Calamian Group of Islands between 8 and 10 p.m. yesterday.","10",,"10","5","1383936268000","https://www.facebook.com/bastapusoangusapan/posts/pfbid02xsdTowJPE8b2NCxeFYsPSQ1NhtDyLvhrzM5vbxTJtmqsvwiepiM6VPFrTmJxszZml"
"No photo description available.","364562713679831","photo","https://www.facebook.com/photo/?fbid=364562713679831&set=a.221321193599301",,,,,,,,,,,,,,,,,"100071642656523","Hashtag DREAM HOUSE in Cavite PH","https://scontent-iad3-2.xx.fbcdn.net/v/t39.30808-1/472055331_612002714531145_7552981365752344169_n.jpg?stp=cp0_dst-jpg_tt6&cstp=mx200x200&ctp=s40x40&_nc_cat=111&ccb=1-7&_nc_sid=2d3e12&_nc_ohc=wVnHaCxLoukQ7kNvwEq2AQk&_nc_oc=Adr-jcFitzHmapf4p3v5TIP1KDCDCXXwHxeP3HUKU2VcburgODvoB39MT54YX5HHaXQ&_nc_zt=24&_nc_ht=scontent-iad3-2.xx&_nc_gid=Hl5g04MlLBFf3k-R3whaFg&_nc_ss=7c2a8&oh=00_AQBTZIfXGU7CmRixszBd9-LGFmj1YPzW3Z8MyiaUVQ1duw&oe=6A60264C","https://www.facebook.com/hashtagdreamhouseCPH","0","364562713679831","LANCASTER NEW CITY SINGLE ATTACHED UNITS..
40% OFF ON RESERVATION FEE! 
100% NO FLOOD & NO FAULTLINE!

20 MINUTES FROM SM MALL OF ASIA
15 MINUTES FROM NAIA TERMINAL
                            * * *
1) MARGARET Model - Single Attached unit
Only 12K for Reservation Fee of this unit

3 BED ROOMS, 2 Toilets, SLIDING DOORS/WINDOW, G.I. SHEET ROOFING, CAR GARAGE, 100 SQ.M. LOT AREA, 72 SQ.M. FLOOR AREA

TOTAL PRICE:2,116,800 (TITLE TRANSFER,INSURANCE INCLUDED)
DOWNPAYMENT:244,600/15 MONTH TO PAY=15K/MONTH
MONTHLY AMORTIZATION: 20YRS = 15K/MONTH
=================================

2) SOPHIE Model - Single Attached unit
Only 12K for Reservation Fee of this unit

3 BED ROOMS, 2 Toilets, SLIDING DOORS/WINDOW, G.I. SHEET ROOFING, CAR GARAGE, 80 SQ.M. LOT AREA, 52 SQ.M. FLOOR AREA

TOTAL PRICE:1,721,520(TITLE TRANSFER, INSURANCE INCLUDED)
DOWNPAYMENT:202,750.00/15 MONTH TO PAY=13K/MONTH
MONTHLY AMORTIZATION: 20YRS = 13K/MONTH
=================================

3) GABRIELLE Model - Single Attached unit
Only 12K for Reservation Fee of this unit

WITH TILES, 3 BED ROOMS, 2 Toilets, SLIDING DOORS/WINDOW, ROOF TILED, CAR GARAGE, 120 SQ.M. LOT AREA, 84 SQ.M. FLOOR AREA

TOTAL PRICE:2,527,200(TITLE TRANSFER, INSURANCE INCLUDED)
DOWNPAYMENT: 295,900.00/15 MONTH TO PAY=19K/MONTH
MONTHLY AMORTIZATION: 20YRS= 19K/MONTH
=================================

4) ALEXANDRA Model - Single Attached unit
Only 12K for Reservation Fee of this unit

WITH TILES, 4 BED ROOMS, 3 Toilets, BALCONY, SLIDING DOORS/WINDOW, ROOF TILED, CAR GARAGE, 120 SQ.M. LOT AREA, 100 SQ.M. FLOOR AREA

TOTAL PRICE:2,933,280(TITLE TRANSFER, INSURANCE INCLUDED)
DOWNPAYMENT: 346,660.00/15 MONTH TO PAY=23K/MONTH
MONTHLY AMORTIZATION: 20YRS= 23K/MONTH
==================================

IF YOU RESERVE ANY SINGLE ATTACHED UNIT, YOU CAN GET OUR NOCHE BUENA FREEBIES!

MAY DISCOUNT KA NA, MAY PANG NOCHEBUENA KA PA!

For more information and reservation, please contact us @ 09327080435 (sun) / 09178052265 (globe).
https://www.facebook.com/pages/Cavite-Rent-OWN-Affordable-House-n-Lot/186907478112023?ref=hl","1",,"1","1","1384011600000","https://www.facebook.com/photo.php?fbid=364562713679831&set=a.221321193599301&type=3"
"No photo description available.","600396403355693","photo","https://www.facebook.com/photo/?fbid=600396403355693&set=a.415816337404054",,,,,,,,,,,,,,,,,"100069270732622","AlterNation Reform Movement","https://scontent-iad3-2.xx.fbcdn.net/v/t39.30808-1/309007164_415816360737385_5351475217168900266_n.jpg?stp=c116.0.368.368a_cp0_dst-jpg_tt6&cstp=mx368x368&ctp=s40x40&_nc_cat=111&ccb=1-7&_nc_sid=2d3e12&_nc_ohc=PEGZa5zCTRYQ7kNvwHLZH1i&_nc_oc=AdoP0v_AXezep7S14LgF7DrFSKsvyI-sgNBEQcklRycD7Tk7k0LM80Mv5En8GS_udNo&_nc_zt=24&_nc_ht=scontent-iad3-2.xx&_nc_gid=JrV099H155DmTv-sXwslfw&_nc_ss=7c2a8&oh=00_AQBL3IRzqcC-2uqvygsN29IIptl4cYNwPCs_lzHKTSoC-A&oe=6A60338E","https://www.facebook.com/AlterTheNation","0","600396403355693","Atin pong ipagdasal ang lahat ng mga kababayan nating naapektuhan ng Bagyong Yolanda (international name: Hurricane Haiyan). As reported by BBC and CNN, experts have confirmed that this was the strongest typhoon to have made landfall in the recorded history of the world. More than 380 km per hour winds. Signal No. 4 was raised in Leyte at Samar. Flood waters were ten-feet deep in downtown Tacloban.. :c Umaabot po daw ng more than two-storeys ang mga alon sa tabing dagat, at marami na po ang nawalan ng mga bahay at nalunod.. :c Ipagdasal po natin ang kaligtasan ng ating mga kababayan...

Raw footage: http://www.youtube.com/watch?v=hPVXMPJDXTA

BBC Report: http://www.youtube.com/watch?v=5CXwmXcqNTw

CNN confirms it is the most powerful storm in history: 
 http://www.youtube.com/watch?v=78FEgwI4LH0","2",,"2","15","1383963411000","https://www.facebook.com/photo.php?fbid=600396403355693&set=a.415816337404054&type=3"
,,,,,,,,,,,,,,,,,,,,"100006483734862","Rach Usero","https://scontent-iad3-1.xx.fbcdn.net/v/t39.30808-1/449742494_4567168976842515_2724883821067141391_n.jpg?stp=c41.41.508.508a_cp0_dst-jpg_tt6&cstp=mx508x508&ctp=s24x24&_nc_cat=110&ccb=1-7&_nc_sid=e99d92&_nc_ohc=tpxRD2Bwx3IQ7kNvwHme72h&_nc_oc=AdoFtMoUtgkI5f48Izl7_KVicA3bxXDk07NblZ6kKy0fejVEdxpX3pYqCK3L9xtRq2w&_nc_zt=24&_nc_ht=scontent-iad3-1.xx&_nc_gid=JrV099H155DmTv-sXwslfw&_nc_ss=7c2a8&oh=00_AQD0T7l_WAA0TJufyg2pu8koEeYifmpU-c4B9yrtJmIsmw&oe=6A601AD0","https://www.facebook.com/cielo.kaede","0","536694089758901","Looking for a flood free house and lot or lots, with good location and has a good return of investment? or a low, mid or high rise condominiums? Here is the perfect place for you! 

https://www.facebook.com/propertiesinphilippines

We offer over 200 projects with the best features you would want. We adjust to your needs and find the perfect place that suites your budget, location and accessibility. 

We offer easy navigation with our table of projects for you to have a good and stress-free way to browse our projects.

We aim to have a lasting friendly relationship with you.

YOUR TIME IS VALUABLE TO US! 

Like and visit the Page Thank you :)

#investment #Philippines #condominium #houseandlot",,,"0","0","1384006406000","https://www.facebook.com/groups/thangmaythuyluc/permalink/536694089758901/"
,,,,,,,,,,,,,,,,,,,,"100006483734862","Rach Usero","https://scontent-iad3-1.xx.fbcdn.net/v/t39.30808-1/449742494_4567168976842515_2724883821067141391_n.jpg?stp=c41.41.508.508a_cp0_dst-jpg_tt6&cstp=mx508x508&ctp=s24x24&_nc_cat=110&ccb=1-7&_nc_sid=e99d92&_nc_ohc=tpxRD2Bwx3IQ7kNvwHme72h&_nc_oc=AdoFtMoUtgkI5f48Izl7_KVicA3bxXDk07NblZ6kKy0fejVEdxpX3pYqCK3L9xtRq2w&_nc_zt=24&_nc_ht=scontent-iad3-1.xx&_nc_gid=JrV099H155DmTv-sXwslfw&_nc_ss=7c2a8&oh=00_AQD0T7l_WAA0TJufyg2pu8koEeYifmpU-c4B9yrtJmIsmw&oe=6A601AD0","https://www.facebook.com/cielo.kaede","0","763271443699709","Looking for a flood free house and lot or lots, with good location and has a good return of investment? or a low, mid or high rise condominiums? Here is the perfect place for you! 

https://www.facebook.com/propertiesinphilippines

We offer over 200 projects with the best features you would want. We adjust to your needs and find the perfect place that suites your budget, location and accessibility. 

We offer easy navigation with our table of projects for you to have a good and stress-free way to browse our projects.

We aim to have a lasting friendly relationship with you.

YOUR TIME IS VALUABLE TO US! 

Like and visit the Page Thank you :)

#investment #Philippines #condominium #houseandlot",,,"0","0","1384005454000","https://www.facebook.com/groups/692959904064197/permalink/763271443699709/"
,,,,,,,,,,,,,,,,,,,,"100006483734862","Rach Usero","https://scontent-iad3-1.xx.fbcdn.net/v/t39.30808-1/449742494_4567168976842515_2724883821067141391_n.jpg?stp=c41.41.508.508a_cp0_dst-jpg_tt6&cstp=mx508x508&ctp=s24x24&_nc_cat=110&ccb=1-7&_nc_sid=e99d92&_nc_ohc=tpxRD2Bwx3IQ7kNvwHme72h&_nc_oc=AdoFtMoUtgkI5f48Izl7_KVicA3bxXDk07NblZ6kKy0fejVEdxpX3pYqCK3L9xtRq2w&_nc_zt=24&_nc_ht=scontent-iad3-1.xx&_nc_gid=JrV099H155DmTv-sXwslfw&_nc_ss=7c2a8&oh=00_AQD0T7l_WAA0TJufyg2pu8koEeYifmpU-c4B9yrtJmIsmw&oe=6A601AD0","https://www.facebook.com/cielo.kaede","0","10151979757529594","Looking for a flood free house and lot or lots, with good location and has a good return of investment? or a low, mid or high rise condominiums? Here is the perfect place for you! 

https://www.facebook.com/propertiesinphilippines

We offer over 200 projects with the best features you would want. We adjust to your needs and find the perfect place that suites your budget, location and accessibility. 

We offer easy navigation with our table of projects for you to have a good and stress-free way to browse our projects.

We aim to have a lasting friendly relationship with you.

YOUR TIME IS VALUABLE TO US! 

Like and visit the Page Thank you :)

#investment #Philippines #condominium #houseandlot",,,"0","0","1384006397000","https://www.facebook.com/groups/entrepinoy/permalink/10151979757529594/"
,,,,,,,,,,,,,,,,,,,,"100067523643849","Jeepneed","https://scontent-iad6-1.xx.fbcdn.net/v/t39.30808-1/302100093_397865279140924_76763559598548431_n.jpg?stp=cp0_dst-jpg_tt6&cstp=mx800x800&ctp=s40x40&_nc_cat=100&ccb=1-7&_nc_sid=2d3e12&_nc_ohc=T9abq0jFOS4Q7kNvwFuKkP7&_nc_oc=AdqonG48siN97YCbjrGrX4KmOkUNXUEye8SX4dzs1mCHJ11U-89WQMr8bulomoWoFOc&_nc_zt=24&_nc_ht=scontent-iad6-1.xx&_nc_gid=JrV099H155DmTv-sXwslfw&_nc_ss=7c2a8&oh=00_AQA8xnJlSEFPX1XBq5K14Y_7sc86exVlQOarCnOeckn9Cw&oe=6A600B0A","https://www.facebook.com/jeepneedtinylabs","0","660854363936287","Word from our @ark partners in Capiz. Concerned for the schools we've been working with: First accounts Sibariwan Dumarao, Capiz (which was  under the eye of the storm last night) - flooding, no electricity, uprooted trees, razed rice paddies, houses swept away, everything leveled... people still reeling from the shock of Haiyan typhoon which brought winds that sounded like 747 jet even before the typhoon arrived.",,,"0","1","1383981553000","https://www.facebook.com/jeepneedtinylabs/posts/pfbid0qWQBkKgCsiWsrk2R1PcA7eNMj9poAqzG3CMJPkcuH8ZxvoKBT3zi12EWUiB3QE39l"
,,,,,,,,,,,,,,,,,,,,"100064518591460","DZMM Radyo Patrol 630","https://scontent-iad6-1.xx.fbcdn.net/v/t39.30808-1/668587708_1384714187022521_8343581617824766493_n.jpg?stp=c33.0.1012.1012a_cp6_dst-jpg_tt6&cstp=mx1012x1012&ctp=s40x40&_nc_cat=1&ccb=1-7&_nc_sid=2d3e12&_nc_ohc=SNb0wvffI00Q7kNvwG-3oFn&_nc_oc=Adp0uebADSYqtLWNt7QL2DuhApUbCdnjQueAqbHfsAyBcDo1Ny8F0_o-rxkHZxoBa-s&_nc_zt=24&_nc_ht=scontent-iad6-1.xx&_nc_gid=JrV099H155DmTv-sXwslfw&_nc_ss=7c2a8&oh=00_AQA5KtPabkRm4xtpPfAFxZkYZpl_wGiXD2TYItJKV0RPzA&oe=6A600C56","https://www.facebook.com/DZMMRadyo630","0","590069241058205","","3",,"3","0","1383956355000","https://www.facebook.com/OFWWINV/posts/590069241058205"
,,,,,,,,,,,,,,,,,,,,"100006483734862","Rach Usero","https://scontent-iad3-1.xx.fbcdn.net/v/t39.30808-1/449742494_4567168976842515_2724883821067141391_n.jpg?stp=c41.41.508.508a_cp0_dst-jpg_tt6&cstp=mx508x508&ctp=s24x24&_nc_cat=110&ccb=1-7&_nc_sid=e99d92&_nc_ohc=tpxRD2Bwx3IQ7kNvwHme72h&_nc_oc=AdoFtMoUtgkI5f48Izl7_KVicA3bxXDk07NblZ6kKy0fejVEdxpX3pYqCK3L9xtRq2w&_nc_zt=24&_nc_ht=scontent-iad3-1.xx&_nc_gid=u5cpygUxJo1dJKDBMNZhHA&_nc_ss=7c2a8&oh=00_AQBV9F9URtif4c_ZuruXHAOssoC38TOGXm6s7omYOaDrYA&oe=6A601AD0","https://www.facebook.com/cielo.kaede","0","250665515089482","Looking for a flood free house and lot or lots, with good location and has a good return of investment? or a low, mid or high rise condominiums? Here is the perfect place for you! 

https://www.facebook.com/propertiesinphilippines

We offer over 200 projects with the best features you would want. We adjust to your needs and find the perfect place that suites your budget, location and accessibility. 

We offer easy navigation with our table of projects for you to have a good and stress-free way to browse our projects.

We aim to have a lasting friendly relationship with you.

YOUR TIME IS VALUABLE TO US! 

Like and visit the Page Thank you :)

#investment #Philippines #condominium #houseandlot","1",,"1","0","1384006236000","https://www.facebook.com/groups/businesspinoy/permalink/250665515089482/"
,,,,,,,,,,,,,,,,,,,,"100064926720554","Disaster Information Service - Philippines","https://scontent-iad3-1.xx.fbcdn.net/v/t39.30808-1/313198148_499379358902951_88691280234451512_n.jpg?stp=cp0_dst-jpg_tt6&cstp=mx882x882&ctp=s40x40&_nc_cat=110&ccb=1-7&_nc_sid=2d3e12&_nc_ohc=Ioj-oV5VRBkQ7kNvwGg9lX2&_nc_oc=Ado5Mb_263DFXm8Tm7-Ga-jecgqt11y9nnzq1XMdOS9cBMy14GrGf8KUsBus-EivmmA&_nc_zt=24&_nc_ht=scontent-iad3-1.xx&_nc_gid=u5cpygUxJo1dJKDBMNZhHA&_nc_ss=7c2a8&oh=00_AQBd14uJGZmefYsrZ95hg0Z66yzL1LWruwJx0Gio0LPpMQ&oe=6A602831","https://www.facebook.com/dis.pia.gov.ph","0","582333261815374","PIA-6/CAPIZ: Some low lying barangays in Panay and Pontevedra are already flooding.",,,"0","1","1383963894000","https://www.facebook.com/dis.pia.gov.ph/posts/pfbid0hq3NfqsGz65XfLUQX1VbV9e4AC9M4HXC1iMG1VuQknCRBxuobT3bE3fvFaMeGsJFl"
"No photo description available.","364261820376587","photo","https://www.facebook.com/photo/?fbid=364261820376587&set=a.221321193599301",,,,,,,,,,,,,,,,,"100071642656523","Hashtag DREAM HOUSE in Cavite PH","https://scontent-iad3-2.xx.fbcdn.net/v/t39.30808-1/472055331_612002714531145_7552981365752344169_n.jpg?stp=cp0_dst-jpg_tt6&cstp=mx200x200&ctp=s40x40&_nc_cat=111&ccb=1-7&_nc_sid=2d3e12&_nc_ohc=wVnHaCxLoukQ7kNvwEq2AQk&_nc_oc=Adr-jcFitzHmapf4p3v5TIP1KDCDCXXwHxeP3HUKU2VcburgODvoB39MT54YX5HHaXQ&_nc_zt=24&_nc_ht=scontent-iad3-2.xx&_nc_gid=u5cpygUxJo1dJKDBMNZhHA&_nc_ss=7c2a8&oh=00_AQDDseKKgCD6mwrh6gi7VgEopLML6Gtq2a1lkeAcdQFJ8w&oe=6A60264C","https://www.facebook.com/hashtagdreamhouseCPH","0","364261820376587","CATHERINE Model

20 MINUTES FROM SM MALL OF ASIA PASAY
ONLY 6K TO RESERVE.. FLOOD-FREE SUBDIVISION.. TESTED BY CALAMITIES!!
FREE TRIPPING EVERYDAY!

House Features:
2 Storey Townhouse Unit
Lot Area: 50 Sq. m.
Floor Area: 50 Sq.m
Living Area
Dining Area
Kitchen
Three (3) Bedrooms
One (1) Toilet and Bath
One Powder Room
Provision for One-car Garage

TOTAL CONTRACT PRICE PHP 1,144,800.00

Downpayment (12.5%) PHP 143,100.00

Payable in 15 months PHP 8,873.33

5 years (60 months) 20,793.71
10 years (120 months) 12,636.23
15 years (180 months) 10,055.61
20 years (240 months) 8,861.47
***Sample Computation Only***

-For inquiry and tripping, please call or text me @ 09327080435 / 09178052265.
http://www.facebook.com/pages/Cavite-Rent-OWN-Affordable-House-n-Lot/186907478112023","1",,"1","1","1383941701000","https://www.facebook.com/photo.php?fbid=364261820376587&set=a.221321193599301&type=3"
,,,,,,,,,,,,,,,,,,,,"100064389381445","Panahon.TV","https://scontent-iad6-1.xx.fbcdn.net/v/t39.30808-1/414986260_763509162472056_3297011609705798179_n.jpg?stp=cp0_dst-jpg_tt6&cstp=mx1080x1080&ctp=s40x40&_nc_cat=100&ccb=1-7&_nc_sid=2d3e12&_nc_ohc=x2i65G6KVt0Q7kNvwFTGbBs&_nc_oc=AdrA4WMQYsggTnrjBTyaD1DOltlZp_UQp3JogbC4nBseFsK8Qg9UfmjycI5mclGkfT4&_nc_zt=24&_nc_ht=scontent-iad6-1.xx&_nc_gid=u5cpygUxJo1dJKDBMNZhHA&_nc_ss=7c2a8&oh=00_AQBjBmPFTndpVYN8cPWmhIAvE_uvBWLNqEeq8tZlDU4wYA&oe=6A602F67","https://www.facebook.com/Panahon.TV","0","627985850578590","CAPIZ: Some low lying barangays in Panay and Pontevedra are already flooding. | via @PIAalerts #YolandaPH","1",,"1","1","1383964281000","https://www.facebook.com/Panahon.TV/posts/pfbid02vZdR7GEv7kyGgMSxMgZ15m1CBhgSi7z8vHK2vNs4sbyaPrambWb9BTDVduFNvfuzl"
"No photo description available.","364251270377642","photo","https://www.facebook.com/photo/?fbid=364251270377642&set=a.221321193599301",,,,,,,,,,,,,,,,,"100071642656523","Hashtag DREAM HOUSE in Cavite PH","https://scontent-iad3-2.xx.fbcdn.net/v/t39.30808-1/472055331_612002714531145_7552981365752344169_n.jpg?stp=cp0_dst-jpg_tt6&cstp=mx200x200&ctp=s40x40&_nc_cat=111&ccb=1-7&_nc_sid=2d3e12&_nc_ohc=wVnHaCxLoukQ7kNvwEq2AQk&_nc_oc=Adr-jcFitzHmapf4p3v5TIP1KDCDCXXwHxeP3HUKU2VcburgODvoB39MT54YX5HHaXQ&_nc_zt=24&_nc_ht=scontent-iad3-2.xx&_nc_gid=u5cpygUxJo1dJKDBMNZhHA&_nc_ss=7c2a8&oh=00_AQDDseKKgCD6mwrh6gi7VgEopLML6Gtq2a1lkeAcdQFJ8w&oe=6A60264C","https://www.facebook.com/hashtagdreamhouseCPH","0","364251270377642","DIANA Model
ONLY 6K TO RESERVE.. FLOOD-FREE SUBDIVISION.. TESTED BY CALAMITIES!!
20 MINUTES FROM SM MALL OF ASIA PASAY

MAY DISCOUNT KA NA, MAY PANG-NOCHE BUENA KA PA!

House Features:
2 Storey Townhouse Unit
Lot Area: 50 Sq. m.
Floor Area: 60 Sq.m
Living Area
Dining Area
Kitchen
Three (3) Bedrooms
Two (2) Toilet and Bath
Balcony
Provision for One-car Garage

TOTAL CONTRACT PRICE PHP 1, 350, 000.00
Downpayment (12.5%) PHP 168,750.00
Payable in 15 months PHP 10,583.33

SAMPLE COMPUTATION
5 years (60 months) 24,525.09
10 years (120 months) 14,905.43
15 years (180 months) 11,862.24
20 years (240 months) 10,454.05

-For inquiry and tripping, please call or text me @ 09178052265 / 09327080435 / 09072440467.
https://www.facebook.com/pages/Cavite-Rent-OWN-Affordable-House-n-Lot/186907478112023","1",,"1","0","1383938100000","https://www.facebook.com/photo.php?fbid=364251270377642&set=a.221321193599301&type=3"
,,,,,,,,,,,,,,,,,,,,"100064893843624","Mara Dyer Philippines","https://scontent-iad3-2.xx.fbcdn.net/v/t39.30808-1/307193139_468117082028083_9074642980182613155_n.png?stp=cp0_dst-png&cstp=mx864x864&ctp=s40x40&_nc_cat=111&ccb=1-7&_nc_sid=2d3e12&_nc_ohc=8KEEBxQcDn0Q7kNvwEOrADE&_nc_oc=AdoTy2XE7eK5tOtkCQ6EOMgHlkfHN64r7IHSL_l8mQW84_glmevctGmls2D2FbiJh2U&_nc_zt=24&_nc_ht=scontent-iad3-2.xx&_nc_gid=dlpzGWhwoWWNNdX7G_gRfQ&_nc_ss=7c2a8&oh=00_AQBKCNA7CLU7lMImC6lIssu4JnvKIESqEPifQMhrJ8oY_A&oe=6A60393F","https://www.facebook.com/MaraDyerPhilippines","0","461438367308561","We'll post the other submissions later, so your tls won't be flooded. #MDPHFanArtFriday Submit yours, now! (maradyertrilogyph@yahoo.com)",,,"0","0","1383885991000","https://www.facebook.com/MaraDyerPhilippines/posts/pfbid02d1F9tcycujq64G6skMg5aioiveJhR4fNQ4kc8Qpb6KZcjzjAoaX8Er1eNMi4eqLyl"
"No photo description available.","364262593709843","photo","https://www.facebook.com/photo/?fbid=364262593709843&set=a.221321193599301",,,,,,,,,,,,,,,,,"100071642656523","Hashtag DREAM HOUSE in Cavite PH","https://scontent-iad3-2.xx.fbcdn.net/v/t39.30808-1/472055331_612002714531145_7552981365752344169_n.jpg?stp=cp0_dst-jpg_tt6&cstp=mx200x200&ctp=s40x40&_nc_cat=111&ccb=1-7&_nc_sid=2d3e12&_nc_ohc=wVnHaCxLoukQ7kNvwEq2AQk&_nc_oc=Adr-jcFitzHmapf4p3v5TIP1KDCDCXXwHxeP3HUKU2VcburgODvoB39MT54YX5HHaXQ&_nc_zt=24&_nc_ht=scontent-iad3-2.xx&_nc_gid=dlpzGWhwoWWNNdX7G_gRfQ&_nc_ss=7c2a8&oh=00_AQDZtQVpzBSzvCbQd9Bq-1VKRGzy9pvXJzLD1B_1v_areQ&oe=6A60264C","https://www.facebook.com/hashtagdreamhouseCPH","0","364262593709843","CATHERINE Model

20 MINUTES FROM SM MALL OF ASIA PASAY
ONLY 6K TO RESERVE.. FLOOD-FREE SUBDIVISION.. TESTED BY CALAMITIES!!
FREE TRIPPING EVERYDAY!

MAY DISCOUNT KA NA, MAY PANG-NOCHE BUENA KA PA!

House Features:
2 Storey Townhouse Unit
Lot Area: 50 Sq. m.
Floor Area: 50 Sq.m
Living Area
Dining Area
Kitchen
Three (3) Bedrooms
One (1) Toilet and Bath
One Powder Room
Provision for One-car Garage

TOTAL CONTRACT PRICE PHP 1,144,800.00

Downpayment (12.5%) PHP 143,100.00

Payable in 15 months PHP 8,873.33

5 years (60 months) 20,793.71
10 years (120 months) 12,636.23
15 years (180 months) 10,055.61
20 years (240 months) 8,861.47
***Sample Computation Only***

-For inquiry and tripping, please call or text me @ 09327080435 / 09178052265.
http://www.facebook.com/pages/Cavite-Rent-OWN-Affordable-House-n-Lot/186907478112023","3",,"3","0","1383923717000","https://www.facebook.com/photo.php?fbid=364262593709843&set=a.221321193599301&type=3"
,,,,,,,,,,,,,,,,,,,,"100045173740794","Kaibigan lang muna tayo ngayon , Akin ka pagdating ng tamang Panahon""","https://scontent-iad3-1.xx.fbcdn.net/v/t39.30808-1/611068858_1413460186836426_2226652133579763890_n.jpg?stp=cp0_dst-jpg_tt6&cstp=mx523x531&ctp=p40x40&_nc_cat=101&ccb=1-7&_nc_sid=2d3e12&_nc_ohc=dtWYuNRj9ygQ7kNvwGBi6DS&_nc_oc=Adr2nohgudtL1Y5FeZ1_5Ko0KByZZ2bvdcbTiDYkmrEmjTuHG6w_oaCa9YFb-oA0IvI&_nc_zt=24&_nc_ht=scontent-iad3-1.xx&_nc_gid=dlpzGWhwoWWNNdX7G_gRfQ&_nc_ss=7c2a8&oh=00_AQAYaaLvVvi2WX32Y_bDVvIlroUspl4jNkg1IWj9s2B7jw&oe=6A603B98","https://www.facebook.com/KaibiganOKaEbigan","1","1431953627016628","--------NEWS UPDATES ---------

Super typhoon 'Yolanda' makes landfall

| Updated as of 11/08/2013 7:23 AM

Image from PAGASA
20 areas under signal no. 4

MANILA – Typhoon ""Yolanda"" (international name Haiyan) has made landfall in Eastern Visayas, threatening areas in its path, state weather bureau PAGASA said.

PAGASA said Yolanda made landfall over Guiuan, Eastern Samar at 4:40 a.m.

Yolanda was packing maximum sustained winds of 235 kilometers per hour near
the center and gusts of up to 275 kph.

More areas have been placed under public storm warning signal no. 4, where winds of at least 185 kph may be felt in at least 12 hours.

PAGASA said areas under signal no. 4 are Masbate, Ticao Island, Southern Sorsogon, Romblon, Northern Samar, Eastern Samar, Samar, Leyte, Southern Leyte , Biliran , Northern Cebu, Cebu City, Bantayan, Camotes Island, Northern Negros Occidental, Capiz, Aklan, Antique, Iloilo, and Guimaras.

Image from PAGASA
Under signal no. 3 are Burias Island, Albay, Marinduque, Occidental Mindoro, Oriental Mindoro, Calamian Group of Islands, the rest of Sorsogon, the rest of Negros Occidental, Negros Oriental, the rest of Cebu, Bohol, Surigao del Norte, and Siargao Island.

Catanduanes, Camarines Sur, Southern Quezon, Laguna, Batangas, Rizal, MetroManila, Cavite, Bataan, Lubang Island, Siquijor , Northern Palawan , Puerto Princesa, Camiguin, Surigao Del Sur, and Agusan Del Norte have been placed under signal no. 2.

Meanwhile, under signal no. 1 are Camarines Norte, rest of Quezon , Polilio Island, Bulacan, Pampanga, Zambales, Misamis Oriental, and Agusan del Sur.

PAGASA said Yolanda is forecast to move west northwest at 39 kph. After hitting Guiuan, it is expected to traverse the provinces of Biliran, the northern tip of Cebu, Iloilo, Capiz, Aklan, Romblon, Semirara Island, southern part of Mindoro and then Busuanga.

Yolanda is expected to exit Philippine landmass on Saturday morning, moving towards the West Philippine Sea.

An estimated rainfall amount of 10 to 30 millimeters per hour (heavy - intense) is expected within the typhoon's 400-km diameter.

Sea travel is risky over the seaboards of Northern Luzon and the eastern seaboard of Central Luzon.

Residents in low lying and mountainous areas under signal nos. 4, 3 and 2 are alerted against possible flash floods and landslides. Likewise, those living in coastal areas under signal nos. 4, 3 and 2 are alerted against storm surges which may produce waves with height of at least 7 meters.

#agapita","13",,"13","10","1383876627000","https://www.facebook.com/KaibiganOKaEbigan/posts/pfbid02vwUFfoBqnnJ9ygX69Fo6hJai4d2gGk3pedoZBH5iWJ2pV9J9dnnYV9TWwaEUx18zl"
"No photo description available.","461987360585303","photo","https://www.facebook.com/photo/?fbid=461987360585303&set=a.561584112672246",,,,,,,,,,,,,,,,,"100064619864701","Fifth Harmony Philippines","https://scontent-iad6-1.xx.fbcdn.net/v/t39.30808-1/542758148_1220929600071024_5777945733048012257_n.jpg?stp=cp0_dst-jpg_tt6&cstp=mx1050x1059&ctp=s40x40&_nc_cat=102&ccb=1-7&_nc_sid=2d3e12&_nc_ohc=sdzt4EXRn4MQ7kNvwHozgwJ&_nc_oc=AdonaDIZtM3Ii9gN2vnxi01N8fPTnKcrCT_oJ6Cg3j2qq69mt9N2VEjYd-5NVze0vBg&_nc_zt=24&_nc_ht=scontent-iad6-1.xx&_nc_gid=dlpzGWhwoWWNNdX7G_gRfQ&_nc_ss=7c2a8&oh=00_AQB4-3RkwZZiIhWHOvzuH2wMIxearYw8Pcou0-HN9FUImg&oe=6A60290B","https://www.facebook.com/5thHarmonyPhilippines","0","461987360585303","Due to the super typhoon that is currently affecting our country, we are hoping that every single one of you are safe and dry! Always follow the instructions given by the authorities and stay away as much as possible from danger-prone areas.


Here are some contact numbers for safety precautions:



*PAGASA (433-8526)
*PHILIPPINE RED CROSS (911-1876)
*PHILIPPINES COAST GUARD (527-6136)
*BUREAU OF FIRE PROTECTION (729-5166)
*MMOA FLOOD CONTROL (882-4177)
*NDRRMC (911-1406)
*PHILIPPINE NATIONAL POLICE (117)



Stay safe and god bless everyone! <3","21",,"21","0","1383887495000","https://www.facebook.com/photo.php?fbid=461987360585303&set=a.561584112672246&type=3"
"No photo description available.","648580265182253","photo","https://www.facebook.com/photo/?fbid=648580265182253&set=a.648579455182334",,,,,,,,,,,,,,,,,"100066526778617","House and Lot in Cavite For As Low As Php10,000.00 Monthly 0917500896 VIBER","https://scontent-iad6-1.xx.fbcdn.net/v/t39.30808-1/305773523_433057595588463_3482809968468438686_n.jpg?stp=c160.0.640.640a_cp0_dst-jpg_tt6&cstp=mx640x640&ctp=s40x40&_nc_cat=107&ccb=1-7&_nc_sid=2d3e12&_nc_ohc=5zIWFaJ5rK4Q7kNvwGyMyWW&_nc_oc=AdqVvqJelPPwrimz_9QzphIExu7nddHyg4kZ9hGFwX8U90RpVOXmfEB5drCEZmdObzc&_nc_zt=24&_nc_ht=scontent-iad6-1.xx&_nc_gid=dlpzGWhwoWWNNdX7G_gRfQ&_nc_ss=7c2a8&oh=00_AQAX3xBep6gGiQ6W6dpTXhht301YNk4XKyockD1flAhSuQ&oe=6A603CED","https://www.facebook.com/rentoownhouseandlot","0","648580265182253","Ready For Occupancy Townhouse near SM Bacoor and SM Molino				
				
Just 15minutes from SM Bacoor and SM Molino! Absolutely FLOOD-FREE!! 				
				
Lipat Agad upon Full Payment of Downpayment. Why Rent When You Can Own! 				
				
				
HOUSE FEATURES: 				
2-Storey Townhouse unit Inner 				
Lot Area	:	 36 sq.m. 		
Floor Area	:	  43 sq.m.  		
Provision for Two Bedrooms 	:	  Two (2)  		
Toilet and Bath	:	  One (1)  		
Carport with Landscape				
Dining Area 				
Kitchen Area 				
Laundry Service Area 				
				
				
TURNOVER UNIT SPECIFICATIONS: 				
Prepainted G.I. Roofing Sheet				
With Fence and Gate				
Ceramic Floor				
Sliding Windows (Analok Frame with Bronze Glass)				
Ceramic Tiled Countertop Kitchen Counter with Stainless Kitchen Sink and Base Cabinet				
Interior and Exterior Paint Finish				
				
				
Community Features & Highlights: 				
~* Entrance gate with guardhouse 				
~* Playground 				
~* Concrete roads, curbs, and gutters 				
~* Meralco Electrical System 				
~* Individual Land Title 				
~* Over Head Water Tank				
~* Permanent Meralco Power Supply				
~* Enclosed with Perimeter Fence				
~* 24 Hour Security				
				
				
NEARBY ESTABLISHMENTS: 				
				
~*~ CHURCHES, SCHOOLS, SHOPPING CENTER, SUPERMARKET AND HOSPITALS ~*~ 				
				
Imus Puregold, St. Dominic Hospital, Island Cove				
				
				
#pagibigloan #HDMF #houseandlotcavite #murangbahayatlupa #bahayatlupa #affordablehomes #lancaster #ofwhouseandlot #renttoown #pagibighousing #realestate #cavitehouseandlot #houseandlotforsale #affordablehouseandlot #lancasternewcity				
				
				
~~*~~*~~*~~*~~*~~*~~*~~*~~*~~*~~*~~*~~				
				
				
OPTION#1 - PAG-IBIG FINANCING				
				
Total Contract Price	: 	 Php1,102,243.12 		
				
Down Payment	:	 Php352,243.12 		
Less: Reservation Fee	:	 Php10,000.00 		
Add: Advance MRI & FIRE INSURANCE	:	 Php11,000.00 		
				
** Net Down Payment	:	 Php353,243.12 		
				
Down Payment in 12 months	:	 Php29,436.93 		
Down Payment in 24 months	:	 Php14,718.46 		
				
BALANCE: Loanable Amount	:	 Php750,000.00 		
				
PAG-IBIG FINANCING				
Monthly Amort. (PAG-IBIG IF 30 Years To Pay)	:	 Php5,700.52 	Per Month	
MOVE IN FEE	:	 Php6,370.00 		
				
				
~~**~~**~~**~~**~~**~~**~~**~~**~~*~~				
				
				
OPTION#2 - BANK FINANCING				
				
Total Contract Price	:	 Php1,102,243.12 		
				
20% Down Payment	:	 Php220,448.62 		
Less: Reservation Fee	:	 Php10,000.00 		
				
**Net Down Payment Cash or Installment	:	 Php210,448.62 		
				
Down Payment in 12 months	:	 Php17,537.39 	Per Month	
Down Payment in 18 months	:	 Php11,691.59 	Per Month	
Down Payment in 24 months	:	 Php8,768.69 	Per Month	
				
				
BALANCE: Loanable Amount		 Php881,794.50 		
				
Monthly Amort. (Bank 15 Years To Pay)	:	 Php12,950.92 	Per Month	
Monthly Amort. (Bank 10 Years To Pay)	:	 Php13,691.31 	Per Month	
Monthly Amort. (Bank 05 Years To Pay)	:	 Php19,615.03 	Per Month	
				
				
** PRICE IS SUBJECT TO CHANGE WITHOUT PRIOR NOTICE ** 				
				
				
~~*~~*~~*~~*~~*~~*~~*~~*~~*~~*~~*~~*~~				
				
				
Developer's Accreditation 				
Clients are not allowed to enter the subdivision without being accompanied by our Accredited Agent 				
CALL OUR ACCREDITED AGENT NOW: 				
				
				
For free site tripping and more discounts: 				
Please add my Facebook: https://www.facebook.com/tagudfaith				
				
** 0917-803-6481 (VIBER / GLOBE) 				
** 0917-500-8965 (VIBER / GLOBE) 				
** 0939-926-7328 (SMART) 				
Email: faithtagud@gmail.com 				
				
				
We are happy to serve and assist you with your desire in owning a property. God bless.				
				
~~*~~*~~*~~*~~*~~*~~*~~*~~*~~*~~*~~*~~","3",,"3","0","1383933432000","https://www.facebook.com/photo.php?fbid=648580265182253&set=a.648579455182334&type=3"
,,,,,,,,,,,,,,,,,,,,"638351982","Thelma Singson Barrera","https://scontent-iad6-1.xx.fbcdn.net/v/t39.30808-1/491571910_10163296327311983_689041834849073493_n.jpg?stp=cp0_dst-jpg_tt6&cstp=mx363x364&ctp=s40x40&_nc_cat=102&ccb=1-7&_nc_sid=1d2534&_nc_ohc=o5jEja3zKV0Q7kNvwEh3bR0&_nc_oc=AdoLY--zusdIHbaK8EKyRAjtFKX0vDiDqXHzpD2XxTvgmEWISWE2fV5xbK8mXnnNpTY&_nc_zt=24&_nc_ht=scontent-iad6-1.xx&_nc_gid=dlpzGWhwoWWNNdX7G_gRfQ&_nc_ss=7c2a8&oh=00_AQCLL-fKKtS8H_fJLFS3TGYZleHaCcTq0kM0km1F9qNJ9A&oe=6A603CBA","https://www.facebook.com/thelma.s.barrera","1","752641848083840","Let Us Pray for Tacloban.

-Tala-","17",,"17","0","1383970264000","https://www.facebook.com/permalink.php?story_fbid=752641848083840&id=348389881842374"
,,,,,,,,,,,,,,,,,,,,"100067607325289","Abante News Online","https://scontent-iad6-1.xx.fbcdn.net/v/t39.30808-1/534885277_1089543809975853_3726460784380869728_n.jpg?stp=c0.83.1434.1434a_cp0_dst-jpg_tt6&cstp=mx1434x1434&ctp=s40x40&_nc_cat=1&ccb=1-7&_nc_sid=2d3e12&_nc_ohc=yKvF-OiRxSsQ7kNvwEuP1IV&_nc_oc=AdqVOB9Kdyqe8gffiCDEvN8moeCpFpOhqKR0U6D8Fqpg4lVSH3ZvCCo8jzAlhtwl3Tw&_nc_zt=24&_nc_ht=scontent-iad6-1.xx&_nc_gid=YD6VfcEGMQKZgoUvmWBU8w&_nc_ss=7c2a8&oh=00_AQBDJM67sgbdxMoNQcXDc2HY1j-cUnHZN-HRLlICW-FyHQ&oe=6A602623","https://www.facebook.com/abantenews","0","671332346234529","PAGASA-DOST:

Heavy Rainfall Warning No. 01 

Weather System: Typhoon “Yolanda” 

Issued at: 4:00 PM, 08 November 2013 (Friday)

*YELLOW: Batangas, Rizal, Laguna, Quezon and Rizal

• POSSIBLE FLOODING in low lying areas.

The public and the disaster risk reduction and management council concerned are advised to MONITOR the weather condition and watch for the next advisory to be issued at 7:00 PM today. 

*Under the warning system, yellow means flooding is possible in low-lying areas and landslides in mountainous areas.","5",,"5","1","1383901302000","https://www.facebook.com/abantenews/posts/pfbid02PJXFna8ZKidStwPnW4PSEixXypAqzyo5Zj6UcBZ57qNgooRP4ZBezMqrF1QNYN56l"
"No photo description available.","688974491135900","photo","https://www.facebook.com/photo/?fbid=688974491135900&set=a.509117948021710",,,,,,,,,,,,,,,,,"100067705279879","Popjunklove","https://scontent-iad3-2.xx.fbcdn.net/v/t39.30808-1/281798484_5555062804527020_3140802841404383791_n.jpg?stp=cp0_dst-jpg_tt6&cstp=mx960x960&ctp=s40x40&_nc_cat=111&ccb=1-7&_nc_sid=2d3e12&_nc_ohc=4glIukC3x9cQ7kNvwHoX3Si&_nc_oc=AdoMDX0-POAd6kU0MxN5pnrZ0v6Xy3ht1EqT7LawTjwsFIqR02zPo99ewitJGSfZrvU&_nc_zt=24&_nc_ht=scontent-iad3-2.xx&_nc_gid=YD6VfcEGMQKZgoUvmWBU8w&_nc_ss=7c2a8&oh=00_AQAqZVcEVc8GF3F6sFY5e5SAol-P8UI6JucPwrzOEbXZdA&oe=6A601E9C","https://www.facebook.com/popjunklove","0","688974491135900","6 less trash to clog our sewers. Hoping floods already subsided in #Yolanda affected areas. Stay safe everyone.","6",,"6","0","1383967719000","https://www.facebook.com/photo.php?fbid=688974491135900&set=a.509117948021710&type=3"
"No photo description available.","577363118998638","photo","https://www.facebook.com/photo/?fbid=577363118998638&set=a.128315846635984",,,,,,,,,,,,,,,,,"100083727060802","Ako C Kim (fan page)","https://scontent-iad6-1.xx.fbcdn.net/v/t39.30808-1/308048974_128315866635982_9119810765506369104_n.jpg?stp=c29.0.777.777a_cp0_dst-jpg_tt6&cstp=mx777x777&ctp=s40x40&_nc_cat=109&ccb=1-7&_nc_sid=2d3e12&_nc_ohc=1oiuRwxsFOIQ7kNvwGVKTE9&_nc_oc=AdoX_YqA3EEwVDYN_77Hgk3HbW5pf2rNbNsC1EpDzOmgmgGC8WYg5V3RWaLOenld6wM&_nc_zt=24&_nc_ht=scontent-iad6-1.xx&_nc_gid=YD6VfcEGMQKZgoUvmWBU8w&_nc_ss=7c2a8&oh=00_AQBakarv9HyKiAuQqgJYxRdlgf71Aax3DOR-xjwbQar9ww&oe=6A6018B1","https://www.facebook.com/AkoCKimfanpage","19","577363118998638","Over 100 dead in Leyte: CAAP report

Typhoon ""Yolanda"" has left over 100 people dead in Leyte, according to Civil Aviation Authority of the Philippines (CAAP) Deputy Director John Andrews.

In an interview with ANC on Saturday morning, Andrews said he received a report from the station manager in Tacloban City at around 5 a.m that over 100 people were found dead and sprawled on the streets.

Over 100 were also wounded during the onslaught of Yolanda, he said.

""His message stated that 100 plus dead lying in the streets with 100 plus injured,"" Andrews said.

There were no details, however, regarding where exactly the bodies were found, he added.

Meanwhile, the National Disaster Risk Reduction and Management Council (NDRRMC) has yet to confirm the report.

In a press briefing, Cabinet Secretary Rene Almendras said the NDRRMC still cannot give an official count ""unless it is confirmed.""

""We're saying it's definitely not 3, 4 or 5, but as to the exact number at this time, mahirap pa po yan,"" Almendras said.

He said soldiers from the Armed Forces of the Philippines (AFP) have already been deployed to Tacloban to help in recovering the bodies of the casualties.

""I am not saying it's not accurate...but we cannot possibly officially verify it yet,"" he added.

In the ANC interview, Andrews said Tacloban is now requesting for medical and relief aid.

Tacloban was among the worst hit areas, with storm surges flooding large parts of the city.

Video footage taken by ABS-CBN shows strong winds destroying houses, with a storm surge carrying large piles of debris on streets.

Meanwhile, Andrews said he will go to Tacloban on Saturday to bring communication equipment and satellite phones.

He said the airport in Tacloban, according to the station manager, was ""completely ruined.""

""But the runway has been cleared of debris. So emergency aircraft can land on the airport,"" Andrews said.

On Saturday morning, Cabinet Secretary Rene Almendras said relief goods are now on its way to Tacloban.

He also said that Social Welfare and Development Secretary Dinky Soliman and Executive Director Eduardo Del Rosario are on the same flight.

""We are very concerned of the situation there that is precisely why Sec. Soliman is on the plane to Tacloban now,"" he said.

Tacloban also lost power and communication lines were cut off.

Yolanda smashed into coastal communities on the central island of Samar before dawn on Friday with maximum sustained winds of about 315 kilometers (195 miles) an hour.

Source: ABS-CBNnews.com","45",,"45","44","1383985989000","https://www.facebook.com/photo.php?fbid=577363118998638&set=a.128315846635984&type=3"
"No photo description available.","664316546953432","photo","https://www.facebook.com/photo/?fbid=664316546953432&set=a.213655726985591",,,,,,,,,,,,,,,,,"100050234960592","Philippine Human Beatbox Alliance (PHBA)-Official","https://scontent-iad3-1.xx.fbcdn.net/v/t39.30808-1/463651807_8908692009182470_6226526479990915619_n.jpg?stp=c225.0.1597.1597a_cp0_dst-jpg_tt6&cstp=mx1597x1597&ctp=s40x40&_nc_cat=108&ccb=1-7&_nc_sid=2d3e12&_nc_ohc=HxPpiqICqTwQ7kNvwEf0O11&_nc_oc=AdoSbgGneUuQ5E4b4ByOJELEbEvLIZvMOSWOT6Ml13akDE-8SbOi9mJ9AYCL-yh3_T4&_nc_zt=24&_nc_ht=scontent-iad3-1.xx&_nc_gid=YD6VfcEGMQKZgoUvmWBU8w&_nc_ss=7c2a8&oh=00_AQCf3jEG4rrcq9HCRxCqZePZPaLZgJU5maXDzXStRo6OjA&oe=6A600B61","https://www.facebook.com/phba.official","0","664316546953432","Ingat po tayo mga kapatid. 

isulong ang operation zero casualties! 

Malaki man ang bagyo, walang mas lalaki pa at lalakas pa sa Ama nating taga pag likha. 

sabay sabay po tayong mag dasal. 

ALL MIGHTY AND LOVING FATHER, CREATOR OF THE UNIVERSE, WE FERVENTLY ASK YOUR DIVINE AND INFINITE MERCY TO TAKE CONTROL OF THE RAIN, TYPHOON AND FLOOD.
WE PUT OUR TRUST IN YOUR POWER.
WE IMPLORE YOU TO EMBRACE OUR COUNTRY, CALM THE WEATHER AS YOU DID WITH YOUR DISCIPLES AT THE MIDDLE OF THE SEA. 

IN JESUS MIGHTY NAME WE PRAY AMEN AND AMEN. 

pls PASS to start a prayer brigade...

wag kalimutan ang mga Emergency Kit at doble ingat po tayo.","24",,"24","6","1383875188000","https://www.facebook.com/photo.php?fbid=664316546953432&set=a.213655726985591&type=3"
"No photo description available.","622283207812871","photo","https://www.facebook.com/photo/?fbid=622283207812871&set=a.675538577280714",,,,,,,,,,,,,,,,,"100044737320314","Tibok ng mga PuSo","https://scontent-iad3-2.xx.fbcdn.net/v/t39.30808-1/310055898_675538597280712_4199185549357695616_n.jpg?stp=cp0_dst-jpg_tt6&cstp=mx645x645&ctp=s40x40&_nc_cat=103&ccb=1-7&_nc_sid=2d3e12&_nc_ohc=OlNHAh3m0qMQ7kNvwFmvN9V&_nc_oc=AdqzdCer9va5PCmkTs5fpJIVxoYWkb7EEw2CeF2iCW9JkKl4mDt-TetgaL97I9a6mjE&_nc_zt=24&_nc_ht=scontent-iad3-2.xx&_nc_gid=YD6VfcEGMQKZgoUvmWBU8w&_nc_ss=7c2a8&oh=00_AQCjr999l6BDSN-86uRxxJeoI0KI0Y6PaAjOpS_Dcw-L6g&oe=6A602B16","https://www.facebook.com/bastapusoangusapan","1","622283207812871","Super typhoon moves closer to Manila
Admin #honey
| Updated as of 11/08/2013 5:00 PM

Satellite image of Typhoon ""Yolanda"" at 1:30 p.m., November 8, 2013. Image from PAGASA
Expect stronger winds, rains: PAGASA

MANILA - The world's most powerful typhoon continued to wreak havoc in parts of the Philippines and will come nearest to Metro Manila between 5-6 p.m. today, November 8, according to state weather bureau PAGASA.

PAGASA OIC Administrator Vicente Malano said the eye of super typhoon Yolanda (Haiyan) was at the vicinity of Cuartero, Capiz as of 1 p.m. and is now moving towards Aklan, Boracay and Semirara, Antique.

It is forecast to reach southeast of San Jose, Mindoro by 5 pm - 6 pm where it will be closest to Metro Manila.

""The rain we are experiencing now (in Metro Manila) is already part of Yolanda. Pinakamalapit si Yolanda sa Manila ay mamaya bandang 5-6 pm pag nandun na siya sa Mindoro. Yun yung pinakamalapit siya at pinakamalakas na ma-e-experience nating hangin,"" he said in a press briefing.

He said Metro Manilans should expect 10-20 mm of rain per hour once the typhoon draws nearer but noted that the rain ""will not be concentrated because the typhoon is moving swiftly.""

Malano said the typhoon will also hit Busuanga, Palawan by 8-9 pm as it moves towards the West Philippine Sea. It is forecast to exit the Philippine area of responsibility by 9 a.m.

PAGASA said public storm warning signal number 4 remains hoisted over 13 areas. These areas should expect winds of more than 185 kph in at least 12 hours:

southern Occidental Mindoro
southern Oriental Mindoro
Romblon
Calamian group of island
Masbate
northern Cebu
Cebu City
Bantayan Island
northern Negros Occidental
Aklan
Capiz
Antique
Guimaras
Areas under signal number 3 (winds of 101 to 185 kph in at least 18 hours) are:

rest of Occidental Mindoro
rest of Oriental Mindoro
Burias Island
northern Palawan
northern Samar
Eastern Samar
Samar
Leyte
Southern Leyte
Bohol
rest of Cebu
Negros Oriental
rest of Negros Occidental
Biliran province
Dinagat province
Signal number 2 is hoisted over Bataan, Metro Manila, Rizal, Cavite, Laguna, Batangas, Southern Quezon, Camarines Sur, Albay, Sorsogon, Siquijor, Surigao del Norte, Siargo and Camiguin.

Signal number 1 is hoisted over Pampanga, Zambales, Camarines Norte, Catanduanes, Surigao del Sur, Misamis Oriental, and Agusan del Norte.

Storm surge warning

PAGASA also warned the public against storm surges, noting that 15-foot waves have been reported in Tacloban City.

ABS-CBN reports reveal flash floods have turned Tacloban's streets into rivers, while a photo from ABS-CBN television shows six bamboo houses washed away along a beach more than 200 kilometers to the south.

Video footage taken by a resident also showed corrugated iron sheets being ripped off roofs and floating with the wind before crashing into buildings.

The Department of Science and Technology's Project NOAH (Nationwide Operational Assessment of Hazards) said areas in the path of the typhoon could experience tidal and storm-induced waves that could reach as high as 17 feet.

Project NOAH said Ormoc, Leyte could experience waves as high as 5.2 meters (17 feet), with its peak occurring at 2 p.m. today.

Other areas that will see seawater rise above more than 4 meters (13 feet) because of typhoon Yolanda include Matarinao Bay, Eastern Samar (4.7 meters); Port Pusgo, Quezon (4.6 meters); Santa Cruz Harbor, Quezon (4.3 meters); Poro Island, Biliran (4.3 meters); Banate, Iloilo (4.1 meters); and Port Barton, Palawan (4 meters).

The Global Disaster Alert and Coordination System (GDACS), a cooperation framework between the United Nations, the European Commission and disaster managers worldwide to improve alerts, said 17.8 million people may be affected by Category 1 (120 kilometers per hour) wind speeds.

In an advisory issued at 8 a.m. on Friday (Manila time), GDACS said Yolanda was packing 315 kph maximum sustained winds.

World's strongest

An advisory released by the US Navy's Joint Typhoon Warning Center (JTWC), meanwhile, said Yolanda will still pack 140 knots (296.32 kph) when it hovers over the vicinity of Mindoro at 8 p.m. while on its way towards the West Philippine Sea.

Wind strength has made Yolanda one of the four most powerful typhoons ever recorded in the world, and the most intense to have made landfall, according to Jeff Masters, the director of meteorology at US-based Weather Underground.

Yolanda (Haiyan) generated wind gusts of 379 kilometres an hour on Friday morning, according to the JTWC.

Masters said the previous record for the strongest typhoon to make landfall was Hurricane Camille, which hit Mississippi in the United States with sustained winds of 190 miles an hour in 1969.

While the winds moderated slightly after making landfall, Masters told AFP they would remain strong enough for Yolanda (Haiyan) to continue being a ""super typhoon"" until it exited into the West Philippine Sea.

Masters said warm waters of the Pacific Ocean were an important reason for the strength of Yolanda (Haiyan), but it was premature to blame climate change.

""The historical record of typhoons and hurricanes is too short and of too low quality to say if climate change may have played a role,"" he said. With Agence France-Presse","27",,"27","20","1383908890000","https://www.facebook.com/photo.php?fbid=622283207812871&set=a.675538577280714&type=3"
,,,,,,,,,,,,,,,,,,,,"100064445723899","ANC 24/7","https://scontent-iad6-1.xx.fbcdn.net/v/t39.30808-1/609053834_1328721385952706_4253439834983056076_n.jpg?stp=cp0_dst-jpg_tt6&cstp=mx2048x2048&ctp=s40x40&_nc_cat=1&ccb=1-7&_nc_sid=2d3e12&_nc_ohc=RAU_RPiKxxgQ7kNvwGousQ2&_nc_oc=AdrboobFxZMxTOJEhmsED4dPDEc1O_aw_cXztbkDqwcwfhzongBkJiyH8mVwvGl6auM&_nc_zt=24&_nc_ht=scontent-iad6-1.xx&_nc_gid=YD6VfcEGMQKZgoUvmWBU8w&_nc_ss=7c2a8&oh=00_AQAAzn79gHuFjNZoRp8tlGaYMgV81r3aqkchHd4RoWEVMQ&oe=6A60214E","https://www.facebook.com/ANCalerts","0","643291232359440","Yellow warning na tayo.","1",,"1","0","1383913029000","https://www.facebook.com/rahavolunteers/posts/643291232359440"
"No photo description available.","569627476439664","photo","https://www.facebook.com/photo/?fbid=569627476439664&set=a.342250279177386",,,,,,,,,,,,,,,,,"100064939800133","PPMK - Pilipino, Proud maging Katoliko","https://scontent-iad6-1.xx.fbcdn.net/v/t39.30808-1/734275138_1449914150516565_6993694313566312424_n.jpg?stp=cp0_dst-jpg_tt6&cstp=mx1280x1280&ctp=s40x40&_nc_cat=100&ccb=1-7&_nc_sid=2d3e12&_nc_ohc=tJn_BN6-eTAQ7kNvwHUKsav&_nc_oc=Adqx7ndGYuU58bbQhL2DE8qUapbfphcvneQkDjqWZvZmBMTc4qMV8q1dT194U-bZebs&_nc_zt=24&_nc_ht=scontent-iad6-1.xx&_nc_gid=YD6VfcEGMQKZgoUvmWBU8w&_nc_ss=7c2a8&oh=00_AQB3QaIi3NNMiTboqKC0y0beK-2-NVGHz6MIrowbpU_5DA&oe=6A601536","https://www.facebook.com/PPMKatoliko","1","569627476439664","PPMK PISTANG PILIPINO:
Every Second and Third Sunday of the Month of November - Feast of Nuestra Senora dela Soledad de Porta Vaga, Patroness of the Cavite Province

Nuestra Señora de la Soledad de Porta Vaga, (Spanish, Our Lady of Solitude of Vaga Gate) also called ""Reina de Cavite"" (""Queen of Cavite""), ""La Virgen de la Soledad"" (""Our Lady of Sorrows)"", and ""La Excelsa y La Celestial Guardiana y Protectora dela Provincia de Cavite"", is the patroness of entire Cavite province in the Philippines. The Virgin of Porta Vaga is well known to her miracles thus she is called as The Virgin of thousands of Miracles. The devotion to Our Lady of Porta Vaga is one of the famous marian devotions in the Philippines

Description

The Blessed Virgin Mary is depicted as garbed in black and white, kneeling as she contemplates the instruments of her Son's Passion. Before her are the crown of thorns and the nails. The icon of is painted on a canvas framed in carved wood. The painting itself is set with gold and silver accouterments and precious gems, which are ex votos from her devotees. An inscription found at the back of the painting says: ""A doze de Abril 1692 años Juan Oliba puso esta Stma. Ymagen Haqui"" (""On 12 April 1692, Juan Oliba placed this most holy image here""). It is considered an invaluable treasure inherited by the Caviteños, and is the oldest extant dated Marian painting in the Philippines.

History

A legend narrates that many years ago, a small detachment of the Spanish Guardia Civil was stationed at a garita (little garrison, or sentry post) located at the end of the Isthmus of Rosario. One stormy night, a Spanish sentinel was at his post and he perceived a bright, shifting light. A dazzling apparition rose form the currents of Cañacao Bay, startling the sentry with suspicion that it could be pirates out to raid the port (at the time, Cavite was at the peak of economic prosperity because of the Manila-Acapulco Galleon Trade).
Frightened, the sentinel shouted, ""¡Alto! ¡Alto!"" (""Halt! Halt!""). Instead of stopping, the light proceeded toward him. Hence, in a loud voice he asked, ""¿Quién vive?"" (""Who is there?""). He then heard a sweet and melodious voice reply:
""Soldadito, ¿por qué el alto me das en noche tan fría? Dame paso. ¿No conoces a María?""
(""Little Soldier, why halt me on a night so cold? Give me passage. Thou knowest not Mary?"")
The sentinel, struck in awe and confusion, humbly and repentantly replied,
""Perdóname, Virgen María, Reina de mi devoción; pues solo soy un soldado que cumplo mi obligación!""
(""Forgive me, Virgin Mary, Queen of my devotion; I am but a soldier that complies with my duty!"")
The following morning, fisherman and workers at the Cavite Royal Arsenal passed through the Porta Vaga (Vaga Gate) and found a framed image of the Virgin on the beach along Cañacáo Bay near the place of her earlier apparition. They brought the image to the parish priest who temporarily installed it in the parish church. Later, a small chapel was built near the Porta Vaga's walls, and for three centuries it was the icon's shrine. The icon was used to bless the galleon plying between Cavite and Acapulco, Mexico during formal sending off ceremonies, earning her the title ""Patroness of the Galleon.""
In 1929, a new parish priest, Fr. Pedro Lerena y Lerena of Logroño, Spain, was assigned to the Puerto. At the same time, he was appointed Rector of the Ermita. His great dedication to the cause of the Virgen de la Soledad saw the beautification and the improvement of the Ermita through the years.
During the Second World War, Fr. Lerena was able to retrieve the precious image of the Virgin from a junkyard where it was thrown by the Japanese invaders and brought it to the Archbishop’s Palace in Intramuros, Manila and later to the vaults of the Philippine National Bank for safekeeping. It was brought back to Cavite only after the liberation in 1945, this time to her home at the San Roque Church because the Ermita was destroyed by Japanese and the combined Filipino–American forces. Until his death in 1972, Fr. Lerena served as the guardian of Cavite’s priceless treasure.

Theft and return

On March 16, 1984, the icon of the Virgin was sacrilegiously stolen from its altar. After tedious months of search, it was recovered on August 15, 1984, albeit divested of all its original gold decorations and precious stones. Every effort was made by devotees to restore the image to its former glory, and on August 19, 1984, it was re-enshrined in the altar amidst much rejoicing.

Miracles

Countless miracles have been attributed to the Virgen de la Soledad. Her mysterious apparition and the unexplained arrival of her image were initial revelations of her miraculous reign. During the terrible typhoon in 1830, a fire caused by lightning bolt hit the wooden altar of the Ermita and razed the chapel to the ground, but the image of the Virgin remained intact among the ashes. In 1856, another terrible typhoon flooded the houses, churches and public buildings within the Puerto but the Ermita, as well as its patio were found dry so the people took refuge in the Church. In 1857, a Spanish frigate based in Cavite was caught by a violent typhoon off the coast of Albay and was stranded for 20 days, after running aground. The crew prayed before an image of the Soledad. She appeared before them that night and the tide rose higher and the wind began to blow, thus releasing the frigate free from its rocky trap. There have been other miracles attributed to the Virgin with the passing of the years including present day accounts of healings, families reunited and family problems solved.

Devotion

Our Lady of Solitude of Porta Vaga is one of the most venerated Marian images in Cavite. Her feast is celebrated every second and third Sunday of November in Cavite City, where she is honored as the Queen and Patroness of the entire province. Our Lady of Solitude of Porta Vaga is also associated with annual Lenten rites and the All Saints-All Souls Day observances; in the latter, she is alluded to as ""Inang Magkakandila"" (Mother Candlemaker). She is currently enshrined at the Parish Church of San Roque in Cavite City, Philippines. The image celebrated the Pearl Jubilee of its coronation 2008 and the Silver Jubilee of its return the following year.
Through the joint efforts of Msgr. Baraquiel Mojica, former parish priest of San Roque, and Bishop Felix Perez, this miraculous icon of the Virgin of Solitude was canonically crowned on 17 November 1978 by Apostolic Nuncio to the Philippines Most Rev. Bruno Torpigliani, DD, notably during the reign of Pope John Paul II. She was the first Philippine Marian image crowned during his Pontificate. A Pontificial High Mass was offered in the image's honour at the Binondo Church, Binondo, Manila followed by a concert featuring the works of the National Artist Lucio San Pedro. Devotion to Our Lady gave the Caviteños the opportunity to show their art skills.
The Cofradia de la Virgen de la Soledad de Porta Vaga presently led by Rev. Fr. Virgilio Saenz Mendoza and Jonnell Ryan I. Enriquez heads the devotees of Our Lady. It was established in August 1998 through the efforts of the late Antonio G. Nazareno and then Bishop Manuel B. Sobrevinias. Devotees include overseas Filipino workers and other foreign nationals who flock to the country to join the Porta Vaga Festival.
Replicas of the Ynang Nag-Iisa are found in different parts of the country such as San Isidro, Nueva Ecija; Camba, Tondo, Manila; and Buhi, Camarines Sur.

Hymn

In 1892 Don Julian Felipe, (also famed for penning the national anthem), composed the hymn ""Reina de Cavite"" on the occasion of her fiesta and the opening of the Exposición Regionál Caviteña. The lyrics were taken from the poem Himmo a la Virgén de Cavite by Fr. Tomás de Andrade, the rector of the Jesuit College of Cavite sometime in 1689.

Lyrics:
Reina de Cavite per siempre seras:
Es prenda tu nombre de jubilo y paz:
Reina de Cavite por siempre seras;
Es prenda tu nombre de jubilo y paz.
Madre Immaculada, prez del serafin,
Luz de Filipinas, protegenos sin fin:
Luz de Filipinas, protegenos sin fin.

Source: Wikipedia","36",,"36","8","1384019445000","https://www.facebook.com/photo.php?fbid=569627476439664&set=a.342250279177386&type=3"
,,,,,,,,,,,,,,,,,,,,"100064849864375","DOST-PAGASA","https://scontent-iad6-1.xx.fbcdn.net/v/t39.30808-1/487303686_1099355335569452_7045424019269009221_n.png?stp=cp0_dst-png&cstp=mx1001x1001&ctp=s40x40&_nc_cat=1&ccb=1-7&_nc_sid=2d3e12&_nc_ohc=8-rGnn6nM6QQ7kNvwF_Stmr&_nc_oc=AdqyVhbZqCUZsdY_E4JtVUNeIWg1KhG0JRPtYD_Piij6rMyuMhB_QRyY0q6V7elTeOE&_nc_zt=24&_nc_ht=scontent-iad6-1.xx&_nc_gid=EkwAghzM34WXNxF4fj3nrA&_nc_ss=7c2a8&oh=00_AQBH198VpFA1wu_sa_wT4AXV9NVWvMBmMi07lF3PMZxRAA&oe=6A60381F","https://www.facebook.com/PAGASA.DOST.GOV.PH","0","604525119604508","","3",,"3","0","1383877588000","https://www.facebook.com/DNDPHL/posts/604525119604508"
"No photo description available.","409006745894322","photo","https://www.facebook.com/photo/?fbid=409006745894322&set=a.230977375939363",,,,,,,,,,,,,,,,,"100070813068850","Easy rent to own house& lot nearmanila","https://scontent-iad6-1.xx.fbcdn.net/v/t39.30808-1/326743422_1369407357203176_2282208408730023565_n.jpg?stp=cp0_dst-jpg_tt6&cstp=mx637x637&ctp=s40x40&_nc_cat=102&ccb=1-7&_nc_sid=2d3e12&_nc_ohc=ef-dge8M68cQ7kNvwGDkqfV&_nc_oc=AdoK_UGJhrjDqKz0XmkQf2BFMGbVtoqlU43PwXy2ZYpAAom-2mu6xNbONPr1YOzJVUM&_nc_zt=24&_nc_ht=scontent-iad6-1.xx&_nc_gid=EkwAghzM34WXNxF4fj3nrA&_nc_ss=7c2a8&oh=00_AQDy1nGbUXsfBYhm9otTm0yD7N9oo_83rJpTZaETJHvlDg&oe=6A602F67","https://www.facebook.com/izacondehome","0","409006745894322","Good morning po sa inyong.Sa mga naghahanap po dyan ng murang bahay at lupa.Avail na po kayo 50%,40%& 33% discount sa reservation fee Lancaster New City Alapan Imus Cavite.Malapit po ito sa Metro Manila 20 to 30 Mins from Sm moa via Cavitex po.Flood free po ang lugar kaya safe po kayo tumira dito.Full features & amenites na din po ito.Kung gust o nyo naman ng Italian Design homes.Get 40% discount reservation fee at Bellefort Estate along San Miguel Molino road Bacoor Cavite.Grab our promos until Nov 15,2013 Pm or txt 09339159155/9280685 for fast transaction po Easy to Own affordable house & lot for you...","9",,"9","1","1383960037000","https://www.facebook.com/photo.php?fbid=409006745894322&set=a.230977375939363&type=3"
"No photo description available.","10152000924217661","photo","https://www.facebook.com/photo/?fbid=10152000924217661&set=a.625012782995905",,,,,,,,,,,,,,,,,"100064615666947","Bandila","https://scontent-iad6-1.xx.fbcdn.net/v/t39.30808-1/352524397_6551217134899673_7148408169278467741_n.jpg?stp=cp0_dst-jpg_tt6&cstp=mx960x960&ctp=s40x40&_nc_cat=109&ccb=1-7&_nc_sid=2d3e12&_nc_ohc=3pYTKcJDQqMQ7kNvwFD1nbK&_nc_oc=Adq2EIVxT1Dcc3MiAMh60epP0s5a4EFqBkmAHbBa9B8Wts2yaRwNgJVCTzopBO_1Inc&_nc_zt=24&_nc_ht=scontent-iad6-1.xx&_nc_gid=EkwAghzM34WXNxF4fj3nrA&_nc_ss=7c2a8&oh=00_AQBKsRUsR6B-6WzMhY9gIZ8O4Hg3R1p84k2aROgOCPx5pA&oe=6A603374","https://www.facebook.com/Bandila.OFFICIAL","40","10152000924217661","MANILA (UPDATED) -- Typhoon ""Yolanda"" has left over 100 people dead in Leyte, according to Civil Aviation Authority of the Philippines (CAAP) Deputy Director John Andrews.

In an interview with ANC on Saturday morning, Andrews said he received a report from the station manager in Tacloban City at around 5 a.m that over 100 people were found dead and sprawled on the streets.

Over 100 were also wounded during the onslaught of Yolanda, he said.

""His message stated that 100 plus dead lying in the streets with 100 plus injured,"" Andrews said.

There were no details, however, regarding where exactly the bodies were found, he added.

Andrews said Tacloban is now requesting for medical and relief aid.

Tacloban was among the worst hit areas, with storm surges flooding large parts of the city.

Video footage taken by ABS-CBN shows strong winds destroying houses, with a storm surge carrying large piles of debris on streets.



Meanwhile, Andrews said he will go to Tacloban on Saturday to bring communication equipment and satellite phones.

He said the airport in Tacloban, according to the station manager, was ""completely ruined.""

""But the runway has been cleared of debris. So emergency aircraft can land on the airport,"" Andrews said.

On Saturday morning, Cabinet Secretary Rene Almendras said relief goods are now on its way to Tacloban.

He also said that Social Welfare and Development Secretary Dinky Soliman and Executive Director Eduardo Del Rosario are on the same flight.

""We are very concerned of the situation there that is precisely why Sec. Soliman is on the plane to Tacloban now,"" he said.

Tacloban also lost power and communication lines were cut off.

Yolanda smashed into coastal communities on the central island of Samar before dawn on Friday with maximum sustained winds of about 315 kilometers (195 miles) an hour.

 More news at www.abs-cbnnews.com","63",,"63","128","1383972687000","https://www.facebook.com/photo.php?fbid=10152000924217661&set=a.625012782995905&type=3"
,,,,,,,,,,,,,,,,,,,,"420238181364063","Better Philippines","https://scontent-iad6-1.xx.fbcdn.net/v/t39.30808-1/359737705_650859260303753_479713215143825975_n.png?stp=c9.0.390.390a_cp0_dst-png&cstp=mx390x390&ctp=s40x40&_nc_cat=107&ccb=1-7&_nc_sid=2d3e12&_nc_ohc=c_XZImzqkWoQ7kNvwHk4l_7&_nc_oc=AdoTqf9ExjLVPq9uLtR4BWVDkbz4toI-ZUYlDNnFx7dd_UZWglXNvx-I0wjicN0GSnA&_nc_zt=24&_nc_ht=scontent-iad6-1.xx&_nc_gid=EkwAghzM34WXNxF4fj3nrA&_nc_ss=7c2a8&oh=00_AQCNcb4fFfUgPMKTD8Q74LiXHsevlkdthd1te3EeLDXIxw&oe=6A600ABF","https://www.facebook.com/betterphilippines1898","0","573747062679840","http://www.abs-cbnnews.com/video/nation/regions/11/09/13/watch-raging-flood-waters-yolanda-hit-tacloban",,,"0","1","1384020618000","https://www.facebook.com/betterphilippines1898/posts/573747062679840"
,,,,,,,,,,,,,,,,,,,,"412973108790443","TAYO NA Magkaisa","https://scontent-iad3-1.xx.fbcdn.net/v/t39.30808-1/290963269_431066412362443_4236245913955355696_n.jpg?stp=cp0_dst-jpg_tt6&cstp=mx1080x1080&ctp=s40x40&_nc_cat=108&ccb=1-7&_nc_sid=2d3e12&_nc_ohc=q-eNu7afTRgQ7kNvwFmTz5N&_nc_oc=AdpaCBqFrWkpH3TRc-K5aPNliHDXDjLZf2bv3dRDR4WrVTI3RR8wHJu5rghtMIhFOMs&_nc_zt=24&_nc_ht=scontent-iad3-1.xx&_nc_gid=EkwAghzM34WXNxF4fj3nrA&_nc_ss=7c2a8&oh=00_AQCt49cviLUt7nm9yvsN1PRNVbYTpwWjDdkUUebubKaZCA&oe=6A6029C6","https://www.facebook.com/tayonamagkaisa","0","535222306565522","RAGING FLOOD WATERS BY #YolandaPH 

http://www.abs-cbnnews.com/video/nation/regions/11/09/13/watch-raging-flood-waters-yolanda-hit-tacloban ",,,"0","0","1384002140000","https://www.facebook.com/tayonamagkaisa/posts/535222306565522"
,,,,,,,,,,,,,,,,,,,,"100067118364824","PTV","https://scontent-iad6-1.xx.fbcdn.net/v/t39.30808-1/469778811_1010174501229819_6318900398083369956_n.jpg?stp=cp0_dst-jpg_tt6&cstp=mx768x768&ctp=s40x40&_nc_cat=1&ccb=1-7&_nc_sid=2d3e12&_nc_ohc=FaGq-qwGxNAQ7kNvwFbodO4&_nc_oc=AdpYtIhqkL7TJ1rUcnQzS-j4o2W7IWaTzFqsLhRBPP_RcZ3FIu0OD0PUlwyZCvbxuCM&_nc_zt=24&_nc_ht=scontent-iad6-1.xx&_nc_gid=fUDzUc6RsGte1wmQLcLROg&_nc_ss=7c2a8&oh=00_AQBCnqx_06XnPAveKALt5gvk8Wt5Cr0Rs4vmSR5UlVnPqA&oe=6A603EE5","https://www.facebook.com/PTVph","0","7434345443292728","The Mariano Espina Memorial Central Elementary School evacuation center in Brgy Taft, Surigao City is already flooded as of 6am today/PIA-13","3",,"3","0","1383871840000","https://www.facebook.com/PTVph/posts/pfbid02s1z9He5Hzkc2MNEL9MuegAuTgefcFWv8HSstTTzQgWUfRUf8A2BrTrvDiNPjKkopl"
"No photo description available.","680116615346498","photo","https://www.facebook.com/photo/?fbid=680116615346498&set=a.570168918237876",,,,,,,,,,,,,,,,,"100057343192865","Cheap House and Lot","https://scontent-iad3-2.xx.fbcdn.net/v/t39.30808-1/305839789_570168948237873_4424150328906008661_n.jpg?stp=c161.0.478.478a_cp0_dst-jpg_tt6&cstp=mx478x478&ctp=s40x40&_nc_cat=105&ccb=1-7&_nc_sid=2d3e12&_nc_ohc=_kK4RFgVClgQ7kNvwG6xAMw&_nc_oc=AdrpMPULVmeV_4ypdKMb8C-slrfwr60Ko6_RFxgsLfEKUM5GktiXYGa0yH_okf4UFAc&_nc_zt=24&_nc_ht=scontent-iad3-2.xx&_nc_gid=fUDzUc6RsGte1wmQLcLROg&_nc_ss=7c2a8&oh=00_AQDvuZTI5RBFQOKYfavzrSkDi6ZYXg9PaoB2OuDXKRaOmQ&oe=6A601F34","https://www.facebook.com/CheapHouseAndLot","0","680116615346498","Live near MALL of ASIA.
Our unit start at 7-8K monthly...

GET 40% DISCOUNT ON RESERVATION FEE PLUS BRAND NEW APPLIANCES...
THIS IS A FLOOD-FREE COMMUNITY. PM or Text for more details. Pls. see my album for more pictures. thanks",,,"0","1","1383918015000","https://www.facebook.com/photo.php?fbid=680116615346498&set=a.570168918237876&type=3"
"No photo description available.","10152001652667661","photo","https://www.facebook.com/photo/?fbid=10152001652667661&set=a.625012782995905",,,,,,,,,,,,,,,,,"100064615666947","Bandila","https://scontent-iad6-1.xx.fbcdn.net/v/t39.30808-1/352524397_6551217134899673_7148408169278467741_n.jpg?stp=cp0_dst-jpg_tt6&cstp=mx960x960&ctp=s40x40&_nc_cat=109&ccb=1-7&_nc_sid=2d3e12&_nc_ohc=3pYTKcJDQqMQ7kNvwFD1nbK&_nc_oc=Adq2EIVxT1Dcc3MiAMh60epP0s5a4EFqBkmAHbBa9B8Wts2yaRwNgJVCTzopBO_1Inc&_nc_zt=24&_nc_ht=scontent-iad6-1.xx&_nc_gid=fUDzUc6RsGte1wmQLcLROg&_nc_ss=7c2a8&oh=00_AQC1-yS2mnVw8yJhpVdfyse8WLx7wab9YkPtUVhNNJOx_g&oe=6A603374","https://www.facebook.com/Bandila.OFFICIAL","28","10152001652667661","MANILA - The storm surge caused by typhoon ""Yolanda"" not only destroyed houses and establishments on its path, but also claimed the lives of still undetermined number of people in Tacloban City, one of the hardest-hit areas in Leyte.

ABS-CBN veteran broadcast journalist Ted Failon was in Tacloban when the storm surge happened on Friday morning.

From his earlier interview with the governor of Leyte, he was told that those relocated were residents living along the shoreline and whose houses are made of light materials.

""Yun mga iba siguro iniisip nila kakayanin po ng kanilang mga tahanan ang lakas ng bagyong ito hindi na po nagsilikas kaya nung dumating yung bagyo, yung pag-ragasa ng tubig, hindi nila naisip na mangyayari nga yung pagdating ng tubig na ito. Kung mabilis sa aming karanasan, nag dahan-dahan siya muna hanggang sa bumilis,"" recalled Failon.

From where they were hiding, Failon said the water quickly rose within 30 minutes.

""Tuloy-tuloy na ang pagtaas nito at marami nang mga ginagawang evacuation center,"" he said.

Failon sadly recalled his experience when he and his crew went to one of the schools which was turned into an evacuation center for children and elderly.

The school in Fisherman's Village is located at Barangay 88 in Tacloban City. 

""Ito pong evacuation center na ito na-withstand niya ang lakas ng hangin dahil nandoon pa yung bubong, intact pa yung building pero hindi nakaligtas sa pagtaas ng tubig galing dagat dahil lagpas po ng building yung galing sa dagat sa kwento sa amin ng aking napanayam.""

""Nakaharap ko po ang mga bangkay na ito at talaga pong kalunos-lunos ang kanilang sitwasyon...bata, matanda inabutan pa po naming bumubula ang mga bibig nang dahil po sa pagkalunod,"" he said.

""Inabutan po namin nagiiyakan ang mga kamag-anak dahil sila ay namatayan ng tatlo, apat, limang miyembro ng kanilang pamilya,"" said Failon.

An aerial shot of Tacloban also showed the flood-ravaged school and the bodies still inside some of its classrooms. 

In Barangay San Jose, Failon was able to talk to a woman whom he described as zombie-like after losing her mother, father, sibling and her very own child to the floods.

""Yung daw anak niya ho nabitawan niya. Nang siya po ay aming makita, para ho siyang zombie. May sugat siyang pagkalaki-laki sa ulo, tumutulo yung dugo, may sugat sa paa, lakad ng lakad, walang tsinelas kaya ko siya napansin. Yun ang kanyang kwento, hindi niya alam kung saan siya pupunta, kung anong gagawin….doon po sa pakiramdam na naghahanap ng kamag-anak at nawalan ng anak,"" he said, oftentimes struggling for words to describe the situation.

Footage was also taken in the same barangay showing Failon helping carry the body of a man buried under the debris.

Failon interviewed the man's son who said that his mother still has no idea of his father's death.

Before flying to Cebu to feed the footage they took, Failon noted that still several bodies were found on the shore.

""Meron pong lumulutang sa dalampasigan maging malapit lang sa Leyte Park Hotel. Wala pa rin pong kumukuha. Sa dami po, hindi po magkanda-ugaga ang gubyerno sa laki po ng problema. Ang ibang mga bangkay naanod na po sa mga dalampasigan hanggang sa mga oras na ito wala pa pong kumukuha,"" he said.

 More news at www.abs-cbnnews.com","34",,"34","53","1384009354000","https://www.facebook.com/photo.php?fbid=10152001652667661&set=a.625012782995905&type=3"
,,,,,,,,,,,,,,,,,,,,"100006430727865","Sofisticada Hub","https://scontent-iad3-2.xx.fbcdn.net/v/t1.6435-1/45285428_2686534194904245_3977115015739080704_n.jpg?stp=cp0_dst-jpg_tt6&cstp=mx400x400&ctp=s24x24&_nc_cat=111&ccb=1-7&_nc_sid=e99d92&_nc_ohc=fcwzowQTyvQQ7kNvwGhwlUD&_nc_oc=AdqJW_kcphWqxVCPOBX5IcRRaLzzfkdov6kFNLB7qaA8dDMb94QHOp5fHpq9ky29wkg&_nc_zt=24&_nc_ht=scontent-iad3-2.xx&_nc_gid=fUDzUc6RsGte1wmQLcLROg&_nc_ss=7c2a8&oh=00_AQAlJ7Aj-ZpuUeUNUMcKfAtmPn9HjxsBjrFa0jyMpeKdMg&oe=6A81ABC3","https://www.facebook.com/LUCKYPEACOCKONLINESTORE","0","1477617572462586","Wow huh!!! Araw-araw na akong nakaka tanggap ng pera galing sa Growing Wealth Online Investment/GWOI.... Medyo na-flood na ng earnings yung account ko ah...

Kayo ba??? Imbes na ma-flood ng maraming MLM ang account nyo, Gawin nating land slide ng earnings naman para medyo nakaka tuwa... ano sa tingin nyo???

Kung gusto nyo ng mala hale storm na earnings, sali na kayo sa namumuong bagyo na magpapa ulan ng pera sa inyo....

JUST CLICK THE LINK

",,,"0","0","1384018345000","https://www.facebook.com/groups/148146995340128/posts/243968042424689/"
,,,,,,,,,,,,,,,,,,,,"100000609777337","Virginia Omoso Guazon","https://scontent-iad6-1.xx.fbcdn.net/v/t39.30808-1/721951111_27945080135095604_5929841217748261461_n.jpg?stp=cp0_dst-jpg_tt6&cstp=mx960x958&ctp=s24x24&_nc_cat=109&ccb=1-7&_nc_sid=1d2534&_nc_ohc=dwRtQOwgg6IQ7kNvwEo0XE-&_nc_oc=AdqAcW7dlZLQ7d2rQPtzfzPfYYzUqBxAkkXzGlQ8Dc2jG5hTeFpEffpl-g-_JYdimPg&_nc_zt=24&_nc_ht=scontent-iad6-1.xx&_nc_gid=fUDzUc6RsGte1wmQLcLROg&_nc_ss=7c2a8&oh=00_AQDh_MZ9OQIzaR7bKv-lHgtd85PMKD8lhI9itXFxcwZAXw&oe=6A6013F5","https://www.facebook.com/virginia.omoso.guazon","0","728244210539231","MORE PRAYERS AND ASSISTANCE IN ANY FORM, FOR VICTIMS OF YOLANDA... 󾍛󾍛󾍛

************************************
1,200 feared dead in typhoon-devastated Philippines

9:39 pm | Saturday, November 9th, 2013

Leyte province residents queue for relief goods outside the totally damaged Tacloban airport, where many died after a storm surge spawned by Supertyphoon ‘Yolanda’ inundated the airport and nearby villages. JULIANNE LOVE DE JESUS/INQUIRER.net

TACLOBAN CITY, Philippines—One of the most powerful typhoons in history is believed to have killed 1,200 people in the Philippines, the Red Cross said Saturday, as rescue workers raced to reach towns devastated by tsunami-like waves.

A day after Supertyphoon “Yolanda” (international name: Haiyan) whipped across the central Philippines with maximum sustained winds of around 315 kilometers an hour, a picture emerged of entire communities having been flattened.

Authorities said that, aside from the ferocious winds, storm surges of up to 10 feet high that swept into coastal towns and deep inland were responsible for destroying countless homes.

“Imagine a strip one kilometre deep inland from the shore, and all the shanties, everything, destroyed,” Interior Secretary Mar Roxas said after visiting coastal towns in Leyte, one of the worst-hit provinces in the east of the archipelago.

“They were just like matchsticks flung inland. All the houses were destroyed.”
The official government death toll on Saturday night was 138.

But with rescue workers yet to reach or communicate with many ravaged communities across a 600-kilometer stretch of islands, authorities said they were unable to give a proper assessment of how many people had been killed.

Philippine Red Cross secretary general Gwendolyn Pang said her organization estimated 1,200 people had died, while a UN official who visited Leyte described apocalyptic scenes.

“This is destruction on a massive scale. There are cars thrown like tumbleweed and the streets are strewn with debris,” said Sebastian Rhodes Stampa, the head of a UN disaster assessment coordination team.

“The last time I saw something of this scale was in the aftermath of the Indian Ocean tsunami,” he said, referring to the 2004 disaster that claimed about 220,000 lives.

A resident passes by dead bodies that lie on the street after powerful Typhoon Haiyan slammed into Tacloban city, Leyte province central Philippines on Saturday, Nov. 9, 2013. AP

Stampa made his comments after arriving in Tacloban City, the destroyed capital of Leyte with a population of about 220,000 people.

More than 100 bodies were littered in and around Tacloban’s airport, according to the facility’s manager.

AFP journalists who arrived in Tacloban on a military aircraft encountered dazed survivors wandering amid the carnage asking for water, while others sorted through what was left of their destroyed homes.

One resident, Dominador Gullena, cried as he recounted to AFP his escape but the loss of his neighbours.

“My family evacuated the house. I thought our neighbours also did the same, but they didn’t,” Gullena said.
Eight bodies had been laid to rest inside Tacloban airport’s chapel, which had also been badly damaged, according to an AFP photographer.

One woman knelt on the flood-soaked floor of the church while holding the hand of a dead boy, who had been placed on a wooden pew.

Energy Secretary Jericho Petilla reached the fishing town of Palo, about 10 kilometres from Tacloban, by helicopter and said he believed “hundreds” of people had died just in that area.

Pope Francis tweeted his support for the typhoon victims: “I ask all of you to join me in prayer for the victims of Typhoon Haiyan/Yolanda especially those in the beloved islands of the Philippines.”

Race to reach decimated communities

Meanwhile, the military, government relief workers and non-government organisations battled to reach communities and deliver desperately needed supplies.

Fifteen thousand soldiers were in the disaster zones and helping in the rescue effort, military spokesman Lieutenant-Colonel Ramon Zagala told AFP.

Zagala said helicopters were flying rescuers into priority areas, while infantry units deployed across the affected areas were also proceeding on foot or in military trucks.

Haiyan’s wind strength, which remained close to 300 kilometres an hour throughout Friday, made it the strongest typhoon in the world this year and one of the most intense ever recorded.

It exited into the South China Sea on Saturday and tracked towards Vietnam, where more than 200,000 people crammed into storm shelters.

Philippine authorities had expressed confidence on Friday that only a few people had been killed, citing two days of intense preparation efforts led by President Benigno Aquino.

A barangay (village) official of Lawis Medellin in Cebu survey their sports complex destroyed by typhoon Yolanda. TONEE DESPOJO/CDN

Nearly 800,000 people in danger zones had been moved to evacuation centres, while thousands of boats across the archipelago were ordered to remain secured at ports. 

Hundreds of flights were also cancelled.

Aquino said on Saturday night it appeared some communities had not heeded the warnings.

“I hesitate to say this, but it seems that Tacloban was not that prepared, shall we say, compared with other areas,” he told reporters in Manila.

An average of 20 major storms or typhoons, many of them deadly, batter the Philippines each year as they emerge from the Pacific Ocean.

The Philippines suffered the world’s strongest storm of 2012, when Typhoon Bopha left about 2,000 people dead or missing on the southern island of Mindanao.

Haiyan is expected to make landfall in central Vietnam early Sunday, with millions of people thought to be in its path.

Authorities have begun mass evacuations in at least four central coastal provinces, Vietnam’s state-run VNExpress news site said, as the country was put on high alert.

Originally posted at 9:39 p.m. | November 9, 2013

Read more: http://newsinfo.inquirer.net/524159/1200-believed-dead-in-philippine-typhoon-red-cross#ixzz2kAVQGj00",,,"0","0","1384017613000","https://www.facebook.com/groups/berteni.toto.cataluna.causing/posts/669772433066871/"
"No photo description available.","10151834617148073","photo","https://www.facebook.com/photo/?fbid=10151834617148073&set=a.10151006142258073",,,,,,,,,,,,,,,,,"100064024245919","DIXON Construction","https://scontent-iad6-1.xx.fbcdn.net/v/t39.30808-1/302562125_469640235180114_3627488792064562670_n.jpg?stp=cp0_dst-jpg_tt6&cstp=mx911x912&ctp=s40x40&_nc_cat=109&ccb=1-7&_nc_sid=2d3e12&_nc_ohc=kT_B0pTRFE4Q7kNvwEpGS0U&_nc_oc=Adr2F7RBBJtL5vae4hnWmwiBR0ytPdZf5NM891Q9BmWFZhVyTqKMomFMbydKKgbYTrU&_nc_zt=24&_nc_ht=scontent-iad6-1.xx&_nc_gid=0hWG_onvgjH_swjYDW4qJw&_nc_ss=7c2a8&oh=00_AQAPVStliTZvr4B3V7dsrLdg4TbaUTfs-uAlrp2CdVuTbg&oe=6A6009D9","https://www.facebook.com/DixonConstruction","0","10151834617148073","4BR 2-storey house w/ attic for sale. Fully fitted, FLOOD FREE. Available thru bank financing. Low Downpayment",,,"0","0","1383990796000","https://www.facebook.com/photo.php?fbid=10151834617148073&set=a.10151006142258073&type=3"
"No photo description available.","10151834617198073","photo","https://www.facebook.com/photo/?fbid=10151834617198073&set=a.10151006142258073",,,,,,,,,,,,,,,,,"100064024245919","DIXON Construction","https://scontent-iad6-1.xx.fbcdn.net/v/t39.30808-1/302562125_469640235180114_3627488792064562670_n.jpg?stp=cp0_dst-jpg_tt6&cstp=mx911x912&ctp=s40x40&_nc_cat=109&ccb=1-7&_nc_sid=2d3e12&_nc_ohc=kT_B0pTRFE4Q7kNvwEpGS0U&_nc_oc=Adr2F7RBBJtL5vae4hnWmwiBR0ytPdZf5NM891Q9BmWFZhVyTqKMomFMbydKKgbYTrU&_nc_zt=24&_nc_ht=scontent-iad6-1.xx&_nc_gid=0hWG_onvgjH_swjYDW4qJw&_nc_ss=7c2a8&oh=00_AQAPVStliTZvr4B3V7dsrLdg4TbaUTfs-uAlrp2CdVuTbg&oe=6A6009D9","https://www.facebook.com/DixonConstruction","0","10151834617198073","4BR 2-storey house w/ attic for sale. Fully fitted, FLOOD FREE. Available thru bank financing. Low Downpayment",,,"0","0","1383990796000","https://www.facebook.com/photo.php?fbid=10151834617198073&set=a.10151006142258073&type=3"
"No photo description available.","10151834617078073","photo","https://www.facebook.com/photo/?fbid=10151834617078073&set=a.10151006142258073",,,,,,,,,,,,,,,,,"100064024245919","DIXON Construction","https://scontent-iad6-1.xx.fbcdn.net/v/t39.30808-1/302562125_469640235180114_3627488792064562670_n.jpg?stp=cp0_dst-jpg_tt6&cstp=mx911x912&ctp=s40x40&_nc_cat=109&ccb=1-7&_nc_sid=2d3e12&_nc_ohc=kT_B0pTRFE4Q7kNvwEpGS0U&_nc_oc=Adr2F7RBBJtL5vae4hnWmwiBR0ytPdZf5NM891Q9BmWFZhVyTqKMomFMbydKKgbYTrU&_nc_zt=24&_nc_ht=scontent-iad6-1.xx&_nc_gid=0hWG_onvgjH_swjYDW4qJw&_nc_ss=7c2a8&oh=00_AQAPVStliTZvr4B3V7dsrLdg4TbaUTfs-uAlrp2CdVuTbg&oe=6A6009D9","https://www.facebook.com/DixonConstruction","0","10151834617078073","4BR 2-storey house w/ attic for sale. Fully fitted, FLOOD FREE. Available thru bank financing. Low Downpayment",,,"0","0","1383990795000","https://www.facebook.com/photo.php?fbid=10151834617078073&set=a.10151006142258073&type=3"
,,,,,,,,,,,,,,,,,,,,"100067118364824","PTV","https://scontent-iad6-1.xx.fbcdn.net/v/t39.30808-1/469778811_1010174501229819_6318900398083369956_n.jpg?stp=cp0_dst-jpg_tt6&cstp=mx768x768&ctp=s40x40&_nc_cat=1&ccb=1-7&_nc_sid=2d3e12&_nc_ohc=FaGq-qwGxNAQ7kNvwFbodO4&_nc_oc=AdpYtIhqkL7TJ1rUcnQzS-j4o2W7IWaTzFqsLhRBPP_RcZ3FIu0OD0PUlwyZCvbxuCM&_nc_zt=24&_nc_ht=scontent-iad6-1.xx&_nc_gid=0hWG_onvgjH_swjYDW4qJw&_nc_ss=7c2a8&oh=00_AQBx5rA5_N6vv_BUQ5v6UrGZfVIiWohq4E8CJLpVCkhj6w&oe=6A603EE5","https://www.facebook.com/PTVph","0","593505937376747","PIA-3/PAMPANGA: RDRRMC3 is now on Blue alert status. It has directed LGUs in Central Luzon specifically in Bataan, Zambales, Bulacan, and Pampanga to implement pre-emptive evacuation of people in communities located in landslide and flood-prone areas.","6",,"6","0","1383889264000","https://www.facebook.com/PTVph/posts/pfbid0vPajMqhp91PnQ4VmrBhqU6znVzbT65k5L8N2x2L6eu3Nfhyyfmcvh8F1TBpXZZubl"
,,,,,,,,,,,,,,,,,,,,"100006430727865","Sofisticada Hub","https://scontent-iad3-2.xx.fbcdn.net/v/t1.6435-1/45285428_2686534194904245_3977115015739080704_n.jpg?stp=cp0_dst-jpg_tt6&cstp=mx400x400&ctp=s24x24&_nc_cat=111&ccb=1-7&_nc_sid=e99d92&_nc_ohc=fcwzowQTyvQQ7kNvwGhwlUD&_nc_oc=AdqJW_kcphWqxVCPOBX5IcRRaLzzfkdov6kFNLB7qaA8dDMb94QHOp5fHpq9ky29wkg&_nc_zt=24&_nc_ht=scontent-iad3-2.xx&_nc_gid=0hWG_onvgjH_swjYDW4qJw&_nc_ss=7c2a8&oh=00_AQDtxZlyYfkfk-QSRqjueiUTvECGmkg7Mi8kKoqDzq3_OA&oe=6A81ABC3","https://www.facebook.com/LUCKYPEACOCKONLINESTORE","0","243968042424689","Wow huh!!! Araw-araw na akong nakaka tanggap ng pera galing sa Growing Wealth Online Investment/GWOI.... Medyo na-flood na ng earnings yung account ko ah...

Kayo ba??? Imbes na ma-flood ng maraming MLM ang account nyo, Gawin nating land slide ng earnings naman para medyo nakaka tuwa... ano sa tingin nyo???

Kung gusto nyo ng mala hale storm na earnings, sali na kayo sa namumuong bagyo na magpapa ulan ng pera sa inyo....

JUST CLICK THE LINK

",,,"0","0","1384018345000","https://www.facebook.com/groups/148146995340128/permalink/243968042424689/"
"No photo description available.","10151834617278073","photo","https://www.facebook.com/photo/?fbid=10151834617278073&set=a.10151006142258073",,,,,,,,,,,,,,,,,"100064024245919","DIXON Construction","https://scontent-iad6-1.xx.fbcdn.net/v/t39.30808-1/302562125_469640235180114_3627488792064562670_n.jpg?stp=cp0_dst-jpg_tt6&cstp=mx911x912&ctp=s40x40&_nc_cat=109&ccb=1-7&_nc_sid=2d3e12&_nc_ohc=kT_B0pTRFE4Q7kNvwEpGS0U&_nc_oc=Adr2F7RBBJtL5vae4hnWmwiBR0ytPdZf5NM891Q9BmWFZhVyTqKMomFMbydKKgbYTrU&_nc_zt=24&_nc_ht=scontent-iad6-1.xx&_nc_gid=sT-mrlE4z9qDWBsdxHfRnw&_nc_ss=7c2a8&oh=00_AQDcKxkwdam5-xyvsDTmJVgRbo1I0ROI-NcQlGteFg8LWg&oe=6A6009D9","https://www.facebook.com/DixonConstruction","0","10151834617278073","4BR 2-storey house w/ attic for sale. Fully fitted, FLOOD FREE. Available thru bank financing. Low Downpayment",,,"0","0","1383990796000","https://www.facebook.com/photo.php?fbid=10151834617278073&set=a.10151006142258073&type=3"
,,,,,,,,,,,,,,,,,,,,"100000609777337","Virginia Omoso Guazon","https://scontent-iad6-1.xx.fbcdn.net/v/t39.30808-1/721951111_27945080135095604_5929841217748261461_n.jpg?stp=cp0_dst-jpg_tt6&cstp=mx960x958&ctp=s24x24&_nc_cat=109&ccb=1-7&_nc_sid=1d2534&_nc_ohc=dwRtQOwgg6IQ7kNvwEo0XE-&_nc_oc=AdqAcW7dlZLQ7d2rQPtzfzPfYYzUqBxAkkXzGlQ8Dc2jG5hTeFpEffpl-g-_JYdimPg&_nc_zt=24&_nc_ht=scontent-iad6-1.xx&_nc_gid=sT-mrlE4z9qDWBsdxHfRnw&_nc_ss=7c2a8&oh=00_AQBLD2ftCoYMX1IYlBOvJFLVTOGxxq37-j4nYLuTUwdWGw&oe=6A6013F5","https://www.facebook.com/virginia.omoso.guazon","0","728243223872663","MORE PRAYERS AND ASSISTANCE IN ANY FORM, FOR VICTIMS OF YOLANDA... 󾍛󾍛󾍛

************************************
1,200 feared dead in typhoon-devastated Philippines

9:39 pm | Saturday, November 9th, 2013

Leyte province residents queue for relief goods outside the totally damaged Tacloban airport, where many died after a storm surge spawned by Supertyphoon ‘Yolanda’ inundated the airport and nearby villages. JULIANNE LOVE DE JESUS/INQUIRER.net

TACLOBAN CITY, Philippines—One of the most powerful typhoons in history is believed to have killed 1,200 people in the Philippines, the Red Cross said Saturday, as rescue workers raced to reach towns devastated by tsunami-like waves.

A day after Supertyphoon “Yolanda” (international name: Haiyan) whipped across the central Philippines with maximum sustained winds of around 315 kilometers an hour, a picture emerged of entire communities having been flattened.

Authorities said that, aside from the ferocious winds, storm surges of up to 10 feet high that swept into coastal towns and deep inland were responsible for destroying countless homes.

“Imagine a strip one kilometre deep inland from the shore, and all the shanties, everything, destroyed,” Interior Secretary Mar Roxas said after visiting coastal towns in Leyte, one of the worst-hit provinces in the east of the archipelago.

“They were just like matchsticks flung inland. All the houses were destroyed.”
The official government death toll on Saturday night was 138.

But with rescue workers yet to reach or communicate with many ravaged communities across a 600-kilometer stretch of islands, authorities said they were unable to give a proper assessment of how many people had been killed.

Philippine Red Cross secretary general Gwendolyn Pang said her organization estimated 1,200 people had died, while a UN official who visited Leyte described apocalyptic scenes.

“This is destruction on a massive scale. There are cars thrown like tumbleweed and the streets are strewn with debris,” said Sebastian Rhodes Stampa, the head of a UN disaster assessment coordination team.

“The last time I saw something of this scale was in the aftermath of the Indian Ocean tsunami,” he said, referring to the 2004 disaster that claimed about 220,000 lives.

A resident passes by dead bodies that lie on the street after powerful Typhoon Haiyan slammed into Tacloban city, Leyte province central Philippines on Saturday, Nov. 9, 2013. AP

Stampa made his comments after arriving in Tacloban City, the destroyed capital of Leyte with a population of about 220,000 people.

More than 100 bodies were littered in and around Tacloban’s airport, according to the facility’s manager.

AFP journalists who arrived in Tacloban on a military aircraft encountered dazed survivors wandering amid the carnage asking for water, while others sorted through what was left of their destroyed homes.

One resident, Dominador Gullena, cried as he recounted to AFP his escape but the loss of his neighbours.

“My family evacuated the house. I thought our neighbours also did the same, but they didn’t,” Gullena said.
Eight bodies had been laid to rest inside Tacloban airport’s chapel, which had also been badly damaged, according to an AFP photographer.

One woman knelt on the flood-soaked floor of the church while holding the hand of a dead boy, who had been placed on a wooden pew.

Energy Secretary Jericho Petilla reached the fishing town of Palo, about 10 kilometres from Tacloban, by helicopter and said he believed “hundreds” of people had died just in that area.

Pope Francis tweeted his support for the typhoon victims: “I ask all of you to join me in prayer for the victims of Typhoon Haiyan/Yolanda especially those in the beloved islands of the Philippines.”

Race to reach decimated communities

Meanwhile, the military, government relief workers and non-government organisations battled to reach communities and deliver desperately needed supplies.

Fifteen thousand soldiers were in the disaster zones and helping in the rescue effort, military spokesman Lieutenant-Colonel Ramon Zagala told AFP.

Zagala said helicopters were flying rescuers into priority areas, while infantry units deployed across the affected areas were also proceeding on foot or in military trucks.

Haiyan’s wind strength, which remained close to 300 kilometres an hour throughout Friday, made it the strongest typhoon in the world this year and one of the most intense ever recorded.

It exited into the South China Sea on Saturday and tracked towards Vietnam, where more than 200,000 people crammed into storm shelters.

Philippine authorities had expressed confidence on Friday that only a few people had been killed, citing two days of intense preparation efforts led by President Benigno Aquino.

A barangay (village) official of Lawis Medellin in Cebu survey their sports complex destroyed by typhoon Yolanda. TONEE DESPOJO/CDN

Nearly 800,000 people in danger zones had been moved to evacuation centres, while thousands of boats across the archipelago were ordered to remain secured at ports. 

Hundreds of flights were also cancelled.

Aquino said on Saturday night it appeared some communities had not heeded the warnings.

“I hesitate to say this, but it seems that Tacloban was not that prepared, shall we say, compared with other areas,” he told reporters in Manila.

An average of 20 major storms or typhoons, many of them deadly, batter the Philippines each year as they emerge from the Pacific Ocean.

The Philippines suffered the world’s strongest storm of 2012, when Typhoon Bopha left about 2,000 people dead or missing on the southern island of Mindanao.

Haiyan is expected to make landfall in central Vietnam early Sunday, with millions of people thought to be in its path.

Authorities have begun mass evacuations in at least four central coastal provinces, Vietnam’s state-run VNExpress news site said, as the country was put on high alert.

Originally posted at 9:39 p.m. | November 9, 2013

Read more: http://newsinfo.inquirer.net/524159/1200-believed-dead-in-philippine-typhoon-red-cross#ixzz2kAVQGj00","2",,"2","0","1384017495000","https://www.facebook.com/groups/liberalpartyofthephilippines/posts/656072594435391/"
,,,,,,,,,,,,,,,,,,,,"100000609777337","Virginia Omoso Guazon","https://scontent-iad6-1.xx.fbcdn.net/v/t39.30808-1/721951111_27945080135095604_5929841217748261461_n.jpg?stp=cp0_dst-jpg_tt6&cstp=mx960x958&ctp=s24x24&_nc_cat=109&ccb=1-7&_nc_sid=1d2534&_nc_ohc=dwRtQOwgg6IQ7kNvwEo0XE-&_nc_oc=AdqAcW7dlZLQ7d2rQPtzfzPfYYzUqBxAkkXzGlQ8Dc2jG5hTeFpEffpl-g-_JYdimPg&_nc_zt=24&_nc_ht=scontent-iad6-1.xx&_nc_gid=sT-mrlE4z9qDWBsdxHfRnw&_nc_ss=7c2a8&oh=00_AQBLD2ftCoYMX1IYlBOvJFLVTOGxxq37-j4nYLuTUwdWGw&oe=6A6013F5","https://www.facebook.com/virginia.omoso.guazon","0","728242983872687","MORE PRAYERS AND ASSISTANCE IN ANY FORM, FOR VICTIMS OF YOLANDA... 󾍛󾍛󾍛

************************************
1,200 feared dead in typhoon-devastated Philippines

9:39 pm | Saturday, November 9th, 2013

Leyte province residents queue for relief goods outside the totally damaged Tacloban airport, where many died after a storm surge spawned by Supertyphoon ‘Yolanda’ inundated the airport and nearby villages. JULIANNE LOVE DE JESUS/INQUIRER.net

TACLOBAN CITY, Philippines—One of the most powerful typhoons in history is believed to have killed 1,200 people in the Philippines, the Red Cross said Saturday, as rescue workers raced to reach towns devastated by tsunami-like waves.

A day after Supertyphoon “Yolanda” (international name: Haiyan) whipped across the central Philippines with maximum sustained winds of around 315 kilometers an hour, a picture emerged of entire communities having been flattened.

Authorities said that, aside from the ferocious winds, storm surges of up to 10 feet high that swept into coastal towns and deep inland were responsible for destroying countless homes.

“Imagine a strip one kilometre deep inland from the shore, and all the shanties, everything, destroyed,” Interior Secretary Mar Roxas said after visiting coastal towns in Leyte, one of the worst-hit provinces in the east of the archipelago.

“They were just like matchsticks flung inland. All the houses were destroyed.”
The official government death toll on Saturday night was 138.

But with rescue workers yet to reach or communicate with many ravaged communities across a 600-kilometer stretch of islands, authorities said they were unable to give a proper assessment of how many people had been killed.

Philippine Red Cross secretary general Gwendolyn Pang said her organization estimated 1,200 people had died, while a UN official who visited Leyte described apocalyptic scenes.

“This is destruction on a massive scale. There are cars thrown like tumbleweed and the streets are strewn with debris,” said Sebastian Rhodes Stampa, the head of a UN disaster assessment coordination team.

“The last time I saw something of this scale was in the aftermath of the Indian Ocean tsunami,” he said, referring to the 2004 disaster that claimed about 220,000 lives.

A resident passes by dead bodies that lie on the street after powerful Typhoon Haiyan slammed into Tacloban city, Leyte province central Philippines on Saturday, Nov. 9, 2013. AP

Stampa made his comments after arriving in Tacloban City, the destroyed capital of Leyte with a population of about 220,000 people.

More than 100 bodies were littered in and around Tacloban’s airport, according to the facility’s manager.

AFP journalists who arrived in Tacloban on a military aircraft encountered dazed survivors wandering amid the carnage asking for water, while others sorted through what was left of their destroyed homes.

One resident, Dominador Gullena, cried as he recounted to AFP his escape but the loss of his neighbours.

“My family evacuated the house. I thought our neighbours also did the same, but they didn’t,” Gullena said.
Eight bodies had been laid to rest inside Tacloban airport’s chapel, which had also been badly damaged, according to an AFP photographer.

One woman knelt on the flood-soaked floor of the church while holding the hand of a dead boy, who had been placed on a wooden pew.

Energy Secretary Jericho Petilla reached the fishing town of Palo, about 10 kilometres from Tacloban, by helicopter and said he believed “hundreds” of people had died just in that area.

Pope Francis tweeted his support for the typhoon victims: “I ask all of you to join me in prayer for the victims of Typhoon Haiyan/Yolanda especially those in the beloved islands of the Philippines.”

Race to reach decimated communities

Meanwhile, the military, government relief workers and non-government organisations battled to reach communities and deliver desperately needed supplies.

Fifteen thousand soldiers were in the disaster zones and helping in the rescue effort, military spokesman Lieutenant-Colonel Ramon Zagala told AFP.

Zagala said helicopters were flying rescuers into priority areas, while infantry units deployed across the affected areas were also proceeding on foot or in military trucks.

Haiyan’s wind strength, which remained close to 300 kilometres an hour throughout Friday, made it the strongest typhoon in the world this year and one of the most intense ever recorded.

It exited into the South China Sea on Saturday and tracked towards Vietnam, where more than 200,000 people crammed into storm shelters.

Philippine authorities had expressed confidence on Friday that only a few people had been killed, citing two days of intense preparation efforts led by President Benigno Aquino.

A barangay (village) official of Lawis Medellin in Cebu survey their sports complex destroyed by typhoon Yolanda. TONEE DESPOJO/CDN

Nearly 800,000 people in danger zones had been moved to evacuation centres, while thousands of boats across the archipelago were ordered to remain secured at ports. 

Hundreds of flights were also cancelled.

Aquino said on Saturday night it appeared some communities had not heeded the warnings.

“I hesitate to say this, but it seems that Tacloban was not that prepared, shall we say, compared with other areas,” he told reporters in Manila.

An average of 20 major storms or typhoons, many of them deadly, batter the Philippines each year as they emerge from the Pacific Ocean.

The Philippines suffered the world’s strongest storm of 2012, when Typhoon Bopha left about 2,000 people dead or missing on the southern island of Mindanao.

Haiyan is expected to make landfall in central Vietnam early Sunday, with millions of people thought to be in its path.

Authorities have begun mass evacuations in at least four central coastal provinces, Vietnam’s state-run VNExpress news site said, as the country was put on high alert.

Originally posted at 9:39 p.m. | November 9, 2013

Read more: http://newsinfo.inquirer.net/524159/1200-believed-dead-in-philippine-typhoon-red-cross#ixzz2kAVQGj00","2",,"2","0","1384017448000","https://www.facebook.com/groups/319513714759341/posts/676136439097065/"
"No photo description available.","3717111982125","photo","https://www.facebook.com/photo/?fbid=3717111982125&set=gm.317776718360268",,,,,,,,,,,,,,,,,"1705526487","Joseph Kabigting","https://scontent-iad3-1.xx.fbcdn.net/v/t39.30808-1/602329507_10216070469270264_8496033668802307860_n.jpg?stp=cp0_dst-jpg_tt6&cstp=mx2016x2031&ctp=s24x24&_nc_cat=101&ccb=1-7&_nc_sid=e99d92&_nc_ohc=HUL7lw7ujC8Q7kNvwECf-B9&_nc_oc=AdpMh_tYBkk_tZRy0bV3bmCLM9hy1OqlbyyD3rddsQgq1AokQeOXlhyropB0rROh1uI&_nc_zt=24&_nc_ht=scontent-iad3-1.xx&_nc_gid=sT-mrlE4z9qDWBsdxHfRnw&_nc_ss=7c2a8&oh=00_AQBgViyFgmX6PDPLj7HOUNK-QpIHUQ51Na3e-z2qquDBKg&oe=6A601C64","https://www.facebook.com/jakekabigting","1","317776718360268","Hi there!

Nostalji Enclave is a House & Lot project that offers affordable 
down payment for only 10% and additional discount on it's contract fee, 
plus flexible monthly amortization down payment terms.

PROMO is up to DECEMBER 2013 only! Reserve your NEW HOME now!

Nostalti Enclave is accessible via 3 point entry route!
Nostalji Enclave is 100% flood free!
Nostalji Enclave has 44% open space!
Nostalji Enclave has 1 hectare central park!
Nostalji Enclave is the very 1st ever to offer 
a fully furnished homes and interior design packages!

OUR AFFILIATES:

Oakwood Premiere Joy~Nostalg Center Manila, Asia United Bank, 
Extra Ordinary Development Corp.,Rebisco Biscuit Corporation, Crystal Jade

For inquirees
PM if interested, or you may reach me at +63935-4488840
add me on facebook: www.facebook.com/jakekabigting
Email: jake.elanvital@gmail.com",,,"0","0","1383969498000","https://www.facebook.com/groups/112159812255294/permalink/317776718360268/"
,,,,,,,,,,,,,,,,,,,,"369534349727218","Filipino Patriots","https://scontent-iad3-1.xx.fbcdn.net/v/t39.30808-1/309600678_463015862516782_8656956001363623611_n.jpg?stp=c10.0.215.215a_cp0_dst-jpg_tt6&cstp=mx215x215&ctp=s40x40&_nc_cat=108&ccb=1-7&_nc_sid=2d3e12&_nc_ohc=RWXfg3fGTRYQ7kNvwGfonbJ&_nc_oc=AdqIAzdNe1QQmgTTO5usjvTBjnbeyNjKkg4K6BXTQW-LpUACOrluiMYotDMK29TWLOo&_nc_zt=24&_nc_ht=scontent-iad3-1.xx&_nc_gid=sT-mrlE4z9qDWBsdxHfRnw&_nc_ss=7c2a8&oh=00_AQBhaUjQrlXDJd_1NlPAwrToH92I11bIa9FtN0L-rp8KUg&oe=6A6006E8","https://www.facebook.com/FilipinoPatriots.MakabayanInsider","0","724613817552601","Signal no. 4 still up in 9 areas as 'Yolanda' moves away

ABS-CBNnews.com
Posted at 11/08/2013 7:52 PM | Updated as of 11/08/2013 8:26 PM

MANILA -- Public storm warning signal number 4 remains hoisted over 9 areas as super typhoon ""Yolanda"" starts to move away from the Philippines, state weather bureau PAGASA said.

In a press briefing on Friday afternoon, weather forecaster Aldczar Aurelio said Yolanda has maintained its strength, still packing maximum sustained winds of 215 kilometers per hour (kph) and gusts of up to 250 kph.

Nine areas have remained under storm signal number 4. These areas should expect winds of more than 185 kph in at least 12 hours.

extreme Northern Palawan
Calamian Group of Islands
Southern Occidental Mindoro
Southern Oriental Mindoro
Aklan
Capiz
Antique
Iloilo
Guimaras
Signal number 3 (winds of 101 to 185 kph in at least 18 hours) is up over the following areas:

rest of Mindoro Provinces
Romblon
rest of Northern Palawan
Puerto Princesa City
Meanwhile, signal number 2 (winds of 61 to 100 kph in at least 24 hours) is up over the following areas:

Lubang Island
Batangas
Marinduque
rest of Palawan
Burias Island
Masbate
Ticao Island
Negros provinces
Cebu
Biliran Island
Signal number 1 is raised over the following areas, which should expect winds of 30 to 60 kph in at least 36 hours.

Metro Manila
Bataan
Cavite
Rizal
Laguna
Quezon
Camarines provinces
Albay
Sorsogon
Samar provinces
Leyte provinces
Camotes Island
Bohol
Siquijor
Camiguin
Surigao del Norte
Dinagat province
With Yolanda's current speed and direction of 40 kph and west northwest movement, Aurelio said the super typhoon is expected to exit the Philippine area of responsibility (PAR) by around 10 a.m. on Saturday.

Yolanda, which is currently traversing Sulu Sea, is forecast to cross Calamian Group of Island between 8 to 9 p.m. tonight before it exits the Philippine landmass towards the West Philippine Sea at 10 p.m.

By Saturday afternoon, the country can expect a gradual improvement of weather, Aurelio said.

""Wala na pong tiyansa na bumalik o bumagal dahil wala pong nakaharang sa bandang west ng bagyo...kaya patuloy siyang kikilos north northwest hanggang patuloy na lumabas ng PAR,"" he explained.

An estimated rainfall amount of 10 to 30 millimeters per hour (heavy to intense) is expected within Yolanda's 400-kilometer diameter.

Sea travel remain risky over the seaboards of Northern Luzon and the eastern seaboard of Central Luzon.

Residents in low lying and mountainous areas under signal nos. 4, 3 and 2 are alerted against possible flash floods and landslides.

Likewise, those living in coastal areas under signal nos. 4, 3 and 2 are alerted against storm surges which may produce waves with height of at least 7 meters, PAGASA said.

Meanwhile, Aurelio said no new low pressure area (LPA) is expected to enter PAR as Yolanda leaves the country.


Papunta ito ng west phil sea un mga tropa nating marines   Na nasa post nila sa west phil sea mag iingat po kau dyan, we pray for your safety, mabuhay po kau! Admin magdalo. Gandang gabi mga patriot kahit maulan!",,,"0","0","1383916624000","https://www.facebook.com/FilipinoPatriots.MakabayanInsider/posts/724613817552601"
,,,,,,,,,,,,,,,,,,,,"166143750259622","My Hometown Realty and Developer, Inc.","https://scontent-iad3-2.xx.fbcdn.net/v/t39.30808-1/300377781_187668520320682_9202356912814431541_n.jpg?stp=c120.0.720.720a_cp0_dst-jpg_tt6&cstp=mx720x720&ctp=s40x40&_nc_cat=111&ccb=1-7&_nc_sid=2d3e12&_nc_ohc=FvkJ2CVdnM4Q7kNvwEUqRAO&_nc_oc=AdpN7FRGas9ADyi0InliOBQx75juQkMmtiK19YCDep9mLFJzf_39p1QC6dj9egrF1Ug&_nc_zt=24&_nc_ht=scontent-iad3-2.xx&_nc_gid=oFB0nN0KMlsp6k3zT0phJQ&_nc_ss=7c2a8&oh=00_AQDLjiTx8WqB6afQ5kAsvFh-tZadV1bQ25P3-dsSWGBN6w&oe=6A602E6B","https://www.facebook.com/myhometownrealty12","0","170382323169098","MANILA (UPDATED) -- Typhoon ""Yolanda"" has left over 100 people dead in Leyte, according to Civil Aviation Authority of the Philippines (CAAP) Deputy Director John Andrews.

In an interview with ANC on Saturday morning, Andrews said he received a report from the station manager in Tacloban City at around 5 a.m that over 100 people were found dead and sprawled on the streets.

Over 100 were also wounded during the onslaught of Yolanda, he said.

""His message stated that 100 plus dead lying in the streets with 100 plus injured,"" Andrews said.

There were no details, however, regarding where exactly the bodies were found, he added.

Andrews said Tacloban is now requesting for medical and relief aid.

Tacloban was among the worst hit areas, with storm surges flooding large parts of the city.

Video footage taken by ABS-CBN shows strong winds destroying houses, with a storm surge carrying large piles of debris on streets.

Meanwhile, Andrews said he will go to Tacloban on Saturday to bring communication equipment and satellite phones.

He said the airport in Tacloban, according to the station manager, was ""completely ruined.""

""But the runway has been cleared of debris. So emergency aircraft can land on the airport,"" Andrews said.

On Saturday morning, Cabinet Secretary Rene Almendras said relief goods are now on its way to Tacloban.

He also said that Social Welfare and Development Secretary Dinky Soliman and Executive Director Eduardo Del Rosario are on the same flight.

""We are very concerned of the situation there that is precisely why Sec. Soliman is on the plane to Tacloban now,"" he said.

Tacloban also lost power and communication lines were cut off.

Yolanda smashed into coastal communities on the central island of Samar before dawn on Friday with maximum sustained winds of about 315 kilometers (195 miles) an hour.


Source From - ABS CBN NEWS


http://www.abs-cbnnews.com/nation/regions/11/09/13/over-100-dead-leyte-caap-report","1",,"1","0","1383972981000","https://www.facebook.com/myhometownrealty12/posts/170382323169098"
,,,,,,,,,,,,,,,,,,,,"352647514834781","Filipino's Patriotism","https://scontent-iad6-1.xx.fbcdn.net/v/t39.30808-1/218047019_3751442178288614_147395808368325079_n.jpg?stp=cp0_dst-jpg_tt6&cstp=mx499x500&ctp=s40x40&_nc_cat=106&ccb=1-7&_nc_sid=2d3e12&_nc_ohc=RePyz-_GNusQ7kNvwE5U36W&_nc_oc=AdppMh7SWgebFrM6MyJ2lXYnBrHXNx5e8Q6mtE6OK0k2_Sq2nNVyWBWjG3zsfHtHrjA&_nc_zt=24&_nc_ht=scontent-iad6-1.xx&_nc_gid=oFB0nN0KMlsp6k3zT0phJQ&_nc_ss=7c2a8&oh=00_AQDy0IFYeAAtW_imf_AbYF39_egKhzBj4SRQgYBoJuFl8Q&oe=6A603116","https://www.facebook.com/filipinospatriotism","1","422358374530361","good morning ka-patriots..
..
#adminsmith.
..
Supertyphoon ‘Yolanda’ makes 2nd landfall on Leyte..
..
MANILA, Philippines—Supertyphoon “Yolanda” (international name: “Haiyan”) made second landfall in Leyte Friday morning, the state weather bureau said.
“Typhoon Yolanda has made second landfall over Dulag-Tolosa, Leyte with maximum sustained winds of 235 kilometers per hour near the center and gustiness of up to 275 kph,” the Philippine Atmospheric Geophysical and Astronomical Services Administration said at 7 a.m.
Widespread destruction is feared as Yolanda, considered the most powerful typhoon the world in 2013, made its first landfall in Guiuan, Eastern Samar, at 4:30 a.m. Friday.
Storm signals were raised in over 58 areas.
Washington Post described Yolanda as “among the most powerful storms witnessed anywhere in modern times.”
“Widespread destruction, unfortunately, seems inevitable,” it added.
The Joint Typhoon Warning Center, however, said that Yolanda packed maximum sustained winds of 314 kph (195 mph) and gusts of up to 378 kph (235 mph).
Pagasa calculates wind speeds based on 10-minute averages, while JTWC uses minute-long measurements.
Yolanda was described as a Category 5 Supertyphoon by US standards and “has joined an elite club among the strongest cyclones to form on Earth.”
“Supertyphoon Haiyan has strengthened to mind-boggling levels. It is now among the most intense storms to form on the planet in modern records,” the Washington post said.
It noted that even if the storm weakens modestly after landfall, “catastrophic effects are unavoidable,” it added.
Storm surges, violent winds and torrential rains threaten areas affected by Yolanda. “Devastating flash flooding and mudslides are likely,” it said.


Read more: http://newsinfo.inquirer.net/523159/supertyphoon-yolanda-makes-2nd-landfall-on-leyte#ixzz2urTbVEB7 
Follow us: @inquirerdotnet on Twitter | inquirerdotnet on Facebook",,,"0","0","1383876847000","https://www.facebook.com/filipinospatriotism/posts/422358374530361"
,,,,,,,,,,,,,,,,,,,,"100000086921838","Bj Cruz II","https://scontent-iad6-1.xx.fbcdn.net/v/t39.30808-1/464096401_8963195080359967_8571969810832621961_n.jpg?stp=c0.0.234.234a_cp0_dst-jpg_tt6&cstp=mx234x234&ctp=s24x24&_nc_cat=102&ccb=1-7&_nc_sid=e99d92&_nc_ohc=aN-eZLED9rcQ7kNvwGqIuq4&_nc_oc=Adpi_fvuqp1DJqMkMTi2u-ywnwLHIRNyVrv9Q88uqRZXUyq_RDAHXG15E9jX60cUq50&_nc_zt=24&_nc_ht=scontent-iad6-1.xx&_nc_gid=oFB0nN0KMlsp6k3zT0phJQ&_nc_ss=7c2a8&oh=00_AQBf_ZfFLC5srajvGxMdTDFItE4QTBFvQAT4DiMP3alHMg&oe=6A600C35","https://www.facebook.com/rhian08","7","568225749914592","Sayang yung rent na binabayad mo… mag rent to own ka na
Ano pang hinihintay nyo AVAIL NA DTO SA LANCASTER NEW CITY Sa Cavite.

We have FREE DAILY TRIPPING (100% NO Charge at
ALL) Tripping Daily (Monday to Sunday).
(Kindly advise us 1 day in advance)

LIMITED SLOTS for house units that are near the gate and amenities.
-ACT NOW because location is just 30 minutes from Airport and Makati.
-BUY NOW while house price is still affordable.
-Ease of transportation due to CAVITEX that shorten travel time of commuting residents to Manila, Makati & Quezon City
-Lancaster Estates is TYPHOON TESTED because it is FLOOD FREE location.
-HURRY! Best location are still available. Every Phase are gated and secured 24 Hours.
-Houses are two storey brand new single attached houses for sale with 3 bedrooms, toilet and bath, carport.
-Houses are with partition on all bedroms, with ceiling and painted finish.
-Excellent location and investment.
-Imus is a first class municipality in Cavite
-Ready for Occupancy House Units are also available for buyers who needs to own a house in a few months

https://www.facebook.com/OwnAHouseInImusCavite?ref=hl",,,"0","0","1383980137000","https://www.facebook.com/groups/callcenteragents67/permalink/568225749914592/"
"No photo description available.","10152041033320844","photo","https://www.facebook.com/photo/?fbid=10152041033320844&set=a.552255136950008",,,,,,,,,,,,,,,,,"100064965780765","Energizer Philippines","https://scontent-iad3-1.xx.fbcdn.net/v/t39.30808-1/326095934_1404050427006437_3205616428987692588_n.jpg?stp=cp0_dst-jpg_tt6&cstp=mx1080x1080&ctp=s40x40&_nc_cat=110&ccb=1-7&_nc_sid=2d3e12&_nc_ohc=LVTrnFhBm_kQ7kNvwFdLGW2&_nc_oc=AdrtUDUso-eaDOTQsOaurR1Gqz5gOyAwi_Bg9NCOJB6GthUAPVPdPA4XQRCk8qx1DUg&_nc_zt=24&_nc_ht=scontent-iad3-1.xx&_nc_gid=oFB0nN0KMlsp6k3zT0phJQ&_nc_ss=7c2a8&oh=00_AQCBuNO_o32wuu4ltQVZaOJN3PFI5nV7yN3VwiZphj5rfA&oe=6A601053","https://www.facebook.com/EnergizerPH","0","10152041033320844","It's best to stay at home! Keep safe, everyone!

Let Energizer Lights be in your plan for emergencies. Wherever you need to shine a light -- from the work site to camp site and even in a flood -- you'll be ready anytime. #ThatsPositivEnergy","6",,"6","0","1383893878000","https://www.facebook.com/photo.php?fbid=10152041033320844&set=a.552255136950008&type=3"
,,,,,,,,,,,,,,,,,,,,"100000609777337","Virginia Omoso Guazon","https://scontent-iad6-1.xx.fbcdn.net/v/t39.30808-1/721951111_27945080135095604_5929841217748261461_n.jpg?stp=cp0_dst-jpg_tt6&cstp=mx960x958&ctp=s24x24&_nc_cat=109&ccb=1-7&_nc_sid=1d2534&_nc_ohc=dwRtQOwgg6IQ7kNvwEo0XE-&_nc_oc=AdqAcW7dlZLQ7d2rQPtzfzPfYYzUqBxAkkXzGlQ8Dc2jG5hTeFpEffpl-g-_JYdimPg&_nc_zt=24&_nc_ht=scontent-iad6-1.xx&_nc_gid=oFB0nN0KMlsp6k3zT0phJQ&_nc_ss=7c2a8&oh=00_AQCBrZtKadVX-IlbYSbz4CgPhExIPeidHw5Iy08BCaWP8g&oe=6A6013F5","https://www.facebook.com/virginia.omoso.guazon","0","669772433066871","MORE PRAYERS AND ASSISTANCE IN ANY FORM, FOR VICTIMS OF YOLANDA... 󾍛󾍛󾍛

************************************
1,200 feared dead in typhoon-devastated Philippines

9:39 pm | Saturday, November 9th, 2013

Leyte province residents queue for relief goods outside the totally damaged Tacloban airport, where many died after a storm surge spawned by Supertyphoon ‘Yolanda’ inundated the airport and nearby villages. JULIANNE LOVE DE JESUS/INQUIRER.net

TACLOBAN CITY, Philippines—One of the most powerful typhoons in history is believed to have killed 1,200 people in the Philippines, the Red Cross said Saturday, as rescue workers raced to reach towns devastated by tsunami-like waves.

A day after Supertyphoon “Yolanda” (international name: Haiyan) whipped across the central Philippines with maximum sustained winds of around 315 kilometers an hour, a picture emerged of entire communities having been flattened.

Authorities said that, aside from the ferocious winds, storm surges of up to 10 feet high that swept into coastal towns and deep inland were responsible for destroying countless homes.

“Imagine a strip one kilometre deep inland from the shore, and all the shanties, everything, destroyed,” Interior Secretary Mar Roxas said after visiting coastal towns in Leyte, one of the worst-hit provinces in the east of the archipelago.

“They were just like matchsticks flung inland. All the houses were destroyed.”
The official government death toll on Saturday night was 138.

But with rescue workers yet to reach or communicate with many ravaged communities across a 600-kilometer stretch of islands, authorities said they were unable to give a proper assessment of how many people had been killed.

Philippine Red Cross secretary general Gwendolyn Pang said her organization estimated 1,200 people had died, while a UN official who visited Leyte described apocalyptic scenes.

“This is destruction on a massive scale. There are cars thrown like tumbleweed and the streets are strewn with debris,” said Sebastian Rhodes Stampa, the head of a UN disaster assessment coordination team.

“The last time I saw something of this scale was in the aftermath of the Indian Ocean tsunami,” he said, referring to the 2004 disaster that claimed about 220,000 lives.

A resident passes by dead bodies that lie on the street after powerful Typhoon Haiyan slammed into Tacloban city, Leyte province central Philippines on Saturday, Nov. 9, 2013. AP

Stampa made his comments after arriving in Tacloban City, the destroyed capital of Leyte with a population of about 220,000 people.

More than 100 bodies were littered in and around Tacloban’s airport, according to the facility’s manager.

AFP journalists who arrived in Tacloban on a military aircraft encountered dazed survivors wandering amid the carnage asking for water, while others sorted through what was left of their destroyed homes.

One resident, Dominador Gullena, cried as he recounted to AFP his escape but the loss of his neighbours.

“My family evacuated the house. I thought our neighbours also did the same, but they didn’t,” Gullena said.
Eight bodies had been laid to rest inside Tacloban airport’s chapel, which had also been badly damaged, according to an AFP photographer.

One woman knelt on the flood-soaked floor of the church while holding the hand of a dead boy, who had been placed on a wooden pew.

Energy Secretary Jericho Petilla reached the fishing town of Palo, about 10 kilometres from Tacloban, by helicopter and said he believed “hundreds” of people had died just in that area.

Pope Francis tweeted his support for the typhoon victims: “I ask all of you to join me in prayer for the victims of Typhoon Haiyan/Yolanda especially those in the beloved islands of the Philippines.”

Race to reach decimated communities

Meanwhile, the military, government relief workers and non-government organisations battled to reach communities and deliver desperately needed supplies.

Fifteen thousand soldiers were in the disaster zones and helping in the rescue effort, military spokesman Lieutenant-Colonel Ramon Zagala told AFP.

Zagala said helicopters were flying rescuers into priority areas, while infantry units deployed across the affected areas were also proceeding on foot or in military trucks.

Haiyan’s wind strength, which remained close to 300 kilometres an hour throughout Friday, made it the strongest typhoon in the world this year and one of the most intense ever recorded.

It exited into the South China Sea on Saturday and tracked towards Vietnam, where more than 200,000 people crammed into storm shelters.

Philippine authorities had expressed confidence on Friday that only a few people had been killed, citing two days of intense preparation efforts led by President Benigno Aquino.

A barangay (village) official of Lawis Medellin in Cebu survey their sports complex destroyed by typhoon Yolanda. TONEE DESPOJO/CDN

Nearly 800,000 people in danger zones had been moved to evacuation centres, while thousands of boats across the archipelago were ordered to remain secured at ports. 

Hundreds of flights were also cancelled.

Aquino said on Saturday night it appeared some communities had not heeded the warnings.

“I hesitate to say this, but it seems that Tacloban was not that prepared, shall we say, compared with other areas,” he told reporters in Manila.

An average of 20 major storms or typhoons, many of them deadly, batter the Philippines each year as they emerge from the Pacific Ocean.

The Philippines suffered the world’s strongest storm of 2012, when Typhoon Bopha left about 2,000 people dead or missing on the southern island of Mindanao.

Haiyan is expected to make landfall in central Vietnam early Sunday, with millions of people thought to be in its path.

Authorities have begun mass evacuations in at least four central coastal provinces, Vietnam’s state-run VNExpress news site said, as the country was put on high alert.

Originally posted at 9:39 p.m. | November 9, 2013

Read more: http://newsinfo.inquirer.net/524159/1200-believed-dead-in-philippine-typhoon-red-cross#ixzz2kAVQGj00",,,"0","0","1384017613000","https://www.facebook.com/groups/berteni.toto.cataluna.causing/permalink/669772433066871/"
"No photo description available.","762071133809558","photo","https://www.facebook.com/photo/?fbid=762071133809558&set=gm.653563108000278",,,,,,,,,,,,,,,,,"100000200347870","קודי רְעוּאֵל","https://scontent-iad6-1.xx.fbcdn.net/v/t39.30808-1/459320475_8897050796978177_3928726493196729056_n.jpg?stp=cp0_dst-jpg_tt6&cstp=mx960x960&ctp=s24x24&_nc_cat=106&ccb=1-7&_nc_sid=e99d92&_nc_ohc=3AJgBmbAfgwQ7kNvwFHHN5X&_nc_oc=Adp6ZNNKLQysPGoBGkYWyuxpUILOcew17bRJpOkjz_8CBCNLmVA-dJ7Ksp6c3Lpa0Z4&_nc_zt=24&_nc_ht=scontent-iad6-1.xx&_nc_gid=oFB0nN0KMlsp6k3zT0phJQ&_nc_ss=7c2a8&oh=00_AQCoMDzFiubB4D3O2dtPqGpijygxnUXKQ4nISi2tn6tfVw&oe=6A600B8B","https://www.facebook.com/CryptoYowG","0","653563108000278","Redescribed - Repriced -

Selling !!! ------ You can ask your bank about a financing 

2007 Model Honda CRV
Top of the Line
2.4L Engine
A/T Transmission
4x4 (4WD)
62K Mileage
Casa Maintained
Light Gold Finish
Cream Colored Leather Seats
98% Tyres 
No Dents 
Plate number ending in 1
Makinis
Makintab
Freshly Buffed
All Power 
Front and Back sensors
Never lumusong inabutan ng BAHA 100% not flooded!

Location : Makati City near City Hall and South Avenue (South Cemetery)

Clean Papers - first owned - 1 lang ang gumagamit - nde ginamit ng buong bayan.

RFS : need space sa garage - and konting pampuhunan sa business

Price: P610K petot FIXED!

for more info/inquiries : 09155933485 - gio

I'll be messaging you on my 2nd account: why? facebook blocked me from adding and messaging people who are not on my list. -NOTE** Please Check your (Other Inbox) in your messages. 

add me here in facebook to see the whole album including the interior and other pictures of the car.",,,"0","0","1383969174000","https://www.facebook.com/groups/277302645626328/permalink/653563108000278/"
"No photo description available.","762082237141781","photo","https://www.facebook.com/photo/?fbid=762082237141781&set=gm.739207786093418",,,,,,,,,,,,,,,,,"100000200347870","קודי רְעוּאֵל","https://scontent-iad6-1.xx.fbcdn.net/v/t39.30808-1/459320475_8897050796978177_3928726493196729056_n.jpg?stp=cp0_dst-jpg_tt6&cstp=mx960x960&ctp=s24x24&_nc_cat=106&ccb=1-7&_nc_sid=e99d92&_nc_ohc=3AJgBmbAfgwQ7kNvwFHHN5X&_nc_oc=Adp6ZNNKLQysPGoBGkYWyuxpUILOcew17bRJpOkjz_8CBCNLmVA-dJ7Ksp6c3Lpa0Z4&_nc_zt=24&_nc_ht=scontent-iad6-1.xx&_nc_gid=xeWbI0EJ0p_eefZyAp3sww&_nc_ss=7c2a8&oh=00_AQDtre7fz_H915tCkWzbJHl3LIVVXTXxHi5W1wjtjrLEiA&oe=6A600B8B","https://www.facebook.com/CryptoYowG","0","739207786093418","Redescribed - Repriced -

Selling !!! ------ You can ask your bank about a financing 

2007 Model Honda CRV
Top of the Line
2.4L Engine
A/T Transmission
4x4 (4WD)
62K Mileage
Casa Maintained
Light Gold Finish
Cream Colored Leather Seats
98% Tyres 
No Dents 
Plate number ending in 1
Makinis
Makintab
Freshly Buffed
All Power 
Front and Back sensors
Never lumusong inabutan ng BAHA 100% not flooded!

Location : Makati City near City Hall and South Avenue (South Cemetery)

Clean Papers - first owned - 1 lang ang gumagamit - nde ginamit ng buong bayan.

RFS : need space sa garage - and konting pampuhunan sa business

Price: P610K petot FIXED!

for more info/inquiries : 09155933485 - gio

I'll be messaging you on my 2nd account: why? facebook blocked me from adding and messaging people who are not on my list. -NOTE** Please Check your (Other Inbox) in your messages. 

add me here in facebook to see the whole album including the interior and other pictures of the car.",,,"0","0","1383970763000","https://www.facebook.com/groups/466009110079955/permalink/739207786093418/"
"No photo description available.","735382033144578","photo","https://www.facebook.com/photo/?fbid=735382033144578&set=gm.10151978756534594",,,,,,,,,,,,,,,,,"100000183633084","Marites Barles del Mundo","https://scontent-iad3-1.xx.fbcdn.net/v/t39.30808-1/545377707_25372643652325074_4520798645643416643_n.jpg?stp=cp0_dst-jpg_tt6&cstp=mx1080x1080&ctp=s24x24&_nc_cat=110&ccb=1-7&_nc_sid=1d2534&_nc_ohc=GDDr8jMhxQQQ7kNvwGAu8Hx&_nc_oc=Adqg1bPYl0iAeatTcq3ficaVBaP1-AhOzLiYgX4Q0HXdLvT9I5m8g7u2qMnvuxYBDp4&_nc_zt=24&_nc_ht=scontent-iad3-1.xx&_nc_gid=xeWbI0EJ0p_eefZyAp3sww&_nc_ss=7c2a8&oh=00_AQBATXFsjoa1TyukNXUo8IY3OJH6xluUXf3wuYfiCc__gg&oe=6A600A06","https://www.facebook.com/maritesbarlesdelmundo","0","10151978756534594","AVAIL OUR 40% RESERVATION FEE PROMO DISCOUNT NOW!!!
Guaranteed Flood Free and the NEAREST and MOST AFFORDABLE you can ever Find!
Lancaster new city is Located in Alapan Imus via Coastal Road Extension, 20 mins away from Airport, SM Mall of Asia and Baclaran. 10 mins away from SM Bacoor and Robinsons Imus, 30-45 mins away from Makati. It is an Expansive Development that offers Bigger and more Spacious Townhouses and single house model with our very own free garden at the back of your own Home.

STOP RENTING AND START OWNING YOUR BRAND NEW HOME!
no income requirement
ONLY 12.5% DOWN PAYMENT Payable in 15 months WITH OUT INTEREST.

Paano magka-bahay? Mag-tiwala ka lang sa sarili mo kase minsan talaga ang pumipigil lang sa mga pangarap mo eh walang iba kundi IKAW....
FOR INQUIRY OR FREE TRIPPING CONTACT:
MARITES BARLES DEL MUNDO 
Property Sales Consultant (TUMANGDAY GROUP) at Profriends (Property Company of Friends, Inc.).
For faster transaction /more details/ reservation,CALL or TEXT
smart 09206144470 sun 09223212190 SUN VIBER 09337944747.

Visit & Like Us our FB Page for more INFOS and PICTURES>>>>http://www.facebook.com/www.murangbahaysacavite.com.ph
>>>http://www.facebook.com/WWW.VENAMARIEVINCENTMICHAEL.PH.
or You can Add me.http://www.facebook.com/maritesbarlesdelmundo thanks.",,,"0","0","1383966103000","https://www.facebook.com/groups/entrepinoy/permalink/10151978756534594/"
,,,,,,,,,,,,,,,,,,,,"137426779601991","PBA-Online!","https://scontent-iad3-1.xx.fbcdn.net/v/t39.30808-1/302156040_367418015598608_2078342941046816856_n.jpg?stp=c42.0.96.96a_cp0_dst-jpg_tt6&cstp=mx96x96&ctp=s40x40&_nc_cat=108&ccb=1-7&_nc_sid=2d3e12&_nc_ohc=I571tVjlIacQ7kNvwEoCZhn&_nc_oc=Adq13zeR2oEwtlO9mDNnOLbiRhq50g5TNlBs2TBpgmfPfYtNTyfp-nBCRxC2Bg32zi8&_nc_zt=24&_nc_ht=scontent-iad3-1.xx&_nc_gid=xeWbI0EJ0p_eefZyAp3sww&_nc_ss=7c2a8&oh=00_AQDOgrdlulAU5_cTZ2LLP6n9DhO0JvJdWTtbTFQQIRImJw&oe=6A600BF5","https://www.facebook.com/profile.php?id=100069912380200","0","697431786934818","[GOLF][VIDEO] Turkish Airlines Open delayed by thunder storm, flooding http://ow.ly/qBwJw",,,"0","0","1383905121000","https://www.facebook.com/permalink.php?story_fbid=697431786934818&id=137426779601991"
,,,,,,,,,,,,,,,,,,,,"100000609777337","Virginia Omoso Guazon","https://scontent-iad6-1.xx.fbcdn.net/v/t39.30808-1/721951111_27945080135095604_5929841217748261461_n.jpg?stp=cp0_dst-jpg_tt6&cstp=mx960x958&ctp=s24x24&_nc_cat=109&ccb=1-7&_nc_sid=1d2534&_nc_ohc=dwRtQOwgg6IQ7kNvwEo0XE-&_nc_oc=AdqAcW7dlZLQ7d2rQPtzfzPfYYzUqBxAkkXzGlQ8Dc2jG5hTeFpEffpl-g-_JYdimPg&_nc_zt=24&_nc_ht=scontent-iad6-1.xx&_nc_gid=xeWbI0EJ0p_eefZyAp3sww&_nc_ss=7c2a8&oh=00_AQC5xsq0iisbBdMYMpeWFkvsjBB_FRWVP7cWRcZPgySoTA&oe=6A6013F5","https://www.facebook.com/virginia.omoso.guazon","0","656072594435391","MORE PRAYERS AND ASSISTANCE IN ANY FORM, FOR VICTIMS OF YOLANDA... 󾍛󾍛󾍛

************************************
1,200 feared dead in typhoon-devastated Philippines

9:39 pm | Saturday, November 9th, 2013

Leyte province residents queue for relief goods outside the totally damaged Tacloban airport, where many died after a storm surge spawned by Supertyphoon ‘Yolanda’ inundated the airport and nearby villages. JULIANNE LOVE DE JESUS/INQUIRER.net

TACLOBAN CITY, Philippines—One of the most powerful typhoons in history is believed to have killed 1,200 people in the Philippines, the Red Cross said Saturday, as rescue workers raced to reach towns devastated by tsunami-like waves.

A day after Supertyphoon “Yolanda” (international name: Haiyan) whipped across the central Philippines with maximum sustained winds of around 315 kilometers an hour, a picture emerged of entire communities having been flattened.

Authorities said that, aside from the ferocious winds, storm surges of up to 10 feet high that swept into coastal towns and deep inland were responsible for destroying countless homes.

“Imagine a strip one kilometre deep inland from the shore, and all the shanties, everything, destroyed,” Interior Secretary Mar Roxas said after visiting coastal towns in Leyte, one of the worst-hit provinces in the east of the archipelago.

“They were just like matchsticks flung inland. All the houses were destroyed.”
The official government death toll on Saturday night was 138.

But with rescue workers yet to reach or communicate with many ravaged communities across a 600-kilometer stretch of islands, authorities said they were unable to give a proper assessment of how many people had been killed.

Philippine Red Cross secretary general Gwendolyn Pang said her organization estimated 1,200 people had died, while a UN official who visited Leyte described apocalyptic scenes.

“This is destruction on a massive scale. There are cars thrown like tumbleweed and the streets are strewn with debris,” said Sebastian Rhodes Stampa, the head of a UN disaster assessment coordination team.

“The last time I saw something of this scale was in the aftermath of the Indian Ocean tsunami,” he said, referring to the 2004 disaster that claimed about 220,000 lives.

A resident passes by dead bodies that lie on the street after powerful Typhoon Haiyan slammed into Tacloban city, Leyte province central Philippines on Saturday, Nov. 9, 2013. AP

Stampa made his comments after arriving in Tacloban City, the destroyed capital of Leyte with a population of about 220,000 people.

More than 100 bodies were littered in and around Tacloban’s airport, according to the facility’s manager.

AFP journalists who arrived in Tacloban on a military aircraft encountered dazed survivors wandering amid the carnage asking for water, while others sorted through what was left of their destroyed homes.

One resident, Dominador Gullena, cried as he recounted to AFP his escape but the loss of his neighbours.

“My family evacuated the house. I thought our neighbours also did the same, but they didn’t,” Gullena said.
Eight bodies had been laid to rest inside Tacloban airport’s chapel, which had also been badly damaged, according to an AFP photographer.

One woman knelt on the flood-soaked floor of the church while holding the hand of a dead boy, who had been placed on a wooden pew.

Energy Secretary Jericho Petilla reached the fishing town of Palo, about 10 kilometres from Tacloban, by helicopter and said he believed “hundreds” of people had died just in that area.

Pope Francis tweeted his support for the typhoon victims: “I ask all of you to join me in prayer for the victims of Typhoon Haiyan/Yolanda especially those in the beloved islands of the Philippines.”

Race to reach decimated communities

Meanwhile, the military, government relief workers and non-government organisations battled to reach communities and deliver desperately needed supplies.

Fifteen thousand soldiers were in the disaster zones and helping in the rescue effort, military spokesman Lieutenant-Colonel Ramon Zagala told AFP.

Zagala said helicopters were flying rescuers into priority areas, while infantry units deployed across the affected areas were also proceeding on foot or in military trucks.

Haiyan’s wind strength, which remained close to 300 kilometres an hour throughout Friday, made it the strongest typhoon in the world this year and one of the most intense ever recorded.

It exited into the South China Sea on Saturday and tracked towards Vietnam, where more than 200,000 people crammed into storm shelters.

Philippine authorities had expressed confidence on Friday that only a few people had been killed, citing two days of intense preparation efforts led by President Benigno Aquino.

A barangay (village) official of Lawis Medellin in Cebu survey their sports complex destroyed by typhoon Yolanda. TONEE DESPOJO/CDN

Nearly 800,000 people in danger zones had been moved to evacuation centres, while thousands of boats across the archipelago were ordered to remain secured at ports. 

Hundreds of flights were also cancelled.

Aquino said on Saturday night it appeared some communities had not heeded the warnings.

“I hesitate to say this, but it seems that Tacloban was not that prepared, shall we say, compared with other areas,” he told reporters in Manila.

An average of 20 major storms or typhoons, many of them deadly, batter the Philippines each year as they emerge from the Pacific Ocean.

The Philippines suffered the world’s strongest storm of 2012, when Typhoon Bopha left about 2,000 people dead or missing on the southern island of Mindanao.

Haiyan is expected to make landfall in central Vietnam early Sunday, with millions of people thought to be in its path.

Authorities have begun mass evacuations in at least four central coastal provinces, Vietnam’s state-run VNExpress news site said, as the country was put on high alert.

Originally posted at 9:39 p.m. | November 9, 2013

Read more: http://newsinfo.inquirer.net/524159/1200-believed-dead-in-philippine-typhoon-red-cross#ixzz2kAVQGj00","2",,"2","0","1384017495000","https://www.facebook.com/groups/liberalpartyofthephilippines/permalink/656072594435391/"
,,,,,,,,,,,,,,,,,,,,"100000609777337","Virginia Omoso Guazon","https://scontent-iad6-1.xx.fbcdn.net/v/t39.30808-1/721951111_27945080135095604_5929841217748261461_n.jpg?stp=cp0_dst-jpg_tt6&cstp=mx960x958&ctp=s24x24&_nc_cat=109&ccb=1-7&_nc_sid=1d2534&_nc_ohc=dwRtQOwgg6IQ7kNvwEo0XE-&_nc_oc=AdqAcW7dlZLQ7d2rQPtzfzPfYYzUqBxAkkXzGlQ8Dc2jG5hTeFpEffpl-g-_JYdimPg&_nc_zt=24&_nc_ht=scontent-iad6-1.xx&_nc_gid=xeWbI0EJ0p_eefZyAp3sww&_nc_ss=7c2a8&oh=00_AQC5xsq0iisbBdMYMpeWFkvsjBB_FRWVP7cWRcZPgySoTA&oe=6A6013F5","https://www.facebook.com/virginia.omoso.guazon","0","676136439097065","MORE PRAYERS AND ASSISTANCE IN ANY FORM, FOR VICTIMS OF YOLANDA... 󾍛󾍛󾍛

************************************
1,200 feared dead in typhoon-devastated Philippines

9:39 pm | Saturday, November 9th, 2013

Leyte province residents queue for relief goods outside the totally damaged Tacloban airport, where many died after a storm surge spawned by Supertyphoon ‘Yolanda’ inundated the airport and nearby villages. JULIANNE LOVE DE JESUS/INQUIRER.net

TACLOBAN CITY, Philippines—One of the most powerful typhoons in history is believed to have killed 1,200 people in the Philippines, the Red Cross said Saturday, as rescue workers raced to reach towns devastated by tsunami-like waves.

A day after Supertyphoon “Yolanda” (international name: Haiyan) whipped across the central Philippines with maximum sustained winds of around 315 kilometers an hour, a picture emerged of entire communities having been flattened.

Authorities said that, aside from the ferocious winds, storm surges of up to 10 feet high that swept into coastal towns and deep inland were responsible for destroying countless homes.

“Imagine a strip one kilometre deep inland from the shore, and all the shanties, everything, destroyed,” Interior Secretary Mar Roxas said after visiting coastal towns in Leyte, one of the worst-hit provinces in the east of the archipelago.

“They were just like matchsticks flung inland. All the houses were destroyed.”
The official government death toll on Saturday night was 138.

But with rescue workers yet to reach or communicate with many ravaged communities across a 600-kilometer stretch of islands, authorities said they were unable to give a proper assessment of how many people had been killed.

Philippine Red Cross secretary general Gwendolyn Pang said her organization estimated 1,200 people had died, while a UN official who visited Leyte described apocalyptic scenes.

“This is destruction on a massive scale. There are cars thrown like tumbleweed and the streets are strewn with debris,” said Sebastian Rhodes Stampa, the head of a UN disaster assessment coordination team.

“The last time I saw something of this scale was in the aftermath of the Indian Ocean tsunami,” he said, referring to the 2004 disaster that claimed about 220,000 lives.

A resident passes by dead bodies that lie on the street after powerful Typhoon Haiyan slammed into Tacloban city, Leyte province central Philippines on Saturday, Nov. 9, 2013. AP

Stampa made his comments after arriving in Tacloban City, the destroyed capital of Leyte with a population of about 220,000 people.

More than 100 bodies were littered in and around Tacloban’s airport, according to the facility’s manager.

AFP journalists who arrived in Tacloban on a military aircraft encountered dazed survivors wandering amid the carnage asking for water, while others sorted through what was left of their destroyed homes.

One resident, Dominador Gullena, cried as he recounted to AFP his escape but the loss of his neighbours.

“My family evacuated the house. I thought our neighbours also did the same, but they didn’t,” Gullena said.
Eight bodies had been laid to rest inside Tacloban airport’s chapel, which had also been badly damaged, according to an AFP photographer.

One woman knelt on the flood-soaked floor of the church while holding the hand of a dead boy, who had been placed on a wooden pew.

Energy Secretary Jericho Petilla reached the fishing town of Palo, about 10 kilometres from Tacloban, by helicopter and said he believed “hundreds” of people had died just in that area.

Pope Francis tweeted his support for the typhoon victims: “I ask all of you to join me in prayer for the victims of Typhoon Haiyan/Yolanda especially those in the beloved islands of the Philippines.”

Race to reach decimated communities

Meanwhile, the military, government relief workers and non-government organisations battled to reach communities and deliver desperately needed supplies.

Fifteen thousand soldiers were in the disaster zones and helping in the rescue effort, military spokesman Lieutenant-Colonel Ramon Zagala told AFP.

Zagala said helicopters were flying rescuers into priority areas, while infantry units deployed across the affected areas were also proceeding on foot or in military trucks.

Haiyan’s wind strength, which remained close to 300 kilometres an hour throughout Friday, made it the strongest typhoon in the world this year and one of the most intense ever recorded.

It exited into the South China Sea on Saturday and tracked towards Vietnam, where more than 200,000 people crammed into storm shelters.

Philippine authorities had expressed confidence on Friday that only a few people had been killed, citing two days of intense preparation efforts led by President Benigno Aquino.

A barangay (village) official of Lawis Medellin in Cebu survey their sports complex destroyed by typhoon Yolanda. TONEE DESPOJO/CDN

Nearly 800,000 people in danger zones had been moved to evacuation centres, while thousands of boats across the archipelago were ordered to remain secured at ports. 

Hundreds of flights were also cancelled.

Aquino said on Saturday night it appeared some communities had not heeded the warnings.

“I hesitate to say this, but it seems that Tacloban was not that prepared, shall we say, compared with other areas,” he told reporters in Manila.

An average of 20 major storms or typhoons, many of them deadly, batter the Philippines each year as they emerge from the Pacific Ocean.

The Philippines suffered the world’s strongest storm of 2012, when Typhoon Bopha left about 2,000 people dead or missing on the southern island of Mindanao.

Haiyan is expected to make landfall in central Vietnam early Sunday, with millions of people thought to be in its path.

Authorities have begun mass evacuations in at least four central coastal provinces, Vietnam’s state-run VNExpress news site said, as the country was put on high alert.

Originally posted at 9:39 p.m. | November 9, 2013

Read more: http://newsinfo.inquirer.net/524159/1200-believed-dead-in-philippine-typhoon-red-cross#ixzz2kAVQGj00","2",,"2","0","1384017448000","https://www.facebook.com/groups/319513714759341/permalink/676136439097065/"
"No photo description available.","735430189806429","photo","https://www.facebook.com/photo/?fbid=735430189806429&set=gm.664705126896217",,,,,,,,,,,,,,,,,"100000183633084","Marites Barles del Mundo","https://scontent-iad3-1.xx.fbcdn.net/v/t39.30808-1/545377707_25372643652325074_4520798645643416643_n.jpg?stp=cp0_dst-jpg_tt6&cstp=mx1080x1080&ctp=s24x24&_nc_cat=110&ccb=1-7&_nc_sid=1d2534&_nc_ohc=GDDr8jMhxQQQ7kNvwGAu8Hx&_nc_oc=Adqg1bPYl0iAeatTcq3ficaVBaP1-AhOzLiYgX4Q0HXdLvT9I5m8g7u2qMnvuxYBDp4&_nc_zt=24&_nc_ht=scontent-iad3-1.xx&_nc_gid=eKxkLC3elxK0bVWPh4-Itg&_nc_ss=7c2a8&oh=00_AQAAV_a8HB-RNcT3edLx5suF42WnzCU2tjqLTr-52ATTAg&oe=6A600A06","https://www.facebook.com/maritesbarlesdelmundo","0","664705126896217","AVAIL OUR 40% RESERVATION FEE PROMO DISCOUNT NOW!!!
Guaranteed Flood Free and the NEAREST and MOST AFFORDABLE you can ever Find!
Lancaster new city is Located in Alapan Imus via Coastal Road Extension, 20 mins away from Airport, SM Mall of Asia and Baclaran. 10 mins away from SM Bacoor and Robinsons Imus, 30-45 mins away from Makati. It is an Expansive Development that offers Bigger and more Spacious Townhouses and single house model with our very own free garden at the back of your own Home.

STOP RENTING AND START OWNING YOUR BRAND NEW HOME!
no income requirement
ONLY 12.5% DOWN PAYMENT Payable in 15 months WITH OUT INTEREST.

Paano magka-bahay? Mag-tiwala ka lang sa sarili mo kase minsan talaga ang pumipigil lang sa mga pangarap mo eh walang iba kundi IKAW....
FOR INQUIRY OR FREE TRIPPING CONTACT:
MARITES BARLES DEL MUNDO 
Property Sales Consultant (TUMANGDAY GROUP) at Profriends (Property Company of Friends, Inc.).
For faster transaction /more details/ reservation,CALL or TEXT
smart 09206144470 sun 09223212190 SUN VIBER 09337944747.

Visit & Like Us our FB Page for more INFOS and PICTURES>>>>http://www.facebook.com/www.murangbahaysacavite.com.ph
>>>http://www.facebook.com/WWW.VENAMARIEVINCENTMICHAEL.PH.
or You can Add me.http://www.facebook.com/maritesbarlesdelmundo thanks.",,,"0","0","1383974991000","https://www.facebook.com/groups/436576826375716/permalink/664705126896217/"
"No photo description available.","735382209811227","photo","https://www.facebook.com/photo/?fbid=735382209811227&set=gm.696835016993621&idorvanity=638146982862425",,,,,,,,,,,,,,,,,"100000183633084","Marites Barles del Mundo","https://scontent-iad3-1.xx.fbcdn.net/v/t39.30808-1/545377707_25372643652325074_4520798645643416643_n.jpg?stp=cp0_dst-jpg_tt6&cstp=mx1080x1080&ctp=s24x24&_nc_cat=110&ccb=1-7&_nc_sid=1d2534&_nc_ohc=GDDr8jMhxQQQ7kNvwGAu8Hx&_nc_oc=Adqg1bPYl0iAeatTcq3ficaVBaP1-AhOzLiYgX4Q0HXdLvT9I5m8g7u2qMnvuxYBDp4&_nc_zt=24&_nc_ht=scontent-iad3-1.xx&_nc_gid=eKxkLC3elxK0bVWPh4-Itg&_nc_ss=7c2a8&oh=00_AQAAV_a8HB-RNcT3edLx5suF42WnzCU2tjqLTr-52ATTAg&oe=6A600A06","https://www.facebook.com/maritesbarlesdelmundo","0","696835016993621","AVAIL OUR 40% RESERVATION FEE PROMO DISCOUNT NOW!!!
Guaranteed Flood Free and the NEAREST and MOST AFFORDABLE you can ever Find!
Lancaster new city is Located in Alapan Imus via Coastal Road Extension, 20 mins away from Airport, SM Mall of Asia and Baclaran. 10 mins away from SM Bacoor and Robinsons Imus, 30-45 mins away from Makati. It is an Expansive Development that offers Bigger and more Spacious Townhouses and single house model with our very own free garden at the back of your own Home.

STOP RENTING AND START OWNING YOUR BRAND NEW HOME!
no income requirement
ONLY 12.5% DOWN PAYMENT Payable in 15 months WITH OUT INTEREST.

Paano magka-bahay? Mag-tiwala ka lang sa sarili mo kase minsan talaga ang pumipigil lang sa mga pangarap mo eh walang iba kundi IKAW....
FOR INQUIRY OR FREE TRIPPING CONTACT:
MARITES BARLES DEL MUNDO 
Property Sales Consultant (TUMANGDAY GROUP) at Profriends (Property Company of Friends, Inc.).
For faster transaction /more details/ reservation,CALL or TEXT
smart 09206144470 sun 09223212190 SUN VIBER 09337944747.

Visit & Like Us our FB Page for more INFOS and PICTURES>>>>http://www.facebook.com/www.murangbahaysacavite.com.ph
>>>http://www.facebook.com/WWW.VENAMARIEVINCENTMICHAEL.PH.
or You can Add me.http://www.facebook.com/maritesbarlesdelmundo thanks.",,,"0","0","1383966169000","https://www.facebook.com/groups/opportunityforeveryone/permalink/696835016993621/"
"No photo description available.","735368263145955","photo","https://www.facebook.com/photo/?fbid=735368263145955&set=gm.739172092763654",,,,,,,,,,,,,,,,,"100000183633084","Marites Barles del Mundo","https://scontent-iad3-1.xx.fbcdn.net/v/t39.30808-1/545377707_25372643652325074_4520798645643416643_n.jpg?stp=cp0_dst-jpg_tt6&cstp=mx1080x1080&ctp=s24x24&_nc_cat=110&ccb=1-7&_nc_sid=1d2534&_nc_ohc=GDDr8jMhxQQQ7kNvwGAu8Hx&_nc_oc=Adqg1bPYl0iAeatTcq3ficaVBaP1-AhOzLiYgX4Q0HXdLvT9I5m8g7u2qMnvuxYBDp4&_nc_zt=24&_nc_ht=scontent-iad3-1.xx&_nc_gid=eKxkLC3elxK0bVWPh4-Itg&_nc_ss=7c2a8&oh=00_AQAAV_a8HB-RNcT3edLx5suF42WnzCU2tjqLTr-52ATTAg&oe=6A600A06","https://www.facebook.com/maritesbarlesdelmundo","0","739172092763654","AVAIL OUR 40% RESERVATION FEE PROMO DISCOUNT NOW!!!
Guaranteed Flood Free and the NEAREST and MOST AFFORDABLE you can ever Find!
Lancaster new city is Located in Alapan Imus via Coastal Road Extension, 20 mins away from Airport, SM Mall of Asia and Baclaran. 10 mins away from SM Bacoor and Robinsons Imus, 30-45 mins away from Makati. It is an Expansive Development that offers Bigger and more Spacious Townhouses and single house model with our very own free garden at the back of your own Home.

STOP RENTING AND START OWNING YOUR BRAND NEW HOME!
no income requirement
ONLY 12.5% DOWN PAYMENT Payable in 15 months WITH OUT INTEREST.

Paano magka-bahay? Mag-tiwala ka lang sa sarili mo kase minsan talaga ang pumipigil lang sa mga pangarap mo eh walang iba kundi IKAW....
FOR INQUIRY OR FREE TRIPPING CONTACT:
MARITES BARLES DEL MUNDO 
Property Sales Consultant (TUMANGDAY GROUP) at Profriends (Property Company of Friends, Inc.).
For faster transaction /more details/ reservation,CALL or TEXT
smart 09206144470 sun 09223212190 SUN VIBER 09337944747.

Visit & Like Us our FB Page for more INFOS and PICTURES>>>>http://www.facebook.com/www.murangbahaysacavite.com.ph
>>>http://www.facebook.com/WWW.VENAMARIEVINCENTMICHAEL.PH.
or You can Add me.http://www.facebook.com/maritesbarlesdelmundo thanks.",,,"0","0","1383963537000","https://www.facebook.com/groups/466009110079955/permalink/739172092763654/"
,,,,,,,,,,,,,,,,,,,,"100000274685242","Wilma Irangan","https://scontent-iad3-1.xx.fbcdn.net/v/t39.30808-1/453043219_8462894740396265_5551192846767862450_n.jpg?stp=cp0_dst-jpg_tt6&cstp=mx960x960&ctp=s24x24&_nc_cat=110&ccb=1-7&_nc_sid=1d2534&_nc_ohc=DIEtIMGvF94Q7kNvwHUEraz&_nc_oc=Adpu7ok3OyvJET8QcmJRhlvxdV_JYQuaOaScCOjLKarJX3-oR8_xR3CStJA2EAlKzIw&_nc_zt=24&_nc_ht=scontent-iad3-1.xx&_nc_gid=eKxkLC3elxK0bVWPh4-Itg&_nc_ss=7c2a8&oh=00_AQAOJxOWW-djzZXxKry0sjbtT2iFCrhwDjiHcV5z7CifDg&oe=6A600E93","https://www.facebook.com/wilma.irangan","0","179402028931553","Admin pls allow me to post..tnx (Y)
GOOD NEWS! GOOD NEWS! 40% DISCOUNT ON RESERVATION FEE THIS NOV 1-15 EXCEPT ALICE, ALICE W/33% DISCOUNT..HURRY AVAIL NOW! Highly recommended House & Lot available in Cavite. Near NAIA & MOA, 21 mins from Manila via expressway(CAVITEX)...Flood Free zone. 
VISIT MY WEBSITE: http://dreamhouse4you.weebly.com/
FB page: www.facebook.com/bahay4you",,,"0","0","1384008168000","https://www.facebook.com/groups/gilmoreqc/permalink/179402028931553/"
,,,,,,,,,,,,,,,,,,,,"100000274685242","Wilma Irangan","https://scontent-iad3-1.xx.fbcdn.net/v/t39.30808-1/453043219_8462894740396265_5551192846767862450_n.jpg?stp=cp0_dst-jpg_tt6&cstp=mx960x960&ctp=s24x24&_nc_cat=110&ccb=1-7&_nc_sid=1d2534&_nc_ohc=DIEtIMGvF94Q7kNvwHUEraz&_nc_oc=Adpu7ok3OyvJET8QcmJRhlvxdV_JYQuaOaScCOjLKarJX3-oR8_xR3CStJA2EAlKzIw&_nc_zt=24&_nc_ht=scontent-iad3-1.xx&_nc_gid=eKxkLC3elxK0bVWPh4-Itg&_nc_ss=7c2a8&oh=00_AQAOJxOWW-djzZXxKry0sjbtT2iFCrhwDjiHcV5z7CifDg&oe=6A600E93","https://www.facebook.com/wilma.irangan","0","317887231682550","Admin pls allow me to post..tnx (Y)
GOOD NEWS! GOOD NEWS! 40% DISCOUNT ON RESERVATION FEE THIS NOV 1-15 EXCEPT ALICE, ALICE W/33% DISCOUNT..HURRY AVAIL NOW! Highly recommended House & Lot available in Cavite. Near NAIA & MOA, 21 mins from Manila via expressway(CAVITEX)...Flood Free zone. 
VISIT MY WEBSITE: http://dreamhouse4you.weebly.com/
FB page: www.facebook.com/bahay4you",,,"0","0","1384004898000","https://www.facebook.com/groups/112159812255294/permalink/317887231682550/"
,,,,,,,,,,,,,,,,,,,,"100000274685242","Wilma Irangan","https://scontent-iad3-1.xx.fbcdn.net/v/t39.30808-1/453043219_8462894740396265_5551192846767862450_n.jpg?stp=cp0_dst-jpg_tt6&cstp=mx960x960&ctp=s24x24&_nc_cat=110&ccb=1-7&_nc_sid=1d2534&_nc_ohc=DIEtIMGvF94Q7kNvwHUEraz&_nc_oc=Adpu7ok3OyvJET8QcmJRhlvxdV_JYQuaOaScCOjLKarJX3-oR8_xR3CStJA2EAlKzIw&_nc_zt=24&_nc_ht=scontent-iad3-1.xx&_nc_gid=SkcUElPVsBpEGbWWCmROBA&_nc_ss=7c2a8&oh=00_AQBd4Cy8xnQrZx_7oq6OdbAE7kbyFWlZENZuVD02lYtL9g&oe=6A600E93","https://www.facebook.com/wilma.irangan","0","589264844455131","Admin pls allow me to post..tnx (Y)
GOOD NEWS! GOOD NEWS! 40% DISCOUNT ON RESERVATION FEE THIS NOV 1-15 EXCEPT ALICE, ALICE W/33% DISCOUNT..HURRY AVAIL NOW! Highly recommended House & Lot available in Cavite. Near NAIA & MOA, 21 mins from Manila via expressway(CAVITEX)...Flood Free zone. 
VISIT MY WEBSITE: http://dreamhouse4you.weebly.com/
FB page: www.facebook.com/bahay4you",,,"0","0","1384005086000","https://www.facebook.com/groups/LinkUrAdsHere/permalink/589264844455131/"
,,,,,,,,,,,,,,,,,,,,"100050672520966","Myk Perez","https://scontent-iad3-1.xx.fbcdn.net/v/t39.30808-1/510530425_1257369502628789_2458878849104025601_n.jpg?stp=c0.0.641.641a_cp0_dst-jpg_tt6&cstp=mx641x641&ctp=s40x40&_nc_cat=101&ccb=1-7&_nc_sid=2d3e12&_nc_ohc=FzrIgNo1kRoQ7kNvwEBIsFb&_nc_oc=AdoMO1iCGhnf-nKtbmxwX_OuGVhW9cH2C3sGepGyZgNMhYDOB3dlwxqKowROQvzNV9A&_nc_zt=24&_nc_ht=scontent-iad3-1.xx&_nc_gid=SkcUElPVsBpEGbWWCmROBA&_nc_ss=7c2a8&oh=00_AQAMFcUzJIPIFxRQScvMD-2GsaCCjNRZJ7TSJhric9l0IA&oe=6A602ACA","https://www.facebook.com/MykPerezTV","0","6093112074151103","Retweeted AshRald Iloilo (@ashraldiloilo):

Brgy. Hipona,Pontevedra, Capiz badly need help. No electricity. Flood and bad communication. #rescuePH @AngeliPV @philredcross @143redangel","6",,"6","0","1384005481000","https://www.facebook.com/MykPerezTV/posts/pfbid02bckqL26crysB4Uja6boFMrBg7bJqpdCfgMd6XFtCaWep89PUHvTmCtoFCsze82oFl"
,,,,,,,,,,,,,,,,,,,,"100000274685242","Wilma Irangan","https://scontent-iad3-1.xx.fbcdn.net/v/t39.30808-1/453043219_8462894740396265_5551192846767862450_n.jpg?stp=cp0_dst-jpg_tt6&cstp=mx960x960&ctp=s24x24&_nc_cat=110&ccb=1-7&_nc_sid=1d2534&_nc_ohc=DIEtIMGvF94Q7kNvwHUEraz&_nc_oc=Adpu7ok3OyvJET8QcmJRhlvxdV_JYQuaOaScCOjLKarJX3-oR8_xR3CStJA2EAlKzIw&_nc_zt=24&_nc_ht=scontent-iad3-1.xx&_nc_gid=SkcUElPVsBpEGbWWCmROBA&_nc_ss=7c2a8&oh=00_AQBd4Cy8xnQrZx_7oq6OdbAE7kbyFWlZENZuVD02lYtL9g&oe=6A600E93","https://www.facebook.com/wilma.irangan","0","10151689432231556","Admin pls allow me to post..tnx (Y)
GOOD NEWS! GOOD NEWS! 40% DISCOUNT ON RESERVATION FEE THIS NOV 1-15 EXCEPT ALICE, ALICE W/33% DISCOUNT..HURRY AVAIL NOW! Highly recommended House & Lot available in Cavite. Near NAIA & MOA, 21 mins from Manila via expressway(CAVITEX)...Flood Free zone. 
VISIT MY WEBSITE: http://dreamhouse4you.weebly.com/
FB page: www.facebook.com/bahay4you",,,"0","0","1384007608000","https://www.facebook.com/groups/41735906555/permalink/10151689432231556/"
,,,,,,,,,,,,,,,,,,,,"100000274685242","Wilma Irangan","https://scontent-iad3-1.xx.fbcdn.net/v/t39.30808-1/453043219_8462894740396265_5551192846767862450_n.jpg?stp=cp0_dst-jpg_tt6&cstp=mx960x960&ctp=s24x24&_nc_cat=110&ccb=1-7&_nc_sid=1d2534&_nc_ohc=DIEtIMGvF94Q7kNvwHUEraz&_nc_oc=Adpu7ok3OyvJET8QcmJRhlvxdV_JYQuaOaScCOjLKarJX3-oR8_xR3CStJA2EAlKzIw&_nc_zt=24&_nc_ht=scontent-iad3-1.xx&_nc_gid=SkcUElPVsBpEGbWWCmROBA&_nc_ss=7c2a8&oh=00_AQBd4Cy8xnQrZx_7oq6OdbAE7kbyFWlZENZuVD02lYtL9g&oe=6A600E93","https://www.facebook.com/wilma.irangan","0","222936817884030","Admin pls allow me to post..tnx (Y)
GOOD NEWS! GOOD NEWS! 40% DISCOUNT ON RESERVATION FEE THIS NOV 1-15 EXCEPT ALICE, ALICE W/33% DISCOUNT..HURRY AVAIL NOW! Highly recommended House & Lot available in Cavite. Near NAIA & MOA, 21 mins from Manila via expressway(CAVITEX)...Flood Free zone. 
VISIT MY WEBSITE: http://dreamhouse4you.weebly.com/
FB page: www.facebook.com/bahay4you",,,"0","0","1384008780000","https://www.facebook.com/groups/169448486566197/permalink/222936817884030/"
,,,,,,,,,,,,,,,,,,,,"124572377564014","Bayan Mo, Ipatrol Mo","https://scontent-iad6-1.xx.fbcdn.net/v/t39.30808-1/418541514_765959235568490_619545813751899744_n.jpg?stp=c461.29.1111.1112a_cp0_dst-jpg_tt6&cstp=mx1111x1112&ctp=s40x40&_nc_cat=100&ccb=1-7&_nc_sid=2d3e12&_nc_ohc=uOfnjF7jFPsQ7kNvwGifew8&_nc_oc=AdoHoeuYLqaD2qkBtzL_OWodM8DTIMW_Df3A7EQyQDx_wEdsqQfHrMkUvPCaaqAJ99U&_nc_zt=24&_nc_ht=scontent-iad6-1.xx&_nc_gid=SkcUElPVsBpEGbWWCmROBA&_nc_ss=7c2a8&oh=00_AQCivn6c6Wcj8OjSoHkYKCboWQcnaBIHzWIc3zzBkf0HDg&oe=6A603D1B","https://www.facebook.com/bayanmoipatrolmo","0","653511904670056","Heavy Rainfall Warning No. 04 #VPRSD

Weather System: Typhoon “#YolandaPH”

Issued at: 9:00 AM, 08 November 2013 (Friday)

RED: Rest of #Cebu, #Siquijor

• SERIOUS FLOODING is expected in low lying areas and LANDSLIDES in mountainous areas.

The public and the disaster risk reduction and management council concerned are advised to MONITOR the weather condition and watch for the next advisory to be issued at 11:00AM today.

• For more information and queries, please call at telephone numbers 340-4143 and 340-1868 or log on to www.pagasa.dost.gov.ph | via @dost_pagasa","15",,"15","0","1383873957000","https://www.facebook.com/bayanmoipatrolmo/posts/653511904670056"
,,,,,,,,,,,,,,,,,,,,"100000274685242","Wilma Irangan","https://scontent-iad3-1.xx.fbcdn.net/v/t39.30808-1/453043219_8462894740396265_5551192846767862450_n.jpg?stp=cp0_dst-jpg_tt6&cstp=mx960x960&ctp=s24x24&_nc_cat=110&ccb=1-7&_nc_sid=1d2534&_nc_ohc=DIEtIMGvF94Q7kNvwHUEraz&_nc_oc=Adpu7ok3OyvJET8QcmJRhlvxdV_JYQuaOaScCOjLKarJX3-oR8_xR3CStJA2EAlKzIw&_nc_zt=24&_nc_ht=scontent-iad3-1.xx&_nc_gid=qT07oVqfUAJjqf_5W37Uig&_nc_ss=7c2a8&oh=00_AQBfAGWDKTWTb8s3EUzTXuhmxlMAkPJVmsw2YrFIwJdFqQ&oe=6A600E93","https://www.facebook.com/wilma.irangan","0","250658875090146","Admin pls allow me to post..tnx (Y)
GOOD NEWS! GOOD NEWS! 40% DISCOUNT ON RESERVATION FEE THIS NOV 1-15 EXCEPT ALICE, ALICE W/33% DISCOUNT..HURRY AVAIL NOW! Highly recommended House & Lot available in Cavite. Near NAIA & MOA, 21 mins from Manila via expressway(CAVITEX)...Flood Free zone. 
VISIT MY WEBSITE: http://dreamhouse4you.weebly.com/
FB page: www.facebook.com/bahay4you",,,"0","0","1384004760000","https://www.facebook.com/groups/businesspinoy/permalink/250658875090146/"
,,,,,,,,,,,,,,,,,,,,"306053486136022","United Nations Philippines","https://scontent-iad6-1.xx.fbcdn.net/v/t39.30808-1/348223645_766252311842918_4317958386735251492_n.png?stp=cp0_dst-png&cstp=mx1414x1414&ctp=s40x40&_nc_cat=109&ccb=1-7&_nc_sid=2d3e12&_nc_ohc=QL-DiPKtSUgQ7kNvwEgCz2x&_nc_oc=Adr2BwPtpjMYA-PyxBpYdygFfqSQeh0YcQHJWtYnmPoTFSjba9NbjLychbU92qBMTJg&_nc_zt=24&_nc_ht=scontent-iad6-1.xx&_nc_gid=qT07oVqfUAJjqf_5W37Uig&_nc_ss=7c2a8&oh=00_AQCMR-kZxCJbeIb-a_Q-GorVLQyPSWI-7l40NZYPTVYMgg&oe=6A603BFC","https://www.facebook.com/unphilippines","0","544897945584907","United Nations OCHA Situation Report No. 1 on Typhoon Haiyan (locally known as Yolanda), dated 7 November 2013 developed in collaboration with humanitarian partners. The report covers the period from 6 to 7 November. The next report will be issued on or around 8 November. 

HIGHLIGHTS 
• Category 5 Typhoon Haiyan (locally known as Yolanda) has entered the Philippine Area of Responsibility and is moving at a speed of 33 kilometres per hour towards Region VIII (Eastern Visayas) with a total population of 4.1 million people. 
• Haiyan is projected to make landfall in Guiuan, Eastern Samar or Abuyog, Leyte province in the morning of 8 November. 
• Government has recommended pre-emptive evacuations for residents in low lying, mountainous and coastal areas in anticipation of possible flash floods, landslides and storm surges as a result of the typhoon. 

Learn more: https://philippines.humanitarianresponse.info/","4",,"4","4","1383872934000","https://www.facebook.com/unphilippines/posts/544897945584907"
,,,,,,,,,,,,,,,,,,,,"100000274685242","Wilma Irangan","https://scontent-iad3-1.xx.fbcdn.net/v/t39.30808-1/453043219_8462894740396265_5551192846767862450_n.jpg?stp=cp0_dst-jpg_tt6&cstp=mx960x960&ctp=s24x24&_nc_cat=110&ccb=1-7&_nc_sid=1d2534&_nc_ohc=DIEtIMGvF94Q7kNvwHUEraz&_nc_oc=Adpu7ok3OyvJET8QcmJRhlvxdV_JYQuaOaScCOjLKarJX3-oR8_xR3CStJA2EAlKzIw&_nc_zt=24&_nc_ht=scontent-iad3-1.xx&_nc_gid=qT07oVqfUAJjqf_5W37Uig&_nc_ss=7c2a8&oh=00_AQBfAGWDKTWTb8s3EUzTXuhmxlMAkPJVmsw2YrFIwJdFqQ&oe=6A600E93","https://www.facebook.com/wilma.irangan","0","542577105835683","Admin pls allow me to post..tnx (Y)
GOOD NEWS! GOOD NEWS! 40% DISCOUNT ON RESERVATION FEE THIS NOV 1-15 EXCEPT ALICE, ALICE W/33% DISCOUNT..HURRY AVAIL NOW! Highly recommended House & Lot available in Cavite. Near NAIA & MOA, 21 mins from Manila via expressway(CAVITEX)...Flood Free zone. 
VISIT MY WEBSITE: http://dreamhouse4you.weebly.com/
FB page: www.facebook.com/bahay4you",,,"0","0","1384010647000","https://www.facebook.com/groups/189969571096440/permalink/542577105835683/"
,,,,,,,,,,,,,,,,,,,,"","Affordable  Elegant Houses available","https://scontent-iad3-1.xx.fbcdn.net/v/t39.30808-1/327222208_699186615107518_64857729634926292_n.jpg?stp=c100.0.400.400a_cp0_dst-jpg_tt6&cstp=mx400x400&ctp=s40x40&_nc_cat=101&ccb=1-7&_nc_sid=2d3e12&_nc_ohc=EEpLieJ4ojQQ7kNvwHatRRH&_nc_oc=Adqet9CaNcEUNGbucfF6xtzmR6_Z1XUxLEFu4tfoHYfTWioWbF-9giedIVLAMwUcpkE&_nc_zt=24&_nc_ht=scontent-iad3-1.xx&_nc_gid=qT07oVqfUAJjqf_5W37Uig&_nc_ss=7c2a8&oh=00_AQB8S8eXhX2mCSBUUfMVRhc0EpwmdZXLUONac03yWYOAcQ&oe=6A6034E7","https://www.facebook.com/bahay4you","0","10151813106068510","Pls admin allo me to post this....tnx :-)
GOOD NEWS! GOOD NEWS!
40% DISCOUNT ON RESERVATION FEE THIS NOV 1-17 EXCEPT ALICE, ALICE W/33% DISCOUNT..HURRY AVAIL NOW!
Highly recommended House & Lot available in Cavite. Near NAIA & MOA, 21 mins from Manila via expressway(CAVITEX)...Flood Free zone.

VISIT MY WEBSITE: http://dreamhouse4you.weebly.com/",,,"0","0","1383967866000","https://www.facebook.com/groups/98065238509/permalink/10151813106068510/"
,,,,,,,,,,,,,,,,,,,,"","Affordable  Elegant Houses available","https://scontent-iad3-1.xx.fbcdn.net/v/t39.30808-1/327222208_699186615107518_64857729634926292_n.jpg?stp=c100.0.400.400a_cp0_dst-jpg_tt6&cstp=mx400x400&ctp=s40x40&_nc_cat=101&ccb=1-7&_nc_sid=2d3e12&_nc_ohc=EEpLieJ4ojQQ7kNvwHatRRH&_nc_oc=Adqet9CaNcEUNGbucfF6xtzmR6_Z1XUxLEFu4tfoHYfTWioWbF-9giedIVLAMwUcpkE&_nc_zt=24&_nc_ht=scontent-iad3-1.xx&_nc_gid=qT07oVqfUAJjqf_5W37Uig&_nc_ss=7c2a8&oh=00_AQB8S8eXhX2mCSBUUfMVRhc0EpwmdZXLUONac03yWYOAcQ&oe=6A6034E7","https://www.facebook.com/bahay4you","0","696836713668812","Pls admin allo me to post this....tnx :-)
GOOD NEWS! GOOD NEWS!
40% DISCOUNT ON RESERVATION FEE THIS NOV 1-17 EXCEPT ALICE, ALICE W/33% DISCOUNT..HURRY AVAIL NOW!
Highly recommended House & Lot available in Cavite. Near NAIA & MOA, 21 mins from Manila via expressway(CAVITEX)...Flood Free zone.

VISIT MY WEBSITE: http://dreamhouse4you.weebly.com/",,,"0","0","1383967073000","https://www.facebook.com/groups/ohapgroup/posts/381903885275455/"
,,,,,,,,,,,,,,,,,,,,"","Affordable  Elegant Houses available","https://scontent-iad3-1.xx.fbcdn.net/v/t39.30808-1/327222208_699186615107518_64857729634926292_n.jpg?stp=c100.0.400.400a_cp0_dst-jpg_tt6&cstp=mx400x400&ctp=s40x40&_nc_cat=101&ccb=1-7&_nc_sid=2d3e12&_nc_ohc=EEpLieJ4ojQQ7kNvwHatRRH&_nc_oc=Adqet9CaNcEUNGbucfF6xtzmR6_Z1XUxLEFu4tfoHYfTWioWbF-9giedIVLAMwUcpkE&_nc_zt=24&_nc_ht=scontent-iad3-1.xx&_nc_gid=qT07oVqfUAJjqf_5W37Uig&_nc_ss=7c2a8&oh=00_AQB8S8eXhX2mCSBUUfMVRhc0EpwmdZXLUONac03yWYOAcQ&oe=6A6034E7","https://www.facebook.com/bahay4you","0","381903885275455","Pls admin allo me to post this....tnx :-)
GOOD NEWS! GOOD NEWS!
40% DISCOUNT ON RESERVATION FEE THIS NOV 1-17 EXCEPT ALICE, ALICE W/33% DISCOUNT..HURRY AVAIL NOW!
Highly recommended House & Lot available in Cavite. Near NAIA & MOA, 21 mins from Manila via expressway(CAVITEX)...Flood Free zone.

VISIT MY WEBSITE: http://dreamhouse4you.weebly.com/",,,"0","0","1383967074000","https://www.facebook.com/groups/ohapgroup/permalink/381903885275455/"
