"attachments/0/accessibilityCaption","attachments/0/id","attachments/0/type","attachments/0/url","attachments/1/accessibilityCaption","attachments/1/id","attachments/1/type","attachments/1/url","attachments/2/accessibilityCaption","attachments/2/id","attachments/2/type","attachments/2/url","attachments/3/accessibilityCaption","attachments/3/id","attachments/3/type","attachments/3/url","attachments/4/accessibilityCaption","attachments/4/id","attachments/4/type","attachments/4/url","author/id","author/name","author/profilePicture","author/profileUrl","commentsCount","postId","postText","reactions/haha","reactions/like","reactions/love","reactions/sorry","reactions/support","reactions/wow","reactionsCount","sharesCount","timestamp","url"
"No photo description available.","457446709759958","photo","https://www.facebook.com/photo.php?fbid=457446709759958&set=a.560612239452772&type=3","No photo description available.","457447193093243","photo","https://www.facebook.com/photo.php?fbid=457447193093243&set=a.560612239452772&type=3","No photo description available.","457446719759957","photo","https://www.facebook.com/photo.php?fbid=457446719759957&set=a.560612239452772&type=3","No photo description available.","457446856426610","photo","https://www.facebook.com/photo.php?fbid=457446856426610&set=a.560612239452772&type=3","No photo description available.","457446833093279","photo","https://www.facebook.com/photo.php?fbid=457446833093279&set=a.560612239452772&type=3","100065120036508","CAMP DATARI - Daraitan Tanay Rizal","https://scontent-iad3-1.xx.fbcdn.net/v/t39.30808-1/352994076_639532791560716_8896690293985395725_n.jpg?stp=cp0_dst-jpg_tt6&cstp=mx1080x1080&ctp=s40x40&_nc_cat=108&ccb=1-7&_nc_sid=2d3e12&_nc_ohc=_q3ljzgpF8IQ7kNvwFrfBvf&_nc_oc=AdpmQsn8f75TJFzZAi-AngQ_uiPFdAlIL4n3ka1QR98L4qH8RisYYm7JnEXm2HVlB3E&_nc_zt=24&_nc_ht=scontent-iad3-1.xx&_nc_gid=pBqtgYzd8BzKQ0lCw0XTTQ&_nc_ss=7e2a8&oh=00_AQC0XC-87gYXe2dW_cKH7NjFOCXuiXEINcyP_wNuWiZMYw&oe=6A5EB8B0","https://www.facebook.com/CampDatari","44","457447256426570","As of September 26, 2022 - 7:00AM

CAMP DATARI - Daraitan Tanay Rizal 🍃
Are Affected by SUPER TYPHOON “KARDING” 

2 BIG KUBOS ( CAMP PYRA & CAMP POKO ) INCLUDING THE RESTROOM AND KITCHEN ARE SWEPT AWAY BY FLOOD “KARDING”. 

WE DIDN’T EXPECT THIS SUPER TYPHOON TO HIT US SO HARD, 😭 GLADLY NO ONE HURT ESPECIALLY TO OUR CARETAKERS KUYA JAY, SABELLE, EDWARD.

LET’S US KEEP DRY AND PRAY FOR EVERYONE SAFETY. GOD BLESS EVERYONE! 🤍

THANK YOU!! 
CAMP PYRA & CAMP POKO 
WE WILL BUILD YOU TWO AGAIN SOON! 🙏 

TO OUR VALUED GUEST WE INFORM YOU ALL BOOKINGS BY OCTOBER ARE RESCHEDULED

THANK YOU FOR UNDERSTANDING 😔",,"33","7","586","98","1","725","60","1664153763000","https://www.facebook.com/CampDatari/posts/pfbid0ZfHdCCYk38ExCnfCYuRS44grZ1ZuzXR9GLq6i4Wtd3kKR1j31a1toUQgK6xMbJM9l"
"May be an image of 8 people and outdoors","10230585389848543","photo","https://www.facebook.com/photo.php?fbid=10230585389848543&set=a.4325275220162&type=3","May be an image of 1 person, child and body of water","10230585389568536","photo","https://www.facebook.com/photo.php?fbid=10230585389568536&set=a.4325275220162&type=3",,,,,,,,,,,,,"1535595808","Art Laurel","https://scontent-iad6-1.xx.fbcdn.net/v/t39.30808-1/393135058_10233932028992430_2633267639706079578_n.jpg?stp=cp0_dst-jpg_tt6&cstp=mx640x640&ctp=s40x40&_nc_cat=107&ccb=1-7&_nc_sid=1d2534&_nc_ohc=hVhYm7v1wCkQ7kNvwFfQxks&_nc_oc=AdoCadN0JsAD4n0x7kC4hxRZPorT_fWn7C0t4qBtARqEz2EhpvQFAlm6AoPpS1yr0vg&_nc_zt=24&_nc_ht=scontent-iad6-1.xx&_nc_gid=pBqtgYzd8BzKQ0lCw0XTTQ&_nc_ss=7e2a8&oh=00_AQDjgAfQ2j3Ns-3SXpX8pbpqE9MRvaMfZYB4TRTzdFRrUA&oe=6A5EA006","https://www.facebook.com/art.laurel","3","10230585395528685","Typhoon Ondoy-September 26, 2009, 13 year anniversary today. 
Remember vividly the destruction of my entire Sounds and light equipment due to  flooding in our Area in Pasig. And now Typhoon Karding. Signal No. 4 expected to hit Metro Manila tonight.  Stay Safe.",,"16","1","47","1",,"65","82","1664092750000","https://www.facebook.com/art.laurel/posts/pfbid02SgLQHV6GDCX2UtS2ChZ9AXNwEZggwnqEukmTPZru9nts1vtZEMAzpB2uuFVzNZdTl"
"May be an image of 4 people and road","400269332270135","photo","https://www.facebook.com/photo.php?fbid=400269332270135&set=a.162321872731550&type=3","May be an image of 6 people, street and road","400269302270138","photo","https://www.facebook.com/photo.php?fbid=400269302270138&set=a.162321872731550&type=3","May be an image of 3 people, people standing and outdoors","400269325603469","photo","https://www.facebook.com/photo.php?fbid=400269325603469&set=a.162321872731550&type=3","May be an image of 7 people, street, road and skyscraper","400269318936803","photo","https://www.facebook.com/photo.php?fbid=400269318936803&set=a.162321872731550&type=3",,,,,"100068612142206","MMDA","https://scontent-iad3-1.xx.fbcdn.net/v/t39.30808-1/242803846_162321929398211_6744508622629887688_n.jpg?stp=cp0_dst-jpg_tt6&cstp=mx604x604&ctp=s40x40&_nc_cat=1&ccb=1-7&_nc_sid=2d3e12&_nc_ohc=-GxMrIa-rlcQ7kNvwFgUt_0&_nc_oc=AdqcE_oVWwJ9NaGUjJHYeig93Mul-WSz5VwiGfkOWOzaNc9zOvbm-gVxbQaGWRCzk9I&_nc_zt=24&_nc_ht=scontent-iad3-1.xx&_nc_gid=pBqtgYzd8BzKQ0lCw0XTTQ&_nc_ss=7e2a8&oh=00_AQAsh1KfWR6Rz47pVIoSmKXvaTmIp3aglNBlQETma9jUNA&oe=6A5EA512","https://www.facebook.com/MMDAPH","10","400269698936765","MMDA WELCOMES 55TH ADB ANNUAL MEETING DELEGATES
 
The Metropolitan Manila Development Authority reported that the first day of the 55th Asian Development Bank (ADB) Annual Meeting in Mandaluyong City, which was attended by foreign delegates, was peaceful and orderly, with smooth traffic.

MMDA Acting Chairman Carlo Dimayuga III said the agency, assisting the Philippine National Police, continues to monitor the conduct of the ADB in a hybrid format at the ADB Headquarters in Ortigas Center, from September 26-30, to ensure the event will be organized until it culminates.

 ""The collaboration of the PNP, MMDA, and concerned local government units has resulted in peace and order in the area that would boost both economic activity and tourism in the National Capital Region,"" said Dimayuga.  

With the NCR serving as the nation's financial and commercial hub, he continued, ""We want to offer the ADB delegations a good and secure stay while hosting the annual meeting.""

At least 350 delegates from member-economies of the ADB and government agencies are expected to attend the 55th Annual Meeting of the Board of Governors. Several heads of state have confirmed their attendance at the on-site meeting.

The MMDA deployed 500 personnel along the ADB-dedicated route for the seamless movement of delegates from the airport to the billeting hotels, venues, and other engagement areas, and vice versa, at the least inconvenience to the general public.

They are in charge of traffic management, closed circuit television (CCTV) monitoring, emergency preparedness and response, road safety, road clearing and cleaning operations, and flood mitigation.

ADB Special lane along Saint Francis and Bank Drive was set up to give way to the delegates’ convoy on September 28 and 29. The EDSA Busway Carousel Lane was also utilized in the primary routes of the delegates’ convoys.

The MMDA Road Emergency Group, in coordination with the Office of Civil Defense, Department of Health, Bureau of Fire Protection, were placed on standby to provide emergency assistance.

Traffic personnel from the PNP, Mandaluyong, and Pasig local government units, and the security forces of the Ortigas Center have also implemented traffic directions and control along the ADB routes.

#mmda","20","293","14",,"1",,"328","11","1664172121000","https://www.facebook.com/MMDAPH/posts/pfbid023kp3TSb45eXBhLnrJhwhvX913G5LMwvdwHvpGuWaV89xNL7wrw6bhX5CgCW51TEJl"
"No photo description available.","425163873036659","photo","https://www.facebook.com/photo/?fbid=425163873036659&set=a.194220272797688",,,,,,,,,,,,,,,,,"100066291500027","Pasig City Public Information Office","https://scontent-iad3-2.xx.fbcdn.net/v/t39.30808-1/241304413_194220316131017_8817860418863376271_n.jpg?stp=c320.250.1429.1429a_cp0_dst-jpg_tt6&cstp=mx1429x1429&ctp=s40x40&_nc_cat=111&ccb=1-7&_nc_sid=2d3e12&_nc_ohc=i_9ty_nGnm0Q7kNvwEThftK&_nc_oc=AdqSxnHEBANWy1WG_gvWzV8nRltT7CJxPugAkeWrc8ODRO0YlI5kOHuH44hk7gPVMaI&_nc_zt=24&_nc_ht=scontent-iad3-2.xx&_nc_gid=pBqtgYzd8BzKQ0lCw0XTTQ&_nc_ss=7e2a8&oh=00_AQCWcSSgI8vCM8X4vX8wm-NV2TAE7Lt2eMZEaCZ0IoNurQ&oe=6A5E8D96","https://www.facebook.com/PasigPIO","13","425165713036475","Kasalukuyang nakataas ang Tropical Cyclone Wind Signal (TWCS) No. 3 sa Metro Manila kaugnay ng Super Typhoon #KardingPH

Narito ang ilang Flood Safety Tips na dapat tandaan at sundin bago, habang, at pagkatapos bumaha dala ng bagyo.

Para sa emergencies, tumawag sa Pasig City Emergency Hotline: 8643 0000.",,"406","99","3","11",,"519","156","1664083863000","https://www.facebook.com/PasigPIO/posts/pfbid0mc7hhvaycgpXB4zpPGacADjk46xM5M25JjijwTueziQ8YUstmGEMutRkCpX9EjKRl"
,,,,,,,,,,,,,,,,,,,,"100066291500027","Pasig City Public Information Office","https://scontent-iad3-2.xx.fbcdn.net/v/t39.30808-1/241304413_194220316131017_8817860418863376271_n.jpg?stp=c320.250.1429.1429a_cp0_dst-jpg_tt6&cstp=mx1429x1429&ctp=s40x40&_nc_cat=111&ccb=1-7&_nc_sid=2d3e12&_nc_ohc=i_9ty_nGnm0Q7kNvwEThftK&_nc_oc=AdqSxnHEBANWy1WG_gvWzV8nRltT7CJxPugAkeWrc8ODRO0YlI5kOHuH44hk7gPVMaI&_nc_zt=24&_nc_ht=scontent-iad3-2.xx&_nc_gid=pBqtgYzd8BzKQ0lCw0XTTQ&_nc_ss=7e2a8&oh=00_AQCWcSSgI8vCM8X4vX8wm-NV2TAE7Lt2eMZEaCZ0IoNurQ&oe=6A5E8D96","https://www.facebook.com/PasigPIO","3","408605151425981","Mag ingat po tayo mga ka Barangay
In case of emergency maari po kayong tumawag sa mga sumusunod na contact numbers

70039869 - Barangay Hall Office
70032600- Barangay Security Force Office

🔴Maari din mag message sa ating page Barangay Bambang - Pasig City 
Nakahanda na din po ang ating Bambang Elementary School Covered Court at Dr Sixto Antonio Memorial Gymnasium (Villa Alfonso Gymnasium) para sa evacuation areas.
🔴i-charge po natin ang ating cellphones, emergency lights in case magkaroon ng brownouts
🔴Panatilihing nasa loob tayo ng ating tahanan.

Ang buong Barangay Council ay nakamonitor at patuloy na nakabantay para sa paparating na Bagyong Karding.

Keep Safe Everyone. 🙏🙏🙏",,"51","1",,,,"52","11","1664087793000","https://www.facebook.com/permalink.php?story_fbid=pfbid0iSXwDEsq2Tkbn3E1wgGbxQGLJ3govafob8onWGdfV57aNZ2MvsXqZN64mEzVgRBcl&id=100068294977157"
,,,,,,,,,,,,,,,,,,,,"100081506761981","Metro Viral","https://scontent-iad3-1.xx.fbcdn.net/v/t39.30808-1/734039422_1023286693731547_3260299583827003545_n.jpg?stp=cp0_dst-jpg_tt6&cstp=mx1254x1254&ctp=s40x40&_nc_cat=101&ccb=1-7&_nc_sid=2d3e12&_nc_ohc=0eo9Oai2PpYQ7kNvwF7w3b3&_nc_oc=AdotKgQuQOXK2YUXYFykMp_8R2vAZWtY_G8v3AKuy68l39kUkB5FYNJbWX26lIhxz0I&_nc_zt=24&_nc_ht=scontent-iad3-1.xx&_nc_gid=PIe5ZxyzbIUx41V_ffa7hA&_nc_ss=7e2a8&oh=00_AQDpeLcM5MQkE2ulgI7EhdJXPkVbpuJKHVPPAq7qyDa6tA&oe=6A5E9186","https://www.facebook.com/pinasheadliness","10","3255680718079492","KA-BP Please Follow OFWS for PBBM jan tayo mag live mamaya. #KardingPHUpdates",,"357","83","3","3","2","448","10","1664165135000","https://www.facebook.com/BalitamPinas/posts/pfbid02HyTTaYxAMq3eQE9TadfqTbspnY2XYdDpPx17Rn9RVeNyyDo2R9eBQjAy1m5q7TeKl"
"No photo description available.","121489297352635","photo","https://www.facebook.com/photo.php?fbid=121489297352635&set=a.121382697363295&type=3","No photo description available.","121489327352632","photo","https://www.facebook.com/photo.php?fbid=121489327352632&set=a.121382697363295&type=3","No photo description available.","121489360685962","photo","https://www.facebook.com/photo.php?fbid=121489360685962&set=a.121382697363295&type=3","No photo description available.","121489404019291","photo","https://www.facebook.com/photo.php?fbid=121489404019291&set=a.121382697363295&type=3","No photo description available.","121489430685955","photo","https://www.facebook.com/photo.php?fbid=121489430685955&set=a.121382697363295&type=3","100084746964842","PASIG Magazine","https://scontent-iad3-1.xx.fbcdn.net/v/t39.30808-1/301359675_108586288641021_3207408000706850575_n.jpg?stp=cp0_dst-jpg_tt6&cstp=mx473x472&ctp=s40x40&_nc_cat=101&ccb=1-7&_nc_sid=2d3e12&_nc_ohc=ccGOnhzwxm0Q7kNvwGO2bh3&_nc_oc=AdrtZHeaAsXVBxQKGjPxoBXuJmYIgFw8LjqmvmyiSqlXhJ282jpqXOXiO-ZyATNkrmI&_nc_zt=24&_nc_ht=scontent-iad3-1.xx&_nc_gid=PIe5ZxyzbIUx41V_ffa7hA&_nc_ss=7e2a8&oh=00_AQCd7hiaR11lGhkOqGDBiKSiODN0MMzwrS2HTAFGUB75zg&oe=6A5E98FF","https://www.facebook.com/profile.php?id=100084746964842","1","121489447352620","LOOK: Waist to chest-deep flood hits residential homes in Barangay Poblacion, San Miguel, Bulacan on September 26, 2022 because of typhoon #KardingPH. | Mark Demayo, ABS-CBN News

© ABS-CBN News",,"12","1","12","6",,"31","0","1664168653000","https://www.facebook.com/permalink.php?story_fbid=pfbid02ggK6sZBiUpqu4jPnS8ShvHgboQgab8DApkBnjYExUKxTDrm5DDfTGZc2agABiDVxl&id=100084746964842"
"No photo description available.","940847203973624","photo","https://www.facebook.com/photo.php?fbid=940847203973624&set=a.609761574494666&type=3","No photo description available.","940847267306951","photo","https://www.facebook.com/photo.php?fbid=940847267306951&set=a.609761574494666&type=3","No photo description available.","940847310640280","photo","https://www.facebook.com/photo.php?fbid=940847310640280&set=a.609761574494666&type=3","No photo description available.","940847343973610","photo","https://www.facebook.com/photo.php?fbid=940847343973610&set=a.609761574494666&type=3","No photo description available.","940847393973605","photo","https://www.facebook.com/photo.php?fbid=940847393973605&set=a.609761574494666&type=3","100063824864541","BABY's Affordable Homestay with City View","https://scontent-iad3-2.xx.fbcdn.net/v/t39.30808-1/696912524_1508058604664954_1654748533778573116_n.jpg?stp=cp0_dst-jpg_tt6&cstp=mx1254x1254&ctp=s40x40&_nc_cat=103&ccb=1-7&_nc_sid=2d3e12&_nc_ohc=gs0G1BI_FbgQ7kNvwHn4S9S&_nc_oc=AdqyiI63-yjY9557RbolI7EoFOGwSN_C9iuJLqv5B1AZTR4A_NPjXXrS7oyJKfIP1io&_nc_zt=24&_nc_ht=scontent-iad3-2.xx&_nc_gid=PIe5ZxyzbIUx41V_ffa7hA&_nc_ss=7e2a8&oh=00_AQDyHb1DbeY_GikZDSduxQBLD48buQqJl96dhB0gSfxg_g&oe=6A5EABDE","https://www.facebook.com/BenefitsSatisfactionValue","0","940847550640256","FLOOD FREE❗️

 #booknow‼️ #sunrise_sunset_photogroup #chillin #workfromhome #viewingdeck #sunsetlovers #garden #nature #stayhere #affordable #staycation #citylights #vacationhome #view #mountains #staynadito #sunriseoftheday #mountain #affordablerates #dmus 

💯 STAYCATION❗️LEGIT ❤️
🤎AS LOW AS 799/9 HOURS NA🤎",,,,,,,"0","0","1664086254000","https://www.facebook.com/BenefitsSatisfactionValue/posts/pfbid02GQp7HaAKenv5HsjgkZvgdDhcHtnfcnptjKoro41uWNm2YcQx2aCJDDTHzR85WiDKl"
,,,,,,,,,,,,,,,,,,,,"100064660003022","SM Cares","https://scontent-iad3-1.xx.fbcdn.net/v/t39.30808-1/292765981_5066856810079820_5189543536565243794_n.jpg?stp=cp0_dst-jpg_tt6&cstp=mx960x960&ctp=s40x40&_nc_cat=1&ccb=1-7&_nc_sid=2d3e12&_nc_ohc=rMYgMXwwf4AQ7kNvwE8L266&_nc_oc=AdrtDVXQuLTezi62oW2ZgxWAAsGiyUFNQVVWcMdIjUd2oGn0e3RJP43w9E-RP0Y7Xh8&_nc_zt=24&_nc_ht=scontent-iad3-1.xx&_nc_gid=PIe5ZxyzbIUx41V_ffa7hA&_nc_ss=7e2a8&oh=00_AQBexm8RDoQY9rUCIqwpa-weJoKXEWw7elt1LYWxmFc1TA&oe=6A5E8E53","https://www.facebook.com/OfficialSMCares","4","10160196699014555","Are you typhoon and flood-ready? Here's the Survival Minutes video on flood scenarios hosted by disaster management expert Dr. Ted Esguerra. 

“Survival Minutes” is in support of Dost_pagasa, NDRRMC, ARISE Philippines, and the United Nations Sustainable Development Goals, SDG 11: “Sustainable Cities and Communities” which aims to promote inclusive, safe, resilient, and sustainable cities.

#SMCares 
#SupportingCommunities
#ResilientSMSupermalls","5","13","4",,,,"22","0","1664095016000","https://www.facebook.com/smmegamall/posts/pfbid025x9gNWyAicsVAF5D3x4MF8o6ShnzeTzktcmazYDLTEABGu1PSPZMuG5q8ZPnuXDnl"
"No photo description available.","791217042011265","photo","https://www.facebook.com/photo.php?fbid=791217042011265&set=a.736813914118245&type=3","No photo description available.","791217072011262","photo","https://www.facebook.com/photo.php?fbid=791217072011262&set=a.736813914118245&type=3","No photo description available.","791217118677924","photo","https://www.facebook.com/photo.php?fbid=791217118677924&set=a.736813914118245&type=3","No photo description available.","791217172011252","photo","https://www.facebook.com/photo.php?fbid=791217172011252&set=a.736813914118245&type=3",,,,,"100033689305926","MatsaLa","https://scontent-iad6-1.xx.fbcdn.net/v/t39.30808-1/461257578_1227710321695266_7396971080154279512_n.jpg?stp=cp0_dst-jpg_tt6&cstp=mx960x960&ctp=s40x40&_nc_cat=100&ccb=1-7&_nc_sid=2d3e12&_nc_ohc=lNPhh7F7cqYQ7kNvwEvFTE4&_nc_oc=AdpZPLS5ND6x0A8u3F_uBpwjWL7fnsYNQ_GUXob6Z8Yjig-wqm4FaePhnepQhX07Pug&_nc_zt=24&_nc_ht=scontent-iad6-1.xx&_nc_gid=PIe5ZxyzbIUx41V_ffa7hA&_nc_ss=7e2a8&oh=00_AQAPlUg7S9uq4Ffgouqjl3HcsAIUnnVtGizYNZTF8JNRUw&oe=6A5E8962","https://www.facebook.com/profile.php?id=100033689305926","1","791217202011249","After our aerial inspection today, we found some areas that are still inundated with water. Nueva Ecija and Aurora are without power. We are sending gensets now.

But generally, the damage to public and private infrastructure is minimal. Government services are almost at full function.

Main road thoroughfares are passable, communication is up and running. #KardingPH

ctto: Bongbong Marcos  ♥",,"12",,"10","3",,"25","6","1664165414000","https://www.facebook.com/permalink.php?story_fbid=pfbid036W3E7i6JDDfvxYK8XRhevq2GJPvsKq4HovRuxhtsx1jxCaeZRgtrSTnkyeEQxCnSl&id=100033689305926"
"No photo description available.","123380410490786","photo","https://www.facebook.com/photo.php?fbid=123380410490786&set=a.114288848066609&type=3","No photo description available.","123380440490783","photo","https://www.facebook.com/photo.php?fbid=123380440490783&set=a.114288848066609&type=3","No photo description available.","123380467157447","photo","https://www.facebook.com/photo.php?fbid=123380467157447&set=a.114288848066609&type=3","No photo description available.","123380490490778","photo","https://www.facebook.com/photo.php?fbid=123380490490778&set=a.114288848066609&type=3","No photo description available.","123380517157442","photo","https://www.facebook.com/photo.php?fbid=123380517157442&set=a.114288848066609&type=3","100084564824056","Amaia Avida by Antonette De Guzman","https://scontent-iad6-1.xx.fbcdn.net/v/t39.30808-1/378966788_276618781833614_3940590320533928178_n.jpg?stp=cp0_dst-jpg_tt6&cstp=mx500x500&ctp=s40x40&_nc_cat=107&ccb=1-7&_nc_sid=2d3e12&_nc_ohc=sgx0YOBXFzUQ7kNvwEsQ9C9&_nc_oc=Adr36NvkzW4bn5ZCRYbVXcqAPCRrBNxlLeeYFdG568zYuC2DPPwjFZDczR4TPRnbJRA&_nc_zt=24&_nc_ht=scontent-iad6-1.xx&_nc_gid=PIe5ZxyzbIUx41V_ffa7hA&_nc_ss=7e2a8&oh=00_AQC6a8zOteRsA-UT0YVv4Bnw50hZwfPf4F3eS-CnDJUTBQ&oe=6A5E8626","https://www.facebook.com/antonettedeguzman.thepropertyvoyager","0","123379943824166","GOOD NEWS ‼️SA MGA NAUBUSAN DYAN AT GUSTO NG LIPAT AGAD ANG HANAP‼️
BAKA ITO NA ANG HINIHINTAY NYO‼️

2 RE-OPENED Ready For Occupancy Unit !! Paunahan nalang po! 

Pine Grove Residences
Brgy. San Isidro, Taytay Rizal 

-Walking distance to Siena College Taytay
-Elevated area
-Flood free 

Lot area: 45 sqm
Floor area: 78 sqm  

House features:
3 Bedroom
2 Toilet & Bath
1 Car Garage 

Total Contract Price: Php 4,795,440.00
Reservation fee: Php 20,000 

Terms:
TCP: 4,795,440.00
RF: 20,000.00
DP: 407,440.00 / 6months @67,906.67
Balance: 4,368,000.00

  
📲For Inquiries and Tripping Schedule
Call/Message me 🙂 
🙋 Antonette De Guzman
09564197334",,,,,,,"0","78","1664182031000","https://www.facebook.com/antonettedeguzman.thepropertyvoyager/posts/pfbid02Dyw1U8Z44Be6RxYa5Qj2Su9EHDqmyF2yaeqvt8HEaYeEttVQ1BbSjBjSHAyGH43Xl"
,,,,,,,,,,,,,,,,,,,,"100064660003022","SM Cares","https://scontent-iad3-1.xx.fbcdn.net/v/t39.30808-1/292765981_5066856810079820_5189543536565243794_n.jpg?stp=cp0_dst-jpg_tt6&cstp=mx960x960&ctp=s40x40&_nc_cat=1&ccb=1-7&_nc_sid=2d3e12&_nc_ohc=rMYgMXwwf4AQ7kNvwE8L266&_nc_oc=AdrtDVXQuLTezi62oW2ZgxWAAsGiyUFNQVVWcMdIjUd2oGn0e3RJP43w9E-RP0Y7Xh8&_nc_zt=24&_nc_ht=scontent-iad3-1.xx&_nc_gid=tWyoyMG55KmlzL9G0KLnJg&_nc_ss=7e2a8&oh=00_AQBpZvMqcnZUkpEJfPlbRGZeH-P0A0SPi2qHRcRIRGhiMg&oe=6A5E8E53","https://www.facebook.com/OfficialSMCares","0","5900685079970325","Are you typhoon and flood-ready? Here's the Survival Minutes video on flood scenarios hosted by disaster management expert Dr. Ted Esguerra. 

“Survival Minutes” is in support of Dost_pagasa, NDRRMC, ARISE Philippines, and the United Nations Sustainable Development Goals, SDG 11: “Sustainable Cities and Communities” which aims to promote inclusive, safe, resilient, and sustainable cities.

#SMCares 
#SupportingCommunities
#ResilientSMSupermalls",,"2",,,,,"2","0","1664095032000","https://www.facebook.com/smcenterpasig/posts/pfbid033KFnQo5dQhWfwT8u9uFvPKj9Ew2vud6TqPwndpJjnkHWXSTh5aeTTERRVeN57PApl"
"No photo description available.","790795965386706","photo","https://www.facebook.com/photo/?fbid=790795965386706&set=a.736813914118245",,,,,,,,,,,,,,,,,"100033689305926","MatsaLa","https://scontent-iad6-1.xx.fbcdn.net/v/t39.30808-1/461257578_1227710321695266_7396971080154279512_n.jpg?stp=cp0_dst-jpg_tt6&cstp=mx960x960&ctp=s40x40&_nc_cat=100&ccb=1-7&_nc_sid=2d3e12&_nc_ohc=lNPhh7F7cqYQ7kNvwEvFTE4&_nc_oc=AdpZPLS5ND6x0A8u3F_uBpwjWL7fnsYNQ_GUXob6Z8Yjig-wqm4FaePhnepQhX07Pug&_nc_zt=24&_nc_ht=scontent-iad6-1.xx&_nc_gid=tWyoyMG55KmlzL9G0KLnJg&_nc_ss=7e2a8&oh=00_AQCtKfFW8khS5JxkwgHlqYQAxab8MAxAlyUhW0w7ZbvNhQ&oe=6A5E8962","https://www.facebook.com/profile.php?id=100033689305926","0","790795985386704","Dear Pasiguenos
And to aLL fLood prone-area.. 
Makinig po tayo at makipag coordinate sa ating mga Brgy. 
🙏🙏🙏",,"12",,,,,"12","1","1664114923000","https://www.facebook.com/permalink.php?story_fbid=pfbid0pmbAFeBT7bR1Jd3FEnrxgXppc2vGGsFCtUjKgfKAsUVAycEh4mCJEgzJ61pBkgyml&id=100033689305926"
,"507130721244483","video",,,,,,,,,,,,,,,,,,"100063964696723","House Hunter- Your Ultimate Property Destination","https://scontent-iad6-1.xx.fbcdn.net/v/t39.30808-1/287887778_554461656338386_272898003567482005_n.jpg?stp=cp0_dst-jpg_tt6&cstp=mx1440x1440&ctp=s40x40&_nc_cat=106&ccb=1-7&_nc_sid=2d3e12&_nc_ohc=POv9KAO26OkQ7kNvwELMHyD&_nc_oc=AdqmvSNxQY5iHWLT3ToXfU8umEm71qEFfbrVit5AbHT6O99gcbgooHrhL7_YW3OlK2w&_nc_zt=24&_nc_ht=scontent-iad6-1.xx&_nc_gid=tWyoyMG55KmlzL9G0KLnJg&_nc_ss=7e2a8&oh=00_AQDANEZavSNTEUhwIPtzgbH_0WraHCsTuahmr2YMR05x5Q&oe=6A5EAE6D","https://www.facebook.com/ZonalREaltyYabes","0","626281839156367","💖BER- MONTHS NA!!! 
🌻🌻NAGIISIP Ka Ba kung ano ang IREREGALO sa KAPAMILYA KAPATID KAPUSO???
✅Ito ang Para Sa IYO at sa BUONG Pamilya..👨‍👨‍👧‍👧👨‍👨‍👧‍👧
✅SUPRESAHIN na SILA sA REGALONG
         HINDI HINDI KA MALULUGI💖💖💖
🌟INVEST YOUR MONEY... for your FUTURE SUCCESS 
🌟Quisao Farmville!!!
🌟No Downpayment
📣  Quisao Farm lot  Pillilia Rizal 🏡🏞️🍃
 Accessible and near national Road🫶😍🫰
Madali lang po itong Maubos Hindi  kayo magsisi!
Overlooking Laguna de bay 🏞️ 
Napaka Refreshing ng location Good for Investment and gawing Bakasyunan🏡🏘️🏠
Wag na pahuli!!!
🔰 QUISAO FARMVILLE🔰
✔️ TITLED
✔️ COMPLETE TURN OVER
✔️ AMENETIES YES MARON 
✔️ FLOOD FREE
✔️ AMAZING VIEW
DM ME GUYS FOR YOUR INVESTMENT 📩📩📩
FLORELI V YABES
0999 9636426",,,,,,,"0","1","1664168092000","https://www.facebook.com/ZonalREaltyYabes/videos/507130721244483/"
"No photo description available.","3241019232877790","photo","https://www.facebook.com/photo/?fbid=3241019232877790&set=a.611366081024224",,,,,,,,,,,,,,,,,"100064525129465","Leader News Philippines","https://scontent-iad3-2.xx.fbcdn.net/v/t39.30808-1/323894921_768348501350308_982816751568229083_n.jpg?stp=cp0_dst-jpg_tt6&cstp=mx837x837&ctp=s40x40&_nc_cat=105&ccb=1-7&_nc_sid=2d3e12&_nc_ohc=U4R5gCnTfcQQ7kNvwFFrFSo&_nc_oc=AdpocQPKax89EfVeOi-vdajlCbqCFl8JsMRimtoXVZ9NFeZwKrOJkhdaNSIXRCuM2GU&_nc_zt=24&_nc_ht=scontent-iad3-2.xx&_nc_gid=tWyoyMG55KmlzL9G0KLnJg&_nc_ss=7e2a8&oh=00_AQDhH985412Oh-TwqXuajXlJv9mItYXABXAHro0hUrHlKQ&oe=6A5EB26E","https://www.facebook.com/leadernews.ph","0","3241019266211120","MMDA Inspects Pumping Station, EFCOS After Karding Onslaught

Metropolitan Manila Development Authority Acting Chairman Engineer Carlo Dimayuga III inspected several locations vital in flood control and management across the region a day after super typhoon Karding hit Luzon, including Metro Manila.

Dimayuga inspected C-6 Taguig Pumping Station, Effective Flood Control Operation System (EFCOS) in Pasig, and the proposed location for a pumping station to be built at Tatalon/Araneta in Quezon City.

According to Dimayuga, floodgates operated as designed and diversion of floodwater in Laguna Lake helped in its immediate subsiding.

""Water from Marikina River didn't reach its spilling level because it was diverted to Laguna lake for temporary storage and then released to Manila Bay,"" Dimayuga said.

""Meanwhile, all the eight gates in EFCOS were operational and released 2400 cubic meters of water per second, all of which were released to Laguna lake. This benefitted residents of Marikina,"" he added.

Dimayuga also inspected Tatalon/Araneta where there is a proposed construction for a pumping station that is expected to address the frequent flooding in the area.

""We are modernizing and adding pumping stations as part of our flood mitigation interventions under the Metro Manila Flood Management Project aimed at improving flood management in NCR,"" he said.

The MMDA hoisted its red alert status since Sunday and has created Task Force Karding as it braced the effects of the super typhoon.

Dimayuga yesterday monitored the situation in various areas in Metro Manila at the agency's Metrobase Command Center to ensure that all roads were passable.

The agency has deployed its frontline personnel and emergency vehicles to assist those who were affected and conducted water rescue.

Dimayuga yesterday monitored the situation in various areas in Metro Manila at the agency's Metrobase Command Center to ensure that all roads were passable.

The agency has deployed its frontline personnel and emergency vehicles to assist those who were affected and conducted water rescue. -- MMDA Public Information Office

Like and share our page https://www.facebook.com/leadernews.ph/",,"4",,,,,"4","1","1664229274000","https://www.facebook.com/leadernews.ph/posts/pfbid0y4LFMnXMoLAGiyMp2zR3otmrCZZ1GUwZQXBhRZLbaPnFEsMyXbsKo7VnaR5rK2Dil"
"No photo description available.","1223880781801680","photo","https://www.facebook.com/photo.php?fbid=1223880781801680&set=gm.1826656974338639&type=3","No photo description available.","1223880838468341","photo","https://www.facebook.com/photo.php?fbid=1223880838468341&set=gm.1826656977671972&type=3","No photo description available.","1223880911801667","photo","https://www.facebook.com/photo.php?fbid=1223880911801667&set=gm.1826656984338638&type=3","No photo description available.","1223880948468330","photo","https://www.facebook.com/photo.php?fbid=1223880948468330&set=gm.1826656987671971&type=3","No photo description available.","1223881001801658","photo","https://www.facebook.com/photo.php?fbid=1223881001801658&set=gm.1826656991005304&type=3","100025393094356","CoachRevilo Lad Pa","https://scontent-iad6-1.xx.fbcdn.net/v/t39.30808-1/511838185_1878071099715975_2147102808051757813_n.jpg?stp=c54.0.418.418a_cp0_dst-jpg_tt6&cstp=mx418x418&ctp=s24x24&_nc_cat=100&ccb=1-7&_nc_sid=e99d92&_nc_ohc=4NHXDT4tpJ8Q7kNvwF8RpIw&_nc_oc=Adrua87bLEbGeC-7JN2rn4dQ9Tw8gugtrxOeNHka2JSZqEYJ6ZkiHz5vcy51-kekwPc&_nc_zt=24&_nc_ht=scontent-iad6-1.xx&_nc_gid=tWyoyMG55KmlzL9G0KLnJg&_nc_ss=7e2a8&oh=00_AQAO_GnE-o1R-9IeYfOPEXOV1zkEjLOnjdWtk5yOgI2mwg&oe=6A5EB5D3","https://www.facebook.com/djoliver.villacampo","0","1826656981005305","House & lot for sale
Price (2.6 Million)
Cash Payment only
40sqmters 
Floor area 80sqmters
3bedroom
2Comport room
With Parking 
Inside subdivition
Flood Free.
From barangay hall /7/11 3minutes
15minutes Going Sm Angono
15minutes going Save more Antipolo 
20minutes Save more binangonan 

Mahabang Parang Angono Rizal",,,,,,,"0","0","1664101210000","https://www.facebook.com/groups/598033063867709/permalink/1826656981005305/"
,,,,,,,,,,,,,,,,,,,,"100066291500027","Pasig City Public Information Office","https://scontent-iad3-2.xx.fbcdn.net/v/t39.30808-1/241304413_194220316131017_8817860418863376271_n.jpg?stp=c320.250.1429.1429a_cp0_dst-jpg_tt6&cstp=mx1429x1429&ctp=s40x40&_nc_cat=111&ccb=1-7&_nc_sid=2d3e12&_nc_ohc=i_9ty_nGnm0Q7kNvwEThftK&_nc_oc=AdqSxnHEBANWy1WG_gvWzV8nRltT7CJxPugAkeWrc8ODRO0YlI5kOHuH44hk7gPVMaI&_nc_zt=24&_nc_ht=scontent-iad3-2.xx&_nc_gid=tWyoyMG55KmlzL9G0KLnJg&_nc_ss=7e2a8&oh=00_AQBshwszmGgPwH6aqHH7J8l0FxLCt2SGLjz7ZtlC3wH3Og&oe=6A5E8D96","https://www.facebook.com/PasigPIO","0","494417482694157","Sharing flood safety tips to our fellow Pasigueños in preparation for #KardingPH. Mag-ingat po tayong lahat. 🙏🏽",,"1",,,,,"1","2","1664086713000","https://www.facebook.com/RVECSpecialtyClinicsPasig/posts/pfbid02xU9b58PjngE5uwzuipEJo7wdS38fdE1QVv5aZjJfs7PVGad47PyWdUEfLGaBK2NLl"
,"5794501893943557","video","https://www.facebook.com/SiKuyaChrisVlogz/videos/5794501893943557/",,,,,,,,,,,,,,,,,"638452877","Ranger National Rescue","https://scontent-iad3-1.xx.fbcdn.net/v/t39.30808-1/502149017_746169791082262_299076324611853881_n.jpg?stp=cp0_dst-jpg_tt6&cstp=mx720x720&ctp=s40x40&_nc_cat=104&ccb=1-7&_nc_sid=2d3e12&_nc_ohc=1BTRlC9jlYUQ7kNvwGR18ns&_nc_oc=AdrwU-wdf8O45_GUSqI3XlpUzFwPjWFNS8U4MMEAaygxi6lBNleqYqBsp5sli7IbvkE&_nc_zt=24&_nc_ht=scontent-iad3-1.xx&_nc_gid=jB0yHVo2zqKdyc6dnLpnHQ&_nc_ss=7e2a8&oh=00_AQD_Wbzlm4FyVvo9uwuzQ4ZwigCia3pIPfZyZtF5MGgaqg&oe=6A5EBAC4","https://www.facebook.com/profile.php?id=100070677447081","0","661457142210164","https://m.facebook.com/story.php?story_fbid=10160777569142878&id=638452877",,,,,,,"0","0","1664158564000","https://www.facebook.com/permalink.php?story_fbid=pfbid0MWzTVCGAyv8LFnd8qCwjLKSqjEPrXpLDMTdykaijsUNdNvUoBnK5R5EQrewVUdKpl&id=100070677447081"
,"786329019088067","video",,,,,,,,,,,,,,,,,,"100064897893985","OnePropertee","https://scontent-iad3-2.xx.fbcdn.net/v/t39.30808-1/348712637_696498259190098_7019981353039093879_n.png?stp=cp0_dst-png&cstp=mx942x942&ctp=s40x40&_nc_cat=103&ccb=1-7&_nc_sid=2d3e12&_nc_ohc=TgucoBIthXcQ7kNvwFwh_IB&_nc_oc=AdpuNCDlOxuU6FZqrsCWlb779-OT4n5l8bCvX4D3JkezcuzDr5E16kkT1M0lCKfTIXo&_nc_zt=24&_nc_ht=scontent-iad3-2.xx&_nc_gid=jB0yHVo2zqKdyc6dnLpnHQ&_nc_ss=7e2a8&oh=00_AQCGb56ADbmHdRXJuE0GJEjaiTnZ2Idwg7hyAVrtYQHyzQ&oe=6A5EAE74","https://www.facebook.com/onepropertee","1","1313894612742115","Comment down below to get more details about this property

150sqm Residential Lot for sale in Silang Cavite
Monthly Payment: ₱ 16,079
Lot Type: Residential
Lot Area in sqm: 150 sqm.

Contact seller here: https://1pt.ee/p/u/fb/yQgjbDYyz2Rhx9yxG

AFFORDABLE  LOT FOR SALE IN SILANG NEAR TAGAYTAY-870,000 only
🏡PWEDENG CASH PWEDENG HULUGAN😉
-Brgy. Paligawan,Silang,Cavite
NO REQUIRED INCOME NO INCOME DOCS!
2 VALID ID'S ONLY!!
""Pre Selling lots""
•15mins. driving going to Tagaytay proper
•15mins. driving going to Silang proper
•18mins  Acienda Mall
•18mins. Silang public market
Price list:
5,800 inner lot
6,200 corner lot
8,000 commercial lot
Lot area: 150sqm Minimum cut.
🌳Good for investment /Retirement
🌳Along paligawan road
🌳No flood history
🌳Accesible and affordable
🌳Accesible going to  Manila,Batangas and Laguna
🌳Peaceful Environment and Fresh air
🌳Flexible payment terms
🌳Province life near in the city❤️
🌳Two access road pwede po dumaan sa silang or sa tagaytay
*Ammenities*
•Parks and play ground
•Multi-purpose hall
•Basketball court
Features:
•Gate and Guard house
•Concrete perimeter fence
•Under ground drainage system
•Water system
•Electrical system
•Wide Concrete Roads  .
For more details or viewing sched please message :
Mark Kenneth Palacol
0947 572 5299

#LotsLandsAndFarmsSilangCavite #CaviteProperties #OnePropertee",,"3","2",,,,"5","0","1664159403000","https://www.facebook.com/onepropertee/videos/786329019088067/"
,"683840369256026","video","https://www.facebook.com/mhayan.pascual.2025/videos/683840369256026/?idorvanity=413500105762115","No photo description available.","161843599795895","photo","https://www.facebook.com/photo.php?fbid=161843599795895&set=gm.1524941554617959&type=3","No photo description available.","161843653129223","photo","https://www.facebook.com/photo.php?fbid=161843653129223&set=gm.1524941547951293&type=3","No photo description available.","161843689795886","photo","https://www.facebook.com/photo.php?fbid=161843689795886&set=gm.1524941567951291&type=3","No photo description available.","161843726462549","photo","https://www.facebook.com/photo.php?fbid=161843726462549&set=gm.1524941561284625&type=3","100079107673939","Mhayan Pascual","https://scontent-iad3-2.xx.fbcdn.net/v/t39.30808-1/744598096_1026544633325783_2409347461972257948_n.jpg?stp=cp0_dst-jpg_tt6&cstp=mx622x621&ctp=s24x24&_nc_cat=105&ccb=1-7&_nc_sid=e99d92&_nc_ohc=vyNm0UtkTDIQ7kNvwGhYsSC&_nc_oc=Adp4aubh7U3RI_eXO2otnLxOe416Yp29RAR6qGLA6I9wnJ5PV2thYk6AOZvOrS-4IU8&_nc_zt=24&_nc_ht=scontent-iad3-2.xx&_nc_gid=jB0yHVo2zqKdyc6dnLpnHQ&_nc_ss=7e2a8&oh=00_AQCr4sqJS1EJESgZBgL7nRsUUgEp9gxcAiA1wnihogmAyg&oe=6A5EAF86","https://www.facebook.com/mhayan.pascual.2025","3","1524941544617960","🏡 HOUSE AND LOT FOR SALE 🏡 
      Negotiable Price 💸👌

LOCATED @ Sunshine fiesta Subd. Phase 2 Brgy Tatala, Binangonan, Rizal.
LOT AREA: 46 SQM
FLOOR AREA: 42 SQM

👌 Fully paid na sa Pag-ibig 
📜 With Tittle Complete Papers
🏡 Walang Bahay sa Likuran
🌻 Tahimik ang Lugar at malinis
🌦 Flood Free
💰 Pwede mag down Muna.. Open for terms ang Balance depende sa pag uusap 😊

House Improvement:
Close na Kitchen and Toilet naka tiles & kisame..
With 1 Bedroom on the Second Floor provision for 2 Bedrooms with kisame. Gated with fence

Please DM for more details 📩
Direct sa may Ari ng bahay 😊",,,,,,,"0","0","1664192476000","https://www.facebook.com/groups/413500105762115/permalink/1524941544617960/"
"No photo description available.","128562299944750","photo","https://www.facebook.com/photo.php?fbid=128562299944750&set=a.120304137437233&type=3","No photo description available.","128562329944747","photo","https://www.facebook.com/photo.php?fbid=128562329944747&set=a.120304137437233&type=3","No photo description available.","128562359944744","photo","https://www.facebook.com/photo.php?fbid=128562359944744&set=a.120304137437233&type=3","No photo description available.","128562419944738","photo","https://www.facebook.com/photo.php?fbid=128562419944738&set=a.120304137437233&type=3","No photo description available.","128562446611402","photo","https://www.facebook.com/photo.php?fbid=128562446611402&set=a.120304137437233&type=3","100083729421916","Filinvest NCR East Condominiums","https://scontent-iad3-1.xx.fbcdn.net/v/t39.30808-1/302435408_121254134008900_9084592508719531949_n.jpg?stp=cp0_dst-jpg_tt6&cstp=mx662x661&ctp=s40x40&_nc_cat=110&ccb=1-7&_nc_sid=2d3e12&_nc_ohc=p7DBkpsHezEQ7kNvwHk-M7D&_nc_oc=Adq-LSP240NgiiyX5GB8NRQQRnuMGpJ_k_v_3u_LliMQ-jDV4RlTJXJN3eDL6wLPy70&_nc_zt=24&_nc_ht=scontent-iad3-1.xx&_nc_gid=jB0yHVo2zqKdyc6dnLpnHQ&_nc_ss=7e2a8&oh=00_AQC6BS7wXl5BGRshGj5oyMjiCt9M895sU8xTPbSN_ndXHg&oe=6A5E9D97","https://www.facebook.com/Filinvestprojectsbyocb","1","128560613278252","🎊 2 𝘽𝙚𝙙𝙧𝙤𝙤𝙢 𝙬𝙞𝙩𝙝 𝘽𝙖𝙡𝙘𝙤𝙣𝙮❗

📌RENT TO OWN CONDO📌

✅here at exclusive and highly demand project of Filinvest Land Inc. 𝗦𝗢𝗥𝗥𝗘𝗡𝗧𝗢 𝗢𝗔𝗦𝗜𝗦 
C. 𝙍𝙖𝙮𝙢𝙪𝙣𝙙𝙤 𝘼𝙫𝙚, 𝙍𝙤𝙨𝙖𝙧𝙞𝙤 𝙋𝙖𝙨𝙞𝙜 𝘾𝙞𝙩𝙮! 

✅2BR WITH BALCONY
✅AS LOW AS 13K to 17k DP

📌Low Density
📌Resort-Inspired Amenitiest
📌Perpetual Ownership (with title)
📌FLOOD FREE

📌AVAILABLE UNIT
✅Pre -Selling and RFO UNIT
✅2 BEDROOM With BALCONY
✅36 SQM

📌AMENITIES:
✅Swimming pool
✅Gym
✅Basketball Court
✅Tennis Court
✅Clubhouse
✅Children's park

📌VERY ACCESSIBLE
✅Eastwood
✅Makati

✅Ortigas
✅Medical City
✅SM Megamall
✅BGC
✅Greenhills

📌 𝗢𝗧𝗛𝗘𝗥 𝗣𝗥𝗢𝗝𝗘𝗖𝗧𝗦 👇

🏙️One Oasis in Pasig (RFO)
🌆 Futura East In Cainta Rizal (PRESELLING)
🏩 Capri Oasis in Pasig (RFO)
🌁 Bali Oasis in Marcos Hiway Pasig (RFO)
🏢 Panglao Oasis in Taguig with (PRESELLING)

☎️𝙁𝙤𝙧 𝙎𝙞𝙩𝙚 𝙫𝙞𝙚𝙬𝙞𝙣𝙜, 𝘾𝙤𝙢𝙥𝙪𝙩𝙖𝙩𝙞𝙤𝙣, 𝙍𝙚𝙨𝙚𝙧𝙫𝙖𝙩𝙞𝙤𝙣,
𝙖𝙣𝙙 𝙤𝙩𝙝𝙚𝙧 𝙙𝙚𝙩𝙖𝙞𝙡𝙨, Please Message us.

INQUIRE NOW❣️
💌0926-639-2013

#sorrentooasis #filinvestlandinc #affordable #condo #RFO #preselling #accessible #realestate #property #investor #condoforsale",,"2",,,,,"2","0","1664208474000","https://www.facebook.com/Filinvestprojectsbyocb/posts/pfbid0ByWpsJuTqzjQsesiZ8CkBTQ38NxiR6feispr5NTGjUyynaqVc6Jux9sW6kJd9z2ql"
"No photo description available.","557569372835819","photo","https://www.facebook.com/photo/?fbid=557569372835819&set=a.458620356064055",,,,,,,,,,,,,,,,,"100057482827824","Hyundai Bacoor - Pau Arciaga","https://scontent-iad3-1.xx.fbcdn.net/v/t39.30808-1/735608796_1495104762415604_2521643642734877699_n.jpg?stp=cp6_dst-jpg_tt6&cstp=mx843x843&ctp=s40x40&_nc_cat=110&ccb=1-7&_nc_sid=2d3e12&_nc_ohc=YLOW63SyxhIQ7kNvwEJMIIH&_nc_oc=AdrxSa0i6unmKq2sYXViODuzUO23Xhsaoe-VqbuQDR5M6XrscdoGDaia1xlSpGi5nuc&_nc_zt=24&_nc_ht=scontent-iad3-1.xx&_nc_gid=jB0yHVo2zqKdyc6dnLpnHQ&_nc_ss=7e2a8&oh=00_AQBrktWOS7kYUHzgFKPxBQ66dM4ldDEbrD43HFwn27ofkQ&oe=6A5EBB21","https://www.facebook.com/hyundaibacoorpauarciaga","0","557569429502480","Flooded Car? Here's what to do:

1. Immediately disconnect the negative cable of your car battery to avoid any possible short circuit. This is also to protect the ECU or computer box from damage.

2. Do not start the engine. Try to push the car out to higher ground or try jacking it with the car jack.

3. Disengage and release the parking brake. Keep the transmission in 1st gear (for manual transmission) or ""P"" (for automatic transmission) to prevent the brake canvas from sticking. This is even more important for cars that use drum brakes.

4. Take plenty of photos both inside and outside the car to document any damage or how deep the car was underwater. This will be useful for both the Insurance and/or Professional Mechanic to determine the extent of the damage.

5. Wait at least 24 hours before you do anything to the vehicle, giving it time to drain, if not completely dry out.

6. If the water got so deep that the dashboard was covered, do not try to start it at all. If any liquid is in the cylinders it will cause damage to the engine. Most of the electronics in the car would have been submerged at this depth, as well.

7. If you don’t think the water got that high, it’s still best to take a look at the oil dipstick to see if there are any traces of water in the lubrication system. If so, assume the engine is flooded and don’t try to start it.

8. You’re in better shape if the water stayed below the center line of your wheels. Nevertheless, let the interior air out as much as possible before trying to start it, taking out the floor mats, trunk mat and even the seats. Much of the wiring and some of the computers in today’s cars are located under the carpet and console box, so even if the engine compartment was not inundated, you could still experience faults to secondary systems.

9. When in doubt, either have your vehicle towed to your trusted service center or call your professional mechanic/electrician for a more thorough inspection and assessment.

#GACcares",,"2",,,,,"2","1","1664158188000","https://www.facebook.com/hyundaibacoorpauarciaga/posts/pfbid02o7hfFEz4jdt7LXfqE4cDJFNZKRFb8rVTzwS6ZPoswmYPEndZxQMBQbFPDaXRhQNml"
"No photo description available.","6044646545550353","photo","https://www.facebook.com/photo/?fbid=6044646545550353&set=gm.1550850672022970&idorvanity=653386991769347",,,,,,,,,,,,,,,,,"100000152018078","Darrel Tulalian","https://scontent-iad3-2.xx.fbcdn.net/v/t39.30808-1/357533845_6970890372925961_4992781511563643181_n.jpg?stp=cp0_dst-jpg_tt6&cstp=mx840x844&ctp=s24x24&_nc_cat=111&ccb=1-7&_nc_sid=e99d92&_nc_ohc=UMhDY1LWmVYQ7kNvwH5oUkN&_nc_oc=AdoyN0PMd2Pofnep16-Ffv6s5XdjwAICsSFyMJyUcUiUy9huP50MOE8anm5EvN7R9XU&_nc_zt=24&_nc_ht=scontent-iad3-2.xx&_nc_gid=jB0yHVo2zqKdyc6dnLpnHQ&_nc_ss=7e2a8&oh=00_AQD6BIiBS7PfTG1PF2KfwZjBs40VV7M2b3g4g8xSHFpaaA&oe=6A5EA608","https://www.facebook.com/darrel.tulalian","10","1550850672022970","Nangangamba ka ba para sa iyong pamilya ngaung malakas ulan? 
kuha na ng bahay sa LAGUNA, affordable na & flood free pa 😍

PM me how :)",,"8","1",,,,"9","1","1664109548000","https://www.facebook.com/groups/pateros.metro.manila/permalink/1550850672022970/"
,,,,,,,,,,,,,,,,,,,,"100068909692173","Pagasa Nationalcapitalregionprsd","https://scontent-iad6-1.xx.fbcdn.net/v/t1.6435-1/117890349_325012645508210_7691668635129397714_n.jpg?stp=cp0_dst-jpg_tt6&cstp=mx960x960&ctp=s24x24&_nc_cat=109&ccb=1-7&_nc_sid=e99d92&_nc_ohc=nzJFNRcbOIIQ7kNvwG2pwsb&_nc_oc=Adow7dOmw88Z00T88Drw4VZs8TlfQqI2if6SkuDNYPJvePkwtaZHJzuf0N6-CxPv2Tk&_nc_zt=24&_nc_ht=scontent-iad6-1.xx&_nc_gid=HXjvdqBVYgH-EXD9RaZn1Q&_nc_ss=7e2a8&oh=00_AQDHgtt1l1hOUcHao7u2bSh-qC-U1GvWMziAQIxVeQRJqQ&oe=6A8042E1","https://www.facebook.com/pagasa.nationalcapitalregion","0","408673324772987","Heavy Rainfall Warning No. 3A  #NCR_PRSD
Weather System: Typhoon KARDING
Issued at: 9:36 PM,25 September 2022

Red Warning: #MetroManila, #Bulacan, #Rizal(Rodriguez, SanMateo, Antipolo, Cainta), #NuevaEcija(GeneralTinio, Gapan, Penaranda, SanLeonardo, SanIsidro, Cabiao, Jaen, SanAntonio).
Associated Hazard: Serious FLOODING in flood-prone areas

Orange Warning: #Rizal(Tanay, Baras, Teresa, Taytay, Angono, Binangonan, Cardona, JalaJala, Pililla, Morong), #NuevaEcija(Bongabon, Rizal, GeneralMamertoNatividad, Laur, Palayan, Cabanatuan, Aliaga, SantaRosa, Talavera, SantoDomingo, SanJose, Licab, Zaragoza, Guimba, Munoz, Talugtug, Lupao, Llanera, Pantabangan, Carranglan, Gabaldon, Cuyapo, Nampicuan, Quezon), #Quezon(GeneralNakar, Infanta, Real, Mauban, Sampaloc, Lucban, Tayabas, Lucena, Sariaya, Candelaria, Dolores, Tiaong, SanAntonio, Pagbilao, Atimonan), #Pampanga, #Cavite.
Associated Hazard: FLOODING is still THREATENING

Yellow Warning: Tarlac, #Zambales, #Bataan, #Laguna, #Batangas.
Associated Hazard: FLOODING in flood-prone areas

Meanwhile, Light to moderate with occasional heavy rains affecting the rest of Quezon which may persist within 3 hours.
.

The public and the Disaster Risk Reduction and Management Offices concerned are advised to MONITOR the weather condition and watch for the next advisory to be issued at 1:00 AM Tomorrow.

For more information and queries, please call telephone numbers 8922-1992 and 8927-1335 or log on to bagong.pagasa.dost.gov.ph.",,"2",,,,,"2","3","1664113419000","https://www.facebook.com/civildefensencr/posts/pfbid0mifkg5sTKRWYXz2tGp32UVMBensqFz7A1QHfJ5jaSbLPa86j1ewmXdfp6xvySnLTl"
,"5860287783982544","video","https://www.facebook.com/mhayan.pascual.2025/videos/5860287783982544/?idorvanity=814519768916371","No photo description available.","161827863130802","photo","https://www.facebook.com/photo.php?fbid=161827863130802&set=gm.1756763324692006&type=3","No photo description available.","161827896464132","photo","https://www.facebook.com/photo.php?fbid=161827896464132&set=gm.1756763328025339&type=3","No photo description available.","161827929797462","photo","https://www.facebook.com/photo.php?fbid=161827929797462&set=gm.1756763338025338&type=3","No photo description available.","161827983130790","photo","https://www.facebook.com/photo.php?fbid=161827983130790&set=gm.1756763341358671&type=3","100079107673939","Mhayan Pascual","https://scontent-iad3-2.xx.fbcdn.net/v/t39.30808-1/744598096_1026544633325783_2409347461972257948_n.jpg?stp=cp0_dst-jpg_tt6&cstp=mx622x621&ctp=s24x24&_nc_cat=105&ccb=1-7&_nc_sid=e99d92&_nc_ohc=vyNm0UtkTDIQ7kNvwGhYsSC&_nc_oc=Adp4aubh7U3RI_eXO2otnLxOe416Yp29RAR6qGLA6I9wnJ5PV2thYk6AOZvOrS-4IU8&_nc_zt=24&_nc_ht=scontent-iad3-2.xx&_nc_gid=HXjvdqBVYgH-EXD9RaZn1Q&_nc_ss=7e2a8&oh=00_AQD5Yiki9ixbIdQIy7ZfePb0OhmFP5Jx_-jyEqEbthADew&oe=6A5EAF86","https://www.facebook.com/mhayan.pascual.2025","0","1756763361358669","🏡 HOUSE AND LOT FOR SALE 🏡 
      Negotiable Price 💸👌

LOCATED @ Sunshine fiesta Subd. Phase 2 Brgy Tatala, Binangonan, Rizal.
LOT AREA: 46 SQM
FLOOR AREA: 42 SQM

👌 Fully paid na sa Pag-ibig 
📜 With Tittle Complete Papers
🏡 Walang Bahay sa Likuran
🌻 Tahimik ang Lugar at malinis
🌦 Flood Free
💰 Pwede mag down Muna.. Open for terms ang Balance depende sa pag uusap 😊

House Improvement:
Close na Kitchen and Toilet naka tiles & kisame..
With 1 Bedroom on the Second Floor provision for 2 Bedrooms with kisame. Gated with fence

Please DM for more details 📩
Direct sa may Ari ng bahay 😊",,,,,,,"0","0","1664191307000","https://www.facebook.com/groups/814519768916371/permalink/1756763361358669/"
"No photo description available.","401112022192616","photo","https://www.facebook.com/photo/?fbid=401112022192616&set=a.164764055827415",,,,,,,,,,,,,,,,,"100068814656169","Sulong Santoleño","https://scontent-iad3-2.xx.fbcdn.net/v/t39.30808-1/434186933_722973250006490_4927899076841196144_n.jpg?stp=cp0_dst-jpg_tt6&cstp=mx1000x1000&ctp=s40x40&_nc_cat=105&ccb=1-7&_nc_sid=2d3e12&_nc_ohc=CqCRfZRuyCIQ7kNvwGLYrEN&_nc_oc=Adoz0n3k_pzHUv6oPLU8zodEX69BJkuogSeu_mAsO44dCzdsW9lwff2AKL5aTrOFtD4&_nc_zt=24&_nc_ht=scontent-iad3-2.xx&_nc_gid=HXjvdqBVYgH-EXD9RaZn1Q&_nc_ss=7e2a8&oh=00_AQC8evTjo9g-9L_42wj_FwbhQVNnVjLrtyry-wS1gnHR3A&oe=6A5EAFE3","https://www.facebook.com/SantolanOfficialPage","3","401112045525947","Kasalukuyang nakataas ang Tropical Cyclone Wind Signal (TWCS) No. 3 sa Metro Manila kaugnay ng Super Typhoon #KardingPH

Narito ang ilang Flood Safety Tips na dapat tandaan at sundin bago, habang, at pagkatapos bumaha dala ng bagyo.

IN CASE OF EMERGENCY PLEASE CALL 
8643-0000  (PASIG COMMAND CENTER)
8682-1019  (SANTOLAN FIRE STATION)

Maraming salamat po sa Pasig City Public Information Office.",,"40","6","1","5",,"52","8","1664086162000","https://www.facebook.com/SantolanOfficialPage/posts/pfbid02msWneWk8vaMLXJJFBDKxcKeXLCG4pWHXzaEfDScjC7P5YWebrn62jzaT67NetTQTl"
"No photo description available.","1543250936123005","photo","https://www.facebook.com/photo/?fbid=1543250936123005&set=gm.1757594227945634&idorvanity=566514060386996",,,,,,,,,,,,,,,,,"100013143401339","Efer Logmao","https://scontent-iad6-1.xx.fbcdn.net/v/t39.30808-1/571173383_2322367378211353_470334413152424180_n.jpg?stp=cp6_dst-jpg_tt6&cstp=mx647x646&ctp=s24x24&_nc_cat=109&ccb=1-7&_nc_sid=1d2534&_nc_ohc=NzaG4m5lzM4Q7kNvwEUbYqp&_nc_oc=Adq9mRx5rIyEnpPHJ1RO6fEelfIXDE8LtpH6CghBdgL6s7Jhnyq34e5DTAMg7P9T6r0&_nc_zt=24&_nc_ht=scontent-iad6-1.xx&_nc_gid=HXjvdqBVYgH-EXD9RaZn1Q&_nc_ss=7e2a8&oh=00_AQCp-oDB86z5okRI9WyUN54uOXsitSdJpsVe_3mShDYE9Q&oe=6A5EA436","https://www.facebook.com/eferl14","5","1757594227945634","‼️Affordable space For RENT
✅️ Flood free Loc in Batasan Hills
✅️ Loft type
✅️ Own CR
✅️ Own sink
✅️ Sub meter water and Meralco
✅️ WIFI access additional 500 pesos only per month
✅️ Beside Laundry shop

⚠️DM me for inquiries
Phone 09152865161, 09696199343",,"1",,,,,"1","0","1664183781000","https://www.facebook.com/groups/566514060386996/permalink/1757594227945634/"
,"2072178636300360","video","https://www.facebook.com/mhayan.pascual.2025/videos/2072178636300360/?idorvanity=413500105762115","No photo description available.","161616273151961","photo","https://www.facebook.com/photo.php?fbid=161616273151961&set=gm.1524080714704043&type=3","No photo description available.","161616306485291","photo","https://www.facebook.com/photo.php?fbid=161616306485291&set=gm.1524080708037377&type=3","No photo description available.","161616346485287","photo","https://www.facebook.com/photo.php?fbid=161616346485287&set=gm.1524080704704044&type=3","No photo description available.","161616379818617","photo","https://www.facebook.com/photo.php?fbid=161616379818617&set=gm.1524080721370709&type=3","100079107673939","Mhayan Pascual","https://scontent-iad3-2.xx.fbcdn.net/v/t39.30808-1/744598096_1026544633325783_2409347461972257948_n.jpg?stp=cp0_dst-jpg_tt6&cstp=mx622x621&ctp=s24x24&_nc_cat=105&ccb=1-7&_nc_sid=e99d92&_nc_ohc=vyNm0UtkTDIQ7kNvwGhYsSC&_nc_oc=Adp4aubh7U3RI_eXO2otnLxOe416Yp29RAR6qGLA6I9wnJ5PV2thYk6AOZvOrS-4IU8&_nc_zt=24&_nc_ht=scontent-iad3-2.xx&_nc_gid=HXjvdqBVYgH-EXD9RaZn1Q&_nc_ss=7e2a8&oh=00_AQD5Yiki9ixbIdQIy7ZfePb0OhmFP5Jx_-jyEqEbthADew&oe=6A5EAF86","https://www.facebook.com/mhayan.pascual.2025","0","1524080698037378","🏡 HOUSE AND LOT FOR SALE 🏡 
      Negotiable Price 💸👌

LOCATED @ Sunshine fiesta Subd. Phase 2 Brgy Tatala, Binangonan, Rizal.
LOT AREA: 46 SQM
FLOOR AREA: 42 SQM

👌 Fully paid na sa Pag-ibig 
📜 With Tittle Complete Papers
🏡 Walang Bahay sa Likuran
🌻 Tahimik ang Lugar at malinis
🌦 Flood Free
💰 Pwede mag down Muna.. Open for terms ang Balance depende sa pag uusap 😊

House Improvement:
Close na Kitchen and Toilet naka tiles & kisame..
With 1 Bedroom on the Second Floor provision for 2 Bedrooms with kisame. Gated with fence

Please DM for more details 📩
Direct sa may Ari ng bahay 😊",,,,,,,"0","0","1664098610000","https://www.facebook.com/groups/413500105762115/permalink/1524080698037378/"
"No photo description available.","460044252809937","photo","https://www.facebook.com/photo.php?fbid=460044252809937&set=a.412065900941106&type=3","No photo description available.","460044276143268","photo","https://www.facebook.com/photo.php?fbid=460044276143268&set=a.412065900941106&type=3","No photo description available.","460044269476602","photo","https://www.facebook.com/photo.php?fbid=460044269476602&set=a.412065900941106&type=3","No photo description available.","460044272809935","photo","https://www.facebook.com/photo.php?fbid=460044272809935&set=a.412065900941106&type=3","No photo description available.","460044262809936","photo","https://www.facebook.com/photo.php?fbid=460044262809936&set=a.412065900941106&type=3","100064130975646","Sandrel Barra - PH","https://scontent-iad3-2.xx.fbcdn.net/v/t39.30808-1/514519637_1123901353090887_6966645960656879770_n.jpg?stp=c0.48.1617.1617a_cp0_dst-jpg_tt6&cstp=mx1617x1617&ctp=s40x40&_nc_cat=105&ccb=1-7&_nc_sid=2d3e12&_nc_ohc=SE_HetVj888Q7kNvwGL6nRm&_nc_oc=AdpS-ms5UlFt99nNzIohLyZKM6nKyBcLZT2kKlT6h5gMdMqjiC7NLe2dhbvj0SKe-8c&_nc_zt=24&_nc_ht=scontent-iad3-2.xx&_nc_gid=HXjvdqBVYgH-EXD9RaZn1Q&_nc_ss=7e2a8&oh=00_AQAxJcv2o52Fa-Ou82l_rEcx2fxoRpQ9N7LdPFRrFjJAHg&oe=6A5EBBDF","https://www.facebook.com/sandrelbarra","3","460044382809924","LOOKING FOR A HOUSE AND LOT WITH EXCELLENT LOCATION???

📣TABI NG HIGHWAY, WALKING DISTANCE SA SM ANGONO, MATAAS 100% FLOOD FREE, OVERLOOKING! 

📣LOW MONTHLY DOWNPAYMENT! PINAGAAN PARA SA MGA GUSTO AT NAGSISIMULANG MAGKABAHAY

Location: 
📍1 minute away from SM Angono (WALKING DISTANCE)
📍10 mins away from Taytay Tiangge
📍18 mins away from Tikling (Cainta)
📍18 mins away from Highway 2000
📍20 mins away from C6 Taguig
📍20 mins away from Manggahan Floodway
📍40 mins away from Ortigas Center
📍45 mins away from BGC Taguig

Features: 
✅ Single Attached Units
✅ Townhouse Units
✅ 3 Bedrooms
✅ 1 Car Garage
✅ Finish/Complete Turnover
✅ Thru Bank Financing

Contact us for tripping and reservation:
Sandrel Barra
0945-308-2687

#realestate#realestateagent #realestateinvestor#realestatelife #realestateinvesting#realestatemarketing #realestateagents #realestatesales #realestateforsale #realestateexperts #realestateinvestment#realestatenews #realestatedevelopment#realestatetips #realestategoals#realestatemarket #realestatebrokers",,"3",,,,,"3","0","1664082005000","https://www.facebook.com/sandrelbarra/posts/pfbid0LWg2WCsd5JG64fBXZaLeZHEnftiSJMjvxr4iRQse5JDw3KvAdYYMcHrCkXA5FvBCl"
"No photo description available.","103455305872551","photo","https://www.facebook.com/photo.php?fbid=103455305872551&set=gm.1044736609549962&type=3","No photo description available.","103455215872560","photo","https://www.facebook.com/photo.php?fbid=103455215872560&set=gm.1044736616216628&type=3","No photo description available.","103455302539218","photo","https://www.facebook.com/photo.php?fbid=103455302539218&set=gm.1044736622883294&type=3","No photo description available.","103455309205884","photo","https://www.facebook.com/photo.php?fbid=103455309205884&set=gm.1044736606216629&type=3","No photo description available.","103455225872559","photo","https://www.facebook.com/photo.php?fbid=103455225872559&set=gm.1044736619549961&type=3","100086242449713","Murang hulugang lupa","https://scontent-iad3-2.xx.fbcdn.net/v/t39.30808-1/307699041_1491411704655783_6039249678136968573_n.jpg?stp=cp0_dst-jpg_tt6&cstp=mx1080x1080&ctp=s24x24&_nc_cat=111&ccb=1-7&_nc_sid=2d3e12&_nc_ohc=IJdPUoi249AQ7kNvwFri-Va&_nc_oc=AdpdxTcSbXHIGqZK9wCnJRcGYMkEGJ78OxHBjzaw_vAgCOI0_aBfft3PtuHjxgHwjyU&_nc_zt=24&_nc_ht=scontent-iad3-2.xx&_nc_gid=iYQ0-VGOYe4s6AqdUc991Q&_nc_ss=7e2a8&oh=00_AQD1XJSmd8rZ8KkU3f8RzPMdK0VISjN2XmuW9WiwgKLM0A&oe=6A5E8913","https://www.facebook.com/profile.php?id=100086242449713","3","1044736599549963","HINDE BINABAHA AT LIPAT AGAD 

BAKA ITO NA ANG HINIHINTAY NYO‼️

2 RE-OPENED Ready For Occupancy Unit !! 
Paunahan nalang po! 

Pine Grove Residences
Brgy. San Isidro, Taytay Rizal 

-Walking distance to Siena College Taytay
-Elevated area
-Flood free 

Lot area: 40.00 sqm
Floor area: 72.10sqm  

House features:
3 Bedroom
2 Toilet & Bath
1 Car Garage 

Total Contract Price: Php 4,279,856.00
Reservation fee: Php 20,000 

Terms:
TCP: Php 4,279,856.00
DP: Php 337,616.00 payable in 6months - Php 56,269.33 
Bank Financing
Monthly amortization:
20 years @ 6.5% - 29,243.16 / monthly 
  
☎TARA USAP TAYO📞

📩 SEND ME a MESSAGE 📬
🌳 RESERVE YOUR DREAM🌴UNIT NOW😊",,"1",,,,,"1","1","1664168134000","https://www.facebook.com/groups/945960266094264/permalink/1044736599549963/"
,"1128005808139647","video","https://www.facebook.com/AffordabeCondo.ph/videos/1128005808139647/",,"493116252396047","video","https://www.facebook.com/AffordabeCondo.ph/videos/493116252396047/",,,,,,,,,,,,,"100085268287026","Agent Jocelyn - Urban Deca Home Ortigas","https://scontent-iad6-1.xx.fbcdn.net/v/t39.30808-1/380494856_275253895326885_8027712714598204632_n.jpg?stp=cp0_dst-jpg_tt6&cstp=mx716x712&ctp=s40x40&_nc_cat=107&ccb=1-7&_nc_sid=2d3e12&_nc_ohc=0UGgSN3mJLMQ7kNvwFxIUJa&_nc_oc=Adqi6aoNw89N0ctryiygPhcA31Z7s4tBd6DTbVmcwt1p8kXFnOPkjwD2bwggXcnCNxU&_nc_zt=24&_nc_ht=scontent-iad6-1.xx&_nc_gid=iYQ0-VGOYe4s6AqdUc991Q&_nc_ss=7e2a8&oh=00_AQB-m96ZkfwR7jTDRyoV3doIx6jjCOJ4ZCo6sDbA-3CFJg&oe=6A5E8C60","https://www.facebook.com/AffordabeCondo.ph","0","117528121094937","P10,000 DP ONLY!! Starts at 18k monthly amortization 🏡 RFO CONDO 30.6 to 35.57sqm

PRICE INCREASE Oct 1 - Reserve now to preserve the price!

✅ FREE PAGIBIG ASSISTANCE
✅ WALKING DISTANCE TO SM
✅ MAY SARILING COMMUNITY MALL
✅ FLOOD FREE
✅ FAULT LINE FREE
✅ EASY TO RESERVE

Location: Ortigas walking distance sa Sm East Ortigas

FOR VIEWING, PM IS THE KEY 🔑

Ms. Jocelyn A. Balasta
09153875649
balastajocelyn72@gmail.com",,"1",,,,,"1","5","1664103578000","https://www.facebook.com/AffordabeCondo.ph/posts/pfbid02LBfpRieg75UKQgHAzyY2hhBvyu42uZL5FFraRAVaXStRPAiXgbXy26dHmtvcfC4xl"
,,,,,,,,,,,,,,,,,,,,"100067355105098","NewsWatch Plus Philippines","https://scontent-iad3-1.xx.fbcdn.net/v/t39.30808-1/456609439_881388207449675_1632337810924285418_n.jpg?stp=c64.64.1072.1072a_cp0_dst-jpg_tt6&cstp=mx1072x1072&ctp=s40x40&_nc_cat=1&ccb=1-7&_nc_sid=2d3e12&_nc_ohc=XXCL4ducTFQQ7kNvwE4eUBH&_nc_oc=Adp2qLJ3WE-68sO1YLwzGYEZsjx_Ph57IlGF-gBK4FIkjj1Ppwf6ORpz0tFEhTqTd5U&_nc_zt=24&_nc_ht=scontent-iad3-1.xx&_nc_gid=iYQ0-VGOYe4s6AqdUc991Q&_nc_ss=7e2a8&oh=00_AQBjrFgYJL4o6jrkjTJxwgBhji3rU15bnp1_vvr05gqQOw&oe=6A5E9618","https://www.facebook.com/NewsWatchPlusPH","0","413556820899009","Kailangan may linisin, kasi marami din ang nagkalat ☺️",,"1",,,,,"1","0","1664163204000","https://www.facebook.com/permalink.php?story_fbid=pfbid02YSQgHSpr6YML2UCjrVzbd1NWKh3whfez5EJAKfKkbCp6xLtdfabdzQzxr4FYxKiml&id=100067340821633"
,,,,,,,,,,,,,,,,,,,,"100063795378583","Eu-an home & office items","https://scontent-iad6-1.xx.fbcdn.net/v/t39.30808-1/312340736_521873476615827_1014444991241199978_n.jpg?stp=c9.0.655.655a_cp0_dst-jpg_tt6&cstp=mx655x655&ctp=s40x40&_nc_cat=100&ccb=1-7&_nc_sid=2d3e12&_nc_ohc=Yf3QOiIumWcQ7kNvwHNrL5U&_nc_oc=AdqPSN67JVkzwqcYwq69FFeNwtRDbJZ2w7vRUtXSAop5qdkw_1zeUSEQ-pnmQSj8a9E&_nc_zt=24&_nc_ht=scontent-iad6-1.xx&_nc_gid=iYQ0-VGOYe4s6AqdUc991Q&_nc_ss=7e2a8&oh=00_AQBDpjLkOSclrOVHobKbRNwTLh-I73bHZjTbU5bYkPmL_Q&oe=6A5EA394","https://www.facebook.com/angelassorteditems","0","498255175644324","Good Morning!

Please bear with us while we prepare to serve you today as our items have to be evacuated to higher ground due to the emerging flood.

Thanks be to God that no harm came to each and everyone of us during the super typhoon.

Thank you for your kind understanding.",,"2",,,,,"2","0","1664162683000","https://www.facebook.com/angelassorteditems/posts/pfbid0j7CGADh9WXz2vL9QMQWrK4jyZureaV9CbRTvoWWmdDXEYjybjwKzJfszXHBaRwynl"
"No photo description available.","458501286311030","photo","https://www.facebook.com/photo/?fbid=458501286311030&set=a.457109896450169",,,,,,,,,,,,,,,,,"100064534882374","Pasig City - Muslim Consultative Council","https://scontent-iad3-1.xx.fbcdn.net/v/t39.30808-1/428638195_776863191141503_5748627700206867133_n.jpg?stp=cp0_dst-jpg_tt6&cstp=mx960x960&ctp=s40x40&_nc_cat=110&ccb=1-7&_nc_sid=2d3e12&_nc_ohc=7_Wu9zstcjIQ7kNvwFuke5E&_nc_oc=Adr-ED7UEAXpaPFaJp3y6cl7bjQ0capaUExYibnMn4NYSSrjZenN-3CseOQ4XWSjuic&_nc_zt=24&_nc_ht=scontent-iad3-1.xx&_nc_gid=iYQ0-VGOYe4s6AqdUc991Q&_nc_ss=7e2a8&oh=00_AQB-ocbXSRP3mOfa6XBDGigSIgVPbYPrGK6REKAegyw66g&oe=6A5EA7E9","https://www.facebook.com/MCC.PasigCity","0","458501302977695","🚨 DOST-PAG ASA forcast 2:00 AM, SEPTEMBER 26, 2022
🌀 SIGNAL #2 SA NCR (included Pasig City)

Ibinaba na sa Signal #2 ang Tropical Cyclone Wind Signal sa Metro Manila kabilang ang Lungsod ng Pasig, ayon sa inilabas na Forecast ng Dost_pagasa as of 2:00 AM, SEPTEMBER 26, 2022. Inaasahan na unti unting hihina ang Hampas ng Hangin sa ating Lugar, ngunit may moderate to Heavy na pag ulan, Inaasahan na ibababa pa ang Cyclone Wind Signal sa Metro Manila sa mga susunod na oras habang papalayo ang bagyong #KardingPH 🌀

Ibayong pag iingat po para sa lahat. Manatili sa ating nga tahanan, at mag baon ng Kapote at Payong kung sakaling may Importanteng Lakad. 

Also as per City Government ng Marikina patuloy na binabantayan ang metro ng tubig sa Marikina River, dahil ito ay nasa 18.0 meters, patuloy pa itong tumataas hanggang may mga ulan pa tayong nararanasan. 🌧️

Base on the LGU PASIG, Binabantayan nila ang mga lugar na maaring bahain lalo na sa mga nakatira sa tabing ilog kaya kanina nag sa gawa ng Inspection si Mayor Vico Sotto sa Brgy Santolan. Kasalukuyan na pong nakalikas ang mga nasa Flood Zone Area.

Kaya pinapaalalahan po ang bawat pasigueño na manatili sa ating mga tahanan, at umantabay sa mga susunod na anunsyo ng mga ahensya sa Social Media. 📡
Ihanda ang mga Flash light at mga Batteries upang sakaling mag karoon ng Black out / Brown Out ay may handa po ang lahat. 🔦

Ito po ay paalala sa inyo, mula sa Opisina ng PC-MCC 

Source of info: Dost_pagasa 🌀

#pcmcc 
#servicetoourummah 
#TuloyAngAgos
#KardingPH",,"4",,,,,"4","1","1664132104000","https://www.facebook.com/MCC.PasigCity/posts/pfbid02bQk3nVSJuGsQ4iAjfGxRj8wup1PsdjBr74pYqnoFq9KNxJhKd8467sURxiUcjee1l"
"No photo description available.","5599389746814538","photo","https://www.facebook.com/photo.php?fbid=5599389746814538&set=gm.1755753414792997&type=3","No photo description available.","5599389813481198","photo","https://www.facebook.com/photo.php?fbid=5599389813481198&set=gm.1755753418126330&type=3","No photo description available.","5599389873481192","photo","https://www.facebook.com/photo.php?fbid=5599389873481192&set=gm.1755753424792996&type=3","No photo description available.","5599389903481189","photo","https://www.facebook.com/photo.php?fbid=5599389903481189&set=gm.1755753428126329&type=3","No photo description available.","5599389966814516","photo","https://www.facebook.com/photo.php?fbid=5599389966814516&set=gm.1755753431459662&type=3","100002307054864","Donna Belle","https://scontent-iad3-2.xx.fbcdn.net/v/t1.6435-1/34984937_1757042887715929_4923318296985468928_n.jpg?stp=cp0_dst-jpg_tt6&cstp=mx1080x1084&ctp=s24x24&_nc_cat=103&ccb=1-7&_nc_sid=1d2534&_nc_ohc=5m4-8UoIhbYQ7kNvwGRoVxL&_nc_oc=AdrAewpTNMq66A1BK8JvCxS7r7HVf5xg7F8sysfsKBljXLyMIOlpKuhJ-WaQm5yJ0i8&_nc_zt=24&_nc_ht=scontent-iad3-2.xx&_nc_gid=iYQ0-VGOYe4s6AqdUc991Q&_nc_ss=7e2a8&oh=00_AQBQdjpEDWby-8aUf1C11rsjs-mPTObJGDmXkU3iCr6ifw&oe=6A804444","https://www.facebook.com/donnapanopio11","0","1755753478126324","",,,,,,,"0","0","1664084600000","https://www.facebook.com/groups/814519768916371/permalink/1755753478126324/"
,,,,,,,,,,,,,,,,,,,,"100069028928005","INQUIRER.net","https://scontent-iad3-1.xx.fbcdn.net/v/t39.30808-1/278901640_295125766131719_6117651967592833577_n.png?stp=cp0_dst-png&cstp=mx320x320&ctp=s40x40&_nc_cat=1&ccb=1-7&_nc_sid=2d3e12&_nc_ohc=ema3SF95LIgQ7kNvwF97eGP&_nc_oc=AdoIwujHLMhrhOsfCrydHentZ5Iz26z552NFtgY3YSnTr9od2_OH__9htNnW_ceTW7Q&_nc_zt=24&_nc_ht=scontent-iad3-1.xx&_nc_gid=KYhc09t_JmxdDed5HowJ9Q&_nc_ss=7e2a8&oh=00_AQDlEQKkbHG_CSC88dKt-qu7-VoDpqK6IQfEGd3gEOXU9A&oe=6A5E8D41","https://www.facebook.com/inquirerdotnet","0","1283279909141789","",,"1",,,,,"1","0","1664163922000","https://www.facebook.com/groups/1049419025861213/permalink/1283279909141789/"
"No photo description available.","192710209810075","photo","https://www.facebook.com/photo/?fbid=192710209810075&set=gm.1523759044736210&idorvanity=413500105762115",,,,,,,,,,,,,,,,,"100072132919692","Winnie Salamat","https://scontent-iad6-1.xx.fbcdn.net/v/t39.30808-1/696937326_986719533742468_4515987795660637947_n.jpg?stp=cp6_dst-jpg_tt6&cstp=mx2048x2048&ctp=s24x24&_nc_cat=106&ccb=1-7&_nc_sid=e99d92&_nc_ohc=6F6O54UcxNQQ7kNvwHQGKtb&_nc_oc=AdqSCO0xsrGFkUpJO2L2cevCLKJL1MipRKNoc97I5O1_GYtMUHaXEcKyIkh-VvIvjtw&_nc_zt=24&_nc_ht=scontent-iad6-1.xx&_nc_gid=KYhc09t_JmxdDed5HowJ9Q&_nc_ss=7e2a8&oh=00_AQBWQKgs9AeZztEt1UzGAuXDdfToUbeg9qOD2tDNhpKWsA&oe=6A5EA5D7","https://www.facebook.com/win0816","0","1523759044736210","",,,,,,,"0","0","1664065726000","https://www.facebook.com/groups/413500105762115/permalink/1523759044736210/"
,,,,,,,,,,,,,,,,,,,,"100033689305926","MatsaLa","https://scontent-iad6-1.xx.fbcdn.net/v/t39.30808-1/461257578_1227710321695266_7396971080154279512_n.jpg?stp=cp0_dst-jpg_tt6&cstp=mx960x960&ctp=s40x40&_nc_cat=100&ccb=1-7&_nc_sid=2d3e12&_nc_ohc=lNPhh7F7cqYQ7kNvwEvFTE4&_nc_oc=AdpZPLS5ND6x0A8u3F_uBpwjWL7fnsYNQ_GUXob6Z8Yjig-wqm4FaePhnepQhX07Pug&_nc_zt=24&_nc_ht=scontent-iad6-1.xx&_nc_gid=KYhc09t_JmxdDed5HowJ9Q&_nc_ss=7e2a8&oh=00_AQAGup-52t8AYR5gBcu9d0NFLdQGPMnDEojvb1DLwAwwSQ&oe=6A5E8962","https://www.facebook.com/profile.php?id=100033689305926","0","1554212381664021","",,,,"2",,,"2","0","1664165807000","https://www.facebook.com/groups/594545210964081/permalink/1554212381664021/"
,,,,,,,,,,,,,,,,,,,,"100058450788191","Isaak Montecarlo","https://scontent-iad6-1.xx.fbcdn.net/v/t1.6435-1/128616225_109369591021400_515953507283878299_n.jpg?stp=cp0_dst-jpg_tt6&cstp=mx720x720&ctp=s40x40&_nc_cat=100&ccb=1-7&_nc_sid=e99d92&_nc_ohc=Ahr4XtXGxn0Q7kNvwHbROV4&_nc_oc=Adq3mKA7nSY8efG-5npv9l2tfYVHRXw8PArOz4Y3X2_JZ5O8E80rWxwF1iFZd14kttY&_nc_zt=24&_nc_ht=scontent-iad6-1.xx&_nc_gid=KYhc09t_JmxdDed5HowJ9Q&_nc_ss=7e2a8&oh=00_AQABsS3bP1wBKNz3IRcG-gP6eIo7mzaIMyNm7zq58SREmw&oe=6A804238","https://www.facebook.com/resty.mercado.376","4","1296529564451557","",,"1",,,,,"1","0","1664160874000","https://www.facebook.com/groups/193320138105844/permalink/1296529564451557/"
,,,,,,,,,,,,,,,,,,,,"100033689305926","MatsaLa","https://scontent-iad6-1.xx.fbcdn.net/v/t39.30808-1/461257578_1227710321695266_7396971080154279512_n.jpg?stp=cp0_dst-jpg_tt6&cstp=mx960x960&ctp=s40x40&_nc_cat=100&ccb=1-7&_nc_sid=2d3e12&_nc_ohc=lNPhh7F7cqYQ7kNvwEvFTE4&_nc_oc=AdpZPLS5ND6x0A8u3F_uBpwjWL7fnsYNQ_GUXob6Z8Yjig-wqm4FaePhnepQhX07Pug&_nc_zt=24&_nc_ht=scontent-iad6-1.xx&_nc_gid=KYhc09t_JmxdDed5HowJ9Q&_nc_ss=7e2a8&oh=00_AQAGup-52t8AYR5gBcu9d0NFLdQGPMnDEojvb1DLwAwwSQ&oe=6A5E8962","https://www.facebook.com/profile.php?id=100033689305926","0","1668610996856098","",,,,,,,"0","0","1664182327000","https://www.facebook.com/groups/797523953964811/permalink/1668610996856098/"
,,,,,,,,,,,,,,,,,,,,"100033689305926","MatsaLa","https://scontent-iad6-1.xx.fbcdn.net/v/t39.30808-1/461257578_1227710321695266_7396971080154279512_n.jpg?stp=cp0_dst-jpg_tt6&cstp=mx960x960&ctp=s40x40&_nc_cat=100&ccb=1-7&_nc_sid=2d3e12&_nc_ohc=lNPhh7F7cqYQ7kNvwEvFTE4&_nc_oc=AdpZPLS5ND6x0A8u3F_uBpwjWL7fnsYNQ_GUXob6Z8Yjig-wqm4FaePhnepQhX07Pug&_nc_zt=24&_nc_ht=scontent-iad6-1.xx&_nc_gid=KYhc09t_JmxdDed5HowJ9Q&_nc_ss=7e2a8&oh=00_AQAGup-52t8AYR5gBcu9d0NFLdQGPMnDEojvb1DLwAwwSQ&oe=6A5E8962","https://www.facebook.com/profile.php?id=100033689305926","0","820894905725059","",,,,,,,"0","0","1664165866000","https://www.facebook.com/groups/279301686551053/permalink/820894905725059/"
"No photo description available.","657363919349155","photo","https://www.facebook.com/photo.php?fbid=657363919349155&set=gm.639247201042648&type=3","No photo description available.","657363952682485","photo","https://www.facebook.com/photo.php?fbid=657363952682485&set=gm.639247204375981&type=3","No photo description available.","657364186015795","photo","https://www.facebook.com/photo.php?fbid=657364186015795&set=gm.639247207709314&type=3","No photo description available.","657364072682473","photo","https://www.facebook.com/photo.php?fbid=657364072682473&set=gm.639247211042647&type=3","No photo description available.","657364356015778","photo","https://www.facebook.com/photo.php?fbid=657364356015778&set=gm.639247217709313&type=3","100052266591790","Francis Sem","https://scontent-iad6-1.xx.fbcdn.net/v/t39.30808-1/435688263_999225275163016_6665967729319691976_n.jpg?stp=cp0_dst-jpg_tt6&cstp=mx948x960&ctp=s24x24&_nc_cat=102&ccb=1-7&_nc_sid=1d2534&_nc_ohc=0uxWQ883QlsQ7kNvwEvaaiM&_nc_oc=AdocouWiW50-wD3UcaOfO903oensdoxMqsF6SOkYXfUKH0V1v7iNh4B-0B5zOXltRMc&_nc_zt=24&_nc_ht=scontent-iad6-1.xx&_nc_gid=3xYv6pyJg0H53EVL8wIlsw&_nc_ss=7e2a8&oh=00_AQC413d_WNJ4wHHJcnRBNFvcXXxf0K1BnTFtBRm1Bzl7aw&oe=6A5E8601","https://www.facebook.com/francis.sempuego.35","1","639247197709315","House and lot for sale Cainta Rizal
 SINGLE ATTACHED 3BR 2TB 1-2CARPORT
Available lot area 90,113,120 and 135sqm 

Location: brookside hills gate 3 Cainta Rizal
100% flood free Subd. 
30k reservation fee
Thru Bank finacing only 
Pre-selling unit.
No-hidden charges.
15-20% Downpayment.

For free tripping contact 
09214694994/09665062313 Francis RES
Viber,Whatsapp,iMessage",,,,,,,"0","0","1664180764000","https://www.facebook.com/groups/232552245045481/permalink/639247197709315/"
,,,,,,,,,,,,,,,,,,,,"100012334541871","Amber Rollon","https://scontent-iad3-2.xx.fbcdn.net/v/t39.30808-1/731754710_2518901478530979_5471054131157162319_n.jpg?stp=cp0_dst-jpg_tt6&cstp=mx926x926&ctp=s24x24&_nc_cat=103&ccb=1-7&_nc_sid=e99d92&_nc_ohc=Q1x4mO464h4Q7kNvwEsxIOq&_nc_oc=AdoXy-FCrl64VgqtlwdaoQeTabqlFquRHNbmmcNWp6xK-r_F3VKfcM4GaRE0Wm73CFM&_nc_zt=24&_nc_ht=scontent-iad3-2.xx&_nc_gid=3xYv6pyJg0H53EVL8wIlsw&_nc_ss=7e2a8&oh=00_AQAy2C9ld0Lxw_n3Mi6JtysNsUuzwFTfV4CKRiV97NsNDQ&oe=6A5E98FC","https://www.facebook.com/mbr.rlln","3","2025458174312873","Looking For:

Room for Rent for 2 pax near Ayala 30th or Rockwell Ortigas sana, yung one ride lang.
Own sink and cr.
Pwedeng magluto at mag laba
Flood free
Move in Date: 2nd week October
Budget: 4,500-5,000",,,,,,,"0","0","1664165203000","https://www.facebook.com/groups/napicomanggahan.apartmentroom4rent/permalink/2025458174312873/"
,,,,,,,,,,,,,,,,,,,,"100077533486388","Jingjing Paraiso","https://scontent-iad3-1.xx.fbcdn.net/v/t39.30808-1/689908195_1007828228478284_1304429154454946167_n.jpg?stp=cp6_dst-jpg_tt6&cstp=mx2048x2048&ctp=s24x24&_nc_cat=108&ccb=1-7&_nc_sid=e99d92&_nc_ohc=EtnWZGXePZoQ7kNvwHpi1Ao&_nc_oc=AdoOlEKG7WU5LlGYrALYT8IYeBW4tpoBRow_qIe27ddaxiPr7BFfOl0dL6ws5M6mNsI&_nc_zt=24&_nc_ht=scontent-iad3-1.xx&_nc_gid=3xYv6pyJg0H53EVL8wIlsw&_nc_ss=7e2a8&oh=00_AQDWX8IJLFtRGlCiFflkxsYq4VLYYhdCKi0GlsFzQdk9jQ&oe=6A5EB093","https://www.facebook.com/jingjing.paraiso.2024","0","1756670481371342","📌📍House for Sale📍📌
🔖Loc: Cainta Rizal along floodway (flood free po)
📮Lot area: 100sqm
👉Lilipatan na lang
👉May tindahan na din
👉May parking ng sasakyan kht motor
👉and kasama na din un pinapaupahan bahay which is 2 rooms
👉Own meter ng water
👉Own meter ng electric
👉Near : Palengke,School,Sakayan going to Pasig,Ortigas,Makati and also 1 ride going to taytay tiangge (5mins)
👉Note: Awarded na kay owner yun bahay from NHA
👉Open for viewing sa mga interesado or PM me for more info.",,"1",,,,,"1","0","1664174855000","https://www.facebook.com/groups/566514060386996/permalink/1756670481371342/"
,,,,,,,,,,,,,,,,,,,,"100000603614791","John Vincent Breis Hugo","https://scontent-iad6-1.xx.fbcdn.net/v/t39.30808-1/571152212_25722073657396069_302485850946875642_n.jpg?stp=cp0_dst-jpg_tt6&cstp=mx1126x1125&ctp=s24x24&_nc_cat=100&ccb=1-7&_nc_sid=1d2534&_nc_ohc=ThUEwPCG1QUQ7kNvwEFNjDU&_nc_oc=AdqO4zZRIKZz6Fqi9XQqgfGuR66cM_k6EKq3pVeDnoDtnkxL0VBKmBjOGoeAqHqxZ4I&_nc_zt=24&_nc_ht=scontent-iad6-1.xx&_nc_gid=3xYv6pyJg0H53EVL8wIlsw&_nc_ss=7e2a8&oh=00_AQC2R4BmK1TQGNLcfrA7urVMIFCTQurhgJtlkis8iGtduA&oe=6A5E8534","https://www.facebook.com/johnvincent.hugo","4","1196528614245943","Lf paupahan basta sariling kuntador ng kuryente (meralco) at tubig (manila water) auto pass sa SUBMETER. Sa IPI work ko so preffered ko lang 15 mins na lakad pa sakayan sa pa IPI or kung may mas malapit mas mabuti. Flood free. Money on hand na kaya down agad pag nagustuhan. 4K-5K only ang budget pag lagpas pa dyan pass na. Lipat agad this Sept. 28","1","1",,,,,"2","0","1664161740000","https://www.facebook.com/groups/710357946196348/permalink/1196528614245943/"
,,,,,,,,,,,,,,,,,,,,"100000671138877","Rissa Bunao","https://scontent-iad6-1.xx.fbcdn.net/v/t39.30808-1/273024002_5375314469167538_264373469734289835_n.jpg?stp=cp0_dst-jpg_tt6&cstp=mx719x723&ctp=s40x40&_nc_cat=102&ccb=1-7&_nc_sid=1d2534&_nc_ohc=GHnI-_9FaeQQ7kNvwH1Sett&_nc_oc=AdoPGHpqqk_2gRBqcbccuSI-R31cVtZIOAqpWgFCk6Gb47Aks553btRAj_bS8CIuDEM&_nc_zt=24&_nc_ht=scontent-iad6-1.xx&_nc_gid=3xYv6pyJg0H53EVL8wIlsw&_nc_ss=7e2a8&oh=00_AQCJk87s9j4gVzC3NrlVXTPwyL2IzCI4RcWZovxcy85Mug&oe=6A5EA3A6","https://www.facebook.com/rissa.bunao","1","1757265317975140","",,"1",,,,,"1","0","1664235842000","https://www.facebook.com/groups/814519768916371/permalink/1757265317975140/"
,,,,,,,,,,,,,,,,,,,,"100009888492431","Otto Jorel","https://scontent-iad3-2.xx.fbcdn.net/v/t39.30808-1/607496231_2755886061417650_4702016562259266139_n.jpg?stp=cp0_dst-jpg_tt6&cstp=mx1536x1536&ctp=s40x40&_nc_cat=103&ccb=1-7&_nc_sid=1d2534&_nc_ohc=wAoYqOO6iv4Q7kNvwH-yZkC&_nc_oc=AdpNyI7nMBLsKJlrD9ZVdLfZCves571gpJmI7VAGzUPpuzboXIboSPmbpSvtXunMklU&_nc_zt=24&_nc_ht=scontent-iad3-2.xx&_nc_gid=RMyu5iJySyN5C9XLTs0uKQ&_nc_ss=7e2a8&oh=00_AQB5P90yUQHL7ajVspfTyLGdAEMKbmOHe4lcc5ZE7eZM2Q&oe=6A5E8983","https://www.facebook.com/leroj.etneufla","1","164758589539588","https://www.facebook.com/100009888492431/posts/1802805773392355/",,"9",,"5","4",,"18","0","1664189390000","https://www.facebook.com/permalink.php?story_fbid=pfbid0CPsKoGa72qHKF4SC5uFe1fmm6dUKbPaXsg8BXNNxpxNd2tPn6hjaPFHKp7yX3HZel&id=100080163436755"
,,,,,,,,,,,,,,,,,,,,"100063691764660","Radyo Bandera Central Luzon Bulacan","https://scontent-iad6-1.xx.fbcdn.net/v/t39.30808-1/309507752_511988534267534_8308597235809528567_n.jpg?stp=cp0_dst-jpg_tt6&cstp=mx434x434&ctp=s40x40&_nc_cat=109&ccb=1-7&_nc_sid=2d3e12&_nc_ohc=7E7TSACfVUEQ7kNvwFot5Zh&_nc_oc=AdqXSxHjzGTjVrbgYClSuvZSMtQecoQL6SFlsY6TnzjMt1SvXgW0vCj-2JhinZWSbpY&_nc_zt=24&_nc_ht=scontent-iad6-1.xx&_nc_gid=RMyu5iJySyN5C9XLTs0uKQ&_nc_ss=7e2a8&oh=00_AQBfzxarzTh4IXkT1rW5Yj_LmChpW5SWAi21-OxZXoosnw&oe=6A5E8B8D","https://www.facebook.com/radyobanderabulacan","0","617367443374374","Saludo sa 5 bayani ng Bulacan PDRRMO",,,,,,,"0","0","1664156225000","https://www.facebook.com/PHdisaster/posts/pfbid02VzYbTR4hywzTzwFqvq9iaZSyUwkZiz3a84t8s6AVvcjHiwWFKAoRRGayAybuR4oil"
,,,,,,,,,,,,,,,,,,,,"100066291500027","Pasig City Public Information Office","https://scontent-iad3-2.xx.fbcdn.net/v/t39.30808-1/241304413_194220316131017_8817860418863376271_n.jpg?stp=c320.250.1429.1429a_cp0_dst-jpg_tt6&cstp=mx1429x1429&ctp=s40x40&_nc_cat=111&ccb=1-7&_nc_sid=2d3e12&_nc_ohc=i_9ty_nGnm0Q7kNvwEThftK&_nc_oc=AdqSxnHEBANWy1WG_gvWzV8nRltT7CJxPugAkeWrc8ODRO0YlI5kOHuH44hk7gPVMaI&_nc_zt=24&_nc_ht=scontent-iad3-2.xx&_nc_gid=RMyu5iJySyN5C9XLTs0uKQ&_nc_ss=7e2a8&oh=00_AQC0wfs8Yyt0EHps_rgX65hek0WDX6M75GGRaTeQ8X6CgQ&oe=6A5E8D96","https://www.facebook.com/PasigPIO","0","161006673243212","PAALALA PO SA ATING LAHAT🙂",,"2",,,,,"2","0","1664098938000","https://www.facebook.com/permalink.php?story_fbid=pfbid0EzaXWBkC2Lq6ToTkb37ozCwRQ3htJxy7jASpHV8fCxjsiozVugumxtSFwEWYNzfgl&id=100080016401443"
,,,,,,,,,,,,,,,,,,,,"100063457730399","Mikelista Vlogs","https://scontent-iad3-1.xx.fbcdn.net/v/t39.30808-1/223513880_4193343040752999_5675553474466945227_n.jpg?stp=cp0_dst-jpg_tt6&cstp=mx960x960&ctp=s40x40&_nc_cat=1&ccb=1-7&_nc_sid=2d3e12&_nc_ohc=d7_OlbShyIIQ7kNvwGNXJkN&_nc_oc=Adpn37aIKOG6Krt6Escy01JQWm8c2__tXDlUxluPTiG-8Jl3Yy_qpdUMGalmQGzAc94&_nc_zt=24&_nc_ht=scontent-iad3-1.xx&_nc_gid=RMyu5iJySyN5C9XLTs0uKQ&_nc_ss=7e2a8&oh=00_AQDmTzBWYZEe4UjJiVAKxttB_Q4vJjtx6hqpkXnj06xsmw&oe=6A5E9AEB","https://www.facebook.com/MklstVlgs","6","5251920461597301","Please spread! This is important.",,"22","6","1",,,"29","6","1664086012000","https://www.facebook.com/groups/1944361069019940/permalink/5251920461597301/"
,,,,,,,,,,,,,,,,,,,,"100068047663329","House of Pusang Pinoy","https://scontent-iad3-2.xx.fbcdn.net/v/t39.30808-1/366367340_615381894073394_4094397721297377973_n.jpg?stp=cp0_dst-jpg_tt6&cstp=mx1414x1415&ctp=s40x40&_nc_cat=103&ccb=1-7&_nc_sid=2d3e12&_nc_ohc=PCZcPp9_J3sQ7kNvwGf1uUi&_nc_oc=AdqRnld1NnuV6UJz26CDYpWWONgaTaGCeQj4g99a9XZIIi494JmtnKRHMJy3QG8Ja7E&_nc_zt=24&_nc_ht=scontent-iad3-2.xx&_nc_gid=RMyu5iJySyN5C9XLTs0uKQ&_nc_ss=7e2a8&oh=00_AQAPv1iUjfC-vtHh7eBxf6i7mhAErDT-PFZD1ikcheKD4A&oe=6A5EA5AD","https://www.facebook.com/houseofpusangpinoy","0","5466214736749969","",,"5","1",,,,"6","0","1664092866000","https://www.facebook.com/groups/4045296968841760/permalink/5466214736749969/"
,,,,,,,,,,,,,,,,,,,,"100076150777605","Eurogrip Tyres Philippines","https://scontent-iad6-1.xx.fbcdn.net/v/t39.30808-1/271659495_120126710524658_7686998691233737173_n.jpg?stp=cp0_dst-jpg_tt6&cstp=mx1080x1080&ctp=s40x40&_nc_cat=102&ccb=1-7&_nc_sid=2d3e12&_nc_ohc=4MsmdDLy9ksQ7kNvwGmP_V3&_nc_oc=Adp4kxwM1vwI9V65WAQVY6leB4yeWnWCD6f1Yq1rMP38p8q8CskOBIE4W73tnB8nNXo&_nc_zt=24&_nc_ht=scontent-iad6-1.xx&_nc_gid=DEyhDKT6cNRxYXeRnMjmDQ&_nc_ss=7e2a8&oh=00_AQDsJhhJwbE8KrLjntSJV0WiP7-VVwlDQBQHRdEWcfBU_Q&oe=6A5EB209","https://www.facebook.com/EurogripPhilippines","1","1092202401686321","Ingat po tayo!",,"10","1",,,,"11","0","1664094744000","https://www.facebook.com/groups/1047477132825515/permalink/1092202401686321/"
,,,,,,,,,,,,,,,,,,,,"100063457730399","Mikelista Vlogs","https://scontent-iad3-1.xx.fbcdn.net/v/t39.30808-1/223513880_4193343040752999_5675553474466945227_n.jpg?stp=cp0_dst-jpg_tt6&cstp=mx960x960&ctp=s40x40&_nc_cat=1&ccb=1-7&_nc_sid=2d3e12&_nc_ohc=d7_OlbShyIIQ7kNvwGNXJkN&_nc_oc=Adpn37aIKOG6Krt6Escy01JQWm8c2__tXDlUxluPTiG-8Jl3Yy_qpdUMGalmQGzAc94&_nc_zt=24&_nc_ht=scontent-iad3-1.xx&_nc_gid=DEyhDKT6cNRxYXeRnMjmDQ&_nc_ss=7e2a8&oh=00_AQAYnfJmJuC83IZQ81V4tx1kBazkudqlRhO442uD4U18Qg&oe=6A5E9AEB","https://www.facebook.com/MklstVlgs","6","433500132212928","Please spread! This is important.",,"32","6","1","4","2","45","11","1664081716000","https://www.facebook.com/groups/204812268415050/permalink/433500132212928/"
,,,,,,,,,,,,,,,,,,,,"100068909692173","Pagasa Nationalcapitalregionprsd","https://scontent-iad6-1.xx.fbcdn.net/v/t1.6435-1/117890349_325012645508210_7691668635129397714_n.jpg?stp=cp0_dst-jpg_tt6&cstp=mx960x960&ctp=s24x24&_nc_cat=109&ccb=1-7&_nc_sid=e99d92&_nc_ohc=nzJFNRcbOIIQ7kNvwG2pwsb&_nc_oc=Adow7dOmw88Z00T88Drw4VZs8TlfQqI2if6SkuDNYPJvePkwtaZHJzuf0N6-CxPv2Tk&_nc_zt=24&_nc_ht=scontent-iad6-1.xx&_nc_gid=DEyhDKT6cNRxYXeRnMjmDQ&_nc_ss=7e2a8&oh=00_AQCaB5OZxg0UAo65rYXHltFBsPejhPk3v5FvIcE7NZEcfw&oe=6A8042E1","https://www.facebook.com/pagasa.nationalcapitalregion","0","408511584789161","Heavy Rainfall Warning No. 2  NCR_PRSD
Weather System: Super Typhoon #KardingPH
Issued at: 5:00 PM,25 September 2022

Red Warning: #Quezon(Polilio, Burdeos, Panukulan, Patnanungan, Jomalig).
Associated Hazard: Serious FLOODING is expected in flood-prone areas

Yellow Warning: #MetroManila, #Bulacan, #Laguna, #Rizal, Quezon(GeneralNakar, Guinayangan, Real, Atimonan, Sampaloc, Lucban, Tayabas, Pagbilao, Lucena, Sariaya, Candelaria, Tiaong, Dolores, PadreBurgos, Agdangan, Unisan, Plaridel, Gumaca, Pitogo, Macalelon, Lopez, Calauag, Infanta, Tagkawayan, Buenavista, Catanauan, Mauban, Alabat, Perez, Quezon, GeneralLuna, SanAntonio).
Associated Hazard: FLOODING in flood-prone areas

Meanwhile, Light to moderate with occasional heavy rains affecting #Tarlac, #NuevaEcija, #Zambales, #Bataan, #Pampanga, #Cavite, #Batangas, and the rest of #Quezon which may persist within 3 hours.

The public and the Disaster Risk Reduction and Management Offices concerned are advised to MONITOR the weather condition and watch for the next advisory to be issued at 8:00 PM Today.

For more information and queries, please call telephone numbers 8922-1992 and 8927-1335 or log on to bagong.pagasa.dost.gov.ph.",,"1",,,,,"1","0","1664096187000","https://www.facebook.com/civildefensencr/posts/pfbid0JDyxxjEMGQm2tDJ9jjc5YmgNpAkREJmcTeZkfnAaHCzc9zHNJvHvrhBtU3g7Nv1vl"
,"1792595384422212","video",,,,,,,,,,,,,,,,,,"100064897893985","OnePropertee","https://scontent-iad3-2.xx.fbcdn.net/v/t39.30808-1/348712637_696498259190098_7019981353039093879_n.png?stp=cp0_dst-png&cstp=mx942x942&ctp=s40x40&_nc_cat=103&ccb=1-7&_nc_sid=2d3e12&_nc_ohc=TgucoBIthXcQ7kNvwFwh_IB&_nc_oc=AdpuNCDlOxuU6FZqrsCWlb779-OT4n5l8bCvX4D3JkezcuzDr5E16kkT1M0lCKfTIXo&_nc_zt=24&_nc_ht=scontent-iad3-2.xx&_nc_gid=DEyhDKT6cNRxYXeRnMjmDQ&_nc_ss=7e2a8&oh=00_AQBy7s_DHVjyEdomAPk4SIdi3kbiZX5ttjE7U3nAgwz0tg&oe=6A5EAE74","https://www.facebook.com/onepropertee","0","1313109559487287","Comment down below to get more details about this property

10k Cash Out Only - Move-in after 3 months process
Condominium/Apartment Type: Residential Condominium
Number of Bedrooms: 2
Number of Bathrooms: 1
Unit Size in sqm: 30.6 sqm.

Contact seller here: https://1pt.ee/p/u/fb/dvb2jmXPKG9T3aGMS

10k Cash Out Only - Move-in after 3 months process
🏢URBAN DECA HOMES
✔️💯Free assistance to PAG-IBIG, BANK FINANCING AND IN-HOUSE
📍3 months process only to Move-in
📍Early Move-in - 7 days Process
You may inquire here👇

♦️Easy Requirements
♦️Lifetime Ownership
♦️Pet Friendly Condo
♦️Flood Free
♦️Prime Location
🔺High Security
For more details/Viewing/Reservation
Please Contact
Agent Jhoy
📞09502456949
#ReadyForOccupancy
#PRE-SELLING
#RENTOOWN
#PASIGCONDO
#NODOWNPAYMENT
#FLOODFREE
#URBANDECAHOMES

#CondominiumsAndApartmentsOrtigasPasigMetroManila #MetroManilaProperties #OnePropertee",,,,,,,"0","0","1664082759000","https://www.facebook.com/onepropertee/videos/1792595384422212/"
,"762353585062584","video",,,,,,,,,,,,,,,,,,"100064897893985","OnePropertee","https://scontent-iad3-2.xx.fbcdn.net/v/t39.30808-1/348712637_696498259190098_7019981353039093879_n.png?stp=cp0_dst-png&cstp=mx942x942&ctp=s40x40&_nc_cat=103&ccb=1-7&_nc_sid=2d3e12&_nc_ohc=TgucoBIthXcQ7kNvwFwh_IB&_nc_oc=AdpuNCDlOxuU6FZqrsCWlb779-OT4n5l8bCvX4D3JkezcuzDr5E16kkT1M0lCKfTIXo&_nc_zt=24&_nc_ht=scontent-iad3-2.xx&_nc_gid=DEyhDKT6cNRxYXeRnMjmDQ&_nc_ss=7e2a8&oh=00_AQBy7s_DHVjyEdomAPk4SIdi3kbiZX5ttjE7U3nAgwz0tg&oe=6A5EAE74","https://www.facebook.com/onepropertee","0","1314281072703469","Comment down below to get more details about this property

10-bedroom Single Detached House For Sale in Quezon City / QC
House Type: Single Detached House
Number of Bedrooms: 10
Number of Bathrooms: 12
Floor Area in sqm: 1,500 sqm.

Contact seller here: https://1pt.ee/p/u/fb/5eSxQf3D9p9do4w9Y

#SITE 3
FOR SALE: Mansion in Quezon City
PHP 185M including all  furniture mentioned below. CGT is incuded.
Property description:
• FLOOD FREE
• Lot area 1838 sqm Floor area 1500sqm
• 10 bedrooms
• 12 restrooms
• Theater room Function room
• Entire house with CCTV
• Big swimming pool with jacuzzi
• 15 car garage  Basketball court
• Big garden
• Fully furnished
• Master's bedroom fully furnished w/ brand new jacuzzi, infrared sauna, shower with steam sauna
• Remote controlled curtains
• 5 chandeliers
• King sized 4 poster California bed
• Sliding door to balcony and access to pool area and 3rd floor
• 2nd master bedroom w/ big chandelier
• Big rest room
• Loft type Dressing room
• Grand staircase with big crystal chandeliers
• 3rd floor overlooking party place,with barbecue area,can be converted into Gym room or additional room
• Formal dining area with furnitures all from Spain and Italy
• Buffet table, ceiling with ""capo de monte"" chandelier
• Brand new split-type ACU
• Coffee table
• Informal dining area with 8 seater table from Spain
• Kitchen with island table,granite top with cabinets
• Capo de monte chandelier
• Designed cabinets installed
• Living room: sala set, 3 seater sofa set, cleopatra lounge chair, coffee table all sets from Spain, big crystal chandelier, 2 big embossed frames
• 2 big  porcelain wishing wells, grand fathers clock all from Italy, Living room 3 toner aircons.
• Theater room set up with 7 surround speakers, projector, lazy boy chairs, wall to wall carpet, acoustic ceiling,  With 2.5hp ceiling mounted suspended  ACU
• Party room with 2.5hp ceiling suspended ACU
• Brand new Tepanyaki table with griller with built-in chimney, granite table top
• Built-in bar counter granite top
• Big guest room with restroom
• Big storage room,3rd floor
• Fish pond
• Office space
• Big landscaped garden
• Half basketball court with acrylic ring
• Big swimmimg pool  with jacuzzi and fountains
• Small covered area for small party
• Grand staircase in the garden going to masters bedroom, balcony and 3rd floor
• Stamp Crete flooring in the Main carport
Viewing by schedule. Thank you!

#HousesAndLotsQuezonCityQcMetroManila #MetroManilaProperties #OnePropertee",,,,,,,"0","0","1664201970000","https://www.facebook.com/onepropertee/videos/762353585062584/"
"No photo description available.","6044644562217218","photo","https://www.facebook.com/photo/?fbid=6044644562217218&set=gm.658452578819198&idorvanity=367775544553571",,,,,,,,,,,,,,,,,"100000152018078","Darrel Tulalian","https://scontent-iad3-2.xx.fbcdn.net/v/t39.30808-1/357533845_6970890372925961_4992781511563643181_n.jpg?stp=cp0_dst-jpg_tt6&cstp=mx840x844&ctp=s24x24&_nc_cat=111&ccb=1-7&_nc_sid=e99d92&_nc_ohc=UMhDY1LWmVYQ7kNvwH5oUkN&_nc_oc=AdoyN0PMd2Pofnep16-Ffv6s5XdjwAICsSFyMJyUcUiUy9huP50MOE8anm5EvN7R9XU&_nc_zt=24&_nc_ht=scontent-iad3-2.xx&_nc_gid=DEyhDKT6cNRxYXeRnMjmDQ&_nc_ss=7e2a8&oh=00_AQAWpyxgTME2m30gdzTSoafV0GhUsc1fxZhjD4MWr9nrzg&oe=6A5EA608","https://www.facebook.com/darrel.tulalian","0","658452578819198","Nangangamba ka ba para sa iyong pamilya ngaung malakas ulan? 
kuha na ng bahay sa LAGUNA, affordable na & flood free pa 😍

PM me how :)",,,,,,,"0","0","1664109489000","https://www.facebook.com/groups/367775544553571/permalink/658452578819198/"
"No photo description available.","755768275726885","photo","https://www.facebook.com/photo.php?fbid=755768275726885&set=gm.1131228561131305&type=3",,"449849780542063","video","https://www.facebook.com/amor.dulce.526/videos/449849780542063/?idorvanity=604096097177890",,,,,,,,,,,,,"100038811589638","Amor Reyes","https://scontent-iad3-2.xx.fbcdn.net/v/t39.30808-1/518311375_1495106255126413_3970042388814216583_n.jpg?stp=cp0_dst-jpg_tt6&cstp=mx1335x1324&ctp=s24x24&_nc_cat=111&ccb=1-7&_nc_sid=e99d92&_nc_ohc=wvTfl45lpwAQ7kNvwHDkd_y&_nc_oc=Adp1NYk4oskr6y2IszNiGq5lFwZ07pUQfvY8QZ2Lbr3dWXYlBkSeI6jJ95v4KWmn4e4&_nc_zt=24&_nc_ht=scontent-iad3-2.xx&_nc_gid=hSSmOmcMc8N9Dp89ZzD21A&_nc_ss=7e2a8&oh=00_AQCh31Kyv3VFc9UvctRNek2rptdJIlyM_Bz8kKSWAze6TQ&oe=6A5E9024","https://www.facebook.com/amor.dulce.526","0","1131228567797971","RUSH SALE!!!

Cyberville Subdivision
By Sta. Lucia Realty
Guiguinto, Bulacan

- 7-10 minutes away to Tabang NLEX exit
- 15 minutes away to Sta. Rita NLEX Exit
- safe and gated community with security guards
- flood-free
- you can build your own house design

120 sqm
11k per sqm (fixed)

CGT, Doc Stamps, DOAS, Notary - c/o seller
Transfer of Title - c/o buyer",,,,,,,"0","0","1664184701000","https://www.facebook.com/groups/604096097177890/permalink/1131228567797971/"
"No photo description available.","3240325166280530","photo","https://www.facebook.com/photo/?fbid=3240325166280530&set=a.611366081024224",,,,,,,,,,,,,,,,,"100064525129465","Leader News Philippines","https://scontent-iad3-2.xx.fbcdn.net/v/t39.30808-1/323894921_768348501350308_982816751568229083_n.jpg?stp=cp0_dst-jpg_tt6&cstp=mx837x837&ctp=s40x40&_nc_cat=105&ccb=1-7&_nc_sid=2d3e12&_nc_ohc=U4R5gCnTfcQQ7kNvwFFrFSo&_nc_oc=AdpocQPKax89EfVeOi-vdajlCbqCFl8JsMRimtoXVZ9NFeZwKrOJkhdaNSIXRCuM2GU&_nc_zt=24&_nc_ht=scontent-iad3-2.xx&_nc_gid=hSSmOmcMc8N9Dp89ZzD21A&_nc_ss=7e2a8&oh=00_AQAglBatbt2Ce2ur_x6fpe4be7AX6pua0VciMo9jU3tGtQ&oe=6A5EB26E","https://www.facebook.com/leadernews.ph","0","3240325196280527","ENERGY SITUATION REPORT NO. 1 re: STY KARDING

*A. Power Generation Plants*  

*1. Luzon Grid*

• As of *08:00AM on 26 September 2022*, power generation plants in affected areas are now under *NORMAL OPERATION*. 

• As of 07:00AM on 26 September 2022, there are *four (4) power plants* in _Benguet_ that experienced outages but are now back to *NORMAL OPERATION*: 

 Pantabangan and Masiway HEPPs – Three (3) units experienced outages at 2117H on 25 September 2022 but all units were restored and operational at 0752H on 26 September 2022.

 Hedcor Inc. – Six (6) units experienced outages at 2352H on 25 September 2022 caused by a 69kV Transient Line Fault due to ST Karding but all were restored at around 0323H on 26 September 2022 

• As per National Grid Corporation of the Philippines (NGCP) Luzon grid update, there is a sufficient level of supply and reserves as of *6:00AM, 26 September 2022:* 

*LUZON (NORMAL)*  

Available Capacity:  12,740 MW
Peak Demand: 7204 MW
Regulating Reserve:  255 MW
Net Operational Margin: AM 5281, PM 5074, EVE 5033

• Derated Plants include: 

GMEC 2 @ 270MW, 
Masinloc 1 @ 250MW, 
Masinloc 2 @ 300MW, 
Masinloc 3 @ 240MW, 
Pagbilao 1 @ 320MW, 
San Gabriel @ 211MW

*2. NPC Small Power Utility Group (SPUG)*

• As of 06:00 AM on 26 September 2022, the following DPPs from Apayao, Aurora, Quezon, and Camarines Norte are on-standby and ready to operate: 

1. APAYAO - Kabugao DPP 
2. AURORA - Casiguran DPP 
3. QUEZON - Jomalig DPP & Patnanungan DPP 
4. CAMARINES NORTE - Calaguas DPP 

• Furthermore, the following DPPs are under NORMAL OPERATIONS. 

1. OCCIDENTAL MINDORO - Pulang Lupa Rental 
2. ROMBLON - Banton DPP 
3. PALAWAN DPP - Culion DPP

*3. NPC Dam Status*

• As of 06:00 AM on 26 September 2022, based on the PAGASA’s DAM information report, all NPC Dams are on NORMAL OPERATION.

*B. Transmission Sector*

• As of 26 September 2022 at 6:00 AM, the System Operator provided the following:

1. The following transmission line is restored:

a. Mexico-Clark 69kV Line 1
Date/Time Out: 25 September 2022 / 10:29PM
Date/Time Restored: 26 September 2022 / 3:47AM
Customer affected: PELCO I, PRESCO

2. The following transmission lines are unavailable:

For the 230 KV Lines, four (4) 230kV lines are unavailable, particularly:

a. Mexico-Hermosa 230kV Line 1

b. San Rafael-Cabanatuan 230kV Line 1

c. Pantabangan-Cabanatuan 230kV Line, and 

d. Mexico-Concepcion 230kV Line 2.

For NORTH LUZON 69 KV Lines:

a. Cabanatuan-San Luis 69kV Line
Date/Time Out: 25 September 2022 / 9:11PM
Customer affected: NEECO II Area 1, NEECO II Area 2, AURELCO

b. Cabanatuan-Fatima 69kV Line
Date/Time Out: 25 September 2022 / 9:21PM
Customer affected: NEECO II Area 1, SAJELCO, PAMES

c. Cabanatuan-San Isidro 69kV Line
Date/Time Out: 25 September 2022 / 8:59PM
Customer affected: NEECO II Area 2

d. Cabanatuan-Bulualto 69kV Line
Date/Time Out: 25 September 2022 / 9:04PM
Customer affected: NEECO I

e. Concepcion-Camiling 69kV Line 
Date/Time Out: 25 September 2022 / 10:16PM
Customer affected: TARELCO I

f. Botolan-Castillejos 69kV Line
Date/Time Out: 26 September 2022 / 12:44AM
Customer affected: ZAMECO I, ZAMECO II

g. Hermosa-Floridablanca 69kV Line
Date/Time out: 26 September 2022 / 2:12AM
Customer affected: PELCO II

SOUTH LUZON 69 KV Lines

h. Famy-Comon 69kV Line
Date/Time Out: 25 September 2022 / 7:18PM (partially restored)
Customer affected: QUEZELCO II

• NGCP has mobilized its line crews and is currently conducting patrols to inspect and assess the impact of the typhoon to its operations and facilities. Simultaneous restoration activities are also being conducted on areas already accessible.

• Please note that this update pertains only to the status of the transmission network. Localized disturbances may be better addressed by your distribution utility. 

• Specific cities and municipalities affected by the unavailable transmission facilities are determined by concerned Distribution Utilities, unless the outage affects the entire franchise area.

(Please refer to NGCP MAP)

*C. Distribution Sector*

*_Private Distribution Utilities_* 

• As of 07:00 AM on 26 September 2022, the following Distribution Utilities are under NORMAL OPERATIONS: 

1. Olongapo Electric Distribution Company, Inc. 
2. La Union Electric Company, Inc. (LUECO)
3. San Fernado Electric and Power Company, Inc. (SFELAPCO) 

• The following PDU experienced momentary trippings but were immediately restored and back to NORMAL OPERATIONS: 

 Manila Electric Company – reported two (2) power interruptions due to strikes of lightning. 

 Moreover, MERALCO reported that 0.69% or 51,773 of their total customers were affected. Customers still out are mostly affected by flood and localized troubles. Line patrol/ clearing, damaged assessment, and repair is on-going.

*_Electric Cooperatives_* 

• Based on National Electrification Administration (NEA) report as of 0800H, a total of fifty-one (51) electric cooperatives from thirty-one (31) provinces and seven (7) regions were
placed under different Tropical Cyclone Wind Signal.

• Out of fifty-one (51) ECs, twenty-eight (28) are in normal operation while eight (8) ECs experienced partial power interruption and six (6) ECs are in total power interruption due to unavailable transmission lines. Meanwhile nine (9) ECs have not yet submitted their power monitoring report.

*a. ECs with Total Power Interruption*

Region III
1. Aurora Electric Cooperative, Inc. (AURELCO)
2. Tarlac I Electric Cooperative, Inc. (TARELCO I)
3. Nueva Ecija I Electric Cooperative, Inc. (NEECO I)
4. Nueva Ecija II Area I Electric Cooperative, Inc. (NEECO II A1)
5. Nueva Ecija II Area II Electric Cooperative, Inc. (NEECO II A2)
6. San Jose Electric Cooperative, Inc. (SAJELCO)

*b. ECs with Partial Power Interruption*

Region I
1. La Union Electric Cooperative, Inc. (LUELCO)
2. Pangasinan I Electric Cooperative (PANELCO I)
3. Central Pangasinan Electric Cooperative, Inc. (CENPELCO)

CAR
Mountain Province Electric Cooperative, Inc. (MOPRECO) 

Region III
1. Pampanga I Electric Cooperative, Inc. (PELCO I) 
2. Pampanga II Electric Cooperative, Inc. (PELCO II)
3. Zambales II Electric Cooperative, Inc. (ZAMECO II)

Region IV-A CALABARZON
Quezon II Electric Cooperative, Inc. (QUEZELCO II) 

*D. Downstream Oil Industry Facilities* 

1. As of 800H on 26 Sep 2022, no reported oil supply shortage was received.

2. All bulk facilities reported no damage and are operational.

3. For retail outlets, 99.83% of retail outlets are operational with the following breakdown per region:

a. Region 3: 99.34% are operational. 

b. Region 4A: 99.85% are operational.   

c. Region 4B: 99.77% are operational.#DOEPH 🇵🇭 

Like and share our page https://www.facebook.com/leadernews.ph/",,"2",,,,,"2","1","1664157077000","https://www.facebook.com/leadernews.ph/posts/pfbid02yWKhZZcTUnjfKq8KZH6PiW8JSg2iQgy8RVEGMFSCvCBF6D5XxFdoWDtBCes4nZbel"
"No photo description available.","172567618684095","photo","https://www.facebook.com/photo.php?fbid=172567618684095&set=gm.1202802386947824&type=3","No photo description available.","172567632017427","photo","https://www.facebook.com/photo.php?fbid=172567632017427&set=gm.1202802396947823&type=3","No photo description available.","172567645350759","photo","https://www.facebook.com/photo.php?fbid=172567645350759&set=gm.1202802380281158&type=3","No photo description available.","172567658684091","photo","https://www.facebook.com/photo.php?fbid=172567658684091&set=gm.1202802383614491&type=3","No photo description available.","172567678684089","photo","https://www.facebook.com/photo.php?fbid=172567678684089&set=gm.1202802390281157&type=3","100077925733178","Jean Gerente","https://scontent-iad3-2.xx.fbcdn.net/v/t39.30808-1/657382026_952893670651482_3860233896410291764_n.jpg?stp=c0.0.986.986a_cp0_dst-jpg_tt6&cstp=mx986x986&ctp=s24x24&_nc_cat=105&ccb=1-7&_nc_sid=1d2534&_nc_ohc=4r2lmi_yneMQ7kNvwHLfpE8&_nc_oc=AdrYEJPHJ67j8a6OFNz9P8Y0oH0ckokNkTJ03HoZ7oPVO4p3W8ZAa9xnfzqh4-NlnM0&_nc_zt=24&_nc_ht=scontent-iad3-2.xx&_nc_gid=hSSmOmcMc8N9Dp89ZzD21A&_nc_ss=7e2a8&oh=00_AQAcTplJa_J6Naa0DVCZeqn5sRBAr1MbmbkR37cLOIyfIw&oe=6A5EAFCC","https://www.facebook.com/jean.gerente.465424","0","1202802393614490","",,,,,,,"0","0","1664998608000","https://www.facebook.com/groups/houseandlotinantipolo/permalink/1202802393614490/"
"No photo description available.","518899480046155","photo","https://www.facebook.com/photo.php?fbid=518899480046155&set=gm.3287363904858529&type=3","No photo description available.","518899526712817","photo","https://www.facebook.com/photo.php?fbid=518899526712817&set=gm.3287363908191862&type=3","No photo description available.","518899570046146","photo","https://www.facebook.com/photo.php?fbid=518899570046146&set=gm.3287363914858528&type=3","No photo description available.","518899620046141","photo","https://www.facebook.com/photo.php?fbid=518899620046141&set=gm.3287363911525195&type=3",,,,,"100057783212040","Lyn Garcia","https://scontent-iad6-1.xx.fbcdn.net/v/t39.30808-1/490832273_1079966210606143_6581107809162577767_n.jpg?stp=cp0_dst-jpg_tt6&cstp=mx1080x1075&ctp=s24x24&_nc_cat=102&ccb=1-7&_nc_sid=1d2534&_nc_ohc=H59Bnur4kZgQ7kNvwHmWeza&_nc_oc=Adp7ftT-vJuQ5peTuXWxwOdWvBS8WB-dQjUbf64U47bPHZtGl6PA3FvSuwMCwK_p7Zk&_nc_zt=24&_nc_ht=scontent-iad6-1.xx&_nc_gid=hSSmOmcMc8N9Dp89ZzD21A&_nc_ss=7e2a8&oh=00_AQBZVWIltwNT9s9EsO0l3RDHNlLFOdtDjM8pf68pAqpkRw&oe=6A5E8AA6","https://www.facebook.com/Lynsse04","0","3287363901525196","🏡PHirst Park Homes, NAIC CAVITE!  🏠
(New launch Project)

🏠 Our Pre-Selling Units in Naic Cavite is now available for Bank Financing without SPOT DOWNPAYMENT! 😱

🏠 Our Ready For Occupancy(RFO) Units in Tanza Cavite is now Available for PAG-IBIG and BANK  financing!

Exciting PROMO's will be discussed thru Private Message!

✔️ Complete Finish House (Lipat ka nalang!)
✔️ Quality and Modern House!
✔️ Along the Highway and 5minutes drive going to SM, Hospitals, Schools and Markets!
✔️ 15-20 minutes drive going to TAGAYTAY
✔️ 1 hour drive going to MANILA
✔️ Flood Free Area!

✔️ Free Water and Electricity Installation!
✔️ Free Fence and Gate!
✔️ Free Loan Process!
✔️ Stress Free Community!
✔️ Amenities you and your kids can enjoy!

🏠 LOCATION (Ready for Occupancy Units) 
Governors Drive, Barangay Tanauan, Tanza, Cavite.

🏠 LOCATION (PRE-SELLING UNITS)
Naic Cavite.

✔️ FREE SITE VIEWING!
Ms: Lyn Corales Garcia 
WhatsApp/viber-09389872380
Lisence no:01039

#affordable 
#PHirstParkHomes 
#dreamhouserealty",,,,,,,"0","0","1664104498000","https://www.facebook.com/groups/realestateofw/permalink/3287363901525196/"
"No photo description available.","860932618529161","photo","https://www.facebook.com/photo.php?fbid=860932618529161&set=gm.3220755884858467&type=3","No photo description available.","860932678529155","photo","https://www.facebook.com/photo.php?fbid=860932678529155&set=gm.3220755881525134&type=3","No photo description available.","860932765195813","photo","https://www.facebook.com/photo.php?fbid=860932765195813&set=gm.3220755874858468&type=3",,,,,,,,,"100038372929627","Yel Kate","https://scontent-iad3-1.xx.fbcdn.net/v/t1.30497-1/453178253_471506465671661_2781666950760530985_n.png?stp=cp0_dst-png&cstp=mx2048x2048&ctp=s24x24&_nc_cat=1&ccb=1-7&_nc_sid=136b72&_nc_ohc=jcZuiBJJlywQ7kNvwFByDZf&_nc_oc=AdptlL5nC1l8WQW-VSu4_AaC2afGQ-n5bUln930Pu4WYVu8CS2JHFlGUk8ZiNzT9tXg&_nc_zt=24&_nc_ht=scontent-iad3-1.xx&_nc_ss=7e2a8&oh=00_AQD3RPkn1wGH9dw6T0XEeq79YAtwDbVXd1sfwU-iU-TvcA&oe=6A80293A","https://www.facebook.com/vincent.barroga.3914","1","3220755878191801","",,"1",,,,,"1","0","1664113695000","https://www.facebook.com/groups/1886644738269595/permalink/3220755878191801/"
"No photo description available.","5498196200263707","photo","https://www.facebook.com/photo.php?fbid=5498196200263707&set=gm.1139183510071881&type=3","No photo description available.","5498196300263697","photo","https://www.facebook.com/photo.php?fbid=5498196300263697&set=gm.1139183483405217&type=3","No photo description available.","5498196230263704","photo","https://www.facebook.com/photo.php?fbid=5498196230263704&set=gm.1139183480071884&type=3","No photo description available.","5498196270263700","photo","https://www.facebook.com/photo.php?fbid=5498196270263700&set=gm.1139183500071882&type=3","No photo description available.","5498196376930356","photo","https://www.facebook.com/photo.php?fbid=5498196376930356&set=gm.1139183486738550&type=3","100002201455243","Mac Chris","https://scontent-iad6-1.xx.fbcdn.net/v/t39.30808-1/399615858_6821149157968398_7420324378323240098_n.jpg?stp=cp6_dst-jpg_tt6&cstp=mx2048x2048&ctp=s24x24&_nc_cat=100&ccb=1-7&_nc_sid=1d2534&_nc_ohc=UV9Y7QCqcjkQ7kNvwEdKzdS&_nc_oc=Adru64NoH0ZHDHFkoNTF0hnAcCIuIAsFpGHfcqjSctv6uIY_M8cMePUK0uJK5R40UqE&_nc_zt=24&_nc_ht=scontent-iad6-1.xx&_nc_gid=tFgkniUO8fBKdXqX9V95eg&_nc_ss=7e2a8&oh=00_AQB-uhjO9RWi5qGgZXMF4AQyK6IMUuZl92NkTdR3gY44Qw&oe=6A5EB298","https://www.facebook.com/markchristian.hangka","0","1139183493405216","ZITAN RESIDENCES
READY FOR OCCUPANCY
Greenfield District, Mandaluyong

👉1BEDROOM CORNER (Convertible to 2br)
👉Promo for 30 months to pay
👉5% DP EARLY MOVE-IN PROGRAM
👉10% Discount for Spot Cash Payment

🔅Pet friendly
🔅Perpetual ownership / Life time ownership 
🔅Spacious Unit Size
🔅High Ceiling
🔅Low Density 
🔅Flood Free Area
🔆Far from west valley fault (earthquake)
🔅Can be equipped by Smart Home Automation
🔅Fiber Optic Technology (fastest internet 1gps)
🔅High Ceiling and Glass window.
🔅Walking distance to Shaw MRT station, Shangri-La Mall, Megamall & St. Francis Church

Available Units:
▪️Premium Studio 35.55 sqm
▪️1BR Corner 47.32 sqm
▪️1BR Loft 55.08 sqm

ZITAN RESIDENCES:
Available Units:
▪️Standard studio 26.24 sqm
▪️Medium Studio 30.56sqm
▪️1BR Corner 46.04 sqm

For actual unit viewing, you may call or text:
Viber/Whatsapp: 0917.749.7760

#TwinOaksPlace #ReadyForOccupancy #RenToOwn #investmentproperty #condoforsale #condoph #GreenfieldDistrict #propertyinvestment
#Zitan #CondoLiving #rentals #Zitan #propertyinvestment #property #condominiumforsale #CondoLiving #condominium #condoforrent",,,,,,,"0","0","1664168652000","https://www.facebook.com/groups/107390009917908/permalink/1139183493405216/"
"No photo description available.","863515678120317","photo","https://www.facebook.com/photo.php?fbid=863515678120317&set=gm.5473890316063125&type=3","No photo description available.","863515691453649","photo","https://www.facebook.com/photo.php?fbid=863515691453649&set=gm.5473890312729792&type=3","No photo description available.","863515724786979","photo","https://www.facebook.com/photo.php?fbid=863515724786979&set=gm.5473890309396459&type=3",,,,,,,,,"100033856776881","Gilbert Degala Jalos","https://scontent-iad3-1.xx.fbcdn.net/v/t39.30808-1/652542522_1736755004129709_3149360672683884852_n.jpg?stp=cp0_dst-jpg_tt6&cstp=mx600x605&ctp=s24x24&_nc_cat=110&ccb=1-7&_nc_sid=1d2534&_nc_ohc=zFthQEBNomcQ7kNvwENj8Nf&_nc_oc=AdpQwp8aIJS_5htKaFP85JziYuYNb6sCld-Cl-6POpDhK3-bbzMZQANlxxIXBXo0u88&_nc_zt=24&_nc_ht=scontent-iad3-1.xx&_nc_gid=tFgkniUO8fBKdXqX9V95eg&_nc_ss=7e2a8&oh=00_AQC7GXeysUozjL2ob5bVXSxqKMDRCzVXQydli1nCtqoiDQ&oe=6A5E9EB7","https://www.facebook.com/kylematthew.jalos","0","5473890319396458","",,,,,,,"0","0","1664144438000","https://www.facebook.com/groups/582500401868832/permalink/5473890319396458/"
"No photo description available.","192709729810123","photo","https://www.facebook.com/photo/?fbid=192709729810123&set=gm.1755551408146531&idorvanity=814519768916371",,,,,,,,,,,,,,,,,"100072132919692","Winnie Salamat","https://scontent-iad6-1.xx.fbcdn.net/v/t39.30808-1/696937326_986719533742468_4515987795660637947_n.jpg?stp=cp6_dst-jpg_tt6&cstp=mx2048x2048&ctp=s24x24&_nc_cat=106&ccb=1-7&_nc_sid=e99d92&_nc_ohc=6F6O54UcxNQQ7kNvwHQGKtb&_nc_oc=AdqSCO0xsrGFkUpJO2L2cevCLKJL1MipRKNoc97I5O1_GYtMUHaXEcKyIkh-VvIvjtw&_nc_zt=24&_nc_ht=scontent-iad6-1.xx&_nc_gid=tFgkniUO8fBKdXqX9V95eg&_nc_ss=7e2a8&oh=00_AQBxR1lrWBEGOwWuIxzzw2drkMAa5gkohc1Y1tYTE5BHhQ&oe=6A5EA5D7","https://www.facebook.com/win0816","0","1755551408146531","",,,,,,,"0","0","1664065546000","https://www.facebook.com/groups/814519768916371/permalink/1755551408146531/"
"No photo description available.","8672484999431843","photo","https://www.facebook.com/photo.php?fbid=8672484999431843&set=gm.5977476628938823&type=3","No photo description available.","8672485496098460","photo","https://www.facebook.com/photo.php?fbid=8672485496098460&set=gm.5977476605605492&type=3","No photo description available.","8672485339431809","photo","https://www.facebook.com/photo.php?fbid=8672485339431809&set=gm.5977476615605491&type=3","No photo description available.","8672485569431786","photo","https://www.facebook.com/photo.php?fbid=8672485569431786&set=gm.5977476635605489&type=3","No photo description available.","8672485166098493","photo","https://www.facebook.com/photo.php?fbid=8672485166098493&set=gm.5977476612272158&type=3","100000112878170","Sandrel Barra","https://scontent-iad3-1.xx.fbcdn.net/v/t39.30808-1/471146104_28618889154364799_4746159613820938841_n.jpg?stp=cp0_dst-jpg_tt6&cstp=mx960x960&ctp=s24x24&_nc_cat=104&ccb=1-7&_nc_sid=1d2534&_nc_ohc=NadPzEKxWy4Q7kNvwHyWgMQ&_nc_oc=AdqPrbcB2-r_3TDcqLlHqwUCpa6J4iO_8gWpL5K3KgdOvPfuCw1vZ09gop9-alwoolY&_nc_zt=24&_nc_ht=scontent-iad3-1.xx&_nc_gid=tFgkniUO8fBKdXqX9V95eg&_nc_ss=7e2a8&oh=00_AQAwAokxblMvm9CFABSbtgfv92nNP7ofAaWuX9N2rygNkA&oe=6A5E9D07","https://www.facebook.com/sandrodeee","1","5977476632272156","RE-OPENED READY FOR OCCUPANCY !! Paunahan nalang po! 

GOOD NEWS ‼️SA MGA NAUBUSAN DYAN AT GUSTO NG LIPAT AGAD ANG HANAP‼️
BAKA ITO NA ANG HINIHINTAY NYO‼️

Pine Grove Residences
Brgy. San Isidro, Taytay Rizal 

-Walking distance to Siena College Taytay
-Elevated area
-Flood free 

Lot area: 45 sqm
Floor area: 78 sqm  

House features:
3 Bedroom
2 Toilet & Bath
1 Car Garage 

Total Contract Price: Php 4,795,440.00
Reservation fee: Php 20,000 

Terms:
TCP: 4,795,440.00
RF: 20,000.00
DP: 407,440.00 / 6months @67,906.67
Balance: 4,368,000.00

  
📲For Inquiries and Tripping Schedule
Call/Message me 🙂 
🙋 Sandrel Barra
09453082687

#ReadyForOccupancy #rfo #TaytayRizal #houseandlot #townhouse",,,,,,,"0","0","1664173759000","https://www.facebook.com/groups/2269307113089145/permalink/5977476632272156/"
"No photo description available.","127602463379516","photo","https://www.facebook.com/photo/?fbid=127602463379516&set=gm.1296871381059369&idorvanity=133082730771579",,,,,,,,,,,,,,,,,"100083892878644","SMDC Affordable Condominium - MGM","https://scontent-iad6-1.xx.fbcdn.net/v/t39.30808-1/720167225_980051408134613_2106078065757484134_n.jpg?stp=cp0_dst-jpg_tt6&cstp=mx2044x2048&ctp=s24x24&_nc_cat=100&ccb=1-7&_nc_sid=2d3e12&_nc_ohc=9mwTKSDPLCwQ7kNvwERp2AO&_nc_oc=AdqRLgRTP8YeL6ZSJFNj8SeyxcWXvvHiOp4mjJJWVnanCcZ6F5aWNoGfxUswvhvccJE&_nc_zt=24&_nc_ht=scontent-iad6-1.xx&_nc_gid=tFgkniUO8fBKdXqX9V95eg&_nc_ss=7e2a8&oh=00_AQCl-uWXG-COyQlEm8YRPE6PPObBveS0me2OSblbQpWkkw&oe=6A5E972C","https://www.facebook.com/profile.php?id=100083892878644","0","1296871381059369","Your best investment opportunity won’t fit into a safety deposit box, but you can live in it  🏠

We’ve got the property you’re looking for
🇸 🇲 🇩 🇨  
𝗖𝗛𝗘𝗘𝗥𝗙𝗨𝗟 𝗛𝗢𝗠𝗘𝗦 2 

STOP RENTING, START OWNING! 
INTODUCING LOFT TYPE TOWNHOUSE UNITS

📍𝗟𝗢𝗖𝗔𝗧𝗘𝗗: 
    Mabalacat, Pampanga

 𝗠𝗢𝗡𝗧𝗛𝗟𝗬 𝗦𝗧𝗔𝗥𝗧'𝗦 
   ➪8k+ Monthly - Pre-selling 

5% Spot Downpayment to move in 
6,904.48 Monthly

➪Ongoingconstruction,
 (target turn-over date 2024)

✔︎ Near NLEX, SCTEX, Clark International Airport
✔︎ Resort-type amenities & features
✔︎ FLOOD-free development
✔︎ Master planned community
✔︎ Full service, FREE processing

R͟E͟Q͟U͟I͟R͟E͟M͟E͟N͟T͟S͟;
➪ 𝙍𝙀𝙎𝙀𝙍𝙑𝘼𝙏𝙄𝙊𝙉 𝙁𝙀𝙀: 10,000
➪ 2 𝗩𝗔𝗟𝗜𝗗 𝗜𝗗'𝗦
➪ 𝗦𝗜𝗚𝗡 𝗦𝗠𝗗𝗖 𝗗𝗢𝗖𝗦

Feel free to message me for inquiries. 
Grace Macapagal
Property Specialist 
+639761646469
(Viber and Whatsapp)
macapagalgrace.smdc@gmail.com",,,,,,,"0","0","1664078429000","https://www.facebook.com/groups/133082730771579/permalink/1296871381059369/"
"No photo description available.","195930866140527","photo","https://www.facebook.com/photo/?fbid=195930866140527&set=gm.1136433407270272&idorvanity=175130643400558",,,,,,,,,,,,,,,,,"100071708434837","Hj Chino","https://scontent-iad3-1.xx.fbcdn.net/v/t1.30497-1/453178253_471506465671661_2781666950760530985_n.png?stp=cp0_dst-png&cstp=mx2048x2048&ctp=s24x24&_nc_cat=1&ccb=1-7&_nc_sid=136b72&_nc_ohc=jcZuiBJJlywQ7kNvwFByDZf&_nc_oc=AdptlL5nC1l8WQW-VSu4_AaC2afGQ-n5bUln930Pu4WYVu8CS2JHFlGUk8ZiNzT9tXg&_nc_zt=24&_nc_ht=scontent-iad3-1.xx&_nc_ss=7e2a8&oh=00_AQD3RPkn1wGH9dw6T0XEeq79YAtwDbVXd1sfwU-iU-TvcA&oe=6A80293A","https://www.facebook.com/hj.chino","0","1136433407270272","Ptpa
Murang rent to own
8k Reservation 
RFO Units available 
Flood free & Gated community 
Unit viewing agad bukas
Location: Mecauayan Bulacan",,,,,,,"0","0","1664125905000","https://www.facebook.com/groups/175130643400558/permalink/1136433407270272/"
"No photo description available.","860937798528643","photo","https://www.facebook.com/photo.php?fbid=860937798528643&set=gm.3220758904858165&type=3","No photo description available.","860937988528624","photo","https://www.facebook.com/photo.php?fbid=860937988528624&set=gm.3220758908191498&type=3","No photo description available.","860938161861940","photo","https://www.facebook.com/photo.php?fbid=860938161861940&set=gm.3220758918191497&type=3","No photo description available.","860938298528593","photo","https://www.facebook.com/photo.php?fbid=860938298528593&set=gm.3220758914858164&type=3","No photo description available.","860938438528579","photo","https://www.facebook.com/photo.php?fbid=860938438528579&set=gm.3220758911524831&type=3","100038372929627","Yel Kate","https://scontent-iad3-1.xx.fbcdn.net/v/t1.30497-1/453178253_471506465671661_2781666950760530985_n.png?stp=cp0_dst-png&cstp=mx2048x2048&ctp=s24x24&_nc_cat=1&ccb=1-7&_nc_sid=136b72&_nc_ohc=jcZuiBJJlywQ7kNvwFByDZf&_nc_oc=AdptlL5nC1l8WQW-VSu4_AaC2afGQ-n5bUln930Pu4WYVu8CS2JHFlGUk8ZiNzT9tXg&_nc_zt=24&_nc_ht=scontent-iad3-1.xx&_nc_ss=7e2a8&oh=00_AQD3RPkn1wGH9dw6T0XEeq79YAtwDbVXd1sfwU-iU-TvcA&oe=6A80293A","https://www.facebook.com/vincent.barroga.3914","1","3220758931524829","",,"1",,,,,"1","0","1664113935000","https://www.facebook.com/groups/1886644738269595/permalink/3220758931524829/"
"No photo description available.","5420048231377311","photo","https://www.facebook.com/photo.php?fbid=5420048231377311&set=gm.1203786126849450&type=3","No photo description available.","5420048248043976","photo","https://www.facebook.com/photo.php?fbid=5420048248043976&set=gm.1203786130182783&type=3","No photo description available.","5420048261377308","photo","https://www.facebook.com/photo.php?fbid=5420048261377308&set=gm.1203786123516117&type=3",,,,,,,,,"100001165640896","Guilara Crisonrichnice","https://scontent-iad3-2.xx.fbcdn.net/v/t39.30808-1/310737886_5486844784697655_5938295238637113547_n.jpg?stp=cp0_dst-jpg_tt6&cstp=mx720x720&ctp=s24x24&_nc_cat=105&ccb=1-7&_nc_sid=1d2534&_nc_ohc=gF1WPQ6szFgQ7kNvwE790uI&_nc_oc=AdopIdrGhrAQ0ESxSa1Jw8p1RE_UGLc2FpH1AuqqsDF3RXddYpGqCEljVzDWF7ZDtsA&_nc_zt=24&_nc_ht=scontent-iad3-2.xx&_nc_gid=EAF0_R_7WkIwajtbF8IBDg&_nc_ss=7e2a8&oh=00_AQCJEFtYo2mjGQzfKDrJSVkzv2wnnyVHflChHx444iNMeA&oe=6A5E8D36","https://www.facebook.com/cristina.aguilar.58367","0","1203786120182784","",,"1",,,,,"1","0","1665032254000","https://www.facebook.com/groups/houseandlotinantipolo/permalink/1203786120182784/"
"No photo description available.","5424464207640231","photo","https://www.facebook.com/photo.php?fbid=5424464207640231&set=gm.1863813923959427&type=3","No photo description available.","5424464310973554","photo","https://www.facebook.com/photo.php?fbid=5424464310973554&set=gm.1863813927292760&type=3","No photo description available.","5424464424306876","photo","https://www.facebook.com/photo.php?fbid=5424464424306876&set=gm.1863813907292762&type=3","No photo description available.","5424464494306869","photo","https://www.facebook.com/photo.php?fbid=5424464494306869&set=gm.1863813913959428&type=3","No photo description available.","5424464624306856","photo","https://www.facebook.com/photo.php?fbid=5424464624306856&set=gm.1863813910626095&type=3","100002301170830","Cass Velardo Recome","https://scontent-iad3-2.xx.fbcdn.net/v/t39.30808-1/623367797_25623254544001233_2755140157808368726_n.jpg?stp=cp0_dst-jpg_tt6&cstp=mx2043x2048&ctp=s24x24&_nc_cat=105&ccb=1-7&_nc_sid=1d2534&_nc_ohc=jXt9bQWYfCIQ7kNvwHf_K2t&_nc_oc=Adq94lYygQI_a2_YaZEGMKC34-kSrtDo9AHnKEIS7ClXz-vMolalPqZprthgljdR84A&_nc_zt=24&_nc_ht=scontent-iad3-2.xx&_nc_gid=EAF0_R_7WkIwajtbF8IBDg&_nc_ss=7e2a8&oh=00_AQDuEPAL3q7-ekRfXJX9RrhrdRGXVJIuwbzzGx1B7SMzfA&oe=6A5EA290","https://www.facebook.com/cass.recome","1","1863813920626094","🏠House and Lot (for sale)🏠
(APARTMENT STYLE) 
2units apartment 
Own electric and water meter 
45sqm 
Good for Investment 
Flood free 💯
10k monthly income 
1.8M negotiable 
Location : Centennial 2 nagpayong  pinagbuhatan Pasig city 
Pm me for viewing 😊",,"1",,,,,"1","0","1664065350000","https://www.facebook.com/groups/1361619630845528/permalink/1863813920626094/"
,,,,,,,,,,,,,,,,,,,,"100011838755723","Ymor Berganio","https://scontent-iad3-1.xx.fbcdn.net/v/t39.30808-1/654239932_2161143647623573_5848742671107525920_n.jpg?stp=cp0_dst-jpg_tt6&cstp=mx1500x1500&ctp=s24x24&_nc_cat=110&ccb=1-7&_nc_sid=e99d92&_nc_ohc=IwGPolLmptsQ7kNvwGJYVS2&_nc_oc=AdoYYw5zfZh8AhpuMoOpG6nwG3iKNb5jxgjeN_hKhzVdchUfUwcxouFR6R1x952nbNo&_nc_zt=24&_nc_ht=scontent-iad3-1.xx&_nc_gid=EAF0_R_7WkIwajtbF8IBDg&_nc_ss=7e2a8&oh=00_AQDjHaUiYINm9Y7t74IHqx5EqRkaKZLjKoNMFAHlWGpRyg&oe=6A5EA442","https://www.facebook.com/ymorandjhenn","0","1137738110488577","",,,,,,,"0","0","1664078299000","https://www.facebook.com/groups/617367755858951/permalink/1137738110488577/"
"No photo description available.","8672491246097885","photo","https://www.facebook.com/photo.php?fbid=8672491246097885&set=gm.5614326168610852&type=3","No photo description available.","8672491819431161","photo","https://www.facebook.com/photo.php?fbid=8672491819431161&set=gm.5614326175277518&type=3","No photo description available.","8672491556097854","photo","https://www.facebook.com/photo.php?fbid=8672491556097854&set=gm.5614326165277519&type=3","No photo description available.","8672491252764551","photo","https://www.facebook.com/photo.php?fbid=8672491252764551&set=gm.5614326178610851&type=3","No photo description available.","8672491459431197","photo","https://www.facebook.com/photo.php?fbid=8672491459431197&set=gm.5614326158610853&type=3","100000112878170","Sandrel Barra","https://scontent-iad3-1.xx.fbcdn.net/v/t39.30808-1/471146104_28618889154364799_4746159613820938841_n.jpg?stp=cp0_dst-jpg_tt6&cstp=mx960x960&ctp=s24x24&_nc_cat=104&ccb=1-7&_nc_sid=1d2534&_nc_ohc=NadPzEKxWy4Q7kNvwHyWgMQ&_nc_oc=AdqPrbcB2-r_3TDcqLlHqwUCpa6J4iO_8gWpL5K3KgdOvPfuCw1vZ09gop9-alwoolY&_nc_zt=24&_nc_ht=scontent-iad3-1.xx&_nc_gid=EAF0_R_7WkIwajtbF8IBDg&_nc_ss=7e2a8&oh=00_AQA5cS6MYNeYV_GYg6RUgbULCRaMPUHtJkbo3VnXz6dTDQ&oe=6A5E9D07","https://www.facebook.com/sandrodeee","0","5614326155277520","RE-OPENED READY FOR OCCUPANCY !! Paunahan nalang po! 

GOOD NEWS ‼️SA MGA NAUBUSAN DYAN AT GUSTO NG LIPAT AGAD ANG HANAP‼️
BAKA ITO NA ANG HINIHINTAY NYO‼️

Pine Grove Residences
Brgy. San Isidro, Taytay Rizal 

-Walking distance to Siena College Taytay
-Elevated area
-Flood free 

Lot area: 45 sqm
Floor area: 78 sqm  

House features:
3 Bedroom
2 Toilet & Bath
1 Car Garage 

Total Contract Price: Php 4,795,440.00
Reservation fee: Php 20,000 

Terms:
TCP: 4,795,440.00
RF: 20,000.00
DP: 407,440.00 / 6months @67,906.67
Balance: 4,368,000.00

  
📲For Inquiries and Tripping Schedule
Call/Message me 🙂 
🙋 Sandrel Barra
09453082687

#ReadyForOccupancy #rfo #TaytayRizal #houseandlot #townhouse",,,,,,,"0","0","1664166821000","https://www.facebook.com/groups/abotkayangbahaysarizal/permalink/5614326155277520/"
"No photo description available.","8672506052763071","photo","https://www.facebook.com/photo.php?fbid=8672506052763071&set=gm.1524729081305873&type=3","No photo description available.","8672506129429730","photo","https://www.facebook.com/photo.php?fbid=8672506129429730&set=gm.1524729084639206&type=3","No photo description available.","8672506336096376","photo","https://www.facebook.com/photo.php?fbid=8672506336096376&set=gm.1524729087972539&type=3","No photo description available.","8672506136096396","photo","https://www.facebook.com/photo.php?fbid=8672506136096396&set=gm.1524729097972538&type=3","No photo description available.","8672506446096365","photo","https://www.facebook.com/photo.php?fbid=8672506446096365&set=gm.1524729091305872&type=3","100000112878170","Sandrel Barra","https://scontent-iad3-1.xx.fbcdn.net/v/t39.30808-1/471146104_28618889154364799_4746159613820938841_n.jpg?stp=cp0_dst-jpg_tt6&cstp=mx960x960&ctp=s24x24&_nc_cat=104&ccb=1-7&_nc_sid=1d2534&_nc_ohc=NadPzEKxWy4Q7kNvwHyWgMQ&_nc_oc=AdqPrbcB2-r_3TDcqLlHqwUCpa6J4iO_8gWpL5K3KgdOvPfuCw1vZ09gop9-alwoolY&_nc_zt=24&_nc_ht=scontent-iad3-1.xx&_nc_gid=2vS4oOwSoizFrSb_JhFAXA&_nc_ss=7e2a8&oh=00_AQDRTps2V-ENj4GOoJz8taOKBsBTxrYz7wfO1nYLJccdmg&oe=6A5E9D07","https://www.facebook.com/sandrodeee","0","1524729077972540","RE-OPENED READY FOR OCCUPANCY !! Paunahan nalang po! 

GOOD NEWS ‼️SA MGA NAUBUSAN DYAN AT GUSTO NG LIPAT AGAD ANG HANAP‼️
BAKA ITO NA ANG HINIHINTAY NYO‼️

Pine Grove Residences
Brgy. San Isidro, Taytay Rizal 

-Walking distance to Siena College Taytay
-Elevated area
-Flood free 

Lot area: 45 sqm
Floor area: 78 sqm  

House features:
3 Bedroom
2 Toilet & Bath
1 Car Garage 

Total Contract Price: Php 4,795,440.00
Reservation fee: Php 20,000 

Terms:
TCP: 4,795,440.00
RF: 20,000.00
DP: 407,440.00 / 6months @67,906.67
Balance: 4,368,000.00

  
📲For Inquiries and Tripping Schedule
Call/Message me 🙂 
🙋 Sandrel Barra
09453082687

#ReadyForOccupancy #rfo #TaytayRizal #houseandlot #townhouse",,,,,,,"0","0","1664167033000","https://www.facebook.com/groups/413500105762115/permalink/1524729077972540/"
"No photo description available.","861492458473177","photo","https://www.facebook.com/photo.php?fbid=861492458473177&set=gm.3221283651472357&type=3","No photo description available.","861492675139822","photo","https://www.facebook.com/photo.php?fbid=861492675139822&set=gm.3221283648139024&type=3","No photo description available.","861492878473135","photo","https://www.facebook.com/photo.php?fbid=861492878473135&set=gm.3221283658139023&type=3","No photo description available.","861493101806446","photo","https://www.facebook.com/photo.php?fbid=861493101806446&set=gm.3221283661472356&type=3","No photo description available.","861493388473084","photo","https://www.facebook.com/photo.php?fbid=861493388473084&set=gm.3221283628139026&type=3","100038372929627","Yel Kate","https://scontent-iad3-1.xx.fbcdn.net/v/t1.30497-1/453178253_471506465671661_2781666950760530985_n.png?stp=cp0_dst-png&cstp=mx2048x2048&ctp=s24x24&_nc_cat=1&ccb=1-7&_nc_sid=136b72&_nc_ohc=jcZuiBJJlywQ7kNvwFByDZf&_nc_oc=AdptlL5nC1l8WQW-VSu4_AaC2afGQ-n5bUln930Pu4WYVu8CS2JHFlGUk8ZiNzT9tXg&_nc_zt=24&_nc_ht=scontent-iad3-1.xx&_nc_ss=7e2a8&oh=00_AQD3RPkn1wGH9dw6T0XEeq79YAtwDbVXd1sfwU-iU-TvcA&oe=6A80293A","https://www.facebook.com/vincent.barroga.3914","0","3221283654805690","",,,,,,,"0","0","1664155315000","https://www.facebook.com/groups/1886644738269595/permalink/3221283654805690/"
"No photo description available.","2437539693052133","photo","https://www.facebook.com/photo.php?fbid=2437539693052133&set=gm.658217405509382&type=3","No photo description available.","2437539749718794","photo","https://www.facebook.com/photo.php?fbid=2437539749718794&set=gm.658217412176048&type=3","No photo description available.","2437539799718789","photo","https://www.facebook.com/photo.php?fbid=2437539799718789&set=gm.658217408842715&type=3","No photo description available.","2437539859718783","photo","https://www.facebook.com/photo.php?fbid=2437539859718783&set=gm.658217415509381&type=3","No photo description available.","2437539903052112","photo","https://www.facebook.com/photo.php?fbid=2437539903052112&set=gm.658217418842714&type=3","100003883783394","Jen Guansing Sunico","https://scontent-iad6-1.xx.fbcdn.net/v/t39.30808-1/493670172_3241113999361361_8888231172099251533_n.jpg?stp=cp0_dst-jpg_tt6&cstp=mx960x960&ctp=s24x24&_nc_cat=100&ccb=1-7&_nc_sid=1d2534&_nc_ohc=Hi_aY011LToQ7kNvwG_qdWW&_nc_oc=AdqtJqo9bzWg-zBaAgbzHTMpVifyr_GX8YBIZ5cSzs1xjUefXFW4nhxV3xZgZVg6eFw&_nc_zt=24&_nc_ht=scontent-iad6-1.xx&_nc_gid=2vS4oOwSoizFrSb_JhFAXA&_nc_ss=7e2a8&oh=00_AQA_qe6hN-wfz2cS2fD3nVwLN0f-sLtfUemU2P3vVkOV0Q&oe=6A5E94A1","https://www.facebook.com/reyjen.sunico","0","658217398842716","NEW ASSUME BALANCE
LOCATED AT SPRINGTOWN VILLAS SUBD. BRGY. BUCAL TANZA,CAVITE.

✅6,600K MONTHLY AMORT
✅ 36 LA SQ METER X  30 FA SQ METER
✅WITH OWN WATER AND ELECTRICITY ARLEADY
✅TOWNHOUSE
✅FLOOD FREE
✅LOCATION IS VERY ACCESSIBLE

🚨45 MINS AWAY TO MANILA🚙

🚙MALAPIT SA HOSPITAL
🚙MALAPIT SA LYING INN CLINIC
🚙MALAPIT SA CHURCH
🚙MALAPIT SA PALENGKE
🚙MALAPIT SA GATE
🚙MALAPIT SA MALLS
🚙MALAPIT SA SCHOOL (PUBLIC AND PRIVATE)
CALL OR TXT MS JEAN☺️ 09309144868",,,,,,,"0","0","1664082062000","https://www.facebook.com/groups/367775544553571/permalink/658217398842716/"
"No photo description available.","5424482457638406","photo","https://www.facebook.com/photo.php?fbid=5424482457638406&set=gm.1237470893718395&type=3","No photo description available.","5424482607638391","photo","https://www.facebook.com/photo.php?fbid=5424482607638391&set=gm.1237470907051727&type=3","No photo description available.","5424482817638370","photo","https://www.facebook.com/photo.php?fbid=5424482817638370&set=gm.1237470897051728&type=3","No photo description available.","5424483167638335","photo","https://www.facebook.com/photo.php?fbid=5424483167638335&set=gm.1237470910385060&type=3","No photo description available.","5424483290971656","photo","https://www.facebook.com/photo.php?fbid=5424483290971656&set=gm.1237470913718393&type=3","100002301170830","Cass Velardo Recome","https://scontent-iad3-2.xx.fbcdn.net/v/t39.30808-1/623367797_25623254544001233_2755140157808368726_n.jpg?stp=cp0_dst-jpg_tt6&cstp=mx2043x2048&ctp=s24x24&_nc_cat=105&ccb=1-7&_nc_sid=1d2534&_nc_ohc=jXt9bQWYfCIQ7kNvwHf_K2t&_nc_oc=Adq94lYygQI_a2_YaZEGMKC34-kSrtDo9AHnKEIS7ClXz-vMolalPqZprthgljdR84A&_nc_zt=24&_nc_ht=scontent-iad3-2.xx&_nc_gid=2vS4oOwSoizFrSb_JhFAXA&_nc_ss=7e2a8&oh=00_AQB5CfJpruEm-sDQp2L8IIal4fzBaaYJaGfNuD0M_psIYQ&oe=6A5EA290","https://www.facebook.com/cass.recome","0","1237470900385061","🏠House and Lot (for sale)🏠
(APARTMENT STYLE) 
2units apartment 
Own electric and water meter 
45sqm 
Good for Investment 
Flood free 💯
10k monthly income 
1.8M negotiable 

Location : Centennial 2 Pinagbuhatan Pasig City 
Message me directly for more details and viewing!",,"1",,,,,"1","0","1664065843000","https://www.facebook.com/groups/565797664219058/permalink/1237470900385061/"
"No photo description available.","5850819161629468","photo","https://www.facebook.com/photo/?fbid=5850819161629468&set=gm.832903107725312&idorvanity=356570632025231",,,,,,,,,,,,,,,,,"100001043253504","Mary Jane Abioro Garalde","https://scontent-iad6-1.xx.fbcdn.net/v/t39.30808-1/537319221_24821834814101284_28487905442647693_n.jpg?stp=cp0_dst-jpg_tt6&cstp=mx1062x1062&ctp=s24x24&_nc_cat=106&ccb=1-7&_nc_sid=1d2534&_nc_ohc=4r7gYn7hJXYQ7kNvwHV00U7&_nc_oc=AdrZV4kj24sRCfp2moTeqwrvXVLtx2eunF1EUtqON8YRWHuPzFVFYRxwUR8eAYjBlzU&_nc_zt=24&_nc_ht=scontent-iad6-1.xx&_nc_gid=2vS4oOwSoizFrSb_JhFAXA&_nc_ss=7e2a8&oh=00_AQBKuHCfa2mgMfliPdPbLwbkkT3k5y3ljFx1cbw6SrLerQ&oe=6A5E9D9C","https://www.facebook.com/maryjane.abiorogaralde","0","832903107725312","DECA HOMES MEYCAUAYAN
RENT TO OWN TOWNHOUSE RESERVE YOURS NOW‼🏠
👍May pag-ibig financing ka ba? Pwedeng pwede dito yan!
👍Pagod ka na mangupahan na in the end wala ring patutunguhan? Dito ka na, mangungupahan ka pero pagkatapos mo hulugan matatawag mong AKIN na!(My Dream Home)😍

✅ 10K reservation (LOWEST CASHOUT)
✅ LOW Equity
✅ LOW Monthly
✅ 1 Day Process Reservation Only!
✅ FAST & EASY Move-in!
✅ FLEXIBLE Payment Terms
✅ FLOOD-FREE Community
✅ 24/7 Security
✅ Pet Friendly
STOP RENTING!🙅
START OWNING!👍
Message or call us for your inquiries and other details
We are happy to assist you!♥️

#allHIS
#CasaQuatroRealty
#Murangpabahaysabulacan
#Townhouse
#GoodInvestment
#Houseandlotsabulacan",,,,,,,"0","0","1664195604000","https://www.facebook.com/groups/356570632025231/permalink/832903107725312/"
"No photo description available.","3323574921305316","photo","https://www.facebook.com/photo.php?fbid=3323574921305316&set=gm.1757045594663779&type=3","No photo description available.","3323574934638648","photo","https://www.facebook.com/photo.php?fbid=3323574934638648&set=gm.1757045601330445&type=3","No photo description available.","3323574954638646","photo","https://www.facebook.com/photo.php?fbid=3323574954638646&set=gm.1757045597997112&type=3","No photo description available.","3323574981305310","photo","https://www.facebook.com/photo.php?fbid=3323574981305310&set=gm.1757045604663778&type=3","No photo description available.","3323574997971975","photo","https://www.facebook.com/photo.php?fbid=3323574997971975&set=gm.1757045577997114&type=3","100009585224062","Jaworski Dela Paz","https://scontent-iad3-2.xx.fbcdn.net/v/t39.30808-1/746308378_4481820545480742_4696998209344182579_n.jpg?stp=cp0_dst-jpg_tt6&cstp=mx1254x1254&ctp=s24x24&_nc_cat=111&ccb=1-7&_nc_sid=1d2534&_nc_ohc=x32mWnPl-I0Q7kNvwFEygnk&_nc_oc=AdoiEH_mdODii4vdzEcsMcxg5MLRc9pEJm_gyxqv4kow1sqmIShZ8XUuoSZQbYLbFKo&_nc_zt=24&_nc_ht=scontent-iad3-2.xx&_nc_gid=2vS4oOwSoizFrSb_JhFAXA&_nc_ss=7e2a8&oh=00_AQBu9a9nNxW_4Wey-DkOWS8ITTk7UeWffLJdvxIK5u_d-Q&oe=6A5E986A","https://www.facebook.com/JaworskiDelaPaz05","0","1757045587997113","",,,,,,,"0","0","1664210475000","https://www.facebook.com/groups/814519768916371/permalink/1757045587997113/"
"No photo description available.","3274083219531446","photo","https://www.facebook.com/photo.php?fbid=3274083219531446&set=gm.1756541574717566&type=3","No photo description available.","3274083259531442","photo","https://www.facebook.com/photo.php?fbid=3274083259531442&set=gm.1756541588050898&type=3","No photo description available.","3274083309531437","photo","https://www.facebook.com/photo.php?fbid=3274083309531437&set=gm.1756541578050899&type=3",,,,,,,,,"100007893990618","Karen Anne Villagomeza Roa","https://scontent-iad3-1.xx.fbcdn.net/v/t39.30808-1/450555879_3743354315937665_2603120821289355697_n.jpg?stp=cp0_dst-jpg_tt6&cstp=mx954x960&ctp=s24x24&_nc_cat=104&ccb=1-7&_nc_sid=1d2534&_nc_ohc=asq5gBt7i7MQ7kNvwF5AFvZ&_nc_oc=AdqNnrhti1gIGwIy7ag21ok-Wnq16hsC0VSVhfzH2rVZIIp23Q_02aemDFF-lb3VXDE&_nc_zt=24&_nc_ht=scontent-iad3-1.xx&_nc_gid=2vS4oOwSoizFrSb_JhFAXA&_nc_ss=7e2a8&oh=00_AQCEHVUQyQde4adg7Tqf-WGt0f6W4AzJTp5OKhsCftpboA&oe=6A5E9DC2","https://www.facebook.com/Karen.roa29","0","1756541584717565","RUSH LOT FOR SALE: 120 sqm Residential Lot in Cainta Greenland - Phase 9c block 5 lot 6

Lot Area: 120 sqm
Lot Type: Inner
Price per sqm: P16.5k/sqm

✅ CLEAN TITLE
✅ Direct to owner
✅ FLOOD FREE
✅ Negotiable if cash payment
✅ Open for installment up to 1 year

Transfer of title shoulder by the buyer

Title is still under sta. Lucia realty and waiting for the release.",,"1",,,,,"1","0","1664073960000","https://www.facebook.com/groups/566514060386996/permalink/1756541584717565/"
,,,,,,,,,,,,,,,,,,,,"100000603614791","John Vincent Breis Hugo","https://scontent-iad6-1.xx.fbcdn.net/v/t39.30808-1/571152212_25722073657396069_302485850946875642_n.jpg?stp=cp0_dst-jpg_tt6&cstp=mx1126x1125&ctp=s24x24&_nc_cat=100&ccb=1-7&_nc_sid=1d2534&_nc_ohc=ThUEwPCG1QUQ7kNvwEFNjDU&_nc_oc=AdqO4zZRIKZz6Fqi9XQqgfGuR66cM_k6EKq3pVeDnoDtnkxL0VBKmBjOGoeAqHqxZ4I&_nc_zt=24&_nc_ht=scontent-iad6-1.xx&_nc_gid=TxMqssdOcmqGLbpAj5-JWA&_nc_ss=7e2a8&oh=00_AQBwdzQsruajqz_bwuNkrO1CO2pPf2oAY2I7zvI5GgwcwQ&oe=6A5E8534","https://www.facebook.com/johnvincent.hugo","0","1213864305860544","Lf paupahan basta sariling kuntador ng kuryente (meralco) at tubig (manila water) auto pass sa SUBMETER. Sa IPI work ko so preffered ko lang 15 mins na lakad pa sakayan sa pa IPI or kung may mas malapit mas mabuti. Flood free. Money on hand na kaya down agad pag nagustuhan. 4K-5K only ang budget pag lagpas pa dyan pass na. Lipat agad this Sept. 28",,,,,,,"0","0","1664766935000","https://www.facebook.com/groups/198415384072113/permalink/1213864305860544/"
,,,,,,,,,,,,,,,,,,,,"100001616675618","Beth Rios Veraguas","https://scontent-iad6-1.xx.fbcdn.net/v/t39.30808-1/638207768_26055303104106890_8130562324266429190_n.jpg?stp=c7.0.404.404a_cp0_dst-jpg_tt6&cstp=mx404x404&ctp=s24x24&_nc_cat=102&ccb=1-7&_nc_sid=1d2534&_nc_ohc=J6xaBWlaRRIQ7kNvwHMAjGQ&_nc_oc=AdoIBEjg68ir2wkEPW9Bzx4tx_8VSzAojnCnEJPrwa0eLHDeM1b8GDxsmb5du92zkBQ&_nc_zt=24&_nc_ht=scontent-iad6-1.xx&_nc_gid=TxMqssdOcmqGLbpAj5-JWA&_nc_ss=7e2a8&oh=00_AQC5aJbvYCZnOwABmWFqQW2oobJ2lXqyIwgvHHrigiHKnQ&oe=6A5E9607","https://www.facebook.com/Rioslilybeth","1","1201642063746476","",,"1",,,,,"1","1","1664246254000","https://www.facebook.com/groups/houseandlotforsaleantipolo/permalink/1201642063746476/"
,,,,,,,,,,,,,,,,,,,,"100064027365743","Affordable Lot's for Sale","https://scontent-iad3-1.xx.fbcdn.net/v/t39.30808-1/246519063_295645442397597_6960205730054057025_n.jpg?stp=cp0_dst-jpg_tt6&cstp=mx1440x1421&ctp=s40x40&_nc_cat=110&ccb=1-7&_nc_sid=2d3e12&_nc_ohc=d0X28KVLMXQQ7kNvwFS0CwK&_nc_oc=AdoQFYQCPr88kI1dN8G-na5V_ZIU4vipXdPx-ImNPKsd2SnAkYDLNrECRji4I8Mt7B4&_nc_zt=24&_nc_ht=scontent-iad3-1.xx&_nc_gid=TxMqssdOcmqGLbpAj5-JWA&_nc_ss=7e2a8&oh=00_AQCOBwOHCgHldLiaxO8jd5DQd3Lm4n2cEiLyDzFJa1Qm0w&oe=6A5EA580","https://www.facebook.com/MajoysRebate","0","5469968476462197","AFFORDABLE INVESTMENT ‼️ RETIREMENT INVESTMENT ‼️ NEAR TAGAYTAY PROPERTY ‼️ 

☎️: 0929 862 6214

#AffordableInvestment 
#residentialrealestate 
#ResidentialLot 
#residentialfarmlot 
#PERMISIONTOPOSTADMIN 
#PTPA

Ps. PLEASE DON'T COPY AND PASTE THIS POST! THIS CAPTION'S AND PICTURE 'S BELONGS ONLY TO Affordable Lot's for Sale",,,,,,,"0","0","1664131391000","https://www.facebook.com/groups/1770101156448966/permalink/5469968476462197/"
,,,,,,,,,,,,,,,,,,,,"100000216228020","Teresa Nacionales","https://scontent-iad3-1.xx.fbcdn.net/v/t39.30808-1/603834623_26530624556528058_1957109444198817177_n.jpg?stp=cp0_dst-jpg_tt6&cstp=mx713x713&ctp=s40x40&_nc_cat=108&ccb=1-7&_nc_sid=1d2534&_nc_ohc=ECc9G7zYhhEQ7kNvwHCsSqj&_nc_oc=AdrOR6z53DoYF1AQY_9Samb9DIVSr34h207DhDKlv8Hb-cpBasT16uvZ5IEVL8Mbgvw&_nc_zt=24&_nc_ht=scontent-iad3-1.xx&_nc_gid=TxMqssdOcmqGLbpAj5-JWA&_nc_ss=7e2a8&oh=00_AQCzWrfQE_mVgIf5IXJLNGhrid3ajlehnWqfBur2jWgEMw&oe=6A5E8DA0","https://www.facebook.com/teresa.nacionales.7","0","4978365888929836","",,,,,,,"0","0","1664066312000","https://www.facebook.com/groups/ofwpropertyinvestment/permalink/4978365888929836/"
,,,,,,,,,,,,,,,,,,,,"100084564824056","Amaia Avida by Antonette De Guzman","https://scontent-iad6-1.xx.fbcdn.net/v/t39.30808-1/378966788_276618781833614_3940590320533928178_n.jpg?stp=cp0_dst-jpg_tt6&cstp=mx500x500&ctp=s40x40&_nc_cat=107&ccb=1-7&_nc_sid=2d3e12&_nc_ohc=sgx0YOBXFzUQ7kNvwEsQ9C9&_nc_oc=Adr36NvkzW4bn5ZCRYbVXcqAPCRrBNxlLeeYFdG568zYuC2DPPwjFZDczR4TPRnbJRA&_nc_zt=24&_nc_ht=scontent-iad6-1.xx&_nc_gid=TxMqssdOcmqGLbpAj5-JWA&_nc_ss=7e2a8&oh=00_AQArVN-33_kvBn-FoBjRxbw2_dQEivlMRguZ7LWa4e0jAA&oe=6A5E8626","https://www.facebook.com/antonettedeguzman.thepropertyvoyager","0","5653735017980305","",,,,,,,"0","0","1664197824000","https://www.facebook.com/groups/987254351295085/permalink/5653735017980305/"
,,,,,,,,,,,,,,,,,,,,"1285702676","Bevs Deniega","https://scontent-iad6-1.xx.fbcdn.net/v/t39.30808-1/707125481_10236353392356671_750338119251098840_n.jpg?stp=cp0_dst-jpg_tt6&cstp=mx960x960&ctp=s40x40&_nc_cat=102&ccb=1-7&_nc_sid=1d2534&_nc_ohc=JvSWL-Pu5A8Q7kNvwFpFwns&_nc_oc=AdqoqvSX7DZFaF1GhFtqO9a4pGK5NX8wYxM1N05FvugXFxeOYmnbUTlFxQrjWGyqaQE&_nc_zt=24&_nc_ht=scontent-iad6-1.xx&_nc_gid=kRxcukK5rMykcJXtiaQ9rw&_nc_ss=7e2a8&oh=00_AQCXjf5nxXHynrbmSI1oUoQ9Kl48pFrwWBNrLJ8w_hw71Q&oe=6A5EA26C","https://www.facebook.com/beverlyn.deniega","0","3199991516879770","",,"1",,,,,"1","0","1664087296000","https://www.facebook.com/groups/1529215277290744/permalink/3199991516879770/"
,,,,,,,,,,,,,,,,,,,,"100066291500027","Pasig City Public Information Office","https://scontent-iad3-2.xx.fbcdn.net/v/t39.30808-1/241304413_194220316131017_8817860418863376271_n.jpg?stp=c320.250.1429.1429a_cp0_dst-jpg_tt6&cstp=mx1429x1429&ctp=s40x40&_nc_cat=111&ccb=1-7&_nc_sid=2d3e12&_nc_ohc=i_9ty_nGnm0Q7kNvwEThftK&_nc_oc=AdqSxnHEBANWy1WG_gvWzV8nRltT7CJxPugAkeWrc8ODRO0YlI5kOHuH44hk7gPVMaI&_nc_zt=24&_nc_ht=scontent-iad3-2.xx&_nc_gid=kRxcukK5rMykcJXtiaQ9rw&_nc_ss=7e2a8&oh=00_AQCUM8GPXevjR3gooJju_8urtt0l3X99gwnQZgvgFlKzcg&oe=6A5E8D96","https://www.facebook.com/PasigPIO","0","493975932737399","Kasalukuyang nakataas ang Tropical Cyclone Wind Signal (TWCS) No. 3 sa Metro Manila kaugnay ng Super Typhoon #KardingPH

Narito ang ilang Flood Safety Tips na dapat tandaan at sundin bago, habang, at pagkatapos bumaha dala ng bagyo.

Para sa emergencies, tumawag sa Pasig City Emergency Hotline: 8643 0000.",,"1",,,,,"1","0","1664096525000","https://www.facebook.com/plpeducatorscircle22/posts/pfbid0gcP8ZUuzVVAcyMfvAXvaJjVZ2DMJz6oVdmFh4XSCtdA2ftZzPPrK25j7NETo8u5Nl"
"No photo description available.","452572556848163","photo","https://www.facebook.com/photo/?fbid=452572556848163&set=gm.1464447030760223&idorvanity=687728615098739",,,,,,,,,,,,,,,,,"100062862674307","Victoria Green Residences","https://scontent-iad3-1.xx.fbcdn.net/v/t1.6435-1/141139327_103249675113788_3493608386822769083_n.jpg?stp=cp0_dst-jpg_tt6&cstp=mx500x500&ctp=s24x24&_nc_cat=108&ccb=1-7&_nc_sid=e99d92&_nc_ohc=XiiRCFCXo6EQ7kNvwHqak6T&_nc_oc=Adp8_A8r4b3fRyU0HDIQCE6pOZ-RT--iDDUhNa48H1Dv8aGwEaIUgTHBnZB78rEF0mc&_nc_zt=24&_nc_ht=scontent-iad3-1.xx&_nc_gid=kRxcukK5rMykcJXtiaQ9rw&_nc_ss=7e2a8&oh=00_AQDhkpTaaDSBbgHdBD8LriqrdwtIOKW9x5uwCHJNfw1bew&oe=6A805A5F","https://www.facebook.com/VictoriaGreenResidencesph","0","1464447030760223","",,,,,,,"0","0","1664171515000","https://www.facebook.com/groups/687728615098739/permalink/1464447030760223/"
,"651819246287108","video",,,,,,,,,,,,,,,,,,"100062862674307","Victoria Green Residences","https://scontent-iad3-1.xx.fbcdn.net/v/t1.6435-1/141139327_103249675113788_3493608386822769083_n.jpg?stp=cp0_dst-jpg_tt6&cstp=mx500x500&ctp=s24x24&_nc_cat=108&ccb=1-7&_nc_sid=e99d92&_nc_ohc=XiiRCFCXo6EQ7kNvwHqak6T&_nc_oc=Adp8_A8r4b3fRyU0HDIQCE6pOZ-RT--iDDUhNa48H1Dv8aGwEaIUgTHBnZB78rEF0mc&_nc_zt=24&_nc_ht=scontent-iad3-1.xx&_nc_gid=kRxcukK5rMykcJXtiaQ9rw&_nc_ss=7e2a8&oh=00_AQDhkpTaaDSBbgHdBD8LriqrdwtIOKW9x5uwCHJNfw1bew&oe=6A805A5F","https://www.facebook.com/VictoriaGreenResidencesph","0","871975037542992","",,"1",,,,,"1","0","1664170693000","https://www.facebook.com/groups/561164065290759/permalink/871975037542992/"
,"627599912315560","video",,,,,,,,,,,,,,,,,,"100062862674307","Victoria Green Residences","https://scontent-iad3-1.xx.fbcdn.net/v/t1.6435-1/141139327_103249675113788_3493608386822769083_n.jpg?stp=cp0_dst-jpg_tt6&cstp=mx500x500&ctp=s24x24&_nc_cat=108&ccb=1-7&_nc_sid=e99d92&_nc_ohc=XiiRCFCXo6EQ7kNvwHqak6T&_nc_oc=Adp8_A8r4b3fRyU0HDIQCE6pOZ-RT--iDDUhNa48H1Dv8aGwEaIUgTHBnZB78rEF0mc&_nc_zt=24&_nc_ht=scontent-iad3-1.xx&_nc_gid=kRxcukK5rMykcJXtiaQ9rw&_nc_ss=7e2a8&oh=00_AQDhkpTaaDSBbgHdBD8LriqrdwtIOKW9x5uwCHJNfw1bew&oe=6A805A5F","https://www.facebook.com/VictoriaGreenResidencesph","0","861768231813395","",,,,,,,"0","0","1664170531000","https://www.facebook.com/groups/204311527559072/permalink/861768231813395/"
,"801446307872100","video",,,,,,,,,,,,,,,,,,"100062862674307","Victoria Green Residences","https://scontent-iad3-1.xx.fbcdn.net/v/t1.6435-1/141139327_103249675113788_3493608386822769083_n.jpg?stp=cp0_dst-jpg_tt6&cstp=mx500x500&ctp=s24x24&_nc_cat=108&ccb=1-7&_nc_sid=e99d92&_nc_ohc=XiiRCFCXo6EQ7kNvwHqak6T&_nc_oc=Adp8_A8r4b3fRyU0HDIQCE6pOZ-RT--iDDUhNa48H1Dv8aGwEaIUgTHBnZB78rEF0mc&_nc_zt=24&_nc_ht=scontent-iad3-1.xx&_nc_gid=RGKjIvYMF2hiDL8_XL1QQQ&_nc_ss=7e2a8&oh=00_AQBWij4MvlBcmXe7s_2KN-8sFYcQt-GO7D-D6seDj99fQw&oe=6A805A5F","https://www.facebook.com/VictoriaGreenResidencesph","0","1178127486102206","",,,,,,,"0","0","1664169280000","https://www.facebook.com/groups/633171640597796/permalink/1178127486102206/"
,"462907212560450","video",,,,,,,,,,,,,,,,,,"100062862674307","Victoria Green Residences","https://scontent-iad3-1.xx.fbcdn.net/v/t1.6435-1/141139327_103249675113788_3493608386822769083_n.jpg?stp=cp0_dst-jpg_tt6&cstp=mx500x500&ctp=s24x24&_nc_cat=108&ccb=1-7&_nc_sid=e99d92&_nc_ohc=XiiRCFCXo6EQ7kNvwHqak6T&_nc_oc=Adp8_A8r4b3fRyU0HDIQCE6pOZ-RT--iDDUhNa48H1Dv8aGwEaIUgTHBnZB78rEF0mc&_nc_zt=24&_nc_ht=scontent-iad3-1.xx&_nc_gid=RGKjIvYMF2hiDL8_XL1QQQ&_nc_ss=7e2a8&oh=00_AQBWij4MvlBcmXe7s_2KN-8sFYcQt-GO7D-D6seDj99fQw&oe=6A805A5F","https://www.facebook.com/VictoriaGreenResidencesph","0","1149209749007446","",,,,,,,"0","0","1664165374000","https://www.facebook.com/groups/1036554763606279/permalink/1149209749007446/"
,"453766413451736","video",,,,,,,,,,,,,,,,,,"100062862674307","Victoria Green Residences","https://scontent-iad3-1.xx.fbcdn.net/v/t1.6435-1/141139327_103249675113788_3493608386822769083_n.jpg?stp=cp0_dst-jpg_tt6&cstp=mx500x500&ctp=s24x24&_nc_cat=108&ccb=1-7&_nc_sid=e99d92&_nc_ohc=XiiRCFCXo6EQ7kNvwHqak6T&_nc_oc=Adp8_A8r4b3fRyU0HDIQCE6pOZ-RT--iDDUhNa48H1Dv8aGwEaIUgTHBnZB78rEF0mc&_nc_zt=24&_nc_ht=scontent-iad3-1.xx&_nc_gid=RGKjIvYMF2hiDL8_XL1QQQ&_nc_ss=7e2a8&oh=00_AQBWij4MvlBcmXe7s_2KN-8sFYcQt-GO7D-D6seDj99fQw&oe=6A805A5F","https://www.facebook.com/VictoriaGreenResidencesph","0","1901868220155741","",,,,,,,"0","0","1664170428000","https://www.facebook.com/groups/1520644541611446/permalink/1901868220155741/"
"No photo description available.","452581573513928","photo","https://www.facebook.com/photo/?fbid=452581573513928&set=gm.1152940842014527&idorvanity=372751600033459",,,,,,,,,,,,,,,,,"100062862674307","Victoria Green Residences","https://scontent-iad3-1.xx.fbcdn.net/v/t1.6435-1/141139327_103249675113788_3493608386822769083_n.jpg?stp=cp0_dst-jpg_tt6&cstp=mx500x500&ctp=s24x24&_nc_cat=108&ccb=1-7&_nc_sid=e99d92&_nc_ohc=XiiRCFCXo6EQ7kNvwHqak6T&_nc_oc=Adp8_A8r4b3fRyU0HDIQCE6pOZ-RT--iDDUhNa48H1Dv8aGwEaIUgTHBnZB78rEF0mc&_nc_zt=24&_nc_ht=scontent-iad3-1.xx&_nc_gid=RGKjIvYMF2hiDL8_XL1QQQ&_nc_ss=7e2a8&oh=00_AQBWij4MvlBcmXe7s_2KN-8sFYcQt-GO7D-D6seDj99fQw&oe=6A805A5F","https://www.facebook.com/VictoriaGreenResidencesph","0","1152940842014527","",,,,,,,"0","0","1664172293000","https://www.facebook.com/groups/372751600033459/permalink/1152940842014527/"
"No photo description available.","8062268213845438","photo","https://www.facebook.com/photo.php?fbid=8062268213845438&set=gm.1666853180383106&type=3","No photo description available.","8062268287178764","photo","https://www.facebook.com/photo.php?fbid=8062268287178764&set=gm.1666853193716438&type=3","No photo description available.","8062268467178746","photo","https://www.facebook.com/photo.php?fbid=8062268467178746&set=gm.1666853183716439&type=3","No photo description available.","8062268680512058","photo","https://www.facebook.com/photo.php?fbid=8062268680512058&set=gm.1666853197049771&type=3","No photo description available.","8062268877178705","photo","https://www.facebook.com/photo.php?fbid=8062268877178705&set=gm.1666853190383105&type=3","100001870172871","Nikka Medina","https://scontent-iad6-1.xx.fbcdn.net/v/t39.30808-1/616814956_33336988502613394_6773688505601127770_n.jpg?stp=cp0_dst-jpg_tt6&cstp=mx1080x1086&ctp=s24x24&_nc_cat=109&ccb=1-7&_nc_sid=e99d92&_nc_ohc=ut65ycoH12YQ7kNvwGbzsXq&_nc_oc=AdoPscFGCRHEewvlNT7VulQD_E9tRIWG87FwRy7U4sZCyfqKam2kHqGjdJnWdg78TW4&_nc_zt=24&_nc_ht=scontent-iad6-1.xx&_nc_gid=RGKjIvYMF2hiDL8_XL1QQQ&_nc_ss=7e2a8&oh=00_AQC_3SZ4uIEl6fv1DXwSjH5rVZ0U6tyR8NyCztG5jI6hoQ&oe=6A5EB86E","https://www.facebook.com/medina.nikka","0","1666853187049772","BEST VACATION, RETIREMENT & INVESTMENT!
Take advantage of Pre-Selling rates of Tagaytay Clifton Resort Suites!

✔LIFETIME - Perpetual Ownership, Transferable Property and Best Retirement Plan.
✔HASSLE FREE - with International Hotel Operator who will be in charge of managing the rentals, maintenance, marketing and advertising.
✔HIGH RETURN OF INVESTMENT - guaranteed monthly income whether rented out or not.
✔GREAT LOCATION - Very accessible to all important establishment, far from fault line, flash flood free location and enjoy a mid-rise building with 80% open space with sights of Taal & Batangas landscape.

Flexible Payment Scheme
No Downpayment
0% Interest
Payable Until Turnover
Only 25,000 Reservation Fee

For more details message us now!👇",,,,,,,"0","0","1664191707000","https://www.facebook.com/groups/affordable.condominiums/permalink/1666853187049772/"
"No photo description available.","452578596847559","photo","https://www.facebook.com/photo/?fbid=452578596847559&set=gm.784781622792112&idorvanity=326051551998457",,,,,,,,,,,,,,,,,"100062862674307","Victoria Green Residences","https://scontent-iad3-1.xx.fbcdn.net/v/t1.6435-1/141139327_103249675113788_3493608386822769083_n.jpg?stp=cp0_dst-jpg_tt6&cstp=mx500x500&ctp=s24x24&_nc_cat=108&ccb=1-7&_nc_sid=e99d92&_nc_ohc=XiiRCFCXo6EQ7kNvwHqak6T&_nc_oc=Adp8_A8r4b3fRyU0HDIQCE6pOZ-RT--iDDUhNa48H1Dv8aGwEaIUgTHBnZB78rEF0mc&_nc_zt=24&_nc_ht=scontent-iad3-1.xx&_nc_gid=RGKjIvYMF2hiDL8_XL1QQQ&_nc_ss=7e2a8&oh=00_AQBWij4MvlBcmXe7s_2KN-8sFYcQt-GO7D-D6seDj99fQw&oe=6A805A5F","https://www.facebook.com/VictoriaGreenResidencesph","0","784781622792112","",,,,,,,"0","0","1664172128000","https://www.facebook.com/groups/326051551998457/permalink/784781622792112/"
,"1529197470834366","video",,,,,,,,,,,,,,,,,,"100062862674307","Victoria Green Residences","https://scontent-iad3-1.xx.fbcdn.net/v/t1.6435-1/141139327_103249675113788_3493608386822769083_n.jpg?stp=cp0_dst-jpg_tt6&cstp=mx500x500&ctp=s24x24&_nc_cat=108&ccb=1-7&_nc_sid=e99d92&_nc_ohc=XiiRCFCXo6EQ7kNvwHqak6T&_nc_oc=Adp8_A8r4b3fRyU0HDIQCE6pOZ-RT--iDDUhNa48H1Dv8aGwEaIUgTHBnZB78rEF0mc&_nc_zt=24&_nc_ht=scontent-iad3-1.xx&_nc_gid=Um_NOac69tRb4-DViZcEgQ&_nc_ss=7e2a8&oh=00_AQBjLzEb1tiH-pQ0LHEgDni2Dfqjy_yjEODsLzKTmrh9WQ&oe=6A805A5F","https://www.facebook.com/VictoriaGreenResidencesph","0","784763592793915","",,,,,,,"0","0","1664169865000","https://www.facebook.com/groups/326051551998457/permalink/784763592793915/"
,"503093361278040","video",,,,,,,,,,,,,,,,,,"100062862674307","Victoria Green Residences","https://scontent-iad3-1.xx.fbcdn.net/v/t1.6435-1/141139327_103249675113788_3493608386822769083_n.jpg?stp=cp0_dst-jpg_tt6&cstp=mx500x500&ctp=s24x24&_nc_cat=108&ccb=1-7&_nc_sid=e99d92&_nc_ohc=XiiRCFCXo6EQ7kNvwHqak6T&_nc_oc=Adp8_A8r4b3fRyU0HDIQCE6pOZ-RT--iDDUhNa48H1Dv8aGwEaIUgTHBnZB78rEF0mc&_nc_zt=24&_nc_ht=scontent-iad3-1.xx&_nc_gid=Um_NOac69tRb4-DViZcEgQ&_nc_ss=7e2a8&oh=00_AQBjLzEb1tiH-pQ0LHEgDni2Dfqjy_yjEODsLzKTmrh9WQ&oe=6A805A5F","https://www.facebook.com/VictoriaGreenResidencesph","0","1148518622416998","",,,,,,,"0","0","1664169847000","https://www.facebook.com/groups/614112709190928/permalink/1148518622416998/"
"No photo description available.","1826659824346080","photo","https://www.facebook.com/photo.php?fbid=1826659824346080&set=gm.1481636322333419&type=3","No photo description available.","1826659887679407","photo","https://www.facebook.com/photo.php?fbid=1826659887679407&set=gm.1481636339000084&type=3","No photo description available.","1826659924346070","photo","https://www.facebook.com/photo.php?fbid=1826659924346070&set=gm.1481636345666750&type=3","No photo description available.","1826659947679401","photo","https://www.facebook.com/photo.php?fbid=1826659947679401&set=gm.1481636342333417&type=3","No photo description available.","1826659967679399","photo","https://www.facebook.com/photo.php?fbid=1826659967679399&set=gm.1481636349000083&type=3","100010062401099","Ruzzel Bacongan","https://scontent-iad6-1.xx.fbcdn.net/v/t39.30808-1/451629427_2283296775349047_7564904009943014974_n.jpg?stp=cp0_dst-jpg_tt6&cstp=mx957x960&ctp=s24x24&_nc_cat=100&ccb=1-7&_nc_sid=1d2534&_nc_ohc=xSh3oNZwX5cQ7kNvwEdprS0&_nc_oc=Ado8xiwidKCUWaYWRpVdim5FRbYKqPj_0-dokY4etIDqoiadBU4F9Lih1MnFbLr61UE&_nc_zt=24&_nc_ht=scontent-iad6-1.xx&_nc_gid=Um_NOac69tRb4-DViZcEgQ&_nc_ss=7e2a8&oh=00_AQA57-L7fZKTGehEf1q0zyw7itJMtGKuj0HAg1XH7GpZdQ&oe=6A5EA1F8","https://www.facebook.com/ruzzel.bacongan.2024","0","1481636335666751","",,,,,,,"0","0","1664107879000","https://www.facebook.com/groups/222359141594483/permalink/1481636335666751/"
"No photo description available.","764182784639789","photo","https://www.facebook.com/photo.php?fbid=764182784639789&set=gm.1203537993540930&type=3","No photo description available.","764182801306454","photo","https://www.facebook.com/photo.php?fbid=764182801306454&set=gm.1203538003540929&type=3","No photo description available.","764182814639786","photo","https://www.facebook.com/photo.php?fbid=764182814639786&set=gm.1203537996874263&type=3","No photo description available.","764182834639784","photo","https://www.facebook.com/photo.php?fbid=764182834639784&set=gm.1203538000207596&type=3","No photo description available.","764182847973116","photo","https://www.facebook.com/photo.php?fbid=764182847973116&set=gm.1203537990207597&type=3","100031442229075","Amor Milo","https://scontent-iad3-1.xx.fbcdn.net/v/t39.30808-1/741416181_1646224979768894_4150434601593395943_n.jpg?stp=cp0_dst-jpg_tt6&cstp=mx828x828&ctp=s24x24&_nc_cat=101&ccb=1-7&_nc_sid=e99d92&_nc_ohc=50lc5UGHamwQ7kNvwEISSbM&_nc_oc=Adq3rx8flTF3fJtqoHirxHeYLEdoOAhreCF2ilF8w8guJt0RA9LnFbwduzTG0JcYwZk&_nc_zt=24&_nc_ht=scontent-iad3-1.xx&_nc_gid=Um_NOac69tRb4-DViZcEgQ&_nc_ss=7e2a8&oh=00_AQA5KNLRsqV8IWNpTcuMsEwHeLAEPBuyC1xcVYYvZjhzMA&oe=6A5EB319","https://www.facebook.com/severino.sebastian.37","0","1203538006874262","",,,,,,,"0","0","1664998749000","https://www.facebook.com/groups/houseandlotinantipolo/permalink/1203538006874262/"
"No photo description available.","861069738515449","photo","https://www.facebook.com/photo.php?fbid=861069738515449&set=gm.3220823368185052&type=3","No photo description available.","861069831848773","photo","https://www.facebook.com/photo.php?fbid=861069831848773&set=gm.3220823371518385&type=3","No photo description available.","861069945182095","photo","https://www.facebook.com/photo.php?fbid=861069945182095&set=gm.3220823374851718&type=3","No photo description available.","861070085182081","photo","https://www.facebook.com/photo.php?fbid=861070085182081&set=gm.3220823391518383&type=3","No photo description available.","861070235182066","photo","https://www.facebook.com/photo.php?fbid=861070235182066&set=gm.3220823394851716&type=3","100038372929627","Yel Kate","https://scontent-iad3-1.xx.fbcdn.net/v/t1.30497-1/453178253_471506465671661_2781666950760530985_n.png?stp=cp0_dst-png&cstp=mx2048x2048&ctp=s24x24&_nc_cat=1&ccb=1-7&_nc_sid=136b72&_nc_ohc=jcZuiBJJlywQ7kNvwFByDZf&_nc_oc=AdptlL5nC1l8WQW-VSu4_AaC2afGQ-n5bUln930Pu4WYVu8CS2JHFlGUk8ZiNzT9tXg&_nc_zt=24&_nc_ht=scontent-iad3-1.xx&_nc_ss=7e2a8&oh=00_AQD3RPkn1wGH9dw6T0XEeq79YAtwDbVXd1sfwU-iU-TvcA&oe=6A80293A","https://www.facebook.com/vincent.barroga.3914","0","3220823431518379","",,,,,,,"0","0","1664119057000","https://www.facebook.com/groups/1886644738269595/permalink/3220823431518379/"
"No photo description available.","861628038459619","photo","https://www.facebook.com/photo.php?fbid=861628038459619&set=gm.3221415691459153&type=3","No photo description available.","861628165126273","photo","https://www.facebook.com/photo.php?fbid=861628165126273&set=gm.3221415694792486&type=3","No photo description available.","861628328459590","photo","https://www.facebook.com/photo.php?fbid=861628328459590&set=gm.3221415698125819&type=3",,,,,,,,,"100038372929627","Yel Kate","https://scontent-iad3-1.xx.fbcdn.net/v/t1.30497-1/453178253_471506465671661_2781666950760530985_n.png?stp=cp0_dst-png&cstp=mx2048x2048&ctp=s24x24&_nc_cat=1&ccb=1-7&_nc_sid=136b72&_nc_ohc=jcZuiBJJlywQ7kNvwFByDZf&_nc_oc=AdptlL5nC1l8WQW-VSu4_AaC2afGQ-n5bUln930Pu4WYVu8CS2JHFlGUk8ZiNzT9tXg&_nc_zt=24&_nc_ht=scontent-iad3-1.xx&_nc_ss=7e2a8&oh=00_AQD3RPkn1wGH9dw6T0XEeq79YAtwDbVXd1sfwU-iU-TvcA&oe=6A80293A","https://www.facebook.com/vincent.barroga.3914","0","3221415701459152","",,,,,,,"0","0","1664167066000","https://www.facebook.com/groups/1886644738269595/permalink/3221415701459152/"
