url,twitterUrl,id,text,retweetCount,replyCount,likeCount,quoteCount,createdAt,bookmarkCount,isRetweet,isQuote,has_image
https://x.com/jenxle/status/1327538221576716289,https://twitter.com/jenxle/status/1327538221576716289,1327538221576716289,"helping a friend

@daydreamlou_: hi im denise from marikina city and we are one of those who were affected by the typhoon. Pinasok ng baha yung bahay namin kaya we need funds para mapaayos yung nga nasirang furniture and appliances and to buy our needs like food and water. (1/2) https://t.co/GNYfdQBVPy",13,1,13,0,Sat Nov 14 09:05:51 +0000 2020,0,False,False,True
https://x.com/_lovecmg/status/1327493260126785536,https://twitter.com/_lovecmg/status/1327493260126785536,1327493260126785536,"y'all r asking for the president's appearance / action on the events that's happening but have you imagined that a 75y/o is lumulusong sa baha to save people, to check people's kalagayan sa marikina &amp; cagayan? parang pinagsusuicide nyo naman 🙃",0,2,1,0,Sat Nov 14 06:07:11 +0000 2020,0,False,False,False
https://x.com/PolitikoWatch/status/1327423504103452675,https://twitter.com/PolitikoWatch/status/1327423504103452675,1327423504103452675,"Sugod sa baha! Marcy Teodoro wades through knee-deep flood to inspect Marikina
https://t.co/N2DbpmEY11 https://t.co/QguPN9TQyS",0,0,0,0,Sat Nov 14 01:30:00 +0000 2020,0,False,False,True
https://x.com/atetrivino/status/1327398098256023552,https://twitter.com/atetrivino/status/1327398098256023552,1327398098256023552,"What’s happening in Cagayan? Mukha na siyang dagat! Marikina, Rizal? Were the floods caused only by rain from Ulysses or by dam water releases or both?! Or some other cause I missed? Seems impossible that it’s only rain, coz in Naga nakailang bagyo bago lumala yung baha",0,1,0,0,Fri Nov 13 23:49:03 +0000 2020,0,False,False,False
https://x.com/mochiminjoo/status/1327352713609359365,https://twitter.com/mochiminjoo/status/1327352713609359365,1327352713609359365,"@answershop nagsakit akong dughan 😭 like the media only showed parts sa Marikina, Rizal, like MNL area na naay baha. But not about the dam and what’s going on sa North 😭💔",0,0,0,0,Fri Nov 13 20:48:42 +0000 2020,0,False,False,False
https://x.com/michelle_dob/status/1327325852636303360,https://twitter.com/michelle_dob/status/1327325852636303360,1327325852636303360,"I have a friend who's a president of an environmental org that aims to protect Sierra Madre. I will ask her kung bakit ang Cagayan Region matagal humupa ang baha compared sa Marikina, Rizal. 
Cagayan Region is just right beside Sierra Madre mountain kaya bakit?",0,0,0,0,Fri Nov 13 19:01:58 +0000 2020,0,False,False,False
https://x.com/PolitikoWatch/status/1327314032320122881,https://twitter.com/PolitikoWatch/status/1327314032320122881,1327314032320122881,"Sugod sa baha! Marcy Teodoro wades through knee-deep flood to inspect Marikina
https://t.co/N2DbpmnmCr https://t.co/zXLioPITlP",0,0,0,0,Fri Nov 13 18:15:00 +0000 2020,0,False,False,True
https://x.com/nikkobullecer/status/1327273732155457537,https://twitter.com/nikkobullecer/status/1327273732155457537,1327273732155457537,Nag baha najud diay apil san mateo for the first time. Keep safe mo mga friends and classmates from marikina - san mateo - montalban. Praying for your safety 🙏,0,0,1,0,Fri Nov 13 15:34:51 +0000 2020,0,False,False,False
https://x.com/jeunek_/status/1327228382254223360,https://twitter.com/jeunek_/status/1327228382254223360,1327228382254223360,"Please help RT and please donate if you can!
This is an elderly home na tinamaan ng baha sa Marikina. All the lolos and lolas are evacyated but they need medicine + basic goods. 

You can send the money to me via GCASH: 09162209422

Please please they need help. https://t.co/o9uAGxTZDH",147,3,77,7,Fri Nov 13 12:34:39 +0000 2020,1,False,False,True
https://x.com/thegirlinblue15/status/1327198681565593600,https://twitter.com/thegirlinblue15/status/1327198681565593600,1327198681565593600,"@claudiopoy Not as excited as I am to see my friend who made lusong the baha in Marikina on a surfboard to rescue peeps. 

Or wait, was that Jericho ba? Can't tell you two apart na eh  😧",0,1,0,0,Fri Nov 13 10:36:38 +0000 2020,0,False,False,False
https://x.com/PolitikoWatch/status/1327184599965810688,https://twitter.com/PolitikoWatch/status/1327184599965810688,1327184599965810688,"Sugod sa baha! Marcy Teodoro wades through knee-deep flood to inspect Marikina
https://t.co/N2DbpmnmCr
@MarikinaPIO 
#MarcyTeodoro
#TyphoonUlysses 
#flood https://t.co/p0BXKvrJxH",1,0,1,0,Fri Nov 13 09:40:41 +0000 2020,0,False,False,True
https://x.com/jackie38620880/status/1327173846080712704,https://twitter.com/jackie38620880/status/1327173846080712704,1327173846080712704,"@gmawowowin Kuya will Sana ISA po AKO SA matawagan u po 🙏 para po SA ate KO at SA pamilya niya na nalubog SA Baha SA tumana marikina po🙏🙏😢😢😢😢
0⃣9⃣5⃣1⃣6⃣3⃣9⃣9⃣0⃣9⃣6⃣ Godbless po kuya will🙏
Para po SA ate KO🙏🙏🙏😢😢😢😢",0,0,0,0,Fri Nov 13 08:57:57 +0000 2020,0,False,False,False
https://x.com/itshermione07/status/1327073601556684800,https://twitter.com/itshermione07/status/1327073601556684800,1327073601556684800,My inbox went wild because of your messages. Salamat guys 🤍🤍🤍 laking marikina to. Sanay sa baha 🤣🤣,0,1,0,0,Fri Nov 13 02:19:37 +0000 2020,0,False,False,False
https://x.com/bachiraiz/status/1327070571805384706,https://twitter.com/bachiraiz/status/1327070571805384706,1327070571805384706,"We are also worried about our relatives na kailangan lumikas dahil hanggang bubong na ang baha:( also 80% ng Marikina ay lubog sa baha, so if you can help just do all ways you can help and also you can just pray for those in need🙏🏻🙏🏻🙏🏻",0,1,0,0,Fri Nov 13 02:07:34 +0000 2020,0,False,False,False
https://x.com/karolsss22/status/1326831927454691329,https://twitter.com/karolsss22/status/1326831927454691329,1326831927454691329,"Last time, 2weeks after Ondoy, we got a lot of admissions due to Leptospirosis. From Marikina area dahil sa paglusong sa baha.",0,0,2,0,Thu Nov 12 10:19:17 +0000 2020,0,False,True,False
https://x.com/joshiecutie_21/status/1326823091700293633,https://twitter.com/joshiecutie_21/status/1326823091700293633,1326823091700293633,"""Boats delivered to Montalban Rizal. Get to safety everyone (read the post)🙏🏻 Otw to Marikina right now to deliver more boats but natirikan ako guys dahil sa baha 💔🥺 so sorry we are trying our best please wait lang po 🙏🏻 MARIKINA WAIT PO you’re next na, rescuers pls standby."" https://t.co/Oo4VQZsLB1",1,0,2,0,Thu Nov 12 09:44:10 +0000 2020,0,False,False,True
https://x.com/dark_yamamoto/status/1326778192129089538,https://twitter.com/dark_yamamoto/status/1326778192129089538,1326778192129089538,"To those People Living Around Marikina Area i Hope Na Ligtas At Mag iingat Kayo 💔.  Bc some Of My Fam Living There Is Hanggang 2nd floor na ang baha. And thankfully naka Likas na. 

#UlyssesPH https://t.co/l7sdo2TTw7",2,1,8,0,Thu Nov 12 06:45:46 +0000 2020,0,False,False,True
https://x.com/Yojmin17O/status/1326772739277991936,https://twitter.com/Yojmin17O/status/1326772739277991936,1326772739277991936,"Praying for the safety of everyone🙏
Keep safe rin sa fam mo kapz @EscioHermz sa Marikina grabe baha rin don.

REQUEST @SB19Official @MTV #FridayLivestream

SB19 WikiDay
#SB19",2,1,3,0,Thu Nov 12 06:24:05 +0000 2020,0,False,True,False
https://x.com/woodzcoups/status/1326769762303696903,https://twitter.com/woodzcoups/status/1326769762303696903,1326769762303696903,"my lolo &amp; his wife are still in their house in tañong marikina &amp; we cant contact them, may 2nd floor yung house but we dont know how high the water has gotten. they're both seniors in their 80s &amp; we're worried sick wala naman kami magawa pano namin susulungin yung baha",3,2,12,1,Thu Nov 12 06:12:16 +0000 2020,1,False,False,False
https://x.com/ShareTheTruth6/status/1326768164978499585,https://twitter.com/ShareTheTruth6/status/1326768164978499585,1326768164978499585,"Coordination between LGU and National Government is the key to surpass these disasters. Maski si Mayor Marcy of Marikina aminado na may mga lapses. Good thing that the National Govt is responsive!

#ulysessph #pagasa #baha #MarikinaCity https://t.co/3J0VwbfjLt",0,0,0,0,Thu Nov 12 06:05:55 +0000 2020,0,False,False,True
https://x.com/gandachonaa/status/1327639650660356096,https://twitter.com/gandachonaa/status/1327639650660356096,1327639650660356096,Cagayan and Isabela has one of the largest dams in the Philippines which is the Magat Dam. It also supplies electricity in Metro Manila. They had to open gates kaya nakadagdag sa pagtaas ng baha plus we have the longest river in the Philippines which is the Cagayan River at.. https://t.co/83ER2ySLwM,0,1,0,0,Sat Nov 14 15:48:53 +0000 2020,0,False,False,True
https://x.com/Blackpinkfever1/status/1327591688672485376,https://twitter.com/Blackpinkfever1/status/1327591688672485376,1327591688672485376,"Repost...
Cagayan has one of the largest dams in the Philippines which is the Magat Dam. It also supplies electricity in Metro Manila. They had to open gates kaya nakadagdag sa pagtaas ng baha plus we have the longest river in the Philippines which is the Cagayan River at umapaw",0,1,0,0,Sat Nov 14 12:38:18 +0000 2020,0,False,False,False
https://x.com/yhannieleigh/status/1327580335358447616,https://twitter.com/yhannieleigh/status/1327580335358447616,1327580335358447616,Cagayan has one of the largest dams in the Philippines which is the Magat Dam. It also supplies electricity in Metro Manila. They had to open gates kaya nakadagdag sa pagtaas ng baha plus we have the longest river in the Philippines which is the Cagayan River at umapaw na din po.,0,1,0,0,Sat Nov 14 11:53:11 +0000 2020,0,False,False,False
https://x.com/miniminimyg/status/1327571078898622465,https://twitter.com/miniminimyg/status/1327571078898622465,1327571078898622465,Cagayan has one of the largest dams in the Philippines which is the Magat Dam. It also supplies electricity in Metro Manila. They had to open gates kaya nakadagdag sa pagtaas ng baha plus we have the longest river in the Philippines which is the Cagayan River at umapaw na din. +,0,1,1,0,Sat Nov 14 11:16:24 +0000 2020,0,False,False,False
https://x.com/lhai_nicole/status/1327564692408074240,https://twitter.com/lhai_nicole/status/1327564692408074240,1327564692408074240,Cagayan has one of the largest dams in the Philippines which is the Magat Dam. It also supplies electricity in Metro Manila. They had to open gates kaya nakadagdag sa pagtaas ng baha plus we have the longest river in the Philippines which is the Cagayan River at umapaw na din po.,0,1,1,0,Sat Nov 14 10:51:02 +0000 2020,0,False,False,False
https://x.com/betchay_TM/status/1327558284769783810,https://twitter.com/betchay_TM/status/1327558284769783810,1327558284769783810,Cagayan has one of the largest dams in the Philippines which is the Magat Dam. It also supplies electricity in Metro Manila. They had to open gates kaya nakadagdag sa pagtaas ng baha plus we have the longest river in the Philippines which is the Cagayan River at umapaw na din po.,0,1,1,0,Sat Nov 14 10:25:34 +0000 2020,0,False,False,False
https://x.com/dolcedior__/status/1327553071921065984,https://twitter.com/dolcedior__/status/1327553071921065984,1327553071921065984,Cagayan has one of the largest dams in the Philippines which is the Magat Dam. It also supplies electricity in Metro Manila. They had to open gates kaya nakadagdag sa pagtaas ng baha plus we have the longest river in the Philippines which is the Cagayan River at umapaw na din po.,0,1,2,0,Sat Nov 14 10:04:51 +0000 2020,0,False,False,False
https://x.com/ianmdomingo/status/1327548616727117824,https://twitter.com/ianmdomingo/status/1327548616727117824,1327548616727117824,Cagayan has one of the largest dams in the Philippines which is the Magat Dam. It also supplies electricity in Metro Manila. They had to open gates kaya nakadagdag sa pagtaas ng baha plus we have the longest river in the Philippines which is the Cagayan River at umapaw na din po.,0,1,0,0,Sat Nov 14 09:47:09 +0000 2020,0,False,False,False
https://x.com/Rhianna18354361/status/1327544867833016320,https://twitter.com/Rhianna18354361/status/1327544867833016320,1327544867833016320,Cagayan Valley (Region 2) has one of the largest dams in the Philippines which is the Magat Dam. It also supplies electricity in Metro Manila. They had to open gates kaya nakadagdag sa pagtaas ng baha plus we have the longest river in the Philippines which is the Cagayan River,1,0,2,0,Sat Nov 14 09:32:15 +0000 2020,0,False,False,False
https://x.com/zululegacy_/status/1327527879945584640,https://twitter.com/zululegacy_/status/1327527879945584640,1327527879945584640,Cagayan has one of the largest dams in the Philippines which is the Magat Dam. It also supplies electricity in Metro Manila. They had to open gates kaya nakadagdag sa pagtaas ng baha plus we have the longest river in the Philippines which is the Cagayan River at umapaw na din po.,3,1,3,0,Sat Nov 14 08:24:45 +0000 2020,0,False,False,False
https://x.com/Maricar02350332/status/1327522438859476992,https://twitter.com/Maricar02350332/status/1327522438859476992,1327522438859476992,Cagayan has one of the largest dams in the Philippines which is the Magat Dam. It also supplies electricity in Metro Manila. They had to open gates kaya nakadagdag sa pagtaas ng baha plus we have the longest river in the Philippines which is the Cagayan River at umapaw na din po.,0,1,0,0,Sat Nov 14 08:03:08 +0000 2020,0,False,False,False
https://x.com/bernardo_malou/status/1327518119548563456,https://twitter.com/bernardo_malou/status/1327518119548563456,1327518119548563456,Cagayan has one of the largest dams in the Philippines which is the Magat Dam. It also supplies electricity in Metro Manila. They had to open gates kaya nakadagdag sa pagtaas ng baha plus we have the longest river in the Philippines which is the Cagayan River at umapaw na din po.,0,1,0,0,Sat Nov 14 07:45:58 +0000 2020,0,False,False,False
https://x.com/_Beauuuuuu_/status/1327516232699027463,https://twitter.com/_Beauuuuuu_/status/1327516232699027463,1327516232699027463,Cagayan has one of the largest dams in the Philippines which is the Magat Dam. It also supplies electricity in Metro Manila. They had to open gates kaya nakadagdag sa pagtaas ng baha plus we have the longest river in the Philippines which is the Cagayan River at umapaw na din po.,0,1,1,0,Sat Nov 14 07:38:28 +0000 2020,0,False,False,False
https://x.com/rawrftror/status/1327514711852662784,https://twitter.com/rawrftror/status/1327514711852662784,1327514711852662784,Cagayan Valley (Region 2) has one of the largest dams in the Philippines which is the Magat Dam. It also supplies electricity in Metro Manila. They had to open gates kaya nakadagdag sa pagtaas ng baha plus we have the longest river in the Philippines which is the Cagayan River,3,1,5,1,Sat Nov 14 07:32:25 +0000 2020,0,False,False,False
https://x.com/_isharlene/status/1327511020051447808,https://twitter.com/_isharlene/status/1327511020051447808,1327511020051447808,Cagayan Valley has one of the largest dams in the Philippines which is the Magat Dam. It also supplies electricity in Metro Manila. They had to open gates kaya nakadagdag sa pagtaas ng baha plus we have the longest river in the Philippines which is the Cagayan River at umapaw na,0,1,0,0,Sat Nov 14 07:17:45 +0000 2020,0,False,False,False
https://x.com/Dimple74105557/status/1327510191751958528,https://twitter.com/Dimple74105557/status/1327510191751958528,1327510191751958528,Cagayan has one of the largest dams in the Philippines which is the Magat Dam. Its also supplies electricity in metro manila. They had to open gates kaya nadagdagan ang pagtaas ng baha plus we have the longest river in the Philippines which is the Cagayan River na umapaw na rin..,0,2,0,0,Sat Nov 14 07:14:28 +0000 2020,0,False,False,False
https://x.com/astherialle/status/1327507507929989120,https://twitter.com/astherialle/status/1327507507929989120,1327507507929989120,Cagayan valley has one of the largest dams in the Philippines which is the Magat Dam. It also supplies electricity in Metro Manila. They had to open gates kaya nakadagdag sa pagtaas ng baha plus we have the longest river in the Philippines which is the Cagayan River,1,2,2,0,Sat Nov 14 07:03:48 +0000 2020,0,False,False,False
https://x.com/ManaligodLuisa/status/1327503428570910720,https://twitter.com/ManaligodLuisa/status/1327503428570910720,1327503428570910720,Cagayan Valley (Region 2) has one of the largest dams in the Philippines which is the Magat Dam. It also supplies electricity in Metro Manila. They had to open gates kaya nakadagdag sa pagtaas ng baha plus we have the longest river in the Philippines which is the Cagayan River++,0,1,1,0,Sat Nov 14 06:47:35 +0000 2020,0,False,False,False
https://x.com/angelicallaren7/status/1327503200253931520,https://twitter.com/angelicallaren7/status/1327503200253931520,1327503200253931520,Cagayan has one of the largest dams in the Philippines which is the Magat Dam. It also supplies electricity in Metro Manila. They had to open gates kaya nakadagdag sa pagtaas ng baha plus we have the longest river in the Philippines which is the Cagayan River at umapaw na din po.,0,0,4,0,Sat Nov 14 06:46:41 +0000 2020,0,False,False,False
https://x.com/KylaOneza/status/1327501513715982336,https://twitter.com/KylaOneza/status/1327501513715982336,1327501513715982336,"Cagayan has one of the largest dams in the Philippines which is the Magat Dam. It also supplies electricity in Metro Manila. They had to open gates kaya nakadagdag sa pagtaas ng baha plus we have the longest river in the Philippines.
#CagayanNeedsHelp
#RescuePh 
#RescuePHCagayan",0,0,3,0,Sat Nov 14 06:39:59 +0000 2020,0,False,False,False
https://x.com/ORANGEMARlNA/status/1327757395745939456,https://twitter.com/ORANGEMARlNA/status/1327757395745939456,1327757395745939456,"2 of the places gravely hit by the typhoon this time were cagayan and marikina city. i live on the cusp of marikina city. flood went inside our home and power lines were cut for 3 days and it was impossible to leave bc water level, outside my house was chest level https://t.co/bHbXD1194Q",1,1,30,0,Sat Nov 14 23:36:46 +0000 2020,0,False,False,True
https://x.com/leamicuscuriae/status/1327723547410767873,https://twitter.com/leamicuscuriae/status/1327723547410767873,1327723547410767873,"Nature Healing Itself from Human Greed. The Heart of Marikina Valley is a former Marshland. It's a Natural Catch Basin. It's declared as a No-Build Zone and a Permanent Danger Zone Area just like the Taal Volcano Island.

Flood: I'm just doing my job.

Dilawans: ... https://t.co/9liyIESYcO",0,0,0,0,Sat Nov 14 21:22:16 +0000 2020,0,False,False,True
https://x.com/zayloreee/status/1327686973125890049,https://twitter.com/zayloreee/status/1327686973125890049,1327686973125890049,"@markiplier Cagayan, Isabela, Tuguegarao, Marikina, and Rizal are flooded in the Philippines. Those are provinces and the flood is huge. The government is not doing enough, the noise we're making isnt enough. Because we've been calling out our own admin but it feels like we're alone https://t.co/QqUARoHsqd",0,0,6,0,Sat Nov 14 18:56:56 +0000 2020,0,False,False,True
https://x.com/gmanews/status/1327672647510089728,https://twitter.com/gmanews/status/1327672647510089728,1327672647510089728,"Traditional flood control measures - like building dikes, dredging, and elevating roads - are no longer enough to prevent the Marikina River from swelling during typhoons, according to a geologist and professor from the University of the Philippines. https://t.co/a4OzliilM8",44,8,127,13,Sat Nov 14 18:00:00 +0000 2020,4,False,False,False
https://x.com/celestialhc/status/1327669306667065344,https://twitter.com/celestialhc/status/1327669306667065344,1327669306667065344,"we’re still in the middle of a pandemic, hindi pa nakakabangon ang bicol, catanduanes, marikina, and rizal (the whole luzon basically) from the recent typhoons, and cagayan and pampanga are currently experiencing flood that is above head level ???",0,1,0,0,Sat Nov 14 17:46:44 +0000 2020,0,False,False,False
https://x.com/luvehyo/status/1327661421224595456,https://twitter.com/luvehyo/status/1327661421224595456,1327661421224595456,"@kecoasilatt Were all good here now in Marikina, the flood subsided the same day we just have a lot of cleaning up to do. Cagayan is what worries me the most because I've heard seen countless photos and videos on how severe the situation is there",0,0,0,0,Sat Nov 14 17:15:24 +0000 2020,0,False,False,False
https://x.com/nxlscns/status/1327651766121287680,https://twitter.com/nxlscns/status/1327651766121287680,1327651766121287680,"YES WE LIVE IN MARIKINA (this city) and fortunately my family and i are safe, but there are still so many people in Marikina who lost their homes from the flood.

#MarikinaNeedsHelp",0,0,0,0,Sat Nov 14 16:37:02 +0000 2020,0,False,False,False
https://x.com/Bahaghari_PH/status/1327647287800074240,https://twitter.com/Bahaghari_PH/status/1327647287800074240,1327647287800074240,"We worked overtime again tonight to provide meals for starving families in Marikina. Many of them had their entire houses submerged in flood.

They only have waterflow at night, so they spend the days dehydrated, and the nights scrubbing thickened mud at home.

#BuklodBahaghari https://t.co/uqr1rPFPmr",33,0,135,0,Sat Nov 14 16:19:14 +0000 2020,0,False,False,True
https://x.com/Tricksyyyy/status/1327632669174231042,https://twitter.com/Tricksyyyy/status/1327632669174231042,1327632669174231042,Deretcho na after shift tomorrow mo adto mis affected areas in marikina and san mateo to feed the stray dogs/cats ky daghan jud kaayu palaboy2 ra after sa flood 😭,0,0,4,0,Sat Nov 14 15:21:09 +0000 2020,0,False,False,False
https://x.com/alyssaarteu/status/1327626082732765185,https://twitter.com/alyssaarteu/status/1327626082732765185,1327626082732765185,@mycouch_ @oitooru_ i visited my uncle's place which is in marikina and yeah it is true. You can't see it in the pic but there is also the bridge where the news shows the measurements on how high the flood is,0,0,0,0,Sat Nov 14 14:54:58 +0000 2020,0,False,False,False
https://x.com/boilingGemstone/status/1327620967527444481,https://twitter.com/boilingGemstone/status/1327620967527444481,1327620967527444481,"Askdjfhgks

I didn’t have to SEE floating children’s dead bodies when Marikina and Provident was flooded during Ondoy to BELIEVE that REAL people needed rescuing from A VERY OBVIOUS FLOOD, PUNYETA

#AbolishTHISGovernmentNOW",0,0,0,0,Sat Nov 14 14:34:39 +0000 2020,0,False,False,False
https://x.com/randomran___/status/1327618014716383237,https://twitter.com/randomran___/status/1327618014716383237,1327618014716383237,"Tinayo mismo sa flood plain. Not just Kasiglahan, but other villages as well.

Look at Paulo Alcazaren's post and see the difference bet. 2002 &amp; 2020.

Marikina River's watershed area is huge, destroyed by deforestation &amp; quarrying. https://t.co/Ihf0cLBw4a https://t.co/KS6Cbu9RZh",2,1,4,0,Sat Nov 14 14:22:55 +0000 2020,0,False,True,True
https://x.com/dennisdko/status/1327609396763889664,https://twitter.com/dennisdko/status/1327609396763889664,1327609396763889664,"Thread by @tr1pnaut1k: Please allow me to get this off my chest: When you look at Google Maps, Kasiglahan Village is located on a flood plain, at the corner of Marikina River and another river in Montalban....… https://t.co/AP9BjuJzOh",0,0,0,0,Sat Nov 14 13:48:40 +0000 2020,0,False,False,False
https://x.com/ervinmund/status/1327599004465565696,https://twitter.com/ervinmund/status/1327599004465565696,1327599004465565696,"it's time for Marikina, Cainta and other flood prone LGU's across the country to invest on several large heavy duty front loaders and tractors rather than rubber boats as rescue vehicles",0,0,0,0,Sat Nov 14 13:07:22 +0000 2020,0,False,False,False
https://x.com/maroonedinbed/status/1327587799550160897,https://twitter.com/maroonedinbed/status/1327587799550160897,1327587799550160897,"My ex lives in Marikina and you bet I felt so glad when he posted an IG story that he's okay from the flood. Sure, he hurt me but that boi taught me how to love.

You only live a single life, don't fill it with hate.",0,0,10,0,Sat Nov 14 12:22:51 +0000 2020,0,False,False,False
https://x.com/FL1CKRSTYLES/status/1327582554854047746,https://twitter.com/FL1CKRSTYLES/status/1327582554854047746,1327582554854047746,@1993KTH they said they were a student and their family lives in marikina (which is one of the places that the flood was really affected by the typhoon) and that they dont have any load to contact them so they were basically just asking for money through a cash app,0,1,0,0,Sat Nov 14 12:02:01 +0000 2020,0,False,False,False
https://x.com/baltazarcabre17/status/1327574349595824129,https://twitter.com/baltazarcabre17/status/1327574349595824129,1327574349595824129,Fellow Armys pls  Philippines really need your generosity  Like Marikina city and Cagayan Tuguegarao after Typhoon Rollly and Ulysses bring heavy flood that ruins many houses and affected more than 1000 families 😢😢#BTSARMY,0,0,0,0,Sat Nov 14 11:29:24 +0000 2020,0,False,True,False
https://x.com/eeayeeayooh/status/1327573634622185472,https://twitter.com/eeayeeayooh/status/1327573634622185472,1327573634622185472,"@ilda_talk This is from another post shared by another UP Geology professor, it's an email from a civil engineer/hydrologist on the solution to the perennial flood problem in the Marikina Valley area. This is part 1. This is something the government should seriously look into. https://t.co/3KTigqJWMw",6,2,8,1,Sat Nov 14 11:26:34 +0000 2020,0,False,False,False
https://x.com/noctiskei/status/1327568366756761600,https://twitter.com/noctiskei/status/1327568366756761600,1327568366756761600,"I completely underestimated the typhoon. 

We live in the higher parts of the city. I was super sure we weren't going to be affected by flooding.

Around 10 pm I heard the first flood alarm, spiking my anxiety. I quickly monitored the Marikina River, finding it on the 16m mark. +",0,1,16,0,Sat Nov 14 11:05:38 +0000 2020,0,False,False,False
https://x.com/baechu_jennie/status/1327563299173502978,https://twitter.com/baechu_jennie/status/1327563299173502978,1327563299173502978,@reveal_11 @oitooru_ @dreamin8bit It's real the flood reached 3rd floors of the houses in Marikina,0,0,0,0,Sat Nov 14 10:45:30 +0000 2020,0,False,False,False
https://x.com/msnph/status/1327721969467289600,https://twitter.com/msnph/status/1327721969467289600,1327721969467289600,Vico Sotto called out for lack of aid at flood-hit barangay in Pasig https://t.co/wwNYOhqXTm https://t.co/fqPx4WWLRY,0,0,0,0,Sat Nov 14 21:16:00 +0000 2020,0,False,False,True
https://x.com/tatancast/status/1327150481190301697,https://twitter.com/tatancast/status/1327150481190301697,1327150481190301697,@_yyyyyyyyyyy_ bec flood water exit is only through Manggahan Floodway to Pasig River then Manila Bay.,0,1,0,0,Fri Nov 13 07:25:06 +0000 2020,0,False,False,False
https://x.com/PAGASAFFWS/status/1327147069082136579,https://twitter.com/PAGASAFFWS/status/1327147069082136579,1327147069082136579,"Pasig-Marikina and Tullahan Flood Advisory #3 Final as of 3PM, 11.13.2020 https://t.co/E3s1TjGl5K",0,0,1,0,Fri Nov 13 07:11:33 +0000 2020,0,False,False,True
https://x.com/dost_pagasa/status/1327146980884279298,https://twitter.com/dost_pagasa/status/1327146980884279298,1327146980884279298,"Pasig-Marikina and Tullahan Flood Advisory #3 Final as of 3PM, 11.13.2020 https://t.co/dwKcjBhKCd",8,0,11,1,Fri Nov 13 07:11:12 +0000 2020,0,False,False,True
https://x.com/vanislechicluna/status/1327079996335157250,https://twitter.com/vanislechicluna/status/1327079996335157250,1327079996335157250,"~We work as one 🇨🇦🇵🇭
DM me and it will go directly to the victims of typhoon and flood km Pasig and Rizal. 

#WereAllInThisTogether
#vanislechicluna https://t.co/XwMAOv8hoC",0,0,0,0,Fri Nov 13 02:45:01 +0000 2020,0,False,False,True
https://x.com/ilda_talk/status/1327064115630665729,https://twitter.com/ilda_talk/status/1327064115630665729,1327064115630665729,"There is really not much that can be done. Much of Metro Manila is on flood plains. Manila is even in the mouth of the Pasig River. It shouldn’t have been overdeveloped the way it is now. Worse, there is no efficient storm drain system when the city was developed. #UllyssesPH",26,14,160,2,Fri Nov 13 01:41:55 +0000 2020,1,False,False,False
https://x.com/dzrhnews/status/1327021765755686912,https://twitter.com/dzrhnews/status/1327021765755686912,1327021765755686912,"@angelopalmones #ACSBalita Anna Mae Lamentillo, Build, Build, Build chair: Mayroon na po tayong ongoing project with the Japanese government. Ito po 'yung Pasig-Marikina flood control project.

LIVE: https://t.co/Jc1fIl4yVq https://t.co/q10K7un80Y",1,1,1,0,Thu Nov 12 22:53:38 +0000 2020,0,False,False,True
https://x.com/CroptopKing/status/1327004870277173248,https://twitter.com/CroptopKing/status/1327004870277173248,1327004870277173248,"Update #2 :

A lot of my colleagues have been affected by the flood mostly in Pasig and Marikina area.",0,0,0,0,Thu Nov 12 21:46:30 +0000 2020,0,False,False,False
https://x.com/shurlieeeian/status/1326920547268239360,https://twitter.com/shurlieeeian/status/1326920547268239360,1326920547268239360,"Been seeing posts and comments of people asking @PasigInfo how they can volunteer to help victims of the flood by repacking goods etc. Wow. Good leadership inspires. Good job Pasig LGU, Mayor @VicoSotto, and Pasigeños!",0,0,0,0,Thu Nov 12 16:11:26 +0000 2020,0,False,False,False
https://x.com/Oigetit_Health/status/1326911068380274695,https://twitter.com/Oigetit_Health/status/1326911068380274695,1326911068380274695,"Residents wade through flood to get food in Pasig City.

Read more: https://t.co/MaW19rV6ZI

#TyphoonUlysses #Flooding

Video credit: @gmanews https://t.co/BRu9axDTIW",0,0,5,0,Thu Nov 12 15:33:46 +0000 2020,0,False,False,False
https://x.com/gmanews/status/1326907855971082241,https://twitter.com/gmanews/status/1326907855971082241,1326907855971082241,Residents wade through flood to get food in Pasig City #UlyssesPH https://t.co/YnAkN4MqZK,2,0,37,2,Thu Nov 12 15:21:00 +0000 2020,0,False,False,False
https://x.com/inquirerdotnet/status/1326873602411651072,https://twitter.com/inquirerdotnet/status/1326873602411651072,1326873602411651072,Waters from the Marikina River rushed toward the Manggahan floodway of the Pasig-Marikina flood control project after the eyewall of Typhoon Ulysses hit various parts of Metro Manila and Rizal province. | @GabrielLaluINQ #UlyssesPH  https://t.co/ikFcaSa6Tu,7,0,14,0,Thu Nov 12 13:04:53 +0000 2020,0,False,False,False
https://x.com/igiboy89/status/1326869548667056128,https://twitter.com/igiboy89/status/1326869548667056128,1326869548667056128,"- In Pasig-Marikina flood plain, urban poor households live in flood prone areas along riverbanks and clogged waterways. We need to prioritize them for evacuation, relief and recovery.",0,1,0,0,Thu Nov 12 12:48:47 +0000 2020,0,False,False,False
https://x.com/r0j0an/status/1326842759139917824,https://twitter.com/r0j0an/status/1326842759139917824,1326842759139917824,@namrianabub We got ours 10am and then it when out again by afternoon but just for a few minutes.. keep safe btw.. what side are u from? The flood is so bad at pasig cainta markina and so many places,0,1,0,0,Thu Nov 12 11:02:19 +0000 2020,0,False,False,False
https://x.com/krizzkimtwt/status/1326823738193571840,https://twitter.com/krizzkimtwt/status/1326823738193571840,1326823738193571840,"Literally blockout, no signal and flood here in Pasig. Keep safe my co-Army PH. This is really not good like what happened way back 2009 of typhoon Ondoy. 😣",0,0,0,0,Thu Nov 12 09:46:45 +0000 2020,0,False,False,False
https://x.com/MovePH/status/1326818519506300930,https://twitter.com/MovePH/status/1326818519506300930,1326818519506300930,"@philredcross @civildefensePH @vinceroquex @russellchengku @absanch @larajianni @AdriYanna07 @SevaJuliet @jerichodniel @benidict89 #RescuePH: 6 adults and 2 children stranded in their home at #2 Bautista Compound, De Castro Subd., Brgy Sta. Lucia, Pasig. The flood level is threatening to overflow to the 2nd floor. Contact Emanuelle Villuga at 09976024151. #UlyssesPH @philredcross @civildefensePH | @absanch https://t.co/NnEfKItHLM",5,1,0,0,Thu Nov 12 09:26:00 +0000 2020,0,False,False,False
https://x.com/97leclercs/status/1326815202440933376,https://twitter.com/97leclercs/status/1326815202440933376,1326815202440933376,"Flood is pretty much gone now except outside since mataas at stagnant yung water. Laban marikina,rizal and pasig :(",0,2,3,0,Thu Nov 12 09:12:49 +0000 2020,0,False,False,False
https://x.com/minryce/status/1326781068490534912,https://twitter.com/minryce/status/1326781068490534912,1326781068490534912,"for the people that are in need of help or still stuck in the flood po sa pasig area this is the emergency hotline po ‼️‼️
#RescuePH
#PhilippineRedCross
#PhilippineCoastGuard
#RescueMission 
#UlyssesPH",0,0,0,0,Thu Nov 12 06:57:11 +0000 2020,0,False,True,False
https://x.com/cheoliesparks/status/1326773443271020544,https://twitter.com/cheoliesparks/status/1326773443271020544,1326773443271020544,"IF YOU KNOW SOMEONE FROM SANTOLAN, DE CASTRO, OR ANY BARANGAYS NEAR FLOODWAY (PASIG CITY), PLEASE CONTACT THEM AND ASK THEM IF THEY NEED HELP!! Currently, hanggang first floor na ang flood doon. My friends are staying in the higher areas of their house bc lagpas tao na flood",2,0,0,0,Thu Nov 12 06:26:53 +0000 2020,0,False,False,False
https://x.com/thegrandpianist/status/1326742038050533376,https://twitter.com/thegrandpianist/status/1326742038050533376,1326742038050533376,"Honestly, grateful that I live in one of the flood-free barangays of Pasig. Considering that our house/compound is literally beside the Marikina-Pasig river, it’s always a anxiety inducing whenever nonstop rains occur. Praying for everyone’s safety. Ingat friends! 🙏🏼",0,0,0,0,Thu Nov 12 04:22:06 +0000 2020,0,False,False,False
https://x.com/FaeReena/status/1327454795515346947,https://twitter.com/FaeReena/status/1327454795515346947,1327454795515346947,"Plan cancelled dahil baha sa pasig.

Let’s just sleep, shall we?",0,0,0,0,Sat Nov 14 03:34:20 +0000 2020,0,False,False,False
https://x.com/ventioooc/status/1326662211004104705,https://twitter.com/ventioooc/status/1326662211004104705,1326662211004104705,I don't think I can go back to sleep. Pag nag overflow yang Marikina River baha na sa Pasig agad agad shutanginamerzzz.,0,0,3,0,Wed Nov 11 23:04:53 +0000 2020,0,False,False,False
https://x.com/alecxtrrs/status/1326685407262597120,https://twitter.com/alecxtrrs/status/1326685407262597120,1326685407262597120,"@VicoSotto Block 5 lot 58 mdeleon west st., santolan, pasig city

need rescue, with one pregnant woman po na due date any time soon. Lapit na second floor ung baha #UlyssesPH  #rescueph",16,0,11,2,Thu Nov 12 00:37:04 +0000 2020,0,False,False,False
https://x.com/justreyyyn/status/1326694211077378049,https://twitter.com/justreyyyn/status/1326694211077378049,1326694211077378049,Pasig river right now along ortigas avenue extension. Stranded ang di makalusong sa baha. #UlyssesPH https://t.co/WrJyIg0j0z,4,0,2,0,Thu Nov 12 01:12:03 +0000 2020,0,False,False,False
https://x.com/zhouzhennanvin/status/1327225468391624706,https://twitter.com/zhouzhennanvin/status/1327225468391624706,1327225468391624706,filo moots around Metro Manila or near Pasig City. Baka may extra kayong damit na hindi na ginagamit? Some of my friends and family needs some donations. As in wala talaga silang natira dahil sa baha 😭 Please dm me! Thank you so much! ❤,10,1,2,1,Fri Nov 13 12:23:04 +0000 2020,0,False,False,False
https://x.com/MlTSKZ/status/1326728718941745152,https://twitter.com/MlTSKZ/status/1326728718941745152,1326728718941745152,to think na lagpas tao na ang baha sa pasig during ondoy in 2009 and this time it’s worse :&lt;,0,0,1,0,Thu Nov 12 03:29:10 +0000 2020,0,False,True,False
https://x.com/FaeReena/status/1327454795515346947,https://twitter.com/FaeReena/status/1327454795515346947,1327454795515346947,"Plan cancelled dahil baha sa pasig.

Let’s just sleep, shall we?",0,0,0,0,Sat Nov 14 03:34:20 +0000 2020,0,False,False,False
https://x.com/zhouzhennanvin/status/1327225468391624706,https://twitter.com/zhouzhennanvin/status/1327225468391624706,1327225468391624706,filo moots around Metro Manila or near Pasig City. Baka may extra kayong damit na hindi na ginagamit? Some of my friends and family needs some donations. As in wala talaga silang natira dahil sa baha 😭 Please dm me! Thank you so much! ❤,10,1,2,1,Fri Nov 13 12:23:04 +0000 2020,0,False,False,False
https://x.com/MlTSKZ/status/1326728718941745152,https://twitter.com/MlTSKZ/status/1326728718941745152,1326728718941745152,to think na lagpas tao na ang baha sa pasig during ondoy in 2009 and this time it’s worse :&lt;,0,0,1,0,Thu Nov 12 03:29:10 +0000 2020,0,False,True,False
https://x.com/justreyyyn/status/1326694211077378049,https://twitter.com/justreyyyn/status/1326694211077378049,1326694211077378049,Pasig river right now along ortigas avenue extension. Stranded ang di makalusong sa baha. #UlyssesPH https://t.co/WrJyIg0j0z,4,0,2,0,Thu Nov 12 01:12:03 +0000 2020,0,False,False,False
https://x.com/alecxtrrs/status/1326685407262597120,https://twitter.com/alecxtrrs/status/1326685407262597120,1326685407262597120,"@VicoSotto Block 5 lot 58 mdeleon west st., santolan, pasig city

need rescue, with one pregnant woman po na due date any time soon. Lapit na second floor ung baha #UlyssesPH  #rescueph",16,0,11,2,Thu Nov 12 00:37:04 +0000 2020,0,False,False,False
https://x.com/ventioooc/status/1326662211004104705,https://twitter.com/ventioooc/status/1326662211004104705,1326662211004104705,I don't think I can go back to sleep. Pag nag overflow yang Marikina River baha na sa Pasig agad agad shutanginamerzzz.,0,0,3,0,Wed Nov 11 23:04:53 +0000 2020,0,False,False,False
https://x.com/omarswille/status/1327471435435020288,https://twitter.com/omarswille/status/1327471435435020288,1327471435435020288,Cagayan has one of the largest dams in the Philippines which is the Magat Dam. It also supplies electricity in Metro Manila. They had to open gates kaya nakadagdag sa pagtaas ng baha plus we have the longest river in the Philippines which is the Cagayan River at umapaw na din po+,25,1,21,0,Sat Nov 14 04:40:28 +0000 2020,0,False,False,False
https://x.com/youdisgustingew/status/1327501034944557056,https://twitter.com/youdisgustingew/status/1327501034944557056,1327501034944557056,Cagayan has one of the largest dams in the Philippines which is the Magat Dam. It also supplies electricity in Metro Manila. They had to open gates kaya nakadagdag sa pagtaas ng baha plus we have the longest river in the Philippines which is the Cagayan River at umapaw na din po.,0,1,1,0,Sat Nov 14 06:38:05 +0000 2020,0,False,False,False
https://x.com/piscesjihoon/status/1327458453032378368,https://twitter.com/piscesjihoon/status/1327458453032378368,1327458453032378368,Cagayan has one of the largest dams in the Philippines which is the Magat Dam. It also supplies electricity in Metro Manila. They had to open gates kaya nakadagdag sa pagtaas ng baha plus we have the longest river in the Philippines which is the Cagayan River at umapaw na din po+,60,1,107,1,Sat Nov 14 03:48:52 +0000 2020,0,False,False,False
https://x.com/stelldaks0939/status/1327436816992006144,https://twitter.com/stelldaks0939/status/1327436816992006144,1327436816992006144,"[CTTO]

Cagayan has one of the largest dams in the Philippines which is the Magat Dam. It also supplies electricity in Metro Manila. They had to open gates kaya nakadagdag sa pagtaas ng baha plus we have the longest river in the Philippines which is the Cagayan River at umapaw +",0,0,0,0,Sat Nov 14 02:22:54 +0000 2020,0,False,False,False
https://x.com/XReichP/status/1327415018590113792,https://twitter.com/XReichP/status/1327415018590113792,1327415018590113792,"@taytwnttpm @KoigoesB November 7, 2013 Yolanda hit Leyte with much worse death count, remember that! And a 24 hr delay #OUSTDUTERTENOW na agad wtf pawoke kids? Baha din sa capital cites ng Manila (where the relief and equipments are). Of course there's gonna be a delay.",0,4,1,4,Sat Nov 14 00:56:17 +0000 2020,0,False,False,False
https://x.com/maybahaba/status/1326584101067960321,https://twitter.com/maybahaba/status/1326584101067960321,1326584101067960321,"RT @bobreyes: #UlyssesPH is now trending worldwide! It's past 1:30 AM here in Manila now; I'm still awake. Strong gust of winds experienced here now.

#WeatherPH #MayBagyoBa #MayBahaBa https://t.co/r6K1Ik0Gz8",0,0,1,0,Wed Nov 11 17:54:31 +0000 2020,0,False,False,False
https://x.com/miahrtwllgoon/status/1327445621159063552,https://twitter.com/miahrtwllgoon/status/1327445621159063552,1327445621159063552,Cagayan and Isabela has one of the largest dams in the Philippines which is the Magat Dam. It also supplies electricity in Metro Manila. They had to open gates kaya nakadagdag sa pagtaas ng baha plus we have the longest river in the Philippines which is the ++,0,1,1,0,Sat Nov 14 02:57:53 +0000 2020,0,False,False,False
https://x.com/TattooMoSaLikod/status/1327480294421590017,https://twitter.com/TattooMoSaLikod/status/1327480294421590017,1327480294421590017,Cagayan has one of the largest dams in the Philippines which is the Magat Dam. It also supplies electricity in Metro Manila. They had to open gates kaya nakadagdag sa pagtaas ng baha plus we have the longest river in the Philippines which is the Cagayan River at umapaw na din po.,0,1,0,0,Sat Nov 14 05:15:40 +0000 2020,0,False,False,False
https://x.com/fearlessDB__/status/1327452509359669249,https://twitter.com/fearlessDB__/status/1327452509359669249,1327452509359669249,"Praying for my beloved hometown🙏❤️

Cagayan Valley,has one of the largest dams in the Philippines which is the Magat Dam. It also supplies electricity in Metro Manila. They had to open gates kaya nakadagdag sa pagtaas ng baha plus we have the longest river in the Philippines",9,1,10,3,Sat Nov 14 03:25:15 +0000 2020,0,False,False,False
https://x.com/Jayabellss/status/1327454086438948866,https://twitter.com/Jayabellss/status/1327454086438948866,1327454086438948866,@DawnZpost Cagayan Valley (Region 2) has one of the largest dams in the Philippines which is the Magat Dam. It also supplies electricity in Metro Manila. They had to open gates kaya nakadagdag sa pagtaas ng baha plus we have the longest river in the Philippines which is the Cagayan River at,0,3,0,0,Sat Nov 14 03:31:31 +0000 2020,0,False,False,False
https://x.com/astherialle/status/1327507507929989120,https://twitter.com/astherialle/status/1327507507929989120,1327507507929989120,Cagayan valley has one of the largest dams in the Philippines which is the Magat Dam. It also supplies electricity in Metro Manila. They had to open gates kaya nakadagdag sa pagtaas ng baha plus we have the longest river in the Philippines which is the Cagayan River,1,2,2,0,Sat Nov 14 07:03:48 +0000 2020,0,False,False,False
https://x.com/BeckIquin/status/1327494306941202434,https://twitter.com/BeckIquin/status/1327494306941202434,1327494306941202434,Cagayan Valley has one of the largest dams in the Philippines which is the Magat Dam. It also supplies electricity in Metro Manila. They had to open gates kaya nakadagdag sa pagtaas ng baha plus we have the longest river in the Philippines which is the Cagayan River at umapaw na.,0,0,2,0,Sat Nov 14 06:11:21 +0000 2020,0,False,False,False
https://x.com/hochimm/status/1327150317138546688,https://twitter.com/hochimm/status/1327150317138546688,1327150317138546688,"kanina habang nag liligpit ng mga gamit na nabasa ng baha, i sudden imagine how would i feel when i got the chance in future to attend @pledis_17's concert here in Manila.🥺 i almost forgot how bad this day for us and bruh i'll make sure that it wont exist only in my imagination.",0,1,0,0,Fri Nov 13 07:24:27 +0000 2020,1,False,False,False
https://x.com/rawrftror/status/1327514711852662784,https://twitter.com/rawrftror/status/1327514711852662784,1327514711852662784,Cagayan Valley (Region 2) has one of the largest dams in the Philippines which is the Magat Dam. It also supplies electricity in Metro Manila. They had to open gates kaya nakadagdag sa pagtaas ng baha plus we have the longest river in the Philippines which is the Cagayan River,3,1,5,1,Sat Nov 14 07:32:25 +0000 2020,0,False,False,False
https://x.com/ianmdomingo/status/1327548616727117824,https://twitter.com/ianmdomingo/status/1327548616727117824,1327548616727117824,Cagayan has one of the largest dams in the Philippines which is the Magat Dam. It also supplies electricity in Metro Manila. They had to open gates kaya nakadagdag sa pagtaas ng baha plus we have the longest river in the Philippines which is the Cagayan River at umapaw na din po.,0,1,0,0,Sat Nov 14 09:47:09 +0000 2020,0,False,False,False
https://x.com/jaethepooh/status/1327459898808881152,https://twitter.com/jaethepooh/status/1327459898808881152,1327459898808881152,Cagayan has one of the largest dams in the Philippines which is the Magat Dam. It also supplies electricity in Metro Manila. They had to open gates kaya nakadagdag sa pagtaas ng baha plus we have the longest river in the Philippines which is the Cagayan River at umapaw na +++,15,1,12,0,Sat Nov 14 03:54:37 +0000 2020,0,False,False,False
https://x.com/zhouzhennanvin/status/1327225468391624706,https://twitter.com/zhouzhennanvin/status/1327225468391624706,1327225468391624706,filo moots around Metro Manila or near Pasig City. Baka may extra kayong damit na hindi na ginagamit? Some of my friends and family needs some donations. As in wala talaga silang natira dahil sa baha 😭 Please dm me! Thank you so much! ❤,10,1,2,1,Fri Nov 13 12:23:04 +0000 2020,0,False,False,False
https://x.com/dazzy_patotie/status/1327448836210528262,https://twitter.com/dazzy_patotie/status/1327448836210528262,1327448836210528262,Cagayan Valley has one of the largest dams in the Philippines which is the Magat Dam. It also supplies electricity in Metro Manila. They had to open gates kaya nakadagdag sa pagtaas ng baha plus we have the longest river in the Philippines which is the Cagayan River at umapaw na,0,1,0,0,Sat Nov 14 03:10:40 +0000 2020,0,False,False,False
https://x.com/minstradamusuga/status/1327488688658415621,https://twitter.com/minstradamusuga/status/1327488688658415621,1327488688658415621,Cagayan has one of the largest dams in the Philippines which is the Magat Dam. It also supplies electricity in Metro Manila. They had to open gates kaya nakadagdag sa pagtaas ng baha plus we have the longest river in the Philippines which is the Cagayan River at umapaw na din po.,2,2,6,0,Sat Nov 14 05:49:01 +0000 2020,0,False,False,False
https://x.com/kwonieshua/status/1327424785303814144,https://twitter.com/kwonieshua/status/1327424785303814144,1327424785303814144,Cagayan has one of the largest dams in the Philippines which is the Magat Dam. It also supplies electricity in Metro Manila. They had to open gates kaya nakadagdag sa pagtaas ng baha plus we have the longest river in the Philippines which is the Cagayan River at umapaw na din po.,0,1,0,0,Sat Nov 14 01:35:05 +0000 2020,0,False,False,False
https://x.com/gmanews/status/1326907855971082241,https://twitter.com/gmanews/status/1326907855971082241,1326907855971082241,Residents wade through flood to get food in Pasig City #UlyssesPH https://t.co/YnAkN4MqZK,2,0,37,2,Thu Nov 12 15:21:00 +0000 2020,0,False,False,False
https://x.com/dost_pagasa/status/1327146980884279298,https://twitter.com/dost_pagasa/status/1327146980884279298,1327146980884279298,"Pasig-Marikina and Tullahan Flood Advisory #3 Final as of 3PM, 11.13.2020 https://t.co/dwKcjBhKCd",8,0,11,1,Fri Nov 13 07:11:12 +0000 2020,0,False,False,True
https://x.com/manilabulletin/status/1326736789390807041,https://twitter.com/manilabulletin/status/1326736789390807041,1326736789390807041,"@iamjelsantos MMDA says flood water on  Marcos Highway in Santolan, Pasig is currently waist deep. | via @iamjelsantos 

#UlyssesPH",2,0,2,1,Thu Nov 12 04:01:14 +0000 2020,0,False,False,False
https://x.com/PhilstarNews/status/1326423228391288834,https://twitter.com/PhilstarNews/status/1326423228391288834,1326423228391288834,"LOOK: PAGASA issues flood advisory for Pasig-Marikina and Tullahan River Basin.

People living near mountain slopes and in low-lying areas are advised to stay alert for possible flashfloods and landslides.

📷 @dost_pagasa https://t.co/2ueQrmnDoU",6,0,11,3,Wed Nov 11 07:15:16 +0000 2020,0,False,False,True
https://x.com/msnph/status/1327721969467289600,https://twitter.com/msnph/status/1327721969467289600,1327721969467289600,Vico Sotto called out for lack of aid at flood-hit barangay in Pasig https://t.co/wwNYOhqXTm https://t.co/fqPx4WWLRY,0,0,0,0,Sat Nov 14 21:16:00 +0000 2020,0,False,False,True
https://x.com/newswatchplusph/status/1326736766271774720,https://twitter.com/newswatchplusph/status/1326736766271774720,1326736766271774720,"Residents have been trying to push this car that's been stuck in flood in De Castro, Pasig City https://t.co/2mBccqnPjn | @CarolynBonquin

#UlyssesPH #RescuePH https://t.co/qDJQhWL8rR",45,1,114,12,Thu Nov 12 04:01:09 +0000 2020,0,False,False,False
https://x.com/dzrhnews/status/1327021765755686912,https://twitter.com/dzrhnews/status/1327021765755686912,1327021765755686912,"@angelopalmones #ACSBalita Anna Mae Lamentillo, Build, Build, Build chair: Mayroon na po tayong ongoing project with the Japanese government. Ito po 'yung Pasig-Marikina flood control project.

LIVE: https://t.co/Jc1fIl4yVq https://t.co/q10K7un80Y",1,1,1,0,Thu Nov 12 22:53:38 +0000 2020,0,False,False,True
https://x.com/inquirerdotnet/status/1326873602411651072,https://twitter.com/inquirerdotnet/status/1326873602411651072,1326873602411651072,Waters from the Marikina River rushed toward the Manggahan floodway of the Pasig-Marikina flood control project after the eyewall of Typhoon Ulysses hit various parts of Metro Manila and Rizal province. | @GabrielLaluINQ #UlyssesPH  https://t.co/ikFcaSa6Tu,7,0,14,0,Thu Nov 12 13:04:53 +0000 2020,0,False,False,False
https://x.com/manilabulletin/status/1326736624550510592,https://twitter.com/manilabulletin/status/1326736624550510592,1326736624550510592,"LOOK: Policemen use an improvised floating device for a baby during a rescue operation of residents trapped in waist-deep flood in Pasig City. (📸 NCRPO) | via @aaronrecuenco 
https://t.co/c62cGpC9Pj

#UlyssesPH",18,0,55,4,Thu Nov 12 04:00:35 +0000 2020,0,False,False,True
https://x.com/ilda_talk/status/1327064115630665729,https://twitter.com/ilda_talk/status/1327064115630665729,1327064115630665729,"There is really not much that can be done. Much of Metro Manila is on flood plains. Manila is even in the mouth of the Pasig River. It shouldn’t have been overdeveloped the way it is now. Worse, there is no efficient storm drain system when the city was developed. #UllyssesPH",26,14,160,2,Fri Nov 13 01:41:55 +0000 2020,1,False,False,False
https://x.com/PAGASAFFWS/status/1327147069082136579,https://twitter.com/PAGASAFFWS/status/1327147069082136579,1327147069082136579,"Pasig-Marikina and Tullahan Flood Advisory #3 Final as of 3PM, 11.13.2020 https://t.co/E3s1TjGl5K",0,0,1,0,Fri Nov 13 07:11:33 +0000 2020,0,False,False,True
https://x.com/bdrrmo/status/1327162849559531520,https://twitter.com/bdrrmo/status/1327162849559531520,1327162849559531520,"RT dost_pagasa: Pasig-Marikina and Tullahan Flood Advisory #3 Final as of 3PM, 11.13.2020 https://t.co/dBpjwmCaZs",0,0,0,0,Fri Nov 13 08:14:15 +0000 2020,0,False,False,True
https://x.com/tatancast/status/1327150481190301697,https://twitter.com/tatancast/status/1327150481190301697,1327150481190301697,@_yyyyyyyyyyy_ bec flood water exit is only through Manggahan Floodway to Pasig River then Manila Bay.,0,1,0,0,Fri Nov 13 07:25:06 +0000 2020,0,False,False,False
https://x.com/noellebuhay/status/1326716378263539712,https://twitter.com/noellebuhay/status/1326716378263539712,1326716378263539712,How is Pasig City right now? I know its prone to flooding during typhoons. I’m in the US and my dad lives in Pasig and so far Im seeing multiple different scenarios with the flood. #TyphoonUlyssesPH,0,0,0,0,Thu Nov 12 02:40:08 +0000 2020,0,False,False,False
https://x.com/minryce/status/1326781068490534912,https://twitter.com/minryce/status/1326781068490534912,1326781068490534912,"for the people that are in need of help or still stuck in the flood po sa pasig area this is the emergency hotline po ‼️‼️
#RescuePH
#PhilippineRedCross
#PhilippineCoastGuard
#RescueMission 
#UlyssesPH",0,0,0,0,Thu Nov 12 06:57:11 +0000 2020,0,False,True,False
https://x.com/an_be_ca/status/1326699627177865216,https://twitter.com/an_be_ca/status/1326699627177865216,1326699627177865216,"@TheInfanteboi I'm in Pasig. It's kinda a miracle to flood here, but the people in the same street has started to flood but knee-height only. And yep, these are serious problems. No wonder ndrrmc texted us a lot 24/7 xD",0,1,2,0,Thu Nov 12 01:33:34 +0000 2020,0,False,False,False
https://x.com/krizzkimtwt/status/1326823738193571840,https://twitter.com/krizzkimtwt/status/1326823738193571840,1326823738193571840,"Literally blockout, no signal and flood here in Pasig. Keep safe my co-Army PH. This is really not good like what happened way back 2009 of typhoon Ondoy. 😣",0,0,0,0,Thu Nov 12 09:46:45 +0000 2020,0,False,False,False
https://x.com/PAGASAFFWS/status/1326699394792448000,https://twitter.com/PAGASAFFWS/status/1326699394792448000,1326699394792448000,"Flood Advisory # 2 for Pasig Marikina Tullahan River Basin, 
Issued at 9:00 AM, 12 November 2020

#FloodPH https://t.co/55ZRk3mQVd",6,0,3,2,Thu Nov 12 01:32:39 +0000 2020,0,False,False,True
https://x.com/cheoliesparks/status/1326773443271020544,https://twitter.com/cheoliesparks/status/1326773443271020544,1326773443271020544,"IF YOU KNOW SOMEONE FROM SANTOLAN, DE CASTRO, OR ANY BARANGAYS NEAR FLOODWAY (PASIG CITY), PLEASE CONTACT THEM AND ASK THEM IF THEY NEED HELP!! Currently, hanggang first floor na ang flood doon. My friends are staying in the higher areas of their house bc lagpas tao na flood",2,0,0,0,Thu Nov 12 06:26:53 +0000 2020,0,False,False,False
https://x.com/thegrandpianist/status/1326742038050533376,https://twitter.com/thegrandpianist/status/1326742038050533376,1326742038050533376,"Honestly, grateful that I live in one of the flood-free barangays of Pasig. Considering that our house/compound is literally beside the Marikina-Pasig river, it’s always a anxiety inducing whenever nonstop rains occur. Praying for everyone’s safety. Ingat friends! 🙏🏼",0,0,0,0,Thu Nov 12 04:22:06 +0000 2020,0,False,False,False
https://x.com/woodzcoups/status/1326769762303696903,https://twitter.com/woodzcoups/status/1326769762303696903,1326769762303696903,"my lolo &amp; his wife are still in their house in tañong marikina &amp; we cant contact them, may 2nd floor yung house but we dont know how high the water has gotten. they're both seniors in their 80s &amp; we're worried sick wala naman kami magawa pano namin susulungin yung baha",3,2,12,1,Thu Nov 12 06:12:16 +0000 2020,1,False,False,False
https://x.com/Edcaster/status/1326733614281715714,https://twitter.com/Edcaster/status/1326733614281715714,1326733614281715714,"We’re okay thanks Bob. Had to evacuate, though. Lapit namin sa Marikina River e. Pumasok sa bahay ang baha. 1st time since Ondoy.",0,0,1,0,Thu Nov 12 03:48:37 +0000 2020,0,False,True,False
https://x.com/Politiko_Ph/status/1327228130474430464,https://twitter.com/Politiko_Ph/status/1327228130474430464,1327228130474430464,"Interior Secretary Eduardo Año on Friday commended the efforts of local government units (LGUs), including Marikina City, for their disaster response preparations despite the devastation brought by Typhoon Ulysses.
#UlyssesPH
https://t.co/ybEd7TZpak",0,0,1,0,Fri Nov 13 12:33:39 +0000 2020,0,False,False,False
https://x.com/jackie38620880/status/1327173846080712704,https://twitter.com/jackie38620880/status/1327173846080712704,1327173846080712704,"@gmawowowin Kuya will Sana ISA po AKO SA matawagan u po 🙏 para po SA ate KO at SA pamilya niya na nalubog SA Baha SA tumana marikina po🙏🙏😢😢😢😢
0⃣9⃣5⃣1⃣6⃣3⃣9⃣9⃣0⃣9⃣6⃣ Godbless po kuya will🙏
Para po SA ate KO🙏🙏🙏😢😢😢😢",0,0,0,0,Fri Nov 13 08:57:57 +0000 2020,0,False,False,False
https://x.com/gabbybirth/status/1326744453202112512,https://twitter.com/gabbybirth/status/1326744453202112512,1326744453202112512,"@Joseph_Morong @gmanews So baha na yan mr. Senator?..please look into the plight of the Filipinos submerged in floodwaters..Have you seen Marikina, San Mateo and other areas? Dun po ang totoong lubog sa baha..",0,1,14,0,Thu Nov 12 04:31:42 +0000 2020,0,False,False,False
https://x.com/ivnotchaaaar/status/1326742021474676737,https://twitter.com/ivnotchaaaar/status/1326742021474676737,1326742021474676737,"sending msgs to my Titos who are staying in QC and Marikina... But autocorrect likes to play a joke on me instead of ""How's the baha?"" it changes to ""How's the bahaha?"" 🤦‍♀️🤦‍♀️🤦‍♀️🤦‍♀️",0,0,0,0,Thu Nov 12 04:22:02 +0000 2020,0,False,False,False
https://x.com/cecille41_cez/status/1326736966319136768,https://twitter.com/cecille41_cez/status/1326736966319136768,1326736966319136768,"@_5coloredstorm Emergency powers pero wala naman during emergency. Water level sa Marikina level is higher than what happened during Ondoy.Naman!
We're okay naman  though medyo baha sa labas aybsobrang kalat Thank God na ganun lang samin but I'm worried for those who had it worse.Glad you're ok!",0,0,0,0,Thu Nov 12 04:01:57 +0000 2020,0,False,False,False
https://x.com/mojackie04/status/1326757272740093955,https://twitter.com/mojackie04/status/1326757272740093955,1326757272740093955,Flood finally subsided! Thank you Lord! Praying for the rest of Luzon affected by #UlyssesPH na magsubside na din ang baha esp in Marikina and Rizal areas. 🙏,0,1,1,0,Thu Nov 12 05:22:38 +0000 2020,0,False,False,False
https://x.com/karolsss22/status/1326831927454691329,https://twitter.com/karolsss22/status/1326831927454691329,1326831927454691329,"Last time, 2weeks after Ondoy, we got a lot of admissions due to Leptospirosis. From Marikina area dahil sa paglusong sa baha.",0,0,2,0,Thu Nov 12 10:19:17 +0000 2020,0,False,True,False
https://x.com/KJIGOM88/status/1326901476309032961,https://twitter.com/KJIGOM88/status/1326901476309032961,1326901476309032961,"@ohnsehuns yes!! tho di na baguhan samin to since bahain talaga marikina, pero the last time this happened was ondoy pa. abot hanggang 2nd floor baha samin 🥺 stay safe din!! ❤️",0,1,1,0,Thu Nov 12 14:55:39 +0000 2020,0,False,False,False
https://x.com/agustdvee/status/1326764140002734081,https://twitter.com/agustdvee/status/1326764140002734081,1326764140002734081,"lunod na po sa baha ang marikina and parts of bulacan. if you can help and around the area, pls.",0,0,0,0,Thu Nov 12 05:49:55 +0000 2020,0,False,True,False
https://x.com/joshiecutie_21/status/1326823091700293633,https://twitter.com/joshiecutie_21/status/1326823091700293633,1326823091700293633,"""Boats delivered to Montalban Rizal. Get to safety everyone (read the post)🙏🏻 Otw to Marikina right now to deliver more boats but natirikan ako guys dahil sa baha 💔🥺 so sorry we are trying our best please wait lang po 🙏🏻 MARIKINA WAIT PO you’re next na, rescuers pls standby."" https://t.co/Oo4VQZsLB1",1,0,2,0,Thu Nov 12 09:44:10 +0000 2020,0,False,False,True
https://x.com/ajabella8/status/1326720021649711104,https://twitter.com/ajabella8/status/1326720021649711104,1326720021649711104,"@MarikinaRescue please help, my friend Agnes Aguilar and family nasa 3rd floor, baha hanggang 2nd floor. At 11 camachile st. Purok 2 malanday marikina. Need food",1,1,0,3,Thu Nov 12 02:54:37 +0000 2020,0,False,False,False
https://x.com/ventioooc/status/1326662211004104705,https://twitter.com/ventioooc/status/1326662211004104705,1326662211004104705,I don't think I can go back to sleep. Pag nag overflow yang Marikina River baha na sa Pasig agad agad shutanginamerzzz.,0,0,3,0,Wed Nov 11 23:04:53 +0000 2020,0,False,False,False
https://x.com/yeppeozoo_ph/status/1326705561358925824,https://twitter.com/yeppeozoo_ph/status/1326705561358925824,1326705561358925824,"There are some places in Marikina City (Malanday, Concepcion, Provident Village) na nakaexperience ng baha na abot ng 3rd floor during Bagyong Ondoy. This is really alarming. Please pray for them too, please pray for everyone's safety. 😭🙏🏻",0,1,2,0,Thu Nov 12 01:57:09 +0000 2020,0,False,False,False
https://x.com/ourchiminie/status/1327564739304513536,https://twitter.com/ourchiminie/status/1327564739304513536,1327564739304513536,"Birthday wish ng 7yr old girl nung 2019: Bagong damit

Birthday wish ng pinsan kong 8years old (bday nya kahapon) : 
""Sana wala na ang baha.""
😢

*we're from Marikina",0,0,1,0,Sat Nov 14 10:51:13 +0000 2020,0,False,False,False
https://x.com/thegirlinblue15/status/1327198681565593600,https://twitter.com/thegirlinblue15/status/1327198681565593600,1327198681565593600,"@claudiopoy Not as excited as I am to see my friend who made lusong the baha in Marikina on a surfboard to rescue peeps. 

Or wait, was that Jericho ba? Can't tell you two apart na eh  😧",0,1,0,0,Fri Nov 13 10:36:38 +0000 2020,0,False,False,False
https://x.com/lennski/status/1326709716056076290,https://twitter.com/lennski/status/1326709716056076290,1326709716056076290,"@iKON_tinental Hindi naman lahat pero maraming lugar ang baha. Would you know ang location? Kahit hindi exact address? Ang alam ko Malanday, Tumana, Provident and places near marikina river.",0,1,0,0,Thu Nov 12 02:13:40 +0000 2020,0,False,False,False
https://x.com/dark_yamamoto/status/1326778192129089538,https://twitter.com/dark_yamamoto/status/1326778192129089538,1326778192129089538,"To those People Living Around Marikina Area i Hope Na Ligtas At Mag iingat Kayo 💔.  Bc some Of My Fam Living There Is Hanggang 2nd floor na ang baha. And thankfully naka Likas na. 

#UlyssesPH https://t.co/l7sdo2TTw7",2,1,8,0,Thu Nov 12 06:45:46 +0000 2020,0,False,False,True
https://x.com/Linda68368117/status/1326711363276713984,https://twitter.com/Linda68368117/status/1326711363276713984,1326711363276713984,@KangNailed @priscila_jay hindi regular ang baha dito kpg malakas ang ulan . marikina river always reach warning signals on heavy downpours.,0,1,0,0,Thu Nov 12 02:20:12 +0000 2020,0,False,False,False
https://x.com/FaeReena/status/1327454795515346947,https://twitter.com/FaeReena/status/1327454795515346947,1327454795515346947,"Plan cancelled dahil baha sa pasig.

Let’s just sleep, shall we?",0,0,0,0,Sat Nov 14 03:34:20 +0000 2020,0,False,False,False
https://x.com/zhouzhennanvin/status/1327225468391624706,https://twitter.com/zhouzhennanvin/status/1327225468391624706,1327225468391624706,filo moots around Metro Manila or near Pasig City. Baka may extra kayong damit na hindi na ginagamit? Some of my friends and family needs some donations. As in wala talaga silang natira dahil sa baha 😭 Please dm me! Thank you so much! ❤,10,1,2,1,Fri Nov 13 12:23:04 +0000 2020,0,False,False,False
https://x.com/MlTSKZ/status/1326728718941745152,https://twitter.com/MlTSKZ/status/1326728718941745152,1326728718941745152,to think na lagpas tao na ang baha sa pasig during ondoy in 2009 and this time it’s worse :&lt;,0,0,1,0,Thu Nov 12 03:29:10 +0000 2020,0,False,True,False
https://x.com/justreyyyn/status/1326694211077378049,https://twitter.com/justreyyyn/status/1326694211077378049,1326694211077378049,Pasig river right now along ortigas avenue extension. Stranded ang di makalusong sa baha. #UlyssesPH https://t.co/WrJyIg0j0z,4,0,2,0,Thu Nov 12 01:12:03 +0000 2020,0,False,False,False
https://x.com/ventioooc/status/1326662211004104705,https://twitter.com/ventioooc/status/1326662211004104705,1326662211004104705,I don't think I can go back to sleep. Pag nag overflow yang Marikina River baha na sa Pasig agad agad shutanginamerzzz.,0,0,3,0,Wed Nov 11 23:04:53 +0000 2020,0,False,False,False
https://x.com/junjijayme165/status/1327757415429795841,https://twitter.com/junjijayme165/status/1327757415429795841,1327757415429795841,"Elect a president who believes in protecting the environment, and a head of DENR who is an environmentalist and you will solve the flooding in Metro Manila and other flood-prone provinces. It is as simple as that.",0,0,0,0,Sat Nov 14 23:36:51 +0000 2020,0,False,True,False
https://x.com/sijiiiiiiiiii/status/1327678635969445888,https://twitter.com/sijiiiiiiiiii/status/1327678635969445888,1327678635969445888,"@GeraldineNovic1 @geeliyuhn @skzchanniebunny dud nasa manila aq ngayon and i think socmed + news suffices para may knowledge aq sa kung anong disasters na ang nangyayari sa cagayan. i don't need to experience the flood, the typhoon, the loss of a relative, &amp; the bs in the government firsthand to be credible &amp; raise concerns",0,0,0,0,Sat Nov 14 18:23:48 +0000 2020,0,False,False,False
https://x.com/shinokanro/status/1327669942280359937,https://twitter.com/shinokanro/status/1327669942280359937,1327669942280359937,"data  from  the  Pampanga  River  Flood  Forecasting  and  Monitoring  Center  showed.

Flooding  was  expected  to  worsen  in  the  Pampanga  towns  of  Masantol  and  Macabebe  as  water  flow  downstream  toward  the  Manila  Bay.”  -Inquirer.net",1,1,1,0,Sat Nov 14 17:49:15 +0000 2020,0,False,False,False
https://x.com/KimDabyun528/status/1327653823238656001,https://twitter.com/KimDabyun528/status/1327653823238656001,1327653823238656001,"Tuguegarao Mayor was in Manila celebrating a birthday

Cagayan Governor is denying the rumors of the 15-ft deep flood in some parts

Philippine President was sleeping in his hometown in Davao

Presidential Spokesperson was doing this in Baguio:
https://t.co/97y0FsHkwU",2,0,0,0,Sat Nov 14 16:45:12 +0000 2020,0,False,False,False
https://x.com/JamesVelinaLXIX/status/1327640637965963265,https://twitter.com/JamesVelinaLXIX/status/1327640637965963265,1327640637965963265,"or prevented had the Metropolitan Manila Development Authority (MMDA) completed major flood control projects programmed for 2018 and 2019, the Commission on Audit (COA) said in a report.

“Various projects were not completed/implemented within the specific contract time due to",0,1,0,0,Sat Nov 14 15:52:49 +0000 2020,0,False,False,False
https://x.com/gwy_stantwt/status/1327598841508499460,https://twitter.com/gwy_stantwt/status/1327598841508499460,1327598841508499460,"Can we all agree that the statements and opinions by Filipinos about the white sand in Manila Bay is useless😭 Many people are dying out there in hunger and flood. But, we cant do a thing, we kept on worrying and praying for them but up until when? We can't guarantee their safety",0,1,0,1,Sat Nov 14 13:06:44 +0000 2020,0,False,False,False
https://x.com/Carl_0509/status/1327588948315553793,https://twitter.com/Carl_0509/status/1327588948315553793,1327588948315553793,"If ganon talaga kalakas ung bagyo. Bakit hindi binaha ng todo ang bicol and manila... The problem was the opening of the 7 gates in Magat Dam... People were not told about the opening of the gates kaya they never had the chance to prepare for a 15 ft flood.

And since (2/2)",0,0,1,0,Sat Nov 14 12:27:25 +0000 2020,0,False,False,False
https://x.com/aksis_pisay/status/1327562403563720707,https://twitter.com/aksis_pisay/status/1327562403563720707,1327562403563720707,"ULYSSES CAUSES DEVASTATING FLOODS IN METRO MANILA

Typhoon Ulysses caused one of the worst floods in NCR in a long time. Residents in low-lying areas climbed the roofs of their homes awaiting rescue due to the flood.

https://t.co/ywRfWe7apI",0,1,0,0,Sat Nov 14 10:41:56 +0000 2020,0,False,False,False
https://x.com/saccharinelwt/status/1327560556203499520,https://twitter.com/saccharinelwt/status/1327560556203499520,1327560556203499520,"AND OUR COUNTRY IS CURRENTLY STILL SUBMERGED WITH FLOOD WATER.

MANILA IS NOT ONLY THE PHILIPPINES.

WE HAVE OTHER CITIES PROVINCES AS WELL.",0,0,0,0,Sat Nov 14 10:34:36 +0000 2020,0,False,False,False
https://x.com/BisdaK1819/status/1327554405625806848,https://twitter.com/BisdaK1819/status/1327554405625806848,1327554405625806848,"Change of paradigm to a Cleaner environment..to stop from littering, throwing trash anywhere, one of the worst habit of Filipinos especially from Manila.
That flood control project can be done, with another budget. DOLOMITE is part of another budget intented for Manila Bay.",0,1,0,0,Sat Nov 14 10:10:09 +0000 2020,0,False,False,False
https://x.com/_cabigass/status/1327528481614249985,https://twitter.com/_cabigass/status/1327528481614249985,1327528481614249985,@__sadrina manila go flood before 2020 ends,0,0,0,0,Sat Nov 14 08:27:08 +0000 2020,0,False,False,False
https://x.com/PhilstarNews/status/1327528178118606849,https://twitter.com/PhilstarNews/status/1327528178118606849,1327528178118606849,"Flooding in Metro Manila – especially in Marikina, Makati, Manila and Quezon City – could have been minimized or prevented had the MMDA completed major flood control projects programmed for 2018 and 2019, the Commission on Audit said in a report.

READ: https://t.co/gxldIpCOp1 https://t.co/bT9qcxyAjF",49,0,105,7,Sat Nov 14 08:25:56 +0000 2020,2,False,False,True
https://x.com/nednared/status/1327522964187668485,https://twitter.com/nednared/status/1327522964187668485,1327522964187668485,Uncontrolled quarrying in the mountains of Montalban (Rodriguez) in Rizal province blamed for disastrous flood in Metro Manila.,0,0,0,0,Sat Nov 14 08:05:13 +0000 2020,0,False,True,False
https://x.com/ichu2000/status/1327522926598393856,https://twitter.com/ichu2000/status/1327522926598393856,1327522926598393856,"this was discussed on  August 15, 2018... WHY DOES MANILA FLOOD?   https://t.co/LZgDafTxRA

so there was a proposal in the late 70's to build another drainage system --the Paranaque Spillway",0,0,0,0,Sat Nov 14 08:05:04 +0000 2020,0,False,False,False
https://x.com/sehuntonin/status/1327513656490246144,https://twitter.com/sehuntonin/status/1327513656490246144,1327513656490246144,See? It took the government a whole lot faster to dump dolomite sands in Manila bay than continue flood control projects in Manila. That itself shows how their priorities lie on useless things,0,0,0,0,Sat Nov 14 07:28:14 +0000 2020,0,False,True,False
https://x.com/piggytobats/status/1327506482590404610,https://twitter.com/piggytobats/status/1327506482590404610,1327506482590404610,"We are asking your kind heart for any amount of donation to help our fellow Cagayanos who were affected of Cagayan Flood. All the money that will be collected will be use to buy relief goods, and the Red Cross TIP-Manila will be heading in Cagayan tomorrow to facilitate this.",0,1,0,0,Sat Nov 14 06:59:43 +0000 2020,0,False,False,False
https://x.com/doulos_fortify/status/1327495986848034821,https://twitter.com/doulos_fortify/status/1327495986848034821,1327495986848034821,@SarahTrance @GIguitan @deftuann @dnzdlcrz San ang incompetence? Please debate with me. Do you know the Hierarchy of the Government? Do you know the mandate of PCG? Do you know the different studies of Flood control in Cagayan River Basin and Metro Manila long before Duterte came to power? Prove it.,0,1,0,0,Sat Nov 14 06:18:01 +0000 2020,0,False,False,False
https://x.com/doulos_fortify/status/1327495705821208576,https://twitter.com/doulos_fortify/status/1327495705821208576,1327495705821208576,@deftuann San ang incompetence? Please debate with me. Do you know the Hierarchy of the Government? Do you know the mandate of PCG? Do you know the different studies of Flood control in Cagayan River Basin and Metro Manila long before Duterte came to power? Prove it.,0,0,3,0,Sat Nov 14 06:16:54 +0000 2020,1,False,False,False
https://x.com/doulos_fortify/status/1327495560304103425,https://twitter.com/doulos_fortify/status/1327495560304103425,1327495560304103425,@ptrckspns San ang incompetence? Please debate with me. Do you know the Hierarchy of the Government? Do you know the mandate of PCG? Do you know the different studies of Flood control in Cagayan River Basin and Metro Manila long before Duterte came to power? Prove it.,0,1,1,0,Sat Nov 14 06:16:19 +0000 2020,0,False,False,False
https://x.com/doulos_fortify/status/1327495537713500160,https://twitter.com/doulos_fortify/status/1327495537713500160,1327495537713500160,@JoselitoDDelos1 @ptrckspns San ang incompetence? Please debate with me. Do you know the Hierarchy of the Government? Do you know the mandate of PCG? Do you know the different studies of Flood control in Cagayan River Basin and Metro Manila long before Duterte came to power? Prove it.,0,0,0,0,Sat Nov 14 06:16:14 +0000 2020,0,False,False,False
https://x.com/NST_Online/status/1326793299953410049,https://twitter.com/NST_Online/status/1326793299953410049,1326793299953410049,"#NSTregion Heavy rain effectively shut down Manila, the sprawling capital of 12 million people, and surrounding areas.

#Manila #Philippines #Typhoon #Flood #TyphoonVamco 

https://t.co/u8uv66pHJq",4,0,4,1,Thu Nov 12 07:45:47 +0000 2020,0,False,False,False
https://x.com/manilabulletin/status/1327425774069006337,https://twitter.com/manilabulletin/status/1327425774069006337,1327425774069006337,Help sought as entire Cagayan swamped with flood https://t.co/ogKPul6wnZ,1,0,1,0,Sat Nov 14 01:39:01 +0000 2020,0,False,False,False
https://x.com/anews/status/1326955579533881346,https://twitter.com/anews/status/1326955579533881346,1326955579533881346,"Torrential rains from Typhoon Vamco lashed provinces in the Philippines' main Luzon island on Thursday, paralyzing parts of the capital Manila as some residents awaited rescue by boat due to rising flood waters.
#TyphoonVamco #Typhoon #Vamco #Philippines #Manila #anews https://t.co/SBJcQeodH2",1,0,4,0,Thu Nov 12 18:30:38 +0000 2020,0,False,False,True
https://x.com/PHAlertOfficial/status/1326430962939518978,https://twitter.com/PHAlertOfficial/status/1326430962939518978,1326430962939518978,NCRPO Chief Danao to ‘flood’ Metro Manila streets with cops https://t.co/5DIFrUoeYV,0,0,0,0,Wed Nov 11 07:46:00 +0000 2020,0,False,False,False
https://x.com/manilabulletin/status/1327504034178232320,https://twitter.com/manilabulletin/status/1327504034178232320,1327504034178232320,The difficult task of starting anew after ‘Ulysses’ begins for flood victims https://t.co/gPMVXOtxWU,0,0,7,0,Sat Nov 14 06:50:00 +0000 2020,0,False,False,False
https://x.com/manilabulletin/status/1326838660793163776,https://twitter.com/manilabulletin/status/1326838660793163776,1326838660793163776,WATCH: A dog was seen struggling to paddle against the flood current #UlyssesPH https://t.co/QIsHlQ5UJ7,1,0,3,3,Thu Nov 12 10:46:02 +0000 2020,0,False,False,False
https://x.com/manila_today/status/1326713362588184576,https://twitter.com/manila_today/status/1326713362588184576,1326713362588184576,"FLOOD ALERT: Flooded areas Manila as of 9:00 AM, November 12.
[NOT PASSABLE]
—Makisig St. to Dalisay St., Bacood
—San Lorenzo St., Sta. Mesa
—Road 7 and Road 8 in Sta. Ana
—España cor M. Dela Fuente St.

[KNEE DEEP]
—Roxas Blvd (Both sides) 

c/o @ManilaPIO #RescuePH #UlyssesPH",1,0,0,0,Thu Nov 12 02:28:09 +0000 2020,0,False,False,False
https://x.com/simjinyimoore/status/1326759243467403264,https://twitter.com/simjinyimoore/status/1326759243467403264,1326759243467403264,"No electricity until now, flood everywhere in Manila.

Only 29% left on my phone's battery.
Won't be able to stream and vote for today. But to those Moos who can, please do so.

Please pray for the people who are affected by the typhoon. Thank you everyone.",45,31,194,1,Thu Nov 12 05:30:28 +0000 2020,0,False,False,False
https://x.com/manilabulletin/status/1327182561659867136,https://twitter.com/manilabulletin/status/1327182561659867136,1327182561659867136,"IN PHOTOS: #UlyssesPH aftermath

Residents of Kasiglahan Village, Rodriguez, Rizal walk through shin-deep mud brought by the recent Typhoon Ulysses as they try to recuperate from 1-story high flood that engulfed their homes yesterday, November 12. (MB Photo by Alvin Kasiban) https://t.co/yz5mILKso7",2,1,20,4,Fri Nov 13 09:32:35 +0000 2020,0,False,False,True
https://x.com/nincharmturtle/status/1326710928419688448,https://twitter.com/nincharmturtle/status/1326710928419688448,1326710928419688448,"suspended na ang work. thinking of my friends in Manila 🥺 grabe, need na mag evacuate due to flood tapos non-stop pa daw ang rain atm. I can only imagine the evacuation areas situation plus the unseen enemy, covid-19 aaAAAAHHHH",0,0,0,0,Thu Nov 12 02:18:29 +0000 2020,0,False,False,False
https://x.com/MoguMinWonKyun/status/1326440834175168515,https://twitter.com/MoguMinWonKyun/status/1326440834175168515,1326440834175168515,"PAG ASA said there might be torrential rain as early as 10pm tonight and may last till morning which may also cause flood around Metro Manila and Rizal. Stay safe and dry my filo monbebes, wenees and luvitys ☔❤️",1,0,2,0,Wed Nov 11 08:25:13 +0000 2020,0,False,False,False
https://x.com/BenarNews/status/1326959540148035587,https://twitter.com/BenarNews/status/1326959540148035587,1326959540148035587,"Rains from Typhoon Vamco (Ulysses) Flood Manila Capital Region
https://t.co/sWawplYQuG https://t.co/U8QXaq4I1h",1,0,0,0,Thu Nov 12 18:46:22 +0000 2020,0,False,False,True
https://x.com/manila_today/status/1326816992288935936,https://twitter.com/manila_today/status/1326816992288935936,1326816992288935936,"LOOK: Earlier, residents of Barangka, Marikina were restricted to go back into their homes after getting supplies of food and water for their families. They said that the flood has already subsided in their area. https://t.co/ML52lsWdJ0",1,1,2,0,Thu Nov 12 09:19:56 +0000 2020,0,False,False,False
https://x.com/CTVNews/status/1326960200750936064,https://twitter.com/CTVNews/status/1326960200750936064,1326960200750936064,"A week and a half after the Philippines was hit hard by a super typhoon, another storm made a landfall in the country near Manila. #CTVNews #Typhoon #storm #Philippines #Manila #Asia #weather #nature #disaster #water #flood #rescue https://t.co/Y4tmXqHiWA",5,1,10,1,Thu Nov 12 18:49:00 +0000 2020,0,False,False,False
https://x.com/agdemesaphoto/status/1326718501281673226,https://twitter.com/agdemesaphoto/status/1326718501281673226,1326718501281673226,You know what's broken in Manila's urban structure? Everything. Everything is broken. Help your neighbors if you can and don't flood the hash tags with old clips/fake news for clout. Let's make the life of the responders easy.,3,0,9,0,Thu Nov 12 02:48:34 +0000 2020,0,False,False,False
https://x.com/manilabulletin/status/1326753424830988289,https://twitter.com/manilabulletin/status/1326753424830988289,1326753424830988289,"LOOK: Volunteers and staff of the Philippine Red Cross are still on flood-affected areas assisting people and bringing them to safety through our rescue vehicles and rubber boats. (📸 @philredcross) | via @MB_InaHernando
#UlyssesPH
https://t.co/d4KEbBcIWN",7,0,22,3,Thu Nov 12 05:07:21 +0000 2020,0,False,False,False
https://x.com/PtrSanders/status/1326944129671176192,https://twitter.com/PtrSanders/status/1326944129671176192,1326944129671176192,"Want to help the people of the Philippines? Go to this website and select International Baptist Church, Manila. You can put ""disaster relief"" or ""flood relief"" in the additional comments section at the bottom of the form. https://t.co/FM7erj91QO https://t.co/04OYDAnfKF",0,1,0,0,Thu Nov 12 17:45:08 +0000 2020,0,False,False,True
https://x.com/BusinessMirror/status/1327115977012645888,https://twitter.com/BusinessMirror/status/1327115977012645888,1327115977012645888,"Hundreds of families fled from flood-prone and low-lying areas in the province on Wednesday, as Typhoon Ulysses made its exit over Zambales after wreaking havoc in Southern Luzon and parts of Metro Manila last Wednesday.

https://t.co/9Cpg4JajIV",0,0,0,0,Fri Nov 13 05:08:00 +0000 2020,0,False,False,False
https://x.com/wildtheim/status/1327090680347299840,https://twitter.com/wildtheim/status/1327090680347299840,1327090680347299840,"Don't wait for the Metro Manila Flood Control Master Plan to be finished by 2035.

""In the meantime, what do we do? So we have to do adoptive architecture and adoptive engineering."" - Arch. Jun Palafo, a member of the 1976 Flood Control Plan.

Watch video! https://t.co/xV8uXqhvis",0,0,5,0,Fri Nov 13 03:27:29 +0000 2020,0,False,False,False
https://x.com/ronlopezph/status/1326865236687638529,https://twitter.com/ronlopezph/status/1326865236687638529,1326865236687638529,"The worst flood in #Manila in recent years. Residents say it brought back memories of the deadly tropical storm Ondoy, but only the situation is worsened by another tragedy that is #coronavirus https://t.co/R9X5Cbpf1T",0,0,3,0,Thu Nov 12 12:31:39 +0000 2020,0,False,False,True
https://x.com/ABSCBNNews/status/1326751575814057984,https://twitter.com/ABSCBNNews/status/1326751575814057984,1326751575814057984,"WATCH: Marikina residents flee homes as flood rises #UlyssesPH
https://t.co/BsI8xIh05A",23,0,60,4,Thu Nov 12 05:00:00 +0000 2020,0,False,False,False
https://x.com/ABSCBNNews/status/1327465027138293760,https://twitter.com/ABSCBNNews/status/1327465027138293760,1327465027138293760,Marikina mayor appeals for aid for flood-hit residents https://t.co/2vV5cUg8wK,43,2,122,2,Sat Nov 14 04:15:00 +0000 2020,0,False,False,False
https://x.com/ABSCBNNews/status/1326738993136902150,https://twitter.com/ABSCBNNews/status/1326738993136902150,1326738993136902150,Mayor Marcy Teodoro of Marikina City was seen early this morning knee-deep in flood water just outside his house to make rounds and check on his constituents. https://t.co/2DjjpsVp6W,94,5,571,30,Thu Nov 12 04:10:00 +0000 2020,0,False,False,False
https://x.com/dailyguardianph/status/1326755875546017792,https://twitter.com/dailyguardianph/status/1326755875546017792,1326755875546017792,"LOOK: Residents of Marikina City brave the flood carrying their children, belongings and even pets during the height of typhoon #UlyssesPH. | Photo by Eloisa Lopez, Reuters https://t.co/mBW2gDPl8h",0,0,4,0,Thu Nov 12 05:17:05 +0000 2020,0,False,False,True
https://x.com/chinogaston/status/1326879183969005568,https://twitter.com/chinogaston/status/1326879183969005568,1326879183969005568,Flood recedes in Brgy Tumana Marikina leaving mud and debris strewn across Tumana Bridge. https://t.co/2qy02kGUpQ,0,0,5,0,Thu Nov 12 13:27:04 +0000 2020,0,False,False,True
https://x.com/gmanews/status/1326669409314762752,https://twitter.com/gmanews/status/1326669409314762752,1326669409314762752,@chinogaston An SUV forces its way through flood water along the border of San Mateo and Marikina. | via @chinogaston https://t.co/fNTG4pQnIT,10,0,40,3,Wed Nov 11 23:33:30 +0000 2020,0,False,False,True
https://x.com/ABSCBNNews/status/1326785549873668101,https://twitter.com/ABSCBNNews/status/1326785549873668101,1326785549873668101,Marikina residents trapped by flood call for rescue #UlyssesPH https://t.co/vOVZ1rsugo,53,2,130,5,Thu Nov 12 07:15:00 +0000 2020,0,False,False,False
https://x.com/dost_pagasa/status/1327146980884279298,https://twitter.com/dost_pagasa/status/1327146980884279298,1327146980884279298,"Pasig-Marikina and Tullahan Flood Advisory #3 Final as of 3PM, 11.13.2020 https://t.co/dwKcjBhKCd",8,0,11,1,Fri Nov 13 07:11:12 +0000 2020,0,False,False,True
https://x.com/PhilstarNews/status/1326423228391288834,https://twitter.com/PhilstarNews/status/1326423228391288834,1326423228391288834,"LOOK: PAGASA issues flood advisory for Pasig-Marikina and Tullahan River Basin.

People living near mountain slopes and in low-lying areas are advised to stay alert for possible flashfloods and landslides.

📷 @dost_pagasa https://t.co/2ueQrmnDoU",6,0,11,3,Wed Nov 11 07:15:16 +0000 2020,0,False,False,True
https://x.com/newswatchplusph/status/1326672669949915136,https://twitter.com/newswatchplusph/status/1326672669949915136,1326672669949915136,"LOOK: Even Marikina Mayor Marcy Teodoro had to wade through flood water to help in disaster response efforts in the city. Rescue operations are ongoing for residents stranded in their homes due to heavy flooding in most areas | @gleefjalea #UlyssesPH 

📸 @MarikinaPIO https://t.co/Wbq07WMiVo",1823,71,8465,611,Wed Nov 11 23:46:27 +0000 2020,29,False,False,True
https://x.com/W0lverineupdate/status/1326928431662026753,https://twitter.com/W0lverineupdate/status/1326928431662026753,1326928431662026753,"#TyphoonVamco :- Two dogs one sits on a vehicle &amp; One on roof submerged in flood in #Marikina City, Metro Manila, #Philippines, after #TyphoonVamco caused floods. 

#flood #dogs #Manila https://t.co/G6qZ0WiFVX",0,2,3,0,Thu Nov 12 16:42:45 +0000 2020,0,False,False,True
https://x.com/ANCALERTS/status/1326829393323417600,https://twitter.com/ANCALERTS/status/1326829393323417600,1326829393323417600,Rescue operations are ongoing after flood waters submerge houses and vehicles in Marikina City as #UlyssesPH brought heavy rains Thursday morning. https://t.co/Ikn3vwpZbp,7,0,18,1,Thu Nov 12 10:09:13 +0000 2020,1,False,False,False
https://x.com/gmanews/status/1326814490634178560,https://twitter.com/gmanews/status/1326814490634178560,1326814490634178560,The iconic giant shoe landmark in Marikina City has been swept away by the flood brought by Typhoon Ulysses in the Marikina River. https://t.co/7r3MvLrD3F,19,2,78,6,Thu Nov 12 09:10:00 +0000 2020,1,False,False,False
https://x.com/inquirerdotnet/status/1326737752285540352,https://twitter.com/inquirerdotnet/status/1326737752285540352,1326737752285540352,LOOK: Flood continues to rise in Marikina City due to #UlyssesPH. Leojhon Omli says they have been stranded at the second floor of their home since 7 a.m. (Photo: Leojhon Omli) | @MegINQ https://t.co/q1d2CY3zPi,10,0,30,2,Thu Nov 12 04:05:04 +0000 2020,0,False,False,True
https://x.com/PhilstarNews/status/1326691326696456192,https://twitter.com/PhilstarNews/status/1326691326696456192,1326691326696456192,"Philippine Red Cross volunteers conduct rescue operations in Marikina for residents stranded by flood waters. Typhoon #UlyssesPH has dumped a lot of rain throughout Luzon causing widespread flooding.
📷Philippine Red Cross

Get more live updates here: https://t.co/UL33ILKDT3 https://t.co/ZDCIfHpzYL",154,11,408,26,Thu Nov 12 01:00:35 +0000 2020,0,False,False,True
https://x.com/pnagovph/status/1326609360416436224,https://twitter.com/pnagovph/status/1326609360416436224,1326609360416436224,"JUST IN | Third alarm is raised at the Marikina River after its water level reached 18 meters as of 3:18 a.m. Thursday, according to the Marikina PIO. This means residents in low-lying and flood-prone areas are forced to evacuate. | Photos courtesy of Marikina PIO https://t.co/bAQnnQLzgT",6,0,15,4,Wed Nov 11 19:34:53 +0000 2020,1,False,False,True
https://x.com/agustkingyoon/status/1326677801185865728,https://twitter.com/agustkingyoon/status/1326677801185865728,1326677801185865728,"Okay I can't get out of my dorm anymore 😔 Marikina River is over 20m already and it started to bring flood here too.. I might not be that active today, I have to conserve my phone battery... 🥺 Pls take care everyone... Ill miss u today 🤧 but see u after this. 💜",0,8,13,0,Thu Nov 12 00:06:50 +0000 2020,0,False,False,False
https://x.com/PhilstarNews/status/1326764167362187265,https://twitter.com/PhilstarNews/status/1326764167362187265,1326764167362187265,"Meanwhile In Marikina, the mayor is already requesting for air rescue.

“Due to the strong currents, we need motorized (boats) and weather permitting, air rescue is needed because our citizens are already on the roofs,” he said.

https://t.co/WH9pGqKCrf",73,1,240,7,Thu Nov 12 05:50:02 +0000 2020,1,False,False,False
https://x.com/newswatchplusph/status/1326720895058993158,https://twitter.com/newswatchplusph/status/1326720895058993158,1326720895058993158,"WATCH: Coast Guard rescuers swim through flood waters in Brgy. Barangka, Marikina City to help stranded residents https://t.co/2mBccqnPjn #UlyssesPH #RescuePH 

📹 @coastguardph https://t.co/otyzLT3sYo",415,17,1082,162,Thu Nov 12 02:58:05 +0000 2020,3,False,False,False
https://x.com/Vinny_Me/status/1326772858606014464,https://twitter.com/Vinny_Me/status/1326772858606014464,1326772858606014464,"Praying for the safety of people trap in their homes by the flood in marikina, bulacan and other parts of the affected areas in the Phils.. 🙏🏼",0,0,0,0,Thu Nov 12 06:24:34 +0000 2020,0,False,False,False
https://x.com/agustdvee/status/1326764140002734081,https://twitter.com/agustdvee/status/1326764140002734081,1326764140002734081,"lunod na po sa baha ang marikina and parts of bulacan. if you can help and around the area, pls.",0,0,0,0,Thu Nov 12 05:49:55 +0000 2020,0,False,True,False
https://x.com/mojackie04/status/1326757272740093955,https://twitter.com/mojackie04/status/1326757272740093955,1326757272740093955,Flood finally subsided! Thank you Lord! Praying for the rest of Luzon affected by #UlyssesPH na magsubside na din ang baha esp in Marikina and Rizal areas. 🙏,0,1,1,0,Thu Nov 12 05:22:38 +0000 2020,0,False,False,False
https://x.com/Ross7_Bangtan/status/1326750849805246465,https://twitter.com/Ross7_Bangtan/status/1326750849805246465,1326750849805246465,@aguirrechsk We can’t travel now baha sa Marcos Highway going to Marikina 🥺,0,1,0,0,Thu Nov 12 04:57:07 +0000 2020,0,False,False,False
https://x.com/gabbybirth/status/1326744453202112512,https://twitter.com/gabbybirth/status/1326744453202112512,1326744453202112512,"@Joseph_Morong @gmanews So baha na yan mr. Senator?..please look into the plight of the Filipinos submerged in floodwaters..Have you seen Marikina, San Mateo and other areas? Dun po ang totoong lubog sa baha..",0,1,14,0,Thu Nov 12 04:31:42 +0000 2020,0,False,False,False
https://x.com/techaporn/status/1326742241923137537,https://twitter.com/techaporn/status/1326742241923137537,1326742241923137537,"56 ST THERESE PROVIDENT VILLAGE, MARIKINA CITY

BLUE ROOF PO SA ATTIC PO MAY NAKASABIT NA YELLOW SHIRT AND RED SWEATSHIRT ‼️ URGENT PO PLEASE HELP NASA SECOND FLOOR NA PO YUNG BAHA ‼️‼️‼️

2 SENIOR CITIZENS, THREE ADULTS IN NEED OF RESCUE

0917 310 6270

 #UlyssesPH #RescuePH",2,0,0,3,Thu Nov 12 04:22:54 +0000 2020,0,False,False,False
https://x.com/ivnotchaaaar/status/1326742021474676737,https://twitter.com/ivnotchaaaar/status/1326742021474676737,1326742021474676737,"sending msgs to my Titos who are staying in QC and Marikina... But autocorrect likes to play a joke on me instead of ""How's the baha?"" it changes to ""How's the bahaha?"" 🤦‍♀️🤦‍♀️🤦‍♀️🤦‍♀️",0,0,0,0,Thu Nov 12 04:22:02 +0000 2020,0,False,False,False
https://x.com/ajabella8/status/1326720021649711104,https://twitter.com/ajabella8/status/1326720021649711104,1326720021649711104,"@MarikinaRescue please help, my friend Agnes Aguilar and family nasa 3rd floor, baha hanggang 2nd floor. At 11 camachile st. Purok 2 malanday marikina. Need food",1,1,0,3,Thu Nov 12 02:54:37 +0000 2020,0,False,False,False
https://x.com/kpopmultistan4/status/1326713161806876672,https://twitter.com/kpopmultistan4/status/1326713161806876672,1326713161806876672,Parts of Rizal and Marikina grabe yung baha😖 Please stay safe everyone and asking for everyone’s prayer here for our kababayan’s safety 🙏🏻🥺,0,0,1,0,Thu Nov 12 02:27:21 +0000 2020,0,False,False,False
https://x.com/yeppeozoo_ph/status/1326705561358925824,https://twitter.com/yeppeozoo_ph/status/1326705561358925824,1326705561358925824,"There are some places in Marikina City (Malanday, Concepcion, Provident Village) na nakaexperience ng baha na abot ng 3rd floor during Bagyong Ondoy. This is really alarming. Please pray for them too, please pray for everyone's safety. 😭🙏🏻",0,1,2,0,Thu Nov 12 01:57:09 +0000 2020,0,False,False,False
https://x.com/taehowooji/status/1326702786541572096,https://twitter.com/taehowooji/status/1326702786541572096,1326702786541572096,"#RescuePH #UlyssesPh 

Good morning! These are collective addresses and tweets I'm seeing who really need rescue. Please help. Thank you, stay safe.

•37 manhattan, jesus dela paña Provident Marikina - no food and water, 2nd floor na baha

1/n",13,1,7,1,Thu Nov 12 01:46:07 +0000 2020,0,False,False,False
https://x.com/dainenicowl/status/1326694664615833601,https://twitter.com/dainenicowl/status/1326694664615833601,1326694664615833601,"woke up with a heavy feeling thinking of people in so many areas like Rizal and Marikina 😭 Lord, tama na po please.. My tito &amp; cousins living in Marikina struggling with no electricity and kalahati na ng bahay nila yung baha 🥺",0,0,0,0,Thu Nov 12 01:13:51 +0000 2020,0,False,False,False
https://x.com/dennisdko/status/1326690016693682176,https://twitter.com/dennisdko/status/1326690016693682176,1326690016693682176,"Bgy. Tumana, Marikina baha lagpas tao. Lots of people at rooftop. Coast Guard, Phil. Navy  pls send your inflatables to #RescuePH #UlyssesPH",1,0,0,0,Thu Nov 12 00:55:23 +0000 2020,0,False,False,False
https://x.com/jannomaala/status/1326688923142168578,https://twitter.com/jannomaala/status/1326688923142168578,1326688923142168578,"From our mayor. 

Tataas pa ang baha sa Cainta. Marikina River is still rising. 😔

This is gonna be another Ondoy or Habagat. https://t.co/MMcydHv0VS",2,0,6,0,Thu Nov 12 00:51:02 +0000 2020,0,False,False,True
https://x.com/teuniiideer/status/1326682744315736064,https://twitter.com/teuniiideer/status/1326682744315736064,1326682744315736064,ia for this day I dunno when will I come back. Grabe ung baha dito sa Marikina stay safe sa mga filo moots ko,0,2,7,0,Thu Nov 12 00:26:29 +0000 2020,0,False,False,False
https://x.com/ayanjoyy/status/1326677598592626689,https://twitter.com/ayanjoyy/status/1326677598592626689,1326677598592626689,"disaster comes the least we expect it 😢 grabe parang ondoy feels. baha na sa marikina, montalban &amp; other parts of ncr.",0,0,0,0,Thu Nov 12 00:06:02 +0000 2020,0,False,False,False
https://x.com/densiemarie/status/1326674335663157248,https://twitter.com/densiemarie/status/1326674335663157248,1326674335663157248,Hi guys! Asking your help to call MARIKINA CITY RESCUE to save our friend and his family and neighbor 'cos nasa bubong na sila sa super taas ng baha. 🙏 https://t.co/LVnNAT69lF,51,2,71,8,Wed Nov 11 23:53:04 +0000 2020,0,False,False,True
https://x.com/mincheezecake/status/1326660958324862976,https://twitter.com/mincheezecake/status/1326660958324862976,1326660958324862976,"To all my Marikina/Rizal friends, please be alert. bilis tumaas ng water level. Baha na sa labas namin, like superb taas na. huhu keepsafe!!!! and to everyone, I'm praying for our safety 💖",0,0,0,0,Wed Nov 11 22:59:55 +0000 2020,0,False,False,False
https://x.com/zhouzhennanvin/status/1327225468391624706,https://twitter.com/zhouzhennanvin/status/1327225468391624706,1327225468391624706,filo moots around Metro Manila or near Pasig City. Baka may extra kayong damit na hindi na ginagamit? Some of my friends and family needs some donations. As in wala talaga silang natira dahil sa baha 😭 Please dm me! Thank you so much! ❤,10,1,2,1,Fri Nov 13 12:23:04 +0000 2020,0,False,False,False
https://x.com/MlTSKZ/status/1326728718941745152,https://twitter.com/MlTSKZ/status/1326728718941745152,1326728718941745152,to think na lagpas tao na ang baha sa pasig during ondoy in 2009 and this time it’s worse :&lt;,0,0,1,0,Thu Nov 12 03:29:10 +0000 2020,0,False,True,False
https://x.com/ventioooc/status/1326662211004104705,https://twitter.com/ventioooc/status/1326662211004104705,1326662211004104705,I don't think I can go back to sleep. Pag nag overflow yang Marikina River baha na sa Pasig agad agad shutanginamerzzz.,0,0,3,0,Wed Nov 11 23:04:53 +0000 2020,0,False,False,False
https://x.com/FaeReena/status/1327454795515346947,https://twitter.com/FaeReena/status/1327454795515346947,1327454795515346947,"Plan cancelled dahil baha sa pasig.

Let’s just sleep, shall we?",0,0,0,0,Sat Nov 14 03:34:20 +0000 2020,0,False,False,False
https://x.com/justreyyyn/status/1326694211077378049,https://twitter.com/justreyyyn/status/1326694211077378049,1326694211077378049,Pasig river right now along ortigas avenue extension. Stranded ang di makalusong sa baha. #UlyssesPH https://t.co/WrJyIg0j0z,4,0,2,0,Thu Nov 12 01:12:03 +0000 2020,0,False,False,False
https://x.com/thea18_19/status/1326706418083192832,https://twitter.com/thea18_19/status/1326706418083192832,1326706418083192832,"@stellajero_ please tweet if you're OK at ang family mo.. Grabe na baha sa marikina..
#UlyssesPh",0,0,0,0,Thu Nov 12 02:00:33 +0000 2020,0,False,False,False
https://x.com/mochiminjoo/status/1327352713609359365,https://twitter.com/mochiminjoo/status/1327352713609359365,1327352713609359365,"@answershop nagsakit akong dughan 😭 like the media only showed parts sa Marikina, Rizal, like MNL area na naay baha. But not about the dam and what’s going on sa North 😭💔",0,0,0,0,Fri Nov 13 20:48:42 +0000 2020,0,False,False,False
https://x.com/karolsss22/status/1326831927454691329,https://twitter.com/karolsss22/status/1326831927454691329,1326831927454691329,"Last time, 2weeks after Ondoy, we got a lot of admissions due to Leptospirosis. From Marikina area dahil sa paglusong sa baha.",0,0,2,0,Thu Nov 12 10:19:17 +0000 2020,0,False,True,False
https://x.com/jeunek_/status/1327228382254223360,https://twitter.com/jeunek_/status/1327228382254223360,1327228382254223360,"Please help RT and please donate if you can!
This is an elderly home na tinamaan ng baha sa Marikina. All the lolos and lolas are evacyated but they need medicine + basic goods. 

You can send the money to me via GCASH: 09162209422

Please please they need help. https://t.co/o9uAGxTZDH",147,3,77,7,Fri Nov 13 12:34:39 +0000 2020,1,False,False,True
https://x.com/techaporn/status/1326742241923137537,https://twitter.com/techaporn/status/1326742241923137537,1326742241923137537,"56 ST THERESE PROVIDENT VILLAGE, MARIKINA CITY

BLUE ROOF PO SA ATTIC PO MAY NAKASABIT NA YELLOW SHIRT AND RED SWEATSHIRT ‼️ URGENT PO PLEASE HELP NASA SECOND FLOOR NA PO YUNG BAHA ‼️‼️‼️

2 SENIOR CITIZENS, THREE ADULTS IN NEED OF RESCUE

0917 310 6270

 #UlyssesPH #RescuePH",2,0,0,3,Thu Nov 12 04:22:54 +0000 2020,0,False,False,False
https://x.com/bachiraiz/status/1327070571805384706,https://twitter.com/bachiraiz/status/1327070571805384706,1327070571805384706,"We are also worried about our relatives na kailangan lumikas dahil hanggang bubong na ang baha:( also 80% ng Marikina ay lubog sa baha, so if you can help just do all ways you can help and also you can just pray for those in need🙏🏻🙏🏻🙏🏻",0,1,0,0,Fri Nov 13 02:07:34 +0000 2020,0,False,False,False
https://x.com/gabbybirth/status/1326744453202112512,https://twitter.com/gabbybirth/status/1326744453202112512,1326744453202112512,"@Joseph_Morong @gmanews So baha na yan mr. Senator?..please look into the plight of the Filipinos submerged in floodwaters..Have you seen Marikina, San Mateo and other areas? Dun po ang totoong lubog sa baha..",0,1,14,0,Thu Nov 12 04:31:42 +0000 2020,0,False,False,False
https://x.com/joshiecutie_21/status/1326823091700293633,https://twitter.com/joshiecutie_21/status/1326823091700293633,1326823091700293633,"""Boats delivered to Montalban Rizal. Get to safety everyone (read the post)🙏🏻 Otw to Marikina right now to deliver more boats but natirikan ako guys dahil sa baha 💔🥺 so sorry we are trying our best please wait lang po 🙏🏻 MARIKINA WAIT PO you’re next na, rescuers pls standby."" https://t.co/Oo4VQZsLB1",1,0,2,0,Thu Nov 12 09:44:10 +0000 2020,0,False,False,True
https://x.com/cecille41_cez/status/1326736966319136768,https://twitter.com/cecille41_cez/status/1326736966319136768,1326736966319136768,"@_5coloredstorm Emergency powers pero wala naman during emergency. Water level sa Marikina level is higher than what happened during Ondoy.Naman!
We're okay naman  though medyo baha sa labas aybsobrang kalat Thank God na ganun lang samin but I'm worried for those who had it worse.Glad you're ok!",0,0,0,0,Thu Nov 12 04:01:57 +0000 2020,0,False,False,False
https://x.com/agustdvee/status/1326764140002734081,https://twitter.com/agustdvee/status/1326764140002734081,1326764140002734081,"lunod na po sa baha ang marikina and parts of bulacan. if you can help and around the area, pls.",0,0,0,0,Thu Nov 12 05:49:55 +0000 2020,0,False,True,False
https://x.com/KirstenKreme/status/1327092632665821184,https://twitter.com/KirstenKreme/status/1327092632665821184,1327092632665821184,So we have to hire a person to do our laundry. And us naglinis ng bahay. Good thing naka evacuate sila sa 3rd floor at madami din pinasilong si lolo ko sa 2nd floor namin since vacant ang apartment. Hays the next 24 hours I have to go to marikina medyo may baha pa but,0,1,0,0,Fri Nov 13 03:35:14 +0000 2020,0,False,False,False
https://x.com/michelle_dob/status/1327325852636303360,https://twitter.com/michelle_dob/status/1327325852636303360,1327325852636303360,"I have a friend who's a president of an environmental org that aims to protect Sierra Madre. I will ask her kung bakit ang Cagayan Region matagal humupa ang baha compared sa Marikina, Rizal. 
Cagayan Region is just right beside Sierra Madre mountain kaya bakit?",0,0,0,0,Fri Nov 13 19:01:58 +0000 2020,0,False,False,False
https://x.com/rchcsmr/status/1326728286991310849,https://twitter.com/rchcsmr/status/1326728286991310849,1326728286991310849,"Hello! Baha po ba along Marcos Highway near ayala feliz? 
My brother is not picking up his phone. Baka na stranded na siya :( 

Our condo is near marikina river so I am worried. Pls let me know if baha po sa area",0,1,1,0,Thu Nov 12 03:27:27 +0000 2020,0,False,False,False
https://x.com/ayanjoyy/status/1326677598592626689,https://twitter.com/ayanjoyy/status/1326677598592626689,1326677598592626689,"disaster comes the least we expect it 😢 grabe parang ondoy feels. baha na sa marikina, montalban &amp; other parts of ncr.",0,0,0,0,Thu Nov 12 00:06:02 +0000 2020,0,False,False,False
https://x.com/Politiko_Ph/status/1327228130474430464,https://twitter.com/Politiko_Ph/status/1327228130474430464,1327228130474430464,"Interior Secretary Eduardo Año on Friday commended the efforts of local government units (LGUs), including Marikina City, for their disaster response preparations despite the devastation brought by Typhoon Ulysses.
#UlyssesPH
https://t.co/ybEd7TZpak",0,0,1,0,Fri Nov 13 12:33:39 +0000 2020,0,False,False,False
https://x.com/mincheezecake/status/1326660958324862976,https://twitter.com/mincheezecake/status/1326660958324862976,1326660958324862976,"To all my Marikina/Rizal friends, please be alert. bilis tumaas ng water level. Baha na sa labas namin, like superb taas na. huhu keepsafe!!!! and to everyone, I'm praying for our safety 💖",0,0,0,0,Wed Nov 11 22:59:55 +0000 2020,0,False,False,False
https://x.com/itshermione07/status/1327073601556684800,https://twitter.com/itshermione07/status/1327073601556684800,1327073601556684800,My inbox went wild because of your messages. Salamat guys 🤍🤍🤍 laking marikina to. Sanay sa baha 🤣🤣,0,1,0,0,Fri Nov 13 02:19:37 +0000 2020,0,False,False,False
https://x.com/Ross7_Bangtan/status/1326750849805246465,https://twitter.com/Ross7_Bangtan/status/1326750849805246465,1326750849805246465,@aguirrechsk We can’t travel now baha sa Marcos Highway going to Marikina 🥺,0,1,0,0,Thu Nov 12 04:57:07 +0000 2020,0,False,False,False
https://x.com/teuniiideer/status/1326682744315736064,https://twitter.com/teuniiideer/status/1326682744315736064,1326682744315736064,ia for this day I dunno when will I come back. Grabe ung baha dito sa Marikina stay safe sa mga filo moots ko,0,2,7,0,Thu Nov 12 00:26:29 +0000 2020,0,False,False,False
https://x.com/PolitikoWatch/status/1327184599965810688,https://twitter.com/PolitikoWatch/status/1327184599965810688,1327184599965810688,"Sugod sa baha! Marcy Teodoro wades through knee-deep flood to inspect Marikina
https://t.co/N2DbpmnmCr
@MarikinaPIO 
#MarcyTeodoro
#TyphoonUlysses 
#flood https://t.co/p0BXKvrJxH",1,0,1,0,Fri Nov 13 09:40:41 +0000 2020,0,False,False,True
https://x.com/youdisgustingew/status/1327501034944557056,https://twitter.com/youdisgustingew/status/1327501034944557056,1327501034944557056,Cagayan has one of the largest dams in the Philippines which is the Magat Dam. It also supplies electricity in Metro Manila. They had to open gates kaya nakadagdag sa pagtaas ng baha plus we have the longest river in the Philippines which is the Cagayan River at umapaw na din po.,0,1,1,0,Sat Nov 14 06:38:05 +0000 2020,0,False,False,False
https://x.com/BeckIquin/status/1327494306941202434,https://twitter.com/BeckIquin/status/1327494306941202434,1327494306941202434,Cagayan Valley has one of the largest dams in the Philippines which is the Magat Dam. It also supplies electricity in Metro Manila. They had to open gates kaya nakadagdag sa pagtaas ng baha plus we have the longest river in the Philippines which is the Cagayan River at umapaw na.,0,0,2,0,Sat Nov 14 06:11:21 +0000 2020,0,False,False,False
https://x.com/marvincadapan/status/1327493195043799040,https://twitter.com/marvincadapan/status/1327493195043799040,1327493195043799040,Cagayan has one of the largest dams in the Philippines which is the Magat Dam. It also supplies electricity in Metro Manila. They had to open gates kaya nakadagdag sa pagtaas ng baha plus we have the longest river in the Philippines which is the Cagayan River at umapaw na din po.,0,2,0,0,Sat Nov 14 06:06:55 +0000 2020,0,False,False,False
https://x.com/minstradamusuga/status/1327488688658415621,https://twitter.com/minstradamusuga/status/1327488688658415621,1327488688658415621,Cagayan has one of the largest dams in the Philippines which is the Magat Dam. It also supplies electricity in Metro Manila. They had to open gates kaya nakadagdag sa pagtaas ng baha plus we have the longest river in the Philippines which is the Cagayan River at umapaw na din po.,2,2,6,0,Sat Nov 14 05:49:01 +0000 2020,0,False,False,False
https://x.com/jenerous4w/status/1327488244871618560,https://twitter.com/jenerous4w/status/1327488244871618560,1327488244871618560,Cagayan has one of the largest dams in the Philippines which is the Magat Dam. It also supplies electricity in Metro Manila. They had to open gates kaya nakadagdag sa pagtaas ng baha plus we have the longest river in the Philippines which is the Cagayan River at umapaw na din po.,0,1,1,0,Sat Nov 14 05:47:15 +0000 2020,0,False,False,False
https://x.com/noturcupofty/status/1327487944148492290,https://twitter.com/noturcupofty/status/1327487944148492290,1327487944148492290,Cagayan Valley (Region 2) has one of the largest dams in the Philippines which is the Magat Dam. It also supplies electricity in Metro Manila. They had to open gates kaya nakadagdag sa pagtaas ng baha plus we have the longest river in the Philippines which is the Cagayan River at,4,1,2,1,Sat Nov 14 05:46:04 +0000 2020,0,False,False,False
https://x.com/maeumihana/status/1327486453442461696,https://twitter.com/maeumihana/status/1327486453442461696,1327486453442461696,Cagayan has one of the largest dams in the Philippines-the Magat Dam. It also supplies electricity in Metro Manila. They had to open gates kaya nakadagdag sa pagtaas ng baha plus we have the longest river in the Philippines which is the Cagayan River at umapaw na din po++,1,1,2,0,Sat Nov 14 05:40:08 +0000 2020,0,False,False,False
https://x.com/kyuishy_soo/status/1327485893930754048,https://twitter.com/kyuishy_soo/status/1327485893930754048,1327485893930754048,Cagayan has one of the largest dams in the Philippines which is the Magat Dam. It also supplies electricity in Metro Manila. They had to open gates kaya nakadagdag sa pagtaas ng baha plus we have the longest river in the Philippines which is the Cagayan River at umapaw na din po,23,1,36,0,Sat Nov 14 05:37:55 +0000 2020,1,False,False,False
https://x.com/winterchild2kim/status/1327483470113767424,https://twitter.com/winterchild2kim/status/1327483470113767424,1327483470113767424,Cagayan has one of the largest dams in the Philippines which is the Magat Dam. It also supplies electricity in Metro Manila. They had to open gates kaya nakadagdag sa pagtaas ng baha plus we have the longest river in the Philippines which is the Cagayan River at umapaw na din po.,1,1,1,0,Sat Nov 14 05:28:17 +0000 2020,1,False,False,False
https://x.com/intothepnks/status/1327483439591768065,https://twitter.com/intothepnks/status/1327483439591768065,1327483439591768065,Cagayan Valley (Region 2) has one of the largest dams in the Philippines which is the Magat Dam. It also supplies electricity in Metro Manila. They had to open gates kaya nakadagdag sa pagtaas ng baha plus we have the longest river in the Philippines which is the Cagayan River https://t.co/0Qm1YtopBR,2,1,1,0,Sat Nov 14 05:28:10 +0000 2020,0,False,False,True
https://x.com/diyorinaaa/status/1327482721409462273,https://twitter.com/diyorinaaa/status/1327482721409462273,1327482721409462273,Cagayan Valley has one of the largest dams in the Philippines which is the Magat Dam. It also supplies electricity in Metro Manila. They had to open gates kaya nakadagdag sa pagtaas ng baha plus we have the longest river in the Philippines which is the Cagayan River at umapaw na~,1,1,0,0,Sat Nov 14 05:25:18 +0000 2020,0,False,False,False
https://x.com/_msladylove_JF/status/1327480455931654144,https://twitter.com/_msladylove_JF/status/1327480455931654144,1327480455931654144,"Cagayan has one of the largest dams in the Philippines which is the Magat Dam.
It also supplies electricity in Metro Manila.
They had to open gates kaya nakadagdag sa pagtaas ng baha plus we have the longest river in the Philippines which is the Cagayan River at umapaw na din po. https://t.co/SCNIiuwA5x",0,1,0,0,Sat Nov 14 05:16:18 +0000 2020,0,False,False,True
https://x.com/TattooMoSaLikod/status/1327480294421590017,https://twitter.com/TattooMoSaLikod/status/1327480294421590017,1327480294421590017,Cagayan has one of the largest dams in the Philippines which is the Magat Dam. It also supplies electricity in Metro Manila. They had to open gates kaya nakadagdag sa pagtaas ng baha plus we have the longest river in the Philippines which is the Cagayan River at umapaw na din po.,0,1,0,0,Sat Nov 14 05:15:40 +0000 2020,0,False,False,False
https://x.com/frugal_kath/status/1327479962333454337,https://twitter.com/frugal_kath/status/1327479962333454337,1327479962333454337,Cagayan has one of the largest dams in the Philippines which is the Magat Dam. It also supplies electricity in Metro Manila. They had to open gates kaya nakadagdag sa pagtaas ng baha plus we have the longest river in the Philippines which is the Cagayan River at umapaw na din po,0,0,0,0,Sat Nov 14 05:14:21 +0000 2020,0,False,False,False
https://x.com/ggukjun_/status/1327478402400481280,https://twitter.com/ggukjun_/status/1327478402400481280,1327478402400481280,Cagayan has one of the largest dams in the Philippines which is the Magat Dam. It also supplies electricity in Metro Manila. They had to open gates kaya nakadagdag sa pagtaas ng baha plus we have the longest river in the Philippines which is the Cagayan River at umapaw na din po.,16,1,19,0,Sat Nov 14 05:08:09 +0000 2020,1,False,False,False
https://x.com/dalesevcxo/status/1327476113493225472,https://twitter.com/dalesevcxo/status/1327476113493225472,1327476113493225472,Cagayan Valley (Region 2) has one of the largest dams in the Philippines which is the Magat Dam. It also supplies electricity in Metro Manila. They had to open gates kaya nakadagdag sa pagtaas ng baha plus we have the longest river in the Philippines which is the Cagayan River,1,1,1,0,Sat Nov 14 04:59:03 +0000 2020,0,False,False,False
https://x.com/DalingayMary/status/1327473318987927552,https://twitter.com/DalingayMary/status/1327473318987927552,1327473318987927552,Cagayan has one of the largest dams in the Philippines which is the Magat Dam. It also supplies electricity in Metro Manila. They had to open gates kaya nakadagdag sa pagtaas ng baha plus we have the longest river in the Philippines which is the Cagayan River at umapaw na din po.,0,1,0,0,Sat Nov 14 04:47:57 +0000 2020,0,False,False,False
https://x.com/_itskat080808/status/1327473132739776514,https://twitter.com/_itskat080808/status/1327473132739776514,1327473132739776514,Cagayan has one of the largest dams in the Philippines which is the Magat Dam. It also supplies electricity in Metro Manila. They had to open gates kaya nakadagdag sa pagtaas ng baha plus they have the longest river in the Philippines w/c is the Cagayan River at umapaw na din po,0,1,0,0,Sat Nov 14 04:47:12 +0000 2020,0,False,False,False
https://x.com/_twisaaaaamae/status/1327472496732356608,https://twitter.com/_twisaaaaamae/status/1327472496732356608,1327472496732356608,Cagayan has one of the largest dams in the Philippines which is the Magat Dam. It also supplies electricity in Metro Manila. They had to open gates kaya nakadagdag sa pagtaas ng baha plus we have the longest river in the Philippines which is the Cagayan River at umapaw na din po.,0,0,3,0,Sat Nov 14 04:44:41 +0000 2020,0,False,False,False
https://x.com/omarswille/status/1327471435435020288,https://twitter.com/omarswille/status/1327471435435020288,1327471435435020288,Cagayan has one of the largest dams in the Philippines which is the Magat Dam. It also supplies electricity in Metro Manila. They had to open gates kaya nakadagdag sa pagtaas ng baha plus we have the longest river in the Philippines which is the Cagayan River at umapaw na din po+,25,1,21,0,Sat Nov 14 04:40:28 +0000 2020,0,False,False,False
https://x.com/_khnsky/status/1327563245339590656,https://twitter.com/_khnsky/status/1327563245339590656,1327563245339590656,"I think others were confused. This pic is from the recent flood in Marikina and not in Cagayan. Please don’t get mistaken. Nonetheless, both were hit by a heavy flood",0,0,3,0,Sat Nov 14 10:45:17 +0000 2020,0,False,False,False
https://x.com/15081415CA/status/1327559406205091842,https://twitter.com/15081415CA/status/1327559406205091842,1327559406205091842,"tw / storm , flood 

Good evening, this is a call for help for the victims of flooding in the Philippines. Here is a short thread that contains donation for Marikina and ways to help. RTing would be very helpful",59,1,63,0,Sat Nov 14 10:30:01 +0000 2020,1,False,False,False
https://x.com/eggylogg/status/1327554976961363968,https://twitter.com/eggylogg/status/1327554976961363968,1327554976961363968,Here comes my dds dad talking about the flood in marikina when the news is about cagayan,0,0,8,0,Sat Nov 14 10:12:25 +0000 2020,0,False,False,False
https://x.com/eyvishidi/status/1327554117028364289,https://twitter.com/eyvishidi/status/1327554117028364289,1327554117028364289,"Thankfully the flood water subsides at some part now, mainly the center of Marikina, and less casualties than the prev typhoons.",0,0,0,0,Sat Nov 14 10:09:00 +0000 2020,0,False,False,False
https://x.com/eyvishidi/status/1327553466747613185,https://twitter.com/eyvishidi/status/1327553466747613185,1327553466747613185,"I talked to some friends living at Marikina and they really said the water flood level was above a human's height. 

This happened before too, during Typhoon Ondoy...",0,1,0,0,Sat Nov 14 10:06:25 +0000 2020,0,False,False,False
https://x.com/intimacy0811/status/1327551780201263104,https://twitter.com/intimacy0811/status/1327551780201263104,1327551780201263104,"I posted these kasi parang na left behind na naman kami like ondoy. KATABI LANG PO NAMIN YUNG MARIKINA RIVER and during the flood, one floor houses were badly eaten or devoured by the flood. #UlyssesPH #RescuePH",0,0,2,0,Sat Nov 14 09:59:43 +0000 2020,0,False,False,False
https://x.com/ariawritings/status/1327550725908357120,https://twitter.com/ariawritings/status/1327550725908357120,1327550725908357120,"Inactive for a number of days and few more days, I am from Marikina, Philippines and our store/home was badly affected by the flood which left a lot of mud go the store, our things, everything. We are not sure how will we recover from this but we are currently trying.",0,0,1,1,Sat Nov 14 09:55:32 +0000 2020,0,False,False,False
https://x.com/Canned_Tuna07/status/1327548968318824449,https://twitter.com/Canned_Tuna07/status/1327548968318824449,1327548968318824449,@Oblivio99026386 @Paj41958875 @missmelahabijan @KingLuciferrr And you could still do some flood mitigation projects while paying others. Bakit di sinunod si Gina when she asked that illegal mining be stopped along the watershed of Marikina river? Bakit nagdefund. Don't be an ahole and preclude this government of its responsibility.,0,0,3,0,Sat Nov 14 09:48:33 +0000 2020,0,False,False,False
https://x.com/mygeniusluv/status/1327535348180652034,https://twitter.com/mygeniusluv/status/1327535348180652034,1327535348180652034,im at my grandma’s house in marikina right now &amp; seeing people got affected of the flood breaks my heart + nakakalungkot wala akong magawa. 😔😔😔😔😔,0,1,1,0,Sat Nov 14 08:54:26 +0000 2020,0,False,False,False
https://x.com/jyongculture/status/1327531105851822080,https://twitter.com/jyongculture/status/1327531105851822080,1327531105851822080,"Good day, everyone! My friends and I came up with this donation drive to help those who were severely affected by the flood (specifically victims from Marikina and Cagayan) through our shop. You can donate  any amount and it would be highly appreciated. Details below, thank you!!",4,1,5,0,Sat Nov 14 08:37:34 +0000 2020,0,False,True,False
https://x.com/klvthr/status/1327529156477763584,https://twitter.com/klvthr/status/1327529156477763584,1327529156477763584,"@hauntingofearp hala, I thought the flood receded na sa marikina? They're still submerged??",0,0,0,0,Sat Nov 14 08:29:49 +0000 2020,0,False,False,False
https://x.com/PhilstarNews/status/1327528178118606849,https://twitter.com/PhilstarNews/status/1327528178118606849,1327528178118606849,"Flooding in Metro Manila – especially in Marikina, Makati, Manila and Quezon City – could have been minimized or prevented had the MMDA completed major flood control projects programmed for 2018 and 2019, the Commission on Audit said in a report.

READ: https://t.co/gxldIpCOp1 https://t.co/bT9qcxyAjF",49,0,105,7,Sat Nov 14 08:25:56 +0000 2020,2,False,False,True
https://x.com/unproductyves/status/1327527848379256832,https://twitter.com/unproductyves/status/1327527848379256832,1327527848379256832,"i just wanna say here that both lands that got hit by the typhoon severly are VALLEYS. we should focus on not only Marikina City but also the other regions considered as a catch basin of flood. KEEP DONATING. NO CITY SHOULD BE LEFT BEHIND.

#UlyssesPH",3,0,5,0,Sat Nov 14 08:24:37 +0000 2020,1,False,False,False
https://x.com/tannieskku/status/1327523898129223680,https://twitter.com/tannieskku/status/1327523898129223680,1327523898129223680,@euphoriapinks this is both in marikina. the statue is called marikit :(( unfortunately the flood really reached there. that's why residents on riverside was wiped out.,0,0,0,0,Sat Nov 14 08:08:56 +0000 2020,0,False,False,False
https://x.com/tokyoslwt/status/1327522096210006017,https://twitter.com/tokyoslwt/status/1327522096210006017,1327522096210006017,"for those who can't imagine the flood in our country, here is the example for you. and take note, this is only in one city, many  cities here are still submerged and they still need our help. 

CTTO (this photo was taken in marikina city) #UlyssessPH https://t.co/EgcsxIMAkL",56,1,60,3,Sat Nov 14 08:01:46 +0000 2020,0,False,False,True
https://x.com/redondo_ian/status/1327517975742607360,https://twitter.com/redondo_ian/status/1327517975742607360,1327517975742607360,"LOOK: The level of the flood at Maria Quina statue in Marikina , take a look at the statue. 😭💔😰😨😨 #MarikinaNeedsHelp

Ctto of the photos https://t.co/uLvKNTdakD",0,0,1,0,Sat Nov 14 07:45:24 +0000 2020,0,False,False,True
https://x.com/janellemariel/status/1327506885356896256,https://twitter.com/janellemariel/status/1327506885356896256,1327506885356896256,"URGENT ‼️

A family in Marikina City is still and currently experiencing flood. Please send any kind of help for those who are near the area. 

Name: Gianne Reyes
GCASH: 09664068232
Address: 25 Gold St. Minahan Interior Malanday Marikina City https://t.co/asmVbLqNfv",11,1,12,0,Sat Nov 14 07:01:20 +0000 2020,0,False,False,True
https://x.com/arkicj/status/1327506442803298305,https://twitter.com/arkicj/status/1327506442803298305,1327506442803298305,"The audacity of my neighbor to blame the people in marikina and cagayan for not leaving the area before the flood; that Duterte and his government shouldn't be the one to blame about this because its a natural calamity. Sis, wag puro paganda putangina mo.",0,0,3,0,Sat Nov 14 06:59:34 +0000 2020,0,False,False,False
https://x.com/hwangvocados/status/1327505154694791168,https://twitter.com/hwangvocados/status/1327505154694791168,1327505154694791168,"@ssenkz so Marikina is kinda lower so the flood is higher there than other location? 

AKSHAKSH SORRY I FEEL LIKE MY ENGLISH HAVE WORSEN V BAD",0,0,0,0,Sat Nov 14 06:54:27 +0000 2020,0,False,False,False
https://x.com/MrFrankBaraan/status/1327501824010592256,https://twitter.com/MrFrankBaraan/status/1327501824010592256,1327501824010592256,"2020: WORST YEAR EVER.

Mayon Volcano eruption.
Earthquakes.
Amazon &amp; California wildfires.
COVID19 pandemic
Rolly PH.
Ulysses PH.
Marikina flood.
Bicol typhoon destrucrtion.
Magat Dam spilling over.
Cagayan, Isabela, &amp; Tuguegarao flood.

THE ONLY GOOD THING ABOUT 2020?

VP LENI.",277,50,1625,43,Sat Nov 14 06:41:13 +0000 2020,16,False,False,False
https://x.com/Kookies_Mochi7/status/1327417628197933056,https://twitter.com/Kookies_Mochi7/status/1327417628197933056,1327417628197933056,Cagayan has one of the largest dams in the Philippines which is the Magat Dam. It also supplies electricity in Metro Manila.They had to open gates kaya nakadagdag sa pagtaas ng baha plus we have the longest river in the Philippines which is the Cagayan River at umapaw na din po++,0,1,0,0,Sat Nov 14 01:06:39 +0000 2020,0,False,False,False
https://x.com/Politiko_Manila/status/1327154229199446019,https://twitter.com/Politiko_Manila/status/1327154229199446019,1327154229199446019,"Caloocan Rep. Along Malapitan was hard at work on Thursday, November 12, despite the strong rains and winds brought by Typhoon Ulysses.
https://t.co/XzNinTKxzK
#MetroManilaNews",0,0,0,0,Fri Nov 13 07:40:00 +0000 2020,0,False,False,False
https://x.com/omarswille/status/1327471435435020288,https://twitter.com/omarswille/status/1327471435435020288,1327471435435020288,Cagayan has one of the largest dams in the Philippines which is the Magat Dam. It also supplies electricity in Metro Manila. They had to open gates kaya nakadagdag sa pagtaas ng baha plus we have the longest river in the Philippines which is the Cagayan River at umapaw na din po+,25,1,21,0,Sat Nov 14 04:40:28 +0000 2020,0,False,False,False
https://x.com/angelicallaren7/status/1327503200253931520,https://twitter.com/angelicallaren7/status/1327503200253931520,1327503200253931520,Cagayan has one of the largest dams in the Philippines which is the Magat Dam. It also supplies electricity in Metro Manila. They had to open gates kaya nakadagdag sa pagtaas ng baha plus we have the longest river in the Philippines which is the Cagayan River at umapaw na din po.,0,0,4,0,Sat Nov 14 06:46:41 +0000 2020,0,False,False,False
https://x.com/diyorinaaa/status/1327482721409462273,https://twitter.com/diyorinaaa/status/1327482721409462273,1327482721409462273,Cagayan Valley has one of the largest dams in the Philippines which is the Magat Dam. It also supplies electricity in Metro Manila. They had to open gates kaya nakadagdag sa pagtaas ng baha plus we have the longest river in the Philippines which is the Cagayan River at umapaw na~,1,1,0,0,Sat Nov 14 05:25:18 +0000 2020,0,False,False,False
https://x.com/youdisgustingew/status/1327501034944557056,https://twitter.com/youdisgustingew/status/1327501034944557056,1327501034944557056,Cagayan has one of the largest dams in the Philippines which is the Magat Dam. It also supplies electricity in Metro Manila. They had to open gates kaya nakadagdag sa pagtaas ng baha plus we have the longest river in the Philippines which is the Cagayan River at umapaw na din po.,0,1,1,0,Sat Nov 14 06:38:05 +0000 2020,0,False,False,False
https://x.com/XReichP/status/1327415018590113792,https://twitter.com/XReichP/status/1327415018590113792,1327415018590113792,"@taytwnttpm @KoigoesB November 7, 2013 Yolanda hit Leyte with much worse death count, remember that! And a 24 hr delay #OUSTDUTERTENOW na agad wtf pawoke kids? Baha din sa capital cites ng Manila (where the relief and equipments are). Of course there's gonna be a delay.",0,4,1,4,Sat Nov 14 00:56:17 +0000 2020,0,False,False,False
https://x.com/johatnyan/status/1326684338134478848,https://twitter.com/johatnyan/status/1326684338134478848,1326684338134478848,"Sudden rest day. Mataas na daw baha sa Manila, couldn't go to work. Ingat everyone 🌧 https://t.co/w0CAeMZSGh",1,5,45,0,Thu Nov 12 00:32:49 +0000 2020,0,False,False,True
https://x.com/zululegacy_/status/1327527879945584640,https://twitter.com/zululegacy_/status/1327527879945584640,1327527879945584640,Cagayan has one of the largest dams in the Philippines which is the Magat Dam. It also supplies electricity in Metro Manila. They had to open gates kaya nakadagdag sa pagtaas ng baha plus we have the longest river in the Philippines which is the Cagayan River at umapaw na din po.,3,1,3,0,Sat Nov 14 08:24:45 +0000 2020,0,False,False,False
https://x.com/miahrtwllgoon/status/1327445621159063552,https://twitter.com/miahrtwllgoon/status/1327445621159063552,1327445621159063552,Cagayan and Isabela has one of the largest dams in the Philippines which is the Magat Dam. It also supplies electricity in Metro Manila. They had to open gates kaya nakadagdag sa pagtaas ng baha plus we have the longest river in the Philippines which is the ++,0,1,1,0,Sat Nov 14 02:57:53 +0000 2020,0,False,False,False
https://x.com/ggukjun_/status/1327478402400481280,https://twitter.com/ggukjun_/status/1327478402400481280,1327478402400481280,Cagayan has one of the largest dams in the Philippines which is the Magat Dam. It also supplies electricity in Metro Manila. They had to open gates kaya nakadagdag sa pagtaas ng baha plus we have the longest river in the Philippines which is the Cagayan River at umapaw na din po.,16,1,19,0,Sat Nov 14 05:08:09 +0000 2020,1,False,False,False
https://x.com/jaethepooh/status/1327459898808881152,https://twitter.com/jaethepooh/status/1327459898808881152,1327459898808881152,Cagayan has one of the largest dams in the Philippines which is the Magat Dam. It also supplies electricity in Metro Manila. They had to open gates kaya nakadagdag sa pagtaas ng baha plus we have the longest river in the Philippines which is the Cagayan River at umapaw na +++,15,1,12,0,Sat Nov 14 03:54:37 +0000 2020,0,False,False,False
https://x.com/cllyydeee/status/1326739297391632386,https://twitter.com/cllyydeee/status/1326739297391632386,1326739297391632386,"If only the flood and waterways projects of marcos were continued back then, hindi sana ganon kataas ang baha sa greater manila area🤧",0,1,0,0,Thu Nov 12 04:11:12 +0000 2020,0,False,False,False
https://x.com/jaacceettyy/status/1327463814887997440,https://twitter.com/jaacceettyy/status/1327463814887997440,1327463814887997440,Cagayan Valley (Region 2) has one of the largest dams in the Philippines which is the Magat Dam. It also supplies electricity in Metro Manila. They had to open gates kaya nakadagdag sa pagtaas ng baha plus we have the longest river in the Philippines which is the Cagayan River,0,1,0,0,Sat Nov 14 04:10:11 +0000 2020,0,False,False,False
https://x.com/intothepnks/status/1327483439591768065,https://twitter.com/intothepnks/status/1327483439591768065,1327483439591768065,Cagayan Valley (Region 2) has one of the largest dams in the Philippines which is the Magat Dam. It also supplies electricity in Metro Manila. They had to open gates kaya nakadagdag sa pagtaas ng baha plus we have the longest river in the Philippines which is the Cagayan River https://t.co/0Qm1YtopBR,2,1,1,0,Sat Nov 14 05:28:10 +0000 2020,0,False,False,True
https://x.com/piscesjihoon/status/1327458453032378368,https://twitter.com/piscesjihoon/status/1327458453032378368,1327458453032378368,Cagayan has one of the largest dams in the Philippines which is the Magat Dam. It also supplies electricity in Metro Manila. They had to open gates kaya nakadagdag sa pagtaas ng baha plus we have the longest river in the Philippines which is the Cagayan River at umapaw na din po+,60,1,107,1,Sat Nov 14 03:48:52 +0000 2020,0,False,False,False
https://x.com/minstradamusuga/status/1327488688658415621,https://twitter.com/minstradamusuga/status/1327488688658415621,1327488688658415621,Cagayan has one of the largest dams in the Philippines which is the Magat Dam. It also supplies electricity in Metro Manila. They had to open gates kaya nakadagdag sa pagtaas ng baha plus we have the longest river in the Philippines which is the Cagayan River at umapaw na din po.,2,2,6,0,Sat Nov 14 05:49:01 +0000 2020,0,False,False,False
https://x.com/maeumihana/status/1327486453442461696,https://twitter.com/maeumihana/status/1327486453442461696,1327486453442461696,Cagayan has one of the largest dams in the Philippines-the Magat Dam. It also supplies electricity in Metro Manila. They had to open gates kaya nakadagdag sa pagtaas ng baha plus we have the longest river in the Philippines which is the Cagayan River at umapaw na din po++,1,1,2,0,Sat Nov 14 05:40:08 +0000 2020,0,False,False,False
https://x.com/astherialle/status/1327507507929989120,https://twitter.com/astherialle/status/1327507507929989120,1327507507929989120,Cagayan valley has one of the largest dams in the Philippines which is the Magat Dam. It also supplies electricity in Metro Manila. They had to open gates kaya nakadagdag sa pagtaas ng baha plus we have the longest river in the Philippines which is the Cagayan River,1,2,2,0,Sat Nov 14 07:03:48 +0000 2020,0,False,False,False
https://x.com/ianmdomingo/status/1327548616727117824,https://twitter.com/ianmdomingo/status/1327548616727117824,1327548616727117824,Cagayan has one of the largest dams in the Philippines which is the Magat Dam. It also supplies electricity in Metro Manila. They had to open gates kaya nakadagdag sa pagtaas ng baha plus we have the longest river in the Philippines which is the Cagayan River at umapaw na din po.,0,1,0,0,Sat Nov 14 09:47:09 +0000 2020,0,False,False,False
https://x.com/ggukiebunnie/status/1326737860821716993,https://twitter.com/ggukiebunnie/status/1326737860821716993,1326737860821716993,I hope everyone’s safe especially my Filo moots!! Our village here in Pasig is already flooded. Some streets are in knee deep flood. 😞 #UlyssesPH #Ulysses,0,1,1,0,Thu Nov 12 04:05:30 +0000 2020,0,False,False,False
https://x.com/manilabulletin/status/1326736789390807041,https://twitter.com/manilabulletin/status/1326736789390807041,1326736789390807041,"@iamjelsantos MMDA says flood water on  Marcos Highway in Santolan, Pasig is currently waist deep. | via @iamjelsantos 

#UlyssesPH",2,0,2,1,Thu Nov 12 04:01:14 +0000 2020,0,False,False,False
https://x.com/newswatchplusph/status/1326736766271774720,https://twitter.com/newswatchplusph/status/1326736766271774720,1326736766271774720,"Residents have been trying to push this car that's been stuck in flood in De Castro, Pasig City https://t.co/2mBccqnPjn | @CarolynBonquin

#UlyssesPH #RescuePH https://t.co/qDJQhWL8rR",45,1,114,12,Thu Nov 12 04:01:09 +0000 2020,0,False,False,False
https://x.com/manilabulletin/status/1326736624550510592,https://twitter.com/manilabulletin/status/1326736624550510592,1326736624550510592,"LOOK: Policemen use an improvised floating device for a baby during a rescue operation of residents trapped in waist-deep flood in Pasig City. (📸 NCRPO) | via @aaronrecuenco 
https://t.co/c62cGpC9Pj

#UlyssesPH",18,0,55,4,Thu Nov 12 04:00:35 +0000 2020,0,False,False,True
https://x.com/iamjelsantos/status/1326736477837950976,https://twitter.com/iamjelsantos/status/1326736477837950976,1326736477837950976,"MMDA says flood water on  Marcos Highway in Santolan, Pasig is currently waist deep. @manilabulletin",0,0,0,0,Thu Nov 12 04:00:00 +0000 2020,0,False,False,False
https://x.com/aaronrecuenco/status/1326735350396411904,https://twitter.com/aaronrecuenco/status/1326735350396411904,1326735350396411904,"LOOK: Policemen use an improvised floating device for a baby during a rescue operation of residents trapped in waist-deep flood in Pasig City. @manilabulletin 

(📸 NCRPO) https://t.co/aXdazCSnMg",0,0,1,0,Thu Nov 12 03:55:31 +0000 2020,0,False,False,True
https://x.com/binibining_EXOL/status/1326727092835377153,https://twitter.com/binibining_EXOL/status/1326727092835377153,1326727092835377153,"My 2 sisters are in Pasig. And it's breaking my heart to see that one of them went out, soaking in flood finding food💔😭 and I can't do anything since we're miles away🥺",0,0,0,0,Thu Nov 12 03:22:42 +0000 2020,0,False,False,False
https://x.com/noellebuhay/status/1326716378263539712,https://twitter.com/noellebuhay/status/1326716378263539712,1326716378263539712,How is Pasig City right now? I know its prone to flooding during typhoons. I’m in the US and my dad lives in Pasig and so far Im seeing multiple different scenarios with the flood. #TyphoonUlyssesPH,0,0,0,0,Thu Nov 12 02:40:08 +0000 2020,0,False,False,False
https://x.com/mickeyeva/status/1326713537654190080,https://twitter.com/mickeyeva/status/1326713537654190080,1326713537654190080,"Knee-deep flood here in Mercedes, Pasig. #UlyssesPH https://t.co/z4YXFbXc5n",0,1,0,0,Thu Nov 12 02:28:51 +0000 2020,0,False,False,True
https://x.com/rstarisk/status/1326708534398971907,https://twitter.com/rstarisk/status/1326708534398971907,1326708534398971907,"My area doesn’t flood unless Pasig River does but now that I live alone, idk if i’ll be able to handle any damages to the house since its my mom who usually keeps calm in this trying times.",0,0,0,0,Thu Nov 12 02:08:58 +0000 2020,0,False,False,False
https://x.com/an_be_ca/status/1326699627177865216,https://twitter.com/an_be_ca/status/1326699627177865216,1326699627177865216,"@TheInfanteboi I'm in Pasig. It's kinda a miracle to flood here, but the people in the same street has started to flood but knee-height only. And yep, these are serious problems. No wonder ndrrmc texted us a lot 24/7 xD",0,1,2,0,Thu Nov 12 01:33:34 +0000 2020,0,False,False,False
https://x.com/PAGASAFFWS/status/1326699394792448000,https://twitter.com/PAGASAFFWS/status/1326699394792448000,1326699394792448000,"Flood Advisory # 2 for Pasig Marikina Tullahan River Basin, 
Issued at 9:00 AM, 12 November 2020

#FloodPH https://t.co/55ZRk3mQVd",6,0,3,2,Thu Nov 12 01:32:39 +0000 2020,0,False,False,True
https://x.com/hjlinoots/status/1326664226643959808,https://twitter.com/hjlinoots/status/1326664226643959808,1326664226643959808,"tw / flood, typhoon

gm oomfs ! pasig river is close to overflowing, i can still remember what happened last ondoy and it’s very traumatic. just like what happened in the past, heavy rains for how many hours. &amp; marikina river is now at 20.7 m i think ?? anyways, keep safe oomfs !",0,1,0,0,Wed Nov 11 23:12:54 +0000 2020,0,False,False,False
https://x.com/taetae_bearr/status/1326663281889562624,https://twitter.com/taetae_bearr/status/1326663281889562624,1326663281889562624,Omg woke up too early cause my neighbors are panicking.. 😫 we are literally beside pasig river 😭 I mean we never experienced flood in here but the water level right now is too high 😭,0,1,0,0,Wed Nov 11 23:09:09 +0000 2020,0,False,False,False
https://x.com/th3perfecttw0/status/1326660781140668416,https://twitter.com/th3perfecttw0/status/1326660781140668416,1326660781140668416,"Situation in Sta. Lucia, Pasig City. Knee-deep flood na po and continuously rising. Unpassable to all vehicles. #UlyssesPH https://t.co/yVvbtaEqRT",0,1,0,0,Wed Nov 11 22:59:13 +0000 2020,0,False,False,False
https://x.com/MaLoisa/status/1326655793962209280,https://twitter.com/MaLoisa/status/1326655793962209280,1326655793962209280,"One of the longest nights ever. Yung trauma ng Ondoy nandun parin. 😭😭😭 Although we moved here in QC 4 years ago, lagi parin ako nag-ccheck about Cainta, Marikina, Pasig, and other flood-prone areas. Praying they will never experience the likes of this trauma again. 🙏🙏🙏",0,2,4,0,Wed Nov 11 22:39:24 +0000 2020,0,False,False,False
https://x.com/PhilstarNews/status/1326423228391288834,https://twitter.com/PhilstarNews/status/1326423228391288834,1326423228391288834,"LOOK: PAGASA issues flood advisory for Pasig-Marikina and Tullahan River Basin.

People living near mountain slopes and in low-lying areas are advised to stay alert for possible flashfloods and landslides.

📷 @dost_pagasa https://t.co/2ueQrmnDoU",6,0,11,3,Wed Nov 11 07:15:16 +0000 2020,0,False,False,True
https://x.com/_lovecmg/status/1327493260126785536,https://twitter.com/_lovecmg/status/1327493260126785536,1327493260126785536,"y'all r asking for the president's appearance / action on the events that's happening but have you imagined that a 75y/o is lumulusong sa baha to save people, to check people's kalagayan sa marikina &amp; cagayan? parang pinagsusuicide nyo naman 🙃",0,2,1,0,Sat Nov 14 06:07:11 +0000 2020,0,False,False,False
https://x.com/PolitikoWatch/status/1327423504103452675,https://twitter.com/PolitikoWatch/status/1327423504103452675,1327423504103452675,"Sugod sa baha! Marcy Teodoro wades through knee-deep flood to inspect Marikina
https://t.co/N2DbpmEY11 https://t.co/QguPN9TQyS",0,0,0,0,Sat Nov 14 01:30:00 +0000 2020,0,False,False,True
https://x.com/mochiminjoo/status/1327352713609359365,https://twitter.com/mochiminjoo/status/1327352713609359365,1327352713609359365,"@answershop nagsakit akong dughan 😭 like the media only showed parts sa Marikina, Rizal, like MNL area na naay baha. But not about the dam and what’s going on sa North 😭💔",0,0,0,0,Fri Nov 13 20:48:42 +0000 2020,0,False,False,False
https://x.com/michelle_dob/status/1327325852636303360,https://twitter.com/michelle_dob/status/1327325852636303360,1327325852636303360,"I have a friend who's a president of an environmental org that aims to protect Sierra Madre. I will ask her kung bakit ang Cagayan Region matagal humupa ang baha compared sa Marikina, Rizal. 
Cagayan Region is just right beside Sierra Madre mountain kaya bakit?",0,0,0,0,Fri Nov 13 19:01:58 +0000 2020,0,False,False,False
https://x.com/PolitikoWatch/status/1327314032320122881,https://twitter.com/PolitikoWatch/status/1327314032320122881,1327314032320122881,"Sugod sa baha! Marcy Teodoro wades through knee-deep flood to inspect Marikina
https://t.co/N2DbpmnmCr https://t.co/zXLioPITlP",0,0,0,0,Fri Nov 13 18:15:00 +0000 2020,0,False,False,True
https://x.com/jeunek_/status/1327228382254223360,https://twitter.com/jeunek_/status/1327228382254223360,1327228382254223360,"Please help RT and please donate if you can!
This is an elderly home na tinamaan ng baha sa Marikina. All the lolos and lolas are evacyated but they need medicine + basic goods. 

You can send the money to me via GCASH: 09162209422

Please please they need help. https://t.co/o9uAGxTZDH",147,3,77,7,Fri Nov 13 12:34:39 +0000 2020,1,False,False,True
https://x.com/PolitikoWatch/status/1327184599965810688,https://twitter.com/PolitikoWatch/status/1327184599965810688,1327184599965810688,"Sugod sa baha! Marcy Teodoro wades through knee-deep flood to inspect Marikina
https://t.co/N2DbpmnmCr
@MarikinaPIO 
#MarcyTeodoro
#TyphoonUlysses 
#flood https://t.co/p0BXKvrJxH",1,0,1,0,Fri Nov 13 09:40:41 +0000 2020,0,False,False,True
https://x.com/jackie38620880/status/1327173846080712704,https://twitter.com/jackie38620880/status/1327173846080712704,1327173846080712704,"@gmawowowin Kuya will Sana ISA po AKO SA matawagan u po 🙏 para po SA ate KO at SA pamilya niya na nalubog SA Baha SA tumana marikina po🙏🙏😢😢😢😢
0⃣9⃣5⃣1⃣6⃣3⃣9⃣9⃣0⃣9⃣6⃣ Godbless po kuya will🙏
Para po SA ate KO🙏🙏🙏😢😢😢😢",0,0,0,0,Fri Nov 13 08:57:57 +0000 2020,0,False,False,False
https://x.com/itshermione07/status/1327073601556684800,https://twitter.com/itshermione07/status/1327073601556684800,1327073601556684800,My inbox went wild because of your messages. Salamat guys 🤍🤍🤍 laking marikina to. Sanay sa baha 🤣🤣,0,1,0,0,Fri Nov 13 02:19:37 +0000 2020,0,False,False,False
https://x.com/bachiraiz/status/1327070571805384706,https://twitter.com/bachiraiz/status/1327070571805384706,1327070571805384706,"We are also worried about our relatives na kailangan lumikas dahil hanggang bubong na ang baha:( also 80% ng Marikina ay lubog sa baha, so if you can help just do all ways you can help and also you can just pray for those in need🙏🏻🙏🏻🙏🏻",0,1,0,0,Fri Nov 13 02:07:34 +0000 2020,0,False,False,False
https://x.com/karolsss22/status/1326831927454691329,https://twitter.com/karolsss22/status/1326831927454691329,1326831927454691329,"Last time, 2weeks after Ondoy, we got a lot of admissions due to Leptospirosis. From Marikina area dahil sa paglusong sa baha.",0,0,2,0,Thu Nov 12 10:19:17 +0000 2020,0,False,True,False
https://x.com/joshiecutie_21/status/1326823091700293633,https://twitter.com/joshiecutie_21/status/1326823091700293633,1326823091700293633,"""Boats delivered to Montalban Rizal. Get to safety everyone (read the post)🙏🏻 Otw to Marikina right now to deliver more boats but natirikan ako guys dahil sa baha 💔🥺 so sorry we are trying our best please wait lang po 🙏🏻 MARIKINA WAIT PO you’re next na, rescuers pls standby."" https://t.co/Oo4VQZsLB1",1,0,2,0,Thu Nov 12 09:44:10 +0000 2020,0,False,False,True
https://x.com/Yojmin17O/status/1326772739277991936,https://twitter.com/Yojmin17O/status/1326772739277991936,1326772739277991936,"Praying for the safety of everyone🙏
Keep safe rin sa fam mo kapz @EscioHermz sa Marikina grabe baha rin don.

REQUEST @SB19Official @MTV #FridayLivestream

SB19 WikiDay
#SB19",2,1,3,0,Thu Nov 12 06:24:05 +0000 2020,0,False,True,False
https://x.com/agustdvee/status/1326764140002734081,https://twitter.com/agustdvee/status/1326764140002734081,1326764140002734081,"lunod na po sa baha ang marikina and parts of bulacan. if you can help and around the area, pls.",0,0,0,0,Thu Nov 12 05:49:55 +0000 2020,0,False,True,False
https://x.com/Ross7_Bangtan/status/1326750849805246465,https://twitter.com/Ross7_Bangtan/status/1326750849805246465,1326750849805246465,@aguirrechsk We can’t travel now baha sa Marcos Highway going to Marikina 🥺,0,1,0,0,Thu Nov 12 04:57:07 +0000 2020,0,False,False,False
https://x.com/gabbybirth/status/1326744453202112512,https://twitter.com/gabbybirth/status/1326744453202112512,1326744453202112512,"@Joseph_Morong @gmanews So baha na yan mr. Senator?..please look into the plight of the Filipinos submerged in floodwaters..Have you seen Marikina, San Mateo and other areas? Dun po ang totoong lubog sa baha..",0,1,14,0,Thu Nov 12 04:31:42 +0000 2020,0,False,False,False
https://x.com/techaporn/status/1326742241923137537,https://twitter.com/techaporn/status/1326742241923137537,1326742241923137537,"56 ST THERESE PROVIDENT VILLAGE, MARIKINA CITY

BLUE ROOF PO SA ATTIC PO MAY NAKASABIT NA YELLOW SHIRT AND RED SWEATSHIRT ‼️ URGENT PO PLEASE HELP NASA SECOND FLOOR NA PO YUNG BAHA ‼️‼️‼️

2 SENIOR CITIZENS, THREE ADULTS IN NEED OF RESCUE

0917 310 6270

 #UlyssesPH #RescuePH",2,0,0,3,Thu Nov 12 04:22:54 +0000 2020,0,False,False,False
https://x.com/jannomaala/status/1326688923142168578,https://twitter.com/jannomaala/status/1326688923142168578,1326688923142168578,"From our mayor. 

Tataas pa ang baha sa Cainta. Marikina River is still rising. 😔

This is gonna be another Ondoy or Habagat. https://t.co/MMcydHv0VS",2,0,6,0,Thu Nov 12 00:51:02 +0000 2020,0,False,False,True
https://x.com/teuniiideer/status/1326682744315736064,https://twitter.com/teuniiideer/status/1326682744315736064,1326682744315736064,ia for this day I dunno when will I come back. Grabe ung baha dito sa Marikina stay safe sa mga filo moots ko,0,2,7,0,Thu Nov 12 00:26:29 +0000 2020,0,False,False,False
https://x.com/ayanjoyy/status/1326677598592626689,https://twitter.com/ayanjoyy/status/1326677598592626689,1326677598592626689,"disaster comes the least we expect it 😢 grabe parang ondoy feels. baha na sa marikina, montalban &amp; other parts of ncr.",0,0,0,0,Thu Nov 12 00:06:02 +0000 2020,0,False,False,False
https://x.com/jkyjhs/status/1327428320946839554,https://twitter.com/jkyjhs/status/1327428320946839554,1327428320946839554,"Cagayan Valley, has one of the largest dams in the Philippines which is the Magat Dam. It also supplies electricity in Metro Manila. They had to open gates kaya nakadagdag sa pagtaas ng baha plus we have the longest river in the Philippines which is the Cagayan River at ++",0,1,0,0,Sat Nov 14 01:49:08 +0000 2020,0,False,False,False
https://x.com/chideign_1810/status/1327432948522446848,https://twitter.com/chideign_1810/status/1327432948522446848,1327432948522446848,Cagayan has one of the largest dams in the Philippines which is the Magat Dam. It mainly supplies electricity in Metro Manila. They had to open gates kaya nakadagdag sa napakalaking pagtaas ng baha plus we have the longest river in the Philippines which is the Cagayan River,0,1,0,1,Sat Nov 14 02:07:32 +0000 2020,0,False,False,False
https://x.com/0GB4ES/status/1327457025005998080,https://twitter.com/0GB4ES/status/1327457025005998080,1327457025005998080,"hello guys im from Isabela 

Cagayan has one of the largest dams in the Philippines which is the Magat Dam. It also supplies electricity in Metro Manila. They had to open gates kaya nakadagdag sa pagtaas ng baha plus we have the longest river in the + https://t.co/12PI5KdzQW",39,1,36,0,Sat Nov 14 03:43:12 +0000 2020,0,False,False,True
https://x.com/jaacceettyy/status/1327463814887997440,https://twitter.com/jaacceettyy/status/1327463814887997440,1327463814887997440,Cagayan Valley (Region 2) has one of the largest dams in the Philippines which is the Magat Dam. It also supplies electricity in Metro Manila. They had to open gates kaya nakadagdag sa pagtaas ng baha plus we have the longest river in the Philippines which is the Cagayan River,0,1,0,0,Sat Nov 14 04:10:11 +0000 2020,0,False,False,False
https://x.com/dolcedior__/status/1327553071921065984,https://twitter.com/dolcedior__/status/1327553071921065984,1327553071921065984,Cagayan has one of the largest dams in the Philippines which is the Magat Dam. It also supplies electricity in Metro Manila. They had to open gates kaya nakadagdag sa pagtaas ng baha plus we have the longest river in the Philippines which is the Cagayan River at umapaw na din po.,0,1,2,0,Sat Nov 14 10:04:51 +0000 2020,0,False,False,False
https://x.com/yhannieleigh/status/1327580335358447616,https://twitter.com/yhannieleigh/status/1327580335358447616,1327580335358447616,Cagayan has one of the largest dams in the Philippines which is the Magat Dam. It also supplies electricity in Metro Manila. They had to open gates kaya nakadagdag sa pagtaas ng baha plus we have the longest river in the Philippines which is the Cagayan River at umapaw na din po.,0,1,0,0,Sat Nov 14 11:53:11 +0000 2020,0,False,False,False
https://x.com/LeighVillegas/status/1326705236514205696,https://twitter.com/LeighVillegas/status/1326705236514205696,1326705236514205696,"I'm happy I'm not in Manila right now, but my anxiety is through the roof for my family dahil wala ako dun to see what is happening. As far as I know, my sister is stranded in her office, and our helper is alone in the house trying to keep the baha out by herself.",0,1,0,0,Thu Nov 12 01:55:52 +0000 2020,0,False,False,False
https://x.com/imforyoo/status/1327446904800624641,https://twitter.com/imforyoo/status/1327446904800624641,1327446904800624641,Cagayan Valley has one of the largest dams in the Philippines which is the Magat Dam. It also supplies electricity in Metro Manila. They had to open gates kaya nakadagdag sa pagtaas ng baha plus we have the longest river in the Philippines which is the Cagayan River at umapaw na,1,1,1,0,Sat Nov 14 03:02:59 +0000 2020,0,False,False,False
https://x.com/ggukjun_/status/1327478402400481280,https://twitter.com/ggukjun_/status/1327478402400481280,1327478402400481280,Cagayan has one of the largest dams in the Philippines which is the Magat Dam. It also supplies electricity in Metro Manila. They had to open gates kaya nakadagdag sa pagtaas ng baha plus we have the longest river in the Philippines which is the Cagayan River at umapaw na din po.,16,1,19,0,Sat Nov 14 05:08:09 +0000 2020,1,False,False,False
https://x.com/twt_aps/status/1327347902537031681,https://twitter.com/twt_aps/status/1327347902537031681,1327347902537031681,"Just how quarrying is in rizal. All those rock, sand and gravel used in the construction of buildings in manila. Sarap tumira sa condo no? Di kayo abot ng baha",0,0,0,0,Fri Nov 13 20:29:35 +0000 2020,0,False,True,False
https://x.com/thatskye_/status/1327449212171157504,https://twitter.com/thatskye_/status/1327449212171157504,1327449212171157504,Cagayan has one of the largest dams in the Philippines which is the Magat Dam. It also supplies electricity in Metro Manila. They had to open gates kaya nakadagdag sa pagtaas ng baha plus we have the longest river in the Philippines which is the Cagayan River at umapaw na din po.,0,1,0,0,Sat Nov 14 03:12:09 +0000 2020,0,False,False,False
https://x.com/XReichP/status/1327411144718368769,https://twitter.com/XReichP/status/1327411144718368769,1327411144718368769,@taytwnttpm @KoigoesB Remember baha din sa capital cities ng Manila (which probably is where the relief goods and equipments are). Posting your anger on Twitter (if you really think it matters lol) won't get you nowhere.,0,0,1,0,Sat Nov 14 00:40:53 +0000 2020,0,False,False,False
https://x.com/angelicallaren7/status/1327503200253931520,https://twitter.com/angelicallaren7/status/1327503200253931520,1327503200253931520,Cagayan has one of the largest dams in the Philippines which is the Magat Dam. It also supplies electricity in Metro Manila. They had to open gates kaya nakadagdag sa pagtaas ng baha plus we have the longest river in the Philippines which is the Cagayan River at umapaw na din po.,0,0,4,0,Sat Nov 14 06:46:41 +0000 2020,0,False,False,False
https://x.com/arrianna_jeon/status/1327469764675923968,https://twitter.com/arrianna_jeon/status/1327469764675923968,1327469764675923968,Cagayan has one of the largest dams in the Philippines which is the Magat Dam. It also supplies electricity in Metro Manila. They had to open gates kaya nakadagdag sa pagtaas ng baha plus we have the longest river in the Philippines which is the Cagayan River at umapaw na din po.,0,0,0,0,Sat Nov 14 04:33:49 +0000 2020,0,False,False,False
https://x.com/johatnyan/status/1326684338134478848,https://twitter.com/johatnyan/status/1326684338134478848,1326684338134478848,"Sudden rest day. Mataas na daw baha sa Manila, couldn't go to work. Ingat everyone 🌧 https://t.co/w0CAeMZSGh",1,5,45,0,Thu Nov 12 00:32:49 +0000 2020,0,False,False,True
https://x.com/vanieeetiii/status/1326807285285318656,https://twitter.com/vanieeetiii/status/1326807285285318656,1326807285285318656,humupa na ang pagulan dito samen. wasnt really prepared for uly. hu'd have thought. ingat sa baha mga friends around manila and rizal.,0,0,0,0,Thu Nov 12 08:41:22 +0000 2020,0,False,False,False
https://x.com/PolitikoWatch/status/1327468802708221952,https://twitter.com/PolitikoWatch/status/1327468802708221952,1327468802708221952,"Walang scary baha! Isko Moreno credits clean up drive for preventing massive flooding in Manila
https://t.co/Ezw06TTd5F https://t.co/36ix8O0jyo",0,0,0,0,Sat Nov 14 04:30:00 +0000 2020,0,False,False,True
https://x.com/Kookies_Mochi7/status/1327417628197933056,https://twitter.com/Kookies_Mochi7/status/1327417628197933056,1327417628197933056,Cagayan has one of the largest dams in the Philippines which is the Magat Dam. It also supplies electricity in Metro Manila.They had to open gates kaya nakadagdag sa pagtaas ng baha plus we have the longest river in the Philippines which is the Cagayan River at umapaw na din po++,0,1,0,0,Sat Nov 14 01:06:39 +0000 2020,0,False,False,False
https://x.com/_isharlene/status/1327511020051447808,https://twitter.com/_isharlene/status/1327511020051447808,1327511020051447808,Cagayan Valley has one of the largest dams in the Philippines which is the Magat Dam. It also supplies electricity in Metro Manila. They had to open gates kaya nakadagdag sa pagtaas ng baha plus we have the longest river in the Philippines which is the Cagayan River at umapaw na,0,1,0,0,Sat Nov 14 07:17:45 +0000 2020,0,False,False,False
https://x.com/rawrBTS_/status/1327467868804444160,https://twitter.com/rawrBTS_/status/1327467868804444160,1327467868804444160,Cagayan Valley (Region 2) has one of the largest dams in the Philippines which is the Magat Dam. It also supplies electricity in Metro Manila. They had to open gates kaya nakadagdag sa pagtaas ng baha plus we have the longest river in the Philippines which is the Cagayan River,1,1,3,0,Sat Nov 14 04:26:17 +0000 2020,0,False,False,False
https://x.com/ayanjoyy/status/1326677598592626689,https://twitter.com/ayanjoyy/status/1326677598592626689,1326677598592626689,"disaster comes the least we expect it 😢 grabe parang ondoy feels. baha na sa marikina, montalban &amp; other parts of ncr.",0,0,0,0,Thu Nov 12 00:06:02 +0000 2020,0,False,False,False
https://x.com/rchcsmr/status/1326728286991310849,https://twitter.com/rchcsmr/status/1326728286991310849,1326728286991310849,"Hello! Baha po ba along Marcos Highway near ayala feliz? 
My brother is not picking up his phone. Baka na stranded na siya :( 

Our condo is near marikina river so I am worried. Pls let me know if baha po sa area",0,1,1,0,Thu Nov 12 03:27:27 +0000 2020,0,False,False,False
https://x.com/woonyoungbokiee/status/1326708135252250625,https://twitter.com/woonyoungbokiee/status/1326708135252250625,1326708135252250625,"yung updates ng tl ko and the rest of our team since they're from rizal and marikina. lahat sila lubog na sa baha 😭😭😭

EVERYONE PLEASE KEEP SAFE, SPECIALLY THOSE NA NABAHA NA 😭😭😭🙏",0,0,1,0,Thu Nov 12 02:07:23 +0000 2020,0,False,False,False
https://x.com/thea18_19/status/1326706418083192832,https://twitter.com/thea18_19/status/1326706418083192832,1326706418083192832,"@stellajero_ please tweet if you're OK at ang family mo.. Grabe na baha sa marikina..
#UlyssesPh",0,0,0,0,Thu Nov 12 02:00:33 +0000 2020,0,False,False,False
https://x.com/assylaairam/status/1326717321679810561,https://twitter.com/assylaairam/status/1326717321679810561,1326717321679810561,"Currently watching news via YouTube. Puro Marikina ang news. How about Rizal? Nagsimula ang baha sakanila as early as 3am.
@gmanews
@ABSCBNNews

#TyphoonUlyssesPH
#UlyssesPH
#Ondoy",0,0,0,0,Thu Nov 12 02:43:53 +0000 2020,0,False,False,False
https://x.com/Ross7_Bangtan/status/1326750849805246465,https://twitter.com/Ross7_Bangtan/status/1326750849805246465,1326750849805246465,@aguirrechsk We can’t travel now baha sa Marcos Highway going to Marikina 🥺,0,1,0,0,Thu Nov 12 04:57:07 +0000 2020,0,False,False,False
https://x.com/itshermione07/status/1327073601556684800,https://twitter.com/itshermione07/status/1327073601556684800,1327073601556684800,My inbox went wild because of your messages. Salamat guys 🤍🤍🤍 laking marikina to. Sanay sa baha 🤣🤣,0,1,0,0,Fri Nov 13 02:19:37 +0000 2020,0,False,False,False
https://x.com/atetrivino/status/1327398098256023552,https://twitter.com/atetrivino/status/1327398098256023552,1327398098256023552,"What’s happening in Cagayan? Mukha na siyang dagat! Marikina, Rizal? Were the floods caused only by rain from Ulysses or by dam water releases or both?! Or some other cause I missed? Seems impossible that it’s only rain, coz in Naga nakailang bagyo bago lumala yung baha",0,1,0,0,Fri Nov 13 23:49:03 +0000 2020,0,False,False,False
https://x.com/Kyutieperry/status/1326680500610625537,https://twitter.com/Kyutieperry/status/1326680500610625537,1326680500610625537,"A little favor from you guys, if may makita naman kayong tweet or post about Rizal and Marikina, Kindly retweet or share 😭 Nilamon na ng baha hanggang bubong na 😭 Please please help 🙏🙏🙏",2,0,5,1,Thu Nov 12 00:17:34 +0000 2020,0,False,False,False
https://x.com/KirstenKreme/status/1327092632665821184,https://twitter.com/KirstenKreme/status/1327092632665821184,1327092632665821184,So we have to hire a person to do our laundry. And us naglinis ng bahay. Good thing naka evacuate sila sa 3rd floor at madami din pinasilong si lolo ko sa 2nd floor namin since vacant ang apartment. Hays the next 24 hours I have to go to marikina medyo may baha pa but,0,1,0,0,Fri Nov 13 03:35:14 +0000 2020,0,False,False,False
https://x.com/jannomaala/status/1326688923142168578,https://twitter.com/jannomaala/status/1326688923142168578,1326688923142168578,"From our mayor. 

Tataas pa ang baha sa Cainta. Marikina River is still rising. 😔

This is gonna be another Ondoy or Habagat. https://t.co/MMcydHv0VS",2,0,6,0,Thu Nov 12 00:51:02 +0000 2020,0,False,False,True
https://x.com/bachiraiz/status/1327070571805384706,https://twitter.com/bachiraiz/status/1327070571805384706,1327070571805384706,"We are also worried about our relatives na kailangan lumikas dahil hanggang bubong na ang baha:( also 80% ng Marikina ay lubog sa baha, so if you can help just do all ways you can help and also you can just pray for those in need🙏🏻🙏🏻🙏🏻",0,1,0,0,Fri Nov 13 02:07:34 +0000 2020,0,False,False,False
https://x.com/jeunek_/status/1327228382254223360,https://twitter.com/jeunek_/status/1327228382254223360,1327228382254223360,"Please help RT and please donate if you can!
This is an elderly home na tinamaan ng baha sa Marikina. All the lolos and lolas are evacyated but they need medicine + basic goods. 

You can send the money to me via GCASH: 09162209422

Please please they need help. https://t.co/o9uAGxTZDH",147,3,77,7,Fri Nov 13 12:34:39 +0000 2020,1,False,False,True
https://x.com/dainenicowl/status/1326694664615833601,https://twitter.com/dainenicowl/status/1326694664615833601,1326694664615833601,"woke up with a heavy feeling thinking of people in so many areas like Rizal and Marikina 😭 Lord, tama na po please.. My tito &amp; cousins living in Marikina struggling with no electricity and kalahati na ng bahay nila yung baha 🥺",0,0,0,0,Thu Nov 12 01:13:51 +0000 2020,0,False,False,False
https://x.com/dennisdko/status/1326690016693682176,https://twitter.com/dennisdko/status/1326690016693682176,1326690016693682176,"Bgy. Tumana, Marikina baha lagpas tao. Lots of people at rooftop. Coast Guard, Phil. Navy  pls send your inflatables to #RescuePH #UlyssesPH",1,0,0,0,Thu Nov 12 00:55:23 +0000 2020,0,False,False,False
https://x.com/riaabeatriz/status/1326689253582016512,https://twitter.com/riaabeatriz/status/1326689253582016512,1326689253582016512,Baha na din ortigas. Ondoy feels. Marikina river nearly 22m high wtf,0,1,0,0,Thu Nov 12 00:52:21 +0000 2020,0,False,False,False
https://x.com/PolitikoWatch/status/1327184599965810688,https://twitter.com/PolitikoWatch/status/1327184599965810688,1327184599965810688,"Sugod sa baha! Marcy Teodoro wades through knee-deep flood to inspect Marikina
https://t.co/N2DbpmnmCr
@MarikinaPIO 
#MarcyTeodoro
#TyphoonUlysses 
#flood https://t.co/p0BXKvrJxH",1,0,1,0,Fri Nov 13 09:40:41 +0000 2020,0,False,False,True
https://x.com/techaporn/status/1326742241923137537,https://twitter.com/techaporn/status/1326742241923137537,1326742241923137537,"56 ST THERESE PROVIDENT VILLAGE, MARIKINA CITY

BLUE ROOF PO SA ATTIC PO MAY NAKASABIT NA YELLOW SHIRT AND RED SWEATSHIRT ‼️ URGENT PO PLEASE HELP NASA SECOND FLOOR NA PO YUNG BAHA ‼️‼️‼️

2 SENIOR CITIZENS, THREE ADULTS IN NEED OF RESCUE

0917 310 6270

 #UlyssesPH #RescuePH",2,0,0,3,Thu Nov 12 04:22:54 +0000 2020,0,False,False,False
https://x.com/nikkobullecer/status/1327273732155457537,https://twitter.com/nikkobullecer/status/1327273732155457537,1327273732155457537,Nag baha najud diay apil san mateo for the first time. Keep safe mo mga friends and classmates from marikina - san mateo - montalban. Praying for your safety 🙏,0,0,1,0,Fri Nov 13 15:34:51 +0000 2020,0,False,False,False
https://x.com/michelle_dob/status/1327325852636303360,https://twitter.com/michelle_dob/status/1327325852636303360,1327325852636303360,"I have a friend who's a president of an environmental org that aims to protect Sierra Madre. I will ask her kung bakit ang Cagayan Region matagal humupa ang baha compared sa Marikina, Rizal. 
Cagayan Region is just right beside Sierra Madre mountain kaya bakit?",0,0,0,0,Fri Nov 13 19:01:58 +0000 2020,0,False,False,False
https://x.com/doulos_fortify/status/1327495451583545344,https://twitter.com/doulos_fortify/status/1327495451583545344,1327495451583545344,@ptrckspns San ang incompetence? Please debate with me. Do you know the Hierarchy of the Government? Do you know the mandate of PCG? Do you know the different studies of Flood control in Cagayan River Basin and Metro Manila long before Duterte came to power? Prove it.,0,0,0,0,Sat Nov 14 06:15:53 +0000 2020,0,False,False,False
https://x.com/doulos_fortify/status/1327495417727127554,https://twitter.com/doulos_fortify/status/1327495417727127554,1327495417727127554,@ptrckspns San ang incompetence? Please debate with me. Do you know the Hierarchy of the Government? Do you know the mandate of PCG? Do you know the different studies of Flood control in Cagayan River Basin and Metro Manila long before Duterte came to power? Prove it.,0,0,0,0,Sat Nov 14 06:15:45 +0000 2020,0,False,False,False
https://x.com/doulos_fortify/status/1327495226471038976,https://twitter.com/doulos_fortify/status/1327495226471038976,1327495226471038976,@irsondoria San ang incompetence? Please debate with me. Do you know the Hierarchy of the Government? Do you know the mandate of PCG? Do you know the different studies of Flood control in Cagayan River Basin and Metro Manila long before Duterte came to power? Prove it.,0,0,2,0,Sat Nov 14 06:15:00 +0000 2020,0,False,False,False
https://x.com/avictoria162/status/1327473589172326402,https://twitter.com/avictoria162/status/1327473589172326402,1327473589172326402,"Concept sketch proposal showing flood resilient Manila barangay halls from Architect Paulo Alcazaren. He made this after Tropical Storm Ondoy, Sept 2009.

https://t.co/Q5bvwA7Ab5 https://t.co/oERW4tkAnq",0,0,0,0,Sat Nov 14 04:49:01 +0000 2020,0,False,False,True
https://x.com/paulleeeaptc/status/1327459436059738114,https://twitter.com/paulleeeaptc/status/1327459436059738114,1327459436059738114,"Typhoon Ulysses hit Manila, Philippines, two days ago and the nearby Marikina River overflowed by a flood. The water almost entered the living room at my house. My family temporarily evacuated the house because of a power outage and water supply cut. Please pray for restorations. https://t.co/OO13vtQ5mx",0,0,0,0,Sat Nov 14 03:52:47 +0000 2020,0,False,False,True
https://x.com/manellagurl/status/1327449828771565568,https://twitter.com/manellagurl/status/1327449828771565568,1327449828771565568,"I remembered during Ondoy, my mom would tell us how she would cry while listening to radio reports, hearing people cry for help in the middle of rushing flood waters. Metro Manila is almost back to normal but send help to #CagayanValley please. #accountability",0,0,1,0,Sat Nov 14 03:14:36 +0000 2020,0,False,False,False
https://x.com/iedsctipmnl/status/1327442711889133568,https://twitter.com/iedsctipmnl/status/1327442711889133568,1327442711889133568,"Good Day fellow IE's and TIPians!

In partnership with the Junior Philippine Institute of Industrial Engineers of Technological Institute of the Philippines, Manila are asking your kind heart for any amount of donation to help our fellow Cagayanos who were affected of the Flood. https://t.co/VQr6Gdkfny",5,1,3,1,Sat Nov 14 02:46:19 +0000 2020,0,False,False,True
https://x.com/gmcortez_/status/1327442531810906113,https://twitter.com/gmcortez_/status/1327442531810906113,1327442531810906113,Family in Isabela is safe. Mom also has been here with me in Manila since before the Quarantine. But it's such a nightmare knowing many up there are experiencing this horrible flood. So many people died 😣,1,1,6,0,Sat Nov 14 02:45:36 +0000 2020,0,False,False,False
https://x.com/rabidobby/status/1327441159199682560,https://twitter.com/rabidobby/status/1327441159199682560,1327441159199682560,"There is no noise or international media coverage happening wherein Philippines is ravaged by 8 typhoons in less than two months! Now, #UlyssesPH after hitting Metro Manila, Region 3 and 4A, leaves Region 2 submerged in flood!",0,1,0,0,Sat Nov 14 02:40:09 +0000 2020,0,False,False,False
https://x.com/kaxiaow/status/1327438100729982976,https://twitter.com/kaxiaow/status/1327438100729982976,1327438100729982976,IM GLAD MY GRANDMA STAYED IN MANILA WITH MY AUNTIE IF NOT SHE'LL BE STUCK IN THE MASSIVE FLOOD ON THE ISABELA RN,0,0,0,0,Sat Nov 14 02:28:00 +0000 2020,0,False,False,False
https://x.com/studyberry_/status/1327435358074617856,https://twitter.com/studyberry_/status/1327435358074617856,1327435358074617856,"Berry has been donating a portion of their commission profit to Typhoon Ulysses victims in Manila and as well as flood victims in Cagayan. I encourage everyone to donate, share donation drives, and retweet info regarding the issue! ♡ stay safe and stay dry!",0,0,2,0,Sat Nov 14 02:17:06 +0000 2020,0,False,False,False
https://x.com/imrenzorenz/status/1327424251389906944,https://twitter.com/imrenzorenz/status/1327424251389906944,1327424251389906944,according to COA flooding in metro manila could have been minimized or prevented kung na complete ang flood control project sa MMDA last 2018-2019. Ms. Passed away? san ka?,0,1,4,0,Sat Nov 14 01:32:58 +0000 2020,0,False,False,False
https://x.com/adamson_u/status/1327423049314955264,https://twitter.com/adamson_u/status/1327423049314955264,1327423049314955264,"READ: Philippine Church sends typhoon aid to most vulnerable

Vincentian foundation warns of plight faced by slum dwellers living under bridges in flood-hit Manila

https://t.co/5Oz1pYUHCs",4,0,13,0,Sat Nov 14 01:28:11 +0000 2020,0,False,False,False
https://x.com/ABiancaDL/status/1327420046658867200,https://twitter.com/ABiancaDL/status/1327420046658867200,1327420046658867200,"PLS SHARE

my aunt and her friends in manila are organizing to send around 500KG (of goods/necessities) for air cargo by monday, 16 november 2020, to help our kababayans here in tuguegarao who are still submerged in flood waters. 

if you are willing to help, pls send a message",0,0,0,0,Sat Nov 14 01:16:16 +0000 2020,0,False,False,False
https://x.com/zoeyzhoe/status/1327416295273295872,https://twitter.com/zoeyzhoe/status/1327416295273295872,1327416295273295872,"It's a sunny day today in Manila but I cannot fully enjoy the weather knowing that a lot of homes in Cagayan are still submerged in flood water and people are literally dying. If you have the resources to help, please do so. Also include them in your prayers! 💕🙏 https://t.co/ZfR49GepZr",0,0,2,0,Sat Nov 14 01:01:21 +0000 2020,0,False,False,True
https://x.com/CAohyaylookRINA/status/1327411499174805504,https://twitter.com/CAohyaylookRINA/status/1327411499174805504,1327411499174805504,@Azer360 I'm lucky enough to live on the west side of Manila and our LGU fixed the drainage recently so it didn't flood here much :(,0,1,0,0,Sat Nov 14 00:42:18 +0000 2020,0,False,False,False
https://x.com/ccaammzz/status/1327409950138585089,https://twitter.com/ccaammzz/status/1327409950138585089,1327409950138585089,"Imagine waking up in bed with warm covers today completely safe and dry and you can go straight to drink water or sip some hot coffee while others are crying for help, their houses submerged by flood, barely surviving, breaks my heart and I know most of us here in Manila do too.",1,1,1,0,Sat Nov 14 00:36:08 +0000 2020,0,False,False,False
https://x.com/wonseokimchi/status/1327407843155140608,https://twitter.com/wonseokimchi/status/1327407843155140608,1327407843155140608,really make flood to the areas affected like what happened here in metro manila and calabarzon💔💔,0,0,0,0,Sat Nov 14 00:27:46 +0000 2020,0,False,False,False
https://x.com/tannieshwaiting/status/1327400979986149376,https://twitter.com/tannieshwaiting/status/1327400979986149376,1327400979986149376,"They only care at surface level; to show off, to tell people they're doing something. When are we gonna experience a flood-free metro manila, at least? Sometimes it doesn't really feel like we have a government. ""Public servants,"" that's who they are, but do they really serve the",0,1,0,0,Sat Nov 14 00:00:30 +0000 2020,0,False,False,False
https://x.com/TopGearPh/status/1327400854198992896,https://twitter.com/TopGearPh/status/1327400854198992896,1327400854198992896,"The 10 most flood-prone cities in Metro Manila according to Waze #topgearph 

https://t.co/XH7QIccWWy",1,0,1,0,Sat Nov 14 00:00:00 +0000 2020,0,False,False,False
https://x.com/miriamgracego/status/1326851483187306496,https://twitter.com/miriamgracego/status/1326851483187306496,1326851483187306496,"@rapplerdotcom ""Murky grey water from Pasig River overflowed into a riverside walkway near Duterte's office at the Malacañang Golf Clubhouse and his Manila residence, Bahay Pangarap.""

Duterte says gov't on top of #UlyssesPH efforts as floodwaters reach Malacañang https://t.co/oTpkiodDi2",0,2,0,0,Thu Nov 12 11:36:59 +0000 2020,0,False,False,False
https://x.com/hjlinoots/status/1326664226643959808,https://twitter.com/hjlinoots/status/1326664226643959808,1326664226643959808,"tw / flood, typhoon

gm oomfs ! pasig river is close to overflowing, i can still remember what happened last ondoy and it’s very traumatic. just like what happened in the past, heavy rains for how many hours. &amp; marikina river is now at 20.7 m i think ?? anyways, keep safe oomfs !",0,1,0,0,Wed Nov 11 23:12:54 +0000 2020,0,False,False,False
https://x.com/MaharlikaTv/status/1327600834750902277,https://twitter.com/MaharlikaTv/status/1327600834750902277,1327600834750902277,Pasig now 99% flood-free; clearing ops ongoing https://t.co/uK8eoqK67n,0,0,0,0,Sat Nov 14 13:14:39 +0000 2020,0,False,False,False
https://x.com/igiboy89/status/1326869548667056128,https://twitter.com/igiboy89/status/1326869548667056128,1326869548667056128,"- In Pasig-Marikina flood plain, urban poor households live in flood prone areas along riverbanks and clogged waterways. We need to prioritize them for evacuation, relief and recovery.",0,1,0,0,Thu Nov 12 12:48:47 +0000 2020,0,False,False,False
https://x.com/mickeyeva/status/1326713537654190080,https://twitter.com/mickeyeva/status/1326713537654190080,1326713537654190080,"Knee-deep flood here in Mercedes, Pasig. #UlyssesPH https://t.co/z4YXFbXc5n",0,1,0,0,Thu Nov 12 02:28:51 +0000 2020,0,False,False,True
https://x.com/th3perfecttw0/status/1326660781140668416,https://twitter.com/th3perfecttw0/status/1326660781140668416,1326660781140668416,"Situation in Sta. Lucia, Pasig City. Knee-deep flood na po and continuously rising. Unpassable to all vehicles. #UlyssesPH https://t.co/yVvbtaEqRT",0,1,0,0,Wed Nov 11 22:59:13 +0000 2020,0,False,False,False
https://x.com/shurlieeeian/status/1326920547268239360,https://twitter.com/shurlieeeian/status/1326920547268239360,1326920547268239360,"Been seeing posts and comments of people asking @PasigInfo how they can volunteer to help victims of the flood by repacking goods etc. Wow. Good leadership inspires. Good job Pasig LGU, Mayor @VicoSotto, and Pasigeños!",0,0,0,0,Thu Nov 12 16:11:26 +0000 2020,0,False,False,False
https://x.com/taetae_bearr/status/1326663281889562624,https://twitter.com/taetae_bearr/status/1326663281889562624,1326663281889562624,Omg woke up too early cause my neighbors are panicking.. 😫 we are literally beside pasig river 😭 I mean we never experienced flood in here but the water level right now is too high 😭,0,1,0,0,Wed Nov 11 23:09:09 +0000 2020,0,False,False,False
https://x.com/Oigetit_Health/status/1326911068380274695,https://twitter.com/Oigetit_Health/status/1326911068380274695,1326911068380274695,"Residents wade through flood to get food in Pasig City.

Read more: https://t.co/MaW19rV6ZI

#TyphoonUlysses #Flooding

Video credit: @gmanews https://t.co/BRu9axDTIW",0,0,5,0,Thu Nov 12 15:33:46 +0000 2020,0,False,False,False
https://x.com/MaLoisa/status/1326655793962209280,https://twitter.com/MaLoisa/status/1326655793962209280,1326655793962209280,"One of the longest nights ever. Yung trauma ng Ondoy nandun parin. 😭😭😭 Although we moved here in QC 4 years ago, lagi parin ako nag-ccheck about Cainta, Marikina, Pasig, and other flood-prone areas. Praying they will never experience the likes of this trauma again. 🙏🙏🙏",0,2,4,0,Wed Nov 11 22:39:24 +0000 2020,0,False,False,False
https://x.com/vanislechicluna/status/1327079996335157250,https://twitter.com/vanislechicluna/status/1327079996335157250,1327079996335157250,"~We work as one 🇨🇦🇵🇭
DM me and it will go directly to the victims of typhoon and flood km Pasig and Rizal. 

#WereAllInThisTogether
#vanislechicluna https://t.co/XwMAOv8hoC",0,0,0,0,Fri Nov 13 02:45:01 +0000 2020,0,False,False,True
https://x.com/97leclercs/status/1326815202440933376,https://twitter.com/97leclercs/status/1326815202440933376,1326815202440933376,"Flood is pretty much gone now except outside since mataas at stagnant yung water. Laban marikina,rizal and pasig :(",0,2,3,0,Thu Nov 12 09:12:49 +0000 2020,0,False,False,False
https://x.com/LourdesEscaros/status/1326752851071127554,https://twitter.com/LourdesEscaros/status/1326752851071127554,1326752851071127554,Pasig River #Flood #UlyssesPH https://t.co/zPaaVPyEzy,1,0,0,0,Thu Nov 12 05:05:04 +0000 2020,0,False,False,False
https://x.com/aaronrecuenco/status/1326735350396411904,https://twitter.com/aaronrecuenco/status/1326735350396411904,1326735350396411904,"LOOK: Policemen use an improvised floating device for a baby during a rescue operation of residents trapped in waist-deep flood in Pasig City. @manilabulletin 

(📸 NCRPO) https://t.co/aXdazCSnMg",0,0,1,0,Thu Nov 12 03:55:31 +0000 2020,0,False,False,True
https://x.com/rstarisk/status/1326708534398971907,https://twitter.com/rstarisk/status/1326708534398971907,1326708534398971907,"My area doesn’t flood unless Pasig River does but now that I live alone, idk if i’ll be able to handle any damages to the house since its my mom who usually keeps calm in this trying times.",0,0,0,0,Thu Nov 12 02:08:58 +0000 2020,0,False,False,False
https://x.com/ourchiminie/status/1327564739304513536,https://twitter.com/ourchiminie/status/1327564739304513536,1327564739304513536,"Birthday wish ng 7yr old girl nung 2019: Bagong damit

Birthday wish ng pinsan kong 8years old (bday nya kahapon) : 
""Sana wala na ang baha.""
😢

*we're from Marikina",0,0,1,0,Sat Nov 14 10:51:13 +0000 2020,0,False,False,False
https://x.com/jenxle/status/1327538221576716289,https://twitter.com/jenxle/status/1327538221576716289,1327538221576716289,"helping a friend

@daydreamlou_: hi im denise from marikina city and we are one of those who were affected by the typhoon. Pinasok ng baha yung bahay namin kaya we need funds para mapaayos yung nga nasirang furniture and appliances and to buy our needs like food and water. (1/2) https://t.co/GNYfdQBVPy",13,1,13,0,Sat Nov 14 09:05:51 +0000 2020,0,False,False,True
https://x.com/_lovecmg/status/1327493260126785536,https://twitter.com/_lovecmg/status/1327493260126785536,1327493260126785536,"y'all r asking for the president's appearance / action on the events that's happening but have you imagined that a 75y/o is lumulusong sa baha to save people, to check people's kalagayan sa marikina &amp; cagayan? parang pinagsusuicide nyo naman 🙃",0,2,1,0,Sat Nov 14 06:07:11 +0000 2020,0,False,False,False
https://x.com/PolitikoWatch/status/1327423504103452675,https://twitter.com/PolitikoWatch/status/1327423504103452675,1327423504103452675,"Sugod sa baha! Marcy Teodoro wades through knee-deep flood to inspect Marikina
https://t.co/N2DbpmEY11 https://t.co/QguPN9TQyS",0,0,0,0,Sat Nov 14 01:30:00 +0000 2020,0,False,False,True
https://x.com/atetrivino/status/1327398098256023552,https://twitter.com/atetrivino/status/1327398098256023552,1327398098256023552,"What’s happening in Cagayan? Mukha na siyang dagat! Marikina, Rizal? Were the floods caused only by rain from Ulysses or by dam water releases or both?! Or some other cause I missed? Seems impossible that it’s only rain, coz in Naga nakailang bagyo bago lumala yung baha",0,1,0,0,Fri Nov 13 23:49:03 +0000 2020,0,False,False,False
https://x.com/mochiminjoo/status/1327352713609359365,https://twitter.com/mochiminjoo/status/1327352713609359365,1327352713609359365,"@answershop nagsakit akong dughan 😭 like the media only showed parts sa Marikina, Rizal, like MNL area na naay baha. But not about the dam and what’s going on sa North 😭💔",0,0,0,0,Fri Nov 13 20:48:42 +0000 2020,0,False,False,False
https://x.com/michelle_dob/status/1327325852636303360,https://twitter.com/michelle_dob/status/1327325852636303360,1327325852636303360,"I have a friend who's a president of an environmental org that aims to protect Sierra Madre. I will ask her kung bakit ang Cagayan Region matagal humupa ang baha compared sa Marikina, Rizal. 
Cagayan Region is just right beside Sierra Madre mountain kaya bakit?",0,0,0,0,Fri Nov 13 19:01:58 +0000 2020,0,False,False,False
https://x.com/PolitikoWatch/status/1327314032320122881,https://twitter.com/PolitikoWatch/status/1327314032320122881,1327314032320122881,"Sugod sa baha! Marcy Teodoro wades through knee-deep flood to inspect Marikina
https://t.co/N2DbpmnmCr https://t.co/zXLioPITlP",0,0,0,0,Fri Nov 13 18:15:00 +0000 2020,0,False,False,True
https://x.com/nikkobullecer/status/1327273732155457537,https://twitter.com/nikkobullecer/status/1327273732155457537,1327273732155457537,Nag baha najud diay apil san mateo for the first time. Keep safe mo mga friends and classmates from marikina - san mateo - montalban. Praying for your safety 🙏,0,0,1,0,Fri Nov 13 15:34:51 +0000 2020,0,False,False,False
https://x.com/jeunek_/status/1327228382254223360,https://twitter.com/jeunek_/status/1327228382254223360,1327228382254223360,"Please help RT and please donate if you can!
This is an elderly home na tinamaan ng baha sa Marikina. All the lolos and lolas are evacyated but they need medicine + basic goods. 

You can send the money to me via GCASH: 09162209422

Please please they need help. https://t.co/o9uAGxTZDH",147,3,77,7,Fri Nov 13 12:34:39 +0000 2020,1,False,False,True
https://x.com/Politiko_Ph/status/1327228130474430464,https://twitter.com/Politiko_Ph/status/1327228130474430464,1327228130474430464,"Interior Secretary Eduardo Año on Friday commended the efforts of local government units (LGUs), including Marikina City, for their disaster response preparations despite the devastation brought by Typhoon Ulysses.
#UlyssesPH
https://t.co/ybEd7TZpak",0,0,1,0,Fri Nov 13 12:33:39 +0000 2020,0,False,False,False
https://x.com/thegirlinblue15/status/1327198681565593600,https://twitter.com/thegirlinblue15/status/1327198681565593600,1327198681565593600,"@claudiopoy Not as excited as I am to see my friend who made lusong the baha in Marikina on a surfboard to rescue peeps. 

Or wait, was that Jericho ba? Can't tell you two apart na eh  😧",0,1,0,0,Fri Nov 13 10:36:38 +0000 2020,0,False,False,False
https://x.com/PolitikoWatch/status/1327184599965810688,https://twitter.com/PolitikoWatch/status/1327184599965810688,1327184599965810688,"Sugod sa baha! Marcy Teodoro wades through knee-deep flood to inspect Marikina
https://t.co/N2DbpmnmCr
@MarikinaPIO 
#MarcyTeodoro
#TyphoonUlysses 
#flood https://t.co/p0BXKvrJxH",1,0,1,0,Fri Nov 13 09:40:41 +0000 2020,0,False,False,True
https://x.com/jackie38620880/status/1327173846080712704,https://twitter.com/jackie38620880/status/1327173846080712704,1327173846080712704,"@gmawowowin Kuya will Sana ISA po AKO SA matawagan u po 🙏 para po SA ate KO at SA pamilya niya na nalubog SA Baha SA tumana marikina po🙏🙏😢😢😢😢
0⃣9⃣5⃣1⃣6⃣3⃣9⃣9⃣0⃣9⃣6⃣ Godbless po kuya will🙏
Para po SA ate KO🙏🙏🙏😢😢😢😢",0,0,0,0,Fri Nov 13 08:57:57 +0000 2020,0,False,False,False
https://x.com/KirstenKreme/status/1327092632665821184,https://twitter.com/KirstenKreme/status/1327092632665821184,1327092632665821184,So we have to hire a person to do our laundry. And us naglinis ng bahay. Good thing naka evacuate sila sa 3rd floor at madami din pinasilong si lolo ko sa 2nd floor namin since vacant ang apartment. Hays the next 24 hours I have to go to marikina medyo may baha pa but,0,1,0,0,Fri Nov 13 03:35:14 +0000 2020,0,False,False,False
https://x.com/itshermione07/status/1327073601556684800,https://twitter.com/itshermione07/status/1327073601556684800,1327073601556684800,My inbox went wild because of your messages. Salamat guys 🤍🤍🤍 laking marikina to. Sanay sa baha 🤣🤣,0,1,0,0,Fri Nov 13 02:19:37 +0000 2020,0,False,False,False
https://x.com/bachiraiz/status/1327070571805384706,https://twitter.com/bachiraiz/status/1327070571805384706,1327070571805384706,"We are also worried about our relatives na kailangan lumikas dahil hanggang bubong na ang baha:( also 80% ng Marikina ay lubog sa baha, so if you can help just do all ways you can help and also you can just pray for those in need🙏🏻🙏🏻🙏🏻",0,1,0,0,Fri Nov 13 02:07:34 +0000 2020,0,False,False,False
https://x.com/TheManilaTimes/status/1326601799072182273,https://twitter.com/TheManilaTimes/status/1326601799072182273,1326601799072182273,"THE new chief of the National Capital Region Police Office (NCRPO) on Wednesday pledged to flood Metro Manila with police officers to fight crimes. BGen. Vicente Danao Jr. made the vow during the Change of Command ceremony in Camp Bagong Diwa, Taguig ... https://t.co/1FCFMvRmmr",0,0,0,0,Wed Nov 11 19:04:50 +0000 2020,0,False,False,False
https://x.com/manilabulletin/status/1327572909951393792,https://twitter.com/manilabulletin/status/1327572909951393792,1327572909951393792,"LOOK: The flood situation in Brgys. Linao East and Linao West, Tuguegarao City. (Photos courtesy of Jerusha Ramirez, Madelyn Ramos Antonio) https://t.co/gImcbwED7j",9,0,29,1,Sat Nov 14 11:23:41 +0000 2020,0,False,False,True
https://x.com/MMDA/status/1326388631691517953,https://twitter.com/MMDA/status/1326388631691517953,1326388631691517953,"HIRING: The MMDA is looking for a Procurement Specialist and a Community Development Specialist for the Metro Manila Flood Management Project (MMFMP).
Interested applicants may submit their CV and application letter via mmda.fmp.pmo@gmail.com on or before Nov. 18, 2020.
#MMFMP https://t.co/bUbF0VTuPu",1,0,8,1,Wed Nov 11 04:57:47 +0000 2020,0,False,False,True
https://x.com/manilabulletin/status/1326749099769491458,https://twitter.com/manilabulletin/status/1326749099769491458,1326749099769491458,"Current situation of Marcos Highway [waist deep flood]:
(Video: MMDA spox Asec. Pialago) | via @iamjelsantos https://t.co/01qRgrApk5",8,1,11,0,Thu Nov 12 04:50:09 +0000 2020,0,False,False,False
https://x.com/manilabulletin/status/1326619001871425536,https://twitter.com/manilabulletin/status/1326619001871425536,1326619001871425536,Some parts of Mandaluyong City under flood waters https://t.co/V1EO8qdir4,4,1,9,3,Wed Nov 11 20:13:12 +0000 2020,0,False,False,False
https://x.com/manilabulletin/status/1326490563273609216,https://twitter.com/manilabulletin/status/1326490563273609216,1326490563273609216,"QC LGU orders forced evacuation of residents in flood-prone, low-lying areas https://t.co/pmY6tPBcVe",1,0,3,1,Wed Nov 11 11:42:49 +0000 2020,0,False,False,False
https://x.com/inquirerdotnet/status/1326873602411651072,https://twitter.com/inquirerdotnet/status/1326873602411651072,1326873602411651072,Waters from the Marikina River rushed toward the Manggahan floodway of the Pasig-Marikina flood control project after the eyewall of Typhoon Ulysses hit various parts of Metro Manila and Rizal province. | @GabrielLaluINQ #UlyssesPH  https://t.co/ikFcaSa6Tu,7,0,14,0,Thu Nov 12 13:04:53 +0000 2020,0,False,False,False
https://x.com/manilabulletin/status/1327445138272968704,https://twitter.com/manilabulletin/status/1327445138272968704,1327445138272968704,WATCH: Aerial footage of the ongoing flood damage assessment in Isabela and Cagayan. (📷: PCG) | via @MB_unite https://t.co/EtoCLd8vsf,16,1,28,6,Sat Nov 14 02:55:58 +0000 2020,0,False,False,False
https://x.com/benign0/status/1326735332717420546,https://twitter.com/benign0/status/1326735332717420546,1326735332717420546,Throwback... Metro Manila flood control master planning in chronic catch up mode over the last two decades! 😮  https://t.co/Cyyavnnqt0,0,2,3,0,Thu Nov 12 03:55:27 +0000 2020,0,False,False,False
https://x.com/benign0/status/1326628210260406272,https://twitter.com/benign0/status/1326628210260406272,1326628210260406272,Recall... Could the Php 1.9 bn in flood control projects axed by Noynoy Aquino have saved Metro Manila from destruction? 🤔  https://t.co/saAGPfL2Y5,7,5,27,2,Wed Nov 11 20:49:47 +0000 2020,2,False,False,False
https://x.com/PhilstarNews/status/1327528178118606849,https://twitter.com/PhilstarNews/status/1327528178118606849,1327528178118606849,"Flooding in Metro Manila – especially in Marikina, Makati, Manila and Quezon City – could have been minimized or prevented had the MMDA completed major flood control projects programmed for 2018 and 2019, the Commission on Audit said in a report.

READ: https://t.co/gxldIpCOp1 https://t.co/bT9qcxyAjF",49,0,105,7,Sat Nov 14 08:25:56 +0000 2020,2,False,False,True
https://x.com/inquirerdotnet/status/1326845635040043013,https://twitter.com/inquirerdotnet/status/1326845635040043013,1326845635040043013,"A number of houses near the Marikina River were submerged in flood as Typhoon Ulysses battered practically the entire Luzon mainland, including Metro Manila. | @NAMercadoINQ #UlyssesPH https://t.co/BaDRM7LIDM",1,2,6,0,Thu Nov 12 11:13:45 +0000 2020,0,False,False,False
https://x.com/manilabulletin/status/1326736624550510592,https://twitter.com/manilabulletin/status/1326736624550510592,1326736624550510592,"LOOK: Policemen use an improvised floating device for a baby during a rescue operation of residents trapped in waist-deep flood in Pasig City. (📸 NCRPO) | via @aaronrecuenco 
https://t.co/c62cGpC9Pj

#UlyssesPH",18,0,55,4,Thu Nov 12 04:00:35 +0000 2020,0,False,False,True
https://x.com/manilabulletin/status/1326884189359071234,https://twitter.com/manilabulletin/status/1326884189359071234,1326884189359071234,"LOOK: #DepEd Calabarzon Regional Office in Cainta, Rizal is submerged in flood water in the aftermath of #UlyssesPh; employees who stay in dormitories and those who live nearby were able to save some important documents and other office equipment. (📸 @DepEd_PH) | @MB_InaHernando https://t.co/hQu9k7RZgx",9,1,41,2,Thu Nov 12 13:46:57 +0000 2020,0,False,False,False
https://x.com/inquirerdotnet/status/1326725031779573765,https://twitter.com/inquirerdotnet/status/1326725031779573765,1326725031779573765,"La Mesa Dam in Quezon City breached its spilling level of 80.15 meters on Thursday morning, the Manila Water said. #UlyssesPH | @DYGalvezINQ https://t.co/unz5xN6wUX",86,1,130,18,Thu Nov 12 03:14:31 +0000 2020,1,False,False,False
https://x.com/manilabulletin/status/1327491675413913600,https://twitter.com/manilabulletin/status/1327491675413913600,1327491675413913600,Duterte to visit flood-hit Cagayan Valley https://t.co/K7n0oXLip4,4,3,9,15,Sat Nov 14 06:00:53 +0000 2020,0,False,False,False
https://x.com/manilabulletin/status/1326786015978254340,https://twitter.com/manilabulletin/status/1326786015978254340,1326786015978254340,FLOOD ALERT: City of Manila https://t.co/sRXqgkTNv7,0,0,3,0,Thu Nov 12 07:16:51 +0000 2020,0,False,False,False
https://x.com/NST_Online/status/1327093677575917570,https://twitter.com/NST_Online/status/1327093677575917570,1327093677575917570,"#NSTregion The Department of Energy reported 13 power generation facilities in the Luzon grid, which accounts for 4,231.8 megawatts (MW), were adversely affected by the typhoon.

#TyphoonVamco #Manila #Luzon #Weather #Flood 

https://t.co/YUHReyZphw",0,0,1,0,Fri Nov 13 03:39:23 +0000 2020,0,False,False,False
https://x.com/VOANews/status/1327277329316515840,https://twitter.com/VOANews/status/1327277329316515840,1327277329316515840,"▶️ Manila residents began to clean up flood damage Friday after Typhoon Vamco ripped through the Philippines the day before. 

👉 Typhoon Vamco Leaves Parts of Manila Underwater 
https://t.co/0o8RiSZZOP https://t.co/0rOYXLD5u1",2,2,14,0,Fri Nov 13 15:49:09 +0000 2020,0,False,False,False
https://x.com/manilabulletin/status/1327524166988271617,https://twitter.com/manilabulletin/status/1327524166988271617,1327524166988271617,"Blue, clean flood emerge in Pakil, Laguna https://t.co/ow8aTNHrt4",8,1,44,4,Sat Nov 14 08:10:00 +0000 2020,2,False,False,False
https://x.com/arrianna_jeon/status/1327469764675923968,https://twitter.com/arrianna_jeon/status/1327469764675923968,1327469764675923968,Cagayan has one of the largest dams in the Philippines which is the Magat Dam. It also supplies electricity in Metro Manila. They had to open gates kaya nakadagdag sa pagtaas ng baha plus we have the longest river in the Philippines which is the Cagayan River at umapaw na din po.,0,0,0,0,Sat Nov 14 04:33:49 +0000 2020,0,False,False,False
https://x.com/wwinsiche/status/1327469062952165377,https://twitter.com/wwinsiche/status/1327469062952165377,1327469062952165377,Cagayan has one of the largest dams in the Philippines which is the Magat Dam. It also supplies electricity in Metro Manila. They had to open gates kaya nakadagdag sa pagtaas ng baha plus we have the longest river in the Philippines which is the Cagayan River at umapaw na din po.,0,1,0,0,Sat Nov 14 04:31:02 +0000 2020,0,False,False,False
https://x.com/rawrBTS_/status/1327467868804444160,https://twitter.com/rawrBTS_/status/1327467868804444160,1327467868804444160,Cagayan Valley (Region 2) has one of the largest dams in the Philippines which is the Magat Dam. It also supplies electricity in Metro Manila. They had to open gates kaya nakadagdag sa pagtaas ng baha plus we have the longest river in the Philippines which is the Cagayan River,1,1,3,0,Sat Nov 14 04:26:17 +0000 2020,0,False,False,False
https://x.com/PapiEnzoo/status/1327467684917702657,https://twitter.com/PapiEnzoo/status/1327467684917702657,1327467684917702657,Cagayan has one of the largest dams in the Philippines which is the Magat Dam. It also supplies electricity in Metro Manila. They had to open gates kaya nakadagdag sa pagtaas ng baha plus we have the longest river in the Philippines which is the Cagayan River at umapaw na din po.,31,1,98,1,Sat Nov 14 04:25:33 +0000 2020,1,False,False,False
https://x.com/DeityIsMe23/status/1327467388770471936,https://twitter.com/DeityIsMe23/status/1327467388770471936,1327467388770471936,Cagayan has one of the largest dams in the Philippines which is the Magat Dam. It also supplies electricity in Metro Manila. They had to open gates kaya nakadagdag sa pagtaas ng baha plus we have the longest river in the Philippines which is the Cagayan River at umapaw na din po.,1,1,1,0,Sat Nov 14 04:24:23 +0000 2020,0,False,False,False
https://x.com/kyungsoobeybe/status/1327464459086962689,https://twitter.com/kyungsoobeybe/status/1327464459086962689,1327464459086962689,Cagayan has one of the largest dams in the Philippines which is the Magat Dam. It also supplies electricity in Metro Manila. They had to open gates kaya nakadagdag sa pagtaas ng baha plus we have the longest river in the Philippines which is the Cagayan River at umapaw na din po.,0,1,2,0,Sat Nov 14 04:12:44 +0000 2020,0,False,False,False
https://x.com/cher_kriing19/status/1327464388706516992,https://twitter.com/cher_kriing19/status/1327464388706516992,1327464388706516992,"Please Share 

Cagayan has one of the largest dams in the Philippines which is the Magat Dam. It also supplies electricity in Metro Manila. They had to open gates kaya nakadagdag sa pagtaas ng baha plus we have the longest river in the Philippines which is the",1,1,0,0,Sat Nov 14 04:12:28 +0000 2020,0,False,False,False
https://x.com/jaacceettyy/status/1327463814887997440,https://twitter.com/jaacceettyy/status/1327463814887997440,1327463814887997440,Cagayan Valley (Region 2) has one of the largest dams in the Philippines which is the Magat Dam. It also supplies electricity in Metro Manila. They had to open gates kaya nakadagdag sa pagtaas ng baha plus we have the longest river in the Philippines which is the Cagayan River,0,1,0,0,Sat Nov 14 04:10:11 +0000 2020,0,False,False,False
https://x.com/minggukiiieee/status/1327463411551137797,https://twitter.com/minggukiiieee/status/1327463411551137797,1327463411551137797,Cagayan has one of the largest dams in the Philippines which is the Magat Dam. It also supplies electricity in Metro Manila. They had to open gates kaya nakadagdag sa pagtaas ng baha plus we have the longest river in the Philippines which is the Cagayan River at umapaw na din po.,8,1,2,1,Sat Nov 14 04:08:35 +0000 2020,0,False,False,False
https://x.com/sahnityy_05/status/1327462051178897408,https://twitter.com/sahnityy_05/status/1327462051178897408,1327462051178897408,"Cagayan has one of the largest dams in the Philippines which is the Magat Dam. It also supplies electricity in Metro Manila. They
had to open gates kaya nakadagdag sa pagtaas ng baha plus we have the longest river in the Philippines which is the Cagayan River at umapaw na din po.",0,1,0,0,Sat Nov 14 04:03:10 +0000 2020,0,False,False,False
https://x.com/exolauntie/status/1327460768007155712,https://twitter.com/exolauntie/status/1327460768007155712,1327460768007155712,Cagayan has one of the largest dams in the Philippines which is the Magat Dam. It also supplies electricity in Metro Manila. They had to open gates kaya nakadagdag sa pagtaas ng baha plus we have the longest river in the Philippines which is the Cagayan River at umapaw na din po+ https://t.co/Mb9vFOyX35,4,1,8,0,Sat Nov 14 03:58:04 +0000 2020,0,False,False,True
https://x.com/jaethepooh/status/1327459898808881152,https://twitter.com/jaethepooh/status/1327459898808881152,1327459898808881152,Cagayan has one of the largest dams in the Philippines which is the Magat Dam. It also supplies electricity in Metro Manila. They had to open gates kaya nakadagdag sa pagtaas ng baha plus we have the longest river in the Philippines which is the Cagayan River at umapaw na +++,15,1,12,0,Sat Nov 14 03:54:37 +0000 2020,0,False,False,False
https://x.com/Yannaaa_06/status/1327459625793273856,https://twitter.com/Yannaaa_06/status/1327459625793273856,1327459625793273856,Cagayan has one of the largest dams in the Philippines which is the Magat Dam. It also supplies electricity in Metro Manila. They had to open gates kaya nakadagdag sa pagtaas ng baha plus we have the longest river in the Philippines which is the Cagayan River at umapaw na din po.,0,1,0,0,Sat Nov 14 03:53:32 +0000 2020,0,False,False,False
https://x.com/piscesjihoon/status/1327458453032378368,https://twitter.com/piscesjihoon/status/1327458453032378368,1327458453032378368,Cagayan has one of the largest dams in the Philippines which is the Magat Dam. It also supplies electricity in Metro Manila. They had to open gates kaya nakadagdag sa pagtaas ng baha plus we have the longest river in the Philippines which is the Cagayan River at umapaw na din po+,60,1,107,1,Sat Nov 14 03:48:52 +0000 2020,0,False,False,False
https://x.com/jea_soll/status/1327458033849434113,https://twitter.com/jea_soll/status/1327458033849434113,1327458033849434113,Cagayan has one of the largest dams in the Philippines which is the Magat Dam. It also supplies electricity in Metro Manila. They had to open gates kaya nakadagdag sa pagtaas ng baha plus we have the longest river in the Philippines which is the Cagayan River at umapaw na din po. https://t.co/IPXsdFPbaQ,6,1,6,1,Sat Nov 14 03:47:12 +0000 2020,0,False,False,True
https://x.com/0GB4ES/status/1327457025005998080,https://twitter.com/0GB4ES/status/1327457025005998080,1327457025005998080,"hello guys im from Isabela 

Cagayan has one of the largest dams in the Philippines which is the Magat Dam. It also supplies electricity in Metro Manila. They had to open gates kaya nakadagdag sa pagtaas ng baha plus we have the longest river in the + https://t.co/12PI5KdzQW",39,1,36,0,Sat Nov 14 03:43:12 +0000 2020,0,False,False,True
https://x.com/itstjavila/status/1327455392826236928,https://twitter.com/itstjavila/status/1327455392826236928,1327455392826236928,Cagayan has one of the largest dams in the Philippines which is the Magat Dam. It also supplies electricity in Metro Manila. They had to open gates kaya nakadagdag sa pagtaas ng baha plus we have the longest river in the Philippines which is the Cagayan River at umapaw na din po.,3,1,12,0,Sat Nov 14 03:36:43 +0000 2020,0,False,False,False
https://x.com/Jayabellss/status/1327454086438948866,https://twitter.com/Jayabellss/status/1327454086438948866,1327454086438948866,@DawnZpost Cagayan Valley (Region 2) has one of the largest dams in the Philippines which is the Magat Dam. It also supplies electricity in Metro Manila. They had to open gates kaya nakadagdag sa pagtaas ng baha plus we have the longest river in the Philippines which is the Cagayan River at,0,3,0,0,Sat Nov 14 03:31:31 +0000 2020,0,False,False,False
https://x.com/goodgirlnotme/status/1327452769364578306,https://twitter.com/goodgirlnotme/status/1327452769364578306,1327452769364578306,Cagayan has one of the largest dams in the Philippines which is the Magat Dam. It also supplies electricity in Metro Manila. They had to open gates kaya nakadagdag sa pagtaas ng baha plus we have the longest river in the Philippines which is the Cagayan River at umapaw na din po.,0,1,0,0,Sat Nov 14 03:26:17 +0000 2020,0,False,False,False
https://x.com/fearlessDB__/status/1327452509359669249,https://twitter.com/fearlessDB__/status/1327452509359669249,1327452509359669249,"Praying for my beloved hometown🙏❤️

Cagayan Valley,has one of the largest dams in the Philippines which is the Magat Dam. It also supplies electricity in Metro Manila. They had to open gates kaya nakadagdag sa pagtaas ng baha plus we have the longest river in the Philippines",9,1,10,3,Sat Nov 14 03:25:15 +0000 2020,0,False,False,False
https://x.com/gandachonaa/status/1327639650660356096,https://twitter.com/gandachonaa/status/1327639650660356096,1327639650660356096,Cagayan and Isabela has one of the largest dams in the Philippines which is the Magat Dam. It also supplies electricity in Metro Manila. They had to open gates kaya nakadagdag sa pagtaas ng baha plus we have the longest river in the Philippines which is the Cagayan River at.. https://t.co/83ER2ySLwM,0,1,0,0,Sat Nov 14 15:48:53 +0000 2020,0,False,False,True
https://x.com/Blackpinkfever1/status/1327591688672485376,https://twitter.com/Blackpinkfever1/status/1327591688672485376,1327591688672485376,"Repost...
Cagayan has one of the largest dams in the Philippines which is the Magat Dam. It also supplies electricity in Metro Manila. They had to open gates kaya nakadagdag sa pagtaas ng baha plus we have the longest river in the Philippines which is the Cagayan River at umapaw",0,1,0,0,Sat Nov 14 12:38:18 +0000 2020,0,False,False,False
https://x.com/yhannieleigh/status/1327580335358447616,https://twitter.com/yhannieleigh/status/1327580335358447616,1327580335358447616,Cagayan has one of the largest dams in the Philippines which is the Magat Dam. It also supplies electricity in Metro Manila. They had to open gates kaya nakadagdag sa pagtaas ng baha plus we have the longest river in the Philippines which is the Cagayan River at umapaw na din po.,0,1,0,0,Sat Nov 14 11:53:11 +0000 2020,0,False,False,False
https://x.com/miniminimyg/status/1327571078898622465,https://twitter.com/miniminimyg/status/1327571078898622465,1327571078898622465,Cagayan has one of the largest dams in the Philippines which is the Magat Dam. It also supplies electricity in Metro Manila. They had to open gates kaya nakadagdag sa pagtaas ng baha plus we have the longest river in the Philippines which is the Cagayan River at umapaw na din. +,0,1,1,0,Sat Nov 14 11:16:24 +0000 2020,0,False,False,False
https://x.com/lhai_nicole/status/1327564692408074240,https://twitter.com/lhai_nicole/status/1327564692408074240,1327564692408074240,Cagayan has one of the largest dams in the Philippines which is the Magat Dam. It also supplies electricity in Metro Manila. They had to open gates kaya nakadagdag sa pagtaas ng baha plus we have the longest river in the Philippines which is the Cagayan River at umapaw na din po.,0,1,1,0,Sat Nov 14 10:51:02 +0000 2020,0,False,False,False
https://x.com/betchay_TM/status/1327558284769783810,https://twitter.com/betchay_TM/status/1327558284769783810,1327558284769783810,Cagayan has one of the largest dams in the Philippines which is the Magat Dam. It also supplies electricity in Metro Manila. They had to open gates kaya nakadagdag sa pagtaas ng baha plus we have the longest river in the Philippines which is the Cagayan River at umapaw na din po.,0,1,1,0,Sat Nov 14 10:25:34 +0000 2020,0,False,False,False
https://x.com/dolcedior__/status/1327553071921065984,https://twitter.com/dolcedior__/status/1327553071921065984,1327553071921065984,Cagayan has one of the largest dams in the Philippines which is the Magat Dam. It also supplies electricity in Metro Manila. They had to open gates kaya nakadagdag sa pagtaas ng baha plus we have the longest river in the Philippines which is the Cagayan River at umapaw na din po.,0,1,2,0,Sat Nov 14 10:04:51 +0000 2020,0,False,False,False
https://x.com/ianmdomingo/status/1327548616727117824,https://twitter.com/ianmdomingo/status/1327548616727117824,1327548616727117824,Cagayan has one of the largest dams in the Philippines which is the Magat Dam. It also supplies electricity in Metro Manila. They had to open gates kaya nakadagdag sa pagtaas ng baha plus we have the longest river in the Philippines which is the Cagayan River at umapaw na din po.,0,1,0,0,Sat Nov 14 09:47:09 +0000 2020,0,False,False,False
https://x.com/Rhianna18354361/status/1327544867833016320,https://twitter.com/Rhianna18354361/status/1327544867833016320,1327544867833016320,Cagayan Valley (Region 2) has one of the largest dams in the Philippines which is the Magat Dam. It also supplies electricity in Metro Manila. They had to open gates kaya nakadagdag sa pagtaas ng baha plus we have the longest river in the Philippines which is the Cagayan River,1,0,2,0,Sat Nov 14 09:32:15 +0000 2020,0,False,False,False
https://x.com/zululegacy_/status/1327527879945584640,https://twitter.com/zululegacy_/status/1327527879945584640,1327527879945584640,Cagayan has one of the largest dams in the Philippines which is the Magat Dam. It also supplies electricity in Metro Manila. They had to open gates kaya nakadagdag sa pagtaas ng baha plus we have the longest river in the Philippines which is the Cagayan River at umapaw na din po.,3,1,3,0,Sat Nov 14 08:24:45 +0000 2020,0,False,False,False
https://x.com/Maricar02350332/status/1327522438859476992,https://twitter.com/Maricar02350332/status/1327522438859476992,1327522438859476992,Cagayan has one of the largest dams in the Philippines which is the Magat Dam. It also supplies electricity in Metro Manila. They had to open gates kaya nakadagdag sa pagtaas ng baha plus we have the longest river in the Philippines which is the Cagayan River at umapaw na din po.,0,1,0,0,Sat Nov 14 08:03:08 +0000 2020,0,False,False,False
https://x.com/bernardo_malou/status/1327518119548563456,https://twitter.com/bernardo_malou/status/1327518119548563456,1327518119548563456,Cagayan has one of the largest dams in the Philippines which is the Magat Dam. It also supplies electricity in Metro Manila. They had to open gates kaya nakadagdag sa pagtaas ng baha plus we have the longest river in the Philippines which is the Cagayan River at umapaw na din po.,0,1,0,0,Sat Nov 14 07:45:58 +0000 2020,0,False,False,False
https://x.com/_Beauuuuuu_/status/1327516232699027463,https://twitter.com/_Beauuuuuu_/status/1327516232699027463,1327516232699027463,Cagayan has one of the largest dams in the Philippines which is the Magat Dam. It also supplies electricity in Metro Manila. They had to open gates kaya nakadagdag sa pagtaas ng baha plus we have the longest river in the Philippines which is the Cagayan River at umapaw na din po.,0,1,1,0,Sat Nov 14 07:38:28 +0000 2020,0,False,False,False
https://x.com/rawrftror/status/1327514711852662784,https://twitter.com/rawrftror/status/1327514711852662784,1327514711852662784,Cagayan Valley (Region 2) has one of the largest dams in the Philippines which is the Magat Dam. It also supplies electricity in Metro Manila. They had to open gates kaya nakadagdag sa pagtaas ng baha plus we have the longest river in the Philippines which is the Cagayan River,3,1,5,1,Sat Nov 14 07:32:25 +0000 2020,0,False,False,False
https://x.com/_isharlene/status/1327511020051447808,https://twitter.com/_isharlene/status/1327511020051447808,1327511020051447808,Cagayan Valley has one of the largest dams in the Philippines which is the Magat Dam. It also supplies electricity in Metro Manila. They had to open gates kaya nakadagdag sa pagtaas ng baha plus we have the longest river in the Philippines which is the Cagayan River at umapaw na,0,1,0,0,Sat Nov 14 07:17:45 +0000 2020,0,False,False,False
https://x.com/astherialle/status/1327507507929989120,https://twitter.com/astherialle/status/1327507507929989120,1327507507929989120,Cagayan valley has one of the largest dams in the Philippines which is the Magat Dam. It also supplies electricity in Metro Manila. They had to open gates kaya nakadagdag sa pagtaas ng baha plus we have the longest river in the Philippines which is the Cagayan River,1,2,2,0,Sat Nov 14 07:03:48 +0000 2020,0,False,False,False
https://x.com/ManaligodLuisa/status/1327503428570910720,https://twitter.com/ManaligodLuisa/status/1327503428570910720,1327503428570910720,Cagayan Valley (Region 2) has one of the largest dams in the Philippines which is the Magat Dam. It also supplies electricity in Metro Manila. They had to open gates kaya nakadagdag sa pagtaas ng baha plus we have the longest river in the Philippines which is the Cagayan River++,0,1,1,0,Sat Nov 14 06:47:35 +0000 2020,0,False,False,False
https://x.com/angelicallaren7/status/1327503200253931520,https://twitter.com/angelicallaren7/status/1327503200253931520,1327503200253931520,Cagayan has one of the largest dams in the Philippines which is the Magat Dam. It also supplies electricity in Metro Manila. They had to open gates kaya nakadagdag sa pagtaas ng baha plus we have the longest river in the Philippines which is the Cagayan River at umapaw na din po.,0,0,4,0,Sat Nov 14 06:46:41 +0000 2020,0,False,False,False
https://x.com/KylaOneza/status/1327501513715982336,https://twitter.com/KylaOneza/status/1327501513715982336,1327501513715982336,"Cagayan has one of the largest dams in the Philippines which is the Magat Dam. It also supplies electricity in Metro Manila. They had to open gates kaya nakadagdag sa pagtaas ng baha plus we have the longest river in the Philippines.
#CagayanNeedsHelp
#RescuePh 
#RescuePHCagayan",0,0,3,0,Sat Nov 14 06:39:59 +0000 2020,0,False,False,False
https://x.com/youdisgustingew/status/1327501034944557056,https://twitter.com/youdisgustingew/status/1327501034944557056,1327501034944557056,Cagayan has one of the largest dams in the Philippines which is the Magat Dam. It also supplies electricity in Metro Manila. They had to open gates kaya nakadagdag sa pagtaas ng baha plus we have the longest river in the Philippines which is the Cagayan River at umapaw na din po.,0,1,1,0,Sat Nov 14 06:38:05 +0000 2020,0,False,False,False
https://x.com/Edcaster/status/1326733614281715714,https://twitter.com/Edcaster/status/1326733614281715714,1326733614281715714,"We’re okay thanks Bob. Had to evacuate, though. Lapit namin sa Marikina River e. Pumasok sa bahay ang baha. 1st time since Ondoy.",0,0,1,0,Thu Nov 12 03:48:37 +0000 2020,0,False,True,False
https://x.com/PolitikoWatch/status/1327423504103452675,https://twitter.com/PolitikoWatch/status/1327423504103452675,1327423504103452675,"Sugod sa baha! Marcy Teodoro wades through knee-deep flood to inspect Marikina
https://t.co/N2DbpmEY11 https://t.co/QguPN9TQyS",0,0,0,0,Sat Nov 14 01:30:00 +0000 2020,0,False,False,True
https://x.com/jackie38620880/status/1327173846080712704,https://twitter.com/jackie38620880/status/1327173846080712704,1327173846080712704,"@gmawowowin Kuya will Sana ISA po AKO SA matawagan u po 🙏 para po SA ate KO at SA pamilya niya na nalubog SA Baha SA tumana marikina po🙏🙏😢😢😢😢
0⃣9⃣5⃣1⃣6⃣3⃣9⃣9⃣0⃣9⃣6⃣ Godbless po kuya will🙏
Para po SA ate KO🙏🙏🙏😢😢😢😢",0,0,0,0,Fri Nov 13 08:57:57 +0000 2020,0,False,False,False
https://x.com/woonyoungbokiee/status/1326708135252250625,https://twitter.com/woonyoungbokiee/status/1326708135252250625,1326708135252250625,"yung updates ng tl ko and the rest of our team since they're from rizal and marikina. lahat sila lubog na sa baha 😭😭😭

EVERYONE PLEASE KEEP SAFE, SPECIALLY THOSE NA NABAHA NA 😭😭😭🙏",0,0,1,0,Thu Nov 12 02:07:23 +0000 2020,0,False,False,False
https://x.com/ventioooc/status/1326662211004104705,https://twitter.com/ventioooc/status/1326662211004104705,1326662211004104705,I don't think I can go back to sleep. Pag nag overflow yang Marikina River baha na sa Pasig agad agad shutanginamerzzz.,0,0,3,0,Wed Nov 11 23:04:53 +0000 2020,0,False,False,False
https://x.com/jannomaala/status/1326688923142168578,https://twitter.com/jannomaala/status/1326688923142168578,1326688923142168578,"From our mayor. 

Tataas pa ang baha sa Cainta. Marikina River is still rising. 😔

This is gonna be another Ondoy or Habagat. https://t.co/MMcydHv0VS",2,0,6,0,Thu Nov 12 00:51:02 +0000 2020,0,False,False,True
https://x.com/_lovecmg/status/1327493260126785536,https://twitter.com/_lovecmg/status/1327493260126785536,1327493260126785536,"y'all r asking for the president's appearance / action on the events that's happening but have you imagined that a 75y/o is lumulusong sa baha to save people, to check people's kalagayan sa marikina &amp; cagayan? parang pinagsusuicide nyo naman 🙃",0,2,1,0,Sat Nov 14 06:07:11 +0000 2020,0,False,False,False
https://x.com/Yojmin17O/status/1326772739277991936,https://twitter.com/Yojmin17O/status/1326772739277991936,1326772739277991936,"Praying for the safety of everyone🙏
Keep safe rin sa fam mo kapz @EscioHermz sa Marikina grabe baha rin don.

REQUEST @SB19Official @MTV #FridayLivestream

SB19 WikiDay
#SB19",2,1,3,0,Thu Nov 12 06:24:05 +0000 2020,0,False,True,False
https://x.com/bdrrmo/status/1327162849559531520,https://twitter.com/bdrrmo/status/1327162849559531520,1327162849559531520,"RT dost_pagasa: Pasig-Marikina and Tullahan Flood Advisory #3 Final as of 3PM, 11.13.2020 https://t.co/dBpjwmCaZs",0,0,0,0,Fri Nov 13 08:14:15 +0000 2020,0,False,False,True
https://x.com/tatancast/status/1327150481190301697,https://twitter.com/tatancast/status/1327150481190301697,1327150481190301697,@_yyyyyyyyyyy_ bec flood water exit is only through Manggahan Floodway to Pasig River then Manila Bay.,0,1,0,0,Fri Nov 13 07:25:06 +0000 2020,0,False,False,False
https://x.com/PAGASAFFWS/status/1327147069082136579,https://twitter.com/PAGASAFFWS/status/1327147069082136579,1327147069082136579,"Pasig-Marikina and Tullahan Flood Advisory #3 Final as of 3PM, 11.13.2020 https://t.co/E3s1TjGl5K",0,0,1,0,Fri Nov 13 07:11:33 +0000 2020,0,False,False,True
https://x.com/dost_pagasa/status/1327146980884279298,https://twitter.com/dost_pagasa/status/1327146980884279298,1327146980884279298,"Pasig-Marikina and Tullahan Flood Advisory #3 Final as of 3PM, 11.13.2020 https://t.co/dwKcjBhKCd",8,0,11,1,Fri Nov 13 07:11:12 +0000 2020,0,False,False,True
https://x.com/vanislechicluna/status/1327079996335157250,https://twitter.com/vanislechicluna/status/1327079996335157250,1327079996335157250,"~We work as one 🇨🇦🇵🇭
DM me and it will go directly to the victims of typhoon and flood km Pasig and Rizal. 

#WereAllInThisTogether
#vanislechicluna https://t.co/XwMAOv8hoC",0,0,0,0,Fri Nov 13 02:45:01 +0000 2020,0,False,False,True
https://x.com/camilla_rosa/status/1327075594731851776,https://twitter.com/camilla_rosa/status/1327075594731851776,1327075594731851776,Mayor @VicoSotto thank you so much for your service in Pasig City. I heard from a friend @lawrencer620 that after one day the flood was gone. It was very different from when Typhoon Ondoy’s aftermath was handled. Kudos to you and your governance. Mabuhay ka 🇵🇭,0,0,0,0,Fri Nov 13 02:27:32 +0000 2020,0,False,False,False
https://x.com/ilda_talk/status/1327064115630665729,https://twitter.com/ilda_talk/status/1327064115630665729,1327064115630665729,"There is really not much that can be done. Much of Metro Manila is on flood plains. Manila is even in the mouth of the Pasig River. It shouldn’t have been overdeveloped the way it is now. Worse, there is no efficient storm drain system when the city was developed. #UllyssesPH",26,14,160,2,Fri Nov 13 01:41:55 +0000 2020,1,False,False,False
https://x.com/dzrhnews/status/1327021765755686912,https://twitter.com/dzrhnews/status/1327021765755686912,1327021765755686912,"@angelopalmones #ACSBalita Anna Mae Lamentillo, Build, Build, Build chair: Mayroon na po tayong ongoing project with the Japanese government. Ito po 'yung Pasig-Marikina flood control project.

LIVE: https://t.co/Jc1fIl4yVq https://t.co/q10K7un80Y",1,1,1,0,Thu Nov 12 22:53:38 +0000 2020,0,False,False,True
https://x.com/CroptopKing/status/1327004870277173248,https://twitter.com/CroptopKing/status/1327004870277173248,1327004870277173248,"Update #2 :

A lot of my colleagues have been affected by the flood mostly in Pasig and Marikina area.",0,0,0,0,Thu Nov 12 21:46:30 +0000 2020,0,False,False,False
https://x.com/shurlieeeian/status/1326920547268239360,https://twitter.com/shurlieeeian/status/1326920547268239360,1326920547268239360,"Been seeing posts and comments of people asking @PasigInfo how they can volunteer to help victims of the flood by repacking goods etc. Wow. Good leadership inspires. Good job Pasig LGU, Mayor @VicoSotto, and Pasigeños!",0,0,0,0,Thu Nov 12 16:11:26 +0000 2020,0,False,False,False
https://x.com/Oigetit_Health/status/1326911068380274695,https://twitter.com/Oigetit_Health/status/1326911068380274695,1326911068380274695,"Residents wade through flood to get food in Pasig City.

Read more: https://t.co/MaW19rV6ZI

#TyphoonUlysses #Flooding

Video credit: @gmanews https://t.co/BRu9axDTIW",0,0,5,0,Thu Nov 12 15:33:46 +0000 2020,0,False,False,False
https://x.com/gmanews/status/1326907855971082241,https://twitter.com/gmanews/status/1326907855971082241,1326907855971082241,Residents wade through flood to get food in Pasig City #UlyssesPH https://t.co/YnAkN4MqZK,2,0,37,2,Thu Nov 12 15:21:00 +0000 2020,0,False,False,False
https://x.com/inquirerdotnet/status/1326873602411651072,https://twitter.com/inquirerdotnet/status/1326873602411651072,1326873602411651072,Waters from the Marikina River rushed toward the Manggahan floodway of the Pasig-Marikina flood control project after the eyewall of Typhoon Ulysses hit various parts of Metro Manila and Rizal province. | @GabrielLaluINQ #UlyssesPH  https://t.co/ikFcaSa6Tu,7,0,14,0,Thu Nov 12 13:04:53 +0000 2020,0,False,False,False
https://x.com/igiboy89/status/1326869548667056128,https://twitter.com/igiboy89/status/1326869548667056128,1326869548667056128,"- In Pasig-Marikina flood plain, urban poor households live in flood prone areas along riverbanks and clogged waterways. We need to prioritize them for evacuation, relief and recovery.",0,1,0,0,Thu Nov 12 12:48:47 +0000 2020,0,False,False,False
https://x.com/miriamgracego/status/1326851483187306496,https://twitter.com/miriamgracego/status/1326851483187306496,1326851483187306496,"@rapplerdotcom ""Murky grey water from Pasig River overflowed into a riverside walkway near Duterte's office at the Malacañang Golf Clubhouse and his Manila residence, Bahay Pangarap.""

Duterte says gov't on top of #UlyssesPH efforts as floodwaters reach Malacañang https://t.co/oTpkiodDi2",0,2,0,0,Thu Nov 12 11:36:59 +0000 2020,0,False,False,False
https://x.com/r0j0an/status/1326842759139917824,https://twitter.com/r0j0an/status/1326842759139917824,1326842759139917824,@namrianabub We got ours 10am and then it when out again by afternoon but just for a few minutes.. keep safe btw.. what side are u from? The flood is so bad at pasig cainta markina and so many places,0,1,0,0,Thu Nov 12 11:02:19 +0000 2020,0,False,False,False
https://x.com/arrianna_jeon/status/1327469764675923968,https://twitter.com/arrianna_jeon/status/1327469764675923968,1327469764675923968,Cagayan has one of the largest dams in the Philippines which is the Magat Dam. It also supplies electricity in Metro Manila. They had to open gates kaya nakadagdag sa pagtaas ng baha plus we have the longest river in the Philippines which is the Cagayan River at umapaw na din po.,0,0,0,0,Sat Nov 14 04:33:49 +0000 2020,0,False,False,False
https://x.com/Jayabellss/status/1327454086438948866,https://twitter.com/Jayabellss/status/1327454086438948866,1327454086438948866,@DawnZpost Cagayan Valley (Region 2) has one of the largest dams in the Philippines which is the Magat Dam. It also supplies electricity in Metro Manila. They had to open gates kaya nakadagdag sa pagtaas ng baha plus we have the longest river in the Philippines which is the Cagayan River at,0,3,0,0,Sat Nov 14 03:31:31 +0000 2020,0,False,False,False
https://x.com/marvincadapan/status/1327493195043799040,https://twitter.com/marvincadapan/status/1327493195043799040,1327493195043799040,Cagayan has one of the largest dams in the Philippines which is the Magat Dam. It also supplies electricity in Metro Manila. They had to open gates kaya nakadagdag sa pagtaas ng baha plus we have the longest river in the Philippines which is the Cagayan River at umapaw na din po.,0,2,0,0,Sat Nov 14 06:06:55 +0000 2020,0,False,False,False
https://x.com/Yannaaa_06/status/1327459625793273856,https://twitter.com/Yannaaa_06/status/1327459625793273856,1327459625793273856,Cagayan has one of the largest dams in the Philippines which is the Magat Dam. It also supplies electricity in Metro Manila. They had to open gates kaya nakadagdag sa pagtaas ng baha plus we have the longest river in the Philippines which is the Cagayan River at umapaw na din po.,0,1,0,0,Sat Nov 14 03:53:32 +0000 2020,0,False,False,False
https://x.com/kwonieshua/status/1327424785303814144,https://twitter.com/kwonieshua/status/1327424785303814144,1327424785303814144,Cagayan has one of the largest dams in the Philippines which is the Magat Dam. It also supplies electricity in Metro Manila. They had to open gates kaya nakadagdag sa pagtaas ng baha plus we have the longest river in the Philippines which is the Cagayan River at umapaw na din po.,0,1,0,0,Sat Nov 14 01:35:05 +0000 2020,0,False,False,False
https://x.com/BeckIquin/status/1327494306941202434,https://twitter.com/BeckIquin/status/1327494306941202434,1327494306941202434,Cagayan Valley has one of the largest dams in the Philippines which is the Magat Dam. It also supplies electricity in Metro Manila. They had to open gates kaya nakadagdag sa pagtaas ng baha plus we have the longest river in the Philippines which is the Cagayan River at umapaw na.,0,0,2,0,Sat Nov 14 06:11:21 +0000 2020,0,False,False,False
https://x.com/TattooMoSaLikod/status/1327480294421590017,https://twitter.com/TattooMoSaLikod/status/1327480294421590017,1327480294421590017,Cagayan has one of the largest dams in the Philippines which is the Magat Dam. It also supplies electricity in Metro Manila. They had to open gates kaya nakadagdag sa pagtaas ng baha plus we have the longest river in the Philippines which is the Cagayan River at umapaw na din po.,0,1,0,0,Sat Nov 14 05:15:40 +0000 2020,0,False,False,False
https://x.com/stelldaks0939/status/1327436816992006144,https://twitter.com/stelldaks0939/status/1327436816992006144,1327436816992006144,"[CTTO]

Cagayan has one of the largest dams in the Philippines which is the Magat Dam. It also supplies electricity in Metro Manila. They had to open gates kaya nakadagdag sa pagtaas ng baha plus we have the longest river in the Philippines which is the Cagayan River at umapaw +",0,0,0,0,Sat Nov 14 02:22:54 +0000 2020,0,False,False,False
https://x.com/zhouzhennanvin/status/1327225468391624706,https://twitter.com/zhouzhennanvin/status/1327225468391624706,1327225468391624706,filo moots around Metro Manila or near Pasig City. Baka may extra kayong damit na hindi na ginagamit? Some of my friends and family needs some donations. As in wala talaga silang natira dahil sa baha 😭 Please dm me! Thank you so much! ❤,10,1,2,1,Fri Nov 13 12:23:04 +0000 2020,0,False,False,False
https://x.com/_msladylove_JF/status/1327480455931654144,https://twitter.com/_msladylove_JF/status/1327480455931654144,1327480455931654144,"Cagayan has one of the largest dams in the Philippines which is the Magat Dam.
It also supplies electricity in Metro Manila.
They had to open gates kaya nakadagdag sa pagtaas ng baha plus we have the longest river in the Philippines which is the Cagayan River at umapaw na din po. https://t.co/SCNIiuwA5x",0,1,0,0,Sat Nov 14 05:16:18 +0000 2020,0,False,False,True
https://x.com/dolcedior__/status/1327553071921065984,https://twitter.com/dolcedior__/status/1327553071921065984,1327553071921065984,Cagayan has one of the largest dams in the Philippines which is the Magat Dam. It also supplies electricity in Metro Manila. They had to open gates kaya nakadagdag sa pagtaas ng baha plus we have the longest river in the Philippines which is the Cagayan River at umapaw na din po.,0,1,2,0,Sat Nov 14 10:04:51 +0000 2020,0,False,False,False
https://x.com/cher_kriing19/status/1327464388706516992,https://twitter.com/cher_kriing19/status/1327464388706516992,1327464388706516992,"Please Share 

Cagayan has one of the largest dams in the Philippines which is the Magat Dam. It also supplies electricity in Metro Manila. They had to open gates kaya nakadagdag sa pagtaas ng baha plus we have the longest river in the Philippines which is the",1,1,0,0,Sat Nov 14 04:12:28 +0000 2020,0,False,False,False
https://x.com/0GB4ES/status/1327457025005998080,https://twitter.com/0GB4ES/status/1327457025005998080,1327457025005998080,"hello guys im from Isabela 

Cagayan has one of the largest dams in the Philippines which is the Magat Dam. It also supplies electricity in Metro Manila. They had to open gates kaya nakadagdag sa pagtaas ng baha plus we have the longest river in the + https://t.co/12PI5KdzQW",39,1,36,0,Sat Nov 14 03:43:12 +0000 2020,0,False,False,True
https://x.com/syanmykel/status/1327425773427310592,https://twitter.com/syanmykel/status/1327425773427310592,1327425773427310592,Cagayan has one of the largest dams in the Philippines which is the Magat Dam. It also supplies electricity in Metro Manila. They had to open gates kaya nakadagdag sa pagtaas ng baha plus we have the longest river in the Philippines which is the Cagayan River at umapaw na din po.,0,1,4,0,Sat Nov 14 01:39:01 +0000 2020,0,False,False,False
https://x.com/dazzy_patotie/status/1327448836210528262,https://twitter.com/dazzy_patotie/status/1327448836210528262,1327448836210528262,Cagayan Valley has one of the largest dams in the Philippines which is the Magat Dam. It also supplies electricity in Metro Manila. They had to open gates kaya nakadagdag sa pagtaas ng baha plus we have the longest river in the Philippines which is the Cagayan River at umapaw na,0,1,0,0,Sat Nov 14 03:10:40 +0000 2020,0,False,False,False
https://x.com/imforyoo/status/1327446904800624641,https://twitter.com/imforyoo/status/1327446904800624641,1327446904800624641,Cagayan Valley has one of the largest dams in the Philippines which is the Magat Dam. It also supplies electricity in Metro Manila. They had to open gates kaya nakadagdag sa pagtaas ng baha plus we have the longest river in the Philippines which is the Cagayan River at umapaw na,1,1,1,0,Sat Nov 14 03:02:59 +0000 2020,0,False,False,False
https://x.com/twt_aps/status/1327347902537031681,https://twitter.com/twt_aps/status/1327347902537031681,1327347902537031681,"Just how quarrying is in rizal. All those rock, sand and gravel used in the construction of buildings in manila. Sarap tumira sa condo no? Di kayo abot ng baha",0,0,0,0,Fri Nov 13 20:29:35 +0000 2020,0,False,True,False
https://x.com/dannazepam/status/1327435491818438656,https://twitter.com/dannazepam/status/1327435491818438656,1327435491818438656,Cagayan Valley (Region 2) has one of the largest dams in the Philippines which is the Magat Dam. It also supplies electricity in Metro Manila. They had to open gates kaya nakadagdag sa pagtaas ng baha plus we have the longest river in the Philippines which is the Cagayan River,2,1,0,0,Sat Nov 14 02:17:38 +0000 2020,0,False,False,False
https://x.com/Blackpinkfever1/status/1327591688672485376,https://twitter.com/Blackpinkfever1/status/1327591688672485376,1327591688672485376,"Repost...
Cagayan has one of the largest dams in the Philippines which is the Magat Dam. It also supplies electricity in Metro Manila. They had to open gates kaya nakadagdag sa pagtaas ng baha plus we have the longest river in the Philippines which is the Cagayan River at umapaw",0,1,0,0,Sat Nov 14 12:38:18 +0000 2020,0,False,False,False
https://x.com/rawrftror/status/1327514711852662784,https://twitter.com/rawrftror/status/1327514711852662784,1327514711852662784,Cagayan Valley (Region 2) has one of the largest dams in the Philippines which is the Magat Dam. It also supplies electricity in Metro Manila. They had to open gates kaya nakadagdag sa pagtaas ng baha plus we have the longest river in the Philippines which is the Cagayan River,3,1,5,1,Sat Nov 14 07:32:25 +0000 2020,0,False,False,False
https://x.com/ABSCBNNews/status/1326810715630391296,https://twitter.com/ABSCBNNews/status/1326810715630391296,1326810715630391296,#UlyssesPH-hit Marikina appeals for aid for flood victims https://t.co/YMz6E0xbvl,29,2,109,7,Thu Nov 12 08:55:00 +0000 2020,0,False,False,False
https://x.com/inquirerdotnet/status/1326959323432382465,https://twitter.com/inquirerdotnet/status/1326959323432382465,1326959323432382465,"LOOK: Members of Philippine National Police-Special Action Force Rapid Deployment Battalion and members of MMDA rescue residents trapped by flood water inside the Provident Village in Marikina City due to heavy train brought by Typhoon #UlyssesPH on November 12, 2020. https://t.co/OG0VGff5am",2,1,22,3,Thu Nov 12 18:45:31 +0000 2020,0,False,False,True
https://x.com/inquirerdotnet/status/1327133409022513152,https://twitter.com/inquirerdotnet/status/1327133409022513152,1327133409022513152,"IN PHOTOS: Residents start to clean their flood-damaged homes in a residential area in Marikina City on Friday, a day after Typhoon #UlyssesPH hit the capital area bringing heavy rains and flooding. 📷. AFP https://t.co/S33IMB5Svv",4,1,16,1,Fri Nov 13 06:17:16 +0000 2020,1,False,False,True
https://x.com/bulatlat/status/1326793729852764162,https://twitter.com/bulatlat/status/1326793729852764162,1326793729852764162,Non-profit school for Marikina’s poor submerged in flood water https://t.co/AHbCseTsIL,30,1,48,0,Thu Nov 12 07:47:30 +0000 2020,2,False,False,False
https://x.com/inquirerdotnet/status/1326845635040043013,https://twitter.com/inquirerdotnet/status/1326845635040043013,1326845635040043013,"A number of houses near the Marikina River were submerged in flood as Typhoon Ulysses battered practically the entire Luzon mainland, including Metro Manila. | @NAMercadoINQ #UlyssesPH https://t.co/BaDRM7LIDM",1,2,6,0,Thu Nov 12 11:13:45 +0000 2020,0,False,False,False
https://x.com/PhilippineStar/status/1326760410779840512,https://twitter.com/PhilippineStar/status/1326760410779840512,1326760410779840512,Marikina Mayor Marcy Teodoro appealed for air rescue as the continued dumping of rains of Typhoon Ulysses submerged thousands of houses in the city. https://t.co/afIvSq7ehh,63,0,120,9,Thu Nov 12 05:35:06 +0000 2020,1,False,False,False
https://x.com/PhilstarNews/status/1326749486375264261,https://twitter.com/PhilstarNews/status/1326749486375264261,1326749486375264261,"The Marikina City mayor said they have already evacuated 5,000 families but around 40,000 households are either fully or partially submerged in water due to rain from #UlyssesPH 

Full story here: https://t.co/WH9pGr2diN https://t.co/LqTaIMQ4ET",25,1,35,5,Thu Nov 12 04:51:42 +0000 2020,0,False,False,True
https://x.com/PhilstarNews/status/1327528178118606849,https://twitter.com/PhilstarNews/status/1327528178118606849,1327528178118606849,"Flooding in Metro Manila – especially in Marikina, Makati, Manila and Quezon City – could have been minimized or prevented had the MMDA completed major flood control projects programmed for 2018 and 2019, the Commission on Audit said in a report.

READ: https://t.co/gxldIpCOp1 https://t.co/bT9qcxyAjF",49,0,105,7,Sat Nov 14 08:25:56 +0000 2020,2,False,False,True
https://x.com/pnagovph/status/1326739363712045057,https://twitter.com/pnagovph/status/1326739363712045057,1326739363712045057,"WATCH | Flood waters submerge the streets of Barangay Santa Elena near the Marikina City Hall. Most low-lying areas in the city are near Marikina River which as of 9:37 a.m. is 21.9 meters. | Contributed Video

#UlyssesPH https://t.co/YpzRgOJCRc",4,0,7,1,Thu Nov 12 04:11:28 +0000 2020,0,False,False,False
https://x.com/inquirerdotnet/status/1326780839292792832,https://twitter.com/inquirerdotnet/status/1326780839292792832,1326780839292792832,@ConsINQ More aerial footage from PCG: Cars submerged in flood while flood waters already reached third and second floor of houses in Marikina. | @ConsINQ #UlyssesPH https://t.co/LAP7VnnB8u,15,1,34,5,Thu Nov 12 06:56:17 +0000 2020,1,False,False,False
https://x.com/eggylogg/status/1327554976961363968,https://twitter.com/eggylogg/status/1327554976961363968,1327554976961363968,Here comes my dds dad talking about the flood in marikina when the news is about cagayan,0,0,8,0,Sat Nov 14 10:12:25 +0000 2020,0,False,False,False
https://x.com/ANCALERTS/status/1326711123941363712,https://twitter.com/ANCALERTS/status/1326711123941363712,1326711123941363712,"Rescue teams of the Army, PNP, and the private sector continue rescue operations for residents trapped in Tañong along A. Bonifacio Avenue in Marikina City. The flood is chest-deep along the main road. | via @dolandcastro https://t.co/oDsKtAYX4S",78,3,299,12,Thu Nov 12 02:19:15 +0000 2020,1,False,False,True
https://x.com/inquirerdotnet/status/1327180636784914432,https://twitter.com/inquirerdotnet/status/1327180636784914432,1327180636784914432,Vice President Leni Robredo paid a visit to Marikina residents who evacuated to the Nangka Elementary School after Typhoon #UlyssesPH brought massive flooding to the city and nearby areas. | @GabrielLaluINQ https://t.co/sstO6TxYbn,4,2,26,2,Fri Nov 13 09:24:56 +0000 2020,0,False,False,False
https://x.com/paolocelso/status/1326886814062272514,https://twitter.com/paolocelso/status/1326886814062272514,1326886814062272514,Finally heard from my member who's from Marikina. Glad they're safe! Been worrying all day. Hope the flood in the affected areas subside soon.,0,0,4,0,Thu Nov 12 13:57:23 +0000 2020,0,False,False,False
https://x.com/gmanews/status/1326879458834280448,https://twitter.com/gmanews/status/1326879458834280448,1326879458834280448,Flood recedes in Brgy Tumana Marikina leaving mud and debris strewn across Tumana Bridge. | via @chinogaston https://t.co/VcEgQJYxKo,15,0,55,4,Thu Nov 12 13:28:09 +0000 2020,0,False,False,True
https://x.com/inquirerdotnet/status/1326721742287503360,https://twitter.com/inquirerdotnet/status/1326721742287503360,1326721742287503360,"@MegINQ George says he is stranded with his parents, siblings and a 2-month-old baby girl. They are hoping that rescuers will come for them as they fear that #UlyssesPH will be worse than Ondoy, a typhoon that submerged Marikina City in flood in 2009. | @MegINQ",5,0,5,0,Thu Nov 12 03:01:27 +0000 2020,0,False,False,False
https://x.com/mcoronelferrer/status/1327321375627825152,https://twitter.com/mcoronelferrer/status/1327321375627825152,1327321375627825152,"fW: MARIKINA CITY -38-year old Ruchie Enabore held on to the lifeless body of her 2-year old son Steven Ken, after digging the boy on the banks of Marikina River, buried in the sand, here in Bgy. Tumana. Mother &amp; child got separated during Thursday flood here. @abscbnnews https://t.co/bfgx7UTLPa",0,0,1,0,Fri Nov 13 18:44:11 +0000 2020,0,False,False,True
https://x.com/DDBLStan/status/1326836847276797953,https://twitter.com/DDBLStan/status/1326836847276797953,1326836847276797953,I'm scared that it might reach the highway itself and then flood the whole Marikina City 😢,0,5,0,0,Thu Nov 12 10:38:50 +0000 2020,0,False,True,False
https://x.com/co0kY_/status/1326911548091142145,https://twitter.com/co0kY_/status/1326911548091142145,1326911548091142145,"Yesterday at midnight we were hit by Typhoon Ulysses. Houses were submerged under 6 ft. flood. 😢 

I live in Malanday, Marikina City. Our house wasn't reached by the flood, but our nearby villages and subdivisions were. #UlyssessPH https://t.co/5cpPlExgXk",0,2,3,0,Thu Nov 12 15:35:40 +0000 2020,0,False,False,True
https://x.com/ANCALERTS/status/1326764805332611073,https://twitter.com/ANCALERTS/status/1326764805332611073,1326764805332611073,Marikina residents trapped by flood call for rescue #UlyssesPH https://t.co/YBhZf7Tffi,13,0,42,0,Thu Nov 12 05:52:34 +0000 2020,0,False,False,False
https://x.com/Politiko_Ph/status/1327228130474430464,https://twitter.com/Politiko_Ph/status/1327228130474430464,1327228130474430464,"Interior Secretary Eduardo Año on Friday commended the efforts of local government units (LGUs), including Marikina City, for their disaster response preparations despite the devastation brought by Typhoon Ulysses.
#UlyssesPH
https://t.co/ybEd7TZpak",0,0,1,0,Fri Nov 13 12:33:39 +0000 2020,0,False,False,False
https://x.com/KirstenKreme/status/1327092632665821184,https://twitter.com/KirstenKreme/status/1327092632665821184,1327092632665821184,So we have to hire a person to do our laundry. And us naglinis ng bahay. Good thing naka evacuate sila sa 3rd floor at madami din pinasilong si lolo ko sa 2nd floor namin since vacant ang apartment. Hays the next 24 hours I have to go to marikina medyo may baha pa but,0,1,0,0,Fri Nov 13 03:35:14 +0000 2020,0,False,False,False
https://x.com/densiemarie/status/1326674335663157248,https://twitter.com/densiemarie/status/1326674335663157248,1326674335663157248,Hi guys! Asking your help to call MARIKINA CITY RESCUE to save our friend and his family and neighbor 'cos nasa bubong na sila sa super taas ng baha. 🙏 https://t.co/LVnNAT69lF,51,2,71,8,Wed Nov 11 23:53:04 +0000 2020,0,False,False,True
https://x.com/mincheezecake/status/1326660958324862976,https://twitter.com/mincheezecake/status/1326660958324862976,1326660958324862976,"To all my Marikina/Rizal friends, please be alert. bilis tumaas ng water level. Baha na sa labas namin, like superb taas na. huhu keepsafe!!!! and to everyone, I'm praying for our safety 💖",0,0,0,0,Wed Nov 11 22:59:55 +0000 2020,0,False,False,False
https://x.com/mochiminjoo/status/1327352713609359365,https://twitter.com/mochiminjoo/status/1327352713609359365,1327352713609359365,"@answershop nagsakit akong dughan 😭 like the media only showed parts sa Marikina, Rizal, like MNL area na naay baha. But not about the dam and what’s going on sa North 😭💔",0,0,0,0,Fri Nov 13 20:48:42 +0000 2020,0,False,False,False
https://x.com/mincheezecake/status/1326660958324862976,https://twitter.com/mincheezecake/status/1326660958324862976,1326660958324862976,"To all my Marikina/Rizal friends, please be alert. bilis tumaas ng water level. Baha na sa labas namin, like superb taas na. huhu keepsafe!!!! and to everyone, I'm praying for our safety 💖",0,0,0,0,Wed Nov 11 22:59:55 +0000 2020,0,False,False,False
https://x.com/PolitikoWatch/status/1327314032320122881,https://twitter.com/PolitikoWatch/status/1327314032320122881,1327314032320122881,"Sugod sa baha! Marcy Teodoro wades through knee-deep flood to inspect Marikina
https://t.co/N2DbpmnmCr https://t.co/zXLioPITlP",0,0,0,0,Fri Nov 13 18:15:00 +0000 2020,0,False,False,True
https://x.com/Yojmin17O/status/1326772739277991936,https://twitter.com/Yojmin17O/status/1326772739277991936,1326772739277991936,"Praying for the safety of everyone🙏
Keep safe rin sa fam mo kapz @EscioHermz sa Marikina grabe baha rin don.

REQUEST @SB19Official @MTV #FridayLivestream

SB19 WikiDay
#SB19",2,1,3,0,Thu Nov 12 06:24:05 +0000 2020,0,False,True,False
https://x.com/teuniiideer/status/1326682744315736064,https://twitter.com/teuniiideer/status/1326682744315736064,1326682744315736064,ia for this day I dunno when will I come back. Grabe ung baha dito sa Marikina stay safe sa mga filo moots ko,0,2,7,0,Thu Nov 12 00:26:29 +0000 2020,0,False,False,False
https://x.com/taehowooji/status/1326702786541572096,https://twitter.com/taehowooji/status/1326702786541572096,1326702786541572096,"#RescuePH #UlyssesPh 

Good morning! These are collective addresses and tweets I'm seeing who really need rescue. Please help. Thank you, stay safe.

•37 manhattan, jesus dela paña Provident Marikina - no food and water, 2nd floor na baha

1/n",13,1,7,1,Thu Nov 12 01:46:07 +0000 2020,0,False,False,False
https://x.com/_lovecmg/status/1327493260126785536,https://twitter.com/_lovecmg/status/1327493260126785536,1327493260126785536,"y'all r asking for the president's appearance / action on the events that's happening but have you imagined that a 75y/o is lumulusong sa baha to save people, to check people's kalagayan sa marikina &amp; cagayan? parang pinagsusuicide nyo naman 🙃",0,2,1,0,Sat Nov 14 06:07:11 +0000 2020,0,False,False,False
https://x.com/PolitikoWatch/status/1327423504103452675,https://twitter.com/PolitikoWatch/status/1327423504103452675,1327423504103452675,"Sugod sa baha! Marcy Teodoro wades through knee-deep flood to inspect Marikina
https://t.co/N2DbpmEY11 https://t.co/QguPN9TQyS",0,0,0,0,Sat Nov 14 01:30:00 +0000 2020,0,False,False,True
https://x.com/kpopmultistan4/status/1326713161806876672,https://twitter.com/kpopmultistan4/status/1326713161806876672,1326713161806876672,Parts of Rizal and Marikina grabe yung baha😖 Please stay safe everyone and asking for everyone’s prayer here for our kababayan’s safety 🙏🏻🥺,0,0,1,0,Thu Nov 12 02:27:21 +0000 2020,0,False,False,False
https://x.com/callmehoreb/status/1327399962406051840,https://twitter.com/callmehoreb/status/1327399962406051840,1327399962406051840,"Guys, honest question: What can I do to help? I can't physically go out to help in relief ops (my parents won't allow me) and wala na koy kwarta as of the moment because na donate na sa flood victims sa Manila😭 I really feel guilty for not being able to do anything 😭",0,1,5,0,Fri Nov 13 23:56:27 +0000 2020,0,False,False,False
https://x.com/ralph11ph/status/1327392380979298306,https://twitter.com/ralph11ph/status/1327392380979298306,1327392380979298306,"So much thought about the denuded mountains, but other things that should be done to manage Manila flooding is investment in anti-flood infrastracture - underground flood basin like the one under Orchard/Tokyo and clear up the flood catch basin area of the houses there.",0,0,0,0,Fri Nov 13 23:26:20 +0000 2020,0,False,False,False
https://x.com/IAm_Baneng/status/1327311805085933569,https://twitter.com/IAm_Baneng/status/1327311805085933569,1327311805085933569,"Why did he even became President? The Aquino's never cared for this country.

Flooded Filipinos pay P1.2B for flood-control project that Aquino stopped – The Manila Times https://t.co/jV2lmcaeNV",0,0,1,0,Fri Nov 13 18:06:09 +0000 2020,0,False,False,False
https://x.com/youth4climatePH/status/1327307038712422400,https://twitter.com/youth4climatePH/status/1327307038712422400,1327307038712422400,"Now, #UlyssesPH after hitting Metro Manila, Region 3 and 4A, leaves Region 2 submerged in flood!

Where are all the trending 'hashtags' from people around the globe? Solidarity? International media coverage? PLS RT
 
#ClimateActionNow #RescuePHIsabela #RESCUEPHTUGUEGARAO #Rescue",17,0,24,1,Fri Nov 13 17:47:12 +0000 2020,0,False,False,False
https://x.com/IAm_Baneng/status/1327304534134145025,https://twitter.com/IAm_Baneng/status/1327304534134145025,1327304534134145025,"Wow!!!
Flooded Filipinos pay P1.2B for flood-control project that Aquino stopped – The Manila Times https://t.co/jV2lmcaeNV",1,0,2,0,Fri Nov 13 17:37:15 +0000 2020,0,False,False,False
https://x.com/therdisapla/status/1327297106441191425,https://twitter.com/therdisapla/status/1327297106441191425,1327297106441191425,VP Leni visited affected areas in Metro Manila while still mobilizing troops to rescue Cagayanos who are also affected by flood and is constantly giving us updates. Jay commander-in-chief ayan nan? Awan latta serbi na!!!!,1,0,8,0,Fri Nov 13 17:07:44 +0000 2020,0,False,False,False
https://x.com/youth4climatePH/status/1327287403879354369,https://twitter.com/youth4climatePH/status/1327287403879354369,1327287403879354369,"PHILIPPINES needs your help!

There is no noise or media coverage happening wherein we are being ravaged by 8 typhoons in less than two months! Now, #UlyssesPH after hitting Metro Manila, Region 3 and 4A, leaves Region 2 submerged in flood!

#ClimateAction #ClimateEmergency",18,0,26,0,Fri Nov 13 16:29:11 +0000 2020,0,False,False,False
https://x.com/xinnamjeon/status/1327277991223644160,https://twitter.com/xinnamjeon/status/1327277991223644160,1327277991223644160,"As much as Metro Manila, Rizal and Quezon provinces, and Bicol region need help, Cagayan and Isabela provinces are also in need! Almost all the areas in these provinces are currently submerged in deep flood! #CagayanNeedsHelp #IsabelaNeedsHelp 
Please help if you can. https://t.co/86uWJZPEIR",12,1,9,1,Fri Nov 13 15:51:47 +0000 2020,0,False,False,True
https://x.com/VOANews/status/1327277329316515840,https://twitter.com/VOANews/status/1327277329316515840,1327277329316515840,"▶️ Manila residents began to clean up flood damage Friday after Typhoon Vamco ripped through the Philippines the day before. 

👉 Typhoon Vamco Leaves Parts of Manila Underwater 
https://t.co/0o8RiSZZOP https://t.co/0rOYXLD5u1",2,2,14,0,Fri Nov 13 15:49:09 +0000 2020,0,False,False,False
https://x.com/KrisMarcus7/status/1327262684044095488,https://twitter.com/KrisMarcus7/status/1327262684044095488,1327262684044095488,"@richardjuan The dam that provides usable water for Metro Manila is what's causing this killer flood atm. 

Some are already reported to be dead due to drowning. Some places are already submerged way beyond the roof.",0,0,0,0,Fri Nov 13 14:50:57 +0000 2020,0,False,False,False
https://x.com/DanSantos8/status/1327251678702145536,https://twitter.com/DanSantos8/status/1327251678702145536,1327251678702145536,@SugarCaffeineHI Plus a dearth of major flood control projects meant to alleviate flooding in Metro Manila.,0,0,5,0,Fri Nov 13 14:07:14 +0000 2020,0,False,False,False
https://x.com/yeoljeongkmart/status/1327247397722804225,https://twitter.com/yeoljeongkmart/status/1327247397722804225,1327247397722804225,"#ChuchayPopOnhand

Memories 2019 POB

450 pesos each, Free shipping around metro Manila. 🥰

Message me!

Portion of the proceeds will be donated to victims of the flood and #UlyssesPH https://t.co/G3cXsZpQPq",1,1,3,0,Fri Nov 13 13:50:13 +0000 2020,0,False,False,True
https://x.com/memofwd/status/1327247104457256960,https://twitter.com/memofwd/status/1327247104457256960,1327247104457256960,The aireal shot of flood in Metro MANILA Philippines right after the Storm Ulysses  https://t.co/N1EKTsdSsM  - EMILY https://t.co/ZTIP1HJFl9,0,0,0,0,Fri Nov 13 13:49:03 +0000 2020,0,False,False,False
https://x.com/yeoljeongkmart/status/1327247100636057600,https://twitter.com/yeoljeongkmart/status/1327247100636057600,1327247100636057600,"#ChuchayPopOnhand

Chimmy Back to school Bag charm

1100 pesos, Free shipping around metro Manila. 🥰

Message me!

Portion of the proceeds will be donated to victims of the flood and #UlyssesPH https://t.co/lyFiGOnBfP",1,1,3,1,Fri Nov 13 13:49:02 +0000 2020,0,False,False,True
https://x.com/yeoljeongkmart/status/1327246866702995456,https://twitter.com/yeoljeongkmart/status/1327246866702995456,1327246866702995456,"#ChuchayPopOnhand

Cooky and Tata Body Pillow 

1700 pesos each, Free shipping around metro Manila. 🥰

Message me!

Portion of the proceeds will be donated to victims of the flood and #UlyssesPH https://t.co/6kxTPgp6ck",1,1,2,1,Fri Nov 13 13:48:06 +0000 2020,0,False,False,True
https://x.com/jihawls_/status/1327234690365865984,https://twitter.com/jihawls_/status/1327234690365865984,1327234690365865984,"Guys, can you not scroll for this time! My oomf (@staynic2015) lives in manila and she's victim of the flood, she lost her home and her crops are all damages so there will be no profit! Can we help her, your extra cents will be so much helpful to her🥺here is her gcash: https://t.co/pICf08wjfZ",5,0,3,0,Fri Nov 13 12:59:43 +0000 2020,0,False,False,True
https://x.com/themaroonink/status/1327229925552635904,https://twitter.com/themaroonink/status/1327229925552635904,1327229925552635904,"It brought the worst flooding in Manila, the capital city of the Philippines, in years. The flood submerged thousands of homes in low-lying suburbs, prompting residents to climb onto rooftops waiting to be rescued. 

—
News by Keith Bragat
Layout by Clarence Arcangel",0,1,0,0,Fri Nov 13 12:40:47 +0000 2020,0,False,False,False
https://x.com/kimmbadbadon/status/1327209308262518786,https://twitter.com/kimmbadbadon/status/1327209308262518786,1327209308262518786,LOOK: Manila Water reports more barangays in the east zone affected by service interruptions. Demand for water is greater as residents clean up their homes from flood and mud. @cnnphilippines https://t.co/q3zKqoL6j8,0,0,0,0,Fri Nov 13 11:18:52 +0000 2020,0,False,False,True
https://x.com/yeoljeongkmart/status/1327201664483295232,https://twitter.com/yeoljeongkmart/status/1327201664483295232,1327201664483295232,"#ChuchayPopOnhand

1 set of 7 individual posters  + 30cans chilsung peach

2,000 pesos only. Free shipping around metro Manila. 🥰

Message me!

Portion of the proceeds will be donated to victims of the flood and #UlyssesPH https://t.co/jfFieQL42R",1,2,4,1,Fri Nov 13 10:48:29 +0000 2020,0,False,False,True
https://x.com/ilda_talk/status/1327189899431165952,https://twitter.com/ilda_talk/status/1327189899431165952,1327189899431165952,"Ha! we were saying exactly the same thing when Noynoy was in power. I don’t think the claim is entirely true with this admin though. Ph is just not ready for strong typhoons that comes every year. Besides, a lot of people choose to live in harms way. Manila is on a flood plain.",5,2,42,0,Fri Nov 13 10:01:44 +0000 2020,1,False,True,False
https://x.com/PolitikoWatch/status/1327374430654394369,https://twitter.com/PolitikoWatch/status/1327374430654394369,1327374430654394369,"Walang scary baha! Isko Moreno credits clean up drive for preventing massive flooding in Manila
https://t.co/Ezw06TTd5F https://t.co/RsXyzW7VHp",0,0,0,0,Fri Nov 13 22:15:00 +0000 2020,0,False,False,True
https://x.com/zululegacy_/status/1327527879945584640,https://twitter.com/zululegacy_/status/1327527879945584640,1327527879945584640,Cagayan has one of the largest dams in the Philippines which is the Magat Dam. It also supplies electricity in Metro Manila. They had to open gates kaya nakadagdag sa pagtaas ng baha plus we have the longest river in the Philippines which is the Cagayan River at umapaw na din po.,3,1,3,0,Sat Nov 14 08:24:45 +0000 2020,0,False,False,False
https://x.com/diyorinaaa/status/1327482721409462273,https://twitter.com/diyorinaaa/status/1327482721409462273,1327482721409462273,Cagayan Valley has one of the largest dams in the Philippines which is the Magat Dam. It also supplies electricity in Metro Manila. They had to open gates kaya nakadagdag sa pagtaas ng baha plus we have the longest river in the Philippines which is the Cagayan River at umapaw na~,1,1,0,0,Sat Nov 14 05:25:18 +0000 2020,0,False,False,False
https://x.com/intothepnks/status/1327483439591768065,https://twitter.com/intothepnks/status/1327483439591768065,1327483439591768065,Cagayan Valley (Region 2) has one of the largest dams in the Philippines which is the Magat Dam. It also supplies electricity in Metro Manila. They had to open gates kaya nakadagdag sa pagtaas ng baha plus we have the longest river in the Philippines which is the Cagayan River https://t.co/0Qm1YtopBR,2,1,1,0,Sat Nov 14 05:28:10 +0000 2020,0,False,False,True
https://x.com/jpocariz/status/1326727126536519682,https://twitter.com/jpocariz/status/1326727126536519682,1326727126536519682,"Dyos ko kung kelan baha na buong metro manila and nearby provinces. Galing! 

You should’ve done this YESTERDAY to warn everyone.",0,1,4,0,Thu Nov 12 03:22:51 +0000 2020,0,False,True,False
https://x.com/Politiko_Manila/status/1327154229199446019,https://twitter.com/Politiko_Manila/status/1327154229199446019,1327154229199446019,"Caloocan Rep. Along Malapitan was hard at work on Thursday, November 12, despite the strong rains and winds brought by Typhoon Ulysses.
https://t.co/XzNinTKxzK
#MetroManilaNews",0,0,0,0,Fri Nov 13 07:40:00 +0000 2020,0,False,False,False
https://x.com/syanmykel/status/1327425773427310592,https://twitter.com/syanmykel/status/1327425773427310592,1327425773427310592,Cagayan has one of the largest dams in the Philippines which is the Magat Dam. It also supplies electricity in Metro Manila. They had to open gates kaya nakadagdag sa pagtaas ng baha plus we have the longest river in the Philippines which is the Cagayan River at umapaw na din po.,0,1,4,0,Sat Nov 14 01:39:01 +0000 2020,0,False,False,False
https://x.com/Dan_mrvl/status/1327421980534992896,https://twitter.com/Dan_mrvl/status/1327421980534992896,1327421980534992896,Cagayan has one of the largest dams in the Philippines which is the Magat Dam. It also supplies electricity in Metro Manila. They had to open gates kaya nakadagdag sa pagtaas ng baha plus we have the longest river in the Philippines which is the Cagayan River at umapaw na din po,0,2,1,0,Sat Nov 14 01:23:57 +0000 2020,0,False,False,False
https://x.com/Yannaaa_06/status/1327459625793273856,https://twitter.com/Yannaaa_06/status/1327459625793273856,1327459625793273856,Cagayan has one of the largest dams in the Philippines which is the Magat Dam. It also supplies electricity in Metro Manila. They had to open gates kaya nakadagdag sa pagtaas ng baha plus we have the longest river in the Philippines which is the Cagayan River at umapaw na din po.,0,1,0,0,Sat Nov 14 03:53:32 +0000 2020,0,False,False,False
https://x.com/maeumihana/status/1327486453442461696,https://twitter.com/maeumihana/status/1327486453442461696,1327486453442461696,Cagayan has one of the largest dams in the Philippines-the Magat Dam. It also supplies electricity in Metro Manila. They had to open gates kaya nakadagdag sa pagtaas ng baha plus we have the longest river in the Philippines which is the Cagayan River at umapaw na din po++,1,1,2,0,Sat Nov 14 05:40:08 +0000 2020,0,False,False,False
https://x.com/taekooholic/status/1327452536324845570,https://twitter.com/taekooholic/status/1327452536324845570,1327452536324845570,Cagayan has one of the largest dams in the Philippines which is the Magat Dam. It also supplies electricity in Metro Manila.They had to open gates kaya nakadagdag sa pagtaas ng baha plus we have the longest river in the Philippines which is the Cagayan River at umapaw na din po++,0,0,1,0,Sat Nov 14 03:25:22 +0000 2020,0,False,False,False
https://x.com/cher_kriing19/status/1327464388706516992,https://twitter.com/cher_kriing19/status/1327464388706516992,1327464388706516992,"Please Share 

Cagayan has one of the largest dams in the Philippines which is the Magat Dam. It also supplies electricity in Metro Manila. They had to open gates kaya nakadagdag sa pagtaas ng baha plus we have the longest river in the Philippines which is the",1,1,0,0,Sat Nov 14 04:12:28 +0000 2020,0,False,False,False
https://x.com/ENMOAOT12/status/1326609012368965632,https://twitter.com/ENMOAOT12/status/1326609012368965632,1326609012368965632,seeing ondoy trend scares the shit out of me. I was 5 that time nya shitttt ang baha nisud nas balay dae and like bisag naa ka suds balay hantod hawak ang baha. we were living dapit a creek sauna sa manila  and like grabe kataas ang water?!,0,2,0,0,Wed Nov 11 19:33:30 +0000 2020,0,False,False,False
https://x.com/dannazepam/status/1327435491818438656,https://twitter.com/dannazepam/status/1327435491818438656,1327435491818438656,Cagayan Valley (Region 2) has one of the largest dams in the Philippines which is the Magat Dam. It also supplies electricity in Metro Manila. They had to open gates kaya nakadagdag sa pagtaas ng baha plus we have the longest river in the Philippines which is the Cagayan River,2,1,0,0,Sat Nov 14 02:17:38 +0000 2020,0,False,False,False
https://x.com/_msladylove_JF/status/1327480455931654144,https://twitter.com/_msladylove_JF/status/1327480455931654144,1327480455931654144,"Cagayan has one of the largest dams in the Philippines which is the Magat Dam.
It also supplies electricity in Metro Manila.
They had to open gates kaya nakadagdag sa pagtaas ng baha plus we have the longest river in the Philippines which is the Cagayan River at umapaw na din po. https://t.co/SCNIiuwA5x",0,1,0,0,Sat Nov 14 05:16:18 +0000 2020,0,False,False,True
https://x.com/khun_soon/status/1327070731281154049,https://twitter.com/khun_soon/status/1327070731281154049,1327070731281154049,"or ""Hindi naman namin sinasabi na mapipigilan ng Presidente yunga baha"" so what are you doing right now? Youre blaming the President. Youre blaming him because he can't help you because the budget of the government was being fund to the Manila Bay dolomite sand project.",0,1,1,0,Fri Nov 13 02:08:12 +0000 2020,0,False,False,False
https://x.com/marvincadapan/status/1327493195043799040,https://twitter.com/marvincadapan/status/1327493195043799040,1327493195043799040,Cagayan has one of the largest dams in the Philippines which is the Magat Dam. It also supplies electricity in Metro Manila. They had to open gates kaya nakadagdag sa pagtaas ng baha plus we have the longest river in the Philippines which is the Cagayan River at umapaw na din po.,0,2,0,0,Sat Nov 14 06:06:55 +0000 2020,0,False,False,False
https://x.com/cllyydeee/status/1326739297391632386,https://twitter.com/cllyydeee/status/1326739297391632386,1326739297391632386,"If only the flood and waterways projects of marcos were continued back then, hindi sana ganon kataas ang baha sa greater manila area🤧",0,1,0,0,Thu Nov 12 04:11:12 +0000 2020,0,False,False,False
https://x.com/YourYonan/status/1327420685367459841,https://twitter.com/YourYonan/status/1327420685367459841,1327420685367459841,Cagayan has one of the largest dams in the Philippines which is the Magat Dam. It also supplies electricity in Metro Manila. They had to open gates kaya nakadagdag sa pagtaas ng baha plus we have the longest river in the Philippines which is the Cagayan River at umapaw na din po.,0,1,0,0,Sat Nov 14 01:18:48 +0000 2020,0,False,False,False
https://x.com/Dimple74105557/status/1327510191751958528,https://twitter.com/Dimple74105557/status/1327510191751958528,1327510191751958528,Cagayan has one of the largest dams in the Philippines which is the Magat Dam. Its also supplies electricity in metro manila. They had to open gates kaya nadagdagan ang pagtaas ng baha plus we have the longest river in the Philippines which is the Cagayan River na umapaw na rin..,0,2,0,0,Sat Nov 14 07:14:28 +0000 2020,0,False,False,False
https://x.com/ajlooop/status/1327497980627144705,https://twitter.com/ajlooop/status/1327497980627144705,1327497980627144705,"As much as I love residing in marikina, we will be moving out. I cannot live with constant fear of my house being submerged in flood every time it rains.",0,0,0,0,Sat Nov 14 06:25:56 +0000 2020,0,False,False,False
https://x.com/ps_asky/status/1327495947903926273,https://twitter.com/ps_asky/status/1327495947903926273,1327495947903926273,"Just passed by Marikina near where the river overflowed

It was a comfort to see how the main roads are almost cleared and some shops are already opened and there’s almost no trace of flood! Bangon talaga agad!",0,0,0,0,Sat Nov 14 06:17:52 +0000 2020,0,False,False,False
https://x.com/bakuatsukiyu/status/1327495600292589568,https://twitter.com/bakuatsukiyu/status/1327495600292589568,1327495600292589568,"Oh no not another life update
So my house in marikina got hit pretty badly by the flood, a lot of stuff is gone but everyone seems to be ok which is all that matters
Idk about damages yet but that's something to think about later
Hope everyone else is alright!",0,2,33,0,Sat Nov 14 06:16:29 +0000 2020,0,False,False,False
https://x.com/Arline88337999/status/1327490939762274304,https://twitter.com/Arline88337999/status/1327490939762274304,1327490939762274304,"@krungy21 @krungy21 We just want you to know that Philippines needs your (or other kpop artists) help now😭 Cagayan, Marikina and any other places are suffering with flood right now. The people even the animals are crying for your help💔😭 We are asking a little help from you @krungy21",0,0,1,0,Sat Nov 14 05:57:58 +0000 2020,0,False,False,False
https://x.com/Jonathanbadon/status/1327490902961442816,https://twitter.com/Jonathanbadon/status/1327490902961442816,1327490902961442816,"ANNOUNCEMENT:    BY REQUEST online live streaming is cancelled today due to aftermath of typhoon Ulysses.  Parts of Marikina, Cainta and Rizal  submerged by flood water after heavy rains dumped by typhoon Ulysses
PHITOS: Aftermath of typhoon to our house in Green Park Village. https://t.co/UzKAo6WL9d",1,1,1,0,Sat Nov 14 05:57:49 +0000 2020,0,False,False,True
https://x.com/patcgonz/status/1327489344974716930,https://twitter.com/patcgonz/status/1327489344974716930,1327489344974716930,"@Hondaphil please for your kind assistance, my car was submerged in flood water in our garage, how do we claim for the insurance. We purchased from Honda Cars Marikina last Oct.2017 under name Patricia Gonzales but unfortunately Marikina branch was already closed.",0,0,0,0,Sat Nov 14 05:51:38 +0000 2020,0,False,False,False
https://x.com/swooflrt/status/1327485392447102977,https://twitter.com/swooflrt/status/1327485392447102977,1327485392447102977,"THIS ISN’T CAGAYAN ! it’s the statue of marikit in marikina ! i know this because we live here, yes few days ago that happened here we’re safe now but many families lost their houses from the flood pls donate if u can ! thank you !",5,0,9,1,Sat Nov 14 05:35:55 +0000 2020,0,False,True,False
https://x.com/squishy_agustd/status/1327483524903968768,https://twitter.com/squishy_agustd/status/1327483524903968768,1327483524903968768,"Rough translation
Scammer: I have a family in Marikina and they were very affected by the flood. I'm just a student and don't even have money for load. I hope you can help me, I just want to contact them but i can't even buy load from the store because its too far away. I hope +",0,1,0,0,Sat Nov 14 05:28:30 +0000 2020,0,False,False,False
https://x.com/paulinearadaxyz/status/1327482535819964416,https://twitter.com/paulinearadaxyz/status/1327482535819964416,1327482535819964416,"Gah I don't wanna open my 💻. It has databases of people who were affected by:

Visayas 2013 Supertyphoon
Marawi City 2016 Siege
Benguet 2018 earthquake
Cotabato 2019 armed conflict
Taal Eruption 2020
Marikina 2020 Flooding
Brgy. __, QC 2019 Flood, Fire 
Cagayan 2020 Flooding",0,0,0,0,Sat Nov 14 05:24:34 +0000 2020,0,False,False,False
https://x.com/ABSCBNNews/status/1327465027138293760,https://twitter.com/ABSCBNNews/status/1327465027138293760,1327465027138293760,Marikina mayor appeals for aid for flood-hit residents https://t.co/2vV5cUg8wK,43,2,122,2,Sat Nov 14 04:15:00 +0000 2020,0,False,False,False
https://x.com/ANCALERTS/status/1327465027117457408,https://twitter.com/ANCALERTS/status/1327465027117457408,1327465027117457408,Marikina mayor appeals for aid for flood-hit residents https://t.co/pwRPsDDHqL,7,0,22,0,Sat Nov 14 04:15:00 +0000 2020,0,False,False,False
https://x.com/kyungXkamssy/status/1327464568184991744,https://twitter.com/kyungXkamssy/status/1327464568184991744,1327464568184991744,"Guys do you want raffle for a cause fpr Victims of Flood in Marikina, Albay, Cagayan and other parts?",1,0,0,0,Sat Nov 14 04:13:10 +0000 2020,0,False,False,False
https://x.com/paulleeeaptc/status/1327459436059738114,https://twitter.com/paulleeeaptc/status/1327459436059738114,1327459436059738114,"Typhoon Ulysses hit Manila, Philippines, two days ago and the nearby Marikina River overflowed by a flood. The water almost entered the living room at my house. My family temporarily evacuated the house because of a power outage and water supply cut. Please pray for restorations. https://t.co/OO13vtQ5mx",0,0,0,0,Sat Nov 14 03:52:47 +0000 2020,0,False,False,True
https://x.com/kkyulture/status/1327458851029827585,https://twitter.com/kkyulture/status/1327458851029827585,1327458851029827585,"this is not in cagayan, this is the maria quina statue in marikina, the last reported flood water level in cagayan is 15 ft. deep and that is 11 hours ago.

sharing informations is vv helpful, but please check before posting.",0,1,4,0,Sat Nov 14 03:50:27 +0000 2020,1,False,True,False
https://x.com/xMelidas/status/1327456878209626114,https://twitter.com/xMelidas/status/1327456878209626114,1327456878209626114,"Sending all of my love to my everyone in my hometown of Marikina, including a lot of my family, where they're suffering through a flood directly after 2 typhoons. Stay safe",0,0,0,0,Sat Nov 14 03:42:37 +0000 2020,0,False,False,False
https://x.com/parkbihon/status/1327455351193550850,https://twitter.com/parkbihon/status/1327455351193550850,1327455351193550850,"All of these proceeds will all be sent to the victims in Marikina &amp; Cagayan flood. Thank you to everyone who trusted us and gave a token of kindness, we appreciate it a lot!! we'll be posting proofs to make assure you that your helps are going in the right way. ❤️ https://t.co/OklPRIyGPL",17,1,16,0,Sat Nov 14 03:36:33 +0000 2020,0,False,False,True
https://x.com/playerkenma/status/1327452937929441282,https://twitter.com/playerkenma/status/1327452937929441282,1327452937929441282,"pls do check the pics and information first before reposting huhu some old pictures are in circulation again (ondoy and marikina flood) to avoid misinformation but nonetheless, let's spread awareness for what is happening huhuhuhuhu hindi ko na ata kaya this government shit",0,0,0,0,Sat Nov 14 03:26:57 +0000 2020,0,False,False,False
https://x.com/luvvsick/status/1327448015552925696,https://twitter.com/luvvsick/status/1327448015552925696,1327448015552925696,@fairytaez yes :(( im from marikina and the flood literally swallowed houses,0,4,33,0,Sat Nov 14 03:07:24 +0000 2020,0,False,False,False
https://x.com/rapplerdotcom/status/1327430637872160768,https://twitter.com/rapplerdotcom/status/1327430637872160768,1327430637872160768,"To escape the flood from Typhoon Ulysses, a family in Provident Village, Marikina decides to climb onto their roof. It is not as simple as they imagine. #UlyssesPH  https://t.co/r3y1Oy4O7q",9,0,38,1,Sat Nov 14 01:58:21 +0000 2020,0,False,False,False
https://x.com/MovePH/status/1327426620278394880,https://twitter.com/MovePH/status/1327426620278394880,1327426620278394880,"To escape the flood from Typhoon Ulysses, a family in Provident Village, Marikina decides to climb onto their roof. It is not as simple as they imagine. #UlyssesPH  https://t.co/vOXeC1V4iq",2,0,8,0,Sat Nov 14 01:42:23 +0000 2020,0,False,False,False
https://x.com/angie13385654/status/1327450138499944448,https://twitter.com/angie13385654/status/1327450138499944448,1327450138499944448,@vicegandako Cagayan has one of the largest dams in the Philippines which is the Magat Dam. It also supplies electricity in Metro Manila. They had to open gates kaya nakadagdag sa pagtaas ng baha plus we have the longest river in the Philippines which is the Cagayan River at umapaw na din po.,0,0,0,0,Sat Nov 14 03:15:50 +0000 2020,0,False,False,False
https://x.com/thatskye_/status/1327449212171157504,https://twitter.com/thatskye_/status/1327449212171157504,1327449212171157504,Cagayan has one of the largest dams in the Philippines which is the Magat Dam. It also supplies electricity in Metro Manila. They had to open gates kaya nakadagdag sa pagtaas ng baha plus we have the longest river in the Philippines which is the Cagayan River at umapaw na din po.,0,1,0,0,Sat Nov 14 03:12:09 +0000 2020,0,False,False,False
https://x.com/dazzy_patotie/status/1327448836210528262,https://twitter.com/dazzy_patotie/status/1327448836210528262,1327448836210528262,Cagayan Valley has one of the largest dams in the Philippines which is the Magat Dam. It also supplies electricity in Metro Manila. They had to open gates kaya nakadagdag sa pagtaas ng baha plus we have the longest river in the Philippines which is the Cagayan River at umapaw na,0,1,0,0,Sat Nov 14 03:10:40 +0000 2020,0,False,False,False
https://x.com/bbyjngwn/status/1327447113572118530,https://twitter.com/bbyjngwn/status/1327447113572118530,1327447113572118530,Cagayan has one of the largest dams in the Philippines which is the Magat Dam. It also supplies electricity in Metro Manila. They had to open gates kaya nakadagdag sa pagtaas ng baha plus we have the longest river in the Philippines which is the Cagayan River at umapaw na din po.,2,1,4,0,Sat Nov 14 03:03:49 +0000 2020,0,False,False,False
https://x.com/jeonghanx_x/status/1327447034106834944,https://twitter.com/jeonghanx_x/status/1327447034106834944,1327447034106834944,Cagayan has one of the largest dams in the Philippines which is the Magat Dam. It also supplies electricity in Metro Manila. They had to open gates kaya nakadagdag sa pagtaas ng baha plus we have the longest river in the Philippines which is the Cagayan River at umapaw na din po+,0,1,0,0,Sat Nov 14 03:03:30 +0000 2020,0,False,False,False
https://x.com/imforyoo/status/1327446904800624641,https://twitter.com/imforyoo/status/1327446904800624641,1327446904800624641,Cagayan Valley has one of the largest dams in the Philippines which is the Magat Dam. It also supplies electricity in Metro Manila. They had to open gates kaya nakadagdag sa pagtaas ng baha plus we have the longest river in the Philippines which is the Cagayan River at umapaw na,1,1,1,0,Sat Nov 14 03:02:59 +0000 2020,0,False,False,False
https://x.com/Mayannhoran1/status/1327445858724429827,https://twitter.com/Mayannhoran1/status/1327445858724429827,1327445858724429827,Cagayan has one of the largest dams in the Philippines which is the Magat Dam. It also supplies electricity in Metro Manila. They had to open gates kaya nakadagdag sa pagtaas ng baha plus we have the longest river in the Philippines which is the Cagayan River at umapaw na din po.,0,0,0,0,Sat Nov 14 02:58:50 +0000 2020,0,False,False,False
https://x.com/KatierenK/status/1327445839174766592,https://twitter.com/KatierenK/status/1327445839174766592,1327445839174766592,Cagayan has one of the largest dams in the Philippines which is the Magat Dam. It also supplies electricity in Metro Manila. They had to open gates kaya nakadagdag sa pagtaas ng baha plus we have the longest river in the Philippines which is the Cagayan River at umapaw na din po.,0,1,0,0,Sat Nov 14 02:58:45 +0000 2020,0,False,False,False
https://x.com/miahrtwllgoon/status/1327445621159063552,https://twitter.com/miahrtwllgoon/status/1327445621159063552,1327445621159063552,Cagayan and Isabela has one of the largest dams in the Philippines which is the Magat Dam. It also supplies electricity in Metro Manila. They had to open gates kaya nakadagdag sa pagtaas ng baha plus we have the longest river in the Philippines which is the ++,0,1,1,0,Sat Nov 14 02:57:53 +0000 2020,0,False,False,False
https://x.com/pikachueeee/status/1327443078173446144,https://twitter.com/pikachueeee/status/1327443078173446144,1327443078173446144,Cagayan has one of the largest dams in the Philippines which is the Magat Dam. It also supplies electricity in Metro Manila. They had to open gates kaya nakadagdag sa pagtaas ng baha plus we have the longest river in the Philippines which is the Cagayan River at umapaw na din po.,0,0,0,0,Sat Nov 14 02:47:47 +0000 2020,0,False,False,False
https://x.com/_jww__/status/1327438657775538176,https://twitter.com/_jww__/status/1327438657775538176,1327438657775538176,Cagayan has one of the largest dams in the Philippines which is the Magat Dam. It also supplies electricity in Metro Manila. They had to open gates kaya nakadagdag sa pagtaas ng baha plus we have the longest river in the Philippines which is the Cagayan River at umapaw na din po.,0,1,0,0,Sat Nov 14 02:30:13 +0000 2020,0,False,False,False
https://x.com/stelldaks0939/status/1327436816992006144,https://twitter.com/stelldaks0939/status/1327436816992006144,1327436816992006144,"[CTTO]

Cagayan has one of the largest dams in the Philippines which is the Magat Dam. It also supplies electricity in Metro Manila. They had to open gates kaya nakadagdag sa pagtaas ng baha plus we have the longest river in the Philippines which is the Cagayan River at umapaw +",0,0,0,0,Sat Nov 14 02:22:54 +0000 2020,0,False,False,False
https://x.com/HAROLDNR_/status/1327436780623208449,https://twitter.com/HAROLDNR_/status/1327436780623208449,1327436780623208449,Cagayan has one of the largest dams in the Philippines which is the Magat Dam. It also supplies electricity in Metro Manila. They had to open gates kaya nakadagdag sa pagtaas ng baha plus we have the longest river in the Philippines which is the Cagayan River at umapaw na din po+,1,1,1,0,Sat Nov 14 02:22:45 +0000 2020,0,False,False,False
https://x.com/dannazepam/status/1327435491818438656,https://twitter.com/dannazepam/status/1327435491818438656,1327435491818438656,Cagayan Valley (Region 2) has one of the largest dams in the Philippines which is the Magat Dam. It also supplies electricity in Metro Manila. They had to open gates kaya nakadagdag sa pagtaas ng baha plus we have the longest river in the Philippines which is the Cagayan River,2,1,0,0,Sat Nov 14 02:17:38 +0000 2020,0,False,False,False
https://x.com/perthqqe/status/1327434680971399168,https://twitter.com/perthqqe/status/1327434680971399168,1327434680971399168,"hello guys im from Isabela 

Cagayan has one of the largest dams in the Philippines which is the Magat Dam. It also supplies electricity in Metro Manila. They had to open gates kaya nakadagdag sa pagtaas ng baha plus we have the longest river in the +",5,1,4,2,Sat Nov 14 02:14:25 +0000 2020,0,False,False,False
https://x.com/babebolu/status/1327433010778497026,https://twitter.com/babebolu/status/1327433010778497026,1327433010778497026,Cagayan has one of the largest dams in the Philippines which is the Magat Dam. It also supplies electricity in Metro Manila. They had to open gates kaya nakadagdag sa pagtaas ng baha plus we have the longest river in the Philippines which is the Cagayan River at umapaw na din po.,0,1,0,0,Sat Nov 14 02:07:46 +0000 2020,0,False,False,False
https://x.com/chideign_1810/status/1327432948522446848,https://twitter.com/chideign_1810/status/1327432948522446848,1327432948522446848,Cagayan has one of the largest dams in the Philippines which is the Magat Dam. It mainly supplies electricity in Metro Manila. They had to open gates kaya nakadagdag sa napakalaking pagtaas ng baha plus we have the longest river in the Philippines which is the Cagayan River,0,1,0,1,Sat Nov 14 02:07:32 +0000 2020,0,False,False,False
https://x.com/seoliriko/status/1327432867949932545,https://twitter.com/seoliriko/status/1327432867949932545,1327432867949932545,"[CTTO]

Cagayan has one of the largest dams in the Philippines which is the Magat Dam. It also supplies electricity in Metro Manila. They had to open gates kaya nakadagdag sa pagtaas ng baha plus we have the longest river in the Philippines which is the Cagayan River at umapaw +",1,1,0,0,Sat Nov 14 02:07:12 +0000 2020,0,False,False,False
https://x.com/EspantasticEya/status/1327432465598750720,https://twitter.com/EspantasticEya/status/1327432465598750720,1327432465598750720,"[CTTO]

Cagayan has one of the largest dams in the Philippines which is the Magat Dam. It also supplies electricity in Metro Manila. They had to open gates kaya nakadagdag sa pagtaas ng baha plus we have the longest river in the Philippines which is the Cagayan River at umapaw +",197,2,129,7,Sat Nov 14 02:05:36 +0000 2020,3,False,False,False
https://x.com/jkyjhs/status/1327428320946839554,https://twitter.com/jkyjhs/status/1327428320946839554,1327428320946839554,"Cagayan Valley, has one of the largest dams in the Philippines which is the Magat Dam. It also supplies electricity in Metro Manila. They had to open gates kaya nakadagdag sa pagtaas ng baha plus we have the longest river in the Philippines which is the Cagayan River at ++",0,1,0,0,Sat Nov 14 01:49:08 +0000 2020,0,False,False,False
https://x.com/BeckIquin/status/1327494306941202434,https://twitter.com/BeckIquin/status/1327494306941202434,1327494306941202434,Cagayan Valley has one of the largest dams in the Philippines which is the Magat Dam. It also supplies electricity in Metro Manila. They had to open gates kaya nakadagdag sa pagtaas ng baha plus we have the longest river in the Philippines which is the Cagayan River at umapaw na.,0,0,2,0,Sat Nov 14 06:11:21 +0000 2020,0,False,False,False
https://x.com/marvincadapan/status/1327493195043799040,https://twitter.com/marvincadapan/status/1327493195043799040,1327493195043799040,Cagayan has one of the largest dams in the Philippines which is the Magat Dam. It also supplies electricity in Metro Manila. They had to open gates kaya nakadagdag sa pagtaas ng baha plus we have the longest river in the Philippines which is the Cagayan River at umapaw na din po.,0,2,0,0,Sat Nov 14 06:06:55 +0000 2020,0,False,False,False
https://x.com/minstradamusuga/status/1327488688658415621,https://twitter.com/minstradamusuga/status/1327488688658415621,1327488688658415621,Cagayan has one of the largest dams in the Philippines which is the Magat Dam. It also supplies electricity in Metro Manila. They had to open gates kaya nakadagdag sa pagtaas ng baha plus we have the longest river in the Philippines which is the Cagayan River at umapaw na din po.,2,2,6,0,Sat Nov 14 05:49:01 +0000 2020,0,False,False,False
https://x.com/jenerous4w/status/1327488244871618560,https://twitter.com/jenerous4w/status/1327488244871618560,1327488244871618560,Cagayan has one of the largest dams in the Philippines which is the Magat Dam. It also supplies electricity in Metro Manila. They had to open gates kaya nakadagdag sa pagtaas ng baha plus we have the longest river in the Philippines which is the Cagayan River at umapaw na din po.,0,1,1,0,Sat Nov 14 05:47:15 +0000 2020,0,False,False,False
https://x.com/noturcupofty/status/1327487944148492290,https://twitter.com/noturcupofty/status/1327487944148492290,1327487944148492290,Cagayan Valley (Region 2) has one of the largest dams in the Philippines which is the Magat Dam. It also supplies electricity in Metro Manila. They had to open gates kaya nakadagdag sa pagtaas ng baha plus we have the longest river in the Philippines which is the Cagayan River at,4,1,2,1,Sat Nov 14 05:46:04 +0000 2020,0,False,False,False
https://x.com/maeumihana/status/1327486453442461696,https://twitter.com/maeumihana/status/1327486453442461696,1327486453442461696,Cagayan has one of the largest dams in the Philippines-the Magat Dam. It also supplies electricity in Metro Manila. They had to open gates kaya nakadagdag sa pagtaas ng baha plus we have the longest river in the Philippines which is the Cagayan River at umapaw na din po++,1,1,2,0,Sat Nov 14 05:40:08 +0000 2020,0,False,False,False
https://x.com/kyuishy_soo/status/1327485893930754048,https://twitter.com/kyuishy_soo/status/1327485893930754048,1327485893930754048,Cagayan has one of the largest dams in the Philippines which is the Magat Dam. It also supplies electricity in Metro Manila. They had to open gates kaya nakadagdag sa pagtaas ng baha plus we have the longest river in the Philippines which is the Cagayan River at umapaw na din po,23,1,36,0,Sat Nov 14 05:37:55 +0000 2020,1,False,False,False
https://x.com/winterchild2kim/status/1327483470113767424,https://twitter.com/winterchild2kim/status/1327483470113767424,1327483470113767424,Cagayan has one of the largest dams in the Philippines which is the Magat Dam. It also supplies electricity in Metro Manila. They had to open gates kaya nakadagdag sa pagtaas ng baha plus we have the longest river in the Philippines which is the Cagayan River at umapaw na din po.,1,1,1,0,Sat Nov 14 05:28:17 +0000 2020,1,False,False,False
https://x.com/intothepnks/status/1327483439591768065,https://twitter.com/intothepnks/status/1327483439591768065,1327483439591768065,Cagayan Valley (Region 2) has one of the largest dams in the Philippines which is the Magat Dam. It also supplies electricity in Metro Manila. They had to open gates kaya nakadagdag sa pagtaas ng baha plus we have the longest river in the Philippines which is the Cagayan River https://t.co/0Qm1YtopBR,2,1,1,0,Sat Nov 14 05:28:10 +0000 2020,0,False,False,True
https://x.com/diyorinaaa/status/1327482721409462273,https://twitter.com/diyorinaaa/status/1327482721409462273,1327482721409462273,Cagayan Valley has one of the largest dams in the Philippines which is the Magat Dam. It also supplies electricity in Metro Manila. They had to open gates kaya nakadagdag sa pagtaas ng baha plus we have the longest river in the Philippines which is the Cagayan River at umapaw na~,1,1,0,0,Sat Nov 14 05:25:18 +0000 2020,0,False,False,False
https://x.com/_msladylove_JF/status/1327480455931654144,https://twitter.com/_msladylove_JF/status/1327480455931654144,1327480455931654144,"Cagayan has one of the largest dams in the Philippines which is the Magat Dam.
It also supplies electricity in Metro Manila.
They had to open gates kaya nakadagdag sa pagtaas ng baha plus we have the longest river in the Philippines which is the Cagayan River at umapaw na din po. https://t.co/SCNIiuwA5x",0,1,0,0,Sat Nov 14 05:16:18 +0000 2020,0,False,False,True
https://x.com/TattooMoSaLikod/status/1327480294421590017,https://twitter.com/TattooMoSaLikod/status/1327480294421590017,1327480294421590017,Cagayan has one of the largest dams in the Philippines which is the Magat Dam. It also supplies electricity in Metro Manila. They had to open gates kaya nakadagdag sa pagtaas ng baha plus we have the longest river in the Philippines which is the Cagayan River at umapaw na din po.,0,1,0,0,Sat Nov 14 05:15:40 +0000 2020,0,False,False,False
https://x.com/frugal_kath/status/1327479962333454337,https://twitter.com/frugal_kath/status/1327479962333454337,1327479962333454337,Cagayan has one of the largest dams in the Philippines which is the Magat Dam. It also supplies electricity in Metro Manila. They had to open gates kaya nakadagdag sa pagtaas ng baha plus we have the longest river in the Philippines which is the Cagayan River at umapaw na din po,0,0,0,0,Sat Nov 14 05:14:21 +0000 2020,0,False,False,False
https://x.com/ggukjun_/status/1327478402400481280,https://twitter.com/ggukjun_/status/1327478402400481280,1327478402400481280,Cagayan has one of the largest dams in the Philippines which is the Magat Dam. It also supplies electricity in Metro Manila. They had to open gates kaya nakadagdag sa pagtaas ng baha plus we have the longest river in the Philippines which is the Cagayan River at umapaw na din po.,16,1,19,0,Sat Nov 14 05:08:09 +0000 2020,1,False,False,False
https://x.com/dalesevcxo/status/1327476113493225472,https://twitter.com/dalesevcxo/status/1327476113493225472,1327476113493225472,Cagayan Valley (Region 2) has one of the largest dams in the Philippines which is the Magat Dam. It also supplies electricity in Metro Manila. They had to open gates kaya nakadagdag sa pagtaas ng baha plus we have the longest river in the Philippines which is the Cagayan River,1,1,1,0,Sat Nov 14 04:59:03 +0000 2020,0,False,False,False
https://x.com/DalingayMary/status/1327473318987927552,https://twitter.com/DalingayMary/status/1327473318987927552,1327473318987927552,Cagayan has one of the largest dams in the Philippines which is the Magat Dam. It also supplies electricity in Metro Manila. They had to open gates kaya nakadagdag sa pagtaas ng baha plus we have the longest river in the Philippines which is the Cagayan River at umapaw na din po.,0,1,0,0,Sat Nov 14 04:47:57 +0000 2020,0,False,False,False
https://x.com/_itskat080808/status/1327473132739776514,https://twitter.com/_itskat080808/status/1327473132739776514,1327473132739776514,Cagayan has one of the largest dams in the Philippines which is the Magat Dam. It also supplies electricity in Metro Manila. They had to open gates kaya nakadagdag sa pagtaas ng baha plus they have the longest river in the Philippines w/c is the Cagayan River at umapaw na din po,0,1,0,0,Sat Nov 14 04:47:12 +0000 2020,0,False,False,False
https://x.com/_twisaaaaamae/status/1327472496732356608,https://twitter.com/_twisaaaaamae/status/1327472496732356608,1327472496732356608,Cagayan has one of the largest dams in the Philippines which is the Magat Dam. It also supplies electricity in Metro Manila. They had to open gates kaya nakadagdag sa pagtaas ng baha plus we have the longest river in the Philippines which is the Cagayan River at umapaw na din po.,0,0,3,0,Sat Nov 14 04:44:41 +0000 2020,0,False,False,False
https://x.com/omarswille/status/1327471435435020288,https://twitter.com/omarswille/status/1327471435435020288,1327471435435020288,Cagayan has one of the largest dams in the Philippines which is the Magat Dam. It also supplies electricity in Metro Manila. They had to open gates kaya nakadagdag sa pagtaas ng baha plus we have the longest river in the Philippines which is the Cagayan River at umapaw na din po+,25,1,21,0,Sat Nov 14 04:40:28 +0000 2020,0,False,False,False
https://x.com/arrianna_jeon/status/1327469764675923968,https://twitter.com/arrianna_jeon/status/1327469764675923968,1327469764675923968,Cagayan has one of the largest dams in the Philippines which is the Magat Dam. It also supplies electricity in Metro Manila. They had to open gates kaya nakadagdag sa pagtaas ng baha plus we have the longest river in the Philippines which is the Cagayan River at umapaw na din po.,0,0,0,0,Sat Nov 14 04:33:49 +0000 2020,0,False,False,False
https://x.com/PolitikoWatch/status/1327314032320122881,https://twitter.com/PolitikoWatch/status/1327314032320122881,1327314032320122881,"Sugod sa baha! Marcy Teodoro wades through knee-deep flood to inspect Marikina
https://t.co/N2DbpmnmCr https://t.co/zXLioPITlP",0,0,0,0,Fri Nov 13 18:15:00 +0000 2020,0,False,False,True
https://x.com/frugal_kath/status/1327479962333454337,https://twitter.com/frugal_kath/status/1327479962333454337,1327479962333454337,Cagayan has one of the largest dams in the Philippines which is the Magat Dam. It also supplies electricity in Metro Manila. They had to open gates kaya nakadagdag sa pagtaas ng baha plus we have the longest river in the Philippines which is the Cagayan River at umapaw na din po,0,0,0,0,Sat Nov 14 05:14:21 +0000 2020,0,False,False,False
https://x.com/jenerous4w/status/1327488244871618560,https://twitter.com/jenerous4w/status/1327488244871618560,1327488244871618560,Cagayan has one of the largest dams in the Philippines which is the Magat Dam. It also supplies electricity in Metro Manila. They had to open gates kaya nakadagdag sa pagtaas ng baha plus we have the longest river in the Philippines which is the Cagayan River at umapaw na din po.,0,1,1,0,Sat Nov 14 05:47:15 +0000 2020,0,False,False,False
https://x.com/YourYonan/status/1327420685367459841,https://twitter.com/YourYonan/status/1327420685367459841,1327420685367459841,Cagayan has one of the largest dams in the Philippines which is the Magat Dam. It also supplies electricity in Metro Manila. They had to open gates kaya nakadagdag sa pagtaas ng baha plus we have the longest river in the Philippines which is the Cagayan River at umapaw na din po.,0,1,0,0,Sat Nov 14 01:18:48 +0000 2020,0,False,False,False
https://x.com/ManaligodLuisa/status/1327503428570910720,https://twitter.com/ManaligodLuisa/status/1327503428570910720,1327503428570910720,Cagayan Valley (Region 2) has one of the largest dams in the Philippines which is the Magat Dam. It also supplies electricity in Metro Manila. They had to open gates kaya nakadagdag sa pagtaas ng baha plus we have the longest river in the Philippines which is the Cagayan River++,0,1,1,0,Sat Nov 14 06:47:35 +0000 2020,0,False,False,False
https://x.com/_isharlene/status/1327511020051447808,https://twitter.com/_isharlene/status/1327511020051447808,1327511020051447808,Cagayan Valley has one of the largest dams in the Philippines which is the Magat Dam. It also supplies electricity in Metro Manila. They had to open gates kaya nakadagdag sa pagtaas ng baha plus we have the longest river in the Philippines which is the Cagayan River at umapaw na,0,1,0,0,Sat Nov 14 07:17:45 +0000 2020,0,False,False,False
https://x.com/Dan_mrvl/status/1327421980534992896,https://twitter.com/Dan_mrvl/status/1327421980534992896,1327421980534992896,Cagayan has one of the largest dams in the Philippines which is the Magat Dam. It also supplies electricity in Metro Manila. They had to open gates kaya nakadagdag sa pagtaas ng baha plus we have the longest river in the Philippines which is the Cagayan River at umapaw na din po,0,2,1,0,Sat Nov 14 01:23:57 +0000 2020,0,False,False,False
https://x.com/chideign_1810/status/1327432948522446848,https://twitter.com/chideign_1810/status/1327432948522446848,1327432948522446848,Cagayan has one of the largest dams in the Philippines which is the Magat Dam. It mainly supplies electricity in Metro Manila. They had to open gates kaya nakadagdag sa napakalaking pagtaas ng baha plus we have the longest river in the Philippines which is the Cagayan River,0,1,0,1,Sat Nov 14 02:07:32 +0000 2020,0,False,False,False
https://x.com/vanieeetiii/status/1326807285285318656,https://twitter.com/vanieeetiii/status/1326807285285318656,1326807285285318656,humupa na ang pagulan dito samen. wasnt really prepared for uly. hu'd have thought. ingat sa baha mga friends around manila and rizal.,0,0,0,0,Thu Nov 12 08:41:22 +0000 2020,0,False,False,False
https://x.com/Kateeeeeyyyyy/status/1327400776763801600,https://twitter.com/Kateeeeeyyyyy/status/1327400776763801600,1327400776763801600,Cagayan has one of the largest dams in the Philippines which is the Magat Dam. It also supplies electricity in Metro Manila. They had to open gates kaya nakadagdag sa pagtaas ng baha plus we have the longest river in the Philippines which is the Cagayan River at umapaw na din po.,6,1,7,0,Fri Nov 13 23:59:41 +0000 2020,0,False,False,False
https://x.com/Politiko_Manila/status/1327037608174649344,https://twitter.com/Politiko_Manila/status/1327037608174649344,1327037608174649344,"Caloocan Rep. Along Malapitan was hard at work on Thursday, November 12, despite the strong rains and winds brought by Typhoon Ulysses.
https://t.co/XzNinU28ri
#MetroManilaNews
#caloocan 
#TyphoonUlysses https://t.co/Ca9Q3q61f5",0,0,0,0,Thu Nov 12 23:56:35 +0000 2020,0,False,False,True
https://x.com/ENMOAOT12/status/1326609012368965632,https://twitter.com/ENMOAOT12/status/1326609012368965632,1326609012368965632,seeing ondoy trend scares the shit out of me. I was 5 that time nya shitttt ang baha nisud nas balay dae and like bisag naa ka suds balay hantod hawak ang baha. we were living dapit a creek sauna sa manila  and like grabe kataas ang water?!,0,2,0,0,Wed Nov 11 19:33:30 +0000 2020,0,False,False,False
https://x.com/goodgirlnotme/status/1327452769364578306,https://twitter.com/goodgirlnotme/status/1327452769364578306,1327452769364578306,Cagayan has one of the largest dams in the Philippines which is the Magat Dam. It also supplies electricity in Metro Manila. They had to open gates kaya nakadagdag sa pagtaas ng baha plus we have the longest river in the Philippines which is the Cagayan River at umapaw na din po.,0,1,0,0,Sat Nov 14 03:26:17 +0000 2020,0,False,False,False
https://x.com/perthqqe/status/1327434680971399168,https://twitter.com/perthqqe/status/1327434680971399168,1327434680971399168,"hello guys im from Isabela 

Cagayan has one of the largest dams in the Philippines which is the Magat Dam. It also supplies electricity in Metro Manila. They had to open gates kaya nakadagdag sa pagtaas ng baha plus we have the longest river in the +",5,1,4,2,Sat Nov 14 02:14:25 +0000 2020,0,False,False,False
https://x.com/fearlessDB__/status/1327452509359669249,https://twitter.com/fearlessDB__/status/1327452509359669249,1327452509359669249,"Praying for my beloved hometown🙏❤️

Cagayan Valley,has one of the largest dams in the Philippines which is the Magat Dam. It also supplies electricity in Metro Manila. They had to open gates kaya nakadagdag sa pagtaas ng baha plus we have the longest river in the Philippines",9,1,10,3,Sat Nov 14 03:25:15 +0000 2020,0,False,False,False
https://x.com/pikachueeee/status/1327443078173446144,https://twitter.com/pikachueeee/status/1327443078173446144,1327443078173446144,Cagayan has one of the largest dams in the Philippines which is the Magat Dam. It also supplies electricity in Metro Manila. They had to open gates kaya nakadagdag sa pagtaas ng baha plus we have the longest river in the Philippines which is the Cagayan River at umapaw na din po.,0,0,0,0,Sat Nov 14 02:47:47 +0000 2020,0,False,False,False
https://x.com/KatierenK/status/1327445839174766592,https://twitter.com/KatierenK/status/1327445839174766592,1327445839174766592,Cagayan has one of the largest dams in the Philippines which is the Magat Dam. It also supplies electricity in Metro Manila. They had to open gates kaya nakadagdag sa pagtaas ng baha plus we have the longest river in the Philippines which is the Cagayan River at umapaw na din po.,0,1,0,0,Sat Nov 14 02:58:45 +0000 2020,0,False,False,False
https://x.com/JeaNett56639316/status/1327417829696520192,https://twitter.com/JeaNett56639316/status/1327417829696520192,1327417829696520192,Cagayan has one of the largest dams in the Philippines which is the Magat Dam. It also supplies electricity in Metro Manila. They had to open gates kaya nakadagdag sa pagtaas ng baha plus we have the longest river in the Philippines which is the Cagayan River at umapaw na din po.,0,0,0,0,Sat Nov 14 01:07:27 +0000 2020,0,False,False,False
https://x.com/yhannieleigh/status/1327580335358447616,https://twitter.com/yhannieleigh/status/1327580335358447616,1327580335358447616,Cagayan has one of the largest dams in the Philippines which is the Magat Dam. It also supplies electricity in Metro Manila. They had to open gates kaya nakadagdag sa pagtaas ng baha plus we have the longest river in the Philippines which is the Cagayan River at umapaw na din po.,0,1,0,0,Sat Nov 14 11:53:11 +0000 2020,0,False,False,False
https://x.com/heyitsapriljane/status/1326754412325318656,https://twitter.com/heyitsapriljane/status/1326754412325318656,1326754412325318656,Project Noah could have saved so many lives and properties at times like this. Pero what did they do? Cut the project due to lack of funds? Kasi ano? Kasi di araw-araw may baha pero araw-araw daw makikita dolomite sa Manila Bay kaya dun nalang. NAKAKAGALIT!,0,0,0,0,Thu Nov 12 05:11:16 +0000 2020,0,False,True,False
https://x.com/seoliriko/status/1327432867949932545,https://twitter.com/seoliriko/status/1327432867949932545,1327432867949932545,"[CTTO]

Cagayan has one of the largest dams in the Philippines which is the Magat Dam. It also supplies electricity in Metro Manila. They had to open gates kaya nakadagdag sa pagtaas ng baha plus we have the longest river in the Philippines which is the Cagayan River at umapaw +",1,1,0,0,Sat Nov 14 02:07:12 +0000 2020,0,False,False,False
https://x.com/Ross7_Bangtan/status/1326750849805246465,https://twitter.com/Ross7_Bangtan/status/1326750849805246465,1326750849805246465,@aguirrechsk We can’t travel now baha sa Marcos Highway going to Marikina 🥺,0,1,0,0,Thu Nov 12 04:57:07 +0000 2020,0,False,False,False
https://x.com/gabbybirth/status/1326744453202112512,https://twitter.com/gabbybirth/status/1326744453202112512,1326744453202112512,"@Joseph_Morong @gmanews So baha na yan mr. Senator?..please look into the plight of the Filipinos submerged in floodwaters..Have you seen Marikina, San Mateo and other areas? Dun po ang totoong lubog sa baha..",0,1,14,0,Thu Nov 12 04:31:42 +0000 2020,0,False,False,False
https://x.com/manilabulletin/status/1326461417076109312,https://twitter.com/manilabulletin/status/1326461417076109312,1326461417076109312,"LOOK: Flood from Sea and river waters in Barangay Pajo, Virac, Catanduanes had turned the road unpassable due to typhoon #UlyssesPH. | via Jinky Tabor https://t.co/bldbXtvs5v",2,0,7,1,Wed Nov 11 09:47:00 +0000 2020,0,False,False,True
https://x.com/manilabulletin/status/1326386671504519169,https://twitter.com/manilabulletin/status/1326386671504519169,1326386671504519169,"Danao vows to flood Metro Manila streets of cops as he takes over NCRPO helm
https://t.co/fTDf20Fdyz",1,2,9,3,Wed Nov 11 04:50:00 +0000 2020,0,False,False,False
https://x.com/manilabulletin/status/1326763270544429056,https://twitter.com/manilabulletin/status/1326763270544429056,1326763270544429056,Waist-deep flood reported in Marcos Highway https://t.co/E5UAMJ7Tzv,2,0,1,0,Thu Nov 12 05:46:28 +0000 2020,0,False,False,False
https://x.com/W0lverineupdate/status/1326928431662026753,https://twitter.com/W0lverineupdate/status/1326928431662026753,1326928431662026753,"#TyphoonVamco :- Two dogs one sits on a vehicle &amp; One on roof submerged in flood in #Marikina City, Metro Manila, #Philippines, after #TyphoonVamco caused floods. 

#flood #dogs #Manila https://t.co/G6qZ0WiFVX",0,2,3,0,Thu Nov 12 16:42:45 +0000 2020,0,False,False,True
https://x.com/ABSCBNNews/status/1327085023472668674,https://twitter.com/ABSCBNNews/status/1327085023472668674,1327085023472668674,"Typhoon #UlyssesPH's heavy rains triggered memories of Tropical Storm Ondoy which struck Metro Manila with heavy rainfall and severe flooding more than a decade ago.

READ: https://t.co/p2Tn8tR4qv https://t.co/GdBtaWz6st",4,0,35,3,Fri Nov 13 03:05:00 +0000 2020,1,False,False,True
https://x.com/PhilstarNews/status/1326715473510105090,https://twitter.com/PhilstarNews/status/1326715473510105090,1326715473510105090,"Flood situation along Taft Avenue, Manila Thursday morning. Not all areas are passable. 

Typhoon #UlyssesPH has dumped heavy rains across Luzon causing widespread floods.

🎥@ladypinkrodrigo

More live updates here: https://t.co/UL33ILKDT3 https://t.co/kKc43dXrWo",14,0,31,5,Thu Nov 12 02:36:32 +0000 2020,0,False,False,False
https://x.com/PhilstarNews/status/1326362319874502658,https://twitter.com/PhilstarNews/status/1326362319874502658,1326362319874502658,"""This is now one of our marching orders: let us flood the streets of Metro Manila with policemen in order to ensure the safety and security of our constituents.""

https://t.co/dExR2QiBfw",3,0,2,2,Wed Nov 11 03:13:14 +0000 2020,0,False,False,False
https://x.com/mongster/status/1326748417649909760,https://twitter.com/mongster/status/1326748417649909760,1326748417649909760,"The uneven state of connectivity &amp;huge digital gap would render Mega Manila flood victims more visible even if many in rural Bicol are still reeling from the destructive impact of typhoons Rolly, Tonyo &amp; #UlyssesPH. Role of natl govt more crucial than ever in directing relief ops",5,0,13,0,Thu Nov 12 04:47:27 +0000 2020,0,False,False,False
https://x.com/PeninsulaQatar/status/1326760384179523584,https://twitter.com/PeninsulaQatar/status/1326760384179523584,1326760384179523584,"Torrential rains from #TyphoonVamco lashed provinces in the #Philippines' main #Luzon island on Thursday, killing at least one person and paralysing parts of the capital #Manila as some residents awaited rescue by boat due to rising #flood waters

https://t.co/PE5irGjeYn",0,0,3,0,Thu Nov 12 05:35:00 +0000 2020,0,False,False,False
https://x.com/newswatchplusph/status/1327102296669388800,https://twitter.com/newswatchplusph/status/1327102296669388800,1327102296669388800,@daninakpil Palafox says there is already a master plan for flood control in Metro Manila: The bad news is matatapos 2035 pa ata.,0,1,4,0,Fri Nov 13 04:13:38 +0000 2020,0,False,False,False
https://x.com/feat_hopezzn/status/1326375753894621184,https://twitter.com/feat_hopezzn/status/1326375753894621184,1326375753894621184,"yo filo moots pls be safe,, metro manila is in signal no 3 and i heard some provinces has been experiencing heavy rain and flood :(",0,0,0,0,Wed Nov 11 04:06:37 +0000 2020,0,False,False,False
https://x.com/manilabulletin/status/1326724554031419394,https://twitter.com/manilabulletin/status/1326724554031419394,1326724554031419394,"One of the flooded areas in Muntinlupa due to typhoon #UlyssesPH is the Multiland 2 Subdivision in Bgy. Putatan, according to resident Cris Elvena. The city gov't ordered the evacuation of residents in coastal &amp; flood-prone areas (📷: C. Elvena) | via @Jonah_writer https://t.co/0TM2ts44s5",14,0,38,3,Thu Nov 12 03:12:37 +0000 2020,0,False,False,True
https://x.com/xinnamjeon/status/1327277991223644160,https://twitter.com/xinnamjeon/status/1327277991223644160,1327277991223644160,"As much as Metro Manila, Rizal and Quezon provinces, and Bicol region need help, Cagayan and Isabela provinces are also in need! Almost all the areas in these provinces are currently submerged in deep flood! #CagayanNeedsHelp #IsabelaNeedsHelp 
Please help if you can. https://t.co/86uWJZPEIR",12,1,9,1,Fri Nov 13 15:51:47 +0000 2020,0,False,False,True
https://x.com/newswatchplusph/status/1327138641093795841,https://twitter.com/newswatchplusph/status/1327138641093795841,1327138641093795841,LOOK: Manila Water reports more barangays in the east zone affected by service interruptions. Demand for water is greater as residents clean up their homes from flood and mud. | @meltlopez https://t.co/wW8yYSiz9n,8,0,23,2,Fri Nov 13 06:38:03 +0000 2020,0,False,False,True
https://x.com/WhenInManila/status/1327245426483859459,https://twitter.com/WhenInManila/status/1327245426483859459,1327245426483859459,"A helpful guide for car owners

https://t.co/XjdQ4MtgsC",0,0,2,0,Fri Nov 13 13:42:23 +0000 2020,0,False,False,False
https://x.com/imrenzorenz/status/1327424251389906944,https://twitter.com/imrenzorenz/status/1327424251389906944,1327424251389906944,according to COA flooding in metro manila could have been minimized or prevented kung na complete ang flood control project sa MMDA last 2018-2019. Ms. Passed away? san ka?,0,1,4,0,Sat Nov 14 01:32:58 +0000 2020,0,False,False,False
https://x.com/Neningningfev20/status/1327109642938445825,https://twitter.com/Neningningfev20/status/1327109642938445825,1327109642938445825,"Babe, I'm watching the news back home.. omg.. my heart goes out to all my kababayans who are being affected by typhoon ulysses..the flood in big parts of metro manila area is quite devastating.. the water level reached the 2nd floors of houses.. a lot of people were trapped on",0,1,0,0,Fri Nov 13 04:42:50 +0000 2020,0,False,False,False
https://x.com/gmcortez_/status/1327442531810906113,https://twitter.com/gmcortez_/status/1327442531810906113,1327442531810906113,Family in Isabela is safe. Mom also has been here with me in Manila since before the Quarantine. But it's such a nightmare knowing many up there are experiencing this horrible flood. So many people died 😣,1,1,6,0,Sat Nov 14 02:45:36 +0000 2020,0,False,False,False
https://x.com/julienealega/status/1326718390715604993,https://twitter.com/julienealega/status/1326718390715604993,1326718390715604993,"""Under the Duterte administration’s Build, Build, Build initiative, the government is rolling out a number of big-ticket infrastructure projects for flood control and mitigation.” 

How's the flooding in Metro Manila so far? Touché.

https://t.co/dmwkRYel9B",0,0,0,0,Thu Nov 12 02:48:08 +0000 2020,0,False,False,False
https://x.com/janielevs/status/1326760832722743297,https://twitter.com/janielevs/status/1326760832722743297,1326760832722743297,"I had experienced flood that submerged half our house back then when I was still living in Manila. 

Imagine those living in rural areas that not all houses are concrete. 
Please  Stay Safe, Warm and Evacuate when needed ❤️ https://t.co/hLCOgmHyEv",0,0,0,0,Thu Nov 12 05:36:47 +0000 2020,0,False,False,True
https://x.com/BeeJassy/status/1326686851311181825,https://twitter.com/BeeJassy/status/1326686851311181825,1326686851311181825,"Stay safe, Marikina friends. Just got news na Ondoy levels na baha. 🥺",0,2,2,0,Thu Nov 12 00:42:48 +0000 2020,0,False,False,False
https://x.com/PawieSharpei/status/1327187423101550592,https://twitter.com/PawieSharpei/status/1327187423101550592,1327187423101550592,"But because the 🎗stopped flood mitigation projects and sat on their hands without preparing for one. Now you want instant relief?
We’re done with 🎗showbiz government wherein imperial manila is always the star, saviour, and provider. Enough of this elitist thinking.",0,1,1,0,Fri Nov 13 09:51:54 +0000 2020,0,False,False,False
https://x.com/daisukijeu/status/1327183700711202816,https://twitter.com/daisukijeu/status/1327183700711202816,1327183700711202816,@Im_Give We're okay 🥺 we travelled back to Manila because my family have electricity and water here. It's already sunny and we didn't experience flood thankfully,0,1,2,0,Fri Nov 13 09:37:06 +0000 2020,0,False,False,False
https://x.com/tropicalcamel/status/1327153753494056963,https://twitter.com/tropicalcamel/status/1327153753494056963,1327153753494056963,@smnlcnn I forgot which other typhoon had us crossing Taft in front of Manila City Hall in waist deep flood water using plastic bags &amp; umbrellas to shield our laptop bags from the rain. Had to walk in single file to make sure we don't fall into open canals. Rats &amp; shit floating by.,0,0,2,0,Fri Nov 13 07:38:06 +0000 2020,0,False,False,False
https://x.com/justklanlouise/status/1327151486292402177,https://twitter.com/justklanlouise/status/1327151486292402177,1327151486292402177,"keep safe to all the #Earpers in manila who hit badly by the flood.. 

#EarpersPH #EarperSupport #WynonnaEarp #FightforWynonna",0,0,0,0,Fri Nov 13 07:29:06 +0000 2020,0,False,False,False
https://x.com/tatancast/status/1327150481190301697,https://twitter.com/tatancast/status/1327150481190301697,1327150481190301697,@_yyyyyyyyyyy_ bec flood water exit is only through Manggahan Floodway to Pasig River then Manila Bay.,0,1,0,0,Fri Nov 13 07:25:06 +0000 2020,0,False,False,False
https://x.com/newswatchplusph/status/1327138641093795841,https://twitter.com/newswatchplusph/status/1327138641093795841,1327138641093795841,LOOK: Manila Water reports more barangays in the east zone affected by service interruptions. Demand for water is greater as residents clean up their homes from flood and mud. | @meltlopez https://t.co/wW8yYSiz9n,8,0,23,2,Fri Nov 13 06:38:03 +0000 2020,0,False,False,True
https://x.com/c_bibi/status/1327130096013021185,https://twitter.com/c_bibi/status/1327130096013021185,1327130096013021185,"Today's biggest irony: #UlyssessPH dumped so much water on Metro Manila. Flood levels exceeded #OndoyPH &amp; dams have let out water to prevent an overflow. AND YET, there's no water flowing from our taps! I don't get it. So what if the water turbidity is high? @mwssro",0,0,0,0,Fri Nov 13 06:04:06 +0000 2020,0,False,False,False
https://x.com/_supremo_sg/status/1327123789012938753,https://twitter.com/_supremo_sg/status/1327123789012938753,1327123789012938753,"Thank you PNoy!
 
Aquino’s Laguna Lake flood-control project to replace Arroyo’s never took off – The Manila Times https://t.co/Mr8CpRks6r",0,1,2,1,Fri Nov 13 05:39:02 +0000 2020,0,False,False,False
https://x.com/BusinessMirror/status/1327115977012645888,https://twitter.com/BusinessMirror/status/1327115977012645888,1327115977012645888,"Hundreds of families fled from flood-prone and low-lying areas in the province on Wednesday, as Typhoon Ulysses made its exit over Zambales after wreaking havoc in Southern Luzon and parts of Metro Manila last Wednesday.

https://t.co/9Cpg4JajIV",0,0,0,0,Fri Nov 13 05:08:00 +0000 2020,0,False,False,False
https://x.com/Neningningfev20/status/1327109642938445825,https://twitter.com/Neningningfev20/status/1327109642938445825,1327109642938445825,"Babe, I'm watching the news back home.. omg.. my heart goes out to all my kababayans who are being affected by typhoon ulysses..the flood in big parts of metro manila area is quite devastating.. the water level reached the 2nd floors of houses.. a lot of people were trapped on",0,1,0,0,Fri Nov 13 04:42:50 +0000 2020,0,False,False,False
https://x.com/BothanPhl/status/1327102994270150657,https://twitter.com/BothanPhl/status/1327102994270150657,1327102994270150657,The government should issue bonds to raise money for such projects. This is something @MMDA @DILGPhilippines @NEDAhq @_karlchua and Meto Manila LGUs could collaborate to get some work to address our long due efficient flood control system in place. https://t.co/pIIqnRhnrL,0,1,1,0,Fri Nov 13 04:16:24 +0000 2020,0,False,False,True
https://x.com/newswatchplusph/status/1327102296669388800,https://twitter.com/newswatchplusph/status/1327102296669388800,1327102296669388800,@daninakpil Palafox says there is already a master plan for flood control in Metro Manila: The bad news is matatapos 2035 pa ata.,0,1,4,0,Fri Nov 13 04:13:38 +0000 2020,0,False,False,False
https://x.com/IAm_Baneng/status/1327096759311507456,https://twitter.com/IAm_Baneng/status/1327096759311507456,1327096759311507456,"Wow!!!
Flooded Filipinos pay P1.2B for flood-control project that Aquino stopped – The Manila Times https://t.co/jV2lmcaeNV",0,0,2,0,Fri Nov 13 03:51:38 +0000 2020,0,False,False,False
https://x.com/NST_Online/status/1327093677575917570,https://twitter.com/NST_Online/status/1327093677575917570,1327093677575917570,"#NSTregion The Department of Energy reported 13 power generation facilities in the Luzon grid, which accounts for 4,231.8 megawatts (MW), were adversely affected by the typhoon.

#TyphoonVamco #Manila #Luzon #Weather #Flood 

https://t.co/YUHReyZphw",0,0,1,0,Fri Nov 13 03:39:23 +0000 2020,0,False,False,False
https://x.com/wildtheim/status/1327090680347299840,https://twitter.com/wildtheim/status/1327090680347299840,1327090680347299840,"Don't wait for the Metro Manila Flood Control Master Plan to be finished by 2035.

""In the meantime, what do we do? So we have to do adoptive architecture and adoptive engineering."" - Arch. Jun Palafo, a member of the 1976 Flood Control Plan.

Watch video! https://t.co/xV8uXqhvis",0,0,5,0,Fri Nov 13 03:27:29 +0000 2020,0,False,False,False
https://x.com/wondokye_/status/1327086074716319746,https://twitter.com/wondokye_/status/1327086074716319746,1327086074716319746,PLSSSS if you know someone in Manila that is stranded from the flood PLSSS let them drop their locations!! since EMERGENCY HOT LINES ARE NOT ANSWERING for them to be rescued,0,0,0,0,Fri Nov 13 03:09:10 +0000 2020,0,False,False,False
https://x.com/1stylemomsi/status/1327073831383547904,https://twitter.com/1stylemomsi/status/1327073831383547904,1327073831383547904,Hello Metro Manila luckily you've been spared for a huge typhoon damages so unlike the Bicol Region. Many things need to be done para maging flood free ang Metro Manila.,3,0,6,0,Fri Nov 13 02:20:31 +0000 2020,0,False,True,False
https://x.com/ilda_talk/status/1327064115630665729,https://twitter.com/ilda_talk/status/1327064115630665729,1327064115630665729,"There is really not much that can be done. Much of Metro Manila is on flood plains. Manila is even in the mouth of the Pasig River. It shouldn’t have been overdeveloped the way it is now. Worse, there is no efficient storm drain system when the city was developed. #UllyssesPH",26,14,160,2,Fri Nov 13 01:41:55 +0000 2020,1,False,False,False
https://x.com/brekkieloo/status/1327057702439198720,https://twitter.com/brekkieloo/status/1327057702439198720,1327057702439198720,With the aftermath of #UlyssesPH we demand updates on the Metro Manila Flood Control Master Plan. Baka pwede mafast track po @risahontiveros,0,0,2,0,Fri Nov 13 01:16:26 +0000 2020,0,False,False,False
https://x.com/bluebluerskies/status/1327044946231222273,https://twitter.com/bluebluerskies/status/1327044946231222273,1327044946231222273,"@Pradsi4 @TingCruz1 Marcos projects were renamed, or not continued from 1986... Yes, the Manila-Laguna flood control project's last phase was not finished in 1986.. The floodwaters from Marikina were to be diverted to Laguna de Bay and then to be diverted to Manila Bay... https://t.co/P4P6FV6ubK",0,0,0,0,Fri Nov 13 00:25:45 +0000 2020,0,False,False,False
https://x.com/jelay_kaoriii/status/1327425936384397314,https://twitter.com/jelay_kaoriii/status/1327425936384397314,1327425936384397314,Cagayan has one of the largest dams in the Philippines which is the Magat Dam. It also supplies electricity in Metro Manila. They had to open gates kaya nakadagdag sa pagtaas ng baha plus we have the longest river in the Philippines which is the Cagayan River at umapaw na din po,4,1,1,0,Sat Nov 14 01:39:40 +0000 2020,0,False,False,False
https://x.com/syanmykel/status/1327425773427310592,https://twitter.com/syanmykel/status/1327425773427310592,1327425773427310592,Cagayan has one of the largest dams in the Philippines which is the Magat Dam. It also supplies electricity in Metro Manila. They had to open gates kaya nakadagdag sa pagtaas ng baha plus we have the longest river in the Philippines which is the Cagayan River at umapaw na din po.,0,1,4,0,Sat Nov 14 01:39:01 +0000 2020,0,False,False,False
https://x.com/kwonieshua/status/1327424785303814144,https://twitter.com/kwonieshua/status/1327424785303814144,1327424785303814144,Cagayan has one of the largest dams in the Philippines which is the Magat Dam. It also supplies electricity in Metro Manila. They had to open gates kaya nakadagdag sa pagtaas ng baha plus we have the longest river in the Philippines which is the Cagayan River at umapaw na din po.,0,1,0,0,Sat Nov 14 01:35:05 +0000 2020,0,False,False,False
https://x.com/Dan_mrvl/status/1327421980534992896,https://twitter.com/Dan_mrvl/status/1327421980534992896,1327421980534992896,Cagayan has one of the largest dams in the Philippines which is the Magat Dam. It also supplies electricity in Metro Manila. They had to open gates kaya nakadagdag sa pagtaas ng baha plus we have the longest river in the Philippines which is the Cagayan River at umapaw na din po,0,2,1,0,Sat Nov 14 01:23:57 +0000 2020,0,False,False,False
https://x.com/queen2mh/status/1327420772122390528,https://twitter.com/queen2mh/status/1327420772122390528,1327420772122390528,Cagayan has one of the largest dams in the Philippines which is the Magat Dam. It also supplies electricity in Metro Manila. They had to open gates kaya nakadagdag sa pagtaas ng baha plus we have the longest river in the Philippines which is the Cagayan River at umapaw na din po.,169,1,213,8,Sat Nov 14 01:19:09 +0000 2020,3,False,False,False
https://x.com/YourYonan/status/1327420685367459841,https://twitter.com/YourYonan/status/1327420685367459841,1327420685367459841,Cagayan has one of the largest dams in the Philippines which is the Magat Dam. It also supplies electricity in Metro Manila. They had to open gates kaya nakadagdag sa pagtaas ng baha plus we have the longest river in the Philippines which is the Cagayan River at umapaw na din po.,0,1,0,0,Sat Nov 14 01:18:48 +0000 2020,0,False,False,False
https://x.com/JeaNett56639316/status/1327417829696520192,https://twitter.com/JeaNett56639316/status/1327417829696520192,1327417829696520192,Cagayan has one of the largest dams in the Philippines which is the Magat Dam. It also supplies electricity in Metro Manila. They had to open gates kaya nakadagdag sa pagtaas ng baha plus we have the longest river in the Philippines which is the Cagayan River at umapaw na din po.,0,0,0,0,Sat Nov 14 01:07:27 +0000 2020,0,False,False,False
https://x.com/reniellaluvs/status/1327416368841428992,https://twitter.com/reniellaluvs/status/1327416368841428992,1327416368841428992,Cagayan has one of the largest dams in the Philippines which is the Magat Dam. It also supplies electricity in Metro Manila. They had to open gates kaya nakadagdag sa pagtaas ng baha plus we have the longest river in the Philippines which is the Cagayan River at umapaw na din po+,0,1,2,0,Sat Nov 14 01:01:39 +0000 2020,0,False,False,False
https://x.com/XReichP/status/1327415018590113792,https://twitter.com/XReichP/status/1327415018590113792,1327415018590113792,"@taytwnttpm @KoigoesB November 7, 2013 Yolanda hit Leyte with much worse death count, remember that! And a 24 hr delay #OUSTDUTERTENOW na agad wtf pawoke kids? Baha din sa capital cites ng Manila (where the relief and equipments are). Of course there's gonna be a delay.",0,4,1,4,Sat Nov 14 00:56:17 +0000 2020,0,False,False,False
https://x.com/quinnxie1/status/1327414622010318849,https://twitter.com/quinnxie1/status/1327414622010318849,1327414622010318849,Cagayan has one of the largest dams in the Philippines which is the Magat Dam. It also supplies electricity in Metro Manila. They had to open gates kaya nakadagdag sa pagtaas ng baha plus we have the longest river in the Philippines which is the Cagayan River at umapaw na din po.,0,0,0,0,Sat Nov 14 00:54:42 +0000 2020,0,False,False,False
https://x.com/XReichP/status/1327411144718368769,https://twitter.com/XReichP/status/1327411144718368769,1327411144718368769,@taytwnttpm @KoigoesB Remember baha din sa capital cities ng Manila (which probably is where the relief goods and equipments are). Posting your anger on Twitter (if you really think it matters lol) won't get you nowhere.,0,0,1,0,Sat Nov 14 00:40:53 +0000 2020,0,False,False,False
https://x.com/Kateeeeeyyyyy/status/1327400776763801600,https://twitter.com/Kateeeeeyyyyy/status/1327400776763801600,1327400776763801600,Cagayan has one of the largest dams in the Philippines which is the Magat Dam. It also supplies electricity in Metro Manila. They had to open gates kaya nakadagdag sa pagtaas ng baha plus we have the longest river in the Philippines which is the Cagayan River at umapaw na din po.,6,1,7,0,Fri Nov 13 23:59:41 +0000 2020,0,False,False,False
https://x.com/twt_aps/status/1327347902537031681,https://twitter.com/twt_aps/status/1327347902537031681,1327347902537031681,"Just how quarrying is in rizal. All those rock, sand and gravel used in the construction of buildings in manila. Sarap tumira sa condo no? Di kayo abot ng baha",0,0,0,0,Fri Nov 13 20:29:35 +0000 2020,0,False,True,False
https://x.com/hochimm/status/1327150317138546688,https://twitter.com/hochimm/status/1327150317138546688,1327150317138546688,"kanina habang nag liligpit ng mga gamit na nabasa ng baha, i sudden imagine how would i feel when i got the chance in future to attend @pledis_17's concert here in Manila.🥺 i almost forgot how bad this day for us and bruh i'll make sure that it wont exist only in my imagination.",0,1,0,0,Fri Nov 13 07:24:27 +0000 2020,1,False,False,False
https://x.com/khun_soon/status/1327070731281154049,https://twitter.com/khun_soon/status/1327070731281154049,1327070731281154049,"or ""Hindi naman namin sinasabi na mapipigilan ng Presidente yunga baha"" so what are you doing right now? Youre blaming the President. Youre blaming him because he can't help you because the budget of the government was being fund to the Manila Bay dolomite sand project.",0,1,1,0,Fri Nov 13 02:08:12 +0000 2020,0,False,False,False
https://x.com/cllyydeee/status/1326739297391632386,https://twitter.com/cllyydeee/status/1326739297391632386,1326739297391632386,"If only the flood and waterways projects of marcos were continued back then, hindi sana ganon kataas ang baha sa greater manila area🤧",0,1,0,0,Thu Nov 12 04:11:12 +0000 2020,0,False,False,False
https://x.com/Machiav84715204/status/1326707932562509825,https://twitter.com/Machiav84715204/status/1326707932562509825,1326707932562509825,"@ABSCBNNews @JeromeLantin Metro Manila is almost submerged in water, in fact a lot of places are sovrang baha, and here you are focusing your report on the dolomite sands? Whoa! Talaga ABS, consistent nga kayo!",0,0,0,1,Thu Nov 12 02:06:34 +0000 2020,0,False,False,False
https://x.com/LeighVillegas/status/1326705236514205696,https://twitter.com/LeighVillegas/status/1326705236514205696,1326705236514205696,"I'm happy I'm not in Manila right now, but my anxiety is through the roof for my family dahil wala ako dun to see what is happening. As far as I know, my sister is stranded in her office, and our helper is alone in the house trying to keep the baha out by herself.",0,1,0,0,Thu Nov 12 01:55:52 +0000 2020,0,False,False,False
https://x.com/johatnyan/status/1326684338134478848,https://twitter.com/johatnyan/status/1326684338134478848,1326684338134478848,"Sudden rest day. Mataas na daw baha sa Manila, couldn't go to work. Ingat everyone 🌧 https://t.co/w0CAeMZSGh",1,5,45,0,Thu Nov 12 00:32:49 +0000 2020,0,False,False,True
https://x.com/ENMOAOT12/status/1326609012368965632,https://twitter.com/ENMOAOT12/status/1326609012368965632,1326609012368965632,seeing ondoy trend scares the shit out of me. I was 5 that time nya shitttt ang baha nisud nas balay dae and like bisag naa ka suds balay hantod hawak ang baha. we were living dapit a creek sauna sa manila  and like grabe kataas ang water?!,0,2,0,0,Wed Nov 11 19:33:30 +0000 2020,0,False,False,False
https://x.com/frugal_kath/status/1327479962333454337,https://twitter.com/frugal_kath/status/1327479962333454337,1327479962333454337,Cagayan has one of the largest dams in the Philippines which is the Magat Dam. It also supplies electricity in Metro Manila. They had to open gates kaya nakadagdag sa pagtaas ng baha plus we have the longest river in the Philippines which is the Cagayan River at umapaw na din po,0,0,0,0,Sat Nov 14 05:14:21 +0000 2020,0,False,False,False
https://x.com/ManaligodLuisa/status/1327503428570910720,https://twitter.com/ManaligodLuisa/status/1327503428570910720,1327503428570910720,Cagayan Valley (Region 2) has one of the largest dams in the Philippines which is the Magat Dam. It also supplies electricity in Metro Manila. They had to open gates kaya nakadagdag sa pagtaas ng baha plus we have the longest river in the Philippines which is the Cagayan River++,0,1,1,0,Sat Nov 14 06:47:35 +0000 2020,0,False,False,False
https://x.com/betchay_TM/status/1327558284769783810,https://twitter.com/betchay_TM/status/1327558284769783810,1327558284769783810,Cagayan has one of the largest dams in the Philippines which is the Magat Dam. It also supplies electricity in Metro Manila. They had to open gates kaya nakadagdag sa pagtaas ng baha plus we have the longest river in the Philippines which is the Cagayan River at umapaw na din po.,0,1,1,0,Sat Nov 14 10:25:34 +0000 2020,0,False,False,False
https://x.com/goodgirlnotme/status/1327452769364578306,https://twitter.com/goodgirlnotme/status/1327452769364578306,1327452769364578306,Cagayan has one of the largest dams in the Philippines which is the Magat Dam. It also supplies electricity in Metro Manila. They had to open gates kaya nakadagdag sa pagtaas ng baha plus we have the longest river in the Philippines which is the Cagayan River at umapaw na din po.,0,1,0,0,Sat Nov 14 03:26:17 +0000 2020,0,False,False,False
https://x.com/Blackpinkfever1/status/1327591688672485376,https://twitter.com/Blackpinkfever1/status/1327591688672485376,1327591688672485376,"Repost...
Cagayan has one of the largest dams in the Philippines which is the Magat Dam. It also supplies electricity in Metro Manila. They had to open gates kaya nakadagdag sa pagtaas ng baha plus we have the longest river in the Philippines which is the Cagayan River at umapaw",0,1,0,0,Sat Nov 14 12:38:18 +0000 2020,0,False,False,False
https://x.com/Kateeeeeyyyyy/status/1327400776763801600,https://twitter.com/Kateeeeeyyyyy/status/1327400776763801600,1327400776763801600,Cagayan has one of the largest dams in the Philippines which is the Magat Dam. It also supplies electricity in Metro Manila. They had to open gates kaya nakadagdag sa pagtaas ng baha plus we have the longest river in the Philippines which is the Cagayan River at umapaw na din po.,6,1,7,0,Fri Nov 13 23:59:41 +0000 2020,0,False,False,False
https://x.com/jenerous4w/status/1327488244871618560,https://twitter.com/jenerous4w/status/1327488244871618560,1327488244871618560,Cagayan has one of the largest dams in the Philippines which is the Magat Dam. It also supplies electricity in Metro Manila. They had to open gates kaya nakadagdag sa pagtaas ng baha plus we have the longest river in the Philippines which is the Cagayan River at umapaw na din po.,0,1,1,0,Sat Nov 14 05:47:15 +0000 2020,0,False,False,False
https://x.com/pikachueeee/status/1327443078173446144,https://twitter.com/pikachueeee/status/1327443078173446144,1327443078173446144,Cagayan has one of the largest dams in the Philippines which is the Magat Dam. It also supplies electricity in Metro Manila. They had to open gates kaya nakadagdag sa pagtaas ng baha plus we have the longest river in the Philippines which is the Cagayan River at umapaw na din po.,0,0,0,0,Sat Nov 14 02:47:47 +0000 2020,0,False,False,False
https://x.com/Politiko_Manila/status/1327037608174649344,https://twitter.com/Politiko_Manila/status/1327037608174649344,1327037608174649344,"Caloocan Rep. Along Malapitan was hard at work on Thursday, November 12, despite the strong rains and winds brought by Typhoon Ulysses.
https://t.co/XzNinU28ri
#MetroManilaNews
#caloocan 
#TyphoonUlysses https://t.co/Ca9Q3q61f5",0,0,0,0,Thu Nov 12 23:56:35 +0000 2020,0,False,False,True
https://x.com/Mayannhoran1/status/1327445858724429827,https://twitter.com/Mayannhoran1/status/1327445858724429827,1327445858724429827,Cagayan has one of the largest dams in the Philippines which is the Magat Dam. It also supplies electricity in Metro Manila. They had to open gates kaya nakadagdag sa pagtaas ng baha plus we have the longest river in the Philippines which is the Cagayan River at umapaw na din po.,0,0,0,0,Sat Nov 14 02:58:50 +0000 2020,0,False,False,False
https://x.com/seoliriko/status/1327432867949932545,https://twitter.com/seoliriko/status/1327432867949932545,1327432867949932545,"[CTTO]

Cagayan has one of the largest dams in the Philippines which is the Magat Dam. It also supplies electricity in Metro Manila. They had to open gates kaya nakadagdag sa pagtaas ng baha plus we have the longest river in the Philippines which is the Cagayan River at umapaw +",1,1,0,0,Sat Nov 14 02:07:12 +0000 2020,0,False,False,False
https://x.com/KatierenK/status/1327445839174766592,https://twitter.com/KatierenK/status/1327445839174766592,1327445839174766592,Cagayan has one of the largest dams in the Philippines which is the Magat Dam. It also supplies electricity in Metro Manila. They had to open gates kaya nakadagdag sa pagtaas ng baha plus we have the longest river in the Philippines which is the Cagayan River at umapaw na din po.,0,1,0,0,Sat Nov 14 02:58:45 +0000 2020,0,False,False,False
https://x.com/perthqqe/status/1327434680971399168,https://twitter.com/perthqqe/status/1327434680971399168,1327434680971399168,"hello guys im from Isabela 

Cagayan has one of the largest dams in the Philippines which is the Magat Dam. It also supplies electricity in Metro Manila. They had to open gates kaya nakadagdag sa pagtaas ng baha plus we have the longest river in the +",5,1,4,2,Sat Nov 14 02:14:25 +0000 2020,0,False,False,False
https://x.com/noturcupofty/status/1327487944148492290,https://twitter.com/noturcupofty/status/1327487944148492290,1327487944148492290,Cagayan Valley (Region 2) has one of the largest dams in the Philippines which is the Magat Dam. It also supplies electricity in Metro Manila. They had to open gates kaya nakadagdag sa pagtaas ng baha plus we have the longest river in the Philippines which is the Cagayan River at,4,1,2,1,Sat Nov 14 05:46:04 +0000 2020,0,False,False,False
https://x.com/PolitikoWatch/status/1327303297422659585,https://twitter.com/PolitikoWatch/status/1327303297422659585,1327303297422659585,"Walang scary baha! Isko Moreno credits clean up drive for preventing massive flooding in Manila
https://t.co/Ezw06UaNXd
@ManilaPIO
@IskoMoreno
#cleanupdrive https://t.co/CGyIIST04J",0,0,0,0,Fri Nov 13 17:32:20 +0000 2020,0,False,False,True
https://x.com/jelay_kaoriii/status/1327425936384397314,https://twitter.com/jelay_kaoriii/status/1327425936384397314,1327425936384397314,Cagayan has one of the largest dams in the Philippines which is the Magat Dam. It also supplies electricity in Metro Manila. They had to open gates kaya nakadagdag sa pagtaas ng baha plus we have the longest river in the Philippines which is the Cagayan River at umapaw na din po,4,1,1,0,Sat Nov 14 01:39:40 +0000 2020,0,False,False,False
https://x.com/heyitsapriljane/status/1326754412325318656,https://twitter.com/heyitsapriljane/status/1326754412325318656,1326754412325318656,Project Noah could have saved so many lives and properties at times like this. Pero what did they do? Cut the project due to lack of funds? Kasi ano? Kasi di araw-araw may baha pero araw-araw daw makikita dolomite sa Manila Bay kaya dun nalang. NAKAKAGALIT!,0,0,0,0,Thu Nov 12 05:11:16 +0000 2020,0,False,True,False
https://x.com/_Beauuuuuu_/status/1327516232699027463,https://twitter.com/_Beauuuuuu_/status/1327516232699027463,1327516232699027463,Cagayan has one of the largest dams in the Philippines which is the Magat Dam. It also supplies electricity in Metro Manila. They had to open gates kaya nakadagdag sa pagtaas ng baha plus we have the longest river in the Philippines which is the Cagayan River at umapaw na din po.,0,1,1,0,Sat Nov 14 07:38:28 +0000 2020,0,False,False,False
https://x.com/JeaNett56639316/status/1327417829696520192,https://twitter.com/JeaNett56639316/status/1327417829696520192,1327417829696520192,Cagayan has one of the largest dams in the Philippines which is the Magat Dam. It also supplies electricity in Metro Manila. They had to open gates kaya nakadagdag sa pagtaas ng baha plus we have the longest river in the Philippines which is the Cagayan River at umapaw na din po.,0,0,0,0,Sat Nov 14 01:07:27 +0000 2020,0,False,False,False
https://x.com/gandachonaa/status/1327639650660356096,https://twitter.com/gandachonaa/status/1327639650660356096,1327639650660356096,Cagayan and Isabela has one of the largest dams in the Philippines which is the Magat Dam. It also supplies electricity in Metro Manila. They had to open gates kaya nakadagdag sa pagtaas ng baha plus we have the longest river in the Philippines which is the Cagayan River at.. https://t.co/83ER2ySLwM,0,1,0,0,Sat Nov 14 15:48:53 +0000 2020,0,False,False,True
https://x.com/wwinsiche/status/1327469062952165377,https://twitter.com/wwinsiche/status/1327469062952165377,1327469062952165377,Cagayan has one of the largest dams in the Philippines which is the Magat Dam. It also supplies electricity in Metro Manila. They had to open gates kaya nakadagdag sa pagtaas ng baha plus we have the longest river in the Philippines which is the Cagayan River at umapaw na din po.,0,1,0,0,Sat Nov 14 04:31:02 +0000 2020,0,False,False,False
https://x.com/rawrBTS_/status/1327467868804444160,https://twitter.com/rawrBTS_/status/1327467868804444160,1327467868804444160,Cagayan Valley (Region 2) has one of the largest dams in the Philippines which is the Magat Dam. It also supplies electricity in Metro Manila. They had to open gates kaya nakadagdag sa pagtaas ng baha plus we have the longest river in the Philippines which is the Cagayan River,1,1,3,0,Sat Nov 14 04:26:17 +0000 2020,0,False,False,False
https://x.com/PapiEnzoo/status/1327467684917702657,https://twitter.com/PapiEnzoo/status/1327467684917702657,1327467684917702657,Cagayan has one of the largest dams in the Philippines which is the Magat Dam. It also supplies electricity in Metro Manila. They had to open gates kaya nakadagdag sa pagtaas ng baha plus we have the longest river in the Philippines which is the Cagayan River at umapaw na din po.,31,1,98,1,Sat Nov 14 04:25:33 +0000 2020,1,False,False,False
https://x.com/DeityIsMe23/status/1327467388770471936,https://twitter.com/DeityIsMe23/status/1327467388770471936,1327467388770471936,Cagayan has one of the largest dams in the Philippines which is the Magat Dam. It also supplies electricity in Metro Manila. They had to open gates kaya nakadagdag sa pagtaas ng baha plus we have the longest river in the Philippines which is the Cagayan River at umapaw na din po.,1,1,1,0,Sat Nov 14 04:24:23 +0000 2020,0,False,False,False
https://x.com/kyungsoobeybe/status/1327464459086962689,https://twitter.com/kyungsoobeybe/status/1327464459086962689,1327464459086962689,Cagayan has one of the largest dams in the Philippines which is the Magat Dam. It also supplies electricity in Metro Manila. They had to open gates kaya nakadagdag sa pagtaas ng baha plus we have the longest river in the Philippines which is the Cagayan River at umapaw na din po.,0,1,2,0,Sat Nov 14 04:12:44 +0000 2020,0,False,False,False
https://x.com/cher_kriing19/status/1327464388706516992,https://twitter.com/cher_kriing19/status/1327464388706516992,1327464388706516992,"Please Share 

Cagayan has one of the largest dams in the Philippines which is the Magat Dam. It also supplies electricity in Metro Manila. They had to open gates kaya nakadagdag sa pagtaas ng baha plus we have the longest river in the Philippines which is the",1,1,0,0,Sat Nov 14 04:12:28 +0000 2020,0,False,False,False
https://x.com/jaacceettyy/status/1327463814887997440,https://twitter.com/jaacceettyy/status/1327463814887997440,1327463814887997440,Cagayan Valley (Region 2) has one of the largest dams in the Philippines which is the Magat Dam. It also supplies electricity in Metro Manila. They had to open gates kaya nakadagdag sa pagtaas ng baha plus we have the longest river in the Philippines which is the Cagayan River,0,1,0,0,Sat Nov 14 04:10:11 +0000 2020,0,False,False,False
https://x.com/minggukiiieee/status/1327463411551137797,https://twitter.com/minggukiiieee/status/1327463411551137797,1327463411551137797,Cagayan has one of the largest dams in the Philippines which is the Magat Dam. It also supplies electricity in Metro Manila. They had to open gates kaya nakadagdag sa pagtaas ng baha plus we have the longest river in the Philippines which is the Cagayan River at umapaw na din po.,8,1,2,1,Sat Nov 14 04:08:35 +0000 2020,0,False,False,False
https://x.com/sahnityy_05/status/1327462051178897408,https://twitter.com/sahnityy_05/status/1327462051178897408,1327462051178897408,"Cagayan has one of the largest dams in the Philippines which is the Magat Dam. It also supplies electricity in Metro Manila. They
had to open gates kaya nakadagdag sa pagtaas ng baha plus we have the longest river in the Philippines which is the Cagayan River at umapaw na din po.",0,1,0,0,Sat Nov 14 04:03:10 +0000 2020,0,False,False,False
https://x.com/exolauntie/status/1327460768007155712,https://twitter.com/exolauntie/status/1327460768007155712,1327460768007155712,Cagayan has one of the largest dams in the Philippines which is the Magat Dam. It also supplies electricity in Metro Manila. They had to open gates kaya nakadagdag sa pagtaas ng baha plus we have the longest river in the Philippines which is the Cagayan River at umapaw na din po+ https://t.co/Mb9vFOyX35,4,1,8,0,Sat Nov 14 03:58:04 +0000 2020,0,False,False,True
https://x.com/jaethepooh/status/1327459898808881152,https://twitter.com/jaethepooh/status/1327459898808881152,1327459898808881152,Cagayan has one of the largest dams in the Philippines which is the Magat Dam. It also supplies electricity in Metro Manila. They had to open gates kaya nakadagdag sa pagtaas ng baha plus we have the longest river in the Philippines which is the Cagayan River at umapaw na +++,15,1,12,0,Sat Nov 14 03:54:37 +0000 2020,0,False,False,False
https://x.com/Yannaaa_06/status/1327459625793273856,https://twitter.com/Yannaaa_06/status/1327459625793273856,1327459625793273856,Cagayan has one of the largest dams in the Philippines which is the Magat Dam. It also supplies electricity in Metro Manila. They had to open gates kaya nakadagdag sa pagtaas ng baha plus we have the longest river in the Philippines which is the Cagayan River at umapaw na din po.,0,1,0,0,Sat Nov 14 03:53:32 +0000 2020,0,False,False,False
https://x.com/piscesjihoon/status/1327458453032378368,https://twitter.com/piscesjihoon/status/1327458453032378368,1327458453032378368,Cagayan has one of the largest dams in the Philippines which is the Magat Dam. It also supplies electricity in Metro Manila. They had to open gates kaya nakadagdag sa pagtaas ng baha plus we have the longest river in the Philippines which is the Cagayan River at umapaw na din po+,60,1,107,1,Sat Nov 14 03:48:52 +0000 2020,0,False,False,False
https://x.com/jea_soll/status/1327458033849434113,https://twitter.com/jea_soll/status/1327458033849434113,1327458033849434113,Cagayan has one of the largest dams in the Philippines which is the Magat Dam. It also supplies electricity in Metro Manila. They had to open gates kaya nakadagdag sa pagtaas ng baha plus we have the longest river in the Philippines which is the Cagayan River at umapaw na din po. https://t.co/IPXsdFPbaQ,6,1,6,1,Sat Nov 14 03:47:12 +0000 2020,0,False,False,True
https://x.com/0GB4ES/status/1327457025005998080,https://twitter.com/0GB4ES/status/1327457025005998080,1327457025005998080,"hello guys im from Isabela 

Cagayan has one of the largest dams in the Philippines which is the Magat Dam. It also supplies electricity in Metro Manila. They had to open gates kaya nakadagdag sa pagtaas ng baha plus we have the longest river in the + https://t.co/12PI5KdzQW",39,1,36,0,Sat Nov 14 03:43:12 +0000 2020,0,False,False,True
https://x.com/itstjavila/status/1327455392826236928,https://twitter.com/itstjavila/status/1327455392826236928,1327455392826236928,Cagayan has one of the largest dams in the Philippines which is the Magat Dam. It also supplies electricity in Metro Manila. They had to open gates kaya nakadagdag sa pagtaas ng baha plus we have the longest river in the Philippines which is the Cagayan River at umapaw na din po.,3,1,12,0,Sat Nov 14 03:36:43 +0000 2020,0,False,False,False
https://x.com/Jayabellss/status/1327454086438948866,https://twitter.com/Jayabellss/status/1327454086438948866,1327454086438948866,@DawnZpost Cagayan Valley (Region 2) has one of the largest dams in the Philippines which is the Magat Dam. It also supplies electricity in Metro Manila. They had to open gates kaya nakadagdag sa pagtaas ng baha plus we have the longest river in the Philippines which is the Cagayan River at,0,3,0,0,Sat Nov 14 03:31:31 +0000 2020,0,False,False,False
https://x.com/goodgirlnotme/status/1327452769364578306,https://twitter.com/goodgirlnotme/status/1327452769364578306,1327452769364578306,Cagayan has one of the largest dams in the Philippines which is the Magat Dam. It also supplies electricity in Metro Manila. They had to open gates kaya nakadagdag sa pagtaas ng baha plus we have the longest river in the Philippines which is the Cagayan River at umapaw na din po.,0,1,0,0,Sat Nov 14 03:26:17 +0000 2020,0,False,False,False
https://x.com/fearlessDB__/status/1327452509359669249,https://twitter.com/fearlessDB__/status/1327452509359669249,1327452509359669249,"Praying for my beloved hometown🙏❤️

Cagayan Valley,has one of the largest dams in the Philippines which is the Magat Dam. It also supplies electricity in Metro Manila. They had to open gates kaya nakadagdag sa pagtaas ng baha plus we have the longest river in the Philippines",9,1,10,3,Sat Nov 14 03:25:15 +0000 2020,0,False,False,False
https://x.com/angie13385654/status/1327450138499944448,https://twitter.com/angie13385654/status/1327450138499944448,1327450138499944448,@vicegandako Cagayan has one of the largest dams in the Philippines which is the Magat Dam. It also supplies electricity in Metro Manila. They had to open gates kaya nakadagdag sa pagtaas ng baha plus we have the longest river in the Philippines which is the Cagayan River at umapaw na din po.,0,0,0,0,Sat Nov 14 03:15:50 +0000 2020,0,False,False,False
https://x.com/inquirerdotnet/status/1326679707929042944,https://twitter.com/inquirerdotnet/status/1326679707929042944,1326679707929042944,LOOK: Marikina Mayor Marcelino Teodoro walks in knee-high flood waters to inspect areas in the city. Marikina River has reached third alarm as its water level soared to 21.5 meters. Photo: Marikina PIO  #UlyssesPH | @ConsINQ https://t.co/GEh05eJr3W,192,35,1246,98,Thu Nov 12 00:14:25 +0000 2020,6,False,False,False
https://x.com/inquirerdotnet/status/1327071181950701569,https://twitter.com/inquirerdotnet/status/1327071181950701569,1327071181950701569,IN PHOTOS: Members of PNP-SAF Rapid Deployment Battalion and members of MMDA rescue residents trapped by flood water inside the Provident Village in Marikina City due to heavy train brought by Typhoon #UlyssesPH on November 12. 📷  Richard A. Reyes/INQUIRER https://t.co/de34qeUNhL,6,0,14,2,Fri Nov 13 02:10:00 +0000 2020,0,False,False,True
https://x.com/inquirerdotnet/status/1326873602411651072,https://twitter.com/inquirerdotnet/status/1326873602411651072,1326873602411651072,Waters from the Marikina River rushed toward the Manggahan floodway of the Pasig-Marikina flood control project after the eyewall of Typhoon Ulysses hit various parts of Metro Manila and Rizal province. | @GabrielLaluINQ #UlyssesPH  https://t.co/ikFcaSa6Tu,7,0,14,0,Thu Nov 12 13:04:53 +0000 2020,0,False,False,False
https://x.com/PhilstarNews/status/1326736590576607232,https://twitter.com/PhilstarNews/status/1326736590576607232,1326736590576607232,Marikina Mayor Marcy Teodoro appealed for air rescue as the continued dumping of rains of Typhoon Ulysses submerged thousands of houses in the city. https://t.co/WH9pGr2diN,31,3,71,5,Thu Nov 12 04:00:27 +0000 2020,0,False,False,False
https://x.com/rapplerdotcom/status/1326910508948201476,https://twitter.com/rapplerdotcom/status/1326910508948201476,1326910508948201476,"WATCH: Typhoon Ulysses (Vamco) leaves hundreds trapped by flood in Marikina, Rizal | Evening wRap

https://t.co/e5yfwbukXM https://t.co/HqaVUwqZlt",4,0,13,0,Thu Nov 12 15:31:32 +0000 2020,0,False,False,False
https://x.com/rapplerdotcom/status/1327430637872160768,https://twitter.com/rapplerdotcom/status/1327430637872160768,1327430637872160768,"To escape the flood from Typhoon Ulysses, a family in Provident Village, Marikina decides to climb onto their roof. It is not as simple as they imagine. #UlyssesPH  https://t.co/r3y1Oy4O7q",9,0,38,1,Sat Nov 14 01:58:21 +0000 2020,0,False,False,False
https://x.com/for__keeps/status/1326819872152592385,https://twitter.com/for__keeps/status/1326819872152592385,1326819872152592385,"The iconic giant shoe landmark in Marikina City has been swept away by the flood brought by Typhoon Ulysses in the Marikina River.

https://t.co/DC387gVaql",0,0,0,0,Thu Nov 12 09:31:23 +0000 2020,0,False,False,False
https://x.com/ANCALERTS/status/1327465027117457408,https://twitter.com/ANCALERTS/status/1327465027117457408,1327465027117457408,Marikina mayor appeals for aid for flood-hit residents https://t.co/pwRPsDDHqL,7,0,22,0,Sat Nov 14 04:15:00 +0000 2020,0,False,False,False
https://x.com/ANCALERTS/status/1326830723647631360,https://twitter.com/ANCALERTS/status/1326830723647631360,1326830723647631360,"Residents of Loyola Grand Villas in Marikina City woke up to neck-deep flood Thursday morning during onslaught of #UlyssesPH; say the flood levels today is comparable  to Ondoy in 2009. @ZandroDZMM reports.

READ MORE: https://t.co/kr8vuwOMnS https://t.co/z5EBAAh2Jf",10,1,19,2,Thu Nov 12 10:14:30 +0000 2020,1,False,False,False
https://x.com/gmanews/status/1327672647510089728,https://twitter.com/gmanews/status/1327672647510089728,1327672647510089728,"Traditional flood control measures - like building dikes, dredging, and elevating roads - are no longer enough to prevent the Marikina River from swelling during typhoons, according to a geologist and professor from the University of the Philippines. https://t.co/a4OzliilM8",44,8,127,13,Sat Nov 14 18:00:00 +0000 2020,4,False,False,False
https://x.com/chinogaston/status/1326669155253116928,https://twitter.com/chinogaston/status/1326669155253116928,1326669155253116928,An SUV forces its way through flood water along the border of San Mateo and Marikina. https://t.co/ztyhZ9f5IX,0,0,1,0,Wed Nov 11 23:32:29 +0000 2020,0,False,False,True
https://x.com/ANCALERTS/status/1326738993023610880,https://twitter.com/ANCALERTS/status/1326738993023610880,1326738993023610880,WATCH: Marikina residents flee homes as flood rises #UlyssesPH https://t.co/eEarrSDbZk,7,0,18,2,Thu Nov 12 04:10:00 +0000 2020,0,False,False,False
https://x.com/bdrrmo/status/1327162849559531520,https://twitter.com/bdrrmo/status/1327162849559531520,1327162849559531520,"RT dost_pagasa: Pasig-Marikina and Tullahan Flood Advisory #3 Final as of 3PM, 11.13.2020 https://t.co/dBpjwmCaZs",0,0,0,0,Fri Nov 13 08:14:15 +0000 2020,0,False,False,True
https://x.com/canyoncaIamity/status/1326744638460358656,https://twitter.com/canyoncaIamity/status/1326744638460358656,1326744638460358656,hey y'all i miss you we lost electricity last night till this morning cause of the storm i hope everyone from marikina is alright i heard the flood was up to the roof of the houses,0,1,1,0,Thu Nov 12 04:32:26 +0000 2020,0,False,False,False
https://x.com/EPA_Images/status/1326825082187100161,https://twitter.com/EPA_Images/status/1326825082187100161,1326825082187100161,"A dog sits on a vehicle submerged in flood in Marikina City, Metro Manila, Philippines, after #TyphoonVamco caused floods. 📷 epa-efe / Rolex Dela Pena

#flood #dogs #Manila #epaphotos #photojournalism https://t.co/2PyFR9uMWQ",0,0,8,0,Thu Nov 12 09:52:05 +0000 2020,0,False,False,True
https://x.com/jjcakeu_/status/1326587840663220225,https://twitter.com/jjcakeu_/status/1326587840663220225,1326587840663220225,"Marikina River water level is 16 meters as of 1:01 a.m. 
Second Alarm. All flood gates open.

Stay safe sa mga taga marikina 😩🙏",0,1,6,0,Wed Nov 11 18:09:22 +0000 2020,0,False,False,False
https://x.com/Gyan84s/status/1327158261028622338,https://twitter.com/Gyan84s/status/1327158261028622338,1327158261028622338,"#Philippines  is one of the countries in the world that would suffer the effect of #climatechange .
This is in marikina,there are still alot of places affected with this #Flood ,

We need to wake up from sleep something is going on in the world it’s terrible everywhere.! #climate https://t.co/UPhMV5VZRY",7,0,11,1,Fri Nov 13 07:56:01 +0000 2020,1,False,False,False
https://x.com/EPA_Images/status/1326915769817591815,https://twitter.com/EPA_Images/status/1326915769817591815,1326915769817591815,"A resident carrying food goes through a flood caused by #TyphoonVamcon at a riverside community at the boundary of Marikina City in Metro #Manila and Rizal province, #Philippines.  📷 epa-efe / Rolex De La Pena

#vamco #typhoon #weather #epaphotos #photojournalism https://t.co/naBPzlN5e8",0,1,1,0,Thu Nov 12 15:52:27 +0000 2020,0,False,False,True
https://x.com/PAGASAFFWS/status/1326699394792448000,https://twitter.com/PAGASAFFWS/status/1326699394792448000,1326699394792448000,"Flood Advisory # 2 for Pasig Marikina Tullahan River Basin, 
Issued at 9:00 AM, 12 November 2020

#FloodPH https://t.co/55ZRk3mQVd",6,0,3,2,Thu Nov 12 01:32:39 +0000 2020,0,False,False,True
https://x.com/MovePH/status/1326712051171950594,https://twitter.com/MovePH/status/1326712051171950594,1326712051171950594,"@philredcross @civildefensePH @absanch @russellchengku #RescuePH: Two people in Blk 2 Lot 35 Riyal St. UBB BARANGKA Marikina City needs rescue. Flood has reached the 2nd floor of the house. Contact details: Margie Tychingco, 09393939183 or
09167342418. #UlyssesPH 
@philredcross @civildefensePH | via @russellchengku",22,1,7,1,Thu Nov 12 02:22:56 +0000 2020,0,False,False,False
https://x.com/noturcupofty/status/1327487944148492290,https://twitter.com/noturcupofty/status/1327487944148492290,1327487944148492290,Cagayan Valley (Region 2) has one of the largest dams in the Philippines which is the Magat Dam. It also supplies electricity in Metro Manila. They had to open gates kaya nakadagdag sa pagtaas ng baha plus we have the longest river in the Philippines which is the Cagayan River at,4,1,2,1,Sat Nov 14 05:46:04 +0000 2020,0,False,False,False
https://x.com/taekooholic/status/1327452536324845570,https://twitter.com/taekooholic/status/1327452536324845570,1327452536324845570,Cagayan has one of the largest dams in the Philippines which is the Magat Dam. It also supplies electricity in Metro Manila.They had to open gates kaya nakadagdag sa pagtaas ng baha plus we have the longest river in the Philippines which is the Cagayan River at umapaw na din po++,0,0,1,0,Sat Nov 14 03:25:22 +0000 2020,0,False,False,False
https://x.com/kyungsoobeybe/status/1327464459086962689,https://twitter.com/kyungsoobeybe/status/1327464459086962689,1327464459086962689,Cagayan has one of the largest dams in the Philippines which is the Magat Dam. It also supplies electricity in Metro Manila. They had to open gates kaya nakadagdag sa pagtaas ng baha plus we have the longest river in the Philippines which is the Cagayan River at umapaw na din po.,0,1,2,0,Sat Nov 14 04:12:44 +0000 2020,0,False,False,False
https://x.com/thatskye_/status/1327449212171157504,https://twitter.com/thatskye_/status/1327449212171157504,1327449212171157504,Cagayan has one of the largest dams in the Philippines which is the Magat Dam. It also supplies electricity in Metro Manila. They had to open gates kaya nakadagdag sa pagtaas ng baha plus we have the longest river in the Philippines which is the Cagayan River at umapaw na din po.,0,1,0,0,Sat Nov 14 03:12:09 +0000 2020,0,False,False,False
https://x.com/XReichP/status/1327411144718368769,https://twitter.com/XReichP/status/1327411144718368769,1327411144718368769,@taytwnttpm @KoigoesB Remember baha din sa capital cities ng Manila (which probably is where the relief goods and equipments are). Posting your anger on Twitter (if you really think it matters lol) won't get you nowhere.,0,0,1,0,Sat Nov 14 00:40:53 +0000 2020,0,False,False,False
https://x.com/rawrBTS_/status/1327467868804444160,https://twitter.com/rawrBTS_/status/1327467868804444160,1327467868804444160,Cagayan Valley (Region 2) has one of the largest dams in the Philippines which is the Magat Dam. It also supplies electricity in Metro Manila. They had to open gates kaya nakadagdag sa pagtaas ng baha plus we have the longest river in the Philippines which is the Cagayan River,1,1,3,0,Sat Nov 14 04:26:17 +0000 2020,0,False,False,False
https://x.com/lhai_nicole/status/1327564692408074240,https://twitter.com/lhai_nicole/status/1327564692408074240,1327564692408074240,Cagayan has one of the largest dams in the Philippines which is the Magat Dam. It also supplies electricity in Metro Manila. They had to open gates kaya nakadagdag sa pagtaas ng baha plus we have the longest river in the Philippines which is the Cagayan River at umapaw na din po.,0,1,1,0,Sat Nov 14 10:51:02 +0000 2020,0,False,False,False
https://x.com/jelay_kaoriii/status/1327425936384397314,https://twitter.com/jelay_kaoriii/status/1327425936384397314,1327425936384397314,Cagayan has one of the largest dams in the Philippines which is the Magat Dam. It also supplies electricity in Metro Manila. They had to open gates kaya nakadagdag sa pagtaas ng baha plus we have the longest river in the Philippines which is the Cagayan River at umapaw na din po,4,1,1,0,Sat Nov 14 01:39:40 +0000 2020,0,False,False,False
https://x.com/betchay_TM/status/1327558284769783810,https://twitter.com/betchay_TM/status/1327558284769783810,1327558284769783810,Cagayan has one of the largest dams in the Philippines which is the Magat Dam. It also supplies electricity in Metro Manila. They had to open gates kaya nakadagdag sa pagtaas ng baha plus we have the longest river in the Philippines which is the Cagayan River at umapaw na din po.,0,1,1,0,Sat Nov 14 10:25:34 +0000 2020,0,False,False,False
https://x.com/jkyjhs/status/1327428320946839554,https://twitter.com/jkyjhs/status/1327428320946839554,1327428320946839554,"Cagayan Valley, has one of the largest dams in the Philippines which is the Magat Dam. It also supplies electricity in Metro Manila. They had to open gates kaya nakadagdag sa pagtaas ng baha plus we have the longest river in the Philippines which is the Cagayan River at ++",0,1,0,0,Sat Nov 14 01:49:08 +0000 2020,0,False,False,False
https://x.com/Mayannhoran1/status/1327445858724429827,https://twitter.com/Mayannhoran1/status/1327445858724429827,1327445858724429827,Cagayan has one of the largest dams in the Philippines which is the Magat Dam. It also supplies electricity in Metro Manila. They had to open gates kaya nakadagdag sa pagtaas ng baha plus we have the longest river in the Philippines which is the Cagayan River at umapaw na din po.,0,0,0,0,Sat Nov 14 02:58:50 +0000 2020,0,False,False,False
https://x.com/gandachonaa/status/1327639650660356096,https://twitter.com/gandachonaa/status/1327639650660356096,1327639650660356096,Cagayan and Isabela has one of the largest dams in the Philippines which is the Magat Dam. It also supplies electricity in Metro Manila. They had to open gates kaya nakadagdag sa pagtaas ng baha plus we have the longest river in the Philippines which is the Cagayan River at.. https://t.co/83ER2ySLwM,0,1,0,0,Sat Nov 14 15:48:53 +0000 2020,0,False,False,True
https://x.com/_Beauuuuuu_/status/1327516232699027463,https://twitter.com/_Beauuuuuu_/status/1327516232699027463,1327516232699027463,Cagayan has one of the largest dams in the Philippines which is the Magat Dam. It also supplies electricity in Metro Manila. They had to open gates kaya nakadagdag sa pagtaas ng baha plus we have the longest river in the Philippines which is the Cagayan River at umapaw na din po.,0,1,1,0,Sat Nov 14 07:38:28 +0000 2020,0,False,False,False
https://x.com/DeityIsMe23/status/1327467388770471936,https://twitter.com/DeityIsMe23/status/1327467388770471936,1327467388770471936,Cagayan has one of the largest dams in the Philippines which is the Magat Dam. It also supplies electricity in Metro Manila. They had to open gates kaya nakadagdag sa pagtaas ng baha plus we have the longest river in the Philippines which is the Cagayan River at umapaw na din po.,1,1,1,0,Sat Nov 14 04:24:23 +0000 2020,0,False,False,False
https://x.com/PolitikoWatch/status/1327423504103452675,https://twitter.com/PolitikoWatch/status/1327423504103452675,1327423504103452675,"Sugod sa baha! Marcy Teodoro wades through knee-deep flood to inspect Marikina
https://t.co/N2DbpmEY11 https://t.co/QguPN9TQyS",0,0,0,0,Sat Nov 14 01:30:00 +0000 2020,0,False,False,True
https://x.com/JulzeAlejandre/status/1327409868710555649,https://twitter.com/JulzeAlejandre/status/1327409868710555649,1327409868710555649,"#Cagayan like #Rizal and #Marikina is submerged in flood waters. Got this message from a friend who’s in Tuguegarao now and she said they need MORE MOTORBOATS. Please send help. They need our help. #CagayanNeedsHelp #RescuePH

@NDRRMC_OpCen @PNPPIO @TeamAFP @LeniRobredo https://t.co/G4grI98mEv",5,0,5,0,Sat Nov 14 00:35:49 +0000 2020,0,False,False,True
https://x.com/ari_rubies/status/1327395636241526785,https://twitter.com/ari_rubies/status/1327395636241526785,1327395636241526785,"Due to flood, i think LGU need to start  campaigning to their constituents on to survive / give survival tips if theirs a flood, also i think each houses need to have their own boats so if ever the rescuer is far from  them they can rescue themselves, marikina should do it.",0,0,0,0,Fri Nov 13 23:39:16 +0000 2020,0,False,False,False
https://x.com/estanislaodiane/status/1327394509152391168,https://twitter.com/estanislaodiane/status/1327394509152391168,1327394509152391168,"Hi @SKYserves! When are you planning to restore our internet in Parang, Marikina??? Our place is very much accessible and no flood, but still no internet for 3 days already! @SKYserves",0,1,0,0,Fri Nov 13 23:34:47 +0000 2020,0,False,False,False
https://x.com/xandz34/status/1327391071387541504,https://twitter.com/xandz34/status/1327391071387541504,1327391071387541504,"It is not just marikina who has issue with massive flood or a catch basin,we also need to see the whole luzon
Pls check local areas too
@DOTrPH @DOHgovph @MMDA @DPWHph #FloodPH
#CagayanNeedsHelp  
#IsabelaNeedsHelp  #TuguegaraoNeedsHelp  #UlyssesPH  #RescuePH #PrayForPhilippines https://t.co/IWl4GjGX59",0,0,0,0,Fri Nov 13 23:21:07 +0000 2020,0,False,True,True
https://x.com/rkiveofspring/status/1327388637755887617,https://twitter.com/rkiveofspring/status/1327388637755887617,1327388637755887617,"From the Marikina flood to Region 2 flooding, all within 2 days. 😭",0,0,1,0,Fri Nov 13 23:11:27 +0000 2020,0,False,False,False
https://x.com/trishwinterbear/status/1327369892828311552,https://twitter.com/trishwinterbear/status/1327369892828311552,1327369892828311552,It's so sad to see the aftermath of typhoon Ulysses as I pass by the streets here in marikina 😢 Brings back memories on how I endure the flood just to get home during typhoon Ondoy 11 years ago 😢,0,0,3,0,Fri Nov 13 21:56:58 +0000 2020,0,False,False,False
https://x.com/SimpforSykkuno/status/1327358603435462656,https://twitter.com/SimpforSykkuno/status/1327358603435462656,1327358603435462656,"@14Jaimie I was in my unit in Libis when the storm happened but I rushed home in Marikina the day after and saw Provident village was submerged in flood, my fam are safe tho since they got the chance to move to our house in Antipolo, but there are ppl left and stuck there😖",0,0,0,0,Fri Nov 13 21:12:06 +0000 2020,0,False,False,False
https://x.com/camiiil/status/1327338048565161991,https://twitter.com/camiiil/status/1327338048565161991,1327338048565161991,We all know na walang kwenta flood system sa mga poorly developed cities pero why isn't building regulations doing anything like requiring building codes to create strict measures on new buildings to flood risk areas? Ano to Marikina repeat ng Ondoy 2009? So frustrating!,0,0,0,0,Fri Nov 13 19:50:26 +0000 2020,0,False,False,False
https://x.com/leamicuscuriae/status/1327332238866980866,https://twitter.com/leamicuscuriae/status/1327332238866980866,1327332238866980866,"The Kaliwa Dam Project could have prevented the flood in Marikina by acting as a Reservoir. Unfortunately, it is marred with controversies for being backed and funded by China.",0,0,0,0,Fri Nov 13 19:27:21 +0000 2020,0,False,False,False
https://x.com/limnard/status/1327321466338111489,https://twitter.com/limnard/status/1327321466338111489,1327321466338111489,"Prayers for #CagayanValleyNeedsHelp, #Rizal and #Marikina, i hope that everyone is safe from flood. #PrayForPhilippines #UlyssesPH",0,0,0,0,Fri Nov 13 18:44:32 +0000 2020,0,False,False,False
https://x.com/mcoronelferrer/status/1327321375627825152,https://twitter.com/mcoronelferrer/status/1327321375627825152,1327321375627825152,"fW: MARIKINA CITY -38-year old Ruchie Enabore held on to the lifeless body of her 2-year old son Steven Ken, after digging the boy on the banks of Marikina River, buried in the sand, here in Bgy. Tumana. Mother &amp; child got separated during Thursday flood here. @abscbnnews https://t.co/bfgx7UTLPa",0,0,1,0,Fri Nov 13 18:44:11 +0000 2020,0,False,False,True
https://x.com/itsenzobishes/status/1327317617338552320,https://twitter.com/itsenzobishes/status/1327317617338552320,1327317617338552320,"*Bicol devasted three times by typhoons,
Marikina City and CALABARZON are flooded
And an ongoing flood in Cagayan and Isabela*

Duterte admin: https://t.co/SPk7HzIxG5",1,0,3,0,Fri Nov 13 18:29:14 +0000 2020,0,False,False,False
https://x.com/PolitikoWatch/status/1327314032320122881,https://twitter.com/PolitikoWatch/status/1327314032320122881,1327314032320122881,"Sugod sa baha! Marcy Teodoro wades through knee-deep flood to inspect Marikina
https://t.co/N2DbpmnmCr https://t.co/zXLioPITlP",0,0,0,0,Fri Nov 13 18:15:00 +0000 2020,0,False,False,True
https://x.com/Harlotquen/status/1327303131017879553,https://twitter.com/Harlotquen/status/1327303131017879553,1327303131017879553,"HELLO NON-FILO MOOTS
The Philippines need your help. We are is currently experiencing one of the worst calamities in history. Specifically in the Bicol Region, Marikina City and Cagayan Valley. 
FLOOD WATER IS STILL RISING IN CAGAYAN AS WE SPEAK, AND PEOPLE ARE DROWNING https://t.co/WsWRxBI51s",3,1,1,1,Fri Nov 13 17:31:41 +0000 2020,0,False,False,True
https://x.com/ocvain/status/1327285576035307521,https://twitter.com/ocvain/status/1327285576035307521,1327285576035307521,Also to marikina! flood has reached almost the second floor of each house at certain areas. #RescuePH,2,0,3,0,Fri Nov 13 16:21:55 +0000 2020,0,False,False,False
https://x.com/kindofalostkid/status/1327283206584897536,https://twitter.com/kindofalostkid/status/1327283206584897536,1327283206584897536,"After experiencing firsthand the flood waters here in Marikina, I cant help but feel a deep seated dread over what's happening in other areas affected by the typhoon.

Sobrang nakaka down na for now, hanggang sa donations lang ang naiiambag ko. Sana talaga at matulungan na sila",0,0,0,0,Fri Nov 13 16:12:30 +0000 2020,0,False,False,False
https://x.com/chantzeco/status/1327269265423040512,https://twitter.com/chantzeco/status/1327269265423040512,1327269265423040512,A quick Google Maps exploration will reveal quarrying sites in the mountains of Rizal near the Marikina River system/watershed. Noticed the thick mud when the flood subsided? That's not just from the river's floorbed. I'm no expert but let me just put it out here. #UlyssesPH https://t.co/jxD3RTSIGf,0,2,0,0,Fri Nov 13 15:17:07 +0000 2020,0,False,False,True
https://x.com/imdayounggg/status/1327265910470578176,https://twitter.com/imdayounggg/status/1327265910470578176,1327265910470578176,My marikina boys squad isnt replying to my messages since yesterday. Yawa. Then i saw one ig story that their house is totally destroyed from the flood. Now i'm super worried ㅠㅠ gaaahd!,0,0,0,0,Fri Nov 13 15:03:47 +0000 2020,0,False,False,False
https://x.com/onenewsph/status/1327253634753695744,https://twitter.com/onenewsph/status/1327253634753695744,1327253634753695744,"Marikina Mayor Marcy Teodoro noted that with Typhoon #UlyssesPH, water rose quickly even in areas not largely seen as flood-prone.

https://t.co/r7STdi2Src",0,1,0,0,Fri Nov 13 14:15:00 +0000 2020,0,False,False,False
https://x.com/gandachonaa/status/1327639650660356096,https://twitter.com/gandachonaa/status/1327639650660356096,1327639650660356096,Cagayan and Isabela has one of the largest dams in the Philippines which is the Magat Dam. It also supplies electricity in Metro Manila. They had to open gates kaya nakadagdag sa pagtaas ng baha plus we have the longest river in the Philippines which is the Cagayan River at.. https://t.co/83ER2ySLwM,0,1,0,0,Sat Nov 14 15:48:53 +0000 2020,0,False,False,True
https://x.com/Blackpinkfever1/status/1327591688672485376,https://twitter.com/Blackpinkfever1/status/1327591688672485376,1327591688672485376,"Repost...
Cagayan has one of the largest dams in the Philippines which is the Magat Dam. It also supplies electricity in Metro Manila. They had to open gates kaya nakadagdag sa pagtaas ng baha plus we have the longest river in the Philippines which is the Cagayan River at umapaw",0,1,0,0,Sat Nov 14 12:38:18 +0000 2020,0,False,False,False
https://x.com/yhannieleigh/status/1327580335358447616,https://twitter.com/yhannieleigh/status/1327580335358447616,1327580335358447616,Cagayan has one of the largest dams in the Philippines which is the Magat Dam. It also supplies electricity in Metro Manila. They had to open gates kaya nakadagdag sa pagtaas ng baha plus we have the longest river in the Philippines which is the Cagayan River at umapaw na din po.,0,1,0,0,Sat Nov 14 11:53:11 +0000 2020,0,False,False,False
https://x.com/lhai_nicole/status/1327564692408074240,https://twitter.com/lhai_nicole/status/1327564692408074240,1327564692408074240,Cagayan has one of the largest dams in the Philippines which is the Magat Dam. It also supplies electricity in Metro Manila. They had to open gates kaya nakadagdag sa pagtaas ng baha plus we have the longest river in the Philippines which is the Cagayan River at umapaw na din po.,0,1,1,0,Sat Nov 14 10:51:02 +0000 2020,0,False,False,False
https://x.com/betchay_TM/status/1327558284769783810,https://twitter.com/betchay_TM/status/1327558284769783810,1327558284769783810,Cagayan has one of the largest dams in the Philippines which is the Magat Dam. It also supplies electricity in Metro Manila. They had to open gates kaya nakadagdag sa pagtaas ng baha plus we have the longest river in the Philippines which is the Cagayan River at umapaw na din po.,0,1,1,0,Sat Nov 14 10:25:34 +0000 2020,0,False,False,False
https://x.com/dolcedior__/status/1327553071921065984,https://twitter.com/dolcedior__/status/1327553071921065984,1327553071921065984,Cagayan has one of the largest dams in the Philippines which is the Magat Dam. It also supplies electricity in Metro Manila. They had to open gates kaya nakadagdag sa pagtaas ng baha plus we have the longest river in the Philippines which is the Cagayan River at umapaw na din po.,0,1,2,0,Sat Nov 14 10:04:51 +0000 2020,0,False,False,False
https://x.com/ianmdomingo/status/1327548616727117824,https://twitter.com/ianmdomingo/status/1327548616727117824,1327548616727117824,Cagayan has one of the largest dams in the Philippines which is the Magat Dam. It also supplies electricity in Metro Manila. They had to open gates kaya nakadagdag sa pagtaas ng baha plus we have the longest river in the Philippines which is the Cagayan River at umapaw na din po.,0,1,0,0,Sat Nov 14 09:47:09 +0000 2020,0,False,False,False
https://x.com/Rhianna18354361/status/1327544867833016320,https://twitter.com/Rhianna18354361/status/1327544867833016320,1327544867833016320,Cagayan Valley (Region 2) has one of the largest dams in the Philippines which is the Magat Dam. It also supplies electricity in Metro Manila. They had to open gates kaya nakadagdag sa pagtaas ng baha plus we have the longest river in the Philippines which is the Cagayan River,1,0,2,0,Sat Nov 14 09:32:15 +0000 2020,0,False,False,False
https://x.com/zululegacy_/status/1327527879945584640,https://twitter.com/zululegacy_/status/1327527879945584640,1327527879945584640,Cagayan has one of the largest dams in the Philippines which is the Magat Dam. It also supplies electricity in Metro Manila. They had to open gates kaya nakadagdag sa pagtaas ng baha plus we have the longest river in the Philippines which is the Cagayan River at umapaw na din po.,3,1,3,0,Sat Nov 14 08:24:45 +0000 2020,0,False,False,False
https://x.com/Maricar02350332/status/1327522438859476992,https://twitter.com/Maricar02350332/status/1327522438859476992,1327522438859476992,Cagayan has one of the largest dams in the Philippines which is the Magat Dam. It also supplies electricity in Metro Manila. They had to open gates kaya nakadagdag sa pagtaas ng baha plus we have the longest river in the Philippines which is the Cagayan River at umapaw na din po.,0,1,0,0,Sat Nov 14 08:03:08 +0000 2020,0,False,False,False
https://x.com/bernardo_malou/status/1327518119548563456,https://twitter.com/bernardo_malou/status/1327518119548563456,1327518119548563456,Cagayan has one of the largest dams in the Philippines which is the Magat Dam. It also supplies electricity in Metro Manila. They had to open gates kaya nakadagdag sa pagtaas ng baha plus we have the longest river in the Philippines which is the Cagayan River at umapaw na din po.,0,1,0,0,Sat Nov 14 07:45:58 +0000 2020,0,False,False,False
https://x.com/_Beauuuuuu_/status/1327516232699027463,https://twitter.com/_Beauuuuuu_/status/1327516232699027463,1327516232699027463,Cagayan has one of the largest dams in the Philippines which is the Magat Dam. It also supplies electricity in Metro Manila. They had to open gates kaya nakadagdag sa pagtaas ng baha plus we have the longest river in the Philippines which is the Cagayan River at umapaw na din po.,0,1,1,0,Sat Nov 14 07:38:28 +0000 2020,0,False,False,False
https://x.com/rawrftror/status/1327514711852662784,https://twitter.com/rawrftror/status/1327514711852662784,1327514711852662784,Cagayan Valley (Region 2) has one of the largest dams in the Philippines which is the Magat Dam. It also supplies electricity in Metro Manila. They had to open gates kaya nakadagdag sa pagtaas ng baha plus we have the longest river in the Philippines which is the Cagayan River,3,1,5,1,Sat Nov 14 07:32:25 +0000 2020,0,False,False,False
https://x.com/_isharlene/status/1327511020051447808,https://twitter.com/_isharlene/status/1327511020051447808,1327511020051447808,Cagayan Valley has one of the largest dams in the Philippines which is the Magat Dam. It also supplies electricity in Metro Manila. They had to open gates kaya nakadagdag sa pagtaas ng baha plus we have the longest river in the Philippines which is the Cagayan River at umapaw na,0,1,0,0,Sat Nov 14 07:17:45 +0000 2020,0,False,False,False
https://x.com/Dimple74105557/status/1327510191751958528,https://twitter.com/Dimple74105557/status/1327510191751958528,1327510191751958528,Cagayan has one of the largest dams in the Philippines which is the Magat Dam. Its also supplies electricity in metro manila. They had to open gates kaya nadagdagan ang pagtaas ng baha plus we have the longest river in the Philippines which is the Cagayan River na umapaw na rin..,0,2,0,0,Sat Nov 14 07:14:28 +0000 2020,0,False,False,False
https://x.com/astherialle/status/1327507507929989120,https://twitter.com/astherialle/status/1327507507929989120,1327507507929989120,Cagayan valley has one of the largest dams in the Philippines which is the Magat Dam. It also supplies electricity in Metro Manila. They had to open gates kaya nakadagdag sa pagtaas ng baha plus we have the longest river in the Philippines which is the Cagayan River,1,2,2,0,Sat Nov 14 07:03:48 +0000 2020,0,False,False,False
https://x.com/aerionel/status/1326518853153779712,https://twitter.com/aerionel/status/1326518853153779712,1326518853153779712,"@frutysandra Ingat sa paglusob sa baha. If you are here in Manila, I wouldn't let you get out in the flood unless you wear boots",0,0,0,0,Wed Nov 11 13:35:14 +0000 2020,0,False,False,False
https://x.com/thatskye_/status/1327449212171157504,https://twitter.com/thatskye_/status/1327449212171157504,1327449212171157504,Cagayan has one of the largest dams in the Philippines which is the Magat Dam. It also supplies electricity in Metro Manila. They had to open gates kaya nakadagdag sa pagtaas ng baha plus we have the longest river in the Philippines which is the Cagayan River at umapaw na din po.,0,1,0,0,Sat Nov 14 03:12:09 +0000 2020,0,False,False,False
https://x.com/dazzy_patotie/status/1327448836210528262,https://twitter.com/dazzy_patotie/status/1327448836210528262,1327448836210528262,Cagayan Valley has one of the largest dams in the Philippines which is the Magat Dam. It also supplies electricity in Metro Manila. They had to open gates kaya nakadagdag sa pagtaas ng baha plus we have the longest river in the Philippines which is the Cagayan River at umapaw na,0,1,0,0,Sat Nov 14 03:10:40 +0000 2020,0,False,False,False
https://x.com/bbyjngwn/status/1327447113572118530,https://twitter.com/bbyjngwn/status/1327447113572118530,1327447113572118530,Cagayan has one of the largest dams in the Philippines which is the Magat Dam. It also supplies electricity in Metro Manila. They had to open gates kaya nakadagdag sa pagtaas ng baha plus we have the longest river in the Philippines which is the Cagayan River at umapaw na din po.,2,1,4,0,Sat Nov 14 03:03:49 +0000 2020,0,False,False,False
https://x.com/jeonghanx_x/status/1327447034106834944,https://twitter.com/jeonghanx_x/status/1327447034106834944,1327447034106834944,Cagayan has one of the largest dams in the Philippines which is the Magat Dam. It also supplies electricity in Metro Manila. They had to open gates kaya nakadagdag sa pagtaas ng baha plus we have the longest river in the Philippines which is the Cagayan River at umapaw na din po+,0,1,0,0,Sat Nov 14 03:03:30 +0000 2020,0,False,False,False
https://x.com/imforyoo/status/1327446904800624641,https://twitter.com/imforyoo/status/1327446904800624641,1327446904800624641,Cagayan Valley has one of the largest dams in the Philippines which is the Magat Dam. It also supplies electricity in Metro Manila. They had to open gates kaya nakadagdag sa pagtaas ng baha plus we have the longest river in the Philippines which is the Cagayan River at umapaw na,1,1,1,0,Sat Nov 14 03:02:59 +0000 2020,0,False,False,False
https://x.com/Mayannhoran1/status/1327445858724429827,https://twitter.com/Mayannhoran1/status/1327445858724429827,1327445858724429827,Cagayan has one of the largest dams in the Philippines which is the Magat Dam. It also supplies electricity in Metro Manila. They had to open gates kaya nakadagdag sa pagtaas ng baha plus we have the longest river in the Philippines which is the Cagayan River at umapaw na din po.,0,0,0,0,Sat Nov 14 02:58:50 +0000 2020,0,False,False,False
https://x.com/KatierenK/status/1327445839174766592,https://twitter.com/KatierenK/status/1327445839174766592,1327445839174766592,Cagayan has one of the largest dams in the Philippines which is the Magat Dam. It also supplies electricity in Metro Manila. They had to open gates kaya nakadagdag sa pagtaas ng baha plus we have the longest river in the Philippines which is the Cagayan River at umapaw na din po.,0,1,0,0,Sat Nov 14 02:58:45 +0000 2020,0,False,False,False
https://x.com/miahrtwllgoon/status/1327445621159063552,https://twitter.com/miahrtwllgoon/status/1327445621159063552,1327445621159063552,Cagayan and Isabela has one of the largest dams in the Philippines which is the Magat Dam. It also supplies electricity in Metro Manila. They had to open gates kaya nakadagdag sa pagtaas ng baha plus we have the longest river in the Philippines which is the ++,0,1,1,0,Sat Nov 14 02:57:53 +0000 2020,0,False,False,False
https://x.com/pikachueeee/status/1327443078173446144,https://twitter.com/pikachueeee/status/1327443078173446144,1327443078173446144,Cagayan has one of the largest dams in the Philippines which is the Magat Dam. It also supplies electricity in Metro Manila. They had to open gates kaya nakadagdag sa pagtaas ng baha plus we have the longest river in the Philippines which is the Cagayan River at umapaw na din po.,0,0,0,0,Sat Nov 14 02:47:47 +0000 2020,0,False,False,False
https://x.com/_jww__/status/1327438657775538176,https://twitter.com/_jww__/status/1327438657775538176,1327438657775538176,Cagayan has one of the largest dams in the Philippines which is the Magat Dam. It also supplies electricity in Metro Manila. They had to open gates kaya nakadagdag sa pagtaas ng baha plus we have the longest river in the Philippines which is the Cagayan River at umapaw na din po.,0,1,0,0,Sat Nov 14 02:30:13 +0000 2020,0,False,False,False
https://x.com/stelldaks0939/status/1327436816992006144,https://twitter.com/stelldaks0939/status/1327436816992006144,1327436816992006144,"[CTTO]

Cagayan has one of the largest dams in the Philippines which is the Magat Dam. It also supplies electricity in Metro Manila. They had to open gates kaya nakadagdag sa pagtaas ng baha plus we have the longest river in the Philippines which is the Cagayan River at umapaw +",0,0,0,0,Sat Nov 14 02:22:54 +0000 2020,0,False,False,False
https://x.com/HAROLDNR_/status/1327436780623208449,https://twitter.com/HAROLDNR_/status/1327436780623208449,1327436780623208449,Cagayan has one of the largest dams in the Philippines which is the Magat Dam. It also supplies electricity in Metro Manila. They had to open gates kaya nakadagdag sa pagtaas ng baha plus we have the longest river in the Philippines which is the Cagayan River at umapaw na din po+,1,1,1,0,Sat Nov 14 02:22:45 +0000 2020,0,False,False,False
https://x.com/dannazepam/status/1327435491818438656,https://twitter.com/dannazepam/status/1327435491818438656,1327435491818438656,Cagayan Valley (Region 2) has one of the largest dams in the Philippines which is the Magat Dam. It also supplies electricity in Metro Manila. They had to open gates kaya nakadagdag sa pagtaas ng baha plus we have the longest river in the Philippines which is the Cagayan River,2,1,0,0,Sat Nov 14 02:17:38 +0000 2020,0,False,False,False
https://x.com/perthqqe/status/1327434680971399168,https://twitter.com/perthqqe/status/1327434680971399168,1327434680971399168,"hello guys im from Isabela 

Cagayan has one of the largest dams in the Philippines which is the Magat Dam. It also supplies electricity in Metro Manila. They had to open gates kaya nakadagdag sa pagtaas ng baha plus we have the longest river in the +",5,1,4,2,Sat Nov 14 02:14:25 +0000 2020,0,False,False,False
https://x.com/babebolu/status/1327433010778497026,https://twitter.com/babebolu/status/1327433010778497026,1327433010778497026,Cagayan has one of the largest dams in the Philippines which is the Magat Dam. It also supplies electricity in Metro Manila. They had to open gates kaya nakadagdag sa pagtaas ng baha plus we have the longest river in the Philippines which is the Cagayan River at umapaw na din po.,0,1,0,0,Sat Nov 14 02:07:46 +0000 2020,0,False,False,False
https://x.com/chideign_1810/status/1327432948522446848,https://twitter.com/chideign_1810/status/1327432948522446848,1327432948522446848,Cagayan has one of the largest dams in the Philippines which is the Magat Dam. It mainly supplies electricity in Metro Manila. They had to open gates kaya nakadagdag sa napakalaking pagtaas ng baha plus we have the longest river in the Philippines which is the Cagayan River,0,1,0,1,Sat Nov 14 02:07:32 +0000 2020,0,False,False,False
https://x.com/seoliriko/status/1327432867949932545,https://twitter.com/seoliriko/status/1327432867949932545,1327432867949932545,"[CTTO]

Cagayan has one of the largest dams in the Philippines which is the Magat Dam. It also supplies electricity in Metro Manila. They had to open gates kaya nakadagdag sa pagtaas ng baha plus we have the longest river in the Philippines which is the Cagayan River at umapaw +",1,1,0,0,Sat Nov 14 02:07:12 +0000 2020,0,False,False,False
https://x.com/EspantasticEya/status/1327432465598750720,https://twitter.com/EspantasticEya/status/1327432465598750720,1327432465598750720,"[CTTO]

Cagayan has one of the largest dams in the Philippines which is the Magat Dam. It also supplies electricity in Metro Manila. They had to open gates kaya nakadagdag sa pagtaas ng baha plus we have the longest river in the Philippines which is the Cagayan River at umapaw +",197,2,129,7,Sat Nov 14 02:05:36 +0000 2020,3,False,False,False
https://x.com/jkyjhs/status/1327428320946839554,https://twitter.com/jkyjhs/status/1327428320946839554,1327428320946839554,"Cagayan Valley, has one of the largest dams in the Philippines which is the Magat Dam. It also supplies electricity in Metro Manila. They had to open gates kaya nakadagdag sa pagtaas ng baha plus we have the longest river in the Philippines which is the Cagayan River at ++",0,1,0,0,Sat Nov 14 01:49:08 +0000 2020,0,False,False,False
https://x.com/jelay_kaoriii/status/1327425936384397314,https://twitter.com/jelay_kaoriii/status/1327425936384397314,1327425936384397314,Cagayan has one of the largest dams in the Philippines which is the Magat Dam. It also supplies electricity in Metro Manila. They had to open gates kaya nakadagdag sa pagtaas ng baha plus we have the longest river in the Philippines which is the Cagayan River at umapaw na din po,4,1,1,0,Sat Nov 14 01:39:40 +0000 2020,0,False,False,False
https://x.com/kyungsoobeybe/status/1327464459086962689,https://twitter.com/kyungsoobeybe/status/1327464459086962689,1327464459086962689,Cagayan has one of the largest dams in the Philippines which is the Magat Dam. It also supplies electricity in Metro Manila. They had to open gates kaya nakadagdag sa pagtaas ng baha plus we have the longest river in the Philippines which is the Cagayan River at umapaw na din po.,0,1,2,0,Sat Nov 14 04:12:44 +0000 2020,0,False,False,False
https://x.com/Rhianna18354361/status/1327544867833016320,https://twitter.com/Rhianna18354361/status/1327544867833016320,1327544867833016320,Cagayan Valley (Region 2) has one of the largest dams in the Philippines which is the Magat Dam. It also supplies electricity in Metro Manila. They had to open gates kaya nakadagdag sa pagtaas ng baha plus we have the longest river in the Philippines which is the Cagayan River,1,0,2,0,Sat Nov 14 09:32:15 +0000 2020,0,False,False,False
https://x.com/winterchild2kim/status/1327483470113767424,https://twitter.com/winterchild2kim/status/1327483470113767424,1327483470113767424,Cagayan has one of the largest dams in the Philippines which is the Magat Dam. It also supplies electricity in Metro Manila. They had to open gates kaya nakadagdag sa pagtaas ng baha plus we have the longest river in the Philippines which is the Cagayan River at umapaw na din po.,1,1,1,0,Sat Nov 14 05:28:17 +0000 2020,1,False,False,False
https://x.com/_itskat080808/status/1327473132739776514,https://twitter.com/_itskat080808/status/1327473132739776514,1327473132739776514,Cagayan has one of the largest dams in the Philippines which is the Magat Dam. It also supplies electricity in Metro Manila. They had to open gates kaya nakadagdag sa pagtaas ng baha plus they have the longest river in the Philippines w/c is the Cagayan River at umapaw na din po,0,1,0,0,Sat Nov 14 04:47:12 +0000 2020,0,False,False,False
https://x.com/lhai_nicole/status/1327564692408074240,https://twitter.com/lhai_nicole/status/1327564692408074240,1327564692408074240,Cagayan has one of the largest dams in the Philippines which is the Magat Dam. It also supplies electricity in Metro Manila. They had to open gates kaya nakadagdag sa pagtaas ng baha plus we have the longest river in the Philippines which is the Cagayan River at umapaw na din po.,0,1,1,0,Sat Nov 14 10:51:02 +0000 2020,0,False,False,False
https://x.com/DeityIsMe23/status/1327467388770471936,https://twitter.com/DeityIsMe23/status/1327467388770471936,1327467388770471936,Cagayan has one of the largest dams in the Philippines which is the Magat Dam. It also supplies electricity in Metro Manila. They had to open gates kaya nakadagdag sa pagtaas ng baha plus we have the longest river in the Philippines which is the Cagayan River at umapaw na din po.,1,1,1,0,Sat Nov 14 04:24:23 +0000 2020,0,False,False,False
https://x.com/manilabulletin/status/1327155386672177153,https://twitter.com/manilabulletin/status/1327155386672177153,1327155386672177153,"They also rescued persons who were trapped in the flood along the highways in different towns in Cagayan upon the instruction of Brigadier General Crizaldo o Nieves, PRO2 director. (📷 PRO2) | via Liezle Iñigo",0,0,2,0,Fri Nov 13 07:44:36 +0000 2020,0,False,False,False
https://x.com/ilda_talk/status/1327064115630665729,https://twitter.com/ilda_talk/status/1327064115630665729,1327064115630665729,"There is really not much that can be done. Much of Metro Manila is on flood plains. Manila is even in the mouth of the Pasig River. It shouldn’t have been overdeveloped the way it is now. Worse, there is no efficient storm drain system when the city was developed. #UllyssesPH",26,14,160,2,Fri Nov 13 01:41:55 +0000 2020,1,False,False,False
https://x.com/PIA_NCR/status/1327473109826371584,https://twitter.com/PIA_NCR/status/1327473109826371584,1327473109826371584,"PIA-2/QUIRINO: The Provincial Social Welfare and here is currently packing  relief goods to be sent to #Isabela and #Cagayan  for the  flood victims in the said provinces.

#reliefPH https://t.co/PQHR5C977K",2,0,1,0,Sat Nov 14 04:47:07 +0000 2020,0,False,False,True
https://x.com/Politiko_Manila/status/1326818286445588480,https://twitter.com/Politiko_Manila/status/1326818286445588480,1326818286445588480,"JV Ejercito is sending out some tips for rescuers responding to distress calls from Filipinos whose houses have been hit by flood water due to Typhoon Ulysses.
https://t.co/Qe5HJiqmOP
#MetroManilaSnitch
#TyphoonUlysses 
@jvejercito https://t.co/GJfQWiRDI7",0,0,1,0,Thu Nov 12 09:25:05 +0000 2020,0,False,False,True
https://x.com/clapicusrein2/status/1327034334700740610,https://twitter.com/clapicusrein2/status/1327034334700740610,1327034334700740610,"The spillway from Laguna de Bay to Manila Bay, in case the lake overflowed in a massive flood - was one of the many projects with the name ""Marcos"" attached to it, that were scrapped by Cory Aquino. When the super-flood caused by Ondoy hit in September 2009, Laguna de Bay",0,0,0,1,Thu Nov 12 23:43:35 +0000 2020,0,False,False,False
https://x.com/Politiko_Manila/status/1327058598996836352,https://twitter.com/Politiko_Manila/status/1327058598996836352,1327058598996836352,"Marikina Mayor Marcy Teodoro showed he’s a hands on leader during disasters as he proceeded to tour the city at the height of Typhoon Ulysses.
https://t.co/ApyJ9XjV3X
#MetroManilaNews",0,0,0,0,Fri Nov 13 01:20:00 +0000 2020,0,False,False,False
https://x.com/EPA_Images/status/1326825082187100161,https://twitter.com/EPA_Images/status/1326825082187100161,1326825082187100161,"A dog sits on a vehicle submerged in flood in Marikina City, Metro Manila, Philippines, after #TyphoonVamco caused floods. 📷 epa-efe / Rolex Dela Pena

#flood #dogs #Manila #epaphotos #photojournalism https://t.co/2PyFR9uMWQ",0,0,8,0,Thu Nov 12 09:52:05 +0000 2020,0,False,False,True
https://x.com/manila_today/status/1326743275357655040,https://twitter.com/manila_today/status/1326743275357655040,1326743275357655040,"#RescuePH #UlyssesPH VALENZUELA Flood Alert, as of 12pm,Nov 12
Not Passable To All Types Of Vehicles 
- Pio Val Cor. MAH Marulas 20-22in
- Wil Oil Gas Station Vent Reales 38-40in
- Cor Pinagbayanan Lingunan 42-44in
Not Passable to Light Vehicles
- G. Lazato cor I.Fernando 15-16in",0,0,0,0,Thu Nov 12 04:27:01 +0000 2020,0,False,True,False
https://x.com/IAm_Baneng/status/1327311805085933569,https://twitter.com/IAm_Baneng/status/1327311805085933569,1327311805085933569,"Why did he even became President? The Aquino's never cared for this country.

Flooded Filipinos pay P1.2B for flood-control project that Aquino stopped – The Manila Times https://t.co/jV2lmcaeNV",0,0,1,0,Fri Nov 13 18:06:09 +0000 2020,0,False,False,False
https://x.com/PIA_NCR/status/1327500850047066114,https://twitter.com/PIA_NCR/status/1327500850047066114,1327500850047066114,"Mayor Jefferson Soriano on the flood situation in Tuguegarao City, #Cagayan : 

“So far po, iisa ang confirmed (casualty) case last night. Yung taga  BFAR na nag-rescue sa #Linao. That was about 8-9 o'clock last night. ” https://t.co/0RyRUdfTGj",1,0,1,0,Sat Nov 14 06:37:21 +0000 2020,0,False,False,False
https://x.com/dzrhnews/status/1326732727475793920,https://twitter.com/dzrhnews/status/1326732727475793920,1326732727475793920,"LOOK: Road 6 Barangay 905 Zone 100 Punta Sta. Ana, Manila flood rise to high level, not passable to vehicles, on-going evacuation | RH29 @boy_gonzales #DZRHNationwide https://t.co/gqGH01oEAL",0,0,0,0,Thu Nov 12 03:45:06 +0000 2020,0,False,False,True
https://x.com/subingsquared_/status/1326732927292506114,https://twitter.com/subingsquared_/status/1326732927292506114,1326732927292506114,"Every year the government claims to have learned from the lessons of Ondoy—but nothing has actually changed. Much needed long-term flood infra projects are stuck in the pipeline, and gov’t seems to prioritize response over resilience. From 2019:

https://t.co/Ud0DekbyIo",96,2,164,9,Thu Nov 12 03:45:54 +0000 2020,12,False,False,False
https://x.com/PIA_NCR/status/1326596975798546433,https://twitter.com/PIA_NCR/status/1326596975798546433,1326596975798546433,"PAGASA Heavy Rainfall Warning No. 4 (2AM)
#UlyssesPH

Red Warning is raised over #MetroManila, #Quezon, #Bulacan, #Rizal, #Laguna.

Associated Hazard: Serious FLOODING in flood-prone areas. https://t.co/yr058zUgIT",2,0,2,0,Wed Nov 11 18:45:40 +0000 2020,0,False,False,True
https://x.com/iedsctipmnl/status/1327442711889133568,https://twitter.com/iedsctipmnl/status/1327442711889133568,1327442711889133568,"Good Day fellow IE's and TIPians!

In partnership with the Junior Philippine Institute of Industrial Engineers of Technological Institute of the Philippines, Manila are asking your kind heart for any amount of donation to help our fellow Cagayanos who were affected of the Flood. https://t.co/VQr6Gdkfny",5,1,3,1,Sat Nov 14 02:46:19 +0000 2020,0,False,False,True
https://x.com/ichu2000/status/1327522926598393856,https://twitter.com/ichu2000/status/1327522926598393856,1327522926598393856,"this was discussed on  August 15, 2018... WHY DOES MANILA FLOOD?   https://t.co/LZgDafTxRA

so there was a proposal in the late 70's to build another drainage system --the Paranaque Spillway",0,0,0,0,Sat Nov 14 08:05:04 +0000 2020,0,False,False,False
https://x.com/saccharinelwt/status/1327560556203499520,https://twitter.com/saccharinelwt/status/1327560556203499520,1327560556203499520,"AND OUR COUNTRY IS CURRENTLY STILL SUBMERGED WITH FLOOD WATER.

MANILA IS NOT ONLY THE PHILIPPINES.

WE HAVE OTHER CITIES PROVINCES AS WELL.",0,0,0,0,Sat Nov 14 10:34:36 +0000 2020,0,False,False,False
https://x.com/RalfRivas/status/1326892736717467651,https://twitter.com/RalfRivas/status/1326892736717467651,1326892736717467651,"Move to a less flood-prone area?

Sure, but do you know the average selling price of land in Manila? Cheapest is around P75,000-P100,000 per sqm. and that’s likely in a flood-prone area.

Rent? It has grown at a steady rate of 5-6% yearly, faster than the yearly salary increase.",0,0,5,0,Thu Nov 12 14:20:55 +0000 2020,0,False,False,False
https://x.com/nednared/status/1327522964187668485,https://twitter.com/nednared/status/1327522964187668485,1327522964187668485,Uncontrolled quarrying in the mountains of Montalban (Rodriguez) in Rizal province blamed for disastrous flood in Metro Manila.,0,0,0,0,Sat Nov 14 08:05:13 +0000 2020,0,False,True,False
https://x.com/EPA_Images/status/1326915769817591815,https://twitter.com/EPA_Images/status/1326915769817591815,1326915769817591815,"A resident carrying food goes through a flood caused by #TyphoonVamcon at a riverside community at the boundary of Marikina City in Metro #Manila and Rizal province, #Philippines.  📷 epa-efe / Rolex De La Pena

#vamco #typhoon #weather #epaphotos #photojournalism https://t.co/naBPzlN5e8",0,1,1,0,Thu Nov 12 15:52:27 +0000 2020,0,False,False,True
https://x.com/clapicusrein2/status/1327034503798214656,https://twitter.com/clapicusrein2/status/1327034503798214656,1327034503798214656,"""The first three parts were completed in 1983, 1984, and 1986, the year of the coup against Marcos. The fourth and final part - the spillway from Laguna de Bay to Manila Bay, in case the lake overflowed in a massive flood - was one of the many projects with the name ""Marcos""",0,0,0,1,Thu Nov 12 23:44:15 +0000 2020,0,False,True,False
https://x.com/MiahPiii/status/1327035971519406080,https://twitter.com/MiahPiii/status/1327035971519406080,1327035971519406080,"Why does Manila flood? Here is the answer: https://t.co/JF1Dwriiwx
#UlyssesPH #ClimateChangeIsReal",0,0,0,0,Thu Nov 12 23:50:05 +0000 2020,0,False,False,False
https://x.com/clapicusrein2/status/1327034503798214656,https://twitter.com/clapicusrein2/status/1327034503798214656,1327034503798214656,"""The first three parts were completed in 1983, 1984, and 1986, the year of the coup against Marcos. The fourth and final part - the spillway from Laguna de Bay to Manila Bay, in case the lake overflowed in a massive flood - was one of the many projects with the name ""Marcos""",0,0,0,1,Thu Nov 12 23:44:15 +0000 2020,0,False,True,False
https://x.com/clapicusrein2/status/1327034334700740610,https://twitter.com/clapicusrein2/status/1327034334700740610,1327034334700740610,"The spillway from Laguna de Bay to Manila Bay, in case the lake overflowed in a massive flood - was one of the many projects with the name ""Marcos"" attached to it, that were scrapped by Cory Aquino. When the super-flood caused by Ondoy hit in September 2009, Laguna de Bay",0,0,0,1,Thu Nov 12 23:43:35 +0000 2020,0,False,False,False
https://x.com/MarCKu8/status/1327023047673516033,https://twitter.com/MarCKu8/status/1327023047673516033,1327023047673516033,"""The first three parts were completed in 1983, 1984, and 1986, the year of the coup against Marcos. The fourth and final part - the spillway from Laguna de Bay to Manila Bay, in case the lake overflowed in a massive flood - was one of the many projects with the name ""Marcos"" https://t.co/pggsnJAJpd",0,1,1,0,Thu Nov 12 22:58:44 +0000 2020,1,False,False,True
https://x.com/MarCKu8/status/1327022978031357952,https://twitter.com/MarCKu8/status/1327022978031357952,1327022978031357952,"""The first three parts were completed in 1983, 1984, and 1986, the year of the coup against Marcos. The fourth and final part - the spillway from Laguna de Bay to Manila Bay, in case the lake overflowed in a massive flood - was one of the many projects with the name ""Marcos"" https://t.co/9KmxPUYHcK",0,0,0,0,Thu Nov 12 22:58:27 +0000 2020,0,False,False,True
https://x.com/yoji_xxxro__/status/1326998099672252416,https://twitter.com/yoji_xxxro__/status/1326998099672252416,1326998099672252416,"@janeEyre91 Thankfully, we are. I live in the higher part of Manila so we didn’t have flood like this. But still, many people were affected by the typhoon. It’s sad to see them suffer 😞 Thank you for the concern. Please stay safe too! 💖🙏🏻",0,1,1,0,Thu Nov 12 21:19:36 +0000 2020,0,False,False,False
https://x.com/CTVNews/status/1326960200750936064,https://twitter.com/CTVNews/status/1326960200750936064,1326960200750936064,"A week and a half after the Philippines was hit hard by a super typhoon, another storm made a landfall in the country near Manila. #CTVNews #Typhoon #storm #Philippines #Manila #Asia #weather #nature #disaster #water #flood #rescue https://t.co/Y4tmXqHiWA",5,1,10,1,Thu Nov 12 18:49:00 +0000 2020,0,False,False,False
https://x.com/BenarNews/status/1326959540148035587,https://twitter.com/BenarNews/status/1326959540148035587,1326959540148035587,"Rains from Typhoon Vamco (Ulysses) Flood Manila Capital Region
https://t.co/sWawplYQuG https://t.co/U8QXaq4I1h",1,0,0,0,Thu Nov 12 18:46:22 +0000 2020,0,False,False,True
https://x.com/BenarNewsPH/status/1326959473936764931,https://twitter.com/BenarNewsPH/status/1326959473936764931,1326959473936764931,"Rains from Typhoon Vamco (Ulysses) Flood Manila Capital Region
https://t.co/XgCpZ6y9XQ https://t.co/VVIfC4AMGt",0,0,0,0,Thu Nov 12 18:46:06 +0000 2020,0,False,False,True
https://x.com/anews/status/1326955579533881346,https://twitter.com/anews/status/1326955579533881346,1326955579533881346,"Torrential rains from Typhoon Vamco lashed provinces in the Philippines' main Luzon island on Thursday, paralyzing parts of the capital Manila as some residents awaited rescue by boat due to rising flood waters.
#TyphoonVamco #Typhoon #Vamco #Philippines #Manila #anews https://t.co/SBJcQeodH2",1,0,4,0,Thu Nov 12 18:30:38 +0000 2020,0,False,False,True
https://x.com/alesdlyn/status/1326946280002777091,https://twitter.com/alesdlyn/status/1326946280002777091,1326946280002777091,"instead of focusing on manila bay ""beautification"", the gov't should've used the resources to fix the flood control system of metro manila and build infrastructures that could've prevented this predicament. baka nakatulong pa talaga sa mental health ng mga tao;-;",5,1,19,1,Thu Nov 12 17:53:41 +0000 2020,0,False,False,False
https://x.com/PtrSanders/status/1326944129671176192,https://twitter.com/PtrSanders/status/1326944129671176192,1326944129671176192,"Want to help the people of the Philippines? Go to this website and select International Baptist Church, Manila. You can put ""disaster relief"" or ""flood relief"" in the additional comments section at the bottom of the form. https://t.co/FM7erj91QO https://t.co/04OYDAnfKF",0,1,0,0,Thu Nov 12 17:45:08 +0000 2020,0,False,False,True
https://x.com/W0lverineupdate/status/1326928431662026753,https://twitter.com/W0lverineupdate/status/1326928431662026753,1326928431662026753,"#TyphoonVamco :- Two dogs one sits on a vehicle &amp; One on roof submerged in flood in #Marikina City, Metro Manila, #Philippines, after #TyphoonVamco caused floods. 

#flood #dogs #Manila https://t.co/G6qZ0WiFVX",0,2,3,0,Thu Nov 12 16:42:45 +0000 2020,0,False,False,True
https://x.com/OnyejiNnaji/status/1326927192941604864,https://twitter.com/OnyejiNnaji/status/1326927192941604864,1326927192941604864,"https://t.co/FUEknbIYlv: Noah flood returns in Philippi https://t.co/he5bMh6JB3 

Manila paralysed after Typhoon Vamco sweeps across Philippines https://t.co/IA1hagkdwn",0,0,0,0,Thu Nov 12 16:37:50 +0000 2020,0,False,False,True
https://x.com/dreamglowMNL/status/1326919211730546688,https://twitter.com/dreamglowMNL/status/1326919211730546688,1326919211730546688,"Hello! We are deeply sorry for being inactive today. Both admins were affected by the typhoon that resulted a flood in our areas (both in Manila and Taguig). 

To those who have ‘mined’ on our 11.11 sale, we will send a form via DM tomorrow. Pls Keep safe and dry Dreamers! ⭐️💜",0,1,6,0,Thu Nov 12 16:06:07 +0000 2020,0,False,False,False
https://x.com/EPA_Images/status/1326915769817591815,https://twitter.com/EPA_Images/status/1326915769817591815,1326915769817591815,"A resident carrying food goes through a flood caused by #TyphoonVamcon at a riverside community at the boundary of Marikina City in Metro #Manila and Rizal province, #Philippines.  📷 epa-efe / Rolex De La Pena

#vamco #typhoon #weather #epaphotos #photojournalism https://t.co/naBPzlN5e8",0,1,1,0,Thu Nov 12 15:52:27 +0000 2020,0,False,False,True
https://x.com/RalfRivas/status/1326892736717467651,https://twitter.com/RalfRivas/status/1326892736717467651,1326892736717467651,"Move to a less flood-prone area?

Sure, but do you know the average selling price of land in Manila? Cheapest is around P75,000-P100,000 per sqm. and that’s likely in a flood-prone area.

Rent? It has grown at a steady rate of 5-6% yearly, faster than the yearly salary increase.",0,0,5,0,Thu Nov 12 14:20:55 +0000 2020,0,False,False,False
https://x.com/BFVR24/status/1326892127276597254,https://twitter.com/BFVR24/status/1326892127276597254,1326892127276597254,I think the most viable solution to Metro Manila flooding especially in Marikina and other low lying areas in the region is like Tokyo's Flood Tunnel. We may spend hundreds of billions but It will pay off the future infrastructure damages and lives that will be saved. #UlysesPH,0,1,0,0,Thu Nov 12 14:18:30 +0000 2020,1,False,False,False
https://x.com/inquirerdotnet/status/1326873602411651072,https://twitter.com/inquirerdotnet/status/1326873602411651072,1326873602411651072,Waters from the Marikina River rushed toward the Manggahan floodway of the Pasig-Marikina flood control project after the eyewall of Typhoon Ulysses hit various parts of Metro Manila and Rizal province. | @GabrielLaluINQ #UlyssesPH  https://t.co/ikFcaSa6Tu,7,0,14,0,Thu Nov 12 13:04:53 +0000 2020,0,False,False,False
https://x.com/rkglobio/status/1326868684443324417,https://twitter.com/rkglobio/status/1326868684443324417,1326868684443324417,"6/8
𝗠𝗘𝗧𝗥𝗢 𝗠𝗔𝗡𝗜𝗟𝗔 𝗗𝗘𝗩𝗘𝗟𝗢𝗣𝗠𝗘𝗡𝗧 𝗔𝗨𝗧𝗛𝗢𝗥𝗜𝗧𝗬
Hotline:136
Trunkline: (02) 882-4150-77
loc. 337 (Rescue)
255 (Metrobase)
319 (Road Safety)
374 (Public Safety)
320 (Road Emergency)
(02) 882-0925 (Flood Control)",0,1,0,0,Thu Nov 12 12:45:21 +0000 2020,0,False,False,False
https://x.com/winterchild2kim/status/1327483470113767424,https://twitter.com/winterchild2kim/status/1327483470113767424,1327483470113767424,Cagayan has one of the largest dams in the Philippines which is the Magat Dam. It also supplies electricity in Metro Manila. They had to open gates kaya nakadagdag sa pagtaas ng baha plus we have the longest river in the Philippines which is the Cagayan River at umapaw na din po.,1,1,1,0,Sat Nov 14 05:28:17 +0000 2020,1,False,False,False
https://x.com/Rhianna18354361/status/1327544867833016320,https://twitter.com/Rhianna18354361/status/1327544867833016320,1327544867833016320,Cagayan Valley (Region 2) has one of the largest dams in the Philippines which is the Magat Dam. It also supplies electricity in Metro Manila. They had to open gates kaya nakadagdag sa pagtaas ng baha plus we have the longest river in the Philippines which is the Cagayan River,1,0,2,0,Sat Nov 14 09:32:15 +0000 2020,0,False,False,False
https://x.com/_itskat080808/status/1327473132739776514,https://twitter.com/_itskat080808/status/1327473132739776514,1327473132739776514,Cagayan has one of the largest dams in the Philippines which is the Magat Dam. It also supplies electricity in Metro Manila. They had to open gates kaya nakadagdag sa pagtaas ng baha plus they have the longest river in the Philippines w/c is the Cagayan River at umapaw na din po,0,1,0,0,Sat Nov 14 04:47:12 +0000 2020,0,False,False,False
https://x.com/ManaligodLuisa/status/1327503428570910720,https://twitter.com/ManaligodLuisa/status/1327503428570910720,1327503428570910720,Cagayan Valley (Region 2) has one of the largest dams in the Philippines which is the Magat Dam. It also supplies electricity in Metro Manila. They had to open gates kaya nakadagdag sa pagtaas ng baha plus we have the longest river in the Philippines which is the Cagayan River++,0,1,1,0,Sat Nov 14 06:47:35 +0000 2020,0,False,False,False
https://x.com/Maricar02350332/status/1327522438859476992,https://twitter.com/Maricar02350332/status/1327522438859476992,1327522438859476992,Cagayan has one of the largest dams in the Philippines which is the Magat Dam. It also supplies electricity in Metro Manila. They had to open gates kaya nakadagdag sa pagtaas ng baha plus we have the longest river in the Philippines which is the Cagayan River at umapaw na din po.,0,1,0,0,Sat Nov 14 08:03:08 +0000 2020,0,False,False,False
https://x.com/nerdozoic/status/1327247442081771520,https://twitter.com/nerdozoic/status/1327247442081771520,1327247442081771520,"@miggyvillainous @pharmiki I think we were all warned through the NDRRMC SMS alerts. Let's recognize the improvement. Wala yan nung Ondoy.

If you expect Marikina to be flood-free, you might be expecting too much. You can't really prevent floods from happening if walang flood control project put in place.",0,0,14,0,Fri Nov 13 13:50:23 +0000 2020,0,False,False,False
https://x.com/rapplerdotcom/status/1327240576132067329,https://twitter.com/rapplerdotcom/status/1327240576132067329,1327240576132067329,"To escape the flood from Typhoon Ulysses, a family in Provident Village, Marikina decides to climb onto their roof. It is not as simple as they imagine. #UlyssesPH  https://t.co/Uspl5JpBit",4,1,12,1,Fri Nov 13 13:23:06 +0000 2020,0,False,False,False
https://x.com/MovePH/status/1327233710341697536,https://twitter.com/MovePH/status/1327233710341697536,1327233710341697536,"To escape the flood from Typhoon Ulysses, a family in Provident Village, Marikina decides to climb onto their roof. It is not as simple as they imagine. #UlyssesPH  https://t.co/m7rCPFWv7l",1,0,2,0,Fri Nov 13 12:55:50 +0000 2020,0,False,False,False
https://x.com/ReilLorenzo/status/1327229793889251333,https://twitter.com/ReilLorenzo/status/1327229793889251333,1327229793889251333,"Aside from being IA due to work lately, the past days has been so hard for me due to the typhoon that struck our area in Marikina city and we got power interruptions and most of the places that surrpunds us are drowned in flood. To my fellow filo moots, fighting! 🥺💕",0,16,30,0,Fri Nov 13 12:40:16 +0000 2020,0,False,True,False
https://x.com/yoonielabs/status/1327226748862271488,https://twitter.com/yoonielabs/status/1327226748862271488,1327226748862271488,@beautaejoon oh :(( i dont recommend going to rizal or marikina rn if youre passing through marcos highway since when we passed by this morning it was full of mud and there was a flood :(,0,1,0,0,Fri Nov 13 12:28:10 +0000 2020,0,False,False,False
https://x.com/bwesittt/status/1327210465089372161,https://twitter.com/bwesittt/status/1327210465089372161,1327210465089372161,@gmanews Meanwhile pnoy admin single handedly reject the flood control project in marikina.,0,0,0,0,Fri Nov 13 11:23:27 +0000 2020,0,False,False,False
https://x.com/theneilcutter/status/1327205641606205440,https://twitter.com/theneilcutter/status/1327205641606205440,1327205641606205440,"Hi, Twitter Peeps! Anyone knows who can lend a power washer? My ex-roommate from Marikina is looking for one as their house was almost washed out by the flood. If not possible for lending, let me know how much I can rent it. Thank you so much!",4,1,11,0,Fri Nov 13 11:04:17 +0000 2020,0,False,False,False
https://x.com/noticeme_zenpai/status/1327200372507561984,https://twitter.com/noticeme_zenpai/status/1327200372507561984,1327200372507561984,"Okay, Mayor Marcy, I admire you and all. But no, it's not the Angat Dam overflow that caused the flash flood in Marikina yesterday. It's the continuous deforestation, quarrying, and construction of subdivisions and other infrastructure in Rizal. Blame the Ynares' instead.",2,1,1,0,Fri Nov 13 10:43:21 +0000 2020,0,False,False,False
https://x.com/underoneceiling/status/1327194649010823169,https://twitter.com/underoneceiling/status/1327194649010823169,1327194649010823169,"After rescue assistance, MMDA helps in  clearing operations in flood-devastated Marikina City https://t.co/ykuAOqIoqH",0,0,0,0,Fri Nov 13 10:20:37 +0000 2020,0,False,False,False
https://x.com/RealGeraldton/status/1327185618493837312,https://twitter.com/RealGeraldton/status/1327185618493837312,1327185618493837312,"I personally saw how the flood covered and swept the houses of families living near the Marikina River. 

Again, #SendHelp is looking for partners who can help us reaching these families and provide them with a little help. Any amount will be much appreciated. 

Thank you!",0,1,0,0,Fri Nov 13 09:44:44 +0000 2020,0,False,False,False
https://x.com/PolitikoWatch/status/1327184599965810688,https://twitter.com/PolitikoWatch/status/1327184599965810688,1327184599965810688,"Sugod sa baha! Marcy Teodoro wades through knee-deep flood to inspect Marikina
https://t.co/N2DbpmnmCr
@MarikinaPIO 
#MarcyTeodoro
#TyphoonUlysses 
#flood https://t.co/p0BXKvrJxH",1,0,1,0,Fri Nov 13 09:40:41 +0000 2020,0,False,False,True
https://x.com/AndyVermaut/status/1327180797808242688,https://twitter.com/AndyVermaut/status/1327180797808242688,1327180797808242688,"Robredo visits Marikina, hears kids’ woes on flood-damaged modules, lost slippers https://t.co/Q6UhVjg9tK",0,0,0,0,Fri Nov 13 09:25:34 +0000 2020,0,False,False,False
https://x.com/Rayvanes/status/1327177210571026437,https://twitter.com/Rayvanes/status/1327177210571026437,1327177210571026437,@Jorge_Carino @ABSCBNNews Baket walang evacuation na nangyari?? Everyone knows Marikina is flood prone so wth is the local government in Marikina doing baket di nag evacuate hours before the storm? Nangyari na Ondoy before pero none of the officials ever learned from it!! Naiwasan sna ang tragedy.,0,1,0,0,Fri Nov 13 09:11:19 +0000 2020,0,False,False,False
https://x.com/Gyan84s/status/1327158261028622338,https://twitter.com/Gyan84s/status/1327158261028622338,1327158261028622338,"#Philippines  is one of the countries in the world that would suffer the effect of #climatechange .
This is in marikina,there are still alot of places affected with this #Flood ,

We need to wake up from sleep something is going on in the world it’s terrible everywhere.! #climate https://t.co/UPhMV5VZRY",7,0,11,1,Fri Nov 13 07:56:01 +0000 2020,1,False,False,False
https://x.com/natoreyes/status/1327155698925334528,https://twitter.com/natoreyes/status/1327155698925334528,1327155698925334528,"Lingap Gabriela is calling on folks in relief work to include cleaning materials, candles, flashlights, water, sleeping mats, clothes and boots to help returning residents in flood-ravaged areas in Marikina and Rizal. (Photo from Jang). https://t.co/Z5ub0dbqJI",7,1,8,0,Fri Nov 13 07:45:50 +0000 2020,0,False,False,True
https://x.com/esperjas/status/1327152174053421059,https://twitter.com/esperjas/status/1327152174053421059,1327152174053421059,@Doc4Dead Tragic... I hope the govt will do project to prevent this happen in marikina for 3rd time... People we have to demand to put our taxes budget for flood prevention!!!! Marikina u have to elect officials who has plan for your city!,0,0,2,0,Fri Nov 13 07:31:50 +0000 2020,0,False,False,False
https://x.com/olawaleoladipo/status/1327149772499783680,https://twitter.com/olawaleoladipo/status/1327149772499783680,1327149772499783680,"@Ann_tookeen I know, Ann. Heard Marikina is drowning with flood. Stay safe.",0,1,1,0,Fri Nov 13 07:22:17 +0000 2020,0,False,False,False
https://x.com/PAGASAFFWS/status/1327147069082136579,https://twitter.com/PAGASAFFWS/status/1327147069082136579,1327147069082136579,"Pasig-Marikina and Tullahan Flood Advisory #3 Final as of 3PM, 11.13.2020 https://t.co/E3s1TjGl5K",0,0,1,0,Fri Nov 13 07:11:33 +0000 2020,0,False,False,True
https://x.com/tw_trad/status/1327147030909775872,https://twitter.com/tw_trad/status/1327147030909775872,1327147030909775872,the flood-prone suburbs along the Marikina river (that shouldn't have been there in the first place) should be abandoned and the land should be used for agriculture,0,1,0,0,Fri Nov 13 07:11:24 +0000 2020,0,False,False,False
https://x.com/dost_pagasa/status/1327146980884279298,https://twitter.com/dost_pagasa/status/1327146980884279298,1327146980884279298,"Pasig-Marikina and Tullahan Flood Advisory #3 Final as of 3PM, 11.13.2020 https://t.co/dwKcjBhKCd",8,0,11,1,Fri Nov 13 07:11:12 +0000 2020,0,False,False,True
https://x.com/rapplerdotcom/status/1327240576132067329,https://twitter.com/rapplerdotcom/status/1327240576132067329,1327240576132067329,"To escape the flood from Typhoon Ulysses, a family in Provident Village, Marikina decides to climb onto their roof. It is not as simple as they imagine. #UlyssesPH  https://t.co/Uspl5JpBit",4,1,12,1,Fri Nov 13 13:23:06 +0000 2020,0,False,False,False
https://x.com/Teddybird/status/1326695728131973121,https://twitter.com/Teddybird/status/1326695728131973121,1326695728131973121,Marikina River level has flooded Marikina River Banks Mall! Flood water level similar to Ondoy! I hope people have evacuated in low lying areas!,0,0,4,0,Thu Nov 12 01:18:05 +0000 2020,0,False,True,False
https://x.com/manila_today/status/1326816992288935936,https://twitter.com/manila_today/status/1326816992288935936,1326816992288935936,"LOOK: Earlier, residents of Barangka, Marikina were restricted to go back into their homes after getting supplies of food and water for their families. They said that the flood has already subsided in their area. https://t.co/ML52lsWdJ0",1,1,2,0,Thu Nov 12 09:19:56 +0000 2020,0,False,False,False
https://x.com/patisyusingco/status/1326804752047333376,https://twitter.com/patisyusingco/status/1326804752047333376,1326804752047333376,we have been spared by today’s flash flood so effective talaga yung drainage system that was put up in our area after ondoy. Marikina has been a disaster prepared city but the places near the river will always be affected. LGUs can only do so much.,1,2,13,0,Thu Nov 12 08:31:18 +0000 2020,0,False,False,False
https://x.com/altermidya/status/1326813702125875201,https://twitter.com/altermidya/status/1326813702125875201,1326813702125875201,"Although food packs from DSWD have already arrived, evacuees in Barangka National High School in Marikina are still in need of hot meals and hygiene kits since their houses are still submerged in flood.

#UlyssesPH #ReliefPH https://t.co/73RpzNw5Xf",9,0,18,0,Thu Nov 12 09:06:52 +0000 2020,0,False,False,True
https://x.com/RhsllVnya/status/1327114444762087424,https://twitter.com/RhsllVnya/status/1327114444762087424,1327114444762087424,"Around 3PM in Concepcion Uno, Marikina when the flood is starting to subside. No electricity for 25hrs, and no network service till now.

Ondoy gave us huge trauma 10yrs ago but #UlyssesPH repeated the damage yesterday. TYL the sun is now out. ☀️ https://t.co/uNYZ8XbdXa",2,8,19,2,Fri Nov 13 05:01:54 +0000 2020,0,False,False,True
https://x.com/dyaryotirada/status/1326730604344324096,https://twitter.com/dyaryotirada/status/1326730604344324096,1326730604344324096,"The Philippine Coast Guard has sent its troops to flood-stricken city of Marikina and province of Rizal, as torrential rains continue caused by Typhoon #UlyssesPH. 

https://t.co/H9Xjc8IKeE",0,0,1,0,Thu Nov 12 03:36:40 +0000 2020,0,False,False,False
https://x.com/PAGASAFFWS/status/1327147069082136579,https://twitter.com/PAGASAFFWS/status/1327147069082136579,1327147069082136579,"Pasig-Marikina and Tullahan Flood Advisory #3 Final as of 3PM, 11.13.2020 https://t.co/E3s1TjGl5K",0,0,1,0,Fri Nov 13 07:11:33 +0000 2020,0,False,False,True
https://x.com/MovePH/status/1326716078228008960,https://twitter.com/MovePH/status/1326716078228008960,1326716078228008960,"@philredcross @civildefensePH @absanch @russellchengku #RescuePH: 4 kids and 9 adults are stranded at 17 B5 Singkamas St., Brgy. Tumana, Marikina City. They are on the 2nd floor atop makeshift wooden platforms as the flood rapidly rises. Contact Jessa Sumalpong at 09669133738. #UlyssesPH @philredcross
@civildefensePH | @absanch https://t.co/nwKy2QbE5V",13,1,6,0,Thu Nov 12 02:38:56 +0000 2020,0,False,False,True
https://x.com/MovePH/status/1326856091754360832,https://twitter.com/MovePH/status/1326856091754360832,1326856091754360832,"@philredcross @civildefensePH @vinceroquex @russellchengku @absanch @larajianni @AdriYanna07 @SevaJuliet @jerichodniel @benidict89 @_adriayanna #RescuePH: Family, with one senior citizen, two kids, and 5 adults remain stranded at 95 Dama de Noche St. Twinville Subdivision, Nangka, Marikina City. Flood level is reportedly neck-deep. Contact Ricardo Velasco at 09219682235. 
@philredcross @civildefensePH | via @absanch https://t.co/tnvNbS5kwM",22,1,18,3,Thu Nov 12 11:55:18 +0000 2020,0,False,False,True
https://x.com/natoreyes/status/1327155698925334528,https://twitter.com/natoreyes/status/1327155698925334528,1327155698925334528,"Lingap Gabriela is calling on folks in relief work to include cleaning materials, candles, flashlights, water, sleeping mats, clothes and boots to help returning residents in flood-ravaged areas in Marikina and Rizal. (Photo from Jang). https://t.co/Z5ub0dbqJI",7,1,8,0,Fri Nov 13 07:45:50 +0000 2020,0,False,False,True
https://x.com/dyaryotirada/status/1326725171277824001,https://twitter.com/dyaryotirada/status/1326725171277824001,1326725171277824001,WATCH: Members of the Philippine Coast Guard provided assistance to the relief operations in flood-stricken Marikina City and Rizal province as torrential rains brought by typhoon #UlyssesPH continue to batter the areas. | via Raffy Ayeng https://t.co/ONERsnwxzy,0,0,0,0,Thu Nov 12 03:15:04 +0000 2020,0,False,False,False
https://x.com/jyongculture/status/1327531105851822080,https://twitter.com/jyongculture/status/1327531105851822080,1327531105851822080,"Good day, everyone! My friends and I came up with this donation drive to help those who were severely affected by the flood (specifically victims from Marikina and Cagayan) through our shop. You can donate  any amount and it would be highly appreciated. Details below, thank you!!",4,1,5,0,Sat Nov 14 08:37:34 +0000 2020,0,False,True,False
https://x.com/ninaxtherese/status/1327059418815598594,https://twitter.com/ninaxtherese/status/1327059418815598594,1327059418815598594,the flood in marikina is breaking my heart yo ☹️ the water is literally above the second floor of some houses there,0,0,0,0,Fri Nov 13 01:23:15 +0000 2020,0,False,False,False
https://x.com/indiohistorian/status/1326569703645409282,https://twitter.com/indiohistorian/status/1326569703645409282,1326569703645409282,"While our residence is on relatively high ground (Ondoy flood submerged adjacent streets making our subdivision an island back in 2009), this part of the Marikina river is just 5 minutes walk away from our house. 

So I guess there's no sleeping tonight.",3,7,30,0,Wed Nov 11 16:57:18 +0000 2020,0,False,True,False
https://x.com/luviestown/status/1326814992696442880,https://twitter.com/luviestown/status/1326814992696442880,1326814992696442880,"You can rest assured that all donations will be given through trusted charity for the victims.

May God Bless you all lalo na iyong mga Ph Reveluv natin sa Bicol, Rizal, Marikina at iba pang affected ng flood. Let us all pray for our safety. Thank you.

#RescuePH #UlyssesPH https://t.co/46vMWWYaHm",15,2,27,8,Thu Nov 12 09:11:59 +0000 2020,1,False,False,True
https://x.com/momblogger/status/1326717858282311683,https://twitter.com/momblogger/status/1326717858282311683,1326717858282311683,I hope there are enough speed boats. I am just wondering if Marikina LGU expected flood waters to rise. or they are just overwhelmed with rescue #UlyssePH,5,0,4,1,Thu Nov 12 02:46:01 +0000 2020,0,False,True,False
https://x.com/_smartparenting/status/1326800649330196481,https://twitter.com/_smartparenting/status/1326800649330196481,1326800649330196481,"Marikina residents have described how water quickly rose even in areas that were not flood-prone.
https://t.co/qClHy7S8CT",0,0,1,0,Thu Nov 12 08:15:00 +0000 2020,0,False,False,False
https://x.com/MovePH/status/1326740121996025858,https://twitter.com/MovePH/status/1326740121996025858,1326740121996025858,"@philredcross @civildefensePH @vinceroquex @russellchengku #RescuePH: Family of 2 senior citizens, 2 adults, and a dog are stranded at 4 Jasmin St., Twinville Subdivision, Concepcion Uno, Marikina. The flood due to #UlyssesPH has reached second floor as of 12 pm. Contact Aby Tongos at 09178253145. @philredcross @civildefensePH | @absanch https://t.co/6ATC5B2moV",27,1,14,7,Thu Nov 12 04:14:29 +0000 2020,0,False,False,True
https://x.com/ANCALERTS/status/1326807177164550144,https://twitter.com/ANCALERTS/status/1326807177164550144,1326807177164550144,Ulysses-hit Marikina appeals for aid for flood victims https://t.co/vW0E3ugi2o,10,1,62,0,Thu Nov 12 08:40:56 +0000 2020,0,False,False,False
https://x.com/gandachonaa/status/1327639650660356096,https://twitter.com/gandachonaa/status/1327639650660356096,1327639650660356096,Cagayan and Isabela has one of the largest dams in the Philippines which is the Magat Dam. It also supplies electricity in Metro Manila. They had to open gates kaya nakadagdag sa pagtaas ng baha plus we have the longest river in the Philippines which is the Cagayan River at.. https://t.co/83ER2ySLwM,0,1,0,0,Sat Nov 14 15:48:53 +0000 2020,0,False,False,True
https://x.com/Blackpinkfever1/status/1327591688672485376,https://twitter.com/Blackpinkfever1/status/1327591688672485376,1327591688672485376,"Repost...
Cagayan has one of the largest dams in the Philippines which is the Magat Dam. It also supplies electricity in Metro Manila. They had to open gates kaya nakadagdag sa pagtaas ng baha plus we have the longest river in the Philippines which is the Cagayan River at umapaw",0,1,0,0,Sat Nov 14 12:38:18 +0000 2020,0,False,False,False
https://x.com/syanmykel/status/1327425773427310592,https://twitter.com/syanmykel/status/1327425773427310592,1327425773427310592,Cagayan has one of the largest dams in the Philippines which is the Magat Dam. It also supplies electricity in Metro Manila. They had to open gates kaya nakadagdag sa pagtaas ng baha plus we have the longest river in the Philippines which is the Cagayan River at umapaw na din po.,0,1,4,0,Sat Nov 14 01:39:01 +0000 2020,0,False,False,False
https://x.com/kwonieshua/status/1327424785303814144,https://twitter.com/kwonieshua/status/1327424785303814144,1327424785303814144,Cagayan has one of the largest dams in the Philippines which is the Magat Dam. It also supplies electricity in Metro Manila. They had to open gates kaya nakadagdag sa pagtaas ng baha plus we have the longest river in the Philippines which is the Cagayan River at umapaw na din po.,0,1,0,0,Sat Nov 14 01:35:05 +0000 2020,0,False,False,False
https://x.com/Dan_mrvl/status/1327421980534992896,https://twitter.com/Dan_mrvl/status/1327421980534992896,1327421980534992896,Cagayan has one of the largest dams in the Philippines which is the Magat Dam. It also supplies electricity in Metro Manila. They had to open gates kaya nakadagdag sa pagtaas ng baha plus we have the longest river in the Philippines which is the Cagayan River at umapaw na din po,0,2,1,0,Sat Nov 14 01:23:57 +0000 2020,0,False,False,False
https://x.com/queen2mh/status/1327420772122390528,https://twitter.com/queen2mh/status/1327420772122390528,1327420772122390528,Cagayan has one of the largest dams in the Philippines which is the Magat Dam. It also supplies electricity in Metro Manila. They had to open gates kaya nakadagdag sa pagtaas ng baha plus we have the longest river in the Philippines which is the Cagayan River at umapaw na din po.,169,1,213,8,Sat Nov 14 01:19:09 +0000 2020,3,False,False,False
https://x.com/YourYonan/status/1327420685367459841,https://twitter.com/YourYonan/status/1327420685367459841,1327420685367459841,Cagayan has one of the largest dams in the Philippines which is the Magat Dam. It also supplies electricity in Metro Manila. They had to open gates kaya nakadagdag sa pagtaas ng baha plus we have the longest river in the Philippines which is the Cagayan River at umapaw na din po.,0,1,0,0,Sat Nov 14 01:18:48 +0000 2020,0,False,False,False
https://x.com/JeaNett56639316/status/1327417829696520192,https://twitter.com/JeaNett56639316/status/1327417829696520192,1327417829696520192,Cagayan has one of the largest dams in the Philippines which is the Magat Dam. It also supplies electricity in Metro Manila. They had to open gates kaya nakadagdag sa pagtaas ng baha plus we have the longest river in the Philippines which is the Cagayan River at umapaw na din po.,0,0,0,0,Sat Nov 14 01:07:27 +0000 2020,0,False,False,False
https://x.com/reniellaluvs/status/1327416368841428992,https://twitter.com/reniellaluvs/status/1327416368841428992,1327416368841428992,Cagayan has one of the largest dams in the Philippines which is the Magat Dam. It also supplies electricity in Metro Manila. They had to open gates kaya nakadagdag sa pagtaas ng baha plus we have the longest river in the Philippines which is the Cagayan River at umapaw na din po+,0,1,2,0,Sat Nov 14 01:01:39 +0000 2020,0,False,False,False
