"attachments/0/accessibilityCaption","attachments/0/id","attachments/0/type","attachments/0/url","attachments/1/accessibilityCaption","attachments/1/id","attachments/1/type","attachments/1/url","attachments/2/accessibilityCaption","attachments/2/id","attachments/2/type","attachments/2/url","attachments/3/accessibilityCaption","attachments/3/id","attachments/3/type","attachments/3/url","attachments/4/accessibilityCaption","attachments/4/id","attachments/4/type","attachments/4/url","author/id","author/name","author/profilePicture","author/profileUrl","commentsCount","postId","postText","reactions/anger","reactions/haha","reactions/like","reactions/love","reactions/sorry","reactions/wow","reactionsCount","sharesCount","timestamp","url"
"No photo description available.","2651651631580874","photo","https://www.facebook.com/photo/?fbid=2651651631580874&set=a.569758108528541",,,,,,,,,,,,,,,,,"100064830693006","Proud Guardians Of Aspins & Puspins","https://scontent-iad3-1.xx.fbcdn.net/v/t39.30808-1/326547569_566543661991263_3324048247647661325_n.jpg?stp=cp0_dst-jpg_tt6&cstp=mx960x960&ctp=s40x40&_nc_cat=108&ccb=1-7&_nc_sid=2d3e12&_nc_ohc=P7fWwZBQ15cQ7kNvwHwzB2k&_nc_oc=AdrxVVlVYFi2cc1erozVP62PYhDdnWEUsbKnsBwMDvFcOnqA9Dp1_v1V7Eq5Izj23zE&_nc_zt=24&_nc_ht=scontent-iad3-1.xx&_nc_gid=QRe8xf-0SrZvhbgew9LCOA&_nc_ss=7c2a8&oh=00_AQCkPJV0eK6PYBnmmzdaIuVsUN8IYqke1la0IAWfqo0FfA&oe=6A5FC9D2","https://www.facebook.com/WeAreProudGuardiansOfAspinsAndPuspins","10","2651652348247469","Reposting! This poor dog is a flood victim in Davao City. We understand human life is more important. But in cases where heavy rain becomes a threat, please let go of your dogs' chains or leashes. 

No pets should be left behind 🙏🏼

Sleep in peace, my loyal friend. 💐","79","1","6",,"190",,"276","54","1575353698000","https://www.facebook.com/WeAreProudGuardiansOfAspinsAndPuspins/posts/pfbid0bpSekvkfdTKmurcSaAnJehkf4brip5mHvqsebammruF3WQuXXaAg9ctJgUcxTdyUl"
,,,,,,,,,,,,,,,,,,,,"100064785576276","Polymer Products Phil. Inc.","https://scontent-iad6-1.xx.fbcdn.net/v/t39.30808-1/428617462_828723075963871_2310879695388888238_n.jpg?stp=cp0_dst-jpg_tt6&cstp=mx2048x2048&ctp=s40x40&_nc_cat=100&ccb=1-7&_nc_sid=2d3e12&_nc_ohc=-ouwIXGUUcUQ7kNvwHQxguO&_nc_oc=AdoA_UMc7rA8z_njcDp4Atxwwm5C0tcMfz2mjlwydy2UHguNjuXRMDfxR2SZMV7AkoA&_nc_zt=24&_nc_ht=scontent-iad6-1.xx&_nc_gid=QRe8xf-0SrZvhbgew9LCOA&_nc_ss=7c2a8&oh=00_AQDVALUa7ZXWLyG2FQ1bZRY6cno0Vw1Ox40De1CMrPsqZA&oe=6A5FB2B2","https://www.facebook.com/polymerproductsinc","3","1318450841660843","The bahangka is a simple boat that can ferry people and goods through flooded streets. It is built with just plywood and lumber with added protection from Polytech Laminating Epoxy.",,,"64","5",,"4","73","0","1575334678000","https://www.facebook.com/polymerproductsinc/posts/pfbid0N56kuFS7bqV4LvaK2NvMLMRkuEnpdXvvv6zN8vAuEHLNbvpHNxytsWN9iQpmYb1Nl"
"No photo description available.","10159156791674922","photo","https://www.facebook.com/photo/?fbid=10159156791674922&set=a.633661758790229",,,,,,,,,,,,,,,,,"100064392325289","Eastwood City","https://scontent-iad3-1.xx.fbcdn.net/v/t39.30808-1/273428832_10161690999999922_2711099988435452824_n.jpg?stp=cp0_dst-jpg_tt6&cstp=mx1080x1080&ctp=s40x40&_nc_cat=104&ccb=1-7&_nc_sid=2d3e12&_nc_ohc=k-TCNIdV7xcQ7kNvwH-4I8j&_nc_oc=AdpzoolsngglXPnyjfJNYP7b715cuNcFqSM6Dl2S6B6mAYEmmFlvJgNC6mCOtzELEjI&_nc_zt=24&_nc_ht=scontent-iad3-1.xx&_nc_gid=QRe8xf-0SrZvhbgew9LCOA&_nc_ss=7c2a8&oh=00_AQAP4tBeE642PE-0z-HjdhOWA0a-r6QK2b5CgY3CqXhmdA&oe=6A5FC5B0","https://www.facebook.com/eastwoodcity","31","10159156795449922","We value your safety.

In case you are stranded or in need of shelter from the rains and flooding brought about by #TisoyPH, feel free to take comfort in our malls.

Overnight parking fees are waived.

Take care and stay dry, everyone!",,,"566","205",,"33","804","199","1575346691000","https://www.facebook.com/eastwoodcity/posts/pfbid0ZL4rgzzcKgZG2jNVzzUJ2vEwqeZzUs2QJWvYfzkNE5L6A2fUXB44YkgkWhGGoetJl"
"No photo description available.","1309157992590142","photo","https://www.facebook.com/photo/?fbid=1309157992590142&set=a.272769345106835",,,,,,,,,,,,,,,,,"100071213149851","Uptown Bonifacio","https://scontent-iad3-2.xx.fbcdn.net/v/t39.30808-1/489346740_682748260775606_1938196217312030262_n.jpg?stp=cp0_dst-jpg_tt6&cstp=mx2048x2048&ctp=s40x40&_nc_cat=105&ccb=1-7&_nc_sid=2d3e12&_nc_ohc=Oh5L0NA33QQQ7kNvwHXRMt2&_nc_oc=AdpyK_9VCTfMdoPwo6eDUy4ANVg2uHu4Nua_IEfYVGt_p_B4nmCoc9n4aPzJfPLkdOU&_nc_zt=24&_nc_ht=scontent-iad3-2.xx&_nc_gid=QRe8xf-0SrZvhbgew9LCOA&_nc_ss=7c2a8&oh=00_AQD_boB90mh3FM_1SXZwSSudgTJ1wezg_JHmxoT962MsWw&oe=6A5FC919","https://www.facebook.com/MegaworldUptownMall","10","1309158095923465","We value your safety.

In case you are stranded or in need of shelter from the rains and flooding brought about by #TisoyPH, feel free to take comfort in our malls.

Overnight parking fees are waived.

Take care and stay dry, everyone!","1",,"194","70",,"9","274","122","1575346555000","https://www.facebook.com/MegaworldUptownMall/posts/pfbid02fpqiTkHovsCAUhsJRbFWxRmiKWXM3GE1faoCqZRUy1DK6jqGrCuGZfaHjzBysshUl"
,,,,,,,,,,,,,,,,,,,,"100064472988502","Pet Avenue","https://scontent-iad6-1.xx.fbcdn.net/v/t39.30808-1/378138678_675109217981505_2667520918885154052_n.jpg?stp=cp0_dst-jpg_tt6&cstp=mx1200x1200&ctp=s40x40&_nc_cat=100&ccb=1-7&_nc_sid=2d3e12&_nc_ohc=qRtHP8X0W_EQ7kNvwHor2TY&_nc_oc=Adp1E-7fBG1-3zuakVWRyrNWtT7p6hEZG5yosJKHm_SGZ51HQgyqrmDRZQtAzxKLai8&_nc_zt=24&_nc_ht=scontent-iad6-1.xx&_nc_gid=QRe8xf-0SrZvhbgew9LCOA&_nc_ss=7c2a8&oh=00_AQB0zb4Y1vmFAIqo--0YbEhZ_LlORDvp-UFnCG0FASReQQ&oe=6A5FCF77","https://www.facebook.com/petavenuephilippines","14","2651647741581263","Reposting! This poor dog is a flood victim in Davao City. We understand human life is more important. But in cases where heavy rain becomes a threat, please let go of your dogs' chains or leashes. 

Sleep in peace, my loyal friend.","104",,"12","1","222",,"339","62","1575353507000","https://www.facebook.com/WeAreProudGuardiansOfAspinsAndPuspins/posts/pfbid0dwdb8JTLzWzZd1kkx9SssuH7Z2tP3VGoNPGf2SGyBYAonYDpn3bPhFNrCEdHfEWnl"
,,,,,,,,,,,,,,,,,,,,"100064542948515","Pagasa Nationalcapitalregionprsd","https://scontent-iad6-1.xx.fbcdn.net/v/t1.6435-1/117890349_325012645508210_7691668635129397714_n.jpg?stp=cp0_dst-jpg_tt6&cstp=mx960x960&ctp=s24x24&_nc_cat=109&ccb=1-7&_nc_sid=e99d92&_nc_ohc=nzJFNRcbOIIQ7kNvwHYWUMy&_nc_oc=AdprRyrlMJXQelTIW_45FRt2TeV2Z-pwlSh851nCzVmRQAqgHnXy78cz-tTqrHLIFF0&_nc_zt=24&_nc_ht=scontent-iad6-1.xx&_nc_gid=rrtpgnBfITJ9rE3ZIk1igA&_nc_ss=7c2a8&oh=00_AQBI0-0WvnB3xOh3h4r9_Wl-tCov4X8y5bACPMdw7NbcDw&oe=6A815C21","https://www.facebook.com/pagasa.nationalcapitalregion","0","2567291186701583","#ALISTO_MARIKEÑO
#ABISO_MARIKEÑO

Heavy Rainfall Warning No. 3 #NCR_PRSD
Weather System: Typhoon TISOY
Issued at: 2:00 PM,03 December 2019

Yellow Warning: #MetroManila, #Quezon, #Bataan.
Associated Hazard: Possible FLOODING in flood-prone areas

Orange Warning: #Cavite, #Rizal.
Associated Hazard: FLOODING is THREATENING

Red Warning: #Laguna, #Batangas.
Associated Hazard: Serious FLOODING is expected in flood-prone areas

Meanwhile, light to moderate rains affecting #Tarlac, #NuevaEcija, #Zambales, #Pampanga, #Bulacan which may persist within 2-3 hours and may affect nearby areas.

The public and the Disaster Risk Reduction and Management Offices concerned are advised to MONITOR the weather condition and watch for the next advisory to be issued at 5:00 PM Today.

For more information and queries, please call telephone numbers 927-1335 and 927-2877 or log on to bagong.pagasa.dost.gov.ph.",,,"64","2",,,"66","26","1575352202000","https://www.facebook.com/MarikinaRescue161/posts/pfbid0rXbKEAk441k1J5ARTybn2UuEcC4PXTjnuDoGMDY6UWf3ySE3qYvNntKC1oKVY8oNl"
"No photo description available.","2528482003872917","photo","https://www.facebook.com/photo/?fbid=2528482003872917&set=a.642259604602144",,,,,,,,,,,,,,,,,"100064543308184","Ayala Malls Feliz","https://scontent-iad3-1.xx.fbcdn.net/v/t39.30808-1/739616021_1454022656759164_8850831483383980124_n.jpg?stp=cp0_dst-jpg_tt6&cstp=mx960x960&ctp=s40x40&_nc_cat=101&ccb=1-7&_nc_sid=2d3e12&_nc_ohc=vImoePlTED0Q7kNvwF6ik-Z&_nc_oc=AdrruzLvaTKzNWREZmk_KYk0wQ2hexDQhj0r09W3woitL3YIcUSstUBNLRw50U4eldo&_nc_zt=24&_nc_ht=scontent-iad3-1.xx&_nc_gid=rrtpgnBfITJ9rE3ZIk1igA&_nc_ss=7c2a8&oh=00_AQCPiPGt3orXJZ0INubgJ47RBXYOpQ2oeGoP-hBNkxNlYQ&oe=6A5FB0F2","https://www.facebook.com/AyalaMallsFeliz","83","2528482060539578","In cases of extreme weather and flooding, take shelter at Ayala Malls. Stay safe and dry.",,"1","935","495",,"77","1508","494","1575333486000","https://www.facebook.com/AyalaMallsFeliz/posts/pfbid02jBTEcuECHLqvCDWFsyQDTqekBipeWt9we721TRph58rgE6s2fKQeWc76hN7Dz1NUl"
,,,,,,,,,,,,,,,,,,,,"100064849864375","DOST-PAGASA","https://scontent-iad3-1.xx.fbcdn.net/v/t39.30808-1/487303686_1099355335569452_7045424019269009221_n.png?stp=cp0_dst-png&cstp=mx1001x1001&ctp=s40x40&_nc_cat=1&ccb=1-7&_nc_sid=2d3e12&_nc_ohc=8-rGnn6nM6QQ7kNvwHtXH1c&_nc_oc=AdqdkngQQaSur8pWfrjUzz5THKn10vTvpeMuYNSE_ak11mqCJ4rcpTmK7o8jwzT7NRg&_nc_zt=24&_nc_ht=scontent-iad3-1.xx&_nc_gid=rrtpgnBfITJ9rE3ZIk1igA&_nc_ss=7c2a8&oh=00_AQDRltEOCZk7rqXi9LjF1gx5Sw6W9pU7aaoRdpJqLXhDYA&oe=6A5FC79F","https://www.facebook.com/PAGASA.DOST.GOV.PH","1","2567064743390894","#ALISTO_MARIKEÑO
#ABISO_MARIKEÑO

SEVERE WEATHER BULLETIN #18
FOR: TYPHOON ""TisoyPH"" (KAMMURI)
TROPICAL CYCLONE: WARNING
ISSUED AT 11:00 AM, 03 December 2019
(Valid for broadcast until the next bulletin to be issued at 2 PM today)

TYPHOON ""TISOY"" SLIGHTLY WEAKENS AND IS NOW HEADING BATANGAS - NORTHERN ORIENTAL MINDORO AREA.

• ""TISOY"" made landfall over Marinduque at 8:30 AM today.
Heavy Rainfall Outlook
• Between morning and late afternoon today: Frequent to continuous heavy to intense rains over Romblon, Marinduque, Mindoro Provinces, CALABARZON, Metro Manila, Bataan, Pampanga and Bulacan. Occasional to frequent heavy rains over Bicol Region and the rest of Central Luzon. Intermittent heavy rains over Aklan, Antique, Capiz, and the northern portions of Negros Provinces.
• Between late afternoon today and tomorrow morning: Frequent to continuous heavy (with isolated intense) rains over Mindoro Provinces, Metro Manila, Central Luzon, Rizal, and Northern Quezon including Polillo Islands. Occasional heavy rains over Cagayan Valley, Cordillera Administrative Region, Marinduque, Romblon and the rest of CALABARZON. Intermittent heavy rains over Calamian Islands.
• Residents in the aforementioned areas, especially those living in areas identified to be highly or very highly susceptible to flooding and rain-induced landslides, are advised to take appropriate actions, coordinate with local disaster risk reduction and management offices, and continue monitoring for updates, especially the Thunderstorm or Rainfall Advisories and Heavy Rainfall Warnings to be issued by PAGASA Regional Services Divisions.
Other Hazards and Information
• Forecast storm surge: up to 3 meters over several coastal areas in Batangas, Marinduque, Mindoro Provinces, Romblon, Cavite, and Batangas. For more information, refer to Storm Surge Warning #8 issued at 8 AM today.
• Tropical Cyclone Wind Signals over Ifugao, Mountain Province, Northern Cebu, Bohol, northern Negros Oriental, Eastern Samar and the rest of Samar are now lifted.
• Sea travel is risky, especially for small seacrafts, over the seaboards of areas under TCWS, the seaboards of Northern Luzon, the western seaboard of Palawan, the seaboards of Visayas, and the northern and eastern seaboards of Mindanao due to rough sea conditions
• Gusty conditions may also be experienced in areas in Northern Luzon that are not under any TCWS (especially in the coastal and mountainous zones) due to the Northeast Monsoon.

Location of eye/center: At 10:00 AM today, the center of Typhoon ""TISOY"" was estimated based on all available data at 55 km East of Calapan City, Oriental Mindoro(13.4°N, 121.7°E).
Strength: Maximum sustained winds of up to 150 km/h near the center and gustiness of up to 205 km/h.
Movement: Moving West at 25 km/h.

Forecast Positions:
• 24 Hour (Tomorrow morning): 280 km West Southwest of Subic, Zambales (14.2°N, 117.8°E)
• 48 Hour (Thursday morning):615 km West of Subic, Zambales (OUTSIDE PAR) (14.9°N, 114.6°E)
• 72 Hour (Friday morning): 730 km West of Coron, Palawan (OUTSIDE PAR) (12.1°N, 113.5°E)

TROPICAL CYCLONE WIND SIGNAL
TCWS #3(121-170 km/h winds prevailing or expected in 18 hours)
Burias Islands, Romblon, southern portion of Quezon (Perez, Alabat, Quezon, Mauban, Sampaloc, Lucban, Tayabas, Pagbilao, Lucena, Sariaya, Candelaria, Dolores, Tiaong, San Antonio, Atimonan, Padre Burgos, Agdangan, Plaridel, Unisan, Pitogo, Gumaca, Lopez, Macalelon, General Luna, Calauag, Catanauan, Guinayangan, Tagkawayan, Buenavista, Mulanay, San Narciso, San Francisco, San Andres), Marinduque, Oriental Mindoro, Occidental Mindoro including Lubang Island, Batangas, Cavite, and Laguna

TCWS #2 (61-120 km/h winds prevailing or expected in 24 hours)
Camarines Sur, Camarines Norte, Albay , Catanduanes, Sorsogon, Metro Manila, Bulacan, Bataan, Tarlac, Pampanga, Nueva Ecija, southern Aurora (Dipaculao, Maria Aurora, Baler, San Luis, Dingalan), Rizal, rest of Quezon including Polillo Islands, Calamian Islands (Coron, Busuanga, Culion, Linapacan), Cuyo Islands (Cuyo, Magsaysay, Agutaya), Zambales, Pangasinan, and Masbate including Ticao Islands, Western portion of Northern Samar (Lavezares, Allen, Biri, Rosario, Victoria, San Jose, San Isidro, Bobon, Catarman, Lope de Vega), northwestern portion of Samar (Calbayog, Tagapul-am, Almagro, Sto. Niño) Aklan, Capiz, and Northern Antique (Caluya, Libertad, Pandan, Sebaste, Culasi, Tibiao)

TCWS #1 (30-60 km/h winds prevailing or expected in 36 hours)
Southern Isabela (Palanan, Dinapigue, San Mariano, San Guillermo, Benito Soliven, Naguilian, Reina Mercedes, Luna, Aurora, Cabatuan, San Mateo, Cauayan City, Alicia, Angadanan, Ramon, San Isidro, Echague, Cordon, Santiago City, Jones and San Agustin), Benguet, Nueva Vizcaya, Ilocos Sur, La Union, Quirino, rest of Aurora, and northern portion of Palawan (El Nido, Taytay, Araceli, Dumaran) Rest of Northern Samar, rest of Samar , Biliran, northern Negros Occidental (Talisay, Calatrava, Silay, Enrique B. Magalona, Victorias, Manapla, Cadiz, Sagay, Escalante, Toboso, Bacolod, Murcia, Salvador Benedicto, San Carlos, Bago, Pulupandan, Valladolid, La Carlota, San Enrique, Pontevedra, La Castellana, Moises Padilla), rest of Antique, Iloilo, Guimaras, and Leyte

The public and the disaster risk reduction and management council concerned are advised to take appropriate actions and watch for the next Severe Weather Bulletin to be issued at 2 PM today.",,,"51",,,,"51","13","1575343432000","https://www.facebook.com/MarikinaRescue161/posts/pfbid022a7s7CVuyZ8JVuvd2gYu7xojVbrW8Xt1NbHeJD7PkiW3DBQnn4YFyEMwgPeEytkWl"
"No photo description available.","990740941298102","photo","https://www.facebook.com/photo/?fbid=990740941298102&set=a.245169988220434",,,,,,,,,,,,,,,,,"100081823034902","Ayala Malls The 30th","https://scontent-iad6-1.xx.fbcdn.net/v/t39.30808-1/741454773_1007573405313418_3400062819178475218_n.jpg?stp=cp0_dst-jpg_tt6&cstp=mx2048x2048&ctp=s40x40&_nc_cat=102&ccb=1-7&_nc_sid=2d3e12&_nc_ohc=ADekTc1JrNYQ7kNvwEet4ZJ&_nc_oc=AdqSUrZNj_poDzSBJIHqb2lJOWuJLTW0k4WHyON5DOecNeLhBTYF8fCmGaLAzuNabiY&_nc_zt=24&_nc_ht=scontent-iad6-1.xx&_nc_gid=rrtpgnBfITJ9rE3ZIk1igA&_nc_ss=7c2a8&oh=00_AQBuJiYPCLnB_fPx1VJl8jY3zqjedT8Omz_TdvzfusDYpg&oe=6A5FA19E","https://www.facebook.com/ayalamallsthe30th","0","990740981298098","In cases of extreme weather and flooding, take shelter at Ayala Malls. Stay safe and dry.",,,"84","31",,"4","119","27","1575331352000","https://www.facebook.com/ayalamallsthe30th/posts/pfbid02eFm2dxUsWWLBn4ntTZAs8fXkn4gLG3upzTjWtfUUQmtkHucMQ2dRqu4JzVQ6uwrPl"
,,,,,,,,,,,,,,,,,,,,"100064472988502","Pet Avenue","https://scontent-iad6-1.xx.fbcdn.net/v/t39.30808-1/378138678_675109217981505_2667520918885154052_n.jpg?stp=cp0_dst-jpg_tt6&cstp=mx1200x1200&ctp=s40x40&_nc_cat=100&ccb=1-7&_nc_sid=2d3e12&_nc_ohc=qRtHP8X0W_EQ7kNvwHor2TY&_nc_oc=Adp1E-7fBG1-3zuakVWRyrNWtT7p6hEZG5yosJKHm_SGZ51HQgyqrmDRZQtAzxKLai8&_nc_zt=24&_nc_ht=scontent-iad6-1.xx&_nc_gid=rrtpgnBfITJ9rE3ZIk1igA&_nc_ss=7c2a8&oh=00_AQB17jBdFz04AjmhMkJ7XM7YmzMI2Q74UFnCTmZ2qlMb3g&oe=6A5FCF77","https://www.facebook.com/petavenuephilippines","25","1522219531252358","😩😩😩","157",,"30","2","370",,"559","25","1575345452000","https://www.facebook.com/groups/752416584899327/permalink/1522219531252358/"
,,,,,,,,,,,,,,,,,,,,"100064472988502","Pet Avenue","https://scontent-iad6-1.xx.fbcdn.net/v/t39.30808-1/378138678_675109217981505_2667520918885154052_n.jpg?stp=cp0_dst-jpg_tt6&cstp=mx1200x1200&ctp=s40x40&_nc_cat=100&ccb=1-7&_nc_sid=2d3e12&_nc_ohc=qRtHP8X0W_EQ7kNvwHor2TY&_nc_oc=Adp1E-7fBG1-3zuakVWRyrNWtT7p6hEZG5yosJKHm_SGZ51HQgyqrmDRZQtAzxKLai8&_nc_zt=24&_nc_ht=scontent-iad6-1.xx&_nc_gid=rrtpgnBfITJ9rE3ZIk1igA&_nc_ss=7c2a8&oh=00_AQB17jBdFz04AjmhMkJ7XM7YmzMI2Q74UFnCTmZ2qlMb3g&oe=6A5FCF77","https://www.facebook.com/petavenuephilippines","0","10156411162471734","just takes a few sec. to unleash :(","13",,"4",,"52",,"69","11","1575369172000","https://www.facebook.com/reklamo/posts/pfbid05EYSRkxJHTbJMa3DiCHN4hJjYhmpGPrvmCnJe4eguAfEcmiU8y2GLBkwrzzYsKNel"
,,,,,,,,,,,,,,,,,,,,"100064542948515","Marikina City Rescue 161","https://scontent-iad3-1.xx.fbcdn.net/v/t39.30808-1/541379745_1210200924474661_5482984993472514193_n.jpg?stp=cp0_dst-jpg_tt6&cstp=mx1024x1024&ctp=s40x40&_nc_cat=104&ccb=1-7&_nc_sid=2d3e12&_nc_ohc=JyOFt-nYG3sQ7kNvwFoL6_l&_nc_oc=AdptbiyurnhilHwtOiiIWZiS_joIEU_WIwDCm-Oms-iowIVqp9mL6hNyk0HO6pKjRgY&_nc_zt=24&_nc_ht=scontent-iad3-1.xx&_nc_gid=DGyGSfAriW74wE1H1-3vVw&_nc_ss=7c2a8&oh=00_AQBip37ZH0HK0cImpi00qXreaKgWsDAys862DTuE18Ckug&oe=6A5FA082","https://www.facebook.com/MarikinaRescue161","7","2567867033310665","Marikina River Water Level Update
Issued at 8:00 PM, December 3, 2019

Water Level: 14.4 meters
NORMAL Level

Rainfall count as per MMDA-EFCOS
Issued at 8:00PM, December 3, 2019

Mt. Campana: 0 mm
Mt. Boso-Boso: 0 mm
Mt. Aries: 0 mm
Mt. Oro: 0 mm
Nangka: 0 mm

Total: 0 mm

7 gates open
No Flooded Area",,,"49","3","13","3","68","16","1575374624000","https://www.facebook.com/MarikinaRescue161/posts/pfbid029p99NfD8VCLGuvMVAS8mHiSY1U8FHuVKUVFWfzXHL1ziNLKUHPLEiPR6jrVx8txal"
,,,,,,,,,,,,,,,,,,,,"100064542948515","Marikina City Rescue 161","https://scontent-iad3-1.xx.fbcdn.net/v/t39.30808-1/541379745_1210200924474661_5482984993472514193_n.jpg?stp=cp0_dst-jpg_tt6&cstp=mx1024x1024&ctp=s40x40&_nc_cat=104&ccb=1-7&_nc_sid=2d3e12&_nc_ohc=JyOFt-nYG3sQ7kNvwFoL6_l&_nc_oc=AdptbiyurnhilHwtOiiIWZiS_joIEU_WIwDCm-Oms-iowIVqp9mL6hNyk0HO6pKjRgY&_nc_zt=24&_nc_ht=scontent-iad3-1.xx&_nc_gid=DGyGSfAriW74wE1H1-3vVw&_nc_ss=7c2a8&oh=00_AQBip37ZH0HK0cImpi00qXreaKgWsDAys862DTuE18Ckug&oe=6A5FA082","https://www.facebook.com/MarikinaRescue161","4","2567762906654411","Marikina River Water Level Update
Issued at 7:00 PM, December 3, 2019

Water Level: 13.8 meters
NORMAL Level

Rainfall count as per MMDA-EFCOS
Issued at 7:00PM, December 3, 2019

Mt. Campana: 0 mm
Mt. Boso-Boso: 0 mm
Mt. Aries: 0 mm
Mt. Oro: 2 mm
Nangka: 0 mm

Total: 2 mm

7 gates open
No Flooded Area",,,"52","4","1","1","58","15","1575371082000","https://www.facebook.com/MarikinaRescue161/posts/pfbid02HDfUWWwdvSv1gBDUVQ6ndGtUttqgYaSor4QfF3D3j48AURRAXDHe6D6zX3DNZsR1l"
,,,,,,,,,,,,,,,,,,,,"100064543308184","Ayala Malls Feliz","https://scontent-iad3-1.xx.fbcdn.net/v/t39.30808-1/739616021_1454022656759164_8850831483383980124_n.jpg?stp=cp0_dst-jpg_tt6&cstp=mx960x960&ctp=s40x40&_nc_cat=101&ccb=1-7&_nc_sid=2d3e12&_nc_ohc=vImoePlTED0Q7kNvwF6ik-Z&_nc_oc=AdrruzLvaTKzNWREZmk_KYk0wQ2hexDQhj0r09W3woitL3YIcUSstUBNLRw50U4eldo&_nc_zt=24&_nc_ht=scontent-iad3-1.xx&_nc_gid=DGyGSfAriW74wE1H1-3vVw&_nc_ss=7c2a8&oh=00_AQBK5rhcuhudUOXfyJgM_-grcfIDgeeXfB-U_Uf7jhOgGQ&oe=6A5FB0F2","https://www.facebook.com/AyalaMallsFeliz","20","2859099264109361","Thank you Ayala Malls Feliz!",,,"205","37",,"21","263","33","1575349819000","https://www.facebook.com/OfficialUgnayanSaPasig/posts/pfbid0xky8voAJ2adc2LNfg6Bh14aaMPo3cH4BogBtAYsWPkxpUfoLo6DRu2Sv9tY5DNcyl"
,,,,,,,,,,,,,,,,,,,,"100064472988502","Pet Avenue","https://scontent-iad6-1.xx.fbcdn.net/v/t39.30808-1/378138678_675109217981505_2667520918885154052_n.jpg?stp=cp0_dst-jpg_tt6&cstp=mx1200x1200&ctp=s40x40&_nc_cat=100&ccb=1-7&_nc_sid=2d3e12&_nc_ohc=qRtHP8X0W_EQ7kNvwHor2TY&_nc_oc=Adp1E-7fBG1-3zuakVWRyrNWtT7p6hEZG5yosJKHm_SGZ51HQgyqrmDRZQtAzxKLai8&_nc_zt=24&_nc_ht=scontent-iad6-1.xx&_nc_gid=DGyGSfAriW74wE1H1-3vVw&_nc_ss=7c2a8&oh=00_AQAbg-Q21gSS3h4-EnTVHQ3AjGEtMFT4d_pLDwEwnZf9Ow&oe=6A5FCF77","https://www.facebook.com/petavenuephilippines","2","2651644834914887","Rip doggie 😔 
 
#NoDoggieDeserveThis 👇🏾👇🏾👇🏾","31",,"2",,"87",,"120","4","1575353373000","https://www.facebook.com/WeAreProudGuardiansOfAspinsAndPuspins/posts/pfbid02hB31z6KYUtdYJdddbfJsXA42EPwQaD5KPPekGdy1sNUmtse8VsG4GFCdpToEhEx7l"
"No photo description available.","147880243289410","photo","https://www.facebook.com/photo/?fbid=147880243289410&set=a.147443273333107",,,,,,,,,,,,,,,,,"100063831944711","Sity's Limitless Cleaning - QC","https://scontent-iad6-1.xx.fbcdn.net/v/t39.30808-1/359470637_718221490315576_1671114207987508648_n.jpg?stp=cp0_dst-jpg_tt6&cstp=mx500x500&ctp=s40x40&_nc_cat=106&ccb=1-7&_nc_sid=2d3e12&_nc_ohc=o9r0lL92BAEQ7kNvwHcJNcS&_nc_oc=Adq25rTTSZX1cy4pg2hkJgzGPWSzWBgg2r1neM3p8_gxPzMB6K2PDquYzm9AIQMyiSY&_nc_zt=24&_nc_ht=scontent-iad6-1.xx&_nc_gid=DGyGSfAriW74wE1H1-3vVw&_nc_ss=7c2a8&oh=00_AQCJEgm2PoUiXhOSs_YZXr3Y68yx4U9tGCbRpNiumgvXDQ&oe=6A5FAB6D","https://www.facebook.com/sityscleaning","0","147880273289407","⚠️ Some safety tips during a typhoon. ⚠️
▪️Stay indoors and keep calm. Monitor TV and radio reports.
▪️If your house is in a flood-prone area, go to the nearest designated evacuation center.
▪️Have a flashlight and radio handy, with fresh batteries.
▪️Stock up on food, potable water, batteries and first-aid supplies.
▪️In case of flooding, turn off the main sources of electricity, gas and water in your home. 
▪️Stack furniture above the expected flood level. Keep appliances, valuables, chemicals, toxic substances and garbage beyond reach of floodwaters.
▪️Do not operate any electrical equipment during a flood.
▪️Avoid or as much as possible do not drive through flooded areas.

Keep safe everyone.

cto for the pic used.",,,"3",,,,"3","49","1575357293000","https://www.facebook.com/sityscleaning/posts/pfbid0iwND9DQXo1iqUzRMYuCrVkFpwgghKZWgKBdyFUzc68ef9MYQKw5UtiovKdV8uDGAl"
"No photo description available.","10156707969228456","photo","https://www.facebook.com/photo.php?fbid=10156707969228456&set=a.411453830351399&type=3","No photo description available.","10156707969113456","photo","https://www.facebook.com/photo.php?fbid=10156707969113456&set=a.411453830351399&type=3","No photo description available.","10156707969278456","photo","https://www.facebook.com/photo.php?fbid=10156707969278456&set=a.411453830351399&type=3","No photo description available.","10156707969128456","photo","https://www.facebook.com/photo.php?fbid=10156707969128456&set=a.411453830351399&type=3",,,,,"100044603551767","General Danny Lim","https://scontent-iad6-1.xx.fbcdn.net/v/t39.30808-1/242435276_411453867018062_3097679470705114579_n.jpg?stp=cp0_dst-jpg_tt6&cstp=mx945x945&ctp=s40x40&_nc_cat=107&ccb=1-7&_nc_sid=2d3e12&_nc_ohc=3acHwy39vjsQ7kNvwH3THr_&_nc_oc=Adowx25vhmKHu-6Afdq9aYmG1l0JS3S7TMNajVy3R13EoRRGFtS29Sab-Z_muDtLjtU&_nc_zt=24&_nc_ht=scontent-iad6-1.xx&_nc_gid=DGyGSfAriW74wE1H1-3vVw&_nc_ss=7c2a8&oh=00_AQAENp_zXBJJJVDXxi5aUK4hILcuLAtHO0dKoDJCZvqI2Q&oe=6A5FB651","https://www.facebook.com/GeneralDannyLim","31","10156707969793456","Handang tumulong ang ating mga field personnel sa mga motoristang bumabyahe ngayon. Lumapit lang sa kanila para sa anumang assistance. Patuloy din nating mino-monitor ang sitwasyon sa mga kalsada at sa mga flood-prone areas para sa agarang response kung kailangan. #TisoyPH",,,,,,,"0","41","1575343313000","https://www.facebook.com/GeneralDannyLim/posts/pfbid02DotGFV7neJqPLESrVzM3KP1UtcjoAJ5ZB6Kkm6jrHMJ5Y9iwGnbbzq6DoHA84Kf5l"
,,,,,,,,,,,,,,,,,,,,"100082633561758","Grab","https://scontent-iad3-1.xx.fbcdn.net/v/t39.30808-1/356388824_248749954556122_3634612142080762332_n.png?stp=cp0_dst-png&cstp=mx1080x1080&ctp=s40x40&_nc_cat=1&ccb=1-7&_nc_sid=2d3e12&_nc_ohc=VwHRfp8kGqoQ7kNvwHkR5B8&_nc_oc=Adq6T09w62At7SgUzZDzHXpfvWPKtR4DhFckxNJiVlCSWJtly4CnCcpFzya9wV5Vy-U&_nc_zt=24&_nc_ht=scontent-iad3-1.xx&_nc_gid=LGMr67K-aiOoaQItwMSrSg&_nc_ss=7c2a8&oh=00_AQD4oKR_-M2Qmhfe2Ju4kd58b1MowvBRG2uKUa6Ta6By3w&oe=6A5FC325","https://www.facebook.com/GrabPH","1","2563028977152017","Check out Grab's post for regular updates on Flood Alert! Stay safe and dry, everyone!☂️",,,"37","2",,,"39","1","1575363445000","https://www.facebook.com/GrabFoodPH/posts/pfbid02BLP9FBPvmaWkuFQLGdH1kZbzbmQvR1zzN5KdhqhcsC4TKEgadmHUsVm9ykMKji8sl"
"No photo description available.","2575118455929881","photo","https://www.facebook.com/photo/?fbid=2575118455929881&set=a.135171901738042",,,,,,,,,,,,,,,,,"100057356983879","ArcoVia City Newest Township Project in Pasig by Megaworld","https://scontent-iad6-1.xx.fbcdn.net/v/t39.30808-1/464332749_8502500849858249_3297856069289362663_n.jpg?stp=cp0_dst-jpg_tt6&cstp=mx1080x1080&ctp=s40x40&_nc_cat=106&ccb=1-7&_nc_sid=2d3e12&_nc_ohc=2G97ycyAi6cQ7kNvwG9SJWu&_nc_oc=AdqJrs_2Nxn_FCqn4v8E7eX0QfD2NwEA1Qs0Im_J3ypGMoBQO97Ue3cmYuAyMmvJ17I&_nc_zt=24&_nc_ht=scontent-iad6-1.xx&_nc_gid=LGMr67K-aiOoaQItwMSrSg&_nc_ss=7c2a8&oh=00_AQCreDaDyb12SWvzK49tgs5qlaFEIFj0N9XpKIxbZTz7IA&oe=6A5FC962","https://www.facebook.com/townshipprojectinpasig","0","2575118509263209","We value your safety.

In case you are stranded or in need of shelter from the rains and flooding brought about by #TisoyPH, feel free to take comfort in our malls.

Overnight parking fees are waived.

Take care and stay dry, everyone! We value your safety.

In case you are stranded or in need of shelter from the rains and flooding brought about by #TisoyPH, feel free to take comfort in our malls.

Overnight parking fees are waived.

Take care and stay dry, everyone!

#MegaworldCorporation #ArcoviaCity #Megaworld #Arcovia #BagyongTisoy",,,"1",,,,"1","0","1575360268000","https://www.facebook.com/townshipprojectinpasig/posts/pfbid02ggCnvb53Pekdfj2S1d8y7qKh4Rg33XPoLuvGsnwxAnC2ggtKsz5yV7RZPYvnWYAql"
,,,,,,,,,,,,,,,,,,,,"100064542948515","Pagasa Nationalcapitalregionprsd","https://scontent-iad6-1.xx.fbcdn.net/v/t1.6435-1/117890349_325012645508210_7691668635129397714_n.jpg?stp=cp0_dst-jpg_tt6&cstp=mx960x960&ctp=s24x24&_nc_cat=109&ccb=1-7&_nc_sid=e99d92&_nc_ohc=nzJFNRcbOIIQ7kNvwHYWUMy&_nc_oc=AdprRyrlMJXQelTIW_45FRt2TeV2Z-pwlSh851nCzVmRQAqgHnXy78cz-tTqrHLIFF0&_nc_zt=24&_nc_ht=scontent-iad6-1.xx&_nc_gid=LGMr67K-aiOoaQItwMSrSg&_nc_ss=7c2a8&oh=00_AQBqCiC5YmbikUwcOIjqpnRY163u4CoLo8bykg-HIT20bg&oe=6A815C21","https://www.facebook.com/pagasa.nationalcapitalregion","0","2567041646726537","#ALISTO_MARIKEÑO
#ABISO_MARIKEÑO

Heavy Rainfall Warning No. 2 #NCR_PRSD
Weather System: Typhoon TISOY
Issued at: 11:00 AM,03 December 2019

Yellow Warning: #MetroManila, #Rizal, #Cavite.
Associated Hazard: Possible FLOODING in flood-prone areas

Orange Warning: #Batangas, #Laguna.
Associated Hazard: FLOODING is THREATENING

Red Warning: #Quezon.
Associated Hazard: Serious FLOODING is expected in flood-prone areas

Meanwhile, light to moderate rains affecting #Bataan, #Pampanga, #Bulacan, #Tarlac, #Zambales, #NuevaEcija which may persist within 2-3 hours and may affect nearby areas.

The public and the Disaster Risk Reduction and Management Offices concerned are advised to MONITOR the weather condition and watch for the next advisory to be issued at 2:00 PM Today.

For more information and queries, please call telephone numbers 927-1335 and 927-2877 or log on to bagong.pagasa.dost.gov.ph.",,,"28",,,,"28","5","1575342601000","https://www.facebook.com/MarikinaRescue161/posts/pfbid02Vo5XhNTULwuCe6mwevDJSYohFednWJcXAs9J9sr4o2ZLhKzYSbC2oDqrU6fghcqvl"
"No photo description available.","2168885163418777","photo","https://www.facebook.com/photo/?fbid=2168885163418777&set=a.578343987802066",,,,,,,,,,,,,,,,,"100068794098989","Robinsons Metro East","https://scontent-iad3-1.xx.fbcdn.net/v/t39.30808-1/297324687_2866641243643162_4285320569121517771_n.jpg?stp=cp0_dst-jpg_tt6&cstp=mx1080x1080&ctp=s40x40&_nc_cat=1&ccb=1-7&_nc_sid=2d3e12&_nc_ohc=dOzdcUrJ8UQQ7kNvwEz8RMS&_nc_oc=AdqyOzwWoDS0VisCRQwtIET25YjiLRIFxWEhlE1HV2Lp-dCMER4eSRr9OMPEks4oBSU&_nc_zt=24&_nc_ht=scontent-iad3-1.xx&_nc_gid=LGMr67K-aiOoaQItwMSrSg&_nc_ss=7c2a8&oh=00_AQAPXQfJgyd9wK08CLFL39iZHACy7el3rrhiYGbxn_ttog&oe=6A5FA11F","https://www.facebook.com/RobMetroEast","4","2168885193418774","#ADVISORY • We care about your safety!

As of Dec. 3, 2019, we offer our parking spaces FREE OF CHARGE during times of HEAVY FLOODING. Parking spaces are on first come, first served basis.

Kindly take the necessary precautions and stay alert at all times. A friendly reminder from Robinsons Metro East.",,,"20",,,"2","22","2","1575361145000","https://www.facebook.com/RobMetroEast/posts/pfbid036B9SKtAPSaswv1dsVxcpAFuReq2Bw7FhZmhWzL9yTSUZfDRU7sYtgmzhJsfedZoQl"
"No photo description available.","492533341607580","photo","https://www.facebook.com/photo/?fbid=492533341607580&set=a.544548574137149",,,,,,,,,,,,,,,,,"100057460328654","Staycation in Eastwood City Quezon City - Happy Place","https://scontent-iad3-2.xx.fbcdn.net/v/t39.30808-1/302925799_544548587470481_7146860570704151422_n.jpg?stp=c0.0.720.720a_cp0_dst-jpg_tt6&cstp=mx720x720&ctp=s40x40&_nc_cat=103&ccb=1-7&_nc_sid=2d3e12&_nc_ohc=Sz7r62EiHooQ7kNvwHmegs3&_nc_oc=AdoKDYAjKUX8-HWVsrvKEyNgjWxmTQ0h6RKFzBzg-j-CyPrCn8g8lBEFs8abLKe5SLA&_nc_zt=24&_nc_ht=scontent-iad3-2.xx&_nc_gid=LGMr67K-aiOoaQItwMSrSg&_nc_ss=7c2a8&oh=00_AQCvYBKDD_QFeVRm_yWYX2UiMpKF2POCS0mL4lK723CiZA&oe=6A5FB6D8","https://www.facebook.com/EastwoodStaycations","0","492533364940911","We value your safety.

In case you are stranded or in need of shelter from the rains and flooding brought about by #TisoyPH, feel free to take comfort in our malls.

Overnight parking fees are waived.

Take care and stay dry, everyone!

#MegaworldCorporation #EastwoodCity #EastwoodStaycation #Staycation #Airbnb
#Megaworld #CondoStay #Eastwood",,,"1",,,,"1","0","1575359135000","https://www.facebook.com/EastwoodStaycations/posts/pfbid024mnXc7nTEwDnMRAgRRwofh6WHkByjZKaySGkmNJDN356A6f1mBDnGkciE2Ph7s6yl"
"No photo description available.","3897516983607314","photo","https://www.facebook.com/photo/?fbid=3897516983607314&set=a.431766318962944",,,,,,,,,,,,,,,,,"100063887377846","BOSS MOTO PH","https://scontent-iad3-2.xx.fbcdn.net/v/t39.30808-1/293031307_431766328962943_1155297967804033412_n.jpg?stp=cp0_dst-jpg_tt6&cstp=mx720x720&ctp=s40x40&_nc_cat=111&ccb=1-7&_nc_sid=2d3e12&_nc_ohc=j6Hs2HBb20QQ7kNvwGCEqg8&_nc_oc=AdqeHxRQ3Ps6yQ1R4o01p1NKD7clZNWswAh5HOKMRyn9Rx_IFZRt6R0KZb3YuUGIh_g&_nc_zt=24&_nc_ht=scontent-iad3-2.xx&_nc_gid=6Pw2B1jvy6Qxkkn6Hb7uUw&_nc_ss=7c2a8&oh=00_AQC0qpzhv2qmuBeSqxp6Pxc7vB9iN4EYgJvyM8BM51Lwyg&oe=6A5FAE1E","https://www.facebook.com/bossmotoph","0","3897517033607309","Typhoon Kammuri Approaches the Philippines

On December 2, 2019, a typhoon brought violent winds and torrential rainfall to the central Philippines, causing thousands of people to evacuate low-lying and mudslide-prone areas. The storm known as Kammuri (or Tisoy in the Philippines) is expected to pass Manila, the country’s capital, on December 3.

The image shows Kammuri approaching landfall on December 2, when the typhoon’s maximum wind speed reached 90 knots (105 miles/170 kilometers per hour) according to the Japan Meteorological Agency. The image was acquired by the Visible Infrared Imaging Radiometer Suite (VIIRS) on the NOAA-NASA Suomi NPP satellite.

The Philippines meteorological agency, PAGASA, warned of possible flooding and landslides in several coastal areas over the next few days. More than six inches (15 centimeters) of rainfall are expected across the region through December 4, particularly affecting the Bicol Region, Calabarzon, Mimaropa, and Central Luzon, which includes Manila. PAGASA forecasted a storm surge up to three meters (10 feet) for many coastal areas. Winds could also knock over many trees and blow off the roofs of houses.

Read more: https://go.nasa.gov/380oDF9",,,"1",,,,"1","0","1575351116000","https://www.facebook.com/bossmotoph/posts/pfbid02fxGTvmFatsvuYPovvGWKkfiwAQRcbaRQYzTTp9Tx4ojhmX5hjUnW65LJLjisHr68l"
"No photo description available.","448802432499160","photo","https://www.facebook.com/photo.php?fbid=448802432499160&set=a.450874737047100&type=3","No photo description available.","448802465832490","photo","https://www.facebook.com/photo.php?fbid=448802465832490&set=a.450874737047100&type=3","No photo description available.","448802509165819","photo","https://www.facebook.com/photo.php?fbid=448802509165819&set=a.450874737047100&type=3",,,,,,,,,"100063737327866","Chicka Chicka Chicken House","https://scontent-iad6-1.xx.fbcdn.net/v/t39.30808-1/294320433_450874763713764_5364827323558175611_n.jpg?stp=cp0_dst-jpg_tt6&cstp=mx709x709&ctp=s40x40&_nc_cat=102&ccb=1-7&_nc_sid=2d3e12&_nc_ohc=x4BoM7UBldwQ7kNvwFeJW3o&_nc_oc=AdqRCUAUL1QI_D1RlbB8TFkL1fppAgCiQs2BpH_BII-i0mUpMbjbTP0lBWr1qOhSzh4&_nc_zt=24&_nc_ht=scontent-iad6-1.xx&_nc_gid=6Pw2B1jvy6Qxkkn6Hb7uUw&_nc_ss=7c2a8&oh=00_AQDMHcE-rDjnHoS0AIVy-qOT2dePlwtwDM911CFne-BnOQ&oe=6A5FC2DE","https://www.facebook.com/chickachickachicken","1","448804019165668","A shout out to all of our friends that helped give us that #ChickaChicka appeal!  Ms. Maja and Ms. Imee and their Sonia Santiago Olivares & Associates architect team, Sir Mon and Sir Ian of Cardrian builders corporation, Sir Lionel at Lynx Lights, Sir Ken and his crew from Allied Metals Inc. Philippines, Sir Martin with HKR Equipment Corporation, Ms Deane with team Serious Studio, Sir Kevin with Chicka’s yours truly, and the rest of the gang! Cheers to #teamwork, and many more stores to come! #teamchickachicka ... Travis Flood let’s tear up the 🐓 scene!! - mfJ",,,"10","3",,"1","14","2","1575443072000","https://www.facebook.com/chickachickachicken/posts/pfbid02jQT2cFgUbm2peX3KNSiVhnxV7tYgKAeuuxwtoyKGpPytgXLVzYT85WSoLh7DJnqpl"
,,,,,,,,,,,,,,,,,,,,"100000933504872","Adrian Rodstee","https://scontent-iad6-1.xx.fbcdn.net/v/t39.30808-1/692990386_35492555847025415_5538215783941867567_n.jpg?stp=cp0_dst-jpg_tt6&cstp=mx2047x2048&ctp=s24x24&_nc_cat=100&ccb=1-7&_nc_sid=e99d92&_nc_ohc=2FnGu3Tcn_IQ7kNvwGuIijB&_nc_oc=AdpoZ2Sg1yA_qahTqE0dfaHEminfE5_4pzawV97lkLLCXfBLhHX1k1d0QRYuNYdTKLw&_nc_zt=24&_nc_ht=scontent-iad6-1.xx&_nc_gid=6Pw2B1jvy6Qxkkn6Hb7uUw&_nc_ss=7c2a8&oh=00_AQB_46ctoP6s5DeC9K_ySx6yRzOxIZr8-Xl1hqwzWo9a0g&oe=6A5FCAF0","https://www.facebook.com/Hydralizk","1","1419033201579092","#Selling Flooded Strand Set

1kea 3600 for the playset

Meet ups, South area, atc,festival ,sm molino, district imus ,sm bacoor any nearby areas in cavite,mrt taft station, lrt edsa station. Shipping ok shoulder by the buyer.",,,"1",,,,"1","0","1575382899000","https://www.facebook.com/groups/213436638805427/permalink/1419033201579092/?sale_post_id=1419033201579092"
"No photo description available.","1017923978573907","photo","https://www.facebook.com/photo/?fbid=1017923978573907&set=a.634215881743481",,,,,,,,,,,,,,,,,"100054652231562","Staycation in Eastwood City ""Mines Pad""","https://scontent-iad3-2.xx.fbcdn.net/v/t39.30808-1/305192915_634215891743480_2991675999843678834_n.jpg?stp=cp0_dst-jpg_tt6&cstp=mx2048x2043&ctp=s40x40&_nc_cat=103&ccb=1-7&_nc_sid=2d3e12&_nc_ohc=165pvhAcvMAQ7kNvwEPMi_Y&_nc_oc=AdrGA0ticm7H-EtujgwcF1pIIpg-sQ6Pok6oGinWRmhN21F20dnzKEbT1kuIczX7va0&_nc_zt=24&_nc_ht=scontent-iad3-2.xx&_nc_gid=6Pw2B1jvy6Qxkkn6Hb7uUw&_nc_ss=7c2a8&oh=00_AQDzC7GfGm-thY5cJ1WeI0SjI-kyMNyqMP0OILG81-4JzA&oe=6A5FD428","https://www.facebook.com/EastwoodCityStaycation","0","1017923998573905","We value your safety.

In case you are stranded or in need of shelter from the rains and flooding brought about by #TisoyPH, feel free to take comfort in our malls.

Overnight parking fees are waived.

Take care and stay dry, everyone!

#MegaworldCorporation #EastwoodCity #EastwoodStaycation #Staycation #Eastwood #Megaworld #StaycationinQC",,,,,,,"0","0","1575359286000","https://www.facebook.com/EastwoodCityStaycation/posts/pfbid0MbMsfmjMo93XYScY6Aybci4VBPoZAT6bHcRSAX43PzaxzRfck6hJ4KMWqBPaZzLxl"
"No photo description available.","3816812485011343","photo","https://www.facebook.com/photo/?fbid=3816812485011343&set=a.498289822338915",,,,,,,,,,,,,,,,,"100064737034484","JB Realty & Company","https://scontent-iad3-2.xx.fbcdn.net/v/t39.30808-1/383951587_722049923296236_6668844579473488579_n.jpg?stp=cp0_dst-jpg_tt6&cstp=mx500x500&ctp=s40x40&_nc_cat=103&ccb=1-7&_nc_sid=2d3e12&_nc_ohc=5JK--XemajoQ7kNvwFpdUkO&_nc_oc=Adp-Ch4UjrB1YQ3rQBpJkUQhyPCTHuGoRDj5QBeppatQ0Z0OuahSjclrAd_kG7ZqOHc&_nc_zt=24&_nc_ht=scontent-iad3-2.xx&_nc_gid=6Pw2B1jvy6Qxkkn6Hb7uUw&_nc_ss=7c2a8&oh=00_AQAQVVJuUdPEcHdzJ4Fupx3AGS8H9_HzSPPB9rk4xCgimg&oe=6A5FB4D9","https://www.facebook.com/JBREALTYPH","2","3816814918344433","Stay safe and dry everyone! 
Guaranteed 100% flood free! 
Move-in for only 250K!

📍Cainta near Ortigas Avenue Extension
📍💯 Flood Free!!!

☃️ 3 storey, 3 bedrooms, 2 toilet and bath, 2 car garage
☃️ 250K downpayment to move-in
☃️ With clubhouse membership
☃️ TCP inclusive of misc fees and taxes. 
☃️ Excluding bank charges
☃️ Accredited Banks: PSBank, BDO, Metrobank, PNB, Security Bank
☃️ Near Sierra Valley Ortigas (a township project of Robinsons Land)

Schedule a visit now! Move-in soon!

📲 0917-5969227
📲 0998-9522152
📩 jbrealty2013@gmail.com
Facebook Page: JBREALTY
Real Estate Broker License No. 3424",,,"2",,,,"2","0","1575334465000","https://www.facebook.com/JBREALTYPH/posts/pfbid0KRstpuYK6ngsFysKY3rcSDg5i8jDFRekMDHyGhTAmWsJwKZ5FbnKbGJVsfkAHMH5l"
"No photo description available.","416769182533475","photo","https://www.facebook.com/photo/?fbid=416769182533475&set=a.510960101029502",,,,,,,,,,,,,,,,,"100063465504151","EleV8te Circle","https://scontent-iad3-2.xx.fbcdn.net/v/t39.30808-1/298918076_510960111029501_3904878624760281039_n.png?stp=cp0_dst-png&cstp=mx422x422&ctp=s40x40&_nc_cat=111&ccb=1-7&_nc_sid=2d3e12&_nc_ohc=Rzs0KrxjU_EQ7kNvwGz4qgY&_nc_oc=AdqLRvIVf7ayypdXpinyuOe5c28zw3FhSpv5MHDxcNKkqBBnWtq8HYpxpJSDmYO9HIg&_nc_zt=24&_nc_ht=scontent-iad3-2.xx&_nc_gid=6Pw2B1jvy6Qxkkn6Hb7uUw&_nc_ss=7c2a8&oh=00_AQB_p6jpwrmrM9gZc3EUw0GK8l1MJRhcG_3IPHmB-lUrRQ&oe=6A5FCFD8","https://www.facebook.com/Elv8Club","0","416769219200138","RENT TO OWN CONDOMINIUM

5K CASHOUT LIPAT AGAD(3-4 Weeks) 
5K Move-in fee(kapag lilipat na) 
PROMO EXTENDED!!!

📣 URBAN DECA HOMES TONDO MANILA 📣
📍 Location: Along Vitas St. and Velasquez St. Tondo, Manila.                                                                 
READY FOR OCCUPANCY NA!

👌 NEAREST LANDMARKS 👌
⌚️ 6 Minutes away - Tondo Medical Center
⌚️ 7 Minutes away - Sto. Nino De Tondo Church 
⌚️ 11 Minutes away - Mary Jhonston Hospital
⌚️ 11 Minutes away - Archdiocesan Shrine of Sto Nino De Tondo
⌚️ 13 Minutes away - Tutuban Commercial Center
⌚️ 13 Minutes away - 999 Mall
⌚️ 19 Minutes away - SM City San Lazaro 

✅ Amenities:
🏀 Basketball Court
🎡 Children's Playground
🎋  Pocket Park 
👨‍✈️ 24/7 Security
🏭  Community Mall
🌾  Landscape Garden
🏡 Clubhouse

📌 Accessible Located : LRT & Puregold tayuman, SM San Lazaro, Abad Santos Ave. Divisoria, Malabon, Navotas, Caloocan.

💯% No Hidden Fees / Charges
💯% Perpetual or Lifetime Ownership 
💯% Secured & Good Investment
💯% FLOOD FREE AREA / NOT IN FAULTLINE

For Inquiries and scheduled tripping: 09772152307 - Globe 
PM",,,"1",,,,"1","11","1575489877000","https://www.facebook.com/Elv8Club/posts/pfbid0Af4vLgEKpoHzEtRB2KFVp29F5qqZgm1wyZq4qWLoWxGSGU388KovUhr2BDVJjdvkl"
"No photo description available.","750741048748462","photo","https://www.facebook.com/photo.php?fbid=750741048748462&set=gm.2527401750878398&type=3","No photo description available.","750741095415124","photo","https://www.facebook.com/photo.php?fbid=750741095415124&set=gm.2527401750878398&type=3","No photo description available.","750741168748450","photo","https://www.facebook.com/photo.php?fbid=750741168748450&set=gm.2527401750878398&type=3","No photo description available.","750741212081779","photo","https://www.facebook.com/photo.php?fbid=750741212081779&set=gm.2527401750878398&type=3","No photo description available.","750741248748442","photo","https://www.facebook.com/photo.php?fbid=750741248748442&set=gm.2527401750878398&type=3","100014377206883","Rod Brian Ace","https://scontent-iad3-2.xx.fbcdn.net/v/t39.30808-1/714085151_2425845257904691_679309505194991577_n.jpg?stp=cp0_dst-jpg_tt6&cstp=mx2048x2047&ctp=s24x24&_nc_cat=103&ccb=1-7&_nc_sid=1d2534&_nc_ohc=I_AvyY3MIfwQ7kNvwHjXDsm&_nc_oc=Adrbazcn9vuFcD4bE-yKTr1OYmmGcNq23HBwkFwuj99rhL3Km9UtXzYX1elf2QjAs1Q&_nc_zt=24&_nc_ht=scontent-iad3-2.xx&_nc_gid=kvwGrN4DoY2PmBCY-NNShg&_nc_ss=7c2a8&oh=00_AQC7g9PN9blG9BTOtyhyvl4tcxexLVl-1PZyraJhBHPubw&oe=6A5FBD55","https://www.facebook.com/rod.ace.319","4","2527401750878398","For sale solar flood lights and solar street lights.. Cctv packages available at
Ace systems and solutions store of cctv and supplies.. We also install..

Molave street corner dapdap brgy quirino 3a project 3 quezon city
09202731062 or
Check our page and pm us",,,"8",,,,"8","0","1575349548000","https://www.facebook.com/groups/2061063664178878/permalink/2527401750878398/"
"No photo description available.","2432331467027191","photo","https://www.facebook.com/photo/?fbid=2432331467027191&set=a.473183491506861",,,,,,,,,,,,,,,,,"100064456431072","Pamahalaang Barangay Sta. Ana, Taytay, Rizal","https://scontent-iad6-1.xx.fbcdn.net/v/t39.30808-1/615559204_1315787573913111_6709049940981676637_n.jpg?stp=c211.211.578.578a_cp0_dst-jpg_tt6&cstp=mx578x578&ctp=s40x40&_nc_cat=100&ccb=1-7&_nc_sid=2d3e12&_nc_ohc=5BpX25xZouQQ7kNvwENO9dQ&_nc_oc=Adr3zOzY-RGF3-_WPNyk87p-2pv2sWPxBefTNTEkj42QfV-vasElFI3DCCfABmCipeY&_nc_zt=24&_nc_ht=scontent-iad6-1.xx&_nc_gid=kvwGrN4DoY2PmBCY-NNShg&_nc_ss=7c2a8&oh=00_AQDj7i52jA1qrnOOwmJ2snjs84jMia6Lmn7WwUUR55m2Yw&oe=6A5FC39E","https://www.facebook.com/BarangayStaAnaTR","3","2432331587027179","Lagay ng Panahon mula sa Dost_pagasa:

Heavy Rainfall Warning No. 3  #NCR_PRSD
Weather System: Typhoon TISOY
Issued at: 2:00 PM,03 December 2019

Yellow Warning: #MetroManila, #Quezon, #Bataan.
Associated Hazard: Possible FLOODING in flood-prone areas

Orange Warning: #Cavite, #Rizal.
Associated Hazard: FLOODING is THREATENING

Red Warning: #Laguna, #Batangas.
Associated Hazard: Serious FLOODING is expected in flood-prone areas

Meanwhile, light to moderate rains affecting #Tarlac, #NuevaEcija, #Zambales, #Pampanga, #Bulacan which may persist within 2-3 hours and may affect nearby areas.

The public and the Disaster Risk Reduction and Management Offices concerned are advised to MONITOR the weather condition and watch for the next advisory to be issued at 5:00 PM Today.

For more information and queries, please call telephone numbers 927-1335 and 927-2877 or log on to bagong.pagasa.dost.gov.ph.",,,"25",,,,"25","7","1575353997000","https://www.facebook.com/BarangayStaAnaTR/posts/pfbid0yLpiAPVKys2kFZczpQoQMWPoFKYEjgkh4JQm54tg1mtMaBGRhw4Rp1qaKeuUv4dVl"
"No photo description available.","2622716081348426","photo","https://www.facebook.com/photo/?fbid=2622716081348426&set=a.453236600151517",,,,,,,,,,,,,,,,,"100063955423603","WeGen Energy Philippines Inc.","https://scontent-iad3-2.xx.fbcdn.net/v/t39.30808-1/704347156_1450835393724961_9094822498225664478_n.jpg?stp=cp0_dst-jpg_tt6&cstp=mx2048x2048&ctp=s40x40&_nc_cat=105&ccb=1-7&_nc_sid=2d3e12&_nc_ohc=OyNl0mYAP80Q7kNvwH5zuz8&_nc_oc=AdrTzCKdRA_1lWBmmZNMKoKquv2byQAv7niyIc3K0TJ7gpAtcfGqwIUaZgG3Zlqpe8w&_nc_zt=24&_nc_ht=scontent-iad3-2.xx&_nc_gid=kvwGrN4DoY2PmBCY-NNShg&_nc_ss=7c2a8&oh=00_AQCgr_ywk6LTI2HO3G5Mekm2gWqEBM8HihCXaL5zVqoyLQ&oe=6A5FBCDB","https://www.facebook.com/WeGenPH","0","2622716108015090","The weather is really bad today and so many Filipinos and communities are suffering the floods and landslides typhoon Tisoy is causing. Even as we keep ourselves and families safe,  let us prepare to give help to those who will need it because of Tisoy's impact on lives and livelihoods. Let's all work together to develop resilience. 

#WeGenPH
#FightClimateChange
#GoSolarNow",,,"20","1","1",,"22","5","1575368015000","https://www.facebook.com/WeGenPH/posts/pfbid02sDLu6iZrYjn15tZWsm34dLccmMbJ1PQYBbveoYnDXKHfyASuUJJLrXWEm9bCrMW4l"
"No photo description available.","2566742370089798","photo","https://www.facebook.com/photo.php?fbid=2566742370089798&set=a.226680419493388&type=3","No photo description available.","2566742376756464","photo","https://www.facebook.com/photo.php?fbid=2566742376756464&set=a.226680419493388&type=3","No photo description available.","2566742383423130","photo","https://www.facebook.com/photo.php?fbid=2566742383423130&set=a.226680419493388&type=3","No photo description available.","2566742453423123","photo","https://www.facebook.com/photo.php?fbid=2566742453423123&set=a.226680419493388&type=3","No photo description available.","2566742460089789","photo","https://www.facebook.com/photo.php?fbid=2566742460089789&set=a.226680419493388&type=3","100064542948515","Marikina City Rescue 161","https://scontent-iad3-1.xx.fbcdn.net/v/t39.30808-1/541379745_1210200924474661_5482984993472514193_n.jpg?stp=cp0_dst-jpg_tt6&cstp=mx1024x1024&ctp=s40x40&_nc_cat=104&ccb=1-7&_nc_sid=2d3e12&_nc_ohc=JyOFt-nYG3sQ7kNvwFoL6_l&_nc_oc=AdptbiyurnhilHwtOiiIWZiS_joIEU_WIwDCm-Oms-iowIVqp9mL6hNyk0HO6pKjRgY&_nc_zt=24&_nc_ht=scontent-iad3-1.xx&_nc_gid=kvwGrN4DoY2PmBCY-NNShg&_nc_ss=7c2a8&oh=00_AQAHDgALW79u2mnwP-AFQZ7cHBbDC-Mmj5r0qewBhTbCsw&oe=6A5FA082","https://www.facebook.com/MarikinaRescue161","3","2566743500089685","#ALISTO_MARIKEÑO
#ABISO_MARIKEÑO

General Flood Advisory (GFA)
as of 6:00 AM, 03 December 2019

Region 3 (Central Luzon) - GFA#2
Region 4A (CALABARZON) - GFA#3
Region 4B (MIMAROPA) - GFA#2
Region 5 (Bicol Region) - GFA #15
Region 8 (Eastern Visayas) - GFA#15
NCR (National Capital Region) - GFA#1

#TisoyPH",,,"26","1",,,"27","8","1575331301000","https://www.facebook.com/MarikinaRescue161/posts/pfbid02LWLzKcMEhEJ86AZdyXKAaYywtf6eFkuJbzxuC9zvKEQS2f3fisDAtHfXhfVCuQavl"
"No photo description available.","2200321203602612","photo","https://www.facebook.com/photo/?fbid=2200321203602612&set=a.483754370417560",,,,,,,,,,,,,,,,,"100063490046822","Eastwood Condo by Ferdie Tayao","https://scontent-iad3-2.xx.fbcdn.net/v/t39.30808-1/294705650_483754403750890_3879630477925762029_n.jpg?stp=cp0_dst-jpg_tt6&cstp=mx728x719&ctp=s40x40&_nc_cat=105&ccb=1-7&_nc_sid=2d3e12&_nc_ohc=M7Mc9Y0yG2wQ7kNvwGVgRb-&_nc_oc=Adr83Ct2UIjvGAMZCL7iqzudk5suhEjXjBR8ehMP1-lpHvFKMc2Zcs-UKS_j1n6sftY&_nc_zt=24&_nc_ht=scontent-iad3-2.xx&_nc_gid=kvwGrN4DoY2PmBCY-NNShg&_nc_ss=7c2a8&oh=00_AQD85tlIv5CQrYHILAMtMUJNOr1zNi50L-ACYPhNaqkfrg&oe=6A5F9DD4","https://www.facebook.com/EastwoodCondoPh","0","2200321233602609","We value your safety.

In case you are stranded or in need of shelter from the rains and flooding brought about by #TisoyPH, feel free to take comfort in our malls.

Overnight parking fees are waived.

Take care and stay dry, everyone!

#MegaworldCorporation #EastwoodCity #EastwoodCondo #BagyongTisoy",,,"3",,,,"3","1","1575359599000","https://www.facebook.com/EastwoodCondoPh/posts/pfbid0387CK5pX9wzA5AV4iwHdV55u3AjF88ScMBo8Zih8X8dAhQN5SwXsp2v1j5PzzB3nUl"
"No photo description available.","2568940039870031","photo","https://www.facebook.com/photo/?fbid=2568940039870031&set=a.226680419493388",,,,,,,,,,,,,,,,,"100064542948515","Marikina City Rescue 161","https://scontent-iad3-1.xx.fbcdn.net/v/t39.30808-1/541379745_1210200924474661_5482984993472514193_n.jpg?stp=cp0_dst-jpg_tt6&cstp=mx1024x1024&ctp=s40x40&_nc_cat=104&ccb=1-7&_nc_sid=2d3e12&_nc_ohc=JyOFt-nYG3sQ7kNvwFoL6_l&_nc_oc=AdptbiyurnhilHwtOiiIWZiS_joIEU_WIwDCm-Oms-iowIVqp9mL6hNyk0HO6pKjRgY&_nc_zt=24&_nc_ht=scontent-iad3-1.xx&_nc_gid=kvwGrN4DoY2PmBCY-NNShg&_nc_ss=7c2a8&oh=00_AQAHDgALW79u2mnwP-AFQZ7cHBbDC-Mmj5r0qewBhTbCsw&oe=6A5FA082","https://www.facebook.com/MarikinaRescue161","0","2568940253203343","#ALISTO_MARIKEÑO
#ABISO_MARIKEÑO

General Flood Advisory (GFA)
as of 6:00 AM, 04 December 2019

Region 3 (Central Luzon) - GFA#4Final
Region 4A (CALABARZON) - GFA#5Final
Region 4B (MIMAROPA) - GFA#4Final
Region 5 (Bicol Region) - GFA #17FInal
Region 8 (Eastern Visayas) - GFA#17Final
NCR (National Capital Region) - GFA#3Final
Region 2 (Cagayan Valley) - GFA#1
CAR (Cordillera Administrative Region) - GFA#1",,,"12","1",,,"13","5","1575411025000","https://www.facebook.com/MarikinaRescue161/posts/pfbid0xFbDX3VpTV8yrmUAjn4nmAtwDkXQMvjtFyA7Eg9bxVZZzqPFeK2uhETVCavrGwjCl"
,,,,,,,,,,,,,,,,,,,,"100064542948515","Pagasa Nationalcapitalregionprsd","https://scontent-iad6-1.xx.fbcdn.net/v/t1.6435-1/117890349_325012645508210_7691668635129397714_n.jpg?stp=cp0_dst-jpg_tt6&cstp=mx960x960&ctp=s24x24&_nc_cat=109&ccb=1-7&_nc_sid=e99d92&_nc_ohc=nzJFNRcbOIIQ7kNvwHYWUMy&_nc_oc=AdprRyrlMJXQelTIW_45FRt2TeV2Z-pwlSh851nCzVmRQAqgHnXy78cz-tTqrHLIFF0&_nc_zt=24&_nc_ht=scontent-iad6-1.xx&_nc_gid=dN30HEIR4KWztOA2__oRew&_nc_ss=7c2a8&oh=00_AQCRXPoM4LmYgk2tqBATlrdCj7eYSpvJnbVHBQhtlF8jbg&oe=6A815C21","https://www.facebook.com/pagasa.nationalcapitalregion","0","2566774070086628","#ALISTO_MARIKEÑO
#ABISO_MARIKEÑO

Heavy Rainfall Warning No. 1 #NCR_PRSD
Weather System: Typhoon TISOY
Issued at: 8:00 AM,03 December 2019

Orange Warning: #Quezon.
Associated Hazard: FLOODING is THREATENING

Meanwhile, light to moderate with occasional heavy rains affecting #Laguna, #Batangas, #Cavite, #Rizal which may persist within 2-3 hours and may affect nearby areas.

Expect light to moderate rains over #MetroManila, #Tarlac, #NuevaEcija, #Zambales, #Bataan, #Pampanga, #Bulacan within the next 2-3 hours.

The public and the Disaster Risk Reduction and Management Offices concerned are advised to MONITOR the weather condition and watch for the next advisory to be issued at 11:00 AM Today.

For more information and queries, please call telephone numbers 927-1335 and 927-2877 or log on to bagong.pagasa.dost.gov.ph.",,,"28","1",,,"29","8","1575332399000","https://www.facebook.com/MarikinaRescue161/posts/pfbid037KKxJhXp2ugq3FXTNoo66bk6bfrzniCyGUw2hyL3FZN4p88U4P9GecJvpyvcQvmMl"
"No photo description available.","2432209447039393","photo","https://www.facebook.com/photo/?fbid=2432209447039393&set=a.473183491506861",,,,,,,,,,,,,,,,,"100064456431072","Pamahalaang Barangay Sta. Ana, Taytay, Rizal","https://scontent-iad6-1.xx.fbcdn.net/v/t39.30808-1/615559204_1315787573913111_6709049940981676637_n.jpg?stp=c211.211.578.578a_cp0_dst-jpg_tt6&cstp=mx578x578&ctp=s40x40&_nc_cat=100&ccb=1-7&_nc_sid=2d3e12&_nc_ohc=5BpX25xZouQQ7kNvwENO9dQ&_nc_oc=Adr3zOzY-RGF3-_WPNyk87p-2pv2sWPxBefTNTEkj42QfV-vasElFI3DCCfABmCipeY&_nc_zt=24&_nc_ht=scontent-iad6-1.xx&_nc_gid=dN30HEIR4KWztOA2__oRew&_nc_ss=7c2a8&oh=00_AQBIbVTyisxjtdcQdXcu7u-73h-pqvqYufyDhx7TAJiyTw&oe=6A5FC39E","https://www.facebook.com/BarangayStaAnaTR","0","2432209737039364","Lagay ng Panahon mula sa Dost_pagasa:

Heavy Rainfall Warning No. 2  #NCR_PRSD
Weather System: Typhoon TISOY
Issued at: 11:00 AM,03 December 2019

Yellow Warning: #MetroManila, #Rizal, #Cavite.
Associated Hazard: Possible FLOODING in flood-prone areas

Orange Warning: #Batangas, #Laguna.
Associated Hazard: FLOODING is THREATENING

Red Warning: #Quezon.
Associated Hazard: Serious FLOODING is expected in flood-prone areas

Meanwhile, light to moderate rains affecting #Bataan, #Pampanga, #Bulacan, #Tarlac, #Zambales, #NuevaEcija which may persist within 2-3 hours and may affect nearby areas.

The public and the Disaster Risk Reduction and Management Offices concerned are advised to MONITOR the weather condition and watch for the next advisory to be issued at 2:00 PM Today.

For more information and queries, please call telephone numbers 927-1335 and 927-2877 or log on to bagong.pagasa.dost.gov.ph.",,,"15",,,,"15","1","1575343049000","https://www.facebook.com/BarangayStaAnaTR/posts/pfbid02rr3i1xkhgDfRrMYJeVeNnAJSkwLeCTfozXSScna6EcnpTCAQgdPofS5MhW9RWMWql"
,,,,,,,,,,,,,,,,,,,,"100000272059886","Pinky Anquilo","https://scontent-iad6-1.xx.fbcdn.net/v/t39.30808-1/637138059_26684875887771451_9176970827553019779_n.jpg?stp=cp6_dst-jpg_tt6&cstp=mx807x806&ctp=s24x24&_nc_cat=100&ccb=1-7&_nc_sid=1d2534&_nc_ohc=f00W7_MiRJsQ7kNvwFuJJVa&_nc_oc=Ado82chWoNs7vlK6jlQfWHfAYf89D8uGUKsomEODRVe4TVpJ73LAE5NWJ0uwfrCUL0s&_nc_zt=24&_nc_ht=scontent-iad6-1.xx&_nc_gid=dN30HEIR4KWztOA2__oRew&_nc_ss=7c2a8&oh=00_AQCx3OCr3WxQqVKkrpXC3oIBI3raI76VWgZUv_5P0SBStQ&oe=6A5FCCA4","https://www.facebook.com/pinky.anquilo","0","1611636125653372","10% downpayment payable in 12 months (2.5%      
     to move in)
Balance thru bank or inhouse financing
Promo ends Dec. 31, 2019

#Rizal #gated # accessible #cool climate #
Flood-free # far from faultlines # amenities
#24/7 security",,,,,,,"0","0","1575348716000","https://www.facebook.com/groups/772024886281171/permalink/1611636125653372/?sale_post_id=1611636125653372"
,,,,,,,,,,,,,,,,,,,,"100064849864375","DOST-PAGASA","https://scontent-iad3-1.xx.fbcdn.net/v/t39.30808-1/487303686_1099355335569452_7045424019269009221_n.png?stp=cp0_dst-png&cstp=mx1001x1001&ctp=s40x40&_nc_cat=1&ccb=1-7&_nc_sid=2d3e12&_nc_ohc=8-rGnn6nM6QQ7kNvwHtXH1c&_nc_oc=AdqdkngQQaSur8pWfrjUzz5THKn10vTvpeMuYNSE_ak11mqCJ4rcpTmK7o8jwzT7NRg&_nc_zt=24&_nc_ht=scontent-iad3-1.xx&_nc_gid=dN30HEIR4KWztOA2__oRew&_nc_ss=7c2a8&oh=00_AQDqyL9t9S-NSKj8DP56zV1gJ3JsjC-y-ePk_dcMFS2hPw&oe=6A5FC79F","https://www.facebook.com/PAGASA.DOST.GOV.PH","0","2569427689821266","#ALISTO_MARIKEÑO
#ABISO_MARIKEÑO

SEVERE WEATHER BULLETIN #24
FOR: SEVERE TROPICAL STORM ""#TisoyPH"" (KAMMURI)
TROPICAL CYCLONE: ALERT
ISSUED AT 11:00 AM, 04 December 2019
(Valid for broadcast until the next bulletin to be issued at 11 PM today)

""TISOY"" SLIGHTLY WEAKENS AS IT MOVES WEST-NORTHWESTWARD OVER THE WEST PHILIPPINE SEA.

• All Tropical Cyclone Wind Signals are now lifted. However, moderate to rough seas may still prevail over the western seaboard of Central Luzon and the southern seaboard of Southern Luzon.
Heavy rainfall outlook for today:
• Moderate with occasional heavy rains over Ilocos Region, Cagayan Valley, Cordillera Administrative Region, and Aurora.
• Residents in the aforementioned areas, especially those living in areas highly or very highly susceptible to flooding and rain-induced landslides, are advised to take appropriate actions, coordinate with local disaster risk reduction and management offices, and continue monitoring for updates, especially the Thunderstorm or Rainfall Advisories and Heavy Rainfall Warnings issued by PAGASA Regional Services Divisions.
Other Hazards and Information
• Sea travel is risky, especially for small seacrafts, over the seaboards of Northern Luzon, eastern seaboard of Central Luzon, and the eastern and western seaboards of Southern Luzon due to rough sea conditions
• Gusty conditions associated with the Northeast Monsoon may also be experienced in other areas of Northern Luzon, Central Luzon, CALABARZON and MIMAROPA, especially in the coastal and mountainous areas.
• ""TISOY"" is forecast to exit the Philippine Area of Responsibility between tonight and tomorrow morning and is expected to continuously weaken due to the Northeast Monsoon.

Location of eye/center: At 10:00 AM today, the center of Severe Tropical Storm ""TISOY"" was estimated based on all available data at 290 km West Southwest of Subic, Zambales (14.1°N, 117.7°E).
Strength: Maximum sustained winds of up to 95 km/h near the center and gustiness of up to 115 km/h.
Movement: Moving West Northwest at 15 km/h.

Forecast Positions
• 24 Hour (Tomorrow morning): 615 km West of Subic, Zambales (OUTSIDE PAR) (14.8°N, 114.6°E)
• 48 Hour (Friday morning):720 km West of Coron, Palawan (OUTSIDE PAR) (12.1°N, 113.6°E)

NO TROPICAL CYCLONE WIND SIGNAL

The public and the disaster risk reduction and management council concerned are advised to take appropriate actions and watch for the next update to be incorporated in the 4 PM Public Weather Forecast and in the next Severe Weather Bulletin to be issued at 11 PM today.",,,"17",,,,"17","2","1575430960000","https://www.facebook.com/MarikinaRescue161/posts/pfbid0JcGBvYUaL4w4HPQQTqAdaktgXc3QB1nSCRzaTJN6mMiLUUWwK5JSgM44VR74gGtTl"
"No photo description available.","3836213749737641","photo","https://www.facebook.com/photo.php?fbid=3836213749737641&set=a.554776600007414&type=3","No photo description available.","3836213599737656","photo","https://www.facebook.com/photo.php?fbid=3836213599737656&set=a.554776600007414&type=3","No photo description available.","3836214353070914","photo","https://www.facebook.com/photo.php?fbid=3836214353070914&set=a.554776600007414&type=3","No photo description available.","3836214429737573","photo","https://www.facebook.com/photo.php?fbid=3836214429737573&set=a.554776600007414&type=3","No photo description available.","3836213909737625","photo","https://www.facebook.com/photo.php?fbid=3836213909737625&set=a.554776600007414&type=3","100064252353994","PhilProperties","https://scontent-iad6-1.xx.fbcdn.net/v/t39.30808-1/729784938_1446491967502535_654592123063201673_n.jpg?stp=c191.191.1666.1666a_cp0_dst-jpg_tt6&cstp=mx1666x1666&ctp=s40x40&_nc_cat=100&ccb=1-7&_nc_sid=2d3e12&_nc_ohc=-qn8DJwdO-IQ7kNvwFiNeoN&_nc_oc=AdoQZ1iYMMcQO_Huozhphgi2zm5U3HGcvw1NLKbeY7BcUiWGlIO75v3g8OQFtpbgWLI&_nc_zt=24&_nc_ht=scontent-iad6-1.xx&_nc_gid=dN30HEIR4KWztOA2__oRew&_nc_ss=7c2a8&oh=00_AQD40V44lziBUYNyGZfYsmQExpJtJRDd4E3YqGwoi1AR2g&oe=6A5F9DE7","https://www.facebook.com/PhilProperties.ph","0","3836215783070771","HOUSE AND LOT IN BLUE RIDGE

Lot Area : 940sqm
Floor Area : 1,210sqm

Main Entrance via C-5 Libis gate
Flood-free area and not on the fault line (clearance from philvolcs)

MAIN HOUSE :
-All 4 bedrooms with t&b on 2nd floor:
(Masters bedroom w/ balcony overlooking landscaped garden and pool, walk in closet, toilet & bathroom w/ 2 lavatories, jacuzzi and separate shower)
(Room 2, w/ t&b, closet)
(Room 3, walk in closet, t&b)
(Room 4, walk in closet, t&b with bathtub)
-family hall (2nd floor)
-kitchen with breakfast nook
-foyer and living room
-high ceiling
-storage room under the stairs
-storage room under stairs of room 4
-pocket garden view from the stairs
-formal dining room (can fit 10-12 seater and buffet table)
-powder room
-6 car garage
-drivers quarters w/ t&b
-service area (dirty kitchen and laundry)

GUEST HOUSE :
-Room 1 with t&b (loft style)
-Room 2 (movie room/game room) with powder room
-Room 3 with t&b
-maids quarters
-gym room
-kitchen with outdoor bbq pit 12 seater
-extra (outdoor) powder room
-cctv cameras installed

-newly landscaped modern Asian garden with pond
-french drain surrounding garden
-deep well in good working condition
-large swimming pool shape 8
-pressurized tank + storage tank
-A/C wiring setup ready for unit installation",,,"5",,,,"5","0","1575425881000","https://www.facebook.com/PhilProperties.ph/posts/pfbid02JZCmjeSiuZYkHbDhGFb95e51EL3sp1P3AHVLhEnoG1Wi79EjGzUjjmkbiBuwRx6Dl"
"No photo description available.","2609624929132417","photo","https://www.facebook.com/photo.php?fbid=2609624929132417&set=a.126826079449114&type=3","No photo description available.","2609625839132326","photo","https://www.facebook.com/photo.php?fbid=2609625839132326&set=a.126826079449114&type=3","No photo description available.","2609626472465596","photo","https://www.facebook.com/photo.php?fbid=2609626472465596&set=a.126826079449114&type=3","No photo description available.","2609626692465574","photo","https://www.facebook.com/photo.php?fbid=2609626692465574&set=a.126826079449114&type=3",,,,,"100063651672816","Tara Sa North","https://scontent-iad3-2.xx.fbcdn.net/v/t1.6435-1/78462452_2628605533901023_2163935962608959488_n.jpg?stp=cp0_dst-jpg_tt6&cstp=mx1226x1226&ctp=s40x40&_nc_cat=103&ccb=1-7&_nc_sid=2d3e12&_nc_ohc=qZ98q_kcIOYQ7kNvwEQ_Zo_&_nc_oc=AdqEP-cOnh7gz14ebMNDGFSnCPFXPNNwVDg1Dump-fGIyfOfBNnq00530ltX5zeei0s&_nc_zt=24&_nc_ht=scontent-iad3-2.xx&_nc_gid=dN30HEIR4KWztOA2__oRew&_nc_ss=7c2a8&oh=00_AQD7e8lDwjRw1zOuHJAPjYv-UCJE1i9aZzmLpXoPoEAoAg&oe=6A8144F5","https://www.facebook.com/TaraSaNorth","0","2609626729132237","This side of Quezon City looks fine at 4:57pm. It slightly drizzles, but the wind remains manageable. As of 2pm, PAG ASA sets Metro Manila on Yellow warning and there might be POSSIBLE floods in flood-prone areas. 

Stay alert, safe and dry #TeamNorth. Comments section is for your updates in your area.",,,"6",,,,"6","0","1575364496000","https://www.facebook.com/TaraSaNorth/posts/pfbid02wJz4eVELqjWNEjjaV45r3WXjWDrZDpsVirX3BBoCv5yJqTx9dsDGQoLN4utsgQpxl"
"No photo description available.","1553630648112761","photo","https://www.facebook.com/photo.php?fbid=1553630648112761&set=a.477241554410652&type=3","No photo description available.","1553630804779412","photo","https://www.facebook.com/photo.php?fbid=1553630804779412&set=a.477241554410652&type=3","No photo description available.","1553630971446062","photo","https://www.facebook.com/photo.php?fbid=1553630971446062&set=a.477241554410652&type=3","No photo description available.","1553631098112716","photo","https://www.facebook.com/photo.php?fbid=1553631098112716&set=a.477241554410652&type=3","No photo description available.","1553631194779373","photo","https://www.facebook.com/photo.php?fbid=1553631194779373&set=a.477241554410652&type=3","100063744350494","LC CARS","https://scontent-iad3-2.xx.fbcdn.net/v/t39.30808-1/281145965_2317352071740611_1678947981649600024_n.jpg?stp=cp0_dst-jpg_tt6&cstp=mx959x960&ctp=s40x40&_nc_cat=105&ccb=1-7&_nc_sid=2d3e12&_nc_ohc=jyqgxphi93EQ7kNvwFTDFlE&_nc_oc=Adr6wO0rtGthQQzzfsgLYihuXN1xHWtR5ClkR9PF_rGU1t0-Dhg_1Dnk4uIiqz24OaM&_nc_zt=24&_nc_ht=scontent-iad3-2.xx&_nc_gid=P90HUurQtsU06ZTuGNlwLA&_nc_ss=7c2a8&oh=00_AQDcrsdVwVDJDanOtWiWjckKW71lIhtBk4C6VO-FdE6AdQ&oe=6A5FAF85","https://www.facebook.com/Asiancorebyangelsalazar","0","1553631551446004","2010 toyota avanza 1.5G AT

P408,000

Cash,financing,trade in

Please look for Angel Salazar ‼️ 

Computation 
P122,400 DP
P15,502 2years 
P11,120 3years 
P9,061 4years
*chattel and insurance not included *

✔️FREE Transfer 
✔️FREE Detailing 
✔️FREE Processing 

33k mileage with casa records
1st owner
Headrest lcd monitor
*all stock
*all orig
*100% not flooded
*100% no history of accidents 
*mechanic inspected
Complete set of tools, jack &spare tire
*LTO verified
*money back guarantee

For Viewing and Unit Availability please contact 0965-442-7290 and look for Ms. Angel salazar",,,"1",,,,"1","0","1575359681000","https://www.facebook.com/Asiancorebyangelsalazar/posts/pfbid034cHPqGDu3FF5LsGmB7CxvohAj5atgNK59VJUBM8jotAnwiy5fjzqwVPusbsg8pk7l"
"No photo description available.","1398666690304796","photo","https://www.facebook.com/photo.php?fbid=1398666690304796&set=a.656991786484069&type=3","No photo description available.","1398666700304795","photo","https://www.facebook.com/photo.php?fbid=1398666700304795&set=a.656991786484069&type=3","No photo description available.","1398666743638124","photo","https://www.facebook.com/photo.php?fbid=1398666743638124&set=a.656991786484069&type=3","No photo description available.","1398666736971458","photo","https://www.facebook.com/photo.php?fbid=1398666736971458&set=a.656991786484069&type=3","No photo description available.","1398666770304788","photo","https://www.facebook.com/photo.php?fbid=1398666770304788&set=a.656991786484069&type=3","100065197590984","Dream Homes in Rizal","https://scontent-iad3-1.xx.fbcdn.net/v/t39.30808-1/629514461_1296404215876153_4802589639835642412_n.jpg?stp=cp0_dst-jpg_tt6&cstp=mx792x792&ctp=s40x40&_nc_cat=110&ccb=1-7&_nc_sid=2d3e12&_nc_ohc=R7eYm0I7jwIQ7kNvwH2t8Ty&_nc_oc=AdoNOYeY6jceQx_PffRrvdT6mvF_gtZyT5mNzNsjxzrJGf3-e7CAMVRuO7CMlDLlgNw&_nc_zt=24&_nc_ht=scontent-iad3-1.xx&_nc_gid=P90HUurQtsU06ZTuGNlwLA&_nc_ss=7c2a8&oh=00_AQBa_lDepHsrD4ICuGctg0PxGDtm6k-ZZrM75YKUyvy_YA&oe=6A5FBD08","https://www.facebook.com/dwellingshouses","8","1398667040304761","GOOD NEWS!!
   Most affordable House and Lot  in Rizal. ALL IN NA PO! 

      FOR AS LOW AS 6K per month!

First come first serve po tayo Dito.
    
    *no move-in fee
     *free electrical and water application.

Subdivision Name : RIDGEPOINT 
Location: Juan Sumulong Rd., Brgy., Prinza, Teresa Rizal
  
🏘PROJECT FEATURES : 
🔅along the hi-way only. 
🔅24 hours transportation via jeep/UV/Bus
🔅no need to ride a tricycle 
🔅gated fence with security guard 
🔅1 ride to Ortigas Center, Pasig, starmall crossing & EDSA 
🔅less than 20 minutes drive  to Antipolo Proper.
🔅Flood Free
🔅Near School, Church, Market, Supermarket, tourist spot destinations  and other Commercial Establishment.

🏘AMENITIES & FACILITIES:
🕌Clubhouse
🏀Basketball court
🥅Perimeter fence
💦Centralized water system 
🏗Meralco Electrical Supply
🥌Underground drainage system 
🕋Concrete roads and alleys

🔅2 Storey Townhouse (Inner Unit)
🏘Actual turn over - bare finished 
🏘Lot Area: min.37 sqm 
🏘Floor Area:46.60 sqm 
🏘Provision for 3 bedrooms, living, dining kitchen, 1  toilet and bath.

“SAMPLE COMPUTATION ONLY”

🔅Selling Price: 1,115,999.85
Reservation fee: 7500
Total down payment: 125,999.85
Dp Term: 18 Months to pay
Estimated Loan Value: 990,000
Monthly dp : 6,583

🔅Finance/Loan to Pag-Ibig (6.375%)
30 years :6,176.31
25 years :6,607.43
20 years :7,308.50
15 years :8,556.39
10 years :11,178.39
5 years :19,312.58

🔅RESERVE FOR: 7,500 only to secured the unit 

🔅Reservation Requirements:
1.)Pictures of 2 Government I.D.  
2.)Pag-Ibig Member.
3. PROOF OF INCOME ANYONE : 
-Latest Payslip with indicated Pag-Ibig Deduction for LOCAL EMPLOYED 
-JOB contracts for OFW 
-ITR / Bank Records (Self-Employed/Business)
4. 2x2 I’d pictures 

🔅INHOUSE Financing is also available for non-Pag-ibig members. Max of 5 years only. (13% interest/annum)

🔅NOTE: 
💵REQUIRED INCOME:  17,500

Meron po corner lot at end unit it! First come basis po Taylor 😊

🗓For FREE SITE-VIEWING/TRIPPING
☎️Feel free to Call or Text : 0917-140-0699/ 09098377416",,,"11",,,,"11","0","1575360158000","https://www.facebook.com/dwellingshouses/posts/pfbid02Wr21JTbiNgVKXnMg8V7ZJ6aaM8yiKDbS7NXDYVfqrBFQz8YLcS6hnihNPd4SkRnfl"
,,,,,,,,,,,,,,,,,,,,"100001689628922","Chris Chua","https://scontent-iad3-1.xx.fbcdn.net/v/t39.30808-1/409591134_7006739632725621_7698552698767048776_n.jpg?stp=c0.266.1536.1536a_cp0_dst-jpg_tt6&cstp=mx1536x1536&ctp=s24x24&_nc_cat=104&ccb=1-7&_nc_sid=e99d92&_nc_ohc=THYmucPciPsQ7kNvwHPeoDp&_nc_oc=AdoyYP-crsyvlnz8h_5ctxfL1cdBT3hjFgwRCy29b3qqaOGW2tGpQ_i5uU_Fg_BJffw&_nc_zt=24&_nc_ht=scontent-iad3-1.xx&_nc_gid=P90HUurQtsU06ZTuGNlwLA&_nc_ss=7c2a8&oh=00_AQAmaruQS8H159TGMkT6dj8aMaJML1QBhGB9W9inqgqO1g&oe=6A5F9FE5","https://www.facebook.com/chris.chua.180","2","1396940407134185","*** SELLING ***
#selling

3 SNAPCASTER MAGE  3,000 each

Thassa, God of the sea 1,000
Jin-Gitaxis, Core augur 500
Linvala, keeper of silence 1,100
4 Fatal push 1,000 set
Nether traitor 500
Ulamog, the infinite gyre 1,200
Void winnower 250
Apocalypse ( reserve list ) 200
Obliterate 150
Athreos, God of passage 800
4 Spell queller 2,200set 650 each
3 hangarback walker 600 each
3 flooded strand 900 each
3 windswepth heath 700 each
3 Polluted delta 1250 each
1 marsh flats 2000 each
1 annointed procession 700 each
1 necropotence 900 each
1 static orb 1,000
1 back to basics 400
1 winter orb 400
1 Teferi, Time raveler 1,000

Meet ups = OHS , MOA , MAKATI , Cash and Carry , Glorietta

SHIPPING ADD 200 PESOS LBC",,,"1",,,,"1","0","1575355377000","https://www.facebook.com/groups/EDHMNL/permalink/1396940407134185/?sale_post_id=1396940407134185"
"No photo description available.","2581640241916125","photo","https://www.facebook.com/photo.php?fbid=2581640241916125&set=a.460681562767516&type=3","No photo description available.","2581640218582794","photo","https://www.facebook.com/photo.php?fbid=2581640218582794&set=a.460681562767516&type=3","No photo description available.","2581640235249459","photo","https://www.facebook.com/photo.php?fbid=2581640235249459&set=a.460681562767516&type=3","No photo description available.","2581640421916107","photo","https://www.facebook.com/photo.php?fbid=2581640421916107&set=a.460681562767516&type=3","No photo description available.","2581640425249440","photo","https://www.facebook.com/photo.php?fbid=2581640425249440&set=a.460681562767516&type=3","100064770277107","Etnikobandido","https://scontent-iad3-1.xx.fbcdn.net/v/t39.30808-1/405905596_745445160957820_6717890199885130746_n.jpg?stp=cp0_dst-jpg_tt6&cstp=mx551x553&ctp=s40x40&_nc_cat=110&ccb=1-7&_nc_sid=2d3e12&_nc_ohc=d_CF9cm4IqwQ7kNvwGFUBFE&_nc_oc=Adp0NTmL46BAsOGDtTI1EOvWiKSSqii04giCjGaEh_0Eoq1OMb1bDndOL1Pcq-ymF5w&_nc_zt=24&_nc_ht=scontent-iad3-1.xx&_nc_gid=P90HUurQtsU06ZTuGNlwLA&_nc_ss=7c2a8&oh=00_AQBA9wF7pzJ9WIjsb44r1QO23QXBROjTW-MEXFO503qTBw&oe=6A5FC57F","https://www.facebook.com/ebinfoshop","0","2581641001916049","Critical Mass Action Against Bulacan Aerotropolis Project December 1, 2019
#NoToAirport
""NoTo Eco-Destructive Reclamation""
San Miguel Corporation are responsible on this ecological genocide.

This action is initiated by autonomous eco-activist who believed that the reclamation project in Brgy. Taliptip, Bulakan, Bulacan will create a massive destruction on our ecology. There are 22 species of Mangroves that will be cut down. A million tons of marine life will destroyed. To build this airport project, they will need a raw materials like cement, timber, metal, glass etc. that will be extracted again through mining activities. Aside from the loss of livelihood and displacement of the communities estimated around 700 families. The land base area near the wetlands is only 3 meters below sea level, so expect a huge flooding in three towns of Bulacan if this mega-development project will occur.",,,"24",,,,"24","8","1575355006000","https://www.facebook.com/ebinfoshop/posts/pfbid0sPW3Anf4KG9PXoU9hB4k5YnJbFahTHHNDkjWcfgpKGgosWLCw8LSQppStHhZJwSDl"
,,,,,,,,,,,,,,,,,,,,"100003453295848","Joyce Melitante","https://scontent-iad3-2.xx.fbcdn.net/v/t1.6435-1/123968461_2539478006177284_5824128953974466023_n.jpg?stp=cp0_dst-jpg_tt6&cstp=mx720x721&ctp=s24x24&_nc_cat=111&ccb=1-7&_nc_sid=e99d92&_nc_ohc=k3EOoughMsUQ7kNvwE3VEi4&_nc_oc=Adq2sWCPiy4RoMM9cQoB5wJyS8L36pRNqyYeFOsMN3QQjhzleJuOE7lafu29ZCGQ-zA&_nc_zt=24&_nc_ht=scontent-iad3-2.xx&_nc_gid=P90HUurQtsU06ZTuGNlwLA&_nc_ss=7c2a8&oh=00_AQBtn77XJltCDtWcy0y-J_nUZARKpoCre-uRtxiPeYjt0Q&oe=6A813DCB","https://www.facebook.com/joyce.santiago.1614","0","737981556698903","HEADS UP‼️ 
📢📢PROMO‼️PROMO‼️PROMO‼️📢📢
 
🍀SECTOR 4 - IS  NOW OPEN‼️
HOT SELLING ‼BY AYALA LAND ✔
♨️TAKE ADVANTAGE WHILE IT'S HOT♨️

RESERVATION  FEE FOR AS LOW AS 25K✔
EVERYTHING STARTS @ 26,872.88✔

🏠10% SPOT DOWNPAYMENT  or  12 to 24 MONTHS INSTALLMENT  (NO INTEREST)🏠
90%  BALANCE BANK FINANCING ONLY ✔

🏡 Amaia Series Novaliches Affordable & Quality a townhouse project right at the heart of Amaia Novaliches Estate, Quezon City.

➡️Strategically located at Brgy. San Agustin Novaliches Quezon City 

🏡 Feel safe knowing that our community is managed by AYALA PROPERTY MANAGEMENT CORPORATION.

✔GATED COMMUNITY WITH FULLY
SECURED 
✔COMPLETE AMENITIES
✔QUALITY House and Lot 
✔FLOOD FREE‼️
❌NO HIDDEN CHARGES✅
🔰TRANSPARENT COMPUTATION 
👍Trusted Developer - AYALA LAND✅

🏡No. of residential units:
♐️Sector 1 - 286  UNITS(SOLD OUT)✔
♐️Sector 2 - 220 UNITS ( 2 END UNITS)✔
♐️Sector 3A - 74  UNITS(FEW UNITS LEFT)✔
♐️Sector 3B - 96 UNITS (FEW UNITS LEFT)✔
♐️SECTOR 4- (open soon )✔ for announcement.

Turn-over Date:
➡️Sector 1 – RFO
➡️Sector 2 – Turnover starts 4Q’19
➡️Sector 3– Turnover starts 4Q’20 & 4Q'2021

HLURB LTS NO.: ENCR-014-28582

Amaia Series 🏡PRIMA UNIT🏡
➡️“🏖Team: Modern design with 4 & 6 Series 
➡️Lot area: 50 sqm – 143 sqm
➡️Lot area: 56 sqm – 61 sqm

☑️2 STOREY 
☑️3 BEDROOM 
☑️1 TOILET & BATH 
☑️CARPORT AREA
☑️SERVICE AREA
☑️PORCH AREA
☑️KITCHEN AND SINK W/FOOT CABINETS
☑️Provision for another toilet & Bath  or maids room. 

🏡INNER UNIT(  starts @ 3.5M)♦️
Lot Area: 51sqm to 55sqm
Floor Area: 56sqm 

🏡END UNIT start @ (4.9 to 5.5M)✔
Floor Area: 59sqm to 61sqm 
Lot Area : 71 sqm and up

🏡CORNER or END- starts @ (6M to 8.2M)✔
(Floor Area: 61sqm
Lot Area : 82 sqm and up

OWN A HOUSE AND LOT @
AMAIA SERIES NOVALICHES QUEZON CITY 

♐️🚘🛵 🚙 🚌 24/7 transportation
-Accessible near school,church,hospital,mall, market,terminal and nearby establishment:
(SM Nova, SM Fairview, Nova Bayan, Robinson, almar, Zabarte Mall, Puregold,etc.)

♐️🔜 they will open friendship road going to North Olympus, Urduja ,Fairview and Commonwealth

♐️🔜Soon 41 commercial establishment will rise inside of the vicinity. (AMAIA SQUARE NOVA)

Accessible through:
📕NLEX thru Manila exit Mindanao avenue link
📗From Caloocan through Camarin and Zabarte Road
📘From Mindanao and Commonwealth Avenue
📙Accessible through different modes of transportation such as jeepneys and tricycles
📚Near educational institutions such as La Consolacion College / STI  College
♻️Near Sm Fairview, Robinson,Fairview Terraces and Sm Novaliches

Amenities: 
🍀24/7 Secured(with Roving Guard)
🍀Village Pavilion
🍀Swimming Pool
🍀Basketball Court
🍀Children Play Area
🍀Landscaped Areas
😀Jogging Loop

💰 TO ALL INVESTOR'S👩‍🏫👨‍✈️👩‍🏫👨‍💼👷‍♀️👩‍🍳👩‍🚀👰👨‍👩‍👧‍👦
🔰COME AND RESERVE YOUR DESIRE UNIT🔰
✍️✍️GET ON THE SPOT PROMOS HUGE DISCOUNT FOR SPOT CASH BUYER ✔️👍

💶GOOD INVESTMENT 💰💵💸
♐️BEAT THE ORIGINAL PRICE BEFORE PRICE INCREASE ‼️ 💦  SAVE AS MUCH 500K💦

❌ STOP RENTING ❌
Why RENT? When you can OWN!

🔹Local & International Client are Welcome👋

🏡PEACEFUL & QUIET COMMUNITY 
VISIT TO APPRECIATE & DECIDE LATER 🏡

~💫💶EVEN IF YOU ARE BASED ON ABROAD YOU CAN STILL PURCHASE UNIT FROM US 
AND I CAN ASSIST YOU ON ALL YOUR INQUIRIES~ 

WHY RESERVE EARLY❓
• 🔶The prices for the pre-selling units are usually discounted and lowest, especially if the response during the Selling is positive. Furthermore you get to choose from the best units that are available 

👩‍🏫👨‍💻For more details and sample computation please private message us your ⌨️📱

✍️Name: 
📱Contact Number 
📧Email: 

AVAILABL FOR 5 YRS TO 20 YEARS TO PAY✔

""DON'T WORRY I WILL HELP YOU WITH YOUR BANK LOAN""👍👍👍

How to purchase a your desire unit? 
Just Bring: 
✔VALID ID 
✔ 25K Reservation Fee
♦️25,000.00 Reservation Fee✅
Thru cash or check♦️
✔PROOF OF BILLING 
✔COE or (atleast 1 month payslip)
MODEL UNIT VIEWING (8am to 5pm)

For Reservation & Proper Scheduling of Site Visit:
📲Call/SMS/GLOBE/VIBER/whatsApp/LINE-
📞☎️09061500427
MS.JOYCE
Look for Ms.Joyce Melitante
In-House Sales Manager
Amaia Land Corp.

OR Direct message me thru my messenger.
AYALA LAND✅
Thank you 🙏💕 🙂 

📒Reminders: For your hassle Free and for your security purposes, walk-in clients are not allowed to enter the residential premises without an authorized seller of Amaia . Thank You!🤝✍️📋

✔️AMAIA SERIES #TOWNHOUSE 🗝🏠🏠🏠
✔️AMAIA STEPS #MID RISE CONDO 🔑🏢🏢✔️AMAIA SKIES  #HIGHRISECONDO 🔑🏢🏢
✔️AMAIA SQUARE #COMMERCIAL 🗝🌆🌆

♐️OTHER PROJECTS &  LOCATION:
#COMMERCIAL/#RESIDENTIAL‼️
🏢Amaia Square Nova  (RFO)
👉📌Susano road Brgy. San Agustin Caloocan City

#MIDRISE #CONDO‼️
🏢Amaia Steps #Altaraza (RFO)
👉📌Quirino Highway corner Governor F. Halili Avenue San Jose Del Monte Bulacan

🏢Amaia Steps #Novaliches (RFO)
👉📌Susano road Brgy. San Agustin Caloocan City

🏢 Amaia Steps #Pasig (RFO/Pre-selling)
👉📌Eusebio St. Brgy. San Manuel Pasig City

🏢 Amaia Steps #Sucat (RFO & Pre-selling)
👉📌Dr. A Santos Avenue Brgy. San Antonio Paranaque City

🏢 Amaia Steps #Bicutan (RFO)
👉📌West Service Rpad corner Sun Valley Drive Brgy. Sun Valley Paranaque City

🏢 Amaia Steps #Alabang (RFO/Pre-selling)
👉📌Alabang Zapote Road, Almanza Uno Las Pinas city

🏢Amaia Steps #Parkway Nuvali
👉📌Evolving Parkway corner West Conservation Avenue Nuvali Canlubang Calamba City

#HIGHRISECONDO‼️

🏢Amaia Skies #Cubao (Tower 1& 2)
👉📌Edsa corner P. Tuazon Avenue Brgy. Socorro cubao Quezon City

🏢Amaia Skies #Shaw (T1-RFO & T-2 Pre-selling)
👉📌Shaw Blvd. corner Samat St. Brgy. Highway Hills Mandaluyong City.

🏢 Amaia Skies #Sta.#Mesa (RFO)
👉📌Valenzuela St. corner V. Mapa Boulevard Sta. Mesa Manila

🏢 Amaia Skies #Avenida (RFO)
👉📌Doroteo Jose St. corner Tomas Mapua St. Sta. Cruz Manila

#TOWNHOUSE #SERIES‼️
🏡 Amaia Series #Novaliches (Pre-selling/Few units Left)
👉📌Susano road Brgy. San Agustin Novaliches Quezon City

🏡 Amaia Series #Vermosa (Pre-selling)
👉📌Patindig Araw Imus Cavite

#HOUSE #AND #LOT ‼️
🏡Amaia Scapes #Bulacan
👉📌Brgy,. Manggahan and Sta Cruz Sta Maria Bulacan

🏡Amaia Scapes #Binangonan
👉📌Brgy,.Tatala, Binangonan, Rizal

🏡Amaia Scapes #Cabanatuan
👉📌NE Aurora Road, Bangad Cabanatuan City Nueva Ecija

🏡Amaia Scapes #Capas
👉📌Mac Arthur highway, Brgy Estrada Capas Tarlac

🏡Amaia Scapes #Urdaneta
👉📌Urdaneta-Calasiao Road, Urdaneta City Pangasinan

🏡Amaia Scapes #San #Fernando
👉📌New Barrio Road, Brgy. Calulut & Baliti city of San Fernando, Pampanga

🏡Amaia Scapes #Pampanga
👉📌Magalang, Angeles Road Brgy Sapang Maisac Mexico Pampanga

🏡Amaia Scapes #General #Trias
👉📌Arnaldo Highway, Brgy Santiago General Trias Cavite

🏡Amaia Scapes #Trece #Martires
👉📌Brgy,Conchu Trece Martires City Cavite

🏡Amaia Scapes #Cabuyao
👉📌Brgy,. Marinig Cabuyao, Laguna

🏡Amaia Scapes #San #Pablo
👉📌Brgy,. San Lucas 2 San Pablo City

🏡Amaia Scapes #Laguna
👉📌Brgy,. Barandal Calamba, Laguna

🏡Amaia Scapes #Iloilo
👉📌Brgy. San Jose, San Miguel, Iloilo.

🏡Amaia Scapes #North #Point
👉📌Brgy,. Zone 15, Talisay City, Negros Occidental

🏡Amaia Scapes #Bauan
👉📌Bauan-Batangas Provincial Road, Brgy As-is Bauan Batangas

🏡Amaia Scapes #Lipa
👉📌Santo Tomas-Lipa Rd. (Mahogany Rd.) Bgy. Dagatan, Lipa City, Batangas.

🏡Amaia Scapes #Lucena
👉📌Brgy Canlurang, Isabang and Ilayang Talim Lucena City Quezon 

HOW TO AVAIL AND GET THE LATEST PROMO and For Faster Transaction. 👉👉✅✅
Kindly PM as your: 
EXAMPLE 
Fullname:  JUAN DELA CRUZ
Contact Details: 09061500427
Email: amaialand@yahoo.com
RFO OR PRESELLING: RFO 
Project:  CONDO 
Desire Location : CUBAO 
Monthly Budget for your unit: 17,000/ month.

🏡PEACEFUL & QUIET COMMUNITY 
VISIT TO APPRECIATE & DECIDE LATER 🏡

🔹Local & International Client are Welcome👋

~💫💶EVEN IF YOU ARE BASED ON ABROAD YOU CAN STILL PURCHASE UNIT FROM US 
AND I CAN ASSIST YOU ON ALL YOUR INQUIRIES~ 

NO TO BOGUS BUYER.✅
NOTE PM IS THE KEY🔑🔑🔑 T.Y. 

𝐁𝐔𝐘 𝐘𝐎𝐔𝐑𝐒 𝐍𝐎𝐖!!!
👩🏻👩‍🏫👨‍💻For inquiries, site tripping and reservation or 
direct message me thru messenger
Or also you can Direct text or call me @ 
📱 SMS, VIBER/WHATSAPP:
📲0906-1500-427
👩🏻♐️Ms. JOYCE 
AMAIA LAND CORP 

🔰Reminders: For hassle Free and for security purposes, walk-in clients are not allowed to enter the residential premises without an authorized agent.

🔰Don't be a Victim of Scams, Be safe. Protect your investment. 
Always deal with me, the company and authorized licensed sales person.

THANK YOU AND GODBLESS❗️

#ForsalehouseandlotamaiaSeriesNovalichesquezoncity👍
#houseadlotnovalichesquezocity
#amaiatownhouse #2storeytownhouseinquezoncity
#3BR2storeytownhouseinquezoncity
#3Bedroomhouseandlotnearnovabayan
#townhousenearnovabayan
#houseandlotnearsmfairview
#houseandlotnearfairviewterrace
#houseandlotnearzabarte
#houseandlotnearrobinson
#houseandlotnearsmnovaliches
#presellinghouseandlotquezoncity
#
#forsalehouseandlotquezoncity
#townhousefloodfreequezoncity
#renttowntownhouseamaiaseriesnovaliches
#amaiaseriesnovalichesquezoncity
#amaiaseriesnovaliches09061500427
#AltarazasanjosedelmonteBulacancondo
#NuvaliLagunacondo
#ShawMandaluyongcondo
#Cubaocond #StaMesacondo
#Avenidacondo #Pasigcondo 
#Bicutancondo #sucatcond",,,,,,,"0","0","1575469261000","https://www.facebook.com/groups/222359141594483/permalink/737981556698903/?sale_post_id=737981556698903"
,,,,,,,,,,,,,,,,,,,,"100064849864375","DOST-PAGASA","https://scontent-iad3-1.xx.fbcdn.net/v/t39.30808-1/487303686_1099355335569452_7045424019269009221_n.png?stp=cp0_dst-png&cstp=mx1001x1001&ctp=s40x40&_nc_cat=1&ccb=1-7&_nc_sid=2d3e12&_nc_ohc=8-rGnn6nM6QQ7kNvwHtXH1c&_nc_oc=AdqdkngQQaSur8pWfrjUzz5THKn10vTvpeMuYNSE_ak11mqCJ4rcpTmK7o8jwzT7NRg&_nc_zt=24&_nc_ht=scontent-iad3-1.xx&_nc_gid=P90HUurQtsU06ZTuGNlwLA&_nc_ss=7c2a8&oh=00_AQCznxGfMu2cHbObhzllRYRt8BTNHJoQ0gOs9wolPyBdFg&oe=6A5FC79F","https://www.facebook.com/PAGASA.DOST.GOV.PH","0","2568363749927660","#ALISTOMARIKEÑO

SEVERE WEATHER BULLETIN #22
FOR: TYPHOON ""TisoyPH"" (KAMMURI)
TROPICAL CYCLONE: WARNING
ISSUED AT 11:00 PM, 03 December 2019
(Valid for broadcast until the next bulletin to be issued at 5 AM tomorrow)

TYPHOON ""TISOY"" CONTINUES TO WEAKEN AS IT EMERGES OVER THE WEST PHILIPPINE SEA.

Rainfall Outlook
• Tomorrow: Light to moderate with occasional heavy rains over Cagayan Valley, Cordillera Administrative Region, Aurora and Quezon. Light to moderate rains (with intermittent heavy rainshowers) during thunderstorms over Metro Manila and the rest of Central Luzon and CALABARZON.
• Residents in the aforementioned areas, especially those living in areas highly or very highly susceptible to flooding and rain-induced landslides, are advised to take appropriate actions, coordinate with local disaster risk reduction and management offices, and continue monitoring for updates, especially the Thunderstorm or Rainfall Advisories and Heavy Rainfall Warnings issued by PAGASA Regional Services Divisions.

Other Hazards and Information
• Tropical Cyclone Wind Signals are now lifted over mainland Antique, northern Aklan, Camarines Provinces, Southern Aurora, and the remaining areas of Romblon and Quezon including Polillo Islands
• Sea travel is risky, especially for small seacrafts, over the seaboards of areas under TCWS, the seaboards of Northern Luzon, Central Luzon, and Visayas, and the eastern and western seaboards of Southern Luzon due to rough sea conditions
• Apart from those still under TCWS, gusty conditions associated with the Northeast Monsoon may also be experienced in other areas of Northern Luzon, Central Luzon, CALABARZON and MIMAROPA, especially in the coastal and mountainous areas.
• ""TISOY"" is forecast to exit the Philippine Area of Responsibility between tomorrow evening and Thursday morning.

Location of eye/center: At 10:00 PM today, the center of Typhoon ""TISOY"" was located based on all available data at 180 km West of Calapan City, Oriental Mindoro (13.5°N, 119.5°E).
Strength: Maximum sustained winds of up to 120 km/h near the center and gustiness of up to 150 km/h.
Movement: Moving West Northwest at 15 km/h.

Forecast Positions
• 24 Hour (Tomorrow evening): 465 km West of Subic, Zambales (15.0°N, 116.0°E)
• 48 Hour (Thursday evening): 800 km West of Calapan City, Oriental Mindoro (OUTSIDE PAR) (14.0°N, 113.8°E)

TROPICAL CYCLONE WIND SIGNAL
TCWS #3 (121-170 km/h winds prevailing or expected in 18 hours)
Northern Occidental Mindoro (Abra de Ilog, Looc, Lubang, Mamburao, Paluan) including Lubang Island

TCWS #2 (61-120 km/h winds prevailing or expected in 24 hours)
Oriental Mindoro, Batangas, rest of Occidental Mindoro, Cavite, Laguna, Rizal, Bataan, Metro Manila, southern Bulacan (Balagtas, Bocaue, Bulacan, Calumpit, Guiguinto, Hagonoy, Malolos City, Marilao, Meycauayan City, Obando, Paombong, Plaridel, Pulilan), southern Pampanga (Floridablanca, Lubao, Macabebe, Masantol, Sasmuan), southern Zambales (Castillejos, Olongapo City, San Antonio, San Felipe, San Marcelino, San Narciso, Subic), Calamian Islands (Coron, Busuanga, Culion, Linapacan), and western portion of Quezon (Dolores, Tiaong, Candelaria, Sariaya, San Antonio)

TCWS #1 (30-60 km/h winds prevailing or expected in 36 hours)
Southern Nueva Ecija (Cabanatuan City, Cabiao, Gabaldon, Gapan City, General Tinio, Jaen, Laur, Palayan City, Peñaranda, San Antonio, San Isidro, San Leonardo, Santa Rosa, Aliaga, Licab, Zaragoza), northern portion of Palawan (El Nido, Taytay, Araceli, Dumaran, municipalities in Cuyo Islands), Tarlac, northern and central portions of Quezon (General Nakar, Infanta, Real, Mauban, Sampaloc, Lucban, Tayabas, Lucena City, Pagbilao, Atimonan, Padre Burgos, Agdangan, Plaridel, Unisan, Gumaca, Pitogo, Macalelon, General Luna, Perez, Alabat, Quezon), western Romblon (Concepcion, Banton, Corcuera, San Jose and municipalities in Tablas Island), Marinduque, rest of Zambales, rest of Pampanga, and rest of Bulacan
Northwestern Antique (Caluya)

The public and the disaster risk reduction and management council concerned are advised to take appropriate actions and watch for the next Severe Weather Bulletin to be issued at 5AM tomorrow.",,,"21",,,,"21","1","1575390412000","https://www.facebook.com/MarikinaRescue161/posts/pfbid0Sr4FhDSZwwMQne8oeoviNXsPYP98YFWeY4kadfqJnQbfbrvJsF5gAzwyQw5bA6fNl"
,,,,,,,,,,,,,,,,,,,,"100064863155634","Amaia by ayala Hiring property specialist/ sales agent","https://scontent-iad3-1.xx.fbcdn.net/v/t39.30808-1/302728947_465775018927933_706898941361087675_n.jpg?stp=cp0_dst-jpg_tt6&cstp=mx1080x1080&ctp=s24x24&_nc_cat=108&ccb=1-7&_nc_sid=2d3e12&_nc_ohc=mLVTG3-6T8kQ7kNvwHf5Vp4&_nc_oc=AdpL0ku6VOypE4lBUIYJNcxOkLs1gMjmWnUrXbHib_pDiw5eXvGCN-rlrRuFSsbnav4&_nc_zt=24&_nc_ht=scontent-iad3-1.xx&_nc_gid=UbW3z3NjTjLLWAKw9LoCKg&_nc_ss=7c2a8&oh=00_AQCzhoCOGO4r_fpuE34dcpr4avnDsavNOEyhi43Xj08rjA&oe=6A5FD489","https://www.facebook.com/profile.php?id=100064863155634","0","2776761999050496","HEADS UP‼️ 
📢📢PROMO‼️PROMO‼️PROMO‼️📢📢
 
🍀SECTOR 4 - IS  NOW OPEN‼️
HOT SELLING ‼BY AYALA LAND ✔
♨️TAKE ADVANTAGE WHILE IT'S HOT♨️

RESERVATION  FEE FOR AS LOW AS 25K✔

🏠10% SPOT DOWNPAYMENT  or  12 to 24 MONTHS INSTALLMENT  (NO INTEREST)🏠
90%  BALANCE BANK FINANCING ONLY ✔

🏡 Amaia Series Novaliches Affordable & Quality a townhouse project right at the heart of Amaia Novaliches Estate, Quezon City.

➡️Strategically located at Brgy. San Agustin Novaliches Quezon City 

🏡 Feel safe knowing that our community is managed by AYALA PROPERTY MANAGEMENT CORPORATION.

✔GATED COMMUNITY WITH FULLY
SECURED 
✔COMPLETE AMENITIES
✔QUALITY House and Lot 
✔FLOOD FREE‼️
❌NO HIDDEN CHARGES✅
🔰TRANSPARENT COMPUTATION 
👍Trusted Developer - AYALA LAND✅

🏡No. of residential units:
♐️Sector 1 - 286  UNITS(SOLD OUT)✔
♐️Sector 2 - 220 UNITS ( 2 END UNITS)✔
♐️Sector 3A - 74  UNITS(FEW UNITS LEFT)✔
♐️Sector 3B - 96 UNITS (FEW UNITS LEFT)✔
♐️SECTOR 4- (open soon )✔ for announcement.

Turn-over Date:
➡️Sector 1 – RFO
➡️Sector 2 – Turnover starts 4Q’19
➡️Sector 3– Turnover starts 4Q’20 & 4Q'2021

HLURB LTS NO.: ENCR-014-28582

Amaia Series 🏡PRIMA UNIT🏡
➡️“🏖Team: Modern design with 4 & 6 Series 
➡️Lot area: 50 sqm – 143 sqm
➡️Lot area: 56 sqm – 61 sqm

☑️2 STOREY 
☑️3 BEDROOM 
☑️1 TOILET & BATH 
☑️CARPORT AREA
☑️SERVICE AREA
☑️PORCH AREA
☑️KITCHEN AND SINK W/FOOT CABINETS
☑️Provision for another toilet & Bath  or maids room. 

🏡INNER UNIT(  starts @ 3.5M)♦️
Lot Area: 51sqm to 55sqm
Floor Area: 56sqm 

🏡END UNIT start @ (4.9 to 5.5M)✔
Floor Area: 59sqm to 61sqm 
Lot Area : 71 sqm and up

🏡CORNER or END- starts @ (6M to 8.2M)✔
(Floor Area: 61sqm
Lot Area : 82 sqm and up

OWN A HOUSE AND LOT @
AMAIA SERIES NOVALICHES QUEZON CITY 

♐️🚘🛵 🚙 🚌 24/7 transportation
-Accessible near school,church,hospital,mall, market,terminal and nearby establishment:
(SM Nova, SM Fairview, Nova Bayan, Robinson, almar, Zabarte Mall, Puregold,etc.)

♐️🔜 they will open friendship road going to North Olympus, Urduja ,Fairview and Commonwealth

♐️🔜Soon 41 commercial establishment will rise inside of the vicinity. (AMAIA SQUARE NOVA)

Accessible through:
📕NLEX thru Manila exit Mindanao avenue link
📗From Caloocan through Camarin and Zabarte Road
📘From Mindanao and Commonwealth Avenue
📙Accessible through different modes of transportation such as jeepneys and tricycles
📚Near educational institutions such as La Consolacion College / STI  College
♻️Near Sm Fairview, Robinson,Fairview Terraces and Sm Novaliches

Amenities: 
🍀24/7 Secured(with Roving Guard)
🍀Village Pavilion
🍀Swimming Pool
🍀Basketball Court
🍀Children Play Area
🍀Landscaped Areas
😀Jogging Loop

💰 TO ALL INVESTOR'S👩‍🏫👨‍✈️👩‍🏫👨‍💼👷‍♀️👩‍🍳👩‍🚀👰👨‍👩‍👧‍👦
🔰COME AND RESERVE YOUR DESIRE UNIT🔰
✍️✍️GET ON THE SPOT PROMOS HUGE DISCOUNT FOR SPOT CASH BUYER ✔️👍

💶GOOD INVESTMENT 💰💵💸
♐️BEAT THE ORIGINAL PRICE BEFORE PRICE INCREASE ‼️ 💦  SAVE AS MUCH 500K💦

❌ STOP RENTING ❌
Why RENT? When you can OWN!

🔹Local & International Client are Welcome👋

🏡PEACEFUL & QUIET COMMUNITY 
VISIT TO APPRECIATE & DECIDE LATER 🏡

~💫💶EVEN IF YOU ARE BASED ON ABROAD YOU CAN STILL PURCHASE UNIT FROM US 
AND I CAN ASSIST YOU ON ALL YOUR INQUIRIES~ 

WHY RESERVE EARLY❓
• 🔶The prices for the pre-selling units are usually discounted and lowest, especially if the response during the Selling is positive. Furthermore you get to choose from the best units that are available 

👩‍🏫👨‍💻For more details and sample computation please private message us your ⌨️📱

✍️Name: 
📱Contact Number 
📧Email: 

AVAILABL FOR 5 YRS TO 20 YEARS TO PAY✔

""DON'T WORRY I WILL HELP YOU WITH YOUR BANK LOAN""👍👍👍

How to purchase a your desire unit? 
Just Bring: 
✔VALID ID 
✔ 25K Reservation Fee
♦️25,000.00 Reservation Fee✅
Thru cash or check♦️
✔PROOF OF BILLING 
✔COE or (atleast 1 month payslip)
MODEL UNIT VIEWING (8am to 5pm)

For Reservation & Proper Scheduling of Site Visit:
📲Call/SMS/GLOBE/VIBER/whatsApp/LINE-
📞☎️09061500427
MS.JOYCE
Look for Ms.Joyce Melitante
In-House Sales Manager
Amaia Land Corp.

OR Direct message me thru my messenger.
AYALA LAND✅
Thank you 🙏💕 🙂 

📒Reminders: For your hassle Free and for your security purposes, walk-in clients are not allowed to enter the residential premises without an authorized seller of Amaia . Thank You!🤝✍️📋

✔️AMAIA SERIES #TOWNHOUSE 🗝🏠🏠🏠
✔️AMAIA STEPS #MID RISE CONDO 🔑🏢🏢✔️AMAIA SKIES  #HIGHRISECONDO 🔑🏢🏢
✔️AMAIA SQUARE #COMMERCIAL 🗝🌆🌆

♐️OTHER PROJECTS &  LOCATION:
#COMMERCIAL/#RESIDENTIAL‼️
🏢Amaia Square Nova  (RFO)
👉📌Susano road Brgy. San Agustin Caloocan City

#MIDRISE #CONDO‼️
🏢Amaia Steps #Altaraza (RFO)
👉📌Quirino Highway corner Governor F. Halili Avenue San Jose Del Monte Bulacan

🏢Amaia Steps #Novaliches (RFO)
👉📌Susano road Brgy. San Agustin Caloocan City

🏢 Amaia Steps #Pasig (RFO/Pre-selling)
👉📌Eusebio St. Brgy. San Manuel Pasig City

🏢 Amaia Steps #Sucat (RFO & Pre-selling)
👉📌Dr. A Santos Avenue Brgy. San Antonio Paranaque City

🏢 Amaia Steps #Bicutan (RFO)
👉📌West Service Rpad corner Sun Valley Drive Brgy. Sun Valley Paranaque City

🏢 Amaia Steps #Alabang (RFO/Pre-selling)
👉📌Alabang Zapote Road, Almanza Uno Las Pinas city

🏢Amaia Steps #Parkway Nuvali
👉📌Evolving Parkway corner West Conservation Avenue Nuvali Canlubang Calamba City

#HIGHRISECONDO‼️

🏢Amaia Skies #Cubao (Tower 1& 2)
👉📌Edsa corner P. Tuazon Avenue Brgy. Socorro cubao Quezon City

🏢Amaia Skies #Shaw (T1-RFO & T-2 Pre-selling)
👉📌Shaw Blvd. corner Samat St. Brgy. Highway Hills Mandaluyong City.

🏢 Amaia Skies #Sta.#Mesa (RFO)
👉📌Valenzuela St. corner V. Mapa Boulevard Sta. Mesa Manila

🏢 Amaia Skies #Avenida (RFO)
👉📌Doroteo Jose St. corner Tomas Mapua St. Sta. Cruz Manila

#TOWNHOUSE #SERIES‼️
🏡 Amaia Series #Novaliches (Pre-selling/Few units Left)
👉📌Susano road Brgy. San Agustin Novaliches Quezon City

🏡 Amaia Series #Vermosa (Pre-selling)
👉📌Patindig Araw Imus Cavite

#HOUSE #AND #LOT ‼️
🏡Amaia Scapes #Bulacan
👉📌Brgy,. Manggahan and Sta Cruz Sta Maria Bulacan

🏡Amaia Scapes #Binangonan
👉📌Brgy,.Tatala, Binangonan, Rizal

🏡Amaia Scapes #Cabanatuan
👉📌NE Aurora Road, Bangad Cabanatuan City Nueva Ecija

🏡Amaia Scapes #Capas
👉📌Mac Arthur highway, Brgy Estrada Capas Tarlac

🏡Amaia Scapes #Urdaneta
👉📌Urdaneta-Calasiao Road, Urdaneta City Pangasinan

🏡Amaia Scapes #San #Fernando
👉📌New Barrio Road, Brgy. Calulut & Baliti city of San Fernando, Pampanga

🏡Amaia Scapes #Pampanga
👉📌Magalang, Angeles Road Brgy Sapang Maisac Mexico Pampanga

🏡Amaia Scapes #General #Trias
👉📌Arnaldo Highway, Brgy Santiago General Trias Cavite

🏡Amaia Scapes #Trece #Martires
👉📌Brgy,Conchu Trece Martires City Cavite

🏡Amaia Scapes #Cabuyao
👉📌Brgy,. Marinig Cabuyao, Laguna

🏡Amaia Scapes #San #Pablo
👉📌Brgy,. San Lucas 2 San Pablo City

🏡Amaia Scapes #Laguna
👉📌Brgy,. Barandal Calamba, Laguna

🏡Amaia Scapes #Iloilo
👉📌Brgy. San Jose, San Miguel, Iloilo.

🏡Amaia Scapes #North #Point
👉📌Brgy,. Zone 15, Talisay City, Negros Occidental

🏡Amaia Scapes #Bauan
👉📌Bauan-Batangas Provincial Road, Brgy As-is Bauan Batangas

🏡Amaia Scapes #Lipa
👉📌Santo Tomas-Lipa Rd. (Mahogany Rd.) Bgy. Dagatan, Lipa City, Batangas.

🏡Amaia Scapes #Lucena
👉📌Brgy Canlurang, Isabang and Ilayang Talim Lucena City Quezon 

HOW TO AVAIL AND GET THE LATEST PROMO and For Faster Transaction. 👉👉✅✅
Kindly PM as your: 
EXAMPLE 
Fullname:  JUAN DELA CRUZ
Contact Details: 09061500427
Email: amaialand@yahoo.com
RFO OR PRESELLING: RFO 
Project:  CONDO 
Desire Location : CUBAO 
Monthly Budget for your unit: 17,000/ month.

🏡PEACEFUL & QUIET COMMUNITY 
VISIT TO APPRECIATE & DECIDE LATER 🏡

🔹Local & International Client are Welcome👋

~💫💶EVEN IF YOU ARE BASED ON ABROAD YOU CAN STILL PURCHASE UNIT FROM US 
AND I CAN ASSIST YOU ON ALL YOUR INQUIRIES~ 

NO TO BOGUS BUYER.✅
NOTE PM IS THE KEY🔑🔑🔑 T.Y. 

𝐁𝐔𝐘 𝐘𝐎𝐔𝐑𝐒 𝐍𝐎𝐖!!!
👩🏻👩‍🏫👨‍💻For inquiries, site tripping and reservation or 
direct message me thru messenger
Or also you can Direct text or call me @ 
📱 SMS, VIBER/WHATSAPP:
📲0906-1500-427
👩🏻♐️Ms. JOYCE 
AMAIA LAND CORP 

🔰Reminders: For hassle Free and for security purposes, walk-in clients are not allowed to enter the residential premises without an authorized agent.

🔰Don't be a Victim of Scams, Be safe. Protect your investment. 
Always deal with me, the company and authorized licensed sales person.

THANK YOU AND GODBLESS❗️

#ForsalehouseandlotamaiaSeriesNovalichesquezoncity👍
#houseadlotnovalichesquezocity
#amaiatownhouse #2storeytownhouseinquezoncity
#3BR2storeytownhouseinquezoncity
#3Bedroomhouseandlotnearnovabayan
#townhousenearnovabayan
#houseandlotnearsmfairview
#houseandlotnearfairviewterrace
#houseandlotnearzabarte
#houseandlotnearrobinson
#houseandlotnearsmnovaliches
#presellinghouseandlotquezoncity
#
#forsalehouseandlotquezoncity
#townhousefloodfreequezoncity
#renttowntownhouseamaiaseriesnovaliches
#amaiaseriesnovalichesquezoncity
#amaiaseriesnovaliches09061500427
#AltarazasanjosedelmonteBulacancondo
#NuvaliLagunacondo
#ShawMandaluyongcondo
#Cubaocond #StaMesacondo
#Avenidacondo #Pasigcondo 
#Bicutancondo #sucatcondo
#Novalichescondo #Alabangcondo
",,,,,,,"0","0","1575493360000","https://www.facebook.com/groups/808055049254544/permalink/2776761999050496/?sale_post_id=2776761999050496"
,,,,,,,,,,,,,,,,,,,,"100003453295848","Joyce Melitante","https://scontent-iad3-2.xx.fbcdn.net/v/t1.6435-1/123968461_2539478006177284_5824128953974466023_n.jpg?stp=cp0_dst-jpg_tt6&cstp=mx720x721&ctp=s24x24&_nc_cat=111&ccb=1-7&_nc_sid=e99d92&_nc_ohc=k3EOoughMsUQ7kNvwE3VEi4&_nc_oc=Adq2sWCPiy4RoMM9cQoB5wJyS8L36pRNqyYeFOsMN3QQjhzleJuOE7lafu29ZCGQ-zA&_nc_zt=24&_nc_ht=scontent-iad3-2.xx&_nc_gid=UbW3z3NjTjLLWAKw9LoCKg&_nc_ss=7c2a8&oh=00_AQA66PCyHjZHZci753orUR-gTwYEHxkhQtkPOY9s_L3mEQ&oe=6A813DCB","https://www.facebook.com/joyce.santiago.1614","0","738240530006339","HEADS UP‼️ 
📢📢PROMO‼️PROMO‼️PROMO‼️📢📢
 
🍀SECTOR 4 - IS  NOW OPEN‼️
HOT SELLING ‼BY AYALA LAND ✔
♨️TAKE ADVANTAGE WHILE IT'S HOT♨️

RESERVATION  FEE FOR AS LOW AS 25K✔

🏠10% SPOT DOWNPAYMENT  or  12 to 24 MONTHS INSTALLMENT  (NO INTEREST)🏠
90%  BALANCE BANK FINANCING ONLY ✔

🏡 Amaia Series Novaliches Affordable & Quality a townhouse project right at the heart of Amaia Novaliches Estate, Quezon City.

➡️Strategically located at Brgy. San Agustin Novaliches Quezon City 

🏡 Feel safe knowing that our community is managed by AYALA PROPERTY MANAGEMENT CORPORATION.

✔GATED COMMUNITY WITH FULLY
SECURED 
✔COMPLETE AMENITIES
✔QUALITY House and Lot 
✔FLOOD FREE‼️
❌NO HIDDEN CHARGES✅
🔰TRANSPARENT COMPUTATION 
👍Trusted Developer - AYALA LAND✅

🏡No. of residential units:
♐️Sector 1 - 286  UNITS(SOLD OUT)✔
♐️Sector 2 - 220 UNITS ( 2 END UNITS)✔
♐️Sector 3A - 74  UNITS(FEW UNITS LEFT)✔
♐️Sector 3B - 96 UNITS (FEW UNITS LEFT)✔
♐️SECTOR 4- (open soon )✔ for announcement.

Turn-over Date:
➡️Sector 1 – RFO
➡️Sector 2 – Turnover starts 4Q’19
➡️Sector 3– Turnover starts 4Q’20 & 4Q'2021

HLURB LTS NO.: ENCR-014-28582

Amaia Series 🏡PRIMA UNIT🏡
➡️“🏖Team: Modern design with 4 & 6 Series 
➡️Lot area: 50 sqm – 143 sqm
➡️Lot area: 56 sqm – 61 sqm

☑️2 STOREY 
☑️3 BEDROOM 
☑️1 TOILET & BATH 
☑️CARPORT AREA
☑️SERVICE AREA
☑️PORCH AREA
☑️KITCHEN AND SINK W/FOOT CABINETS
☑️Provision for another toilet & Bath  or maids room. 

🏡INNER UNIT(  starts @ 3.5M)♦️
Lot Area: 51sqm to 55sqm
Floor Area: 56sqm 

🏡END UNIT start @ (4.9 to 5.5M)✔
Floor Area: 59sqm to 61sqm 
Lot Area : 71 sqm and up

🏡CORNER or END- starts @ (6M to 8.2M)✔
(Floor Area: 61sqm
Lot Area : 82 sqm and up

OWN A HOUSE AND LOT @
AMAIA SERIES NOVALICHES QUEZON CITY 

♐️🚘🛵 🚙 🚌 24/7 transportation
-Accessible near school,church,hospital,mall, market,terminal and nearby establishment:
(SM Nova, SM Fairview, Nova Bayan, Robinson, almar, Zabarte Mall, Puregold,etc.)

♐️🔜 they will open friendship road going to North Olympus, Urduja ,Fairview and Commonwealth

♐️🔜Soon 41 commercial establishment will rise inside of the vicinity. (AMAIA SQUARE NOVA)

Accessible through:
📕NLEX thru Manila exit Mindanao avenue link
📗From Caloocan through Camarin and Zabarte Road
📘From Mindanao and Commonwealth Avenue
📙Accessible through different modes of transportation such as jeepneys and tricycles
📚Near educational institutions such as La Consolacion College / STI  College
♻️Near Sm Fairview, Robinson,Fairview Terraces and Sm Novaliches

Amenities: 
🍀24/7 Secured(with Roving Guard)
🍀Village Pavilion
🍀Swimming Pool
🍀Basketball Court
🍀Children Play Area
🍀Landscaped Areas
😀Jogging Loop

💰 TO ALL INVESTOR'S👩‍🏫👨‍✈️👩‍🏫👨‍💼👷‍♀️👩‍🍳👩‍🚀👰👨‍👩‍👧‍👦
🔰COME AND RESERVE YOUR DESIRE UNIT🔰
✍️✍️GET ON THE SPOT PROMOS HUGE DISCOUNT FOR SPOT CASH BUYER ✔️👍

💶GOOD INVESTMENT 💰💵💸
♐️BEAT THE ORIGINAL PRICE BEFORE PRICE INCREASE ‼️ 💦  SAVE AS MUCH 500K💦

❌ STOP RENTING ❌
Why RENT? When you can OWN!

🔹Local & International Client are Welcome👋

🏡PEACEFUL & QUIET COMMUNITY 
VISIT TO APPRECIATE & DECIDE LATER 🏡

~💫💶EVEN IF YOU ARE BASED ON ABROAD YOU CAN STILL PURCHASE UNIT FROM US 
AND I CAN ASSIST YOU ON ALL YOUR INQUIRIES~ 

WHY RESERVE EARLY❓
• 🔶The prices for the pre-selling units are usually discounted and lowest, especially if the response during the Selling is positive. Furthermore you get to choose from the best units that are available 

👩‍🏫👨‍💻For more details and sample computation please private message us your ⌨️📱

✍️Name: 
📱Contact Number 
📧Email: 

AVAILABL FOR 5 YRS TO 20 YEARS TO PAY✔

""DON'T WORRY I WILL HELP YOU WITH YOUR BANK LOAN""👍👍👍

How to purchase a your desire unit? 
Just Bring: 
✔VALID ID 
✔ 25K Reservation Fee
♦️25,000.00 Reservation Fee✅
Thru cash or check♦️
✔PROOF OF BILLING 
✔COE or (atleast 1 month payslip)
MODEL UNIT VIEWING (8am to 5pm)

For Reservation & Proper Scheduling of Site Visit:
📲Call/SMS/GLOBE/VIBER/whatsApp/LINE-
📞☎️09061500427
MS.JOYCE
Look for Ms.Joyce Melitante
In-House Sales Manager
Amaia Land Corp.

OR Direct message me thru my messenger.
AYALA LAND✅
Thank you 🙏💕 🙂 

📒Reminders: For your hassle Free and for your security purposes, walk-in clients are not allowed to enter the residential premises without an authorized seller of Amaia . Thank You!🤝✍️📋

✔️AMAIA SERIES #TOWNHOUSE 🗝🏠🏠🏠
✔️AMAIA STEPS #MID RISE CONDO 🔑🏢🏢✔️AMAIA SKIES  #HIGHRISECONDO 🔑🏢🏢
✔️AMAIA SQUARE #COMMERCIAL 🗝🌆🌆

♐️OTHER PROJECTS &  LOCATION:
#COMMERCIAL/#RESIDENTIAL‼️
🏢Amaia Square Nova  (RFO)
👉📌Susano road Brgy. San Agustin Caloocan City

#MIDRISE #CONDO‼️
🏢Amaia Steps #Altaraza (RFO)
👉📌Quirino Highway corner Governor F. Halili Avenue San Jose Del Monte Bulacan

🏢Amaia Steps #Novaliches (RFO)
👉📌Susano road Brgy. San Agustin Caloocan City

🏢 Amaia Steps #Pasig (RFO/Pre-selling)
👉📌Eusebio St. Brgy. San Manuel Pasig City

🏢 Amaia Steps #Sucat (RFO & Pre-selling)
👉📌Dr. A Santos Avenue Brgy. San Antonio Paranaque City

🏢 Amaia Steps #Bicutan (RFO)
👉📌West Service Rpad corner Sun Valley Drive Brgy. Sun Valley Paranaque City

🏢 Amaia Steps #Alabang (RFO/Pre-selling)
👉📌Alabang Zapote Road, Almanza Uno Las Pinas city

🏢Amaia Steps #Parkway Nuvali
👉📌Evolving Parkway corner West Conservation Avenue Nuvali Canlubang Calamba City

#HIGHRISECONDO‼️

🏢Amaia Skies #Cubao (Tower 1& 2)
👉📌Edsa corner P. Tuazon Avenue Brgy. Socorro cubao Quezon City

🏢Amaia Skies #Shaw (T1-RFO & T-2 Pre-selling)
👉📌Shaw Blvd. corner Samat St. Brgy. Highway Hills Mandaluyong City.

🏢 Amaia Skies #Sta.#Mesa (RFO)
👉📌Valenzuela St. corner V. Mapa Boulevard Sta. Mesa Manila

🏢 Amaia Skies #Avenida (RFO)
👉📌Doroteo Jose St. corner Tomas Mapua St. Sta. Cruz Manila

#TOWNHOUSE #SERIES‼️
🏡 Amaia Series #Novaliches (Pre-selling/Few units Left)
👉📌Susano road Brgy. San Agustin Novaliches Quezon City

🏡 Amaia Series #Vermosa (Pre-selling)
👉📌Patindig Araw Imus Cavite

#HOUSE #AND #LOT ‼️
🏡Amaia Scapes #Bulacan
👉📌Brgy,. Manggahan and Sta Cruz Sta Maria Bulacan

🏡Amaia Scapes #Binangonan
👉📌Brgy,.Tatala, Binangonan, Rizal

🏡Amaia Scapes #Cabanatuan
👉📌NE Aurora Road, Bangad Cabanatuan City Nueva Ecija

🏡Amaia Scapes #Capas
👉📌Mac Arthur highway, Brgy Estrada Capas Tarlac

🏡Amaia Scapes #Urdaneta
👉📌Urdaneta-Calasiao Road, Urdaneta City Pangasinan

🏡Amaia Scapes #San #Fernando
👉📌New Barrio Road, Brgy. Calulut & Baliti city of San Fernando, Pampanga

🏡Amaia Scapes #Pampanga
👉📌Magalang, Angeles Road Brgy Sapang Maisac Mexico Pampanga

🏡Amaia Scapes #General #Trias
👉📌Arnaldo Highway, Brgy Santiago General Trias Cavite

🏡Amaia Scapes #Trece #Martires
👉📌Brgy,Conchu Trece Martires City Cavite

🏡Amaia Scapes #Cabuyao
👉📌Brgy,. Marinig Cabuyao, Laguna

🏡Amaia Scapes #San #Pablo
👉📌Brgy,. San Lucas 2 San Pablo City

🏡Amaia Scapes #Laguna
👉📌Brgy,. Barandal Calamba, Laguna

🏡Amaia Scapes #Iloilo
👉📌Brgy. San Jose, San Miguel, Iloilo.

🏡Amaia Scapes #North #Point
👉📌Brgy,. Zone 15, Talisay City, Negros Occidental

🏡Amaia Scapes #Bauan
👉📌Bauan-Batangas Provincial Road, Brgy As-is Bauan Batangas

🏡Amaia Scapes #Lipa
👉📌Santo Tomas-Lipa Rd. (Mahogany Rd.) Bgy. Dagatan, Lipa City, Batangas.

🏡Amaia Scapes #Lucena
👉📌Brgy Canlurang, Isabang and Ilayang Talim Lucena City Quezon 

HOW TO AVAIL AND GET THE LATEST PROMO and For Faster Transaction. 👉👉✅✅
Kindly PM as your: 
EXAMPLE 
Fullname:  JUAN DELA CRUZ
Contact Details: 09061500427
Email: amaialand@yahoo.com
RFO OR PRESELLING: RFO 
Project:  CONDO 
Desire Location : CUBAO 
Monthly Budget for your unit: 17,000/ month.

🏡PEACEFUL & QUIET COMMUNITY 
VISIT TO APPRECIATE & DECIDE LATER 🏡

🔹Local & International Client are Welcome👋

~💫💶EVEN IF YOU ARE BASED ON ABROAD YOU CAN STILL PURCHASE UNIT FROM US 
AND I CAN ASSIST YOU ON ALL YOUR INQUIRIES~ 

NO TO BOGUS BUYER.✅
NOTE PM IS THE KEY🔑🔑🔑 T.Y. 

𝐁𝐔𝐘 𝐘𝐎𝐔𝐑𝐒 𝐍𝐎𝐖!!!
👩🏻👩‍🏫👨‍💻For inquiries, site tripping and reservation or 
direct message me thru messenger
Or also you can Direct text or call me @ 
📱 SMS, VIBER/WHATSAPP:
📲0906-1500-427
👩🏻♐️Ms. JOYCE 
AMAIA LAND CORP 

🔰Reminders: For hassle Free and for security purposes, walk-in clients are not allowed to enter the residential premises without an authorized agent.

🔰Don't be a Victim of Scams, Be safe. Protect your investment. 
Always deal with me, the company and authorized licensed sales person.

THANK YOU AND GODBLESS❗️

#ForsalehouseandlotamaiaSeriesNovalichesquezoncity👍
#houseadlotnovalichesquezocity
#amaiatownhouse #2storeytownhouseinquezoncity
#3BR2storeytownhouseinquezoncity
#3Bedroomhouseandlotnearnovabayan
#townhousenearnovabayan
#houseandlotnearsmfairview
#houseandlotnearfairviewterrace
#houseandlotnearzabarte
#houseandlotnearrobinson
#houseandlotnearsmnovaliches
#presellinghouseandlotquezoncity
#
#forsalehouseandlotquezoncity
#townhousefloodfreequezoncity
#renttowntownhouseamaiaseriesnovaliches
#amaiaseriesnovalichesquezoncity
#amaiaseriesnovaliches09061500427
#AltarazasanjosedelmonteBulacancondo
#NuvaliLagunacondo
#ShawMandaluyongcondo
#Cubaocond #StaMesacondo
#Avenidacondo #Pasigcondo 
#Bicutancondo #sucatcondo
#Novalichescondo #Alabangcondo
",,,,,,,"0","0","1575492886000","https://www.facebook.com/groups/222359141594483/permalink/738240530006339/?sale_post_id=738240530006339"
,,,,,,,,,,,,,,,,,,,,"100003453295848","Joyce Melitante","https://scontent-iad3-2.xx.fbcdn.net/v/t1.6435-1/123968461_2539478006177284_5824128953974466023_n.jpg?stp=cp0_dst-jpg_tt6&cstp=mx720x721&ctp=s24x24&_nc_cat=111&ccb=1-7&_nc_sid=e99d92&_nc_ohc=k3EOoughMsUQ7kNvwE3VEi4&_nc_oc=Adq2sWCPiy4RoMM9cQoB5wJyS8L36pRNqyYeFOsMN3QQjhzleJuOE7lafu29ZCGQ-zA&_nc_zt=24&_nc_ht=scontent-iad3-2.xx&_nc_gid=UbW3z3NjTjLLWAKw9LoCKg&_nc_ss=7c2a8&oh=00_AQA66PCyHjZHZci753orUR-gTwYEHxkhQtkPOY9s_L3mEQ&oe=6A813DCB","https://www.facebook.com/joyce.santiago.1614","0","2496141783938129","HEADS UP‼️ 
📢📢PROMO‼️PROMO‼️PROMO‼️📢📢
 
🍀SECTOR 4 - IS  NOW OPEN‼️
HOT SELLING ‼BY AYALA LAND ✔
♨️TAKE ADVANTAGE WHILE IT'S HOT♨️

RESERVATION  FEE FOR AS LOW AS 25K✔

🏠10% SPOT DOWNPAYMENT  or  12 to 24 MONTHS INSTALLMENT  (NO INTEREST)🏠
90%  BALANCE BANK FINANCING ONLY ✔

🏡 Amaia Series Novaliches Affordable & Quality a townhouse project right at the heart of Amaia Novaliches Estate, Quezon City.

➡️Strategically located at Brgy. San Agustin Novaliches Quezon City 

🏡 Feel safe knowing that our community is managed by AYALA PROPERTY MANAGEMENT CORPORATION.

✔GATED COMMUNITY WITH FULLY
SECURED 
✔COMPLETE AMENITIES
✔QUALITY House and Lot 
✔FLOOD FREE‼️
❌NO HIDDEN CHARGES✅
🔰TRANSPARENT COMPUTATION 
👍Trusted Developer - AYALA LAND✅

🏡No. of residential units:
♐️Sector 1 - 286  UNITS(SOLD OUT)✔
♐️Sector 2 - 220 UNITS ( 2 END UNITS)✔
♐️Sector 3A - 74  UNITS(FEW UNITS LEFT)✔
♐️Sector 3B - 96 UNITS (FEW UNITS LEFT)✔
♐️SECTOR 4- (open soon )✔ for announcement.

Turn-over Date:
➡️Sector 1 – RFO
➡️Sector 2 – Turnover starts 4Q’19
➡️Sector 3– Turnover starts 4Q’20 & 4Q'2021

HLURB LTS NO.: ENCR-014-28582

Amaia Series 🏡PRIMA UNIT🏡
➡️“🏖Team: Modern design with 4 & 6 Series 
➡️Lot area: 50 sqm – 143 sqm
➡️Lot area: 56 sqm – 61 sqm

☑️2 STOREY 
☑️3 BEDROOM 
☑️1 TOILET & BATH 
☑️CARPORT AREA
☑️SERVICE AREA
☑️PORCH AREA
☑️KITCHEN AND SINK W/FOOT CABINETS
☑️Provision for another toilet & Bath  or maids room. 

🏡INNER UNIT(  starts @ 3.5M)♦️
Lot Area: 51sqm to 55sqm
Floor Area: 56sqm 

🏡END UNIT start @ (4.9 to 5.5M)✔
Floor Area: 59sqm to 61sqm 
Lot Area : 71 sqm and up

🏡CORNER or END- starts @ (6M to 8.2M)✔
(Floor Area: 61sqm
Lot Area : 82 sqm and up

OWN A HOUSE AND LOT @
AMAIA SERIES NOVALICHES QUEZON CITY 

♐️🚘🛵 🚙 🚌 24/7 transportation
-Accessible near school,church,hospital,mall, market,terminal and nearby establishment:
(SM Nova, SM Fairview, Nova Bayan, Robinson, almar, Zabarte Mall, Puregold,etc.)

♐️🔜 they will open friendship road going to North Olympus, Urduja ,Fairview and Commonwealth

♐️🔜Soon 41 commercial establishment will rise inside of the vicinity. (AMAIA SQUARE NOVA)

Accessible through:
📕NLEX thru Manila exit Mindanao avenue link
📗From Caloocan through Camarin and Zabarte Road
📘From Mindanao and Commonwealth Avenue
📙Accessible through different modes of transportation such as jeepneys and tricycles
📚Near educational institutions such as La Consolacion College / STI  College
♻️Near Sm Fairview, Robinson,Fairview Terraces and Sm Novaliches

Amenities: 
🍀24/7 Secured(with Roving Guard)
🍀Village Pavilion
🍀Swimming Pool
🍀Basketball Court
🍀Children Play Area
🍀Landscaped Areas
😀Jogging Loop

💰 TO ALL INVESTOR'S👩‍🏫👨‍✈️👩‍🏫👨‍💼👷‍♀️👩‍🍳👩‍🚀👰👨‍👩‍👧‍👦
🔰COME AND RESERVE YOUR DESIRE UNIT🔰
✍️✍️GET ON THE SPOT PROMOS HUGE DISCOUNT FOR SPOT CASH BUYER ✔️👍

💶GOOD INVESTMENT 💰💵💸
♐️BEAT THE ORIGINAL PRICE BEFORE PRICE INCREASE ‼️ 💦  SAVE AS MUCH 500K💦

❌ STOP RENTING ❌
Why RENT? When you can OWN!

🔹Local & International Client are Welcome👋

🏡PEACEFUL & QUIET COMMUNITY 
VISIT TO APPRECIATE & DECIDE LATER 🏡

~💫💶EVEN IF YOU ARE BASED ON ABROAD YOU CAN STILL PURCHASE UNIT FROM US 
AND I CAN ASSIST YOU ON ALL YOUR INQUIRIES~ 

WHY RESERVE EARLY❓
• 🔶The prices for the pre-selling units are usually discounted and lowest, especially if the response during the Selling is positive. Furthermore you get to choose from the best units that are available 

👩‍🏫👨‍💻For more details and sample computation please private message us your ⌨️📱

✍️Name: 
📱Contact Number 
📧Email: 

AVAILABL FOR 5 YRS TO 20 YEARS TO PAY✔

""DON'T WORRY I WILL HELP YOU WITH YOUR BANK LOAN""👍👍👍

How to purchase a your desire unit? 
Just Bring: 
✔VALID ID 
✔ 25K Reservation Fee
♦️25,000.00 Reservation Fee✅
Thru cash or check♦️
✔PROOF OF BILLING 
✔COE or (atleast 1 month payslip)
MODEL UNIT VIEWING (8am to 5pm)

For Reservation & Proper Scheduling of Site Visit:
📲Call/SMS/GLOBE/VIBER/whatsApp/LINE-
📞☎️09061500427
MS.JOYCE
Look for Ms.Joyce Melitante
In-House Sales Manager
Amaia Land Corp.

OR Direct message me thru my messenger.
AYALA LAND✅
Thank you 🙏💕 🙂 

📒Reminders: For your hassle Free and for your security purposes, walk-in clients are not allowed to enter the residential premises without an authorized seller of Amaia . Thank You!🤝✍️📋

✔️AMAIA SERIES #TOWNHOUSE 🗝🏠🏠🏠
✔️AMAIA STEPS #MID RISE CONDO 🔑🏢🏢✔️AMAIA SKIES  #HIGHRISECONDO 🔑🏢🏢
✔️AMAIA SQUARE #COMMERCIAL 🗝🌆🌆

♐️OTHER PROJECTS &  LOCATION:
#COMMERCIAL/#RESIDENTIAL‼️
🏢Amaia Square Nova  (RFO)
👉📌Susano road Brgy. San Agustin Caloocan City

#MIDRISE #CONDO‼️
🏢Amaia Steps #Altaraza (RFO)
👉📌Quirino Highway corner Governor F. Halili Avenue San Jose Del Monte Bulacan

🏢Amaia Steps #Novaliches (RFO)
👉📌Susano road Brgy. San Agustin Caloocan City

🏢 Amaia Steps #Pasig (RFO/Pre-selling)
👉📌Eusebio St. Brgy. San Manuel Pasig City

🏢 Amaia Steps #Sucat (RFO & Pre-selling)
👉📌Dr. A Santos Avenue Brgy. San Antonio Paranaque City

🏢 Amaia Steps #Bicutan (RFO)
👉📌West Service Rpad corner Sun Valley Drive Brgy. Sun Valley Paranaque City

🏢 Amaia Steps #Alabang (RFO/Pre-selling)
👉📌Alabang Zapote Road, Almanza Uno Las Pinas city

🏢Amaia Steps #Parkway Nuvali
👉📌Evolving Parkway corner West Conservation Avenue Nuvali Canlubang Calamba City

#HIGHRISECONDO‼️

🏢Amaia Skies #Cubao (Tower 1& 2)
👉📌Edsa corner P. Tuazon Avenue Brgy. Socorro cubao Quezon City

🏢Amaia Skies #Shaw (T1-RFO & T-2 Pre-selling)
👉📌Shaw Blvd. corner Samat St. Brgy. Highway Hills Mandaluyong City.

🏢 Amaia Skies #Sta.#Mesa (RFO)
👉📌Valenzuela St. corner V. Mapa Boulevard Sta. Mesa Manila

🏢 Amaia Skies #Avenida (RFO)
👉📌Doroteo Jose St. corner Tomas Mapua St. Sta. Cruz Manila

#TOWNHOUSE #SERIES‼️
🏡 Amaia Series #Novaliches (Pre-selling/Few units Left)
👉📌Susano road Brgy. San Agustin Novaliches Quezon City

🏡 Amaia Series #Vermosa (Pre-selling)
👉📌Patindig Araw Imus Cavite

#HOUSE #AND #LOT ‼️
🏡Amaia Scapes #Bulacan
👉📌Brgy,. Manggahan and Sta Cruz Sta Maria Bulacan

🏡Amaia Scapes #Binangonan
👉📌Brgy,.Tatala, Binangonan, Rizal

🏡Amaia Scapes #Cabanatuan
👉📌NE Aurora Road, Bangad Cabanatuan City Nueva Ecija

🏡Amaia Scapes #Capas
👉📌Mac Arthur highway, Brgy Estrada Capas Tarlac

🏡Amaia Scapes #Urdaneta
👉📌Urdaneta-Calasiao Road, Urdaneta City Pangasinan

🏡Amaia Scapes #San #Fernando
👉📌New Barrio Road, Brgy. Calulut & Baliti city of San Fernando, Pampanga

🏡Amaia Scapes #Pampanga
👉📌Magalang, Angeles Road Brgy Sapang Maisac Mexico Pampanga

🏡Amaia Scapes #General #Trias
👉📌Arnaldo Highway, Brgy Santiago General Trias Cavite

🏡Amaia Scapes #Trece #Martires
👉📌Brgy,Conchu Trece Martires City Cavite

🏡Amaia Scapes #Cabuyao
👉📌Brgy,. Marinig Cabuyao, Laguna

🏡Amaia Scapes #San #Pablo
👉📌Brgy,. San Lucas 2 San Pablo City

🏡Amaia Scapes #Laguna
👉📌Brgy,. Barandal Calamba, Laguna

🏡Amaia Scapes #Iloilo
👉📌Brgy. San Jose, San Miguel, Iloilo.

🏡Amaia Scapes #North #Point
👉📌Brgy,. Zone 15, Talisay City, Negros Occidental

🏡Amaia Scapes #Bauan
👉📌Bauan-Batangas Provincial Road, Brgy As-is Bauan Batangas

🏡Amaia Scapes #Lipa
👉📌Santo Tomas-Lipa Rd. (Mahogany Rd.) Bgy. Dagatan, Lipa City, Batangas.

🏡Amaia Scapes #Lucena
👉📌Brgy Canlurang, Isabang and Ilayang Talim Lucena City Quezon 

HOW TO AVAIL AND GET THE LATEST PROMO and For Faster Transaction. 👉👉✅✅
Kindly PM as your: 
EXAMPLE 
Fullname:  JUAN DELA CRUZ
Contact Details: 09061500427
Email: amaialand@yahoo.com
RFO OR PRESELLING: RFO 
Project:  CONDO 
Desire Location : CUBAO 
Monthly Budget for your unit: 17,000/ month.

🏡PEACEFUL & QUIET COMMUNITY 
VISIT TO APPRECIATE & DECIDE LATER 🏡

🔹Local & International Client are Welcome👋

~💫💶EVEN IF YOU ARE BASED ON ABROAD YOU CAN STILL PURCHASE UNIT FROM US 
AND I CAN ASSIST YOU ON ALL YOUR INQUIRIES~ 

NO TO BOGUS BUYER.✅
NOTE PM IS THE KEY🔑🔑🔑 T.Y. 

𝐁𝐔𝐘 𝐘𝐎𝐔𝐑𝐒 𝐍𝐎𝐖!!!
👩🏻👩‍🏫👨‍💻For inquiries, site tripping and reservation or 
direct message me thru messenger
Or also you can Direct text or call me @ 
📱 SMS, VIBER/WHATSAPP:
📲0906-1500-427
👩🏻♐️Ms. JOYCE 
AMAIA LAND CORP 

🔰Reminders: For hassle Free and for security purposes, walk-in clients are not allowed to enter the residential premises without an authorized agent.

🔰Don't be a Victim of Scams, Be safe. Protect your investment. 
Always deal with me, the company and authorized licensed sales person.

THANK YOU AND GODBLESS❗️

#ForsalehouseandlotamaiaSeriesNovalichesquezoncity👍
#houseadlotnovalichesquezocity
#amaiatownhouse #2storeytownhouseinquezoncity
#3BR2storeytownhouseinquezoncity
#3Bedroomhouseandlotnearnovabayan
#townhousenearnovabayan
#houseandlotnearsmfairview
#houseandlotnearfairviewterrace
#houseandlotnearzabarte
#houseandlotnearrobinson
#houseandlotnearsmnovaliches
#presellinghouseandlotquezoncity
#
#forsalehouseandlotquezoncity
#townhousefloodfreequezoncity
#renttowntownhouseamaiaseriesnovaliches
#amaiaseriesnovalichesquezoncity
#amaiaseriesnovaliches09061500427
#AltarazasanjosedelmonteBulacancondo
#NuvaliLagunacondo
#ShawMandaluyongcondo
#Cubaocond #StaMesacondo
#Avenidacondo #Pasigcondo 
#Bicutancondo #sucatcondo
#Novalichescondo #Alabangcondo
",,,,,,,"0","0","1575494416000","https://www.facebook.com/groups/1473743926177925/permalink/2496141783938129/?sale_post_id=2496141783938129"
,,,,,,,,,,,,,,,,,,,,"100003453295848","Joyce Melitante","https://scontent-iad3-2.xx.fbcdn.net/v/t1.6435-1/123968461_2539478006177284_5824128953974466023_n.jpg?stp=cp0_dst-jpg_tt6&cstp=mx720x721&ctp=s24x24&_nc_cat=111&ccb=1-7&_nc_sid=e99d92&_nc_ohc=k3EOoughMsUQ7kNvwE3VEi4&_nc_oc=Adq2sWCPiy4RoMM9cQoB5wJyS8L36pRNqyYeFOsMN3QQjhzleJuOE7lafu29ZCGQ-zA&_nc_zt=24&_nc_ht=scontent-iad3-2.xx&_nc_gid=UbW3z3NjTjLLWAKw9LoCKg&_nc_ss=7c2a8&oh=00_AQA66PCyHjZHZci753orUR-gTwYEHxkhQtkPOY9s_L3mEQ&oe=6A813DCB","https://www.facebook.com/joyce.santiago.1614","0","607185056694675","HEADS UP‼️ 
📢📢PROMO‼️PROMO‼️PROMO‼️📢📢
 
🍀SECTOR 4 - IS  NOW OPEN‼️
HOT SELLING ‼BY AYALA LAND ✔
♨️TAKE ADVANTAGE WHILE IT'S HOT♨️

RESERVATION  FEE FOR AS LOW AS 25K✔

🏠10% SPOT DOWNPAYMENT  or  12 to 24 MONTHS INSTALLMENT  (NO INTEREST)🏠
90%  BALANCE BANK FINANCING ONLY ✔

🏡 Amaia Series Novaliches Affordable & Quality a townhouse project right at the heart of Amaia Novaliches Estate, Quezon City.

➡️Strategically located at Brgy. San Agustin Novaliches Quezon City 

🏡 Feel safe knowing that our community is managed by AYALA PROPERTY MANAGEMENT CORPORATION.

✔GATED COMMUNITY WITH FULLY
SECURED 
✔COMPLETE AMENITIES
✔QUALITY House and Lot 
✔FLOOD FREE‼️
❌NO HIDDEN CHARGES✅
🔰TRANSPARENT COMPUTATION 
👍Trusted Developer - AYALA LAND✅

🏡No. of residential units:
♐️Sector 1 - 286  UNITS(SOLD OUT)✔
♐️Sector 2 - 220 UNITS ( 2 END UNITS)✔
♐️Sector 3A - 74  UNITS(FEW UNITS LEFT)✔
♐️Sector 3B - 96 UNITS (FEW UNITS LEFT)✔
♐️SECTOR 4- (open soon )✔ for announcement.

Turn-over Date:
➡️Sector 1 – RFO
➡️Sector 2 – Turnover starts 4Q’19
➡️Sector 3– Turnover starts 4Q’20 & 4Q'2021

HLURB LTS NO.: ENCR-014-28582

Amaia Series 🏡PRIMA UNIT🏡
➡️“🏖Team: Modern design with 4 & 6 Series 
➡️Lot area: 50 sqm – 143 sqm
➡️Lot area: 56 sqm – 61 sqm

☑️2 STOREY 
☑️3 BEDROOM 
☑️1 TOILET & BATH 
☑️CARPORT AREA
☑️SERVICE AREA
☑️PORCH AREA
☑️KITCHEN AND SINK W/FOOT CABINETS
☑️Provision for another toilet & Bath  or maids room. 

🏡INNER UNIT(  starts @ 3.5M)♦️
Lot Area: 51sqm to 55sqm
Floor Area: 56sqm 

🏡END UNIT start @ (4.9 to 5.5M)✔
Floor Area: 59sqm to 61sqm 
Lot Area : 71 sqm and up

🏡CORNER or END- starts @ (6M to 8.2M)✔
(Floor Area: 61sqm
Lot Area : 82 sqm and up

OWN A HOUSE AND LOT @
AMAIA SERIES NOVALICHES QUEZON CITY 

♐️🚘🛵 🚙 🚌 24/7 transportation
-Accessible near school,church,hospital,mall, market,terminal and nearby establishment:
(SM Nova, SM Fairview, Nova Bayan, Robinson, almar, Zabarte Mall, Puregold,etc.)

♐️🔜 they will open friendship road going to North Olympus, Urduja ,Fairview and Commonwealth

♐️🔜Soon 41 commercial establishment will rise inside of the vicinity. (AMAIA SQUARE NOVA)

Accessible through:
📕NLEX thru Manila exit Mindanao avenue link
📗From Caloocan through Camarin and Zabarte Road
📘From Mindanao and Commonwealth Avenue
📙Accessible through different modes of transportation such as jeepneys and tricycles
📚Near educational institutions such as La Consolacion College / STI  College
♻️Near Sm Fairview, Robinson,Fairview Terraces and Sm Novaliches

Amenities: 
🍀24/7 Secured(with Roving Guard)
🍀Village Pavilion
🍀Swimming Pool
🍀Basketball Court
🍀Children Play Area
🍀Landscaped Areas
😀Jogging Loop

💰 TO ALL INVESTOR'S👩‍🏫👨‍✈️👩‍🏫👨‍💼👷‍♀️👩‍🍳👩‍🚀👰👨‍👩‍👧‍👦
🔰COME AND RESERVE YOUR DESIRE UNIT🔰
✍️✍️GET ON THE SPOT PROMOS HUGE DISCOUNT FOR SPOT CASH BUYER ✔️👍

💶GOOD INVESTMENT 💰💵💸
♐️BEAT THE ORIGINAL PRICE BEFORE PRICE INCREASE ‼️ 💦  SAVE AS MUCH 500K💦

❌ STOP RENTING ❌
Why RENT? When you can OWN!

🔹Local & International Client are Welcome👋

🏡PEACEFUL & QUIET COMMUNITY 
VISIT TO APPRECIATE & DECIDE LATER 🏡

~💫💶EVEN IF YOU ARE BASED ON ABROAD YOU CAN STILL PURCHASE UNIT FROM US 
AND I CAN ASSIST YOU ON ALL YOUR INQUIRIES~ 

WHY RESERVE EARLY❓
• 🔶The prices for the pre-selling units are usually discounted and lowest, especially if the response during the Selling is positive. Furthermore you get to choose from the best units that are available 

👩‍🏫👨‍💻For more details and sample computation please private message us your ⌨️📱

✍️Name: 
📱Contact Number 
📧Email: 

AVAILABL FOR 5 YRS TO 20 YEARS TO PAY✔

""DON'T WORRY I WILL HELP YOU WITH YOUR BANK LOAN""👍👍👍

How to purchase a your desire unit? 
Just Bring: 
✔VALID ID 
✔ 25K Reservation Fee
♦️25,000.00 Reservation Fee✅
Thru cash or check♦️
✔PROOF OF BILLING 
✔COE or (atleast 1 month payslip)
MODEL UNIT VIEWING (8am to 5pm)

For Reservation & Proper Scheduling of Site Visit:
📲Call/SMS/GLOBE/VIBER/whatsApp/LINE-
📞☎️09061500427
MS.JOYCE
Look for Ms.Joyce Melitante
In-House Sales Manager
Amaia Land Corp.

OR Direct message me thru my messenger.
AYALA LAND✅
Thank you 🙏💕 🙂 

📒Reminders: For your hassle Free and for your security purposes, walk-in clients are not allowed to enter the residential premises without an authorized seller of Amaia . Thank You!🤝✍️📋

✔️AMAIA SERIES #TOWNHOUSE 🗝🏠🏠🏠
✔️AMAIA STEPS #MID RISE CONDO 🔑🏢🏢✔️AMAIA SKIES  #HIGHRISECONDO 🔑🏢🏢
✔️AMAIA SQUARE #COMMERCIAL 🗝🌆🌆

♐️OTHER PROJECTS &  LOCATION:
#COMMERCIAL/#RESIDENTIAL‼️
🏢Amaia Square Nova  (RFO)
👉📌Susano road Brgy. San Agustin Caloocan City

#MIDRISE #CONDO‼️
🏢Amaia Steps #Altaraza (RFO)
👉📌Quirino Highway corner Governor F. Halili Avenue San Jose Del Monte Bulacan

🏢Amaia Steps #Novaliches (RFO)
👉📌Susano road Brgy. San Agustin Caloocan City

🏢 Amaia Steps #Pasig (RFO/Pre-selling)
👉📌Eusebio St. Brgy. San Manuel Pasig City

🏢 Amaia Steps #Sucat (RFO & Pre-selling)
👉📌Dr. A Santos Avenue Brgy. San Antonio Paranaque City

🏢 Amaia Steps #Bicutan (RFO)
👉📌West Service Rpad corner Sun Valley Drive Brgy. Sun Valley Paranaque City

🏢 Amaia Steps #Alabang (RFO/Pre-selling)
👉📌Alabang Zapote Road, Almanza Uno Las Pinas city

🏢Amaia Steps #Parkway Nuvali
👉📌Evolving Parkway corner West Conservation Avenue Nuvali Canlubang Calamba City

#HIGHRISECONDO‼️

🏢Amaia Skies #Cubao (Tower 1& 2)
👉📌Edsa corner P. Tuazon Avenue Brgy. Socorro cubao Quezon City

🏢Amaia Skies #Shaw (T1-RFO & T-2 Pre-selling)
👉📌Shaw Blvd. corner Samat St. Brgy. Highway Hills Mandaluyong City.

🏢 Amaia Skies #Sta.#Mesa (RFO)
👉📌Valenzuela St. corner V. Mapa Boulevard Sta. Mesa Manila

🏢 Amaia Skies #Avenida (RFO)
👉📌Doroteo Jose St. corner Tomas Mapua St. Sta. Cruz Manila

#TOWNHOUSE #SERIES‼️
🏡 Amaia Series #Novaliches (Pre-selling/Few units Left)
👉📌Susano road Brgy. San Agustin Novaliches Quezon City

🏡 Amaia Series #Vermosa (Pre-selling)
👉📌Patindig Araw Imus Cavite

#HOUSE #AND #LOT ‼️
🏡Amaia Scapes #Bulacan
👉📌Brgy,. Manggahan and Sta Cruz Sta Maria Bulacan

🏡Amaia Scapes #Binangonan
👉📌Brgy,.Tatala, Binangonan, Rizal

🏡Amaia Scapes #Cabanatuan
👉📌NE Aurora Road, Bangad Cabanatuan City Nueva Ecija

🏡Amaia Scapes #Capas
👉📌Mac Arthur highway, Brgy Estrada Capas Tarlac

🏡Amaia Scapes #Urdaneta
👉📌Urdaneta-Calasiao Road, Urdaneta City Pangasinan

🏡Amaia Scapes #San #Fernando
👉📌New Barrio Road, Brgy. Calulut & Baliti city of San Fernando, Pampanga

🏡Amaia Scapes #Pampanga
👉📌Magalang, Angeles Road Brgy Sapang Maisac Mexico Pampanga

🏡Amaia Scapes #General #Trias
👉📌Arnaldo Highway, Brgy Santiago General Trias Cavite

🏡Amaia Scapes #Trece #Martires
👉📌Brgy,Conchu Trece Martires City Cavite

🏡Amaia Scapes #Cabuyao
👉📌Brgy,. Marinig Cabuyao, Laguna

🏡Amaia Scapes #San #Pablo
👉📌Brgy,. San Lucas 2 San Pablo City

🏡Amaia Scapes #Laguna
👉📌Brgy,. Barandal Calamba, Laguna

🏡Amaia Scapes #Iloilo
👉📌Brgy. San Jose, San Miguel, Iloilo.

🏡Amaia Scapes #North #Point
👉📌Brgy,. Zone 15, Talisay City, Negros Occidental

🏡Amaia Scapes #Bauan
👉📌Bauan-Batangas Provincial Road, Brgy As-is Bauan Batangas

🏡Amaia Scapes #Lipa
👉📌Santo Tomas-Lipa Rd. (Mahogany Rd.) Bgy. Dagatan, Lipa City, Batangas.

🏡Amaia Scapes #Lucena
👉📌Brgy Canlurang, Isabang and Ilayang Talim Lucena City Quezon 

HOW TO AVAIL AND GET THE LATEST PROMO and For Faster Transaction. 👉👉✅✅
Kindly PM as your: 
EXAMPLE 
Fullname:  JUAN DELA CRUZ
Contact Details: 09061500427
Email: amaialand@yahoo.com
RFO OR PRESELLING: RFO 
Project:  CONDO 
Desire Location : CUBAO 
Monthly Budget for your unit: 17,000/ month.

🏡PEACEFUL & QUIET COMMUNITY 
VISIT TO APPRECIATE & DECIDE LATER 🏡

🔹Local & International Client are Welcome👋

~💫💶EVEN IF YOU ARE BASED ON ABROAD YOU CAN STILL PURCHASE UNIT FROM US 
AND I CAN ASSIST YOU ON ALL YOUR INQUIRIES~ 

NO TO BOGUS BUYER.✅
NOTE PM IS THE KEY🔑🔑🔑 T.Y. 

𝐁𝐔𝐘 𝐘𝐎𝐔𝐑𝐒 𝐍𝐎𝐖!!!
👩🏻👩‍🏫👨‍💻For inquiries, site tripping and reservation or 
direct message me thru messenger
Or also you can Direct text or call me @ 
📱 SMS, VIBER/WHATSAPP:
📲0906-1500-427
👩🏻♐️Ms. JOYCE 
AMAIA LAND CORP 

🔰Reminders: For hassle Free and for security purposes, walk-in clients are not allowed to enter the residential premises without an authorized agent.

🔰Don't be a Victim of Scams, Be safe. Protect your investment. 
Always deal with me, the company and authorized licensed sales person.

THANK YOU AND GODBLESS❗️

#ForsalehouseandlotamaiaSeriesNovalichesquezoncity👍
#houseadlotnovalichesquezocity
#amaiatownhouse #2storeytownhouseinquezoncity
#3BR2storeytownhouseinquezoncity
#3Bedroomhouseandlotnearnovabayan
#townhousenearnovabayan
#houseandlotnearsmfairview
#houseandlotnearfairviewterrace
#houseandlotnearzabarte
#houseandlotnearrobinson
#houseandlotnearsmnovaliches
#presellinghouseandlotquezoncity
#
#forsalehouseandlotquezoncity
#townhousefloodfreequezoncity
#renttowntownhouseamaiaseriesnovaliches
#amaiaseriesnovalichesquezoncity
#amaiaseriesnovaliches09061500427
#AltarazasanjosedelmonteBulacancondo
#NuvaliLagunacondo
#ShawMandaluyongcondo
#Cubaocond #StaMesacondo
#Avenidacondo #Pasigcondo 
#Bicutancondo #sucatcondo
#Novalichescondo #Alabangcondo
",,,,,,,"0","0","1575493332000","https://www.facebook.com/groups/133082730771579/permalink/607185056694675/?sale_post_id=607185056694675"
,,,,,,,,,,,,,,,,,,,,"100064591516729","Save Animals of Love and Light - Save ALL","https://scontent-iad3-2.xx.fbcdn.net/v/t39.30808-1/327124116_3330075783987707_2491812723656883631_n.jpg?stp=c0.0.193.193a_cp0_dst-jpg_tt6&cstp=mx193x193&ctp=s40x40&_nc_cat=103&ccb=1-7&_nc_sid=2d3e12&_nc_ohc=ViBRYVbBO9oQ7kNvwEdWFuN&_nc_oc=AdpuWlrb5lQkY4_unJQy2zCtoB9hrcAdaX939S3EA6cTB2HAz1nyqsb_tl81N_n5l3w&_nc_zt=24&_nc_ht=scontent-iad3-2.xx&_nc_gid=UbW3z3NjTjLLWAKw9LoCKg&_nc_ss=7c2a8&oh=00_AQCpITUBFRY_s9O7zI7VJ2oir6eql-dbmMBTPPdLhzPKpw&oe=6A5FA042","https://www.facebook.com/saveanimalsofloveandlightPH","0","2578911422366517","The Save ALL team in one home of two homes in Bulacan has secured the dogs. The team has been calming the dogs and cats too.

Don't worry about those in the lot. May hangin don. There is air coming in, specially now that the wind is strong in the area.

The area is flood-free, and as you can see the structure has a roofdeck where they can place the dogs and cats if there will be flood waters which has not happened in this area.

The other dogs in another foster home in Bulacan are okay as per our check with the foster and caretaker last night. Secure na din sila.

The dogs and cats in Quezon City have been checked too.

We have one concern tho: a eucalyptus tree in the garden is shaking.. A . caretaker has gone out to buy nylon rope so we can tie the tree to the grill on the fence. We have moved most dogs to another house.

Please pray for the safety of our rescued dogs and cats in 6 foster places.

Thank you. Keep safe, everyone...",,,"5","4",,,"9","0","1575339762000","https://www.facebook.com/groups/SaveALLForum/permalink/2578911422366517/"
,,,,,,,,,,,,,,,,,,,,"100063704020383","Mikako Cosplayer","https://scontent-iad6-1.xx.fbcdn.net/v/t39.30808-1/227049527_207454508054682_2841446595025975810_n.jpg?stp=cp0_dst-jpg_tt6&cstp=mx768x780&ctp=p40x40&_nc_cat=100&ccb=1-7&_nc_sid=2d3e12&_nc_ohc=We-RtxCarnIQ7kNvwHqoXo_&_nc_oc=Adr0AM9mSnMqi7tdKc-F5Za7G_yO1YRSeXuAz91VRyn9q-ZnOAUPGSnUKWTh3-75-uE&_nc_zt=24&_nc_ht=scontent-iad6-1.xx&_nc_gid=UbW3z3NjTjLLWAKw9LoCKg&_nc_ss=7c2a8&oh=00_AQDgpRc-jmC9ieNWy4oSbxwyVKiWaia5sUyeujEfYAuoFg&oe=6A5FC8A2","https://www.facebook.com/MikakoCosplayer","0","2649372271790032","Tigilan nyo pag flood likes sa posts ko. Baka manggigigil ako.. mai... maii... eeeee.... hiya ako. 🤣🤣🤣🤣",,"1","5","2",,,"8","0","1575456494000","https://www.facebook.com/MikakoCosplayer/posts/pfbid0dfFV98tFaG8LpJKTSGwGZ3oB5MHK78q7yCV6vQhPo9inqbjnxpAvAWwY86hx62Xol"
,,,,,,,,,,,,,,,,,,,,"100003453295848","Joyce Melitante","https://scontent-iad3-2.xx.fbcdn.net/v/t1.6435-1/123968461_2539478006177284_5824128953974466023_n.jpg?stp=cp0_dst-jpg_tt6&cstp=mx720x721&ctp=s24x24&_nc_cat=111&ccb=1-7&_nc_sid=e99d92&_nc_ohc=k3EOoughMsUQ7kNvwE3VEi4&_nc_oc=Adq2sWCPiy4RoMM9cQoB5wJyS8L36pRNqyYeFOsMN3QQjhzleJuOE7lafu29ZCGQ-zA&_nc_zt=24&_nc_ht=scontent-iad3-2.xx&_nc_gid=C_4eN1CVqgha-KWillwQqQ&_nc_ss=7c2a8&oh=00_AQDk-wQ1xd0PWxXXivhSFaDR9guuXrNpo5jqEWHs-g0iFw&oe=6A813DCB","https://www.facebook.com/joyce.santiago.1614","0","1613691415447843","HEADS UP‼️ 
📢📢PROMO‼️PROMO‼️PROMO‼️📢📢
 
🍀SECTOR 4 - IS  NOW OPEN‼️
HOT SELLING ‼BY AYALA LAND ✔
♨️TAKE ADVANTAGE WHILE IT'S HOT♨️

RESERVATION  FEE FOR AS LOW AS 25K✔

🏠10% SPOT DOWNPAYMENT  or  12 to 24 MONTHS INSTALLMENT  (NO INTEREST)🏠
90%  BALANCE BANK FINANCING ONLY ✔

🏡 Amaia Series Novaliches Affordable & Quality a townhouse project right at the heart of Amaia Novaliches Estate, Quezon City.

➡️Strategically located at Brgy. San Agustin Novaliches Quezon City 

🏡 Feel safe knowing that our community is managed by AYALA PROPERTY MANAGEMENT CORPORATION.

✔GATED COMMUNITY WITH FULLY
SECURED 
✔COMPLETE AMENITIES
✔QUALITY House and Lot 
✔FLOOD FREE‼️
❌NO HIDDEN CHARGES✅
🔰TRANSPARENT COMPUTATION 
👍Trusted Developer - AYALA LAND✅

🏡No. of residential units:
♐️Sector 1 - 286  UNITS(SOLD OUT)✔
♐️Sector 2 - 220 UNITS ( 2 END UNITS)✔
♐️Sector 3A - 74  UNITS(FEW UNITS LEFT)✔
♐️Sector 3B - 96 UNITS (FEW UNITS LEFT)✔
♐️SECTOR 4- (open soon )✔ for announcement.

Turn-over Date:
➡️Sector 1 – RFO
➡️Sector 2 – Turnover starts 4Q’19
➡️Sector 3– Turnover starts 4Q’20 & 4Q'2021

HLURB LTS NO.: ENCR-014-28582

Amaia Series 🏡PRIMA UNIT🏡
➡️“🏖Team: Modern design with 4 & 6 Series 
➡️Lot area: 50 sqm – 143 sqm
➡️Lot area: 56 sqm – 61 sqm

☑️2 STOREY 
☑️3 BEDROOM 
☑️1 TOILET & BATH 
☑️CARPORT AREA
☑️SERVICE AREA
☑️PORCH AREA
☑️KITCHEN AND SINK W/FOOT CABINETS
☑️Provision for another toilet & Bath  or maids room. 

🏡INNER UNIT(  starts @ 3.5M)♦️
Lot Area: 51sqm to 55sqm
Floor Area: 56sqm 

🏡END UNIT start @ (4.9 to 5.5M)✔
Floor Area: 59sqm to 61sqm 
Lot Area : 71 sqm and up

🏡CORNER or END- starts @ (6M to 8.2M)✔
(Floor Area: 61sqm
Lot Area : 82 sqm and up

OWN A HOUSE AND LOT @
AMAIA SERIES NOVALICHES QUEZON CITY 

♐️🚘🛵 🚙 🚌 24/7 transportation
-Accessible near school,church,hospital,mall, market,terminal and nearby establishment:
(SM Nova, SM Fairview, Nova Bayan, Robinson, almar, Zabarte Mall, Puregold,etc.)

♐️🔜 they will open friendship road going to North Olympus, Urduja ,Fairview and Commonwealth

♐️🔜Soon 41 commercial establishment will rise inside of the vicinity. (AMAIA SQUARE NOVA)

Accessible through:
📕NLEX thru Manila exit Mindanao avenue link
📗From Caloocan through Camarin and Zabarte Road
📘From Mindanao and Commonwealth Avenue
📙Accessible through different modes of transportation such as jeepneys and tricycles
📚Near educational institutions such as La Consolacion College / STI  College
♻️Near Sm Fairview, Robinson,Fairview Terraces and Sm Novaliches

Amenities: 
🍀24/7 Secured(with Roving Guard)
🍀Village Pavilion
🍀Swimming Pool
🍀Basketball Court
🍀Children Play Area
🍀Landscaped Areas
😀Jogging Loop

💰 TO ALL INVESTOR'S👩‍🏫👨‍✈️👩‍🏫👨‍💼👷‍♀️👩‍🍳👩‍🚀👰👨‍👩‍👧‍👦
🔰COME AND RESERVE YOUR DESIRE UNIT🔰
✍️✍️GET ON THE SPOT PROMOS HUGE DISCOUNT FOR SPOT CASH BUYER ✔️👍

💶GOOD INVESTMENT 💰💵💸
♐️BEAT THE ORIGINAL PRICE BEFORE PRICE INCREASE ‼️ 💦  SAVE AS MUCH 500K💦

❌ STOP RENTING ❌
Why RENT? When you can OWN!

🔹Local & International Client are Welcome👋

🏡PEACEFUL & QUIET COMMUNITY 
VISIT TO APPRECIATE & DECIDE LATER 🏡

~💫💶EVEN IF YOU ARE BASED ON ABROAD YOU CAN STILL PURCHASE UNIT FROM US 
AND I CAN ASSIST YOU ON ALL YOUR INQUIRIES~ 

WHY RESERVE EARLY❓
• 🔶The prices for the pre-selling units are usually discounted and lowest, especially if the response during the Selling is positive. Furthermore you get to choose from the best units that are available 

👩‍🏫👨‍💻For more details and sample computation please private message us your ⌨️📱

✍️Name: 
📱Contact Number 
📧Email: 

AVAILABL FOR 5 YRS TO 20 YEARS TO PAY✔

""DON'T WORRY I WILL HELP YOU WITH YOUR BANK LOAN""👍👍👍

How to purchase a your desire unit? 
Just Bring: 
✔VALID ID 
✔ 25K Reservation Fee
♦️25,000.00 Reservation Fee✅
Thru cash or check♦️
✔PROOF OF BILLING 
✔COE or (atleast 1 month payslip)
MODEL UNIT VIEWING (8am to 5pm)

For Reservation & Proper Scheduling of Site Visit:
📲Call/SMS/GLOBE/VIBER/whatsApp/LINE-
📞☎️09061500427
MS.JOYCE
Look for Ms.Joyce Melitante
In-House Sales Manager
Amaia Land Corp.

OR Direct message me thru my messenger.
AYALA LAND✅
Thank you 🙏💕 🙂 

📒Reminders: For your hassle Free and for your security purposes, walk-in clients are not allowed to enter the residential premises without an authorized seller of Amaia . Thank You!🤝✍️📋

✔️AMAIA SERIES #TOWNHOUSE 🗝🏠🏠🏠
✔️AMAIA STEPS #MID RISE CONDO 🔑🏢🏢✔️AMAIA SKIES  #HIGHRISECONDO 🔑🏢🏢
✔️AMAIA SQUARE #COMMERCIAL 🗝🌆🌆

♐️OTHER PROJECTS &  LOCATION:
#COMMERCIAL/#RESIDENTIAL‼️
🏢Amaia Square Nova  (RFO)
👉📌Susano road Brgy. San Agustin Caloocan City

#MIDRISE #CONDO‼️
🏢Amaia Steps #Altaraza (RFO)
👉📌Quirino Highway corner Governor F. Halili Avenue San Jose Del Monte Bulacan

🏢Amaia Steps #Novaliches (RFO)
👉📌Susano road Brgy. San Agustin Caloocan City

🏢 Amaia Steps #Pasig (RFO/Pre-selling)
👉📌Eusebio St. Brgy. San Manuel Pasig City

🏢 Amaia Steps #Sucat (RFO & Pre-selling)
👉📌Dr. A Santos Avenue Brgy. San Antonio Paranaque City

🏢 Amaia Steps #Bicutan (RFO)
👉📌West Service Rpad corner Sun Valley Drive Brgy. Sun Valley Paranaque City

🏢 Amaia Steps #Alabang (RFO/Pre-selling)
👉📌Alabang Zapote Road, Almanza Uno Las Pinas city

🏢Amaia Steps #Parkway Nuvali
👉📌Evolving Parkway corner West Conservation Avenue Nuvali Canlubang Calamba City

#HIGHRISECONDO‼️

🏢Amaia Skies #Cubao (Tower 1& 2)
👉📌Edsa corner P. Tuazon Avenue Brgy. Socorro cubao Quezon City

🏢Amaia Skies #Shaw (T1-RFO & T-2 Pre-selling)
👉📌Shaw Blvd. corner Samat St. Brgy. Highway Hills Mandaluyong City.

🏢 Amaia Skies #Sta.#Mesa (RFO)
👉📌Valenzuela St. corner V. Mapa Boulevard Sta. Mesa Manila

🏢 Amaia Skies #Avenida (RFO)
👉📌Doroteo Jose St. corner Tomas Mapua St. Sta. Cruz Manila

#TOWNHOUSE #SERIES‼️
🏡 Amaia Series #Novaliches (Pre-selling/Few units Left)
👉📌Susano road Brgy. San Agustin Novaliches Quezon City

🏡 Amaia Series #Vermosa (Pre-selling)
👉📌Patindig Araw Imus Cavite

#HOUSE #AND #LOT ‼️
🏡Amaia Scapes #Bulacan
👉📌Brgy,. Manggahan and Sta Cruz Sta Maria Bulacan

🏡Amaia Scapes #Binangonan
👉📌Brgy,.Tatala, Binangonan, Rizal

🏡Amaia Scapes #Cabanatuan
👉📌NE Aurora Road, Bangad Cabanatuan City Nueva Ecija

🏡Amaia Scapes #Capas
👉📌Mac Arthur highway, Brgy Estrada Capas Tarlac

🏡Amaia Scapes #Urdaneta
👉📌Urdaneta-Calasiao Road, Urdaneta City Pangasinan

🏡Amaia Scapes #San #Fernando
👉📌New Barrio Road, Brgy. Calulut & Baliti city of San Fernando, Pampanga

🏡Amaia Scapes #Pampanga
👉📌Magalang, Angeles Road Brgy Sapang Maisac Mexico Pampanga

🏡Amaia Scapes #General #Trias
👉📌Arnaldo Highway, Brgy Santiago General Trias Cavite

🏡Amaia Scapes #Trece #Martires
👉📌Brgy,Conchu Trece Martires City Cavite

🏡Amaia Scapes #Cabuyao
👉📌Brgy,. Marinig Cabuyao, Laguna

🏡Amaia Scapes #San #Pablo
👉📌Brgy,. San Lucas 2 San Pablo City

🏡Amaia Scapes #Laguna
👉📌Brgy,. Barandal Calamba, Laguna

🏡Amaia Scapes #Iloilo
👉📌Brgy. San Jose, San Miguel, Iloilo.

🏡Amaia Scapes #North #Point
👉📌Brgy,. Zone 15, Talisay City, Negros Occidental

🏡Amaia Scapes #Bauan
👉📌Bauan-Batangas Provincial Road, Brgy As-is Bauan Batangas

🏡Amaia Scapes #Lipa
👉📌Santo Tomas-Lipa Rd. (Mahogany Rd.) Bgy. Dagatan, Lipa City, Batangas.

🏡Amaia Scapes #Lucena
👉📌Brgy Canlurang, Isabang and Ilayang Talim Lucena City Quezon 

HOW TO AVAIL AND GET THE LATEST PROMO and For Faster Transaction. 👉👉✅✅
Kindly PM as your: 
EXAMPLE 
Fullname:  JUAN DELA CRUZ
Contact Details: 09061500427
Email: amaialand@yahoo.com
RFO OR PRESELLING: RFO 
Project:  CONDO 
Desire Location : CUBAO 
Monthly Budget for your unit: 17,000/ month.

🏡PEACEFUL & QUIET COMMUNITY 
VISIT TO APPRECIATE & DECIDE LATER 🏡

🔹Local & International Client are Welcome👋

~💫💶EVEN IF YOU ARE BASED ON ABROAD YOU CAN STILL PURCHASE UNIT FROM US 
AND I CAN ASSIST YOU ON ALL YOUR INQUIRIES~ 

NO TO BOGUS BUYER.✅
NOTE PM IS THE KEY🔑🔑🔑 T.Y. 

𝐁𝐔𝐘 𝐘𝐎𝐔𝐑𝐒 𝐍𝐎𝐖!!!
👩🏻👩‍🏫👨‍💻For inquiries, site tripping and reservation or 
direct message me thru messenger
Or also you can Direct text or call me @ 
📱 SMS, VIBER/WHATSAPP:
📲0906-1500-427
👩🏻♐️Ms. JOYCE 
AMAIA LAND CORP 

🔰Reminders: For hassle Free and for security purposes, walk-in clients are not allowed to enter the residential premises without an authorized agent.

🔰Don't be a Victim of Scams, Be safe. Protect your investment. 
Always deal with me, the company and authorized licensed sales person.

THANK YOU AND GODBLESS❗️

#ForsalehouseandlotamaiaSeriesNovalichesquezoncity👍
#houseadlotnovalichesquezocity
#amaiatownhouse #2storeytownhouseinquezoncity
#3BR2storeytownhouseinquezoncity
#3Bedroomhouseandlotnearnovabayan
#townhousenearnovabayan
#houseandlotnearsmfairview
#houseandlotnearfairviewterrace
#houseandlotnearzabarte
#houseandlotnearrobinson
#houseandlotnearsmnovaliches
#presellinghouseandlotquezoncity
#
#forsalehouseandlotquezoncity
#townhousefloodfreequezoncity
#renttowntownhouseamaiaseriesnovaliches
#amaiaseriesnovalichesquezoncity
#amaiaseriesnovaliches09061500427
#AltarazasanjosedelmonteBulacancondo
#NuvaliLagunacondo
#ShawMandaluyongcondo
#Cubaocond #StaMesacondo
#Avenidacondo #Pasigcondo 
#Bicutancondo #sucatcondo
#Novalichescondo #Alabangcondo
",,,,,,,"0","0","1575493726000","https://www.facebook.com/groups/772024886281171/permalink/1613691415447843/?sale_post_id=1613691415447843"
,,,,,,,,,,,,,,,,,,,,"100057671430170","Roshin Rowjee","https://scontent-iad3-1.xx.fbcdn.net/v/t1.6435-1/48244251_109299246781693_6079593114488537088_n.jpg?stp=c0.0.215.215a_cp0_dst-jpg_tt6&cstp=mx215x215&ctp=s40x40&_nc_cat=101&ccb=1-7&_nc_sid=e99d92&_nc_ohc=sW1W5fwp9l4Q7kNvwHOfVFh&_nc_oc=Adr5dM3AQmOKrG3OW51BuN4qOCGngKfDk3aOPChBVNfqkJVY0p3rgIJce1l7yyW38H8&_nc_zt=24&_nc_ht=scontent-iad3-1.xx&_nc_gid=C_4eN1CVqgha-KWillwQqQ&_nc_ss=7c2a8&oh=00_AQAsUcqppKQH2N4pGiz12oFATBq_oFPZ4F4PfbJEU-OOMw&oe=6A815881","https://www.facebook.com/roshin.rowjee.376","0","165939114803330","Keep safe...let's all pray for the safety of everyone...Godbless us all",,,"5",,,,"5","0","1575346925000","https://www.facebook.com/PrinceCharmingSneakers/posts/pfbid0iaHiG6k2ct3t1VH68oqrnPz4spB17kXSAHKEeM2BpPJJSGFkDkhGgy3sY71Lyu6Tl"
,,,,,,,,,,,,,,,,,,,,"100064349220318","Pagasa Nationalcapitalregionprsd","https://scontent-iad6-1.xx.fbcdn.net/v/t1.6435-1/117890349_325012645508210_7691668635129397714_n.jpg?stp=cp0_dst-jpg_tt6&cstp=mx960x960&ctp=s24x24&_nc_cat=109&ccb=1-7&_nc_sid=e99d92&_nc_ohc=nzJFNRcbOIIQ7kNvwHYWUMy&_nc_oc=AdprRyrlMJXQelTIW_45FRt2TeV2Z-pwlSh851nCzVmRQAqgHnXy78cz-tTqrHLIFF0&_nc_zt=24&_nc_ht=scontent-iad6-1.xx&_nc_gid=C_4eN1CVqgha-KWillwQqQ&_nc_ss=7c2a8&oh=00_AQBwBoP8_xp_HoY8FP3INRgSSapNC7HsVb-765llYwxEBg&oe=6A815C21","https://www.facebook.com/pagasa.nationalcapitalregion","0","134753454620147","Stay safe everyone 🚨",,,"1",,,,"1","0","1575354813000","https://www.facebook.com/BEACONDATASCIENCE/posts/pfbid0vq8vwGK5NvC4DgZm7Jq79eZ5ZeBHxVJNaVL3PnhhfDwtc6Bkq2xg7c4XNwm5Jfzyl"
,,,,,,,,,,,,,,,,,,,,"100002754618648","Jennifer Rey - Evangelista","https://scontent-iad6-1.xx.fbcdn.net/v/t39.30808-1/685565907_25961842210157578_3108523605734316151_n.jpg?stp=cp0_dst-jpg_tt6&cstp=mx2048x2034&ctp=s24x24&_nc_cat=100&ccb=1-7&_nc_sid=e99d92&_nc_ohc=IIwpil47UbEQ7kNvwGEE4sL&_nc_oc=AdqGfX3e5a6NjD0-I_kfQl1B8YNWT4GEVFUtQho-jUkebIrWmWOPtvWoGTXMt9V8B38&_nc_zt=24&_nc_ht=scontent-iad6-1.xx&_nc_gid=C_4eN1CVqgha-KWillwQqQ&_nc_ss=7c2a8&oh=00_AQDFBR9Q9p0PCE6qAE7BD1fqfKQMFoEtj3yQuWOW89ho6g&oe=6A5FA2B1","https://www.facebook.com/jen.rey0424","0","2772371052822924","Earthville phase 1 brg. Pantok Binangonan rizal.
Titled lot
 Malapit sa kalsada
Flood free
Overlooking at laguna lake
Near Savemore, Puregold, Mcdonald, Jollibee, Saint monique, School, Simbahan, at market.

May daan sa shopwise antipolo, angono mahabang parang diversion Road to pantok binangonan

Cemented road, drainage, muhon, meralco, manila water.

Minimum cut 40 sqm. Up to 80 sqm.
Lot Area 40sqm.
Price 320,000
5% Reservation 16,000
10% Dp. In 2 months 16,000
85% Remaining payable in 40 months  6,800 zero percent interest.

Requirements
Tin id
2 valid id
Birth cert. Or marriage cert.

For tipping and reservation
PLS. Tex, Call or pm

Thank you and God bless!!!",,,"1",,,,"1","0","1575339335000","https://www.facebook.com/groups/808055049254544/permalink/2772371052822924/?sale_post_id=2772371052822924"
,,,,,,,,,,,,,,,,,,,,"100005173488987","Aluca Vladimir","https://scontent-iad3-2.xx.fbcdn.net/v/t39.30808-1/272248338_1948585598657204_6113275210121760803_n.jpg?stp=cp0_dst-jpg_tt6&cstp=mx478x478&ctp=s24x24&_nc_cat=111&ccb=1-7&_nc_sid=1d2534&_nc_ohc=2B0YVp_aIkEQ7kNvwFhhqbY&_nc_oc=Adru5O5C_LAWoGgQW4NfeZJlelSpokpbdiExzlSiiYUN1rxAoLYBQARr_JCdqO36JeA&_nc_zt=24&_nc_ht=scontent-iad3-2.xx&_nc_gid=C_4eN1CVqgha-KWillwQqQ&_nc_ss=7c2a8&oh=00_AQBTidbv7MOhhoO-kd4Hir8KQmVKtzIwIsUtSUOBI-ZpiQ&oe=6A5FC90F","https://www.facebook.com/DxDAlucard","0","2760358387349563","LINNEA SINGLE ATTACHED - HOUSE AND LOT FOR SALE

ALSO AVAILABLE:
-JASMINE DUPLEX
-JASMINE SINGLE ATTACHED
-TIERRA VISTA AYANA LANGKAAN CAVITE

PM ME For Details and FREE Site Viewing:
SMART - 09214344356
GLOBE - 09454021606

✔Along Arnaldo Hiway
✔from Vista Mall General Trias and City Mall
✔Near ALABANG via Open Canal - Daang Hari
✔Near IMUS & BACOOR
✔Near Manila via CAVITEX
✔1 ride to mall and schools
✔24/7 transportation
✔guarded community
✔with parks and playground ,clubhouse and basket ball court for your family bonding
✔100% FLOOD FREE
✔24/7 Security with Entrance Gate
✔Underground Drainage System
✔Meralco Power Supply",,,"1",,,,"1","0","1575357459000","https://www.facebook.com/groups/826960540689367/permalink/2760358387349563/?sale_post_id=2760358387349563"
"No photo description available.","1436411093202500","photo","https://www.facebook.com/photo.php?fbid=1436411093202500&set=gm.544948436085471&type=3","No photo description available.","1436411206535822","photo","https://www.facebook.com/photo.php?fbid=1436411206535822&set=gm.544948436085471&type=3","No photo description available.","1436411289869147","photo","https://www.facebook.com/photo.php?fbid=1436411289869147&set=gm.544948436085471&type=3","No photo description available.","1436411353202474","photo","https://www.facebook.com/photo.php?fbid=1436411353202474&set=gm.544948436085471&type=3","No photo description available.","1436411436535799","photo","https://www.facebook.com/photo.php?fbid=1436411436535799&set=gm.544948436085471&type=3","100005008698348","Eineeuq Dy","https://scontent-iad3-2.xx.fbcdn.net/v/t39.30808-1/591730850_3299805883529669_1843241355510895977_n.jpg?stp=cp0_dst-jpg_tt6&cstp=mx1080x1080&ctp=s24x24&_nc_cat=105&ccb=1-7&_nc_sid=e99d92&_nc_ohc=MdJnMpkVZa4Q7kNvwEjqUW4&_nc_oc=Ado494LmRmZEO4dl12lqRQSIma-CPW-P3uV84Wawh76auZyvBlu0EPUNCmQdiSekgZc&_nc_zt=24&_nc_ht=scontent-iad3-2.xx&_nc_gid=C_4eN1CVqgha-KWillwQqQ&_nc_ss=7c2a8&oh=00_AQBVciXts-myPnTRg5ntm93HniWW0xktA6Ih3T9vsLtQVg&oe=6A5FC45D","https://www.facebook.com/Qdy28","1","544948436085471","",,,,,,,"0","0","1575459489000","https://www.facebook.com/groups/198415384072113/permalink/544948436085471/"
"No photo description available.","2402552273333111","photo","https://www.facebook.com/photo.php?fbid=2402552273333111&set=a.497042719100455&type=3","No photo description available.","2402552279999777","photo","https://www.facebook.com/photo.php?fbid=2402552279999777&set=a.497042719100455&type=3","No photo description available.","2402552319999773","photo","https://www.facebook.com/photo.php?fbid=2402552319999773&set=a.497042719100455&type=3","No photo description available.","2402552323333106","photo","https://www.facebook.com/photo.php?fbid=2402552323333106&set=a.497042719100455&type=3","No photo description available.","2402552379999767","photo","https://www.facebook.com/photo.php?fbid=2402552379999767&set=a.497042719100455&type=3","100063841929211","Murang Bahay at Lupa para sa Pilipino","https://scontent-iad3-2.xx.fbcdn.net/v/t39.30808-1/308677230_497042739100453_499445168699264730_n.jpg?stp=cp0_dst-jpg_tt6&cstp=mx356x356&ctp=s40x40&_nc_cat=111&ccb=1-7&_nc_sid=2d3e12&_nc_ohc=1-R_g_DRvCQQ7kNvwEYTuNZ&_nc_oc=AdpFL-xjhsxdo7PxyfVKzNenmZYKQfVJ7yCC8JHTEd5osUfq0YMcU9I0HrKvgTvUk48&_nc_zt=24&_nc_ht=scontent-iad3-2.xx&_nc_gid=RCbjaswrhFaatlgXbpMRcQ&_nc_ss=7c2a8&oh=00_AQAlqzoJG4TImFhIX38lIl_pDLnOkefiIvO2In34jTVIkQ&oe=6A5FA698","https://www.facebook.com/profile.php?id=100063841929211","0","2402552843333054","GOOD NEWS!!
   Most affordable House and Lot  in Rizal. ALL IN NA PO! 

      FOR AS LOW AS 6K per month!

First come first serve po tayo Dito 
    
    *no move-in fee
     *free electrical and water application.

Subdivision Name : RIDGEPOINT 
Location: Juan Sumulong Rd., Brgy., Prinza, Teresa Rizal
  
🏘PROJECT FEATURES : 
🔅along the hi-way only. 
🔅24 hours transportation via jeep/UV/Bus
🔅no need to ride a tricycle 
🔅gated fence with security guard 
🔅1 ride to Ortigas Center, Pasig, starmall crossing & EDSA 
🔅less than 20 minutes drive  to Antipolo Proper.
🔅Flood Free
🔅Near School, Church, Market, Supermarket, tourist spot destinations  and other Commercial Establishment.

🏘AMENITIES & FACILITIES:
🕌Clubhouse
🏀Basketball court
🥅Perimeter fence
💦Centralized water system 
🏗Meralco Electrical Supply
🥌Underground drainage system 
🕋Concrete roads and alleys

🔅2 Storey Townhouse (Inner Unit)
🏘Actual turn over - bare finished 
🏘Lot Area: min.37 sqm 
🏘Floor Area:46.60 sqm 
🏘Provision for 3 bedrooms, living, dining kitchen, 1  toilet and bath.

“SAMPLE COMPUTATION ONLY”

🔅Selling Price: 1,115,999.85
Reservation fee: 7500
Total down payment: 125,999.85
Dp Term: 18 Months to pay
Estimated Loan Value: 990,000
Monthly dp : 6,583

🔅Finance/Loan to Pag-Ibig (6.375%)
30 years :6,176.31
25 years :6,607.43
20 years :7,308.50
15 years :8,556.39
10 years :11,178.39
5 years :19,312.58

🔅RESERVE FOR: 7,500 only to secured the unit 

🔅Reservation Requirements:
1.)Pictures of 2 Government I.D.  
2.)Pag-Ibig Member.
3. PROOF OF INCOME ANYONE : 
-Latest Payslip with indicated Pag-Ibig Deduction for LOCAL EMPLOYED 
-JOB contracts for OFW 
-ITR / Bank Records (Self-Employed/Business)
4. 2x2 I’d pictures 

🔅INHOUSE Financing is also available for non-Pag-ibig members. Max of 5 years only. (13% interest/annum)

🔅NOTE: 
💵REQUIRED INCOME:  17,500

Meron po corner lot at end unit it! First come basis po Taylor 😊

🗓For FREE SITE-VIEWING/TRIPPING
☎️Feel free to Call or Text : 0917-140-0699/ 09098377416

Habol na po habang Meron pa slot!",,,"1",,,,"1","0","1575360045000","https://www.facebook.com/permalink.php?story_fbid=pfbid02u3c4ZuvZrKk1jj2CmjTqow1vftcBKmDbCrtZU4psaT5nqYfpBxHUB8XoRH6K3Njpl&id=100063841929211"
,,,,,,,,,,,,,,,,,,,,"100002754618648","Jennifer Rey - Evangelista","https://scontent-iad6-1.xx.fbcdn.net/v/t39.30808-1/685565907_25961842210157578_3108523605734316151_n.jpg?stp=cp0_dst-jpg_tt6&cstp=mx2048x2034&ctp=s24x24&_nc_cat=100&ccb=1-7&_nc_sid=e99d92&_nc_ohc=IIwpil47UbEQ7kNvwGEE4sL&_nc_oc=AdqGfX3e5a6NjD0-I_kfQl1B8YNWT4GEVFUtQho-jUkebIrWmWOPtvWoGTXMt9V8B38&_nc_zt=24&_nc_ht=scontent-iad6-1.xx&_nc_gid=RCbjaswrhFaatlgXbpMRcQ&_nc_ss=7c2a8&oh=00_AQA2j_mR4YhO9nx-WpmJMtX7wLEQb5jruxEg57ywphXn5A&oe=6A5FA2B1","https://www.facebook.com/jen.rey0424","0","2772376412822388","Farm lot No down payment
Near sitio lipat lipat Brgy. Hulo pililia rizal,SSitio tabako icon ville, overlooking pililia wind farm, good retirement, flood free, no pullution, bakasyon NG PAMILYA at BARKADA HANG OUTS, pwede magtayo NG kubo, may school na high school at elementary.

Sample Computation.
Lot Area 100 sqm.
Price 218,000
5%Reservation 10,900
95% Remaining payable in 40 month's to pay 5,178 zero percent interest

Pm now !",,,"1",,,,"1","0","1575339521000","https://www.facebook.com/groups/808055049254544/permalink/2772376412822388/?sale_post_id=2772376412822388"
,,,,,,,,,,,,,,,,,,,,"100064251841219","My Pasta Corner","https://scontent-iad6-1.xx.fbcdn.net/v/t39.30808-1/544807404_1188512163300501_2735361490168827597_n.jpg?stp=cp0_dst-jpg_tt6&cstp=mx938x938&ctp=s40x40&_nc_cat=107&ccb=1-7&_nc_sid=2d3e12&_nc_ohc=dP0zEDPYfSQQ7kNvwHPPZKQ&_nc_oc=Adrahquh3_e9_mNEn3KdpBa-CHT0anL_zJweRLXIYU8kjRcZ0nmndmJnj-W5jBo6Gn8&_nc_zt=24&_nc_ht=scontent-iad6-1.xx&_nc_gid=RCbjaswrhFaatlgXbpMRcQ&_nc_ss=7c2a8&oh=00_AQBASMERY_pRGgmHIc1sHA-nuFWqlrsOV43J66iv4loPuw&oe=6A5FCC8A","https://www.facebook.com/ilovemypastacorner","0","3104738932873886","Hi! Flooded na po kami sa comment box ng inquiries. I am asking everyone to please send us a PM for the menu :) ❤",,,"7","2",,,"9","0","1575469597000","https://www.facebook.com/ilovemypastacorner/posts/pfbid0bzvi59ZvuwPxw3XL3bmTm4Rvfv8WHJt7o1J8yrSBDy6ocfZo43BLN3r7HH7hEgkal"
,,,,,,,,,,,,,,,,,,,,"100000196250697","Liezl Redondo Ortega","https://scontent-iad3-1.xx.fbcdn.net/v/t39.30808-1/518342838_24933032379619959_892163731853741859_n.jpg?stp=cp0_dst-jpg_tt6&cstp=mx1847x1873&ctp=s24x24&_nc_cat=108&ccb=1-7&_nc_sid=e99d92&_nc_ohc=7prKmHGsKrYQ7kNvwFkgDD2&_nc_oc=Adp1zbXcUyJ9-0lMjRlFr_48Fe_CYx7gKOcb1MiO-cQHlwF_4OjIT4Codlz_o6rZSlM&_nc_zt=24&_nc_ht=scontent-iad3-1.xx&_nc_gid=RCbjaswrhFaatlgXbpMRcQ&_nc_ss=7c2a8&oh=00_AQC_x97XrSSV-XF10wktpxfVoolttOqPCxcXm8nG5-giaw&oe=6A5FA520","https://www.facebook.com/liezl.r.ortega","1","737406180089774","Murang bahay ba ang hanap mo?

Basta sapat ang required monthly income mo, nagtatrabaho ka man sa Pinas o sa ibang bansa, pasok ka dito!! Maliban sa magandang community, complete turnover pa lahat ng units kaya after ng construction lilipat ka nlng! 🏠

Eto na ang pre-selling units na abot kaya! Available ito sa GENTRI, TANZA, TRECE at LAGUNA.

Kung ibang lugar ang hanap mo, message ka lang, tulungan kita. 

▪️Flood free locations
▪️COMPLETE TURN-OVER
▪️Affordable
▪️Accessible
▪️Free Bank Charges

Reservation starts at 10,000 lang!

PM or contact:
Liezl Ortega 
Property consultant
📞09989725991",,,,,,,"0","0","1575414019000","https://www.facebook.com/groups/222359141594483/permalink/737406180089774/?sale_post_id=737406180089774"
,,,,,,,,,,,,,,,,,,,,"100064652143236","Angat San Isidro","https://scontent-iad3-2.xx.fbcdn.net/v/t1.6435-1/41215760_227447504785351_3144982097324670976_n.jpg?stp=cp0_dst-jpg_tt6&cstp=mx960x960&ctp=s40x40&_nc_cat=111&ccb=1-7&_nc_sid=e99d92&_nc_ohc=Dlq4vVvgJu8Q7kNvwEStWDM&_nc_oc=AdreowAFZB7ohgI45Hlv-IuxC021buxI4HJgl3ri-qB0wAsC--EYOxQ75fDtJncMWEI&_nc_zt=24&_nc_ht=scontent-iad3-2.xx&_nc_gid=RCbjaswrhFaatlgXbpMRcQ&_nc_ss=7c2a8&oh=00_AQDp5u3A6Uohh2nc6byonRvAefV4OyLsq0XqZ3OwnP1Gag&oe=6A814D7C","https://www.facebook.com/angat.sanisidro.315","0","2497114503911041","https://m.facebook.com/story.php?story_fbid=486501225546643&id=100025603093814",,,"28","1","5","1","35","5","1575365389000","https://www.facebook.com/OneCainta.SanIsidro/posts/pfbid09ykcXiXTcctyEo2bC1L8BKnsVbX2S64twfUChFM97BriLhovZUfFY4nkY3iRquvcl"
,,,,,,,,,,,,,,,,,,,,"100064542948515","Marikina City Rescue 161","https://scontent-iad3-1.xx.fbcdn.net/v/t39.30808-1/541379745_1210200924474661_5482984993472514193_n.jpg?stp=cp0_dst-jpg_tt6&cstp=mx1024x1024&ctp=s40x40&_nc_cat=104&ccb=1-7&_nc_sid=2d3e12&_nc_ohc=JyOFt-nYG3sQ7kNvwFoL6_l&_nc_oc=AdptbiyurnhilHwtOiiIWZiS_joIEU_WIwDCm-Oms-iowIVqp9mL6hNyk0HO6pKjRgY&_nc_zt=24&_nc_ht=scontent-iad3-1.xx&_nc_gid=2Qnm5f0CVhVivZrYk0pb5w&_nc_ss=7c2a8&oh=00_AQCGkJRWTd5MifJGcPRgBBqrUUi8H1vlthsz8rqu6KbJEw&oe=6A5FA082","https://www.facebook.com/MarikinaRescue161","0","2568093019954733","Marikina River Water Level Update
Issued at 10:00 PM, December 3, 2019

Water Level: 14.7 meters
NORMAL Level

Rainfall count as per MMDA-EFCOS
Issued at 10:00PM, December 3, 2019

Mt. Campana: 0 mm
Mt. Boso-Boso: 0 mm
Mt. Aries: 0 mm
Mt. Oro: 0 mm
Nangka: 0 mm

Total: 0 mm

7 gates open
No Flooded Area",,,"36",,"11",,"47","11","1575381690000","https://www.facebook.com/MarikinaRescue161/posts/pfbid0XCLDyNsxUrNMCkswUDphtKRTJVVrsQnna51qq1bkBebDaD7LmhEfRA6b8ez3CoGzl"
,,,,,,,,,,,,,,,,,,,,"100064542948515","Marikina City Rescue 161","https://scontent-iad3-1.xx.fbcdn.net/v/t39.30808-1/541379745_1210200924474661_5482984993472514193_n.jpg?stp=cp0_dst-jpg_tt6&cstp=mx1024x1024&ctp=s40x40&_nc_cat=104&ccb=1-7&_nc_sid=2d3e12&_nc_ohc=JyOFt-nYG3sQ7kNvwFoL6_l&_nc_oc=AdptbiyurnhilHwtOiiIWZiS_joIEU_WIwDCm-Oms-iowIVqp9mL6hNyk0HO6pKjRgY&_nc_zt=24&_nc_ht=scontent-iad3-1.xx&_nc_gid=2Qnm5f0CVhVivZrYk0pb5w&_nc_ss=7c2a8&oh=00_AQCGkJRWTd5MifJGcPRgBBqrUUi8H1vlthsz8rqu6KbJEw&oe=6A5FA082","https://www.facebook.com/MarikinaRescue161","0","2568429516587750","Marikina River Water Level Update
Issued at 01:00 AM, December 4, 2019

Water Level: 14.5 meters
NORMAL Level

Rainfall count as per MMDA-EFCOS
Issued at 01:00 AM, December 4, 2019

Mt. Campana: 0 mm
Mt. Boso-Boso: 0 mm
Mt. Aries: 0 mm
Mt. Oro: 0 mm
Nangka: 0 mm

Total: 0 mm

7 gates open
No Flooded Area",,,"22",,,,"22","3","1575392655000","https://www.facebook.com/MarikinaRescue161/posts/pfbid02SKhHoej4RsJxD6K9EPz1U2ghGrCYzmkGT6tK65YqFx2cgp9WZQNtpqTEnyUgbEH6l"
,,,,,,,,,,,,,,,,,,,,"100064542948515","Marikina City Rescue 161","https://scontent-iad3-1.xx.fbcdn.net/v/t39.30808-1/541379745_1210200924474661_5482984993472514193_n.jpg?stp=cp0_dst-jpg_tt6&cstp=mx1024x1024&ctp=s40x40&_nc_cat=104&ccb=1-7&_nc_sid=2d3e12&_nc_ohc=JyOFt-nYG3sQ7kNvwFoL6_l&_nc_oc=AdptbiyurnhilHwtOiiIWZiS_joIEU_WIwDCm-Oms-iowIVqp9mL6hNyk0HO6pKjRgY&_nc_zt=24&_nc_ht=scontent-iad3-1.xx&_nc_gid=2Qnm5f0CVhVivZrYk0pb5w&_nc_ss=7c2a8&oh=00_AQCGkJRWTd5MifJGcPRgBBqrUUi8H1vlthsz8rqu6KbJEw&oe=6A5FA082","https://www.facebook.com/MarikinaRescue161","0","2568736343223734","Marikina River Water Level Update
Issued at 04:00 AM, December 4, 2019

Water Level: 13.6 meters
NORMAL Level

Rainfall count as per MMDA-EFCOS
Issued at 04:00 AM, December 4, 2019

Mt. Campana: 0 mm
Mt. Boso-Boso: 0 mm
Mt. Aries: 0 mm
Mt. Oro: 0 mm
Nangka: 0 mm

Total: 0 mm

7 gates open
No Flooded Area",,,"24",,,,"24","5","1575403332000","https://www.facebook.com/MarikinaRescue161/posts/pfbid02V9Wa1epzyy5RwzDP2N719XCxhxRBo2Bn8g8sNNjFf7KViEQn1An5M3h11VtrKaK3l"
,,,,,,,,,,,,,,,,,,,,"100044203903727","Carlo Evangelista","https://scontent-iad3-2.xx.fbcdn.net/v/t1.6435-1/78966995_109671200516343_3719630966134669312_n.jpg?stp=cp0_dst-jpg_tt6&cstp=mx720x719&ctp=s40x40&_nc_cat=105&ccb=1-7&_nc_sid=e99d92&_nc_ohc=yAFvSXZJEooQ7kNvwHnnTBy&_nc_oc=AdrdgN_BkyWouJnL72XmKYiI8tz55TBT4KiytEeLpbKy_PSEOK3LgyiOebZ6vI-vpPQ&_nc_zt=24&_nc_ht=scontent-iad3-2.xx&_nc_gid=2Qnm5f0CVhVivZrYk0pb5w&_nc_ss=7c2a8&oh=00_AQBoXBgr6ywaPl9045WKXClcjq36WIw2a4-Xv2ZAtZhTVA&oe=6A814181","https://www.facebook.com/carlo.evangelista.5076","0","738335696663489","",,,"2",,,,"2","0","1575503407000","https://www.facebook.com/groups/222359141594483/permalink/738335696663489/"
,,,,,,,,,,,,,,,,,,,,"100063920525525","RIVER PARK PLACE -Affordable Condominium-","https://scontent-iad6-1.xx.fbcdn.net/v/t39.30808-1/359800608_696492369158108_3228648872734571291_n.jpg?stp=cp0_dst-jpg_tt6&cstp=mx960x960&ctp=s40x40&_nc_cat=106&ccb=1-7&_nc_sid=2d3e12&_nc_ohc=xVnrOVEPmhAQ7kNvwGSz4Jr&_nc_oc=Adq8bFH9ZPoj7z8HrgjT2Z2H2bHwhG9ER-1_XL_aDkUOaWKTh0rleYSmaiyVX25Mp1w&_nc_zt=24&_nc_ht=scontent-iad6-1.xx&_nc_gid=2Qnm5f0CVhVivZrYk0pb5w&_nc_ss=7c2a8&oh=00_AQAdXTOa4syrt4xqWv8WwiQZGIodkXltNdEyHMdTsmv3mQ&oe=6A5FD426","https://www.facebook.com/CDCHoldingsInc","1","3794064433968924","",,,,,,,"0","0","1575384760000","https://www.facebook.com/groups/760346584007406/permalink/3794064433968924/"
,,,,,,,,,,,,,,,,,,,,"100064542948515","Marikina City Rescue 161","https://scontent-iad3-1.xx.fbcdn.net/v/t39.30808-1/541379745_1210200924474661_5482984993472514193_n.jpg?stp=cp0_dst-jpg_tt6&cstp=mx1024x1024&ctp=s40x40&_nc_cat=104&ccb=1-7&_nc_sid=2d3e12&_nc_ohc=JyOFt-nYG3sQ7kNvwFoL6_l&_nc_oc=AdptbiyurnhilHwtOiiIWZiS_joIEU_WIwDCm-Oms-iowIVqp9mL6hNyk0HO6pKjRgY&_nc_zt=24&_nc_ht=scontent-iad3-1.xx&_nc_gid=z9fZfMF0gS6yQNy06tpn_w&_nc_ss=7c2a8&oh=00_AQCoX80Y-BOBoNVQHt4Defz9d5jfx-ZjDoO9MiqKetLzOA&oe=6A5FA082","https://www.facebook.com/MarikinaRescue161","0","2568840816546620","Marikina River Water Level Update
Issued at 05:00 AM, December 4, 2019

Water Level: 13.3 meters
NORMAL Level

Rainfall count as per MMDA-EFCOS
Issued at 05:00 AM, December 4, 2019

Mt. Campana: 0 mm
Mt. Boso-Boso: 0 mm
Mt. Aries: 0 mm
Mt. Oro: 0 mm
Nangka: 0 mm

Total: 0 mm

7 gates open
No Flooded Area",,,"14","1",,,"15","4","1575407195000","https://www.facebook.com/MarikinaRescue161/posts/pfbid02PZhhzk3ENPSdfiNpjJY9MTFN7Q97UGfQ5T1t2MacDmHDGcEJuTToozCtETdcWVFrl"
,,,,,,,,,,,,,,,,,,,,"100064542948515","Marikina City Rescue 161","https://scontent-iad3-1.xx.fbcdn.net/v/t39.30808-1/541379745_1210200924474661_5482984993472514193_n.jpg?stp=cp0_dst-jpg_tt6&cstp=mx1024x1024&ctp=s40x40&_nc_cat=104&ccb=1-7&_nc_sid=2d3e12&_nc_ohc=JyOFt-nYG3sQ7kNvwFoL6_l&_nc_oc=AdptbiyurnhilHwtOiiIWZiS_joIEU_WIwDCm-Oms-iowIVqp9mL6hNyk0HO6pKjRgY&_nc_zt=24&_nc_ht=scontent-iad3-1.xx&_nc_gid=z9fZfMF0gS6yQNy06tpn_w&_nc_ss=7c2a8&oh=00_AQCoX80Y-BOBoNVQHt4Defz9d5jfx-ZjDoO9MiqKetLzOA&oe=6A5FA082","https://www.facebook.com/MarikinaRescue161","0","2568632649900770","Marikina River Water Level Update
Issued at 03:00 AM, December 4, 2019

Water Level: 13.9 meters
NORMAL Level

Rainfall count as per MMDA-EFCOS
Issued at 03:00 AM, December 4, 2019

Mt. Campana: 0 mm
Mt. Boso-Boso: 0 mm
Mt. Aries: 0 mm
Mt. Oro: 0 mm
Nangka: 0 mm

Total: 0 mm

7 gates open
No Flooded Area",,,"19",,,,"19","1","1575399668000","https://www.facebook.com/MarikinaRescue161/posts/pfbid02g8JdZugU51YECLCZTMmhcziLN3WR3fWNra2MV1NYkXYEyZ3q1WhGL7L6sxVTpn7l"
,,,,,,,,,,,,,,,,,,,,"100036449550175","Anne Senugbujan","https://scontent-iad3-2.xx.fbcdn.net/v/t1.6435-1/59461964_100139277877724_8699206630253789184_n.jpg?stp=c0.0.720.720a_cp0_dst-jpg_tt6&cstp=mx720x720&ctp=s24x24&_nc_cat=105&ccb=1-7&_nc_sid=e99d92&_nc_ohc=ji4unHlhhrUQ7kNvwGF4Qv8&_nc_oc=AdrBmaFJARk-rhQW_WlxGI6wK3wWN8JaogyHsexJUUw10ZpXP6iaSJLK2fjDxndzodM&_nc_zt=24&_nc_ht=scontent-iad3-2.xx&_nc_gid=z9fZfMF0gS6yQNy06tpn_w&_nc_ss=7c2a8&oh=00_AQDHSMyqqFtrvdfGDyXJ4PQVal_zdcub9rQ8AY1rYxi4PA&oe=6A8157C9","https://www.facebook.com/anne.senugbujan","0","736965380133854","",,,,,,,"0","0","1575373073000","https://www.facebook.com/groups/222359141594483/permalink/736965380133854/"
,,,,,,,,,,,,,,,,,,,,"100064471071275","Suntrust Verona Silang Cavite ‘Lacita de amore’","https://scontent-iad6-1.xx.fbcdn.net/v/t39.30808-1/515495477_1174791504679874_2358993110236712028_n.jpg?stp=c7.0.1362.1362a_cp0_dst-jpg_tt6&cstp=mx1362x1362&ctp=s40x40&_nc_cat=100&ccb=1-7&_nc_sid=2d3e12&_nc_ohc=KIdqe11PFhMQ7kNvwGdr7o-&_nc_oc=AdrPWiYZb8uERuh78mjFBLl_3roW0eT5yY91sQ9zlsdMH6HYRmIfi3ZIpQSipAAeYDg&_nc_zt=24&_nc_ht=scontent-iad6-1.xx&_nc_gid=z9fZfMF0gS6yQNy06tpn_w&_nc_ss=7c2a8&oh=00_AQD6JSnjU57KfZLYXKctcSzdPoif0OrfGGSe9X3xOrciCA&oe=6A5FAE17","https://www.facebook.com/suntrustpropertiesinco","2","2776225519104144","Single detached houses pm this page for more info",,,"1",,,,"1","0","1575474642000","https://www.facebook.com/groups/808055049254544/permalink/2776225519104144/"
,,,,,,,,,,,,,,,,,,,,"100064472988502","Pet Avenue","https://scontent-iad6-1.xx.fbcdn.net/v/t39.30808-1/378138678_675109217981505_2667520918885154052_n.jpg?stp=cp0_dst-jpg_tt6&cstp=mx1200x1200&ctp=s40x40&_nc_cat=100&ccb=1-7&_nc_sid=2d3e12&_nc_ohc=qRtHP8X0W_EQ7kNvwHor2TY&_nc_oc=Adp1E-7fBG1-3zuakVWRyrNWtT7p6hEZG5yosJKHm_SGZ51HQgyqrmDRZQtAzxKLai8&_nc_zt=24&_nc_ht=scontent-iad6-1.xx&_nc_gid=z9fZfMF0gS6yQNy06tpn_w&_nc_ss=7c2a8&oh=00_AQCujXTlznPGzT2KUkQKN7IJNVNlEc-9K8fVr2KQoUqW2A&oe=6A5FCF77","https://www.facebook.com/petavenuephilippines","3","1522249474582697","https://m.facebook.com/story.php?story_fbid=344074659806580&id=296962181184495

Sana pinakawalan na lang 😢😩","6",,,,"22",,"28","1","1575347912000","https://www.facebook.com/groups/752416584899327/permalink/1522249474582697/"
,,,,,,,,,,,,,,,,,,,,"100015375369975","Kokoy Sicat","https://scontent-iad6-1.xx.fbcdn.net/v/t1.6435-1/62271190_603062356882938_1793027156771602432_n.jpg?stp=cp0_dst-jpg_tt6&cstp=mx640x643&ctp=s40x40&_nc_cat=100&ccb=1-7&_nc_sid=1d2534&_nc_ohc=0DqFUmpLIbsQ7kNvwEseqv1&_nc_oc=AdpfU-WpW8pxM85Zz53SuA5FrMg4NMpQiNc1lwyG0kQWFv96feR94bSL9nQ62kdDORE&_nc_zt=24&_nc_ht=scontent-iad6-1.xx&_nc_gid=z9fZfMF0gS6yQNy06tpn_w&_nc_ss=7c2a8&oh=00_AQAdQMtR_IV7X_7kajppxIM7Nx4MKD-0B9sUHefV_jxWTg&oe=6A816D61","https://www.facebook.com/kokoy.sicat.1","0","2239897556307379","PTPAdmin",,,"10",,"1",,"11","2","1575345080000","https://www.facebook.com/groups/1950236225273515/permalink/2239897556307379/"
,,,,,,,,,,,,,,,,,,,,"100064849864375","DOST-PAGASA","https://scontent-iad3-1.xx.fbcdn.net/v/t39.30808-1/487303686_1099355335569452_7045424019269009221_n.png?stp=cp0_dst-png&cstp=mx1001x1001&ctp=s40x40&_nc_cat=1&ccb=1-7&_nc_sid=2d3e12&_nc_ohc=8-rGnn6nM6QQ7kNvwHtXH1c&_nc_oc=AdqdkngQQaSur8pWfrjUzz5THKn10vTvpeMuYNSE_ak11mqCJ4rcpTmK7o8jwzT7NRg&_nc_zt=24&_nc_ht=scontent-iad3-1.xx&_nc_gid=SIErpe7d_dh18yf1n_1y8w&_nc_ss=7c2a8&oh=00_AQDSYzX0Ir6IYHtyeS5TmT5YWAWxZLfVob7tyyi3KjLpTw&oe=6A5FC79F","https://www.facebook.com/PAGASA.DOST.GOV.PH","0","1186818118181835","DOST-PAGASA Severe Weather Bulletin #24: #TisoyPH slightly weakens as it moves west-northwestward over the West Philippine Sea. All tropical Cyclone Wind Signal are now lifted. #BidaAngHanda",,,"3",,,,"3","0","1575431352000","https://www.facebook.com/civildefensencr/posts/pfbid0q78ymvH7J71xNWZw8QShEbEzcVYkgHEovSQWwo8f2WFvvJPqfPdFJM9UNCgVZBbil"
,,,,,,,,,,,,,,,,,,,,"100001368931661","Nylide Pdr","https://scontent-iad6-1.xx.fbcdn.net/v/t39.30808-1/399753296_6750338738355024_8975141358588009773_n.jpg?stp=cp0_dst-jpg_tt6&cstp=mx352x352&ctp=s40x40&_nc_cat=107&ccb=1-7&_nc_sid=e99d92&_nc_ohc=fhiTTqCZcZ8Q7kNvwGDdCVd&_nc_oc=AdqFfLwoZDx2r2daBEWETXD_ptZA04PBtqd02qz3mUfPFVvFtROjQS254pf4w_mZcoc&_nc_zt=24&_nc_ht=scontent-iad6-1.xx&_nc_gid=SIErpe7d_dh18yf1n_1y8w&_nc_ss=7c2a8&oh=00_AQBwUBVLUQ0NWbZEz0KAQC0Gyfdajz35Yk0UwqYkzHLQXA&oe=6A5FB361","https://www.facebook.com/eljundrosario","0","737446116752447","",,,"2",,,,"2","0","1575418673000","https://www.facebook.com/groups/222359141594483/permalink/737446116752447/"
,,,,,,,,,,,,,,,,,,,,"100064606813035","Antipolo City Gov","https://scontent-iad6-1.xx.fbcdn.net/v/t39.30808-1/243184711_223476796482546_7907706067647562237_n.jpg?stp=cp0_dst-jpg_tt6&cstp=mx2048x2048&ctp=s40x40&_nc_cat=106&ccb=1-7&_nc_sid=2d3e12&_nc_ohc=JLvs1SWL_cMQ7kNvwE5cBcC&_nc_oc=Adpkdv1V0Xb8f_7g0M93tKld6Wb6KfQobNauIQpBXgRLVaQjBNLQuBNemWhqOzXOVw0&_nc_zt=24&_nc_ht=scontent-iad6-1.xx&_nc_gid=SIErpe7d_dh18yf1n_1y8w&_nc_ss=7c2a8&oh=00_AQABwyt2zxrJoGGcujXtnD2XOQOcmLR1iyhaWzx7eUBTnA&oe=6A5FD291","https://www.facebook.com/antipolocitygovernment","0","693738341150429","",,,,,,,"0","0","1575358924000","https://www.facebook.com/groups/HowsYourByaheBes/permalink/693738341150429/"
,,,,,,,,,,,,,,,,,,,,"100064849864375","DOST-PAGASA","https://scontent-iad3-1.xx.fbcdn.net/v/t39.30808-1/487303686_1099355335569452_7045424019269009221_n.png?stp=cp0_dst-png&cstp=mx1001x1001&ctp=s40x40&_nc_cat=1&ccb=1-7&_nc_sid=2d3e12&_nc_ohc=8-rGnn6nM6QQ7kNvwHtXH1c&_nc_oc=AdqdkngQQaSur8pWfrjUzz5THKn10vTvpeMuYNSE_ak11mqCJ4rcpTmK7o8jwzT7NRg&_nc_zt=24&_nc_ht=scontent-iad3-1.xx&_nc_gid=SIErpe7d_dh18yf1n_1y8w&_nc_ss=7c2a8&oh=00_AQDSYzX0Ir6IYHtyeS5TmT5YWAWxZLfVob7tyyi3KjLpTw&oe=6A5FC79F","https://www.facebook.com/PAGASA.DOST.GOV.PH","0","159603695407450","Weather Bulletin as of 11PM for Typhoon #TisoyPH Metro Manila is still under Tropical Cyclone Warning Signal No. 2. Stay safe and continue to monitor the situation",,,"1",,,,"1","0","1575387638000","https://www.facebook.com/PaterosFilChi/posts/pfbid02g4AWbi1R2gPbDx5qMWYkmhNSSoffkAiV7Dzqns5yTYU77pKhRsDjdxtnLJmRm83Al"
,,,,,,,,,,,,,,,,,,,,"100064591516729","Save Animals of Love and Light - Save ALL","https://scontent-iad3-2.xx.fbcdn.net/v/t39.30808-1/327124116_3330075783987707_2491812723656883631_n.jpg?stp=c0.0.193.193a_cp0_dst-jpg_tt6&cstp=mx193x193&ctp=s40x40&_nc_cat=103&ccb=1-7&_nc_sid=2d3e12&_nc_ohc=ViBRYVbBO9oQ7kNvwEdWFuN&_nc_oc=AdpuWlrb5lQkY4_unJQy2zCtoB9hrcAdaX939S3EA6cTB2HAz1nyqsb_tl81N_n5l3w&_nc_zt=24&_nc_ht=scontent-iad3-2.xx&_nc_gid=SIErpe7d_dh18yf1n_1y8w&_nc_ss=7c2a8&oh=00_AQBgxoaTJVmiLjNdEg0EETYAC2MuvKZu6igJFo0dPZsPJA&oe=6A5FA042","https://www.facebook.com/saveanimalsofloveandlightPH","9","2496336567303851","","1",,"21",,"10",,"32","9","1575336683000","https://www.facebook.com/groups/1659058151031701/permalink/2496336567303851/"
,,,,,,,,,,,,,,,,,,,,"100079911505816","Ayala Malls Vertis North","https://scontent-iad3-2.xx.fbcdn.net/v/t39.30808-1/612410476_863553456318363_6766746498629929614_n.jpg?stp=cp0_dst-jpg_tt6&cstp=mx2048x2048&ctp=s40x40&_nc_cat=103&ccb=1-7&_nc_sid=2d3e12&_nc_ohc=-5agc7QHngEQ7kNvwGo4DB6&_nc_oc=Adp6ICGix_QDtrzqU34R3gT5-54o5wJhOAgfs8re6ErX4aLq2OEFW8057PaZTGYRnqw&_nc_zt=24&_nc_ht=scontent-iad3-2.xx&_nc_gid=SIErpe7d_dh18yf1n_1y8w&_nc_ss=7c2a8&oh=00_AQBulE0h7oVdZ8Hq3Gz3x7prPvMFQsUpXQtiO2F3SRYWqQ&oe=6A5FA3DE","https://www.facebook.com/AyalaMallsVertisNorth","0","585189868959846","Keep safe everyone!",,,"19","3",,,"22","1","1575343649000","https://www.facebook.com/avocadoriavertisnorth/posts/pfbid0kkY1M9aPyU54WCSggXgcjTbDPfCrHtodxubmfsK35MDEy3jxRtDNnRHN4yxkGM98l"
,,,,,,,,,,,,,,,,,,,,"100064390855502","Alabang Town Center","https://scontent-iad3-1.xx.fbcdn.net/v/t39.30808-1/515296160_10163026262510813_7193335330734484261_n.jpg?stp=cp0_dst-jpg_tt6&cstp=mx534x534&ctp=s40x40&_nc_cat=104&ccb=1-7&_nc_sid=2d3e12&_nc_ohc=HZbOVYSb4QcQ7kNvwEntyyF&_nc_oc=Adpq_Rx2Pnq1k2emaBxU0AMRqfv2FHZcE13ZdGEJ8caDC_UYsdJZMJQk0O95Gg05HTw&_nc_zt=24&_nc_ht=scontent-iad3-1.xx&_nc_gid=pR_vwyrb15gtduWdLSji2w&_nc_ss=7c2a8&oh=00_AQDRxPei3ll8gQZIQAscrztKHHFy-z1nUu0Qrr5_spjhXg&oe=6A5FD2BD","https://www.facebook.com/AlabangTownCenter","0","2902550729779888","Ayala Malls the 30th, available as shelter 🙂 stay safe everyone!",,,"5",,,,"5","0","1575366817000","https://www.facebook.com/BeesWaxOrganics/posts/pfbid02EN6scWQQMYy67qcBTM5Dq99LyCEMMih9NYDLKBYtoFk9vH6uwDGqAJczerg22VEql"
,,,,,,,,,,,,,,,,,,,,"100057611561153","Defend Jobs Philippines","https://scontent-iad3-1.xx.fbcdn.net/v/t39.30808-1/651766974_1384518710145168_2025268283905427226_n.jpg?stp=cp0_dst-jpg_tt6&cstp=mx2048x2048&ctp=s40x40&_nc_cat=104&ccb=1-7&_nc_sid=2d3e12&_nc_ohc=ABYGaCpo15EQ7kNvwEY0DJg&_nc_oc=Adr9vGEpnJ71J-PHpL14rQLVSkEvCr6jVWNi1BYBKDKRKyREjKPGdQU3NE5qm-eFrY0&_nc_zt=24&_nc_ht=scontent-iad3-1.xx&_nc_gid=pR_vwyrb15gtduWdLSji2w&_nc_ss=7c2a8&oh=00_AQAuoyj5l_ov6FDv2f2CHuT7R0mev8bdkQkBbnwHW3RgNA&oe=6A5FB2C2","https://www.facebook.com/DefendJobsPhilippines","0","461158377874934","#WeSwimAsOne
#TisoyPH
#WalangPasok",,,"8",,,,"8","3","1575342380000","https://www.facebook.com/kilusangmayouno.ncr/posts/pfbid02CbZ5ACi2caYLcMjN7WRh17LKHyALSVZuVsUbUCdz1V4Neyu38fEH7rcKCcf3hzZel"
,,,,,,,,,,,,,,,,,,,,"100063831944711","Sity's Limitless Cleaning - QC","https://scontent-iad6-1.xx.fbcdn.net/v/t39.30808-1/359470637_718221490315576_1671114207987508648_n.jpg?stp=cp0_dst-jpg_tt6&cstp=mx500x500&ctp=s40x40&_nc_cat=106&ccb=1-7&_nc_sid=2d3e12&_nc_ohc=o9r0lL92BAEQ7kNvwHcJNcS&_nc_oc=Adq25rTTSZX1cy4pg2hkJgzGPWSzWBgg2r1neM3p8_gxPzMB6K2PDquYzm9AIQMyiSY&_nc_zt=24&_nc_ht=scontent-iad6-1.xx&_nc_gid=pR_vwyrb15gtduWdLSji2w&_nc_ss=7c2a8&oh=00_AQA2B57Z5HoKXF204PpD_gSSmds6pS85QNJlOW2TFAVehA&oe=6A5FAB6D","https://www.facebook.com/sityscleaning","0","832057860557680","Keep safe mga kabayan. Lets pray for those who are severely affected by the storm.",,,"2",,,,"2","0","1575357770000","https://www.facebook.com/groups/215872392176233/permalink/832057860557680/"
,,,,,,,,,,,,,,,,,,,,"100064849864375","DOST-PAGASA","https://scontent-iad3-1.xx.fbcdn.net/v/t39.30808-1/487303686_1099355335569452_7045424019269009221_n.png?stp=cp0_dst-png&cstp=mx1001x1001&ctp=s40x40&_nc_cat=1&ccb=1-7&_nc_sid=2d3e12&_nc_ohc=8-rGnn6nM6QQ7kNvwHtXH1c&_nc_oc=AdqdkngQQaSur8pWfrjUzz5THKn10vTvpeMuYNSE_ak11mqCJ4rcpTmK7o8jwzT7NRg&_nc_zt=24&_nc_ht=scontent-iad3-1.xx&_nc_gid=pR_vwyrb15gtduWdLSji2w&_nc_ss=7c2a8&oh=00_AQANkpX8hteK7HCNYyP90QLE5ucqtXUqcrmh-ktSQeMC_Q&oe=6A5FC79F","https://www.facebook.com/PAGASA.DOST.GOV.PH","0","1297649320415566","December 4, 2019 
No Classes Announcement for Taguig Branch
Keep Safe Everyone 🎂",,,"8","5",,,"13","4","1575390928000","https://www.facebook.com/asiasourceph/posts/pfbid02J2QWMFyBGL8dVN57qKYr1aMBBQMhQV86CweqLArvj69F9vdhYVnefhJgP6tXHcGel"
"No photo description available.","10156707969113456","photo","https://www.facebook.com/photo/?fbid=10156707969113456&set=a.411453830351399",,,,,,,,,,,,,,,,,"100044603551767","General Danny Lim","https://scontent-iad6-1.xx.fbcdn.net/v/t39.30808-1/242435276_411453867018062_3097679470705114579_n.jpg?stp=cp0_dst-jpg_tt6&cstp=mx945x945&ctp=s40x40&_nc_cat=107&ccb=1-7&_nc_sid=2d3e12&_nc_ohc=3acHwy39vjsQ7kNvwH3THr_&_nc_oc=Adowx25vhmKHu-6Afdq9aYmG1l0JS3S7TMNajVy3R13EoRRGFtS29Sab-Z_muDtLjtU&_nc_zt=24&_nc_ht=scontent-iad6-1.xx&_nc_gid=pR_vwyrb15gtduWdLSji2w&_nc_ss=7c2a8&oh=00_AQA8nNt8j1gDRoV08VeBItomh6wLeYtRoTiQNx-5sZ9yOQ&oe=6A5FB651","https://www.facebook.com/GeneralDannyLim","1","10156707969113456","Handang tumulong ang ating mga field personnel sa mga motoristang bumabyahe ngayon. Lumapit lang sa kanila para sa anumang assistance. Patuloy din nating mino-monitor ang sitwasyon sa mga kalsada at sa mga flood-prone areas para sa agarang response kung kailangan. #TisoyPH",,,"24",,,"2","26","1","1575343313000","https://www.facebook.com/photo.php?fbid=10156707969113456&set=a.411453830351399&type=3"
"No photo description available.","1014900578846119","photo","https://www.facebook.com/photo.php?fbid=1014900578846119&set=a.511296864335196&type=3","No photo description available.","1014900632179447","photo","https://www.facebook.com/photo.php?fbid=1014900632179447&set=a.511296864335196&type=3","No photo description available.","1014900682179442","photo","https://www.facebook.com/photo.php?fbid=1014900682179442&set=a.511296864335196&type=3","No photo description available.","1014900735512770","photo","https://www.facebook.com/photo.php?fbid=1014900735512770&set=a.511296864335196&type=3","No photo description available.","1014900865512757","photo","https://www.facebook.com/photo.php?fbid=1014900865512757&set=a.511296864335196&type=3","100063646610328","MFR Real Estate Condominiums","https://scontent-iad3-2.xx.fbcdn.net/v/t39.30808-1/306778576_511296894335193_4967979375155814515_n.jpg?stp=c0.0.681.681a_cp0_dst-jpg_tt6&cstp=mx681x681&ctp=s40x40&_nc_cat=111&ccb=1-7&_nc_sid=2d3e12&_nc_ohc=7KvdD1FROkUQ7kNvwHl7oRm&_nc_oc=AdrkMOdlkTG6cYw3N5Fu4hsaJsCfXC5stqtnSQ6lCOM9-vvIjaUHvUb43ofUnJDXp48&_nc_zt=24&_nc_ht=scontent-iad3-2.xx&_nc_gid=pR_vwyrb15gtduWdLSji2w&_nc_ss=7c2a8&oh=00_AQCDg3YOwFdWh1B5bZ1m0Mn5HGF5EK3rnlVEwbPDAnIRLg&oe=6A5FA061","https://www.facebook.com/mfrrealestatecondos","0","1014901685512675","ARIA HOUSE & LOT 4 BEDROOM FOR SALE  NEAR KATIPUNAN QC & SM MASINAG.
�
📍HOUSE AND LOT 4 BEDROOM FOR SALE IN FILINVEST EAST HOMES NEAR KATIPUNAN QUEZON CITY & SM MASINAG.
�
LIVE WITHIN THE CITY!
Leisure living at your doorsteps. A beauty from the outside and inside.
�
🔆RESERVATION REQUIREMENTS🔆
👌🏻 2 Valid IDs
👌🏻P30K for unit reservation 
�
➡For Investors: Buy it LOW, Sell it HIGH 
➡For Home Owners: Pay LESS, SAVE More
➡Smart Investment...
�
‼️ Quality Brand
‼️ Value for Money
💰Perfect Investment! 
👪Perfect for families!
�
✔️  Resort like Amenities
✔️ Accessible Location
✔️💯 Flood Free
✔️  Low- Density Community
✔️  Perpetual Ownership w/ Title
✔️  70% Open Space
✔️  Free Site Viewing
✔️  Free Bank Financing Assistance�
Lifetime ownership w/ TITLE
Inclusive of GOV'T TAXES ( E-VAT ), PROCESSING and TRANSFER FEE
NO HIDDEN CHARGES
�
ARIA PROJECT FILINVEST
�
📍LRT2 Santolan Station – 5.1 km 
📍LRT2 Katipunan Station – 7.1 km 
📍SM Masinag – 2.1 km 
📍Robinsons Metro East – 3.2 km 
 📍Sta. Lucia Mall – 3 km 
📍McDonald’s – 1.6 km 
📍SM Marikina – 5.6 km 
📍Eastwood – 8 km 
📍St. Therese of the Child Jesus Parish – 2.1 km 
📍Ateneo University – 8 km 
📍UP Diliman – 10 km 
📍The Medical City – 9.2 km 
📍Tiendesitas – 8.8 km 
📍Robinsons Galleria – 10.3 km 
📍La Salle Greenhills – 12km
�
�
📍Aria is located along the upbeat Marcos Highway the gateway linking Metro Manila to Rizal Province. 
Business districts, shopping centers, schools, LRT stations are highly accessible. �
✅Brahms Model
Lot area: 112sqm
Floor Area: 93sqm
3 Bedroom
3 Toilet and Bath
1 Maid’s Room�
Actual Computation 
�
Total Investment: 7,842,500
10%DP________________784,250
Less RF_______________30,000
SPOT NET DP_____      754,250
Payable in 12 mos____ 62,854/month
�
90% Balance 7,058,250
25YRS____ 47,657
20YRS____ 53,624
15YRS____ 41,685
10YRS___ 80,145
5 YRS___ 138,103
�
Amenities:
✅Clubhouse 
✅Adult and kiddie pools 
✅Multi-purpose hall 
✅Basketball court 
✅Tennis Court 
✅Parks and playground Landmarks 
�

✅PROJECT PRIME LOCATION: Ortigas, Eastwood Mall, SM Megamall,Robinson Galleria, International School Manila, St Paul College Pasig, Lrt 2 Masinag Station, Ayala Mall Feliz, CCF. 

Assisting Agent for your Inquiries, Ocular Visit & Reservation
Ms. Rose 
09759741700 Globe
09338203021 Sun",,,"3","1",,,"4","0","1575360408000","https://www.facebook.com/mfrrealestatecondos/posts/pfbid0ii3SSVL2Xy7pY7Tz2stP241vhHv3Tr4qJB8vMW1Dn93jKkqhMQWiXnyWwzbMUtrNl"
,,,,,,,,,,,,,,,,,,,,"100064158006907","Phirst Park Homes - A First That Lasts","https://scontent-iad3-1.xx.fbcdn.net/v/t39.30808-1/378059472_712582760890318_1759437981630674482_n.jpg?stp=cp0_dst-jpg_tt6&cstp=mx2048x2048&ctp=s40x40&_nc_cat=104&ccb=1-7&_nc_sid=2d3e12&_nc_ohc=fsSMke4jGIUQ7kNvwFbPep0&_nc_oc=AdoaY5GN2ADfKoNcNzLdNQCGhsK-JNSmMo_RNlNH9AcnfhwdFbhiSt4YfzorK9NGaLw&_nc_zt=24&_nc_ht=scontent-iad3-1.xx&_nc_gid=pR_vwyrb15gtduWdLSji2w&_nc_ss=7c2a8&oh=00_AQBTiH2mVA7KMk7Qztra7_KmD4YAwrjr74sDOLpIETYxSQ&oe=6A5FCB52","https://www.facebook.com/PhirstParkHomesByChengracia","0","738249260005466","PTPA.

For as low as 🇵🇭 Php 12,000 monthly, No Spot DP!

2 Storey Townhouse/ Single Attached, 
Complete Finished with Gate and Fence during Turnover 

✔️Pandi, Bulacan
✔️Tanza, Cavite
✔️Lipa & Batulao, Batangas
✔️San Pablo & Calamba, Laguna

""Don't wait to buy real estate,
BUY REAL ESTATE and WAIT.""

💯NEW!
☑️NO Spot Down payment required
☑️Pre-selling price are the most affordable price you can have
☑️Best time to invest NOW because of property appreciation 
☑️Can self liquidate once turned over in rental opportunity
☑️Minimal investment
☑️Longer payment terms
☑️Use of money wisely
☑️Good saving method, real estate really appreciate. 

Remember, the best investment is the SAFETY of your family, & SUSTAINABILITY of your home. 

_____________________

More facts about PPH:
✅ Near all major infrastructure projects/ expressway/city center/ tourist spots (easy access to & from airport)

✅ FULLY-FINISHED delivery!
Complete with gate and concrete fence!

✅ ALL ALONG HIGHWAY. Nearby malls/schools/hospital/ establishments

🔸️TCP range : P1.5M - P3.5M ONLY

Project by:
🇯🇵 Mitsubishi Corporation, Japan
🇵🇭 Century Properties
🇸🇬 CPG Limited Singapore's architecture (masterplanners of Changi Airport & Gardens By the Bay)

💯 24/7 Security (gated w/CCTVs)
💯Flood free

✅NO HIDDEN CHARGES - ALL IN
✅Move-in after 18 months or less!
✅ NO MOVE IN FEES
🔸️Expandable for future expansion plans
🔸️Shuttle service within gated subdivision
🔸️Commercial spaces. Conceptive amenities

#PHirstParkHomes
#AFirstThatLasts

For inquiries, free trippings and reservation PM us❗
📞☎️ 0965-235-7455",,,,,,,"0","0","1575493747000","https://www.facebook.com/groups/222359141594483/permalink/738249260005466/"
"No photo description available.","10156707969228456","photo","https://www.facebook.com/photo/?fbid=10156707969228456&set=a.411453830351399",,,,,,,,,,,,,,,,,"100044603551767","General Danny Lim","https://scontent-iad6-1.xx.fbcdn.net/v/t39.30808-1/242435276_411453867018062_3097679470705114579_n.jpg?stp=cp0_dst-jpg_tt6&cstp=mx945x945&ctp=s40x40&_nc_cat=107&ccb=1-7&_nc_sid=2d3e12&_nc_ohc=3acHwy39vjsQ7kNvwH3THr_&_nc_oc=Adowx25vhmKHu-6Afdq9aYmG1l0JS3S7TMNajVy3R13EoRRGFtS29Sab-Z_muDtLjtU&_nc_zt=24&_nc_ht=scontent-iad6-1.xx&_nc_gid=aSXcYR_b44sXW6DxEf60JQ&_nc_ss=7c2a8&oh=00_AQAfeUYLGQnp1L58cY77M7wLFcZ1mPr4ztdtbiq_MzJ27w&oe=6A5FB651","https://www.facebook.com/GeneralDannyLim","0","10156707969228456","Handang tumulong ang ating mga field personnel sa mga motoristang bumabyahe ngayon. Lumapit lang sa kanila para sa anumang assistance. Patuloy din nating mino-monitor ang sitwasyon sa mga kalsada at sa mga flood-prone areas para sa agarang response kung kailangan. #TisoyPH",,,"8",,,,"8","0","1575343313000","https://www.facebook.com/photo.php?fbid=10156707969228456&set=a.411453830351399&type=3"
"No photo description available.","10156707969128456","photo","https://www.facebook.com/photo/?fbid=10156707969128456&set=a.411453830351399",,,,,,,,,,,,,,,,,"100044603551767","General Danny Lim","https://scontent-iad6-1.xx.fbcdn.net/v/t39.30808-1/242435276_411453867018062_3097679470705114579_n.jpg?stp=cp0_dst-jpg_tt6&cstp=mx945x945&ctp=s40x40&_nc_cat=107&ccb=1-7&_nc_sid=2d3e12&_nc_ohc=3acHwy39vjsQ7kNvwH3THr_&_nc_oc=Adowx25vhmKHu-6Afdq9aYmG1l0JS3S7TMNajVy3R13EoRRGFtS29Sab-Z_muDtLjtU&_nc_zt=24&_nc_ht=scontent-iad6-1.xx&_nc_gid=aSXcYR_b44sXW6DxEf60JQ&_nc_ss=7c2a8&oh=00_AQAfeUYLGQnp1L58cY77M7wLFcZ1mPr4ztdtbiq_MzJ27w&oe=6A5FB651","https://www.facebook.com/GeneralDannyLim","0","10156707969128456","Handang tumulong ang ating mga field personnel sa mga motoristang bumabyahe ngayon. Lumapit lang sa kanila para sa anumang assistance. Patuloy din nating mino-monitor ang sitwasyon sa mga kalsada at sa mga flood-prone areas para sa agarang response kung kailangan. #TisoyPH",,,"12",,,,"12","0","1575343313000","https://www.facebook.com/photo.php?fbid=10156707969128456&set=a.411453830351399&type=3"
"No photo description available.","2432089827051355","photo","https://www.facebook.com/photo/?fbid=2432089827051355&set=a.473183491506861",,,,,,,,,,,,,,,,,"100064456431072","Pamahalaang Barangay Sta. Ana, Taytay, Rizal","https://scontent-iad6-1.xx.fbcdn.net/v/t39.30808-1/615559204_1315787573913111_6709049940981676637_n.jpg?stp=c211.211.578.578a_cp0_dst-jpg_tt6&cstp=mx578x578&ctp=s40x40&_nc_cat=100&ccb=1-7&_nc_sid=2d3e12&_nc_ohc=5BpX25xZouQQ7kNvwENO9dQ&_nc_oc=Adr3zOzY-RGF3-_WPNyk87p-2pv2sWPxBefTNTEkj42QfV-vasElFI3DCCfABmCipeY&_nc_zt=24&_nc_ht=scontent-iad6-1.xx&_nc_gid=aSXcYR_b44sXW6DxEf60JQ&_nc_ss=7c2a8&oh=00_AQDzt0VSUx7kQEbEyJAej53Uw2UXo0SY0mEnEmOVBI5W1w&oe=6A5FC39E","https://www.facebook.com/BarangayStaAnaTR","0","2432090033718001","Lagay ng Panahon mula sa Dost_pagasa:

SEVERE WEATHER BULLETIN #17
FOR: TYPHOON ""#TisoyPH"" (KAMMURI)
TROPICAL CYCLONE: WARNING
ISSUED AT 8:00 AM, 03 December 2019
(Valid for broadcast until the next bulletin to be issued at 11 AM today)

TYPHOON  ""TISOY"" MAINTAINS ITS STRENGTH AND IS NOW JUST OFF THE COAST OF BONDOC PENINSULA.

• The eyewall of “TISOY"" is currently bringing violent winds and heavy to intense rainfall over Southern Quezon, Marinduque, and Romblon. This eyewall is forecast to affect Cavite, Batangas and the northern portion of Mindoro Provinces within 3 hours.
• The eye is expected to make landfall or pass close to Marinduque-Simara Island-Banton Island area before noon. 

Heavy Rainfall Outlook
• Between morning and late afternoon today: Frequent to continuous heavy to intense rains over Bicol Region, Romblon, Marinduque, Mindoro Provinces, CALABARZON, Metro Manila, Bataan, Pampanga and Bulacan. Occasional to frequent heavy rains over the rest of Central Luzon. Intermittent heavy rains over Samar Provinces, Biliran, Aklan, Antique, Capiz, Iloilo, Guimaras, and the northern portions of Negros Provinces and Cebu.
• Between late afternoon today and tomorrow morning:  Frequent to continuous heavy (with isolated intense) rains over Mindoro Provinces, Metro Manila, Central Luzon, Rizal, and Northern Quezon including Polillo Islands. Occasional heavy rains over Cagayan Valley, Cordillera Administrative Region, Marinduque, Romblon and the rest of CALABARZON. Intermittent heavy rains over Bicol Region and Calamian Islands.
• Residents in the aforementioned areas, especially those living in areas identified to be highly or very highly susceptible to flooding and rain-induced landslides, are advised to take appropriate actions, coordinate with local disaster risk reduction and management offices, and continue monitoring for updates, especially the Thunderstorm or Rainfall Advisories and Heavy Rainfall Warnings to be issued by PAGASA Regional Services Divisions.

Other Hazards and Information
• Forecast storm surge: 2-3 meters over several coastal areas in Batangas, Mindoro Provinces, Marinduque, Romblon, Ticao and Burias Islands, and the southern coast of Southern Quezon; 1-2 meters over Camarines Norte, northern coast of Southern Quezon, Cavite, Metro Manila, Bulacan, Pampanga, Bataan, and Zambales (Subic Bay coastal areas). For more information, refer to Storm Surge Warning #7 issued at 5 AM today.
• Tropical Cyclone Wind Signals over Bohol, Siquijor, Southern Leyte, and the rest of Cebu, Negros Occidental and Negros Oriental are now lifted.
• Sea travel is risky, especially for small seacrafts, over the seaboards of areas under TCWS, the seaboards of Northern Luzon, the western seaboard of Palawan, and the northern and eastern seaboards of Mindanao due to rough sea conditions
• Gusty conditions may also be experienced in areas in Northern Luzon that are not under any TCWS (especially in the coastal and mountainous zones) due to the Northeast Monsoon.

Location of eye/center: At 7:00 AM today, the eye of Typhoon ""TISOY"" was located based on all available data at in the coastal waters of San Francisco, Quezon (13.1°N, 122.6°E).
Strength: Maximum sustained winds of up to 155 km/h near the center and gustiness of up to 235 km/h. 
Movement: Moving West at 20 km/h. 

Forecast Positions: 
• 24 Hour (Tomorrow morning): 210 km West Southwest of Subic, Zambales (14.1°N, 118.5°E)
• 48 Hour (Thursday morning): 595 km West of Subic, Zambales (OUTSIDE PAR) (14.5°N, 114.8°E)
• 72 Hour (Friday morning): 720 km West of Coron, Palawan (OUTSIDE PAR) (12.2°N, 113.6°E)

TROPICAL CYCLONE WIND SIGNAL
TCWS #3 (121-170 km/h winds prevailing or expected in 18 hours) 
Camarines Sur, Albay, Camarines Norte, Masbate including Ticao and Burias Islands, Romblon, southern portion of Quezon (Perez, Alabat, Quezon, Mauban, Sampaloc, Lucban, Tayabas, Pagbilao, Lucena, Sariaya, Candelaria, Dolores, Tiaong, San Antonio, Atimonan, Padre Burgos, Agdangan, Plaridel, Unisan, Pitogo, Gumaca,  Lopez, Macalelon, General Luna, Calauag, Catanauan, Guinayangan, Tagkawayan, Buenavista, Mulanay, San Narciso, San Francisco, San Andres), Marinduque, Oriental Mindoro, Occidental Mindoro including Lubang Island, Batangas, Cavite, and Laguna

TCWS #2 (61-120 km/h winds prevailing or expected in 24 hours) 
Catanduanes, Sorsogon, Metro Manila, Bulacan, Bataan, Tarlac, Pampanga, Nueva Ecija, southern Aurora (Dipaculao, Maria Aurora, Baler, San Luis, Dingalan), Rizal, rest of Quezon including Polillo Islands, Calamian Islands (Coron, Busuanga, Culion, Linapacan), Cuyo Islands (Cuyo, Magsaysay, Agutaya), Zambales, Pangasinan,
Northern Samar, Aklan, Capiz, Northern Antique (Caluya, Libertad, Pandan, Sebaste, Culasi, Tibiao), and Northern Iloilo (Carles, Balasan, Estancia, Btad, San Dionisio, Sara, Concepcion, Lemery)

TCWS #1 (30-60 km/h winds prevailing or expected in 36 hours) 
Southern Isabela (Palanan, Dinapigue, San Mariano, San Guillermo, Benito Soliven, Naguilian, Reina Mercedes, Luna, Aurora, Cabatuan, San Mateo, Cauayan City, Alicia, Angadanan, Ramon, San Isidro, Echague, Cordon, Santiago City, Jones and San Agustin), Mountain Province, Ifugao, Benguet, Nueva Vizcaya, Ilocos Sur, La Union, Quirino, rest of Aurora, northern portion of Palawan (El Nido, Taytay, Araceli, Dumaran), Eastern Samar, Samar, Biliran, northern Negros Oriental (Canlaon, Guihulngan, Vallerhermoso), northern Negros Occidental (Talisay, Calatrava, Silay, Enrique B. Magalona, Victorias, Manapla, Cadiz, Sagay, Escalante, Toboso, Bacolod, Murcia, Salvador Benedicto, San Carlos, Bago, Pulupandan, Valladolid, La Carlota, San Enrique, Pontevedra, La Castellana, Moises Padilla), Northern Cebu (Daanbantayan, Bantayan, Madridejos, Santa Fe, Medellin, Bogo City, San Remigio, Tabogon, Tabuelan, Tuburan, Carmen Borbon, Sogod, Catmon, Asturias, and Camotes Islands), rest of Antique, rest of Iloilo, Guimaras, and Leyte

The public and the disaster risk reduction and management council concerned are advised to take appropriate actions and watch for the next Severe Weather Bulletin to be issued at 11 AM today.",,,"17",,"3",,"20","0","1575334233000","https://www.facebook.com/BarangayStaAnaTR/posts/pfbid02ue1L9kfaHbZQk8XpRYnNKx8kf2qGKz66jfScBEhoNxs78myBXhotDNgcNCm8gsQ3l"
,,,,,,,,,,,,,,,,,,,,"100001689628922","Chris Chua","https://scontent-iad3-1.xx.fbcdn.net/v/t39.30808-1/409591134_7006739632725621_7698552698767048776_n.jpg?stp=c0.266.1536.1536a_cp0_dst-jpg_tt6&cstp=mx1536x1536&ctp=s24x24&_nc_cat=104&ccb=1-7&_nc_sid=e99d92&_nc_ohc=THYmucPciPsQ7kNvwHPeoDp&_nc_oc=AdoyYP-crsyvlnz8h_5ctxfL1cdBT3hjFgwRCy29b3qqaOGW2tGpQ_i5uU_Fg_BJffw&_nc_zt=24&_nc_ht=scontent-iad3-1.xx&_nc_gid=aSXcYR_b44sXW6DxEf60JQ&_nc_ss=7c2a8&oh=00_AQByO2Zzf69wYX7WFaMiVw0nWXvYIvmH_K9Mqlpt4wd9ZQ&oe=6A5F9FE5","https://www.facebook.com/chris.chua.180","0","1418715394944206","*** SELLING ***
#selling

3 SNAPCASTER MAGE  3,000 each

Thassa, God of the sea 1,000
Jin-Gitaxis, Core augur 500
Linvala, keeper of silence 1,100
4 Fatal push 1,000 set
Nether traitor 500
Ulamog, the infinite gyre 1,200
Void winnower 250
Apocalypse ( reserve list ) 200
Obliterate 150
Athreos, God of passage 800
4 Spell queller 2,200set 650 each
3 hangarback walker 600 each
3 flooded strand 900 each
3 windswepth heath 700 each
3 Polluted delta 1250 each
1 marsh flats 2000 each
1 annointed procession 700 each
1 necropotence 900 each
1 static orb 1,000
1 back to basics 400
1 winter orb 400
1 Teferi, Time raveler 1,000

Meet ups = OHS , MOA , MAKATI , Cash and Carry , Glorietta

SHIPPING ADD 200 PESOS LBC",,,,,,,"0","0","1575355392000","https://www.facebook.com/groups/213436638805427/permalink/1418715394944206/?sale_post_id=1418715394944206"
"No photo description available.","156249149047588","photo","https://www.facebook.com/photo.php?fbid=156249149047588&set=a.414820947331337&type=3","No photo description available.","156249172380919","photo","https://www.facebook.com/photo.php?fbid=156249172380919&set=a.414820947331337&type=3","No photo description available.","156249159047587","photo","https://www.facebook.com/photo.php?fbid=156249159047587&set=a.414820947331337&type=3","No photo description available.","156249202380916","photo","https://www.facebook.com/photo.php?fbid=156249202380916&set=a.414820947331337&type=3","No photo description available.","156249219047581","photo","https://www.facebook.com/photo.php?fbid=156249219047581&set=a.414820947331337&type=3","100064103046563","Real Time Properties PH","https://scontent-iad3-1.xx.fbcdn.net/v/t39.30808-1/329132887_936408507741147_9051985433265925660_n.jpg?stp=cp0_dst-jpg_tt6&cstp=mx960x955&ctp=s40x40&_nc_cat=101&ccb=1-7&_nc_sid=2d3e12&_nc_ohc=XlcaOs38DykQ7kNvwHXbHA0&_nc_oc=AdrlKYljTxZ24y_ybwIAyicTRW780JtgdPXxTja0Lm9Mps7dujO7X8pxOSgpIzc_ink&_nc_zt=24&_nc_ht=scontent-iad3-1.xx&_nc_gid=aSXcYR_b44sXW6DxEf60JQ&_nc_ss=7c2a8&oh=00_AQAnONhzq7qFnNmgjwC3L8YSTg5j6esENbYeZiJwD5A3Bg&oe=6A5FD220","https://www.facebook.com/rtpropertiesph","0","156250169047486","Affordable Ready for Occupancy in Antipolo !!

2 units only ! Hurry Reserve your slot now! INQUIRE NOW!

Lot Area: 119 sqm
Floor Area:43 sqm
Turnover: Standard Finish
Townhouse type cluster of 4 ,
End unit and Inner unit Available!
2BR , 1 T&B w/ carport

Landmark: 
📍KFC Tikling Ortigas extension 
📍Near San Beda College
📍SM Taytay
📍Taytay new market/tiangge
📍Manila East Medical Center
📍Taytay Church
📍Club Manila East Resort 
📍Bosay Resort
 
👍100% Flood Free
👍No Fault Line
👍Exclusive Subdivision 
👍1 ride To 3 Major access Road , 
(Taytay-Angono-Antipolo)
Accessible for Home owners only.
👍24/7 Transportation 

For Tripping appointment contact:
Jhoanna Liz Alentajan
FLI, In-house Sales Group

Call/Text:
Smart - 09303539490
Call/Text/Viber:
Globe - 09366366526
Landline - 757 3309

Or Click here 👇🏻👇🏻👇🏻 
https://m.facebook.com/rtpropertiesph/
https://m.facebook.com/qualityhomes999/
https://m.facebook.com/heyhey.jawo",,,,,,,"0","0","1575374969000","https://www.facebook.com/rtpropertiesph/posts/pfbid0QShooNm3WY4pBHqhABx9GQ4JXZMZKQbbwsdf8kdWwLPDXiPjFTxtX8RJDGK5e3yKl"
,,,,,,,,,,,,,,,,,,,,"100016552005016","An Ne","https://scontent-iad6-1.xx.fbcdn.net/v/t39.30808-1/748811521_2232627223965656_6944008139257383517_n.jpg?stp=cp0_dst-jpg_tt6&cstp=mx2048x2048&ctp=s24x24&_nc_cat=102&ccb=1-7&_nc_sid=e99d92&_nc_ohc=JJSujn37H7UQ7kNvwFEevhG&_nc_oc=AdobfEjKRe26r0dG8cvhWKm0Wv3iupC5qHVQO6N6cRxrmPT5SVfK222gnzB2JlsG4W4&_nc_zt=24&_nc_ht=scontent-iad6-1.xx&_nc_gid=aSXcYR_b44sXW6DxEf60JQ&_nc_ss=7c2a8&oh=00_AQCBShtKb0Izlnyr-uUi-InBcvfzG6atFhprf7MmmTqoMA&oe=6A5FB0ED","https://www.facebook.com/LIEANNE.ANNE","0","2551287061821585","Villa Zaragoza Bocaue Bulacan , near St. Paul college, IS Montesorri. and New Municipal Hall of Bocaue and at the front side of the largest dome in the world the Philippine Arena and 100 meters away from the Bocaue toll gate, flood free subdivision. Along Mcarthur highway, near market place and other commercial establishment like Mcdonalds, seven eleven, spa, gasoline station, Hospital and other schools.

Very Near to
•Dream waves Resort 
• Soon! SM Bocaue
• Philippine National Railroad
• NLEX Bocaue Tollgate
• St.Paul College
• Near Philippine Sports Arena (The World Largest Arena)
•15 minutes from Balintawak
•20 minutes from Monumento 
•20 minutes From SM North

Gusto mo b magkabahay sa Villa Zaragosa
Pm is the Key",,,,,,,,,"1575419388000","https://www.facebook.com/groups/tsabuynsell/permalink/2551287061821585/?sale_post_id=2551287061821585"
,,,,,,,,,,,,,,,,,,,,"100009351222385","Danica V Barrameda","https://scontent-iad6-1.xx.fbcdn.net/v/t1.6435-1/131267787_2854919568163056_4885809696350719928_n.jpg?stp=c42.0.400.400a_cp0_dst-jpg_tt6&cstp=mx400x400&ctp=s24x24&_nc_cat=107&ccb=1-7&_nc_sid=e99d92&_nc_ohc=B3yDOGkjHgYQ7kNvwH7P2YI&_nc_oc=AdokWQLAVqUnseBPaOi2ItmXS0H1zV9Kc-MWVUcZ4eXccC_pX0I6lIlTf_hM1baWoZQ&_nc_zt=24&_nc_ht=scontent-iad6-1.xx&_nc_gid=XQroM0IS_4ijUMbFsrynnw&_nc_ss=7c2a8&oh=00_AQCv0pmMGmIpXQEtoEPTUGLdMcx5H30Z-FXsRYBtvukt-Q&oe=6A816196","https://www.facebook.com/danilo.vergara.752","0","476311179672090","---PTP, Please delete if not allowed . Thank you so much

---For only  Php 5,300.00 per sqm with 20%DISCOUNT  

Promo Price extended until DECEMBER 07, 2019 --- can pay 5 years to 10 years ..

# first class community  # flood free  # landslide free  # with complete amenities   # near metropolis    # peace&secured place

TERMS OF PAYMENT: Cash or financing 

Available cuts:  150sqm, 170sqm, 200+sqm, 300+sqm, 400+sqm, 4,000+sqm, 7,000+ sqm, 31,000+ sqm...

✔ 15 mins away from Boso - Boso Church

✔ 18  mins away from Masungi Georeserve

✔ 25 mins away from Rizal Provincial Hospital System

✔ 29 mins away from De La Salle College of Antipolo

✔ 35 mins away from Robinsons Place Antipolo

✔ 40 mins away from Sta. Lucia Mall Cainta

For Assistance :  Please contact  -- 0918***347***3357 or simply PM me..Thank you…",,,,,,,"0","0","1575420248000","https://www.facebook.com/groups/122489755054236/permalink/476311179672090/?sale_post_id=476311179672090"
,,,,,,,,,,,,,,,,,,,,"100014907211125","Vince Seyer","https://scontent-iad6-1.xx.fbcdn.net/v/t39.30808-1/324073454_846046240023519_3871609166135384602_n.jpg?stp=cp0_dst-jpg_tt6&cstp=mx874x877&ctp=s24x24&_nc_cat=106&ccb=1-7&_nc_sid=e99d92&_nc_ohc=6BfE26MsP1YQ7kNvwEHhlcS&_nc_oc=Adqc3A4eJwp1v2BJGL8oWjWiPqXFL1WCK-EZ6pzuGTHVX-7Ti7akML1v3-ztFawcJGg&_nc_zt=24&_nc_ht=scontent-iad6-1.xx&_nc_gid=XQroM0IS_4ijUMbFsrynnw&_nc_ss=7c2a8&oh=00_AQBbBiI-5wasU45cW7V-nd9yx1zDUQND8Ug8urC0U1UBXQ&oe=6A5FB484","https://www.facebook.com/vincent.delosreyes.3990","0","736676320162760","📍𝐅𝐎𝐑 𝐒𝐀𝐋𝐄 𝐂𝐎𝐍𝐃𝐎 - 𝑷𝒓𝒆-𝒔𝒆𝒍𝒍𝒊𝒏𝒈

🏝 R i v e r P a r k P l a c e Mandaluyong

Location: Wayan St. corner Simeon St. Barangka Ilaya, Mandaluyong City

Available units:

Studio, 1-Bedroom, 2-Bedroom

Only 10,000 to reserve a unit

☑️Soon To Rise means affordable price for investment

☑️Affordable yet Quality Semi-Premiere Project

☑️4 Tower Residential Condominium

☑️Best Location At The Heart of Metro

☑️Lifetime/Perpertual Ownership

☑️Flood Free

☑️24/7 Security

☑️Available thru Bank/Pagibig Financing

☑️First Come First Serve

🏙Unit Investment Starts at;

📌Studio | Studio w/balcony

21.40 - 23.60sqm.

10-12K monthly

📌1BR | 1BR w/balcony

30.90 - 35.45sqm.

18-21K monthly

📌2BR Corner w/balcony

38.50 - 46.30sqm

22-27K monthly

☂️Work/Play Amenities:

👉Resident's Open Lounge

👉Swimming Pool with Wet Longe

👉Function Room

👉Kid's Play Area with Garden

👉Wellness Zone

☂️Nearby Establishments:

👉Robinsons Pioneer

👉Guadalupe Commercial Ctr

👉Power Plant Mall

🕹How to Reserve?

✔️Choose unit you desired

✔️Fill up Reservation Application

✔️1 Government Valid ID

✔️10K Cash/Check Reservation

""Take Advantage of Lower Price Market Value""

Mr. Vincent Delos Reyes

In-house Account Manager 💼",,,,,,,"0","0","1575345802000","https://www.facebook.com/groups/222359141594483/permalink/736676320162760/?sale_post_id=736676320162760"
,,,,,,,,,,,,,,,,,,,,"100000359042382","Anne Yunis Calleja","https://scontent-iad3-1.xx.fbcdn.net/v/t39.30808-1/666541748_26730257883236151_8510227237535186417_n.jpg?stp=cp0_dst-jpg_tt6&cstp=mx960x960&ctp=s24x24&_nc_cat=108&ccb=1-7&_nc_sid=e99d92&_nc_ohc=2EAfiuB5sIkQ7kNvwEmgreT&_nc_oc=AdqCzqnX8httxCbNbnM08KQRrMt9zJp7x3xMxvlfkcy-aAsdOFoj-8eq3hg-wAcWWQ4&_nc_zt=24&_nc_ht=scontent-iad3-1.xx&_nc_gid=XQroM0IS_4ijUMbFsrynnw&_nc_ss=7c2a8&oh=00_AQBRoOyKTCLLJjCUZtRb1L3Mh5_RAA82uXP3piyQG31uRw&oe=6A5F9DE9","https://www.facebook.com/yunisudesu","0","736595063504219","Mid-High Project in the Township of Ciudad de Calamba
📍Location: Montebello, Ciudad de Calamba, Brgy. Punta Calamba Laguna

Chopin with Balcony 
LOT AREA : 190 SQM & UP
FLOOR AREA : 189.80 SQM

✔️ Complete & Exclusive Amenities 
✔️ Flood Free Location 
✔️ Near SLEX
✔️ Inside Township 
✔️ Near Popular Landmarks (Palo Alto, Tagaytay Highlands, CPIP & More) 
✔️ Near Malls & Schools from Private & Public, Elem. to College (SM Calamba, Waltermart, National University, Lyceum of the Philippines & More) 
✔️ No faultline 
✔️ Future Development of Towncenter, Biggest Cathedral, & Leisure Parks in Township. 

👉Also Offering Ready for Occupancy & Preselling House and Lot Package, Lot Only, and Commercial Lot.

FREE TRIPPING DAILY
CONTACT :
ANNE EUNICE CALLEJA
SALES CONSULTANT 
+639452958150 (G)
+639294296759 (S)",,,,,,,"0","0","1575337881000","https://www.facebook.com/groups/222359141594483/permalink/736595063504219/?sale_post_id=736595063504219"
,,,,,,,,,,,,,,,,,,,,"100001613173225","Renz Joser Miral","https://scontent-iad6-1.xx.fbcdn.net/v/t39.30808-1/675146451_26686585074311903_107123830747727414_n.jpg?stp=cp0_dst-jpg_tt6&cstp=mx960x960&ctp=s24x24&_nc_cat=106&ccb=1-7&_nc_sid=1d2534&_nc_ohc=7lIXhNbkULgQ7kNvwE__bcT&_nc_oc=AdptAFRCb-qWd7zN3XfTJc--veTpBA-H1leWemkHMB8Ona3Y2WTr1i_Fr6HSB8-xFmY&_nc_zt=24&_nc_ht=scontent-iad6-1.xx&_nc_gid=XQroM0IS_4ijUMbFsrynnw&_nc_ss=7c2a8&oh=00_AQDzk4SnmhftutOpIaxfRKBqIALqTpc6XhpFkTXiHM5nVQ&oe=6A5FA7AF","https://www.facebook.com/renzjoser","0","736566703507055","House and lot for sale ! 
 Location at merville park subd. Paranaque 
Total Lot lot area : 800sqm 
 
Amenities:
1. House is fronting a Park.
2. Village Clubhouse
3. Nomads Sports Club
4. 15 minute drive to the Airport (NAIA) via C5 access rd. 
5. 15 minute drive to Makati via C5 access rd. 
6. Commcare Community Hospital in the neighborhood. 
7. Near groceries, mini marts inside the village. 
8. Schools inside the village
9. Cable TV, DSL, PLDT
10. Maynilad Water Supply
11. Peaceful & Secured Neighborhood
12. Flood-free

Price: 55m net
Pm for interested buyers",,,,,,,"0","0","1575334798000","https://www.facebook.com/groups/222359141594483/permalink/736566703507055/?sale_post_id=736566703507055"
,,,,,,,,,,,,,,,,,,,,"100005173488987","Aluca Vladimir","https://scontent-iad3-2.xx.fbcdn.net/v/t39.30808-1/272248338_1948585598657204_6113275210121760803_n.jpg?stp=cp0_dst-jpg_tt6&cstp=mx478x478&ctp=s24x24&_nc_cat=111&ccb=1-7&_nc_sid=1d2534&_nc_ohc=2B0YVp_aIkEQ7kNvwFhhqbY&_nc_oc=Adru5O5C_LAWoGgQW4NfeZJlelSpokpbdiExzlSiiYUN1rxAoLYBQARr_JCdqO36JeA&_nc_zt=24&_nc_ht=scontent-iad3-2.xx&_nc_gid=XQroM0IS_4ijUMbFsrynnw&_nc_ss=7c2a8&oh=00_AQAil7OquTYL5PFC6xW03at_NRtQKNGt-adBJRM4QQ_log&oe=6A5FC90F","https://www.facebook.com/DxDAlucard","0","2762568983795170","LINNEA SINGLE ATTACHED - HOUSE AND LOT FOR SALE

ALSO AVAILABLE:
-JASMINE DUPLEX
-JASMINE SINGLE ATTACHED
-TIERRA VISTA AYANA LANGKAAN CAVITE

PM ME For Details and FREE Site Viewing:
SMART - 09214344356
GLOBE - 09454021606

✔Along Arnaldo Hiway
✔from Vista Mall General Trias and City Mall
✔Near ALABANG via Open Canal - Daang Hari
✔Near IMUS & BACOOR
✔Near Manila via CAVITEX
✔1 ride to mall and schools
✔24/7 transportation
✔guarded community
✔with parks and playground ,clubhouse and basket ball court for your family bonding
✔100% FLOOD FREE
✔24/7 Security with Entrance Gate
✔Underground Drainage System
✔Meralco Power Supply",,,,,,,"0","0","1575442936000","https://www.facebook.com/groups/826960540689367/permalink/2762568983795170/?sale_post_id=2762568983795170"
,,,,,,,,,,,,,,,,,,,,"100000012658883","Eli Gayon","https://scontent-iad3-2.xx.fbcdn.net/v/t39.30808-1/498622404_24123135757270176_104537472421531371_n.jpg?stp=c0.0.649.650a_cp0_dst-jpg_tt6&cstp=mx649x650&ctp=s24x24&_nc_cat=111&ccb=1-7&_nc_sid=e99d92&_nc_ohc=U_9n3-QH5CgQ7kNvwF5nvAm&_nc_oc=AdocVFjBmyuswoagbkxe9ymCR1wu8NN61HdlAfim0r8s0uZ6co8XjiFdozf_2vP8ZZM&_nc_zt=24&_nc_ht=scontent-iad3-2.xx&_nc_gid=L2JhcxVcX2o4hmpzW9u6ng&_nc_ss=7c2a8&oh=00_AQDZNPaxYSZ6WwXG3D6FmKIED2JKfWWF5MN0cvhxWoiFpw&oe=6A5FC564","https://www.facebook.com/eligayon","0","1207756386076584","Amaia Skies Shaw Tower 2

Why choose Amaia skies Shaw Tower 2?

1. Easy to own
2. Affordable monthly
3. In Prime location
4. Lifetime ownership
5. With elegant concept and design
6. High rental rate/for rental business
7. Basic requirements needed

 AMAIA SKIES SHAW TOWER 2
Address: Located at Shaw Blvd Cor Samat Street, Mandaluyong( near Edsa MRT Shaw Blvd)

MONTHLY STARTS AT 8K!!!
Status: Pre-selling

SPECIAL MONTHLY 8k PER MONTH 

 For as low as 8,000 month
 Flexible Payment Terms 
 No Spot Cash Down Payment
 20k Reservation Fee is Payable in ( CASH / CREDIT CARD / PDC)
 0% interest Rate For 55 Months
 NO HIDDEN CHARGES
 HIGH QUALITY
 SPACIOUS
 VERY AFFORDABLE
 LIFETIME OWNERSHIP
 EARTHQUAKE RESISTANCE
 FLOOD FREE AREA",,,,,,,"0","0","1575421062000","https://www.facebook.com/groups/businessgalore/permalink/1207756386076584/?sale_post_id=1207756386076584"
,,,,,,,,,,,,,,,,,,,,"100005173488987","Aluca Vladimir","https://scontent-iad3-2.xx.fbcdn.net/v/t39.30808-1/272248338_1948585598657204_6113275210121760803_n.jpg?stp=cp0_dst-jpg_tt6&cstp=mx478x478&ctp=s24x24&_nc_cat=111&ccb=1-7&_nc_sid=1d2534&_nc_ohc=2B0YVp_aIkEQ7kNvwFhhqbY&_nc_oc=Adru5O5C_LAWoGgQW4NfeZJlelSpokpbdiExzlSiiYUN1rxAoLYBQARr_JCdqO36JeA&_nc_zt=24&_nc_ht=scontent-iad3-2.xx&_nc_gid=L2JhcxVcX2o4hmpzW9u6ng&_nc_ss=7c2a8&oh=00_AQCsTZcYRPi3Lj5KloxVJKacC0p1jV27_yhdWfMvO9Ft9Q&oe=6A5FC90F","https://www.facebook.com/DxDAlucard","0","2761120053940063","LINNEA SINGLE ATTACHED - HOUSE AND LOT FOR SALE

ALSO AVAILABLE:
-JASMINE DUPLEX
-JASMINE SINGLE ATTACHED
-TIERRA VISTA AYANA LANGKAAN CAVITE

PM ME For Details and FREE Site Viewing:
SMART - 09214344356
GLOBE - 09454021606

✔Along Arnaldo Hiway
✔from Vista Mall General Trias and City Mall
✔Near ALABANG via Open Canal - Daang Hari
✔Near IMUS & BACOOR
✔Near Manila via CAVITEX
✔1 ride to mall and schools
✔24/7 transportation
✔guarded community
✔with parks and playground ,clubhouse and basket ball court for your family bonding
✔100% FLOOD FREE
✔24/7 Security with Entrance Gate
✔Underground Drainage System
✔Meralco Power Supply Less",,,,,,,"0","0","1575385970000","https://www.facebook.com/groups/826960540689367/permalink/2761120053940063/?sale_post_id=2761120053940063"
"No photo description available.","1768156416642784","photo","https://www.facebook.com/photo.php?fbid=1768156416642784&set=gm.2496141407271500&type=3","No photo description available.","1768156496642776","photo","https://www.facebook.com/photo.php?fbid=1768156496642776&set=gm.2496141407271500&type=3","No photo description available.","1768156549976104","photo","https://www.facebook.com/photo.php?fbid=1768156549976104&set=gm.2496141407271500&type=3","No photo description available.","1768156593309433","photo","https://www.facebook.com/photo.php?fbid=1768156593309433&set=gm.2496141407271500&type=3","No photo description available.","1768156636642762","photo","https://www.facebook.com/photo.php?fbid=1768156636642762&set=gm.2496141407271500&type=3","100003453295848","Joyce Melitante","https://scontent-iad3-2.xx.fbcdn.net/v/t1.6435-1/123968461_2539478006177284_5824128953974466023_n.jpg?stp=cp0_dst-jpg_tt6&cstp=mx720x721&ctp=s24x24&_nc_cat=111&ccb=1-7&_nc_sid=e99d92&_nc_ohc=k3EOoughMsUQ7kNvwE3VEi4&_nc_oc=Adq2sWCPiy4RoMM9cQoB5wJyS8L36pRNqyYeFOsMN3QQjhzleJuOE7lafu29ZCGQ-zA&_nc_zt=24&_nc_ht=scontent-iad3-2.xx&_nc_gid=L2JhcxVcX2o4hmpzW9u6ng&_nc_ss=7c2a8&oh=00_AQByQWJmXNYRLmJd2Edsx5WTdjKj3KtXiRnMLrT2qzQbCA&oe=6A813DCB","https://www.facebook.com/joyce.santiago.1614","0","2496141407271500","HEADS UP‼️ 
📢📢PROMO‼️PROMO‼️PROMO‼️📢📢
 
🍀SECTOR 4 - IS  NOW OPEN‼️
HOT SELLING ‼BY AYALA LAND ✔
♨️TAKE ADVANTAGE WHILE IT'S HOT♨️

RESERVATION  FEE FOR AS LOW AS 25K✔

🏠10% SPOT DOWNPAYMENT  or  12 to 24 MONTHS INSTALLMENT  (NO INTEREST)🏠
90%  BALANCE BANK FINANCING ONLY ✔

🏡 Amaia Series Novaliches Affordable & Quality a townhouse project right at the heart of Amaia Novaliches Estate, Quezon City.

➡️Strategically located at Brgy. San Agustin Novaliches Quezon City 

🏡 Feel safe knowing that our community is managed by AYALA PROPERTY MANAGEMENT CORPORATION.

✔GATED COMMUNITY WITH FULLY
SECURED 
✔COMPLETE AMENITIES
✔QUALITY House and Lot 
✔FLOOD FREE‼️
❌NO HIDDEN CHARGES✅
🔰TRANSPARENT COMPUTATION 
👍Trusted Developer - AYALA LAND✅

🏡No. of residential units:
♐️Sector 1 - 286  UNITS(SOLD OUT)✔
♐️Sector 2 - 220 UNITS ( 2 END UNITS)✔
♐️Sector 3A - 74  UNITS(FEW UNITS LEFT)✔
♐️Sector 3B - 96 UNITS (FEW UNITS LEFT)✔
♐️SECTOR 4- (open soon )✔ for announcement.

Turn-over Date:
➡️Sector 1 – RFO
➡️Sector 2 – Turnover starts 4Q’19
➡️Sector 3– Turnover starts 4Q’20 & 4Q'2021

HLURB LTS NO.: ENCR-014-28582

Amaia Series 🏡PRIMA UNIT🏡
➡️“🏖Team: Modern design with 4 & 6 Series 
➡️Lot area: 50 sqm – 143 sqm
➡️Lot area: 56 sqm – 61 sqm

☑️2 STOREY 
☑️3 BEDROOM 
☑️1 TOILET & BATH 
☑️CARPORT AREA
☑️SERVICE AREA
☑️PORCH AREA
☑️KITCHEN AND SINK W/FOOT CABINETS
☑️Provision for another toilet & Bath  or maids room. 

🏡INNER UNIT(  starts @ 3.5M)♦️
Lot Area: 51sqm to 55sqm
Floor Area: 56sqm 

🏡END UNIT start @ (4.9 to 5.5M)✔
Floor Area: 59sqm to 61sqm 
Lot Area : 71 sqm and up

🏡CORNER or END- starts @ (6M to 8.2M)✔
(Floor Area: 61sqm
Lot Area : 82 sqm and up

OWN A HOUSE AND LOT @
AMAIA SERIES NOVALICHES QUEZON CITY 

♐️🚘🛵 🚙 🚌 24/7 transportation
-Accessible near school,church,hospital,mall, market,terminal and nearby establishment:
(SM Nova, SM Fairview, Nova Bayan, Robinson, almar, Zabarte Mall, Puregold,etc.)

♐️🔜 they will open friendship road going to North Olympus, Urduja ,Fairview and Commonwealth

♐️🔜Soon 41 commercial establishment will rise inside of the vicinity. (AMAIA SQUARE NOVA)

Accessible through:
📕NLEX thru Manila exit Mindanao avenue link
📗From Caloocan through Camarin and Zabarte Road
📘From Mindanao and Commonwealth Avenue
📙Accessible through different modes of transportation such as jeepneys and tricycles
📚Near educational institutions such as La Consolacion College / STI  College
♻️Near Sm Fairview, Robinson,Fairview Terraces and Sm Novaliches

Amenities: 
🍀24/7 Secured(with Roving Guard)
🍀Village Pavilion
🍀Swimming Pool
🍀Basketball Court
🍀Children Play Area
🍀Landscaped Areas
😀Jogging Loop

💰 TO ALL INVESTOR'S👩‍🏫👨‍✈️👩‍🏫👨‍💼👷‍♀️👩‍🍳👩‍🚀👰👨‍👩‍👧‍👦
🔰COME AND RESERVE YOUR DESIRE UNIT🔰
✍️✍️GET ON THE SPOT PROMOS HUGE DISCOUNT FOR SPOT CASH BUYER ✔️👍

💶GOOD INVESTMENT 💰💵💸
♐️BEAT THE ORIGINAL PRICE BEFORE PRICE INCREASE ‼️ 💦  SAVE AS MUCH 500K💦

❌ STOP RENTING ❌
Why RENT? When you can OWN!

🔹Local & International Client are Welcome👋

🏡PEACEFUL & QUIET COMMUNITY 
VISIT TO APPRECIATE & DECIDE LATER 🏡

~💫💶EVEN IF YOU ARE BASED ON ABROAD YOU CAN STILL PURCHASE UNIT FROM US 
AND I CAN ASSIST YOU ON ALL YOUR INQUIRIES~ 

WHY RESERVE EARLY❓
• 🔶The prices for the pre-selling units are usually discounted and lowest, especially if the response during the Selling is positive. Furthermore you get to choose from the best units that are available 

👩‍🏫👨‍💻For more details and sample computation please private message us your ⌨️📱

✍️Name: 
📱Contact Number 
📧Email: 

AVAILABL FOR 5 YRS TO 20 YEARS TO PAY✔

""DON'T WORRY I WILL HELP YOU WITH YOUR BANK LOAN""👍👍👍

How to purchase a your desire unit? 
Just Bring: 
✔VALID ID 
✔ 25K Reservation Fee
♦️25,000.00 Reservation Fee✅
Thru cash or check♦️
✔PROOF OF BILLING 
✔COE or (atleast 1 month payslip)
MODEL UNIT VIEWING (8am to 5pm)

For Reservation & Proper Scheduling of Site Visit:
📲Call/SMS/GLOBE/VIBER/whatsApp/LINE-
📞☎️09061500427
MS.JOYCE
Look for Ms.Joyce Melitante
In-House Sales Manager
Amaia Land Corp.

OR Direct message me thru my messenger.
AYALA LAND✅
Thank you 🙏💕 🙂 

📒Reminders: For your hassle Free and for your security purposes, walk-in clients are not allowed to enter the residential premises without an authorized seller of Amaia . Thank You!🤝✍️📋

✔️AMAIA SERIES #TOWNHOUSE 🗝🏠🏠🏠
✔️AMAIA STEPS #MID RISE CONDO 🔑🏢🏢✔️AMAIA SKIES  #HIGHRISECONDO 🔑🏢🏢
✔️AMAIA SQUARE #COMMERCIAL 🗝🌆🌆

♐️OTHER PROJECTS &  LOCATION:
#COMMERCIAL/#RESIDENTIAL‼️
🏢Amaia Square Nova  (RFO)
👉📌Susano road Brgy. San Agustin Caloocan City

#MIDRISE #CONDO‼️
🏢Amaia Steps #Altaraza (RFO)
👉📌Quirino Highway corner Governor F. Halili Avenue San Jose Del Monte Bulacan

🏢Amaia Steps #Novaliches (RFO)
👉📌Susano road Brgy. San Agustin Caloocan City

🏢 Amaia Steps #Pasig (RFO/Pre-selling)
👉📌Eusebio St. Brgy. San Manuel Pasig City

🏢 Amaia Steps #Sucat (RFO & Pre-selling)
👉📌Dr. A Santos Avenue Brgy. San Antonio Paranaque City

🏢 Amaia Steps #Bicutan (RFO)
👉📌West Service Rpad corner Sun Valley Drive Brgy. Sun Valley Paranaque City

🏢 Amaia Steps #Alabang (RFO/Pre-selling)
👉📌Alabang Zapote Road, Almanza Uno Las Pinas city

🏢Amaia Steps #Parkway Nuvali
👉📌Evolving Parkway corner West Conservation Avenue Nuvali Canlubang Calamba City

#HIGHRISECONDO‼️

🏢Amaia Skies #Cubao (Tower 1& 2)
👉📌Edsa corner P. Tuazon Avenue Brgy. Socorro cubao Quezon City

🏢Amaia Skies #Shaw (T1-RFO & T-2 Pre-selling)
👉📌Shaw Blvd. corner Samat St. Brgy. Highway Hills Mandaluyong City.

🏢 Amaia Skies #Sta.#Mesa (RFO)
👉📌Valenzuela St. corner V. Mapa Boulevard Sta. Mesa Manila

🏢 Amaia Skies #Avenida (RFO)
👉📌Doroteo Jose St. corner Tomas Mapua St. Sta. Cruz Manila

#TOWNHOUSE #SERIES‼️
🏡 Amaia Series #Novaliches (Pre-selling/Few units Left)
👉📌Susano road Brgy. San Agustin Novaliches Quezon City

🏡 Amaia Series #Vermosa (Pre-selling)
👉📌Patindig Araw Imus Cavite

#HOUSE #AND #LOT ‼️
🏡Amaia Scapes #Bulacan
👉📌Brgy,. Manggahan and Sta Cruz Sta Maria Bulacan

🏡Amaia Scapes #Binangonan
👉📌Brgy,.Tatala, Binangonan, Rizal

🏡Amaia Scapes #Cabanatuan
👉📌NE Aurora Road, Bangad Cabanatuan City Nueva Ecija

🏡Amaia Scapes #Capas
👉📌Mac Arthur highway, Brgy Estrada Capas Tarlac

🏡Amaia Scapes #Urdaneta
👉📌Urdaneta-Calasiao Road, Urdaneta City Pangasinan

🏡Amaia Scapes #San #Fernando
👉📌New Barrio Road, Brgy. Calulut & Baliti city of San Fernando, Pampanga

🏡Amaia Scapes #Pampanga
👉📌Magalang, Angeles Road Brgy Sapang Maisac Mexico Pampanga

🏡Amaia Scapes #General #Trias
👉📌Arnaldo Highway, Brgy Santiago General Trias Cavite

🏡Amaia Scapes #Trece #Martires
👉📌Brgy,Conchu Trece Martires City Cavite

🏡Amaia Scapes #Cabuyao
👉📌Brgy,. Marinig Cabuyao, Laguna

🏡Amaia Scapes #San #Pablo
👉📌Brgy,. San Lucas 2 San Pablo City

🏡Amaia Scapes #Laguna
👉📌Brgy,. Barandal Calamba, Laguna

🏡Amaia Scapes #Iloilo
👉📌Brgy. San Jose, San Miguel, Iloilo.

🏡Amaia Scapes #North #Point
👉📌Brgy,. Zone 15, Talisay City, Negros Occidental

🏡Amaia Scapes #Bauan
👉📌Bauan-Batangas Provincial Road, Brgy As-is Bauan Batangas

🏡Amaia Scapes #Lipa
👉📌Santo Tomas-Lipa Rd. (Mahogany Rd.) Bgy. Dagatan, Lipa City, Batangas.

🏡Amaia Scapes #Lucena
👉📌Brgy Canlurang, Isabang and Ilayang Talim Lucena City Quezon 

HOW TO AVAIL AND GET THE LATEST PROMO and For Faster Transaction. 👉👉✅✅
Kindly PM as your: 
EXAMPLE 
Fullname:  JUAN DELA CRUZ
Contact Details: 09061500427
Email: amaialand@yahoo.com
RFO OR PRESELLING: RFO 
Project:  CONDO 
Desire Location : CUBAO 
Monthly Budget for your unit: 17,000/ month.

🏡PEACEFUL & QUIET COMMUNITY 
VISIT TO APPRECIATE & DECIDE LATER 🏡

🔹Local & International Client are Welcome👋

~💫💶EVEN IF YOU ARE BASED ON ABROAD YOU CAN STILL PURCHASE UNIT FROM US 
AND I CAN ASSIST YOU ON ALL YOUR INQUIRIES~ 

NO TO BOGUS BUYER.✅
NOTE PM IS THE KEY🔑🔑🔑 T.Y. 

𝐁𝐔𝐘 𝐘𝐎𝐔𝐑𝐒 𝐍𝐎𝐖!!!
👩🏻👩‍🏫👨‍💻For inquiries, site tripping and reservation or 
direct message me thru messenger
Or also you can Direct text or call me @ 
📱 SMS, VIBER/WHATSAPP:
📲0906-1500-427
👩🏻♐️Ms. JOYCE 
AMAIA LAND CORP 

🔰Reminders: For hassle Free and for security purposes, walk-in clients are not allowed to enter the residential premises without an authorized agent.

🔰Don't be a Victim of Scams, Be safe. Protect your investment. 
Always deal with me, the company and authorized licensed sales person.

THANK YOU AND GODBLESS❗️

#ForsalehouseandlotamaiaSeriesNovalichesquezoncity👍
#houseadlotnovalichesquezocity
#amaiatownhouse #2storeytownhouseinquezoncity
#3BR2storeytownhouseinquezoncity
#3Bedroomhouseandlotnearnovabayan
#townhousenearnovabayan
#houseandlotnearsmfairview
#houseandlotnearfairviewterrace
#houseandlotnearzabarte
#houseandlotnearrobinson
#houseandlotnearsmnovaliches
#presellinghouseandlotquezoncity
#
#forsalehouseandlotquezoncity
#townhousefloodfreequezoncity
#renttowntownhouseamaiaseriesnovaliches
#amaiaseriesnovalichesquezoncity
#amaiaseriesnovaliches09061500427
#AltarazasanjosedelmonteBulacancondo
#NuvaliLagunacondo
#ShawMandaluyongcondo
#Cubaocond #StaMesacondo
#Avenidacondo #Pasigcondo 
#Bicutancondo #sucatcondo
#Novalichescondo #Alabangcondo

AYALA LAND✅",,,,,,,"0","0","1575494392000","https://www.facebook.com/groups/1473743926177925/permalink/2496141407271500/"
"No photo description available.","2465955756866867","photo","https://www.facebook.com/photo.php?fbid=2465955756866867&set=gm.2550430471857520&type=3","No photo description available.","2465955853533524","photo","https://www.facebook.com/photo.php?fbid=2465955853533524&set=gm.2550430471857520&type=3","No photo description available.","2465955913533518","photo","https://www.facebook.com/photo.php?fbid=2465955913533518&set=gm.2550430471857520&type=3","No photo description available.","2465955996866843","photo","https://www.facebook.com/photo.php?fbid=2465955996866843&set=gm.2550430471857520&type=3","No photo description available.","2465956056866837","photo","https://www.facebook.com/photo.php?fbid=2465956056866837&set=gm.2550430471857520&type=3","100081020629909","Amaia land House and Lot and Condominium","https://scontent-iad3-2.xx.fbcdn.net/v/t39.30808-1/327059942_1402228393855888_8660748563022188679_n.jpg?stp=cp0_dst-jpg_tt6&cstp=mx1080x1080&ctp=s24x24&_nc_cat=111&ccb=1-7&_nc_sid=2d3e12&_nc_ohc=tRwlr8HKLM8Q7kNvwF187si&_nc_oc=Adq04E3zniwRsyjyJo0DTQGouiOVi9YKea6cyLhTmMaM9Xc64_cN8EaBx-O8ZTTw0kg&_nc_zt=24&_nc_ht=scontent-iad3-2.xx&_nc_gid=L2JhcxVcX2o4hmpzW9u6ng&_nc_ss=7c2a8&oh=00_AQBD9AHI4Uw4X4kJqgubIRST6f4otUQdcE2_DF3dtVrOFw&oe=6A5FCEE9","https://www.facebook.com/amaiajoyce13","0","2550430471857520","HEADS UP‼️ 
📢📢PROMO‼️PROMO‼️PROMO‼️📢📢
 
🍀SECTOR 4 - IS  NOW OPEN‼️
HOT SELLING ‼BY AYALA LAND ✔
♨️TAKE ADVANTAGE WHILE IT'S HOT♨️

RESERVATION  FEE FOR AS LOW AS 25K✔

🏠10% SPOT DOWNPAYMENT  or  12 to 24 MONTHS INSTALLMENT  (NO INTEREST)🏠
90%  BALANCE BANK FINANCING ONLY ✔

🏡 Amaia Series Novaliches Affordable & Quality a townhouse project right at the heart of Amaia Novaliches Estate, Quezon City.

➡️Strategically located at Brgy. San Agustin Novaliches Quezon City 

🏡 Feel safe knowing that our community is managed by AYALA PROPERTY MANAGEMENT CORPORATION.

✔GATED COMMUNITY WITH FULLY
SECURED 
✔COMPLETE AMENITIES
✔QUALITY House and Lot 
✔FLOOD FREE‼️
❌NO HIDDEN CHARGES✅
🔰TRANSPARENT COMPUTATION 
👍Trusted Developer - AYALA LAND✅

🏡No. of residential units:
♐️Sector 1 - 286  UNITS(SOLD OUT)✔
♐️Sector 2 - 220 UNITS ( 2 END UNITS)✔
♐️Sector 3A - 74  UNITS(FEW UNITS LEFT)✔
♐️Sector 3B - 96 UNITS (FEW UNITS LEFT)✔
♐️SECTOR 4- (open soon )✔ for announcement.

Turn-over Date:
➡️Sector 1 – RFO
➡️Sector 2 – Turnover starts 4Q’19
➡️Sector 3– Turnover starts 4Q’20 & 4Q'2021

HLURB LTS NO.: ENCR-014-28582

Amaia Series 🏡PRIMA UNIT🏡
➡️“🏖Team: Modern design with 4 & 6 Series 
➡️Lot area: 50 sqm – 143 sqm
➡️Lot area: 56 sqm – 61 sqm

☑️2 STOREY 
☑️3 BEDROOM 
☑️1 TOILET & BATH 
☑️CARPORT AREA
☑️SERVICE AREA
☑️PORCH AREA
☑️KITCHEN AND SINK W/FOOT CABINETS
☑️Provision for another toilet & Bath  or maids room. 

🏡INNER UNIT(  starts @ 3.5M)♦️
Lot Area: 51sqm to 55sqm
Floor Area: 56sqm 

🏡END UNIT start @ (4.9 to 5.5M)✔
Floor Area: 59sqm to 61sqm 
Lot Area : 71 sqm and up

🏡CORNER or END- starts @ (6M to 8.2M)✔
(Floor Area: 61sqm
Lot Area : 82 sqm and up

OWN A HOUSE AND LOT @
AMAIA SERIES NOVALICHES QUEZON CITY 

♐️🚘🛵 🚙 🚌 24/7 transportation
-Accessible near school,church,hospital,mall, market,terminal and nearby establishment:
(SM Nova, SM Fairview, Nova Bayan, Robinson, almar, Zabarte Mall, Puregold,etc.)

♐️🔜 they will open friendship road going to North Olympus, Urduja ,Fairview and Commonwealth

♐️🔜Soon 41 commercial establishment will rise inside of the vicinity. (AMAIA SQUARE NOVA)

Accessible through:
📕NLEX thru Manila exit Mindanao avenue link
📗From Caloocan through Camarin and Zabarte Road
📘From Mindanao and Commonwealth Avenue
📙Accessible through different modes of transportation such as jeepneys and tricycles
📚Near educational institutions such as La Consolacion College / STI  College
♻️Near Sm Fairview, Robinson,Fairview Terraces and Sm Novaliches

Amenities: 
🍀24/7 Secured(with Roving Guard)
🍀Village Pavilion
🍀Swimming Pool
🍀Basketball Court
🍀Children Play Area
🍀Landscaped Areas
😀Jogging Loop

💰 TO ALL INVESTOR'S👩‍🏫👨‍✈️👩‍🏫👨‍💼👷‍♀️👩‍🍳👩‍🚀👰👨‍👩‍👧‍👦
🔰COME AND RESERVE YOUR DESIRE UNIT🔰
✍️✍️GET ON THE SPOT PROMOS HUGE DISCOUNT FOR SPOT CASH BUYER ✔️👍

💶GOOD INVESTMENT 💰💵💸
♐️BEAT THE ORIGINAL PRICE BEFORE PRICE INCREASE ‼️ 💦  SAVE AS MUCH 500K💦

❌ STOP RENTING ❌
Why RENT? When you can OWN!

🔹Local & International Client are Welcome👋

🏡PEACEFUL & QUIET COMMUNITY 
VISIT TO APPRECIATE & DECIDE LATER 🏡

~💫💶EVEN IF YOU ARE BASED ON ABROAD YOU CAN STILL PURCHASE UNIT FROM US 
AND I CAN ASSIST YOU ON ALL YOUR INQUIRIES~ 

WHY RESERVE EARLY❓
• 🔶The prices for the pre-selling units are usually discounted and lowest, especially if the response during the Selling is positive. Furthermore you get to choose from the best units that are available 

👩‍🏫👨‍💻For more details and sample computation please private message us your ⌨️📱

✍️Name: 
📱Contact Number 
📧Email: 

AVAILABL FOR 5 YRS TO 20 YEARS TO PAY✔

""DON'T WORRY I WILL HELP YOU WITH YOUR BANK LOAN""👍👍👍

How to purchase a your desire unit? 
Just Bring: 
✔VALID ID 
✔ 25K Reservation Fee
♦️25,000.00 Reservation Fee✅
Thru cash or check♦️
✔PROOF OF BILLING 
✔COE or (atleast 1 month payslip)
MODEL UNIT VIEWING (8am to 5pm)

For Reservation & Proper Scheduling of Site Visit:
📲Call/SMS/GLOBE/VIBER/whatsApp/LINE-
📞☎️09061500427
MS.JOYCE
Look for Ms.Joyce Melitante
In-House Sales Manager
Amaia Land Corp.

OR Direct message me thru my messenger.
AYALA LAND✅
Thank you 🙏💕 🙂 

📒Reminders: For your hassle Free and for your security purposes, walk-in clients are not allowed to enter the residential premises without an authorized seller of Amaia . Thank You!🤝✍️📋

✔️AMAIA SERIES #TOWNHOUSE 🗝🏠🏠🏠
✔️AMAIA STEPS #MID RISE CONDO 🔑🏢🏢✔️AMAIA SKIES  #HIGHRISECONDO 🔑🏢🏢
✔️AMAIA SQUARE #COMMERCIAL 🗝🌆🌆

♐️OTHER PROJECTS &  LOCATION:
#COMMERCIAL/#RESIDENTIAL‼️
🏢Amaia Square Nova  (RFO)
👉📌Susano road Brgy. San Agustin Caloocan City

#MIDRISE #CONDO‼️
🏢Amaia Steps #Altaraza (RFO)
👉📌Quirino Highway corner Governor F. Halili Avenue San Jose Del Monte Bulacan

🏢Amaia Steps #Novaliches (RFO)
👉📌Susano road Brgy. San Agustin Caloocan City

🏢 Amaia Steps #Pasig (RFO/Pre-selling)
👉📌Eusebio St. Brgy. San Manuel Pasig City

🏢 Amaia Steps #Sucat (RFO & Pre-selling)
👉📌Dr. A Santos Avenue Brgy. San Antonio Paranaque City

🏢 Amaia Steps #Bicutan (RFO)
👉📌West Service Rpad corner Sun Valley Drive Brgy. Sun Valley Paranaque City

🏢 Amaia Steps #Alabang (RFO/Pre-selling)
👉📌Alabang Zapote Road, Almanza Uno Las Pinas city

🏢Amaia Steps #Parkway Nuvali
👉📌Evolving Parkway corner West Conservation Avenue Nuvali Canlubang Calamba City

#HIGHRISECONDO‼️

🏢Amaia Skies #Cubao (Tower 1& 2)
👉📌Edsa corner P. Tuazon Avenue Brgy. Socorro cubao Quezon City

🏢Amaia Skies #Shaw (T1-RFO & T-2 Pre-selling)
👉📌Shaw Blvd. corner Samat St. Brgy. Highway Hills Mandaluyong City.

🏢 Amaia Skies #Sta.#Mesa (RFO)
👉📌Valenzuela St. corner V. Mapa Boulevard Sta. Mesa Manila

🏢 Amaia Skies #Avenida (RFO)
👉📌Doroteo Jose St. corner Tomas Mapua St. Sta. Cruz Manila

#TOWNHOUSE #SERIES‼️
🏡 Amaia Series #Novaliches (Pre-selling/Few units Left)
👉📌Susano road Brgy. San Agustin Novaliches Quezon City

🏡 Amaia Series #Vermosa (Pre-selling)
👉📌Patindig Araw Imus Cavite

#HOUSE #AND #LOT ‼️
🏡Amaia Scapes #Bulacan
👉📌Brgy,. Manggahan and Sta Cruz Sta Maria Bulacan

🏡Amaia Scapes #Binangonan
👉📌Brgy,.Tatala, Binangonan, Rizal

🏡Amaia Scapes #Cabanatuan
👉📌NE Aurora Road, Bangad Cabanatuan City Nueva Ecija

🏡Amaia Scapes #Capas
👉📌Mac Arthur highway, Brgy Estrada Capas Tarlac

🏡Amaia Scapes #Urdaneta
👉📌Urdaneta-Calasiao Road, Urdaneta City Pangasinan

🏡Amaia Scapes #San #Fernando
👉📌New Barrio Road, Brgy. Calulut & Baliti city of San Fernando, Pampanga

🏡Amaia Scapes #Pampanga
👉📌Magalang, Angeles Road Brgy Sapang Maisac Mexico Pampanga

🏡Amaia Scapes #General #Trias
👉📌Arnaldo Highway, Brgy Santiago General Trias Cavite

🏡Amaia Scapes #Trece #Martires
👉📌Brgy,Conchu Trece Martires City Cavite

🏡Amaia Scapes #Cabuyao
👉📌Brgy,. Marinig Cabuyao, Laguna

🏡Amaia Scapes #San #Pablo
👉📌Brgy,. San Lucas 2 San Pablo City

🏡Amaia Scapes #Laguna
👉📌Brgy,. Barandal Calamba, Laguna

🏡Amaia Scapes #Iloilo
👉📌Brgy. San Jose, San Miguel, Iloilo.

🏡Amaia Scapes #North #Point
👉📌Brgy,. Zone 15, Talisay City, Negros Occidental

🏡Amaia Scapes #Bauan
👉📌Bauan-Batangas Provincial Road, Brgy As-is Bauan Batangas

🏡Amaia Scapes #Lipa
👉📌Santo Tomas-Lipa Rd. (Mahogany Rd.) Bgy. Dagatan, Lipa City, Batangas.

🏡Amaia Scapes #Lucena
👉📌Brgy Canlurang, Isabang and Ilayang Talim Lucena City Quezon 

HOW TO AVAIL AND GET THE LATEST PROMO and For Faster Transaction. 👉👉✅✅
Kindly PM as your: 
EXAMPLE 
Fullname:  JUAN DELA CRUZ
Contact Details: 09061500427
Email: amaialand@yahoo.com
RFO OR PRESELLING: RFO 
Project:  CONDO 
Desire Location : CUBAO 
Monthly Budget for your unit: 17,000/ month.

🏡PEACEFUL & QUIET COMMUNITY 
VISIT TO APPRECIATE & DECIDE LATER 🏡

🔹Local & International Client are Welcome👋

~💫💶EVEN IF YOU ARE BASED ON ABROAD YOU CAN STILL PURCHASE UNIT FROM US 
AND I CAN ASSIST YOU ON ALL YOUR INQUIRIES~ 

NO TO BOGUS BUYER.✅
NOTE PM IS THE KEY🔑🔑🔑 T.Y. 

𝐁𝐔𝐘 𝐘𝐎𝐔𝐑𝐒 𝐍𝐎𝐖!!!
👩🏻👩‍🏫👨‍💻For inquiries, site tripping and reservation or 
direct message me thru messenger
Or also you can Direct text or call me @ 
📱 SMS, VIBER/WHATSAPP:
📲0906-1500-427
👩🏻♐️Ms. JOYCE 
AMAIA LAND CORP 

🔰Reminders: For hassle Free and for security purposes, walk-in clients are not allowed to enter the residential premises without an authorized agent.

🔰Don't be a Victim of Scams, Be safe. Protect your investment. 
Always deal with me, the company and authorized licensed sales person.

THANK YOU AND GODBLESS❗️

#ForsalehouseandlotamaiaSeriesNovalichesquezoncity👍
#houseadlotnovalichesquezocity
#amaiatownhouse #2storeytownhouseinquezoncity
#3BR2storeytownhouseinquezoncity
#3Bedroomhouseandlotnearnovabayan
#townhousenearnovabayan
#houseandlotnearsmfairview
#houseandlotnearfairviewterrace
#houseandlotnearzabarte
#houseandlotnearrobinson
#houseandlotnearsmnovaliches
#presellinghouseandlotquezoncity
#
#forsalehouseandlotquezoncity
#townhousefloodfreequezoncity
#renttowntownhouseamaiaseriesnovaliches
#amaiaseriesnovalichesquezoncity
#amaiaseriesnovaliches09061500427
#AltarazasanjosedelmonteBulacancondo
#NuvaliLagunacondo
#ShawMandaluyongcondo
#Cubaocond #StaMesacondo
#Avenidacondo #Pasigcondo 
#Bicutancondo #sucatcondo
#Novalichescondo #Alabangcondo

AYALA LAND✅",,,,,,,"0","0","1575494271000","https://www.facebook.com/groups/bahay1/permalink/2550430471857520/"
,,,,,,,,,,,,,,,,,,,,"612968164","Mann Alipala","https://scontent-iad3-1.xx.fbcdn.net/v/t39.30808-1/416364491_10160341028708165_16997593053352966_n.jpg?stp=c0.0.869.869a_cp0_dst-jpg_tt6&cstp=mx869x869&ctp=s24x24&_nc_cat=104&ccb=1-7&_nc_sid=1d2534&_nc_ohc=gAxNLYGf1_wQ7kNvwE8fy83&_nc_oc=Adq08ZQXO_NF7vTpxunvRTFR63cNygar59lReE5h5072gf2bZhfwVry7MyZ_17A2ZKI&_nc_zt=24&_nc_ht=scontent-iad3-1.xx&_nc_gid=L2JhcxVcX2o4hmpzW9u6ng&_nc_ss=7c2a8&oh=00_AQBUoaeoCmd_zVetE7TctlqEBN-D_A0rLVUV_gBTZaBscQ&oe=6A5FB100","https://www.facebook.com/mann.veay","0","1612752042208447","Abot Kayang House and Lot near SM Tungko!! 
Ready for Occupancy thru PAGIBIG!!! 
2 Bedrooms, 1 Toilet w/Garage, Free Gate Pa! 
Also Available Duplex, Single Attached Unit @Muzon Proper, San Jose Del Monte! 

• Gated and Secured Community 
• Amenities includes Swimming pool, Function Hall, Covered Court, Parks and Playground 
• All houses are Fully Finish upon Turn-over. 

 • Along the Road Subdivision
 • 1 Ride from EDSA and Manila Area
 • Near SM San Jose Del Monte and proposed MRT 7 Station 
 • walk in distance from Public Market, Banks, Mac Donald's, Jollibee, 7-11, Mercury Drug 
 Schools, Church and Hospital
 • 100% Guaranteed Flood Free

For details, Reservation, Site Tripping :
Kindly message pls... 
Malyn C. Alipala 
09957117538

For More Properties, House and Lot Options
visit our page: https://www.facebook.com/mannveay07houseandhomes/",,,,,,,"0","0","1575427484000","https://www.facebook.com/groups/772024886281171/permalink/1612752042208447/?sale_post_id=1612752042208447"
,,,,,,,,,,,,,,,,,,,,"100022743406591","Quenie Freda Marzan","https://scontent-iad3-2.xx.fbcdn.net/v/t1.6435-1/176615556_973221713445933_2730873164127274074_n.jpg?stp=cp0_dst-jpg_tt6&cstp=mx1020x1027&ctp=s24x24&_nc_cat=111&ccb=1-7&_nc_sid=e99d92&_nc_ohc=Cu2tMTuxkPoQ7kNvwFby8Mt&_nc_oc=AdqT6lxDxRXFr9CcfQi6DTXA5VwaSjnzp-YzejGToCEuoeJXBbtH2DCwjovVGeEgu6w&_nc_zt=24&_nc_ht=scontent-iad3-2.xx&_nc_gid=L2JhcxVcX2o4hmpzW9u6ng&_nc_ss=7c2a8&oh=00_AQCCmHa-yH05boP8gyUAcScH0Rf9diBtLNZF-krnvtdtbg&oe=6A816D55","https://www.facebook.com/queniefreda.marzan","0","1613036172180034","Amaiang kayganda!!!!

Ikaw ba ay umuupa at gusto ng magkaroon ng sariling bahay at lupa? 🏚 O di naman kaya'y nahihirapan at kulang ang iyong requirements? 🗂 Tara usap tayo, ako bahala sayo. 💪

👉Bakit ka pa uupa kung kaya mo ng magkabahay na? 🏠
√√√ sa halagang 15,000 -20,000php reservation fee  deductable sa down payment
✅Perfect sa mga OFW's, Couples at sa mga Single na naghahanap ng sariling bahay at investment. Sa AMAIA ka na, abot-kaya na, gawang AYALA pa. 😊
✅Easy requirements kaya siguradong hindi ka mahihirapan. 
✅FLOOD FREE!!!
✅FREE TRIPPING!!! 😉

👉 For Inquiries please contact:
  
Quenie Freda Marzan
09363276082/09481980052
HLURB license 003840

Thank you and God bless! 😇",,,,,,,"0","0","1575443998000","https://www.facebook.com/groups/772024886281171/permalink/1613036172180034/?sale_post_id=1613036172180034"
,,,,,,,,,,,,,,,,,,,,"100022743406591","Quenie Freda Marzan","https://scontent-iad3-2.xx.fbcdn.net/v/t1.6435-1/176615556_973221713445933_2730873164127274074_n.jpg?stp=cp0_dst-jpg_tt6&cstp=mx1020x1027&ctp=s24x24&_nc_cat=111&ccb=1-7&_nc_sid=e99d92&_nc_ohc=Cu2tMTuxkPoQ7kNvwFby8Mt&_nc_oc=AdqT6lxDxRXFr9CcfQi6DTXA5VwaSjnzp-YzejGToCEuoeJXBbtH2DCwjovVGeEgu6w&_nc_zt=24&_nc_ht=scontent-iad3-2.xx&_nc_gid=N7rr_SA9k5v7Q9VI0Ha-XQ&_nc_ss=7c2a8&oh=00_AQBC0J0uH5b-hHZHxAr9E2oEaRCW6-Wt1ay-cpJFs_oVCA&oe=6A816D55","https://www.facebook.com/queniefreda.marzan","0","1613742558776062","Amaiang kayganda!!!!

Ikaw ba ay umuupa at gusto ng magkaroon ng sariling bahay at lupa? 🏚 O di naman kaya'y nahihirapan at kulang ang iyong requirements? 🗂 Tara usap tayo, ako bahala sayo. 💪

👉Bakit ka pa uupa kung kaya mo ng magkabahay na? 🏠
√√√ sa halagang 15,000 -20,000php reservation fee  deductable sa down payment
✅Perfect sa mga OFW's, Couples at sa mga Single na naghahanap ng sariling bahay at investment. Sa AMAIA ka na, abot-kaya na, gawang AYALA pa. 😊
✅Easy requirements kaya siguradong hindi ka mahihirapan. 
✅FLOOD FREE!!!
✅FREE TRIPPING!!! 😉

👉 For Inquiries please contact:
  
Quenie Freda Marzan
09363276082/09481980052
HLURB license 003840

Thank you and God bless! 😇",,,,,,,"0","0","1575498086000","https://www.facebook.com/groups/772024886281171/permalink/1613742558776062/?sale_post_id=1613742558776062"
,,,,,,,,,,,,,,,,,,,,"100022743406591","Quenie Freda Marzan","https://scontent-iad3-2.xx.fbcdn.net/v/t1.6435-1/176615556_973221713445933_2730873164127274074_n.jpg?stp=cp0_dst-jpg_tt6&cstp=mx1020x1027&ctp=s24x24&_nc_cat=111&ccb=1-7&_nc_sid=e99d92&_nc_ohc=Cu2tMTuxkPoQ7kNvwFby8Mt&_nc_oc=AdqT6lxDxRXFr9CcfQi6DTXA5VwaSjnzp-YzejGToCEuoeJXBbtH2DCwjovVGeEgu6w&_nc_zt=24&_nc_ht=scontent-iad3-2.xx&_nc_gid=N7rr_SA9k5v7Q9VI0Ha-XQ&_nc_ss=7c2a8&oh=00_AQBC0J0uH5b-hHZHxAr9E2oEaRCW6-Wt1ay-cpJFs_oVCA&oe=6A816D55","https://www.facebook.com/queniefreda.marzan","0","1612490205567964","Amaiang kayganda!!!!

Ikaw ba ay umuupa at gusto ng magkaroon ng sariling bahay at lupa? 🏚 O di naman kaya'y nahihirapan at kulang ang iyong requirements? 🗂 Tara usap tayo, ako bahala sayo. 💪

👉Bakit ka pa uupa kung kaya mo ng magkabahay na? 🏠
√√√ sa halagang 15,000 -20,000php reservation fee  deductable sa down payment
✅Perfect sa mga OFW's, Couples at sa mga Single na naghahanap ng sariling bahay at investment. Sa AMAIA ka na, abot-kaya na, gawang AYALA pa. 😊
✅Easy requirements kaya siguradong hindi ka mahihirapan. 
✅FLOOD FREE!!!
✅FREE TRIPPING!!! 😉

👉 For Inquiries please contact:
  
Quenie Freda Marzan
09363276082/09481980052
HLURB license 003840

Thank you and God bless! 😇",,,,,,,"0","0","1575411030000","https://www.facebook.com/groups/772024886281171/permalink/1612490205567964/?sale_post_id=1612490205567964"
,,,,,,,,,,,,,,,,,,,,"100003484298402","Angelica Moyano Rapada","https://scontent-iad3-2.xx.fbcdn.net/v/t39.30808-1/704308006_26482034244829359_8044893816911920466_n.jpg?stp=cp0_dst-jpg_tt6&cstp=mx720x720&ctp=s24x24&_nc_cat=105&ccb=1-7&_nc_sid=1d2534&_nc_ohc=jf7j86qNyq0Q7kNvwFt4qrQ&_nc_oc=AdpS7qgTCz9ffU6k61HGLcWG9v5ChX8RhzSB1pr3uOPH_WS12h5x9lUJSrGswx1PW44&_nc_zt=24&_nc_ht=scontent-iad3-2.xx&_nc_gid=N7rr_SA9k5v7Q9VI0Ha-XQ&_nc_ss=7c2a8&oh=00_AQAv_fjQbaXTb-ibOmDvRTWUtLRN258HKsy6cdpZVEKyUQ&oe=6A5FB887","https://www.facebook.com/angelica.e.moyano","0","738323706664688","CAMELLA SAPANG PALAY PROPER
*CAMELLA MONTICELLO*

Sa halagang 12,614 monthly may UP and DOWN house and lot kana!

Reservation fee 15,000 only 🤗
downpayment 12months to pay 12,208 monthly 
after downpayment 12,614 a month 20yrs to pay 
sa bank financing..

Kung di ka naman nagmamadaling lumipat Kabayan at naghahanap ng installment basis para sa downpayment/equity para di mabigat ang monthly sa bulsa, subukan mo ang aming PRE-SELLING 🏡

✔ Mas MURAAAAA!!!
✔ May Tiles!
✔ May wall at ceiling partitions!
✔ May interior paint pa

location:Sapang Palay Proper Bulacan... 
✔ 💯 flood free
✔ along highway
✔ 1ride to bocaue exit
✔ 1ride to santa maria bulacan
✔ 1ride to Santa Cruz MANILA (express way)
✔Near schools,market,hospital and city hall of san jose del monte bulacan..

For more details, reservations and FREE TRIPPING!
09976213159- tm look for ms angel

#CamellaMonticello
#CamellaSapangPalay
#CamellaProper
#camellasanjosedelmontebulacan
#Camellaaffordablehouseandlot
#LessandraSeries
#CamellaPreselling",,,,,,,"0","0","1575502111000","https://www.facebook.com/groups/222359141594483/permalink/738323706664688/?sale_post_id=738323706664688"
,,,,,,,,,,,,,,,,,,,,"100001787917577","Kharizma Reign Heartpoison","https://scontent-iad3-1.xx.fbcdn.net/v/t39.30808-1/690834098_26589147574061479_1728562126890537590_n.jpg?stp=cp0_dst-jpg_tt6&cstp=mx720x726&ctp=s24x24&_nc_cat=101&ccb=1-7&_nc_sid=e99d92&_nc_ohc=OigOpbimmaMQ7kNvwEwqOto&_nc_oc=Adrl28MNZFaIKyHbgAd613gBVB45a4aXSk71WEka7vf2SLrAO30mgdeKQ5tf2ntfcTM&_nc_zt=24&_nc_ht=scontent-iad3-1.xx&_nc_gid=N7rr_SA9k5v7Q9VI0Ha-XQ&_nc_ss=7c2a8&oh=00_AQCMyD0pzKhRq9m-uI_s0-KpKhPZ56PqGjQGGd9SY6Vvpw&oe=6A5FCC38","https://www.facebook.com/kharizmareign","0","605687480177766","- RUSH SALE! 
- 4 STOREY HOUSE AND LOT BUILDING
- 84 SQM LOT AREA
- 147 SQM FLOOR AREA
- BIG GARAGE FITS 4-6 CARS
-1 BIG ROOM IN 4TH FLOOR
-2TB
-2KITCHEN
-TERRACE IN 3RD FLOOR
- MARTINVILLE SUBD LASPINAS 
- TWO WAY ROAD IN FRONT OF THE PROPERTY
- MALAPIT SA GUARD HOUSE
- BOUNDARY PARANAQUE AND LASPINAS
- GOOD  ALSO FOR BUSINESSES,OFFICES,WAREHOUSE,RESTAURANT,OWNS CATERING BUSINESS, ETC...
- MALAPIT SA LAHAT MALLS,CHURCHS,AIRPORT,SCHOOLS ETC.....
- NO FLOOD
- MERON NG MERALCO AND MAYNILAD
- CLean title
- UNFINISH CONSTRUCTION KAYA MURA  NA BINEBENTA PERO KONTI NA LNG GAGAWIN WORTH 500k at MAGIGING WORTH 8M NA ITO.
- SUPER MAHAL NA PO DITO SA LASPINAS PROPERTY KAYA ITO NA ANG PINAKAMURA 100%true
- MAS MAGANDA NA MA VIEW NYO PO ANG PROPERTY PARA MAS MAAPPRECIATE NYO PO
- ANYTIME PO PWEDE MAKITA MAG PM LNG PO KAYO..

Please  pm me or call 09976650803 
 
5.5m NEGO",,,,,,,"0","0","1575335921000","https://www.facebook.com/groups/133082730771579/permalink/605687480177766/?sale_post_id=605687480177766"
"No photo description available.","3185987128084210","photo","https://www.facebook.com/photo.php?fbid=3185987128084210&set=gm.2643508129102910&type=3","No photo description available.","3185987158084207","photo","https://www.facebook.com/photo.php?fbid=3185987158084207&set=gm.2643508129102910&type=3","No photo description available.","3185987204750869","photo","https://www.facebook.com/photo.php?fbid=3185987204750869&set=gm.2643508129102910&type=3","No photo description available.","3185987231417533","photo","https://www.facebook.com/photo.php?fbid=3185987231417533&set=gm.2643508129102910&type=3","No photo description available.","3185987264750863","photo","https://www.facebook.com/photo.php?fbid=3185987264750863&set=gm.2643508129102910&type=3","100000188611538","Gerald Petros Cristobal","https://scontent-iad3-1.xx.fbcdn.net/v/t39.30808-1/678584636_27784891407767107_7318031613339856147_n.jpg?stp=cp0_dst-jpg_tt6&cstp=mx2045x2048&ctp=s24x24&_nc_cat=101&ccb=1-7&_nc_sid=1d2534&_nc_ohc=48z6cpu0U3IQ7kNvwGMFM9V&_nc_oc=Adov_ybsPPiPK4v_YpV3Mef2XdnM-JRAl1jGh80vJ91iluSZ06OHb_Jbz11wqCtPkik&_nc_zt=24&_nc_ht=scontent-iad3-1.xx&_nc_gid=N7rr_SA9k5v7Q9VI0Ha-XQ&_nc_ss=7c2a8&oh=00_AQDupe6Cyu3LrHEdVJIGIs4IKaZ5QzSKAi_-JfMJF04fhg&oe=6A5FC013","https://www.facebook.com/geraldcristobal","0","2643508129102910","",,,,,,,"0","0","1575363592000","https://www.facebook.com/groups/1316962848424118/permalink/2643508129102910/"
,,,,,,,,,,,,,,,,,,,,"100005203877633","Lorena Manahan Gerona","https://scontent-iad6-1.xx.fbcdn.net/v/t39.30808-1/571990325_3206790089504422_3700858288673012568_n.jpg?stp=c0.78.719.719a_cp0_dst-jpg_tt6&cstp=mx719x719&ctp=s24x24&_nc_cat=109&ccb=1-7&_nc_sid=1d2534&_nc_ohc=9wkc7SxxxgoQ7kNvwEwgjMl&_nc_oc=AdonH3bcz5vJbh0wG57z8qKT1TOmdvndfzhP8hSGe0jmjPqcastohrya7RWb1r2Cjes&_nc_zt=24&_nc_ht=scontent-iad6-1.xx&_nc_gid=N7rr_SA9k5v7Q9VI0Ha-XQ&_nc_ss=7c2a8&oh=00_AQDpN7_-cYHf8FeuI8eJms90G4oVXP4sP25u9lgwuYtl8w&oe=6A5FB18A","https://www.facebook.com/lorena.manahan.gerona","0","2775987192461310","Regaluhan ang sarili o ang iyong pamilya ng house and lot bago ang pasko at bagong taon!! 

Hanggang 36 MONTHS to pay na ang down payment at PWEDE sa PAG-IBIG or bank financing ang balance. :) 

Springdale II at Pueblo Angono
Mahabang Parang Angono Rizal

☑️ nasa boundary of Angono and Antipolo lang 
☑️ Flood Free
☑️ MALAPIT sa Vista Mall, Shopwise Antipolo at Antipolo Cathedral (short ride)

LOT: 100sqm
Floor: 66sqm
TCP: 3,903,200
Reservation Fee: 30,000

20% DP in 36 months
80% Bank or Pag-ibig Financing

FREE TRIPPING!!
Pls PM for more details
lorena gerona
09381694447",,,,,,,"0","0","1575467552000","https://www.facebook.com/groups/808055049254544/permalink/2775987192461310/?sale_post_id=2775987192461310"
,,,,,,,,,,,,,,,,,,,,"100002679552924","Flora Cabullo","https://scontent-iad3-1.xx.fbcdn.net/v/t39.30808-1/643978856_25807481038924528_5085442571278373950_n.jpg?stp=cp0_dst-jpg_tt6&cstp=mx1382x1407&ctp=s24x24&_nc_cat=110&ccb=1-7&_nc_sid=1d2534&_nc_ohc=x4ZPbO_8YaIQ7kNvwHSCjYh&_nc_oc=AdqX5fXwdbyWZ2qD-2idN8ObVAJ5AhIsnnnXb7JhthP5ptxiWUqgMP5TvsCG8x434Vo&_nc_zt=24&_nc_ht=scontent-iad3-1.xx&_nc_gid=lmvwF3kja8u5CKHzmu5mQg&_nc_ss=7c2a8&oh=00_AQAiUWOR19U-q7e1yhHE06YvIZrFCGjb6Ng8wfSqxyRhYQ&oe=6A5FBFEF","https://www.facebook.com/flora.cabullo","0","737016813462044","PHirst Park Homes 🏡
Unit reservation for only P12,500.00
Calista Mid (Sample of Expandable 3br)

PHIRST PARK HOMES PROJECTS :💯
🏡Tanza, Cavite
🏡Lipa, Batangas

Developer : 
PHIRST PARK HOMES by Century Properties 
and Mitsubishi Corporation

Calista Mid Sample Computation :

Total Contract Price - 1,680, 424.00
Downpayment 10% - 13,000.00 (payable in 12mons.)
Monthly Amortization - 12,543.00 (payable in 15 years under bank Financing)

All are Included in Total Contract Price:
 💰Bank Charges
 🏜Water Connection
💡 Meralco Connection
🗂 Bank Processing Fee 
📑 Documents Fee

❌No Hidden Charges
❌No Other Charges

More Details Below ⬇️

• 2-Storey Townhouse
• 2-Bedrooms with Partition
• Painted Walls and Ceiling
• Stairs with Hand Rails 
• Flooring with Vinyl Tiles (Wooden Design)
• Sliding Window
• With Provision for Aircon
• Cable Ready
• With 4.3 sqm. Carport/Garden
• With INDIVIDUAL FENCE AND GATE

Exciting Activities For The Family

✔️Clubhouse with Functional Rooms, Multi-purpose Hall, Karaoke, Wifi Internet

✔️Car Parking & Bicycle Racks
✔️Swimming Pool with Kiddie Pool & Deck Pavilion
✔️Showers and Changing Rooms
✔️Water Play
✔️Outdoor Basketball Court
✔️Skate Park
✔️Open Air Cinema
✔️Pavilion
✔️Picnic Lawn

Expanded Leisure Areas Throughout The Community

• Cycling & Jogging Paths
• Linear Parks and Tree-lined Alleys
• Activity Nodes with:

     a. Children's Playground
     b. Outdoor Gym
     c. Bark Park (for dog-walking)
     d. Seating Alcoves with Wi-fi
     e. Foot Reflexology Park

Essential Conveniences and Safety Measures for Quality of Life

✔️Shop Houses for Retail
✔️Bus Bay/Loading & Unloading Area with Waiting Shed

✔️Shuttle Services Ride within the Development to the Bus Bay/Loading & Unloading point

✔️Bicycle Racks Around the Development
✔️Street Lighting & Signage
✔️Guardhouse manned 24/7
✔️High Reinforced Concrete Perimeter Fence
✔️CCTV Cameras and Monitoring System
✔️Flood-free
📞for more details pls contact
📞#09163383357",,,,,,,"0","0","1575377479000","https://www.facebook.com/groups/222359141594483/permalink/737016813462044/?sale_post_id=737016813462044"
,,,,,,,,,,,,,,,,,,,,"100009710114156","Edelyn Obane","https://scontent-iad3-1.xx.fbcdn.net/v/t39.30808-1/371449099_2021150258218625_942095742862941358_n.jpg?stp=c0.18.563.563a_cp0_dst-jpg_tt6&cstp=mx563x563&ctp=s24x24&_nc_cat=110&ccb=1-7&_nc_sid=e99d92&_nc_ohc=CaVoxHyeMkEQ7kNvwFe7DYq&_nc_oc=Adqfd3gt2zQpD11JALmamFqRQg_sR_NsksVBxl9OpODofgDs8utkhSTM4FNhR0PaENE&_nc_zt=24&_nc_ht=scontent-iad3-1.xx&_nc_gid=lmvwF3kja8u5CKHzmu5mQg&_nc_ss=7c2a8&oh=00_AQDnulCYNtYdg8jKNjRqd5laJnolt_ydcii0fSM0GTXpAA&oe=6A5FA189","https://www.facebook.com/edelyn.obane","0","2606951479423704","☺Hanap nyo ba location na malapit sa lahat 🏨hospital, 🏢school, 🏣mall, di binabaha kahit sobrang lakas ng ulan, along the highway secured place, magandang investment tumataas ng tumataas ang price, pm sa mga gusto..
🔰Residential lot For Sale
🔰At exclusive subdivision Biñan Laguna(new Exxpansion)
📌Area sqm:120
📌Price sqm:9,000
📌Total Contract Price:1,080,000
⚓Near Major Establishment
🏡Safe and Secure Community
🚶Walking Distance Pavillion Mall
🔴Along the highway
✔Flood Free
🕠25 mins away to Alabang
🏩Near SM st. Rosa
🏡Near Mamplasam exit
📌Complete with Aminities
⚓Developer: sta. Lucia Land",,,,,,,"0","0","1575352300000","https://www.facebook.com/groups/582500401868832/permalink/2606951479423704/?sale_post_id=2606951479423704"
,,,,,,,,,,,,,,,,,,,,"100064849864375","DOST-PAGASA","https://scontent-iad3-1.xx.fbcdn.net/v/t39.30808-1/487303686_1099355335569452_7045424019269009221_n.png?stp=cp0_dst-png&cstp=mx1001x1001&ctp=s40x40&_nc_cat=1&ccb=1-7&_nc_sid=2d3e12&_nc_ohc=8-rGnn6nM6QQ7kNvwHtXH1c&_nc_oc=AdqdkngQQaSur8pWfrjUzz5THKn10vTvpeMuYNSE_ak11mqCJ4rcpTmK7o8jwzT7NRg&_nc_zt=24&_nc_ht=scontent-iad3-1.xx&_nc_gid=lmvwF3kja8u5CKHzmu5mQg&_nc_ss=7c2a8&oh=00_AQA4Cn0RhaDGgNG4-4pomvm5fsaQ81_WLv_D3hrZhNCSrA&oe=6A5FC79F","https://www.facebook.com/PAGASA.DOST.GOV.PH","0","2543691899196037","",,,"2",,,,"2","0","1575377840000","https://www.facebook.com/groups/1766367866928448/permalink/2543691899196037/"
,,,,,,,,,,,,,,,,,,,,"665467633","Joy Corpuz Dela Torre","https://scontent-iad3-1.xx.fbcdn.net/v/t39.30808-1/332590977_746426660128861_5649396398118487887_n.jpg?stp=cp0_dst-jpg_tt6&cstp=mx960x956&ctp=s40x40&_nc_cat=101&ccb=1-7&_nc_sid=1d2534&_nc_ohc=PIQiE7NOL7AQ7kNvwG6ba9t&_nc_oc=AdqoMzJYOQpxYiVAcN1IhS3Q1Ue7VqT5bIKR5S9VDf2B68gxA_AIvWtl_d8fgwDF6aY&_nc_zt=24&_nc_ht=scontent-iad3-1.xx&_nc_gid=lmvwF3kja8u5CKHzmu5mQg&_nc_ss=7c2a8&oh=00_AQAwayUlajX4XNfD9aFW61BB6iY9c8P4pv90hxK52f-EkA&oe=6A5FA9C0","https://www.facebook.com/joy.r.corpuz","0","2151784145124999","FYI
https://m.facebook.com/story.php?story_fbid=10156866978857634&id=665467633",,,"1",,,,"1","0","1575372349000","https://www.facebook.com/SagadESMessenger/posts/pfbid02GiBF9oAVGJQdKtKk77tVVtqpKRHJN6E3UKyrdEVUtQ6AkTFrtnj4LtPEbk3AdRQfl"
,,,,,,,,,,,,,,,,,,,,"100064849864375","DOST-PAGASA","https://scontent-iad3-1.xx.fbcdn.net/v/t39.30808-1/487303686_1099355335569452_7045424019269009221_n.png?stp=cp0_dst-png&cstp=mx1001x1001&ctp=s40x40&_nc_cat=1&ccb=1-7&_nc_sid=2d3e12&_nc_ohc=8-rGnn6nM6QQ7kNvwHtXH1c&_nc_oc=AdqdkngQQaSur8pWfrjUzz5THKn10vTvpeMuYNSE_ak11mqCJ4rcpTmK7o8jwzT7NRg&_nc_zt=24&_nc_ht=scontent-iad3-1.xx&_nc_gid=lmvwF3kja8u5CKHzmu5mQg&_nc_ss=7c2a8&oh=00_AQA4Cn0RhaDGgNG4-4pomvm5fsaQ81_WLv_D3hrZhNCSrA&oe=6A5FC79F","https://www.facebook.com/PAGASA.DOST.GOV.PH","0","1478423828974448","Stay safe and be advised. 

#TisoyPh
#TeamTelan",,,"3",,,,"3","0","1575356310000","https://www.facebook.com/teamtelan/posts/pfbid0S6Naa9YibmiHBr8obqN2UrvHuDZxc2UWQ48DWLoswsiYLQoo2pWF8KMyuEZGLfmdl"
,,,,,,,,,,,,,,,,,,,,"100064849864375","DOST-PAGASA","https://scontent-iad3-1.xx.fbcdn.net/v/t39.30808-1/487303686_1099355335569452_7045424019269009221_n.png?stp=cp0_dst-png&cstp=mx1001x1001&ctp=s40x40&_nc_cat=1&ccb=1-7&_nc_sid=2d3e12&_nc_ohc=8-rGnn6nM6QQ7kNvwHtXH1c&_nc_oc=AdqdkngQQaSur8pWfrjUzz5THKn10vTvpeMuYNSE_ak11mqCJ4rcpTmK7o8jwzT7NRg&_nc_zt=24&_nc_ht=scontent-iad3-1.xx&_nc_gid=lmvwF3kja8u5CKHzmu5mQg&_nc_ss=7c2a8&oh=00_AQA4Cn0RhaDGgNG4-4pomvm5fsaQ81_WLv_D3hrZhNCSrA&oe=6A5FC79F","https://www.facebook.com/PAGASA.DOST.GOV.PH","0","1186069328256714","DOST-PAGASA Severe Weather Bulletin #20: #TisoyPH continuous to weaken and is now off the coast of Occidental Mindoro. 

Between late afternoon today and tomorrow morning: Frequent to continuous heavy (with isolated intense) rains over Metro Manila. 

Metro Manila is under TCWS No. 2. #BidaAngHanda",,,"1",,,,"1","0","1575365645000","https://www.facebook.com/civildefensencr/posts/pfbid02qPC51ixvAq9mHUghghSJPE181Bpkn4AtFMdatqYvmRuw8nwZzaqqx66EoYPbbbSFl"
,,,,,,,,,,,,,,,,,,,,"100063707093964","Affordable townhouses and house and lot for sale las pinas","https://scontent-iad3-1.xx.fbcdn.net/v/t39.30808-1/275660636_1562800440757700_4048317403007086749_n.jpg?stp=cp0_dst-jpg_tt6&cstp=mx500x500&ctp=s40x40&_nc_cat=110&ccb=1-7&_nc_sid=2d3e12&_nc_ohc=DJj-0zf_MCoQ7kNvwEn9nI1&_nc_oc=AdqOVYOC9LVgkI3EmnhnklBlnDddBWB6DWCzJDx5NWnMwkQOi6gSOTWJSnXfxvO95vg&_nc_zt=24&_nc_ht=scontent-iad3-1.xx&_nc_gid=lmvwF3kja8u5CKHzmu5mQg&_nc_ss=7c2a8&oh=00_AQBhdItr6BLH78Poe9YeBHPHcutpYx0Mcsa4_rA-vayAgg&oe=6A5FB14F","https://www.facebook.com/Laspinastownhouseforsale","0","737551940075198","",,,"1",,,,"1","0","1575429555000","https://www.facebook.com/groups/222359141594483/permalink/737551940075198/"
"No photo description available.","1291502561032181","photo","https://www.facebook.com/photo/?fbid=1291502561032181&set=gm.2760358387349563",,,,,,,,,,,,,,,,,"100005173488987","Aluca Vladimir","https://scontent-iad3-2.xx.fbcdn.net/v/t39.30808-1/272248338_1948585598657204_6113275210121760803_n.jpg?stp=cp0_dst-jpg_tt6&cstp=mx478x478&ctp=s24x24&_nc_cat=111&ccb=1-7&_nc_sid=1d2534&_nc_ohc=2B0YVp_aIkEQ7kNvwFhhqbY&_nc_oc=Adru5O5C_LAWoGgQW4NfeZJlelSpokpbdiExzlSiiYUN1rxAoLYBQARr_JCdqO36JeA&_nc_zt=24&_nc_ht=scontent-iad3-2.xx&_nc_gid=TcRQ-ptoNAXdT6o9KUDpig&_nc_ss=7c2a8&oh=00_AQCrFiEf-ejBj2TwrdMewGfPApaVBUjq694-pAwg9UBT9A&oe=6A5FC90F","https://www.facebook.com/DxDAlucard","0","1291502561032181","LINNEA SINGLE ATTACHED - HOUSE AND LOT FOR SALE

ALSO AVAILABLE:
-JASMINE DUPLEX
-JASMINE SINGLE ATTACHED
-TIERRA VISTA AYANA LANGKAAN CAVITE

PM ME For Details and FREE Site Viewing:
SMART - 09214344356
GLOBE - 09454021606

✔Along Arnaldo Hiway
✔from Vista Mall General Trias and City Mall
✔Near ALABANG via Open Canal - Daang Hari
✔Near IMUS & BACOOR
✔Near Manila via CAVITEX
✔1 ride to mall and schools
✔24/7 transportation
✔guarded community
✔with parks and playground ,clubhouse and basket ball court for your family bonding
✔100% FLOOD FREE
✔24/7 Security with Entrance Gate
✔Underground Drainage System
✔Meralco Power Supply",,,"1",,,,"1","0","1575357459000","https://www.facebook.com/photo.php?fbid=1291502561032181&set=gm.2760358387349563&type=3"
,,,,,,,,,,,,,,,,,,,,"100057498577781","Oasis Condo Pasig","https://scontent-iad3-1.xx.fbcdn.net/v/t39.30808-1/453098879_972970934629517_4230398219890808966_n.jpg?stp=cp0_dst-jpg_tt6&cstp=mx357x357&ctp=s40x40&_nc_cat=104&ccb=1-7&_nc_sid=2d3e12&_nc_ohc=mEYJVfiMa-kQ7kNvwHhz1Ko&_nc_oc=AdpdKEEEko1m52S0QyLsNp23h-V2I4S1KtrCpm9BTB8rxEufiMoY5FnNP8IEBk0i-Es&_nc_zt=24&_nc_ht=scontent-iad3-1.xx&_nc_gid=TcRQ-ptoNAXdT6o9KUDpig&_nc_ss=7c2a8&oh=00_AQC5syrOvvnMzK0sYYOIbjzdnqhwbIbG28XRQqDw6nVX4g&oe=6A5FCD73","https://www.facebook.com/willie.vicencio.09774196111","0","2485162535089891","",,,,,,,"0","0","1575374497000","https://www.facebook.com/groups/2030957900510359/permalink/2485162535089891/"
,,,,,,,,,,,,,,,,,,,,"100057498577781","Oasis Condo Pasig","https://scontent-iad3-1.xx.fbcdn.net/v/t39.30808-1/453098879_972970934629517_4230398219890808966_n.jpg?stp=cp0_dst-jpg_tt6&cstp=mx357x357&ctp=s40x40&_nc_cat=104&ccb=1-7&_nc_sid=2d3e12&_nc_ohc=mEYJVfiMa-kQ7kNvwHhz1Ko&_nc_oc=AdpdKEEEko1m52S0QyLsNp23h-V2I4S1KtrCpm9BTB8rxEufiMoY5FnNP8IEBk0i-Es&_nc_zt=24&_nc_ht=scontent-iad3-1.xx&_nc_gid=TcRQ-ptoNAXdT6o9KUDpig&_nc_ss=7c2a8&oh=00_AQC5syrOvvnMzK0sYYOIbjzdnqhwbIbG28XRQqDw6nVX4g&oe=6A5FCD73","https://www.facebook.com/willie.vicencio.09774196111","0","562807517843028","",,,,,,,"0","0","1575374492000","https://www.facebook.com/groups/153185215471929/permalink/562807517843028/"
,,,,,,,,,,,,,,,,,,,,"100063465504151","EleV8te Circle","https://scontent-iad3-2.xx.fbcdn.net/v/t39.30808-1/298918076_510960111029501_3904878624760281039_n.png?stp=cp0_dst-png&cstp=mx422x422&ctp=s40x40&_nc_cat=111&ccb=1-7&_nc_sid=2d3e12&_nc_ohc=Rzs0KrxjU_EQ7kNvwGz4qgY&_nc_oc=AdqLRvIVf7ayypdXpinyuOe5c28zw3FhSpv5MHDxcNKkqBBnWtq8HYpxpJSDmYO9HIg&_nc_zt=24&_nc_ht=scontent-iad3-2.xx&_nc_gid=TcRQ-ptoNAXdT6o9KUDpig&_nc_ss=7c2a8&oh=00_AQDeNbe43IEEuQ_ZUASiZYRW2QpaHX2ejf20XDizg6Q7nA&oe=6A5FCFD8","https://www.facebook.com/Elv8Club","0","3353907887983553","Be a Referral Partner and Earn this Xmas ☃️❄",,,"1",,,,"1","0","1575490147000","https://www.facebook.com/groups/1737942312913460/permalink/3353907887983553/"
,,,,,,,,,,,,,,,,,,,,"100063954728832","Loresan's Place","https://scontent-iad3-1.xx.fbcdn.net/v/t39.30808-1/308725404_489503789858108_4600938484135157395_n.jpg?stp=c252.0.1512.1512a_cp0_dst-jpg_tt6&cstp=mx1512x1512&ctp=s40x40&_nc_cat=108&ccb=1-7&_nc_sid=2d3e12&_nc_ohc=9cxf_dQWDvwQ7kNvwGbY8qd&_nc_oc=AdoS8MKsF44KstrQmwz5ymZXPwx55__l-NLX6wYFNjIhgFC6xKHxSdEeLq4eye6CitU&_nc_zt=24&_nc_ht=scontent-iad3-1.xx&_nc_gid=TcRQ-ptoNAXdT6o9KUDpig&_nc_ss=7c2a8&oh=00_AQCfLlwMfgLuqZ0h9FhEw7PrrHXpmR5-VzORpbE37uT8fQ&oe=6A5FD417","https://www.facebook.com/profile.php?id=100063954728832","0","555762461657135","Female Bedspace for rent - Loyola Heights / Katipunan
Please PM for appointment on viewing

https://m.facebook.com/story.php?story_fbid=131701128250197&id=112208720199438&sfnsn=mo",,,,,,,"0","0","1575365335000","https://www.facebook.com/groups/362481784318538/permalink/555762461657135/"
,,,,,,,,,,,,,,,,,,,,"100064675025966","GMA News Weather Center","https://scontent-iad6-1.xx.fbcdn.net/v/t39.30808-1/724778055_1541013941397759_4007045830371021396_n.jpg?stp=c95.0.1152.1152a_cp0_dst-jpg_tt6&cstp=mx1152x1152&ctp=s40x40&_nc_cat=107&ccb=1-7&_nc_sid=2d3e12&_nc_ohc=JSfEewpaBicQ7kNvwGjpfv_&_nc_oc=AdqJuMN5-Uf4FJX4GcjYXACiLrZfwepzqxN-s_pdSo055nEV6ZNe523eoUiCF-CEZqs&_nc_zt=24&_nc_ht=scontent-iad6-1.xx&_nc_gid=bX1ccAYv4VzWM3Gh4SX4ng&_nc_ss=7c2a8&oh=00_AQCyrRrUUIiZkaBica6Jwf1CsrdAASdzTA3VgPVrZKyAYg&oe=6A5FD1CD","https://www.facebook.com/gmaweather","0","1196749060519395","Keep safe everyone. A gentle reminder from BRISolutions. 🌂

Source:",,,"4",,,,"4","1","1575343982000","https://www.facebook.com/bravissimoinc/posts/pfbid0TyUQZNtUCgNSq9gepREPmhfzobTczaU7RXMyitQ2wgkY5KBqvZcv4FAUumfrKggCl"
,,,,,,,,,,,,,,,,,,,,"100063520762865","Top Real Estate Investment by Kenji Matias","https://scontent-iad3-2.xx.fbcdn.net/v/t39.30808-1/354249341_746858940774791_1292198283542546441_n.jpg?stp=cp0_dst-jpg_tt6&cstp=mx2048x2048&ctp=s40x40&_nc_cat=105&ccb=1-7&_nc_sid=2d3e12&_nc_ohc=3DJDOoqwusAQ7kNvwHxrW3W&_nc_oc=Adp1iSaPXAGZH_UP0q8jYu80YZ6mefuBHvOTVGjcT94iJ6XxOszqJ5knSPH84l9pZN4&_nc_zt=24&_nc_ht=scontent-iad3-2.xx&_nc_gid=bX1ccAYv4VzWM3Gh4SX4ng&_nc_ss=7c2a8&oh=00_AQBq3jYn9EYLvx8rOqrl4r65BCOTsThnPk6OgIzpLFA2zA&oe=6A5F9FB5","https://www.facebook.com/jkenjimatias","0","1408017262694899","",,,"1",,,,"1","0","1576453186000","https://www.facebook.com/groups/808936752602956/permalink/1408017262694899/"
,,,,,,,,,,,,,,,,,,,,"100063520762865","Top Real Estate Investment by Kenji Matias","https://scontent-iad3-2.xx.fbcdn.net/v/t39.30808-1/354249341_746858940774791_1292198283542546441_n.jpg?stp=cp0_dst-jpg_tt6&cstp=mx2048x2048&ctp=s40x40&_nc_cat=105&ccb=1-7&_nc_sid=2d3e12&_nc_ohc=3DJDOoqwusAQ7kNvwHxrW3W&_nc_oc=Adp1iSaPXAGZH_UP0q8jYu80YZ6mefuBHvOTVGjcT94iJ6XxOszqJ5knSPH84l9pZN4&_nc_zt=24&_nc_ht=scontent-iad3-2.xx&_nc_gid=bX1ccAYv4VzWM3Gh4SX4ng&_nc_ss=7c2a8&oh=00_AQBq3jYn9EYLvx8rOqrl4r65BCOTsThnPk6OgIzpLFA2zA&oe=6A5F9FB5","https://www.facebook.com/jkenjimatias","0","1408017506028208","",,,"1",,,,"1","0","1576453184000","https://www.facebook.com/groups/808936752602956/permalink/1408017506028208/"
,,,,,,,,,,,,,,,,,,,,"100027406595419","Joyah Harlea","https://scontent-iad3-1.xx.fbcdn.net/v/t39.30808-1/397275308_1397199634536910_9136673613115776905_n.jpg?stp=cp0_dst-jpg_tt6&cstp=mx960x956&ctp=s40x40&_nc_cat=101&ccb=1-7&_nc_sid=1d2534&_nc_ohc=oEtwOElOto8Q7kNvwGW2LFC&_nc_oc=Adp-mZGf96MgdzYOjnDPcQi7u5pKALQ7k3nO63hYkVAV0Qe1u6w0dLZJC3NRkOmf5c0&_nc_zt=24&_nc_ht=scontent-iad3-1.xx&_nc_gid=bX1ccAYv4VzWM3Gh4SX4ng&_nc_ss=7c2a8&oh=00_AQAyLUJkdOSb0Gxa7lNUfJ8dPl01UFh_ECLlpVZquH6fWA&oe=6A5FB876","https://www.facebook.com/joyah.harlea","0","2776374869089209","",,,,,,,"0","0","1575479456000","https://www.facebook.com/groups/808055049254544/permalink/2776374869089209/"
,,,,,,,,,,,,,,,,,,,,"100064849864375","DOST-PAGASA","https://scontent-iad3-1.xx.fbcdn.net/v/t39.30808-1/487303686_1099355335569452_7045424019269009221_n.png?stp=cp0_dst-png&cstp=mx1001x1001&ctp=s40x40&_nc_cat=1&ccb=1-7&_nc_sid=2d3e12&_nc_ohc=8-rGnn6nM6QQ7kNvwHtXH1c&_nc_oc=AdqdkngQQaSur8pWfrjUzz5THKn10vTvpeMuYNSE_ak11mqCJ4rcpTmK7o8jwzT7NRg&_nc_zt=24&_nc_ht=scontent-iad3-1.xx&_nc_gid=bX1ccAYv4VzWM3Gh4SX4ng&_nc_ss=7c2a8&oh=00_AQCgyw7oC1Dtl63RsglyzfQHYmzjZeUfU446D-iFi9415w&oe=6A5FC79F","https://www.facebook.com/PAGASA.DOST.GOV.PH","0","1185728078290839","DOST-PAGASA Severe Weather Bulletin #17: #TisoyPH maintains its strength and is now just off the coast of Bondoc Peninsula. 

Between morning and late afternoon today, frequent to continuous heavy to intense rains will prevail over Metro Manila. 

Between late afternoon today and tomorrow morning, frequent to continuous heavy (with isolated intense) rains is expected over Metro Manila. 

Storm surge forecast over coastal areas in MM is 2-3 meters. Metro Manila is under TCWS No. 2. #BidaAngHanda",,,"1",,,,"1","1","1575334219000","https://www.facebook.com/civildefensencr/posts/pfbid0qZErGMfFB69rQeAUGSr55Kf6uydXSXkLWTDgByK2fgRAquJvph1R2Bo9CxMb283rl"
"No photo description available.","2573640412720071","photo","https://www.facebook.com/photo/?fbid=2573640412720071&set=gm.2553281248087664",,,,,,,,,,,,,,,,,"100002224135433","Joycelyn Magbitang","https://scontent-iad3-1.xx.fbcdn.net/v/t39.30808-1/471945091_8859432887474094_8440450891138825670_n.jpg?stp=cp6_dst-jpg_tt6&cstp=mx2048x2048&ctp=s24x24&_nc_cat=101&ccb=1-7&_nc_sid=e99d92&_nc_ohc=OXl558y61z0Q7kNvwH1GdFw&_nc_oc=Ado4HmvP8dIl2vg4BxKsNoVhuvhinmEA9Co6qJDYZqi6ULt-KAjf8SWHWg-tgKR_qx0&_nc_zt=24&_nc_ht=scontent-iad3-1.xx&_nc_gid=R4SQeyf1tUFrZDDYCcHDwg&_nc_ss=7c2a8&oh=00_AQCBfdgV14Z624tbQ1nOmIPuFL-agzr4Qt2CDldVhbSGJA&oe=6A5FA393","https://www.facebook.com/joycelyn.magbitang","0","2573640412720071","🔴 Urban DECA HOMES Marilao 🔴

Sawa ka na sa kakarenta o gusto mo ng investment para sa future mo at ng iyong pamilya? 
Grab these opportunity 10k lang makakalipat ka na 

No Pagibig❤️ No Bank Accounts🏦
Sagot ka na namin.
Tuparin natin ang iyong pangarap ng sariling tahanan👨‍👩‍👧‍👦

RFO Units

Rent to own Condo
✔️10,000 cashout lang lipat agad
✔️very accessible 
✔️flood free
✔️affordable 
✔️free aircon

For inquiries
👩 Joycelyn Magbitang
📞 09421871980
https://www.facebook.com/Rent2OwnHouseAtDecaHomes/",,,,,,,"0","0","1575434517000","https://www.facebook.com/photo.php?fbid=2573640412720071&set=gm.2553281248087664&type=3"
,,,,,,,,,,,,,,,,,,,,"100064117056433","Affordable Rent to own condo in Manila No Dp","https://scontent-iad3-2.xx.fbcdn.net/v/t39.30808-1/305484604_463938015753430_7958343665393532796_n.jpg?stp=cp0_dst-jpg_tt6&cstp=mx544x546&ctp=s40x40&_nc_cat=111&ccb=1-7&_nc_sid=2d3e12&_nc_ohc=2eUySHGTWvkQ7kNvwGV4pHI&_nc_oc=AdrSGtbrpp0Cp_wvjKswaB1tZrPbPsvsnSyQWE7XIf8sXPBsnj1yrLpet45QA8_hHMk&_nc_zt=24&_nc_ht=scontent-iad3-2.xx&_nc_gid=R4SQeyf1tUFrZDDYCcHDwg&_nc_ss=7c2a8&oh=00_AQDws5V6rLmSeHTDcTBz9MtfBXeKBr8JluYuivpWNNNVJw&oe=6A5FAB3C","https://www.facebook.com/profile.php?id=100064117056433","0","449462249300728","",,,,,,,"0","0","1575439669000","https://www.facebook.com/groups/175130643400558/permalink/449462249300728/"
,,,,,,,,,,,,,,,,,,,,"1500386333","Laurice Grace Bael-Libarnes","https://scontent-iad3-1.xx.fbcdn.net/v/t39.30808-1/607238019_10239649985816603_4035167889178410872_n.jpg?stp=cp0_dst-jpg_tt6&cstp=mx2048x2048&ctp=s40x40&_nc_cat=104&ccb=1-7&_nc_sid=1d2534&_nc_ohc=XNjddhzhdrwQ7kNvwFYoKFG&_nc_oc=AdoNbU9Na74PEw_tC2bPv9E9Fcqkbn-AGo60-3dVAZpFfFj5H4H4YDWW8ArJgsqtXHw&_nc_zt=24&_nc_ht=scontent-iad3-1.xx&_nc_gid=R4SQeyf1tUFrZDDYCcHDwg&_nc_ss=7c2a8&oh=00_AQAbH2rZRDP0YKKYwqm_qhU5VRF0ijhjQyJQVGK_urlqOg&oe=6A5FD22A","https://www.facebook.com/profile.php?id=1500386333","0","737493873414338","",,,,,,,"0","0","1575423640000","https://www.facebook.com/groups/222359141594483/permalink/737493873414338/"
,,,,,,,,,,,,,,,,,,,,"100064849864375","DOST-PAGASA","https://scontent-iad3-1.xx.fbcdn.net/v/t39.30808-1/487303686_1099355335569452_7045424019269009221_n.png?stp=cp0_dst-png&cstp=mx1001x1001&ctp=s40x40&_nc_cat=1&ccb=1-7&_nc_sid=2d3e12&_nc_ohc=8-rGnn6nM6QQ7kNvwHtXH1c&_nc_oc=AdqdkngQQaSur8pWfrjUzz5THKn10vTvpeMuYNSE_ak11mqCJ4rcpTmK7o8jwzT7NRg&_nc_zt=24&_nc_ht=scontent-iad3-1.xx&_nc_gid=R4SQeyf1tUFrZDDYCcHDwg&_nc_ss=7c2a8&oh=00_AQAbDTTkiSECL0nzuE296FZEkBRgJzn2VYasAUhAaVV1nQ&oe=6A5FC79F","https://www.facebook.com/PAGASA.DOST.GOV.PH","0","159541878746965","Weather Bulletin as of 8PM for Typhoon #TisoyPH Metro Manila is still under Tropical Cyclone Wind Signal no. 2, stay safe and continue to monitor the situation.",,,"1",,,,"1","0","1575375495000","https://www.facebook.com/PaterosFilChi/posts/pfbid05LL9iVxMVAv1NrfavxKkRbK5PLS2QS3yKhtvGAzxJ8zNRzbF262pZPgYLb9d6Neol"
"No photo description available.","3778209505537840","photo","https://www.facebook.com/photo/?fbid=3778209505537840&set=gm.738088130021579",,,,,,,,,,,,,,,,,"100000464841909","Heartlee Fher HD","https://scontent-iad6-1.xx.fbcdn.net/v/t39.30808-1/471511194_28826313756967402_675904806755740584_n.jpg?stp=cp0_dst-jpg_tt6&cstp=mx614x612&ctp=s24x24&_nc_cat=109&ccb=1-7&_nc_sid=e99d92&_nc_ohc=6MSTaqvAWZUQ7kNvwHAniG3&_nc_oc=AdoSbekpe-a10qm_rLCh6L8wUT-Fxv4GeaeRdNQT1MX87TOwvKKqzQfFAOO5k10iugs&_nc_zt=24&_nc_ht=scontent-iad6-1.xx&_nc_gid=R4SQeyf1tUFrZDDYCcHDwg&_nc_ss=7c2a8&oh=00_AQAfMoetCmEHKnpLjACqnkqWbpBuISRXmFnmMzxlvraEqQ&oe=6A5FCAB7","https://www.facebook.com/jhennyfher.herrera","20","3778209505537840","Ptp

📢 PROMO only 10K CASH out
         After 3-4weeks makakalipat na!
   ***Yung iuupa mo Reserve mo nalang dahil mas masarap na yun monthly mo ay nauuwi sa sarili mong bahay.
Dito para ka lang naupa ang kaibahan lang yun Bahay na hinuhulugan mo nakapangal sa Name mo. Mgandang Investment wala kang talo.

Kaya mong bumili at maghulog ng monthly na gadgets kaya mo din mag ka BAHAY.

* Rent-To-Own
* Non-Flooding Area
* Easy Documentary Requirements
      50sqm. LOT AREA w/ parking space
      53sqm. FLOOR AREA
      2-3  bedrooms provision
      1 toilet and bath

ONLY 10K RESERVATION FEE 

Hurry up!!avail now!!limit units only

Magandang pamasko para sa pamilya 🏘🏠🏡🎄🎄🎊",,,"14",,,,"14","0","1575477765000","https://www.facebook.com/photo.php?fbid=3778209505537840&set=gm.738088130021579&type=3"
