"attachments/0/accessibilityCaption","attachments/0/id","attachments/0/type","attachments/0/url","attachments/1/accessibilityCaption","attachments/1/id","attachments/1/type","attachments/1/url","attachments/2/accessibilityCaption","attachments/2/id","attachments/2/type","attachments/2/url","attachments/3/accessibilityCaption","attachments/3/id","attachments/3/type","attachments/3/url","attachments/4/accessibilityCaption","attachments/4/id","attachments/4/type","attachments/4/url","author/id","author/name","author/profilePicture","author/profileUrl","commentsCount","postId","postText","reactions/anger","reactions/haha","reactions/like","reactions/love","reactions/sorry","reactions/wow","reactionsCount","sharesCount","timestamp","url"
"No photo description available.","2767403553315969","photo","https://www.facebook.com/photo/?fbid=2767403553315969&set=a.248749934556124",,,,,,,,,,,,,,,,,"100082633561758","Grab","https://scontent-iad6-1.xx.fbcdn.net/v/t39.30808-1/356388824_248749954556122_3634612142080762332_n.png?stp=cp0_dst-png&cstp=mx1080x1080&ctp=s40x40&_nc_cat=1&ccb=1-7&_nc_sid=2d3e12&_nc_ohc=VwHRfp8kGqoQ7kNvwGSidTV&_nc_oc=Adr4PR66nLRnXijjhHlCWD9ec5G93hktNUzMaevDUfprO0-b0O9nwDZgkfsV4G0wqzA&_nc_zt=24&_nc_ht=scontent-iad6-1.xx&_nc_gid=eKlZwOttyXpecKDUQn43uA&_nc_ss=7c2a8&oh=00_AQAYHLQFqJgP_kOYzurF1XGSTOvXdDumqFK6xVqyMIRVOw&oe=6A5FC325","https://www.facebook.com/GrabPH","143","2767403553315969","🌂 FLOOD ALERT 🌂

QUEZON CITY 
As of 3:01PM Quezon Ave. Biak-na-Bato. Knee deep. All lanes occupied. Motorists advised to take alternate routes.

MANILA CITY
As of 5:16PM Rizal Memorial Stadium gate. Gutter deep. Passable to all types of vehicles.

As of 3:05PM Roxas Blvd. Service Road Hotel Gen to P. Ocampo north bound. Gutter deep. Passable to all types of vehicles.

As of 3:05PM Guanzon Unilever Intersection. Gutter deep. Passable to all types of vehicles.

As of 3:01PM Roxas Blvd. US Embassy north bound. Gutter deep. Passable to all types of vehicles. 

As of 2:46PM Padre Burgos cor Maria Orosa. Gutter deep. Passable to all types of vehicles. 

As of 2:20PM entrance of Rizal Memorial Stadium. Gutter deep. Passable to all types of vehicles. 

Follow this page and turn on notifications on this post to get updates on flood alerts. Let’s all strive to stay safe and dry! 

Sources:
MMDA
NDRRMC

#TisoyPH
#TyphoonTisoy","15","2","314","4","16",,"351","74","1575358466000","https://www.facebook.com/photo.php?fbid=2767403553315969&set=a.248749934556124&type=3"
"No photo description available.","2477184149058146","photo","https://www.facebook.com/photo/?fbid=2477184149058146&set=a.365711365600523",,,,,,,,,,,,,,,,,"100064849864375","DOST-PAGASA","https://scontent-iad6-1.xx.fbcdn.net/v/t39.30808-1/487303686_1099355335569452_7045424019269009221_n.png?stp=cp0_dst-png&cstp=mx1001x1001&ctp=s40x40&_nc_cat=1&ccb=1-7&_nc_sid=2d3e12&_nc_ohc=8-rGnn6nM6QQ7kNvwG9BeaB&_nc_oc=Ado1iXdKk1riXPrHgTAxKEkx52wpfwo3WJzDq1fvzR4S-NQ6ykcuOqcfKMCyXQ0fQec&_nc_zt=24&_nc_ht=scontent-iad6-1.xx&_nc_gid=eKlZwOttyXpecKDUQn43uA&_nc_ss=7c2a8&oh=00_AQAY2_6_SDho3qeQ0Aeazdp4F3SmA-ddMi7m5vREEDUZjg&oe=6A5FC79F","https://www.facebook.com/PAGASA.DOST.GOV.PH","1","2477184415724786","Flood Bulletin No. 3
Cagayan River Basin",,,"67",,"3","1","71","15","1575494763000","https://www.facebook.com/PAGASA.DOST.GOV.PH/posts/pfbid0zC5TF2WnWvvpscvEBeUxugg9eLGt5fFPruR86BMt1iYw2gaM7ZnnVPa68hTAWu63l"
"No photo description available.","3022909274396502","photo","https://www.facebook.com/photo.php?fbid=3022909274396502&set=a.362804292548312&type=3","No photo description available.","3022909384396491","photo","https://www.facebook.com/photo.php?fbid=3022909384396491&set=a.362804292548312&type=3","No photo description available.","3022909374396492","photo","https://www.facebook.com/photo.php?fbid=3022909374396492&set=a.362804292548312&type=3","No photo description available.","3022909494396480","photo","https://www.facebook.com/photo.php?fbid=3022909494396480&set=a.362804292548312&type=3",,,,,"100064562324642","Rappler","https://scontent-iad6-1.xx.fbcdn.net/v/t39.30808-1/312485121_544389621056444_1709176195648106042_n.jpg?stp=c214.214.652.652a_cp0_dst-jpg_tt6&cstp=mx652x652&ctp=s40x40&_nc_cat=1&ccb=1-7&_nc_sid=2d3e12&_nc_ohc=ivhhtnso5b0Q7kNvwGmnXd9&_nc_oc=AdpzmlYHtOtjek2S3hRcAKAVW0J_5TlK3lDlazjFU8lfZ74C9NcKY9TagFNrPtcIEGI&_nc_zt=24&_nc_ht=scontent-iad6-1.xx&_nc_gid=eKlZwOttyXpecKDUQn43uA&_nc_ss=7c2a8&oh=00_AQBHNTZ6b4bkqTDWGVfEUQKU4dOxjJyYMaR_7G3s-skkUg&oe=6A5FBBC0","https://www.facebook.com/rapplerdotcom","68","3022909604396469","LOOK: Residents and drivers experience knee-deep flood in Brgy. Halang and Bucal in Calamba City, Laguna as of 1:50pm on Tuesday, December 3. The flooding is due to the heavy rain brought about by Typhoon Tisoy. #TisoyPH #FloodPH | via PIA Laguna",,"2","216",,"256","52","526","130","1575359840000","https://www.facebook.com/rapplerdotcom/posts/pfbid02d9DXQBS4qgDxKKc1mtWvRHzhYtuVCiaVhADUq2VUgKEwCyYoQH2MKNnFnQyLjrLQl"
"No photo description available.","2477196339056927","photo","https://www.facebook.com/photo.php?fbid=2477196339056927&set=a.365711365600523&type=3","No photo description available.","2477196272390267","photo","https://www.facebook.com/photo.php?fbid=2477196272390267&set=a.365711365600523&type=3",,,,,,,,,,,,,"100064849864375","DOST-PAGASA","https://scontent-iad6-1.xx.fbcdn.net/v/t39.30808-1/487303686_1099355335569452_7045424019269009221_n.png?stp=cp0_dst-png&cstp=mx1001x1001&ctp=s40x40&_nc_cat=1&ccb=1-7&_nc_sid=2d3e12&_nc_ohc=8-rGnn6nM6QQ7kNvwG9BeaB&_nc_oc=Ado1iXdKk1riXPrHgTAxKEkx52wpfwo3WJzDq1fvzR4S-NQ6ykcuOqcfKMCyXQ0fQec&_nc_zt=24&_nc_ht=scontent-iad6-1.xx&_nc_gid=eKlZwOttyXpecKDUQn43uA&_nc_ss=7c2a8&oh=00_AQAY2_6_SDho3qeQ0Aeazdp4F3SmA-ddMi7m5vREEDUZjg&oe=6A5FC79F","https://www.facebook.com/PAGASA.DOST.GOV.PH","0","2477196452390249","General Flood Advisory (GFA)
as of 6:00 AM, 05 December 2019

Region 2 (Cagayan Valley) - GFA#3
CAR (Cordillera Administrative Region) - GFA#3",,,"75","1",,"2","78","22","1575495314000","https://www.facebook.com/PAGASA.DOST.GOV.PH/posts/pfbid0t1sKeGz1TxqqUE6y8reMALNizBNFa5bT8ozPwknB4h4R6iUKJVwLD8uW4QvKJ9GZl"
"No photo description available.","10158119853866977","photo","https://www.facebook.com/photo/?fbid=10158119853866977&set=a.649184583919869",,,,,,,,,,,,,,,,,"100064849986224","GMA News","https://scontent-iad6-1.xx.fbcdn.net/v/t39.30808-1/658216539_1459297662908553_7892569438724908023_n.jpg?stp=cp0_dst-jpg_tt6&cstp=mx1200x1200&ctp=s40x40&_nc_cat=1&ccb=1-7&_nc_sid=2d3e12&_nc_ohc=_9Kw3PkUnsIQ7kNvwFvL6bd&_nc_oc=AdqQjm8yshboYUJBhm3qjnwrJQVUPucH-YH5eice2ON-YQ7AeVYRucz_j1F30Yz03eQ&_nc_zt=24&_nc_ht=scontent-iad6-1.xx&_nc_gid=eKlZwOttyXpecKDUQn43uA&_nc_ss=7c2a8&oh=00_AQDyxa83OgQvj9DsRCzbsN4ugB6h6t4hZxmftI0x2kOYeg&oe=6A5FC37F","https://www.facebook.com/gmanews","127","10158119856311977","LOOK: Heavy rains flood the gate of Ninoy Aquino Stadium. The organizers put sandbags so pedestrians can go inside. Hopefully the water recedes soon as it has stopped raining in the area. #SEAGames2019 via Mav Gonzales, GMA News

For other updates about the #SEAGames2019, visit our online coverage at: https://gmanews.tv/seagames2019.","2","21","290","5","44","8","370","11","1575359408000","https://www.facebook.com/gmanews/posts/pfbid026UjJRjaGLnfLyS8auCu7bZ735LPWPYUByfrBnkQGw8zYwYtLozFTkATB2x6xzDv5l"
"No photo description available.","2476037065839521","photo","https://www.facebook.com/photo.php?fbid=2476037065839521&set=a.365711365600523&type=3","No photo description available.","2476037022506192","photo","https://www.facebook.com/photo.php?fbid=2476037022506192&set=a.365711365600523&type=3",,,,,,,,,,,,,"100064849864375","DOST-PAGASA","https://scontent-iad6-1.xx.fbcdn.net/v/t39.30808-1/487303686_1099355335569452_7045424019269009221_n.png?stp=cp0_dst-png&cstp=mx1001x1001&ctp=s40x40&_nc_cat=1&ccb=1-7&_nc_sid=2d3e12&_nc_ohc=8-rGnn6nM6QQ7kNvwG9BeaB&_nc_oc=Ado1iXdKk1riXPrHgTAxKEkx52wpfwo3WJzDq1fvzR4S-NQ6ykcuOqcfKMCyXQ0fQec&_nc_zt=24&_nc_ht=scontent-iad6-1.xx&_nc_gid=ofGpgv680MGfch5R1wj5Bg&_nc_ss=7c2a8&oh=00_AQCGbM7qB4_gxEfD293QGjwfDhavkqf8a69P6tADmsMGeQ&oe=6A5FC79F","https://www.facebook.com/PAGASA.DOST.GOV.PH","0","2476037122506182","General Flood Advisory (GFA)
as of 6:00 PM, 04 December 2019

Region 2 (Cagayan Valley) - GFA#2
CAR (Cordillera Administrative Region) - GFA#2",,,"54","1",,,"55","12","1575453541000","https://www.facebook.com/PAGASA.DOST.GOV.PH/posts/pfbid02dumr9dj1mtz7TvxTBYAE7EogumBwJ1w9YTEqkgL5djcAmrPGwdMLcdMEHj2WTiPrl"
,"945623312484967","video",,,,,,,,,,,,,,,,,,"100063785144550","DamEasy PH","https://scontent-iad3-1.xx.fbcdn.net/v/t39.30808-1/746508459_1652101833592639_3655537693643435249_n.jpg?stp=cp0_dst-jpg_tt6&cstp=mx2048x2048&ctp=s40x40&_nc_cat=110&ccb=1-7&_nc_sid=2d3e12&_nc_ohc=jOLJ7qVf_UgQ7kNvwEmZjQf&_nc_oc=AdpSsUCSD__htUFweJHXfD3Vg744au60Bm0m1R6PURPGTHMvxfiwwt4atgeAL6wRGVw&_nc_zt=24&_nc_ht=scontent-iad3-1.xx&_nc_gid=ofGpgv680MGfch5R1wj5Bg&_nc_ss=7c2a8&oh=00_AQBBOLCcY-Z4iCW_CmnxEB_5mPl1iv44m8nOXleprbrTlw&oe=6A5FC108","https://www.facebook.com/DamEasyPH","4","2482357138685311","The Dam Easy® Flood Barrier underwent some serious stress testing in our facility in Ireland. See for yourself just how tough the barrier is! It's built to withstand tonnes of pressure and even the toughest conditions  

#SoDamEasy",,,"12","1",,,"13","1","1582786820000","https://www.facebook.com/DamEasyPH/videos/945623312484967/"
"No photo description available.","2516959718541365","photo","https://www.facebook.com/photo.php?fbid=2516959718541365&set=a.564931848764816&type=3","No photo description available.","2500444700192867","photo","https://www.facebook.com/photo.php?fbid=2500444700192867&set=a.564931848764816&type=3","No photo description available.","2500444736859530","photo","https://www.facebook.com/photo.php?fbid=2500444736859530&set=a.564931848764816&type=3","No photo description available.","2500444766859527","photo","https://www.facebook.com/photo.php?fbid=2500444766859527&set=a.564931848764816&type=3","No photo description available.","2500444793526191","photo","https://www.facebook.com/photo.php?fbid=2500444793526191&set=a.564931848764816&type=3","100057440178758","Adriatico Builders","https://scontent-iad3-2.xx.fbcdn.net/v/t39.30808-1/306924216_564931855431482_8787023237214774270_n.jpg?stp=cp0_dst-jpg_tt6&cstp=mx1293x1293&ctp=s40x40&_nc_cat=103&ccb=1-7&_nc_sid=2d3e12&_nc_ohc=A3-TiWKymLEQ7kNvwE08l1b&_nc_oc=AdpRX1xB9-qYmYZ59xjFuTADGLaHuFPXkH9bg-W5kf7mqKofcvU5HJDvY0mrG_EHL5k&_nc_zt=24&_nc_ht=scontent-iad3-2.xx&_nc_gid=ofGpgv680MGfch5R1wj5Bg&_nc_ss=7c2a8&oh=00_AQD571M8pcZRlTxT-uQaxV4UkWAjkHPbs19nUpy7kebRUw&oe=6A5FC40D","https://www.facebook.com/adriaticobuilders","6","2500445933526077","SOLD! 

Project Moscow 2

* 190sqm Lot area
* 360sqm floor area
* 4 BR
* 4 T/B
* 1 powder room
* 1 maids room
* 1 driver's quarters
* 1 staff T/B
* 2 car garage
* fully automated gates
* High Ceiling at 3.2m GF and 2nd floor
* water heaters for all T/B
* LED lights
* elevated flooring at 90cm
* flood free area guaranteed

Asking price: 19,888,888 negotiable
19.8 million (Negotiable)

PRIME LOCATION:
Moscow st., EASTVILLE, FILINVEST EAST, CAINTA RIZAL 

5mins away from:
(Right Outside the Village Gate) 
SM Masinag, Starbucks, McDonald's, Shakey's, Burger King, Chowking, BDO, Mercury Drug, Eastwest Bank, BPI, Robinsons Metro East Mall, Sta, Lucia Mall, Ayala Malls Feliz. 

10-15mins away from:
ATENEO de Manila, Miriam college, UP Diliman, SM marikina, Eastwood Mall, UP Town Center, Eastwood Mall, Ortigas CBD.

Call or text
09178190469
02-2191913

#adriaticobuilders #projectMoscow2 #bestinclass #topquality",,,"48","6",,"9","63","13","1575419042000","https://www.facebook.com/adriaticobuilders/posts/pfbid0gbQ9Ytm7ySpXNqnLDoCz3ASj2oPdrjWkWmZ57Ec5KfU8Ca4ZVoSJNd8Z4spmEN7zl"
"No photo description available.","2424795624296624","photo","https://www.facebook.com/photo.php?fbid=2424795624296624&set=a.363864482446050&type=3","No photo description available.","2424795737629946","photo","https://www.facebook.com/photo.php?fbid=2424795737629946&set=a.363864482446050&type=3",,,,,,,,,,,,,"100064675025966","GMA News Weather Center","https://scontent-iad6-1.xx.fbcdn.net/v/t39.30808-1/724778055_1541013941397759_4007045830371021396_n.jpg?stp=c95.0.1152.1152a_cp0_dst-jpg_tt6&cstp=mx1152x1152&ctp=s40x40&_nc_cat=107&ccb=1-7&_nc_sid=2d3e12&_nc_ohc=JSfEewpaBicQ7kNvwHzlmbO&_nc_oc=AdpjqHajY4k3NLmfkJbZPgq0qiSKa-URGmiqKvcX2JKBiQz39IxGVh8AhEz5-EI_My4&_nc_zt=24&_nc_ht=scontent-iad6-1.xx&_nc_gid=ofGpgv680MGfch5R1wj5Bg&_nc_ss=7c2a8&oh=00_AQDIJQulhWuVI4EMRC-78wdQaysuNOJvBn8z0Q2qwAXK2A&oe=6A5FD1CD","https://www.facebook.com/gmaweather","8","2424795780963275","Dost_pagasa| Heavy Rainfall Warning No. 4 #NCR_PRSD
Weather System: Typhoon TISOY
Issued at: 4:56 PM,03 December 2019

Yellow Warning: #MetroManila, #Quezon, #Bataan, #Cavite, #Rizal.
Associated Hazard: FLOODING in flood-prone areas

Orange Warning: #Laguna, #Batangas.
Associated Hazard: FLOODING is still THREATENING

Meanwhile, Light to moderate rains affecting #Tarlac, #NuevaEcija, #Zambales, #Pampanga, #Bulacan which may persist within 2-3 hours and may affect nearby areas.",,"1","410","5","37",,"453","72","1575364617000","https://www.facebook.com/gmaweather/posts/pfbid02kFp5drpcDk6bkEnPberwFWuJJh5EViJnaPrMjLb1WwshUVDi5aFihGLWz52pixo2l"
"No photo description available.","2475029162606978","photo","https://www.facebook.com/photo.php?fbid=2475029162606978&set=a.365711365600523&type=3","No photo description available.","2475029119273649","photo","https://www.facebook.com/photo.php?fbid=2475029119273649&set=a.365711365600523&type=3","No photo description available.","2475029169273644","photo","https://www.facebook.com/photo.php?fbid=2475029169273644&set=a.365711365600523&type=3","No photo description available.","2475029335940294","photo","https://www.facebook.com/photo.php?fbid=2475029335940294&set=a.365711365600523&type=3","No photo description available.","2475029452606949","photo","https://www.facebook.com/photo.php?fbid=2475029452606949&set=a.365711365600523&type=3","100064849864375","DOST-PAGASA","https://scontent-iad6-1.xx.fbcdn.net/v/t39.30808-1/487303686_1099355335569452_7045424019269009221_n.png?stp=cp0_dst-png&cstp=mx1001x1001&ctp=s40x40&_nc_cat=1&ccb=1-7&_nc_sid=2d3e12&_nc_ohc=8-rGnn6nM6QQ7kNvwG9BeaB&_nc_oc=Ado1iXdKk1riXPrHgTAxKEkx52wpfwo3WJzDq1fvzR4S-NQ6ykcuOqcfKMCyXQ0fQec&_nc_zt=24&_nc_ht=scontent-iad6-1.xx&_nc_gid=ofGpgv680MGfch5R1wj5Bg&_nc_ss=7c2a8&oh=00_AQCGbM7qB4_gxEfD293QGjwfDhavkqf8a69P6tADmsMGeQ&oe=6A5FC79F","https://www.facebook.com/PAGASA.DOST.GOV.PH","6","2475029762606918","General Flood Advisory (GFA)
as of 6:00 AM, 04 December 2019

Region 3 (Central Luzon) - GFA#4Final
Region 4A (CALABARZON) - GFA#5Final
Region 4B (MIMAROPA) - GFA#4Final
Region 5 (Bicol Region) - GFA #17FInal
Region 8 (Eastern Visayas) - GFA#17Final
NCR (National Capital Region) - GFA#3Final
Region 2 (Cagayan Valley) - GFA#1
CAR (Cordillera Administrative Region) - GFA#1",,,"176",,,,"176","54","1575409892000","https://www.facebook.com/PAGASA.DOST.GOV.PH/posts/pfbid02Rto56D1LvLzHFveAc1QBM9H75NJLtqEJVeqj87q2XHU2PXQkWTtA7QL5pS582UAkl"
"No photo description available.","2664566020437359","photo","https://www.facebook.com/photo.php?fbid=2664566020437359&set=a.463388885837677&type=3","No photo description available.","2664566353770659","photo","https://www.facebook.com/photo.php?fbid=2664566353770659&set=a.463388885837677&type=3","No photo description available.","2664566337103994","photo","https://www.facebook.com/photo.php?fbid=2664566337103994&set=a.463388885837677&type=3","No photo description available.","2664566320437329","photo","https://www.facebook.com/photo.php?fbid=2664566320437329&set=a.463388885837677&type=3",,,,,"100064997071673","LCA Precious Land Realty Inc.","https://scontent-iad6-1.xx.fbcdn.net/v/t39.30808-1/307375379_463388909171008_9053645638494499566_n.png?stp=cp0_dst-png&cstp=mx360x360&ctp=s40x40&_nc_cat=106&ccb=1-7&_nc_sid=2d3e12&_nc_ohc=sny-G0Y97ZMQ7kNvwHOlnJN&_nc_oc=Adrgx6nPoCAgKDtmUet8RZnO0ZIPytVvVYcjT066JSM_h2pUHQ8NGKUDbih0a7MEPpw&_nc_zt=24&_nc_ht=scontent-iad6-1.xx&_nc_gid=ofGpgv680MGfch5R1wj5Bg&_nc_ss=7c2a8&oh=00_AQBfCNsA2RkC9Ev0GZ7ok3vlOdxm90ooqbyZ9o-y0d4nDg&oe=6A5FC664","https://www.facebook.com/lcapreciouslandrealty","23","2664566447103983","ANOTHER AFFORDABLE PRE SELLING PROJ. OF BORLAND DEV'T CORP. OPEN FOR SALE.  FLOOD FREE COMMUNITY. NO MOVE-IN FEE , FREE    water & electric installation

Located at  Brgy. Pagaspas, Tanauan, Batangas,
near Tanuan Institute, Inc. pinaka malapit sa FPIP, Victory mall & market tanauan at Sto.tomas Pamilihang Bayan

   INNER UNIT
Floor Area: 46.60 sqm
Lot Area: 40.00 sqm
PROVISION FOR 3 BEDROOM

PAGIBIG FINANCING

Total Contract Price   P1,052,233.60
Equity    :                          147,233.60
Reservation Fee                   5,000.00
Monthy Equity  for 24mos.        5,926.40
Pag ibig loanable                P905,000
Monthly for 30yrs  :                    5,646.0
required income   :                  17k

Requirements upon reservation:
2 valid IDs
1 month latest original payslip

For Inquiry and tripping schedule pls. call or text us.
LCA Precious Land Realty PRC No. 7850 HLURB 07-S1345
0918- 9653 033 smart
0927 -6438 231 globe
0923-7292060 sun",,,"87","6",,"1","94","1","1575358123000","https://www.facebook.com/lcapreciouslandrealty/posts/pfbid0Z6XRDsQZD4aBD5umfWJ5skBdWDp4fTVhbtLk9fp3HbrXGzUWURKF9ZjAtT8BrLPnl"
"No photo description available.","2428419547267565","photo","https://www.facebook.com/photo.php?fbid=2428419547267565&set=a.363864482446050&type=3","No photo description available.","2428419570600896","photo","https://www.facebook.com/photo.php?fbid=2428419570600896&set=a.363864482446050&type=3",,,,,,,,,,,,,"100064675025966","GMA News Weather Center","https://scontent-iad6-1.xx.fbcdn.net/v/t39.30808-1/724778055_1541013941397759_4007045830371021396_n.jpg?stp=c95.0.1152.1152a_cp0_dst-jpg_tt6&cstp=mx1152x1152&ctp=s40x40&_nc_cat=107&ccb=1-7&_nc_sid=2d3e12&_nc_ohc=JSfEewpaBicQ7kNvwHzlmbO&_nc_oc=AdpjqHajY4k3NLmfkJbZPgq0qiSKa-URGmiqKvcX2JKBiQz39IxGVh8AhEz5-EI_My4&_nc_zt=24&_nc_ht=scontent-iad6-1.xx&_nc_gid=fVt3lQZq2bXzZrGsFp-NXg&_nc_ss=7c2a8&oh=00_AQC4g6cDQMeQfy49t8-yuad0T1S38ev3qSbwp3wwRPWkVQ&oe=6A5FD1CD","https://www.facebook.com/gmaweather","5","2428419723934214","Dost_pagasa| Heavy Rainfall Warning No.8 #NL_PRSD -Aparri Radar
Weather System: Tail end of a Cold Front
Issued at: 05:00 AM, 5 Dec 2019

Orange Warning Level:
#Cagayan and #Isabela(Cabagan, Divilacan, IlaganCity, Maconacon, Palanan, SanMariano, SanPablo, SantaMaria and Tumauini)
FLOODING is THREATENING in flood-prone areas.

Yellow Warning Level:
#Apayao and #Isabela(BenitoSoliven, Burgos, CauayanCity, DelfinAlbano, Echague, Gamu, Jones, Mallig, Naguilian, Quezon, Quirino, ReinaMercedes, Roxas, SanGuillermo, SantaMaria and SantoTomas)
Flooding in flood-prone areas.

Moderate to occasionally heavy rains are being experienced over #Kalinga(Pinukpuk, Tabuk City and Rizal)
meanwhile Light to moderate rains #Kalinga(Balbalan and Tanudan), #MountainProvince(Natonin and Paracelis)which may persist for 2-3 hours",,,"191",,"8","2","201","12","1575493653000","https://www.facebook.com/gmaweather/posts/pfbid0ERGdBcC2i2xT6TfTtLeGu4iFMQ8FoEdK7QEJDviZCWvLw296fkxWDQwmqZKJA9L4l"
"No photo description available.","3921646541194063","photo","https://www.facebook.com/photo/?fbid=3921646541194063&set=a.600474168787982",,,,,,,,,,,,,,,,,"100064762115861","UNTV News and Rescue","https://scontent-iad6-1.xx.fbcdn.net/v/t39.30808-1/339057996_229585659732134_7363939708771708088_n.jpg?stp=cp0_dst-jpg_tt6&cstp=mx600x600&ctp=s40x40&_nc_cat=1&ccb=1-7&_nc_sid=2d3e12&_nc_ohc=2-4kWekjZ00Q7kNvwGoO4x8&_nc_oc=AdqNKz5mUZzyQcrumFDuiV_qqfHEca4tb_7Xpq-ks5JmGjgysW7M3jfq7zBCtdahQO4&_nc_zt=24&_nc_ht=scontent-iad6-1.xx&_nc_gid=fVt3lQZq2bXzZrGsFp-NXg&_nc_ss=7c2a8&oh=00_AQC6c0O_50a4GRf58JFkngW3CABODhbfZ37vMEbH_YR9_g&oe=6A5FB30B","https://www.facebook.com/UNTVNewsRescue","1","3921646704527380","Some of the evacuees admitted that they are used to leaving their homes and seeking safer grounds during typhoon season as they are situated in a flood-prone area.

STORY: https://www.untvweb.com/news/qc-families-conduct-preemptive-evacuation-in-light-of-typhoon-tisoy/",,,"106","2",,"5","113","11","1575369526000","https://www.facebook.com/UNTVNewsRescue/posts/pfbid0C8FavkvXxQFkaZ9BiA85r8d7dcFNdYZ5F4NnXCzCzHVtArZBHyT4VKipz7eARujBl"
"No photo description available.","2507668635949002","photo","https://www.facebook.com/photo/?fbid=2507668635949002&set=a.660577682766243",,,,,,,,,,,,,,,,,"100064420520528","Tulong Muna Bago Balita","https://scontent-iad3-1.xx.fbcdn.net/v/t39.30808-1/472096451_997878072369534_4154053498511926654_n.jpg?stp=c23.23.1034.1034a_cp0_dst-jpg_tt6&cstp=mx1034x1034&ctp=s40x40&_nc_cat=110&ccb=1-7&_nc_sid=2d3e12&_nc_ohc=uUuq10vE6PIQ7kNvwE1P6ZU&_nc_oc=AdrUcFemi4K-MbwhlcZCeR4evFAktLO7DHFi-b852LPuKsys7t8n-ZSfFoVHKi6-GWs&_nc_zt=24&_nc_ht=scontent-iad3-1.xx&_nc_gid=fVt3lQZq2bXzZrGsFp-NXg&_nc_ss=7c2a8&oh=00_AQApBN-WTuOiLH452uiHAJJY_RiZqHRJBeRoyQOJLDkGOA&oe=6A5FA551","https://www.facebook.com/TulongMunaBagoBalita","2","2507668719282327","Heavy Rainfall Warning No. 2  #NCR_PRSD
Weather System: Typhoon TISOY
Issued at: 11:00 AM,03 December 2019

Yellow Warning: #MetroManila, #Rizal, #Cavite.
Associated Hazard: Possible FLOODING in flood-prone areas

Orange Warning: #Batangas, #Laguna.
Associated Hazard: FLOODING is THREATENING

Red Warning: #Quezon.
Associated Hazard: Serious FLOODING is expected in flood-prone areas

Meanwhile, light to moderate rains affecting #Bataan, #Pampanga, #Bulacan, #Tarlac, #Zambales, #NuevaEcija which may persist within 2-3 hours and may affect nearby areas.

The public and the Disaster Risk Reduction and Management Offices concerned are advised to MONITOR the weather condition and watch for the next advisory to be issued at 2:00 PM Today.

For more information and queries, please call telephone numbers 927-1335 and 927-2877 or log on to bagong.pagasa.dost.gov.ph.",,,"104","1",,"2","107","31","1575344921000","https://www.facebook.com/TulongMunaBagoBalita/posts/pfbid023KuscU9YFgEYsMDpQAYHwpHeU1zVxbyNs5stPCKVkhwLF1nS5tegU27jsXunWePUl"
"No photo description available.","2475154105927817","photo","https://www.facebook.com/photo/?fbid=2475154105927817&set=a.365711365600523",,,,,,,,,,,,,,,,,"100064849864375","DOST-PAGASA","https://scontent-iad6-1.xx.fbcdn.net/v/t39.30808-1/487303686_1099355335569452_7045424019269009221_n.png?stp=cp0_dst-png&cstp=mx1001x1001&ctp=s40x40&_nc_cat=1&ccb=1-7&_nc_sid=2d3e12&_nc_ohc=8-rGnn6nM6QQ7kNvwG9BeaB&_nc_oc=Ado1iXdKk1riXPrHgTAxKEkx52wpfwo3WJzDq1fvzR4S-NQ6ykcuOqcfKMCyXQ0fQec&_nc_zt=24&_nc_ht=scontent-iad6-1.xx&_nc_gid=fVt3lQZq2bXzZrGsFp-NXg&_nc_ss=7c2a8&oh=00_AQCQoNSjMUk0dr9jRsNhzdDzmAz3l2CFfwtMvnEI-t36NQ&oe=6A5FC79F","https://www.facebook.com/PAGASA.DOST.GOV.PH","0","2475154852594409","Cagayan River Basin Flood Bulletin No. 1",,,"51","1",,,"52","19","1575414849000","https://www.facebook.com/PAGASA.DOST.GOV.PH/posts/pfbid02fL7pnSo5mQCiJTU9mSgxgwoqM9bZaodivUV76X1MFcNUM2DF5VxSmGVKptHf5JB9l"
"No photo description available.","2424363387673181","photo","https://www.facebook.com/photo.php?fbid=2424363387673181&set=a.363864482446050&type=3","No photo description available.","2424363471006506","photo","https://www.facebook.com/photo.php?fbid=2424363471006506&set=a.363864482446050&type=3",,,,,,,,,,,,,"100064675025966","GMA News Weather Center","https://scontent-iad6-1.xx.fbcdn.net/v/t39.30808-1/724778055_1541013941397759_4007045830371021396_n.jpg?stp=c95.0.1152.1152a_cp0_dst-jpg_tt6&cstp=mx1152x1152&ctp=s40x40&_nc_cat=107&ccb=1-7&_nc_sid=2d3e12&_nc_ohc=JSfEewpaBicQ7kNvwHzlmbO&_nc_oc=AdpjqHajY4k3NLmfkJbZPgq0qiSKa-URGmiqKvcX2JKBiQz39IxGVh8AhEz5-EI_My4&_nc_zt=24&_nc_ht=scontent-iad6-1.xx&_nc_gid=fVt3lQZq2bXzZrGsFp-NXg&_nc_ss=7c2a8&oh=00_AQC4g6cDQMeQfy49t8-yuad0T1S38ev3qSbwp3wwRPWkVQ&oe=6A5FD1CD","https://www.facebook.com/gmaweather","7","2424364554339731","Dost_pagasa| Heavy Rainfall Warning No.09 #SL_PRSD

Weather System: TYPHOON #TisoyPH (KAMMURI)

Issued at: 11:00 AM 03 December 2019

RED Warning Level: #OrientalMindoro, #Marinduque, #Romblon

Community Response

*Severe Flooding is expected in flood prone areas and near river channels. Landslides is possible in landslide prone areas.

YELLOW Warning Level: #CamarinesSur, Burias Is.

Community Awareness

*Flooding is expected in low lying areas near river channels and landslides in mountainous areas.",,"1","188","1","17",,"207","21","1575346830000","https://www.facebook.com/gmaweather/posts/pfbid02UWhx1MUx87GsW3oCBG2HnE3jnhh6sVjjY1nGyskRsHwKwF1ub6xSVxGL2Xm3TpcHl"
,,,,,,,,,,,,,,,,,,,,"100064616655120","Philippine Star","https://scontent-iad6-1.xx.fbcdn.net/v/t39.30808-1/341858556_918415572727450_374717831366242673_n.jpg?stp=cp0_dst-jpg_tt6&cstp=mx1000x1000&ctp=s40x40&_nc_cat=1&ccb=1-7&_nc_sid=2d3e12&_nc_ohc=g5LUxtqmcMcQ7kNvwGYQrxe&_nc_oc=AdqfF-uVPwXxI1x1PYH_1JpMkkniZovT024XJ6UErAsNQtCtqsmJXUFY5bzsFWStPQE&_nc_zt=24&_nc_ht=scontent-iad6-1.xx&_nc_gid=fVt3lQZq2bXzZrGsFp-NXg&_nc_ss=7c2a8&oh=00_AQDUn4TfNhdGiOjvhP0k22DwTLsXVMXJzjHhqRF3db1mJA&oe=6A5FB140","https://www.facebook.com/PhilippineSTAR","2","1564049840415358","ONE News: The portable transponder developed by a local startup company is now installed in a flood detection and early warning system in Coron, Palawan and used to track and monitor fishing boats and tour boat operators in Honda Bay.","1",,"63","6",,"5","75","11","1575418156000","https://www.facebook.com/PhilippineSTAR/posts/pfbid02qUen9rhebAfxB6GRghBWGMfvjzJcbDh5vcg3hcJnCC3LVQZWDF8w8MpvKDY1xqeGl"
"No photo description available.","2651651631580874","photo","https://www.facebook.com/photo/?fbid=2651651631580874&set=a.569758108528541",,,,,,,,,,,,,,,,,"100064830693006","Proud Guardians Of Aspins & Puspins","https://scontent-iad3-1.xx.fbcdn.net/v/t39.30808-1/326547569_566543661991263_3324048247647661325_n.jpg?stp=cp0_dst-jpg_tt6&cstp=mx960x960&ctp=s40x40&_nc_cat=108&ccb=1-7&_nc_sid=2d3e12&_nc_ohc=P7fWwZBQ15cQ7kNvwHpDTVx&_nc_oc=AdrKvRSfmw4bCpldoRtHZJ-nsasM9Ai7NA4ravdwszKWpaRBBoKwfDI6LYUlgutPWFs&_nc_zt=24&_nc_ht=scontent-iad3-1.xx&_nc_gid=aO3tvWCmbJvvVVSarHJHLw&_nc_ss=7c2a8&oh=00_AQCOtfz8K0KUrfPbvPHvl7z1XMvtM_cVmQ4zNeWIrGRkAQ&oe=6A5FC9D2","https://www.facebook.com/WeAreProudGuardiansOfAspinsAndPuspins","10","2651652348247469","Reposting! This poor dog is a flood victim in Davao City. We understand human life is more important. But in cases where heavy rain becomes a threat, please let go of your dogs' chains or leashes. 

No pets should be left behind 🙏🏼

Sleep in peace, my loyal friend. 💐","79","1","6",,"190",,"276","54","1575353698000","https://www.facebook.com/WeAreProudGuardiansOfAspinsAndPuspins/posts/pfbid0bpSekvkfdTKmurcSaAnJehkf4brip5mHvqsebammruF3WQuXXaAg9ctJgUcxTdyUl"
"No photo description available.","1177604232440140","photo","https://www.facebook.com/photo/?fbid=1177604232440140&set=a.1006515509549014",,,,,,,,,,,,,,,,,"100044899003617","Markstopover","https://scontent-iad3-2.xx.fbcdn.net/v/t39.30808-1/680379008_1476464540526832_7562196258024920771_n.jpg?stp=cp6_dst-jpg_tt6&cstp=mx1024x1024&ctp=s40x40&_nc_cat=105&ccb=1-7&_nc_sid=2d3e12&_nc_ohc=S548RkR_xG8Q7kNvwFLnomB&_nc_oc=AdrMJC8xVd-y_kZCgI3mZNt3c8J08KM0YqJcM3y5Bks-qI27urp0fM2DhRjGAU4LgOU&_nc_zt=24&_nc_ht=scontent-iad3-2.xx&_nc_gid=aO3tvWCmbJvvVVSarHJHLw&_nc_ss=7c2a8&oh=00_AQCZEP3wAzrw3_6Y8viGQLqOOmB_XRUnytlcT3OTobctjw&oe=6A5F9D44","https://www.facebook.com/markstopover","14","1177604289106801","Rainy days

Slippery roads, flood anywhere, typhoon signals, cancelled trips and a lot of obstructions during a road trip. Everyone must be prepared and more observant. Keep safe mga biyaheros especially this rainy season.

Superlines 1161
Hino Grandeza 2 RK
📸 Quezon | 2019

#Superlines #Hino #RK8J #Euro4 #Grandeza #Deza #Daet #Airconary #Markstopover #Philbes #Busphotography",,,"237","27","3","3","270","14","1575378016000","https://www.facebook.com/markstopover/posts/pfbid0Cdr9fgTTYNAYwvjm4RmrXaH57LZ64fpMKXrJ4ksS4RE1ie86QTFt7WmCTrNNjhi7l"
"No photo description available.","2899418910103416","photo","https://www.facebook.com/photo.php?fbid=2899418910103416&set=a.484566493697727&type=3","No photo description available.","2899420970103210","photo","https://www.facebook.com/photo.php?fbid=2899420970103210&set=a.484566493697727&type=3","No photo description available.","2899420956769878","photo","https://www.facebook.com/photo.php?fbid=2899420956769878&set=a.484566493697727&type=3","No photo description available.","2899421016769872","photo","https://www.facebook.com/photo.php?fbid=2899421016769872&set=a.484566493697727&type=3","No photo description available.","2899421023436538","photo","https://www.facebook.com/photo.php?fbid=2899421023436538&set=a.484566493697727&type=3","100064331423656","Santa's Village","https://scontent-iad3-1.xx.fbcdn.net/v/t39.30808-1/404502396_732382825582758_5539178888796464493_n.jpg?stp=cp0_dst-jpg_tt6&cstp=mx960x956&ctp=s40x40&_nc_cat=101&ccb=1-7&_nc_sid=2d3e12&_nc_ohc=-tH6cAWrzocQ7kNvwFfwpRk&_nc_oc=Adra4jq9Djb23rO3h9OHJFBjDMCk4kob7uw9LgY0AL-v-GY_CFaCUY_oG5yIFcRbEgc&_nc_zt=24&_nc_ht=scontent-iad3-1.xx&_nc_gid=aO3tvWCmbJvvVVSarHJHLw&_nc_ss=7c2a8&oh=00_AQBwmxljCJ7mgWl4E9Xbz9Ed9Kt-7jiIzO0DrleR8HUtWQ&oe=6A5FCA3B","https://www.facebook.com/MrSantasVillageShop","287","2897542360291071","Hi po!

I am Xavi Ximon Flood born with heart defects (Congenital Heart Disease, Patent Ductus Arteriosus, Ventricular Septal Defect, Severe Valvar Pulmonary Stenosis, Left Heart Enlargement & Hernia too) I am bound for a heart surgery when I reach my ideal weight. ❤️

In preparation, we are accumulating funds for my heart operation. We are knocking on your kind hearts to help us in this fund raising project.

We sell TARP bags that are good for heavy loads. NO BUSLOT- NO PIGTAS guaranteed for sure.

👉🏼For only 120 pesos each
👉🏼& 100 each if you buy 10 pcs.

👉🏼We can customize your design/ logo for minimum purchase of 25 pcs.

By purchasing Xavi bags which were designed & prepared by my family, you will be helping me raise funds for my operation. 

Hopefully, God willing I will have a HAPPY HEART this Christmas. 🙏

Thank you po to everyone who already bought and pitched in. My heart smiles because of you. 😍

Your kindness and generosity will return  a hundred folds back.♥️

Aarone Flood Kate Bittersweet Hope Cantila Trisha Karla Flood",,,"286","150","99",,"535","426","1575453629000","https://www.facebook.com/MrSantasVillageShop/posts/pfbid02wG9Q8TFJYGf2ozch5GbiFhJV3n52EHWLi2dytMUHSAWHiFJ22XrKnD22JU5XHAD5l"
,,,,,,,,,,,,,,,,,,,,"100068787297362","Pagasa Nationalcapitalregionprsd","https://scontent-iad6-1.xx.fbcdn.net/v/t1.6435-1/117890349_325012645508210_7691668635129397714_n.jpg?stp=cp0_dst-jpg_tt6&cstp=mx960x960&ctp=s24x24&_nc_cat=109&ccb=1-7&_nc_sid=e99d92&_nc_ohc=nzJFNRcbOIIQ7kNvwFR4cuT&_nc_oc=AdpDsZfMFs6qK3qDsDaHx3vrsoiJknWQqxGhfq34IWU7EsprHYm61OPYiQY5nzZiKeA&_nc_zt=24&_nc_ht=scontent-iad6-1.xx&_nc_gid=aO3tvWCmbJvvVVSarHJHLw&_nc_ss=7c2a8&oh=00_AQDY57DmaBq4meF69ykF9b9O299RPNMqgjLfCmnEMEt2Kw&oe=6A815C21","https://www.facebook.com/pagasa.nationalcapitalregion","2","2581426248602511","Heavy Rainfall Warning No. 5 #NCR_PRSD
Weather System: Typhoon TISOY
Issued at: 8:00 PM,03 December 2019

Yellow Warning: #Bulacan(DonaRemediosTrinidad, SanMiguel, Norzagaray, SanIldefonso), #Quezon, #NuevaEcija, #Batangas, #Laguna, #Zambales, #Tarlac, #Rizal.
Associated Hazard: FLOODING in flood-prone areas

Meanwhile, Light to moderate rains affecting #MetroManila, #Bataan, #Pampanga, #Cavite, and the rest of Bulacan which may persist within 2-3 hours and may affect nearby areas.

The public and the Disaster Risk Reduction and Management Offices concerned are advised to MONITOR the weather condition and watch for the next advisory to be issued at 11:00 PM Today.",,,"66","1","3",,"70","18","1575374568000","https://www.facebook.com/NDRRMC/posts/pfbid029JYadjgCu6GTEMhxxYF4Fkcb1Gab2GnqJo57wxWw46UC58VzJcEXnCi7816ZZWWEl"
"No photo description available.","2426329394143247","photo","https://www.facebook.com/photo/?fbid=2426329394143247&set=a.363864482446050",,,,,,,,,,,,,,,,,"100064675025966","GMA News Weather Center","https://scontent-iad6-1.xx.fbcdn.net/v/t39.30808-1/724778055_1541013941397759_4007045830371021396_n.jpg?stp=c95.0.1152.1152a_cp0_dst-jpg_tt6&cstp=mx1152x1152&ctp=s40x40&_nc_cat=107&ccb=1-7&_nc_sid=2d3e12&_nc_ohc=JSfEewpaBicQ7kNvwHzlmbO&_nc_oc=AdpjqHajY4k3NLmfkJbZPgq0qiSKa-URGmiqKvcX2JKBiQz39IxGVh8AhEz5-EI_My4&_nc_zt=24&_nc_ht=scontent-iad6-1.xx&_nc_gid=aO3tvWCmbJvvVVSarHJHLw&_nc_ss=7c2a8&oh=00_AQD2da-19q5BCIdqsqWqJ1bjxEp5HCA-fT5QkrHys68Ccw&oe=6A5FD1CD","https://www.facebook.com/gmaweather","3","2426329534143233","Dost_pagasa| Heavy Rainfall Warning No.1 #NL_PRSD -Aparri Radar
Weather System: Northeast Monsoon and STS Tisoy
Issued at: 8:00 AM, 04 Dec 2019

Yellow Warning Level:
#Cagayan
#Apayao and #Isabela(SanMaria,SanPablo,DelfinAlbano,Maconacon,Ilagan and Cabagan)
POSSIBLE Flooding in flood prone areas.

Meanwhile, Light to moderate rains are being experienced over #CamiguinIsland, #FugaIsland, #Abra(Tineg), #IlocosNorte(Adams, Banna, Badoc, BatacCity, Carasi, Dingras, Pagudpud, Paoay, Piddig, Pinili, Sarrat and Vintar), #Isabela(Alicia, Angadanan, BenitoSoliven, CauayanCity, Dinapigue, Echague, Gamu, Jones, Luna, Mallig, Naguilian, Palanan, Quezon, Quirino, ReinaMercedes, Roxas, SanAgustin, SanGuillermo, SanManuel and SanMariano), #MountainProvince(Natonin and Paracelis) which may persist for 2-3 hours",,,"91",,,,"91","8","1575421194000","https://www.facebook.com/gmaweather/posts/pfbid02cTntD1yRhY7iqZswonfkg2xM5SFsTbqTvHvmwCcU5qJvpNbVxjGrDVFdQMNDE5Awl"
,,,,,,,,,,,,,,,,,,,,"100064472988502","Pet Avenue","https://scontent-iad6-1.xx.fbcdn.net/v/t39.30808-1/378138678_675109217981505_2667520918885154052_n.jpg?stp=cp0_dst-jpg_tt6&cstp=mx1200x1200&ctp=s40x40&_nc_cat=100&ccb=1-7&_nc_sid=2d3e12&_nc_ohc=qRtHP8X0W_EQ7kNvwGO9y8B&_nc_oc=AdqGB1OzMHmU0Wu_cIOcBvo_Avnbke_le3dRBPHpTpob9xuvjmWaS2MCVBJ5B_zQprw&_nc_zt=24&_nc_ht=scontent-iad6-1.xx&_nc_gid=aO3tvWCmbJvvVVSarHJHLw&_nc_ss=7c2a8&oh=00_AQC1uNwLzxXDGlHSxJ5PFY7aQ1tnzWXrS1U0hmJ4jj99mg&oe=6A5FCF77","https://www.facebook.com/petavenuephilippines","4","1487442764743156","If you cannot bring them, At least remove their leash 😡","33",,"12",,"136",,"181","9","1575339211000","https://www.facebook.com/bundokerangsirena/posts/pfbid02Z7cg9SR3DbZtAbQzqEmEePRieydkPzYz4xGUcPfxLPg23uxbXn5JKkMRKLxyKzLml"
"No photo description available.","3290634747676954","photo","https://www.facebook.com/photo.php?fbid=3290634747676954&set=a.493759179445834&type=3","No photo description available.","3290634791010283","photo","https://www.facebook.com/photo.php?fbid=3290634791010283&set=a.493759179445834&type=3","No photo description available.","3290635157676913","photo","https://www.facebook.com/photo.php?fbid=3290635157676913&set=a.493759179445834&type=3","No photo description available.","3290635191010243","photo","https://www.facebook.com/photo.php?fbid=3290635191010243&set=a.493759179445834&type=3",,,,,"100064352692938","Rent To Own Home Near Manila","https://scontent-iad6-1.xx.fbcdn.net/v/t39.30808-1/705440087_1424630506358692_9077851649699432492_n.jpg?stp=cp0_dst-jpg_tt6&cstp=mx960x960&ctp=s40x40&_nc_cat=102&ccb=1-7&_nc_sid=2d3e12&_nc_ohc=HYmwg8oAZYYQ7kNvwGFAZX3&_nc_oc=Adqx9zCBMUfJ_hlXKVWVH4MQUzvRX87z3xylBO-njur8jluhcOvKnn4jar9ABCkpfXg&_nc_zt=24&_nc_ht=scontent-iad6-1.xx&_nc_gid=exibJdN3Y3K6nGqatuFXqA&_nc_ss=7c2a8&oh=00_AQBJN6vvS9hROlGRAiGJrN8l9VH7E6YSf36S8D-3BGuDug&oe=6A5FC44F","https://www.facebook.com/AffordableCaviteHomesByTeamGT","18","3290635301010232","Preselling kaya mura pa!!!
Reserve na habang bata pa!!!
Reserve na habang kaya pa!! 🏘🏘🏘🏘

Hindi kailangan member ng pagibig! 
NO bank account needed! 
Basta may regular na trabaho at pasok sa required salary income, locally employed, #OFW #seafarer o kahit business owner puwede rito!
Pwede rin may co-borrower dito, kung hindi pasok sa required income.
👉🚣‍♀️ FLOOD FREE
👉24 hours security 
👉complete amenities
👉with grocery stores,wet and dry market, drugstores,fast food restaurants,appliance ctrs,bayad ctrs,church, clubhouse, and many more inside the village
👉BPO company inside the village
👉school inside the subdivision 
👉near Hospitals and Shopping Malls🏥🏨
👉Quality and Affordable House and Lot

Located at Lancaster New City, 21km or 20-30 minutes away from Baclaran/MOA/NAIA via Cavitex, 45-60minutes away from Makati, Taguig, Alabang.

Only P10k to reserve! 
FREE TRIPPING DAILY!
For inquiries,reservations and tripping schedule,
call/text 
0917-5726876 (Globe/ Viber/ WhatsApp)
Pm me directly!

#MalapitsaPasay
#malapitsaAirport
#malapitsaMOA
#malapitsaNAIA
#malapitsaTagaytay
#malapitsaAlabang",,,"70",,,"1","71","2","1575343847000","https://www.facebook.com/AffordableCaviteHomesByTeamGT/posts/pfbid02dVkMNHKhNkRk5XKoBPCLoHQESFZGyxAjxX52kG1XczKsb8jjssdedrWdAEqmuTCvl"
"No photo description available.","2616007485151960","photo","https://www.facebook.com/photo/?fbid=2616007485151960&set=a.765606308703081",,,,,,,,,,,,,,,,,"100057611561153","Defend Jobs Philippines","https://scontent-iad3-1.xx.fbcdn.net/v/t39.30808-1/651766974_1384518710145168_2025268283905427226_n.jpg?stp=cp0_dst-jpg_tt6&cstp=mx2048x2048&ctp=s40x40&_nc_cat=104&ccb=1-7&_nc_sid=2d3e12&_nc_ohc=ABYGaCpo15EQ7kNvwGKesfm&_nc_oc=AdrRnX3h1DSj3h5qJ6h-D1H1fJhZhEzyxcXTevXNc9J7tx63aMOEwn1cVUW3QMgiIow&_nc_zt=24&_nc_ht=scontent-iad3-1.xx&_nc_gid=exibJdN3Y3K6nGqatuFXqA&_nc_ss=7c2a8&oh=00_AQCpos-VxtNxpCbL5PPTVD3AvTB4f3CRPHtHKGAVmVHBoQ&oe=6A5FB2C2","https://www.facebook.com/DefendJobsPhilippines","3","2616007798485262","NEWS: Labor group tells gov’t, private firms: “Have a heart for workers in times of typhoon, emergency situations”

Labor group, Defend Job Philippines today calls out the attention of the national government and private companies to “have a heart and show compassion to Filipino workers in both private and public sectors in time of typhoon and emeregency situations.”

The group rings the alarm as clamor to declare #WalangPasok for workers be also declared by the government and companies ahead of upcoming typhoons. On social media, #WeSwimAsOne made it as top Twitter trending topic today as critic to the non-suspension of work amid current typhoon.

As of this writing, no cancellation of work has been declared yet despite reported destructions and hazard threats brought by TS Tisoy in various parts of Luzon and Visayas.

“Filipino workers were not waterproof, thus, their welfare and safety in going to work and returning back home must be on top of the government and employer’s priority at all times and at all cost,” said Christian Lloyd Magsoy, Defend Job Philippines spokesperson.

He added, “As a country that has been facing regular numerous typhoons every year, the government must have taken up precautionary measures and preemptive plans that will ensure safety of its working men and women.” 

Defend Job Philippines suggests that in this kind of emergency situation, the government must craft a national policy that will generalize set-up in suspending work, both in the public and private sector — similar to how classes were being suspended during emergency situations and typhoons. They also pointed out that work suspension for workers must be a paid day for pubic and private workers across the country.

“Local and international businesses must also do their part in ensuring occupational safety in the country by not looking at their workforce as mere profit tools, rather as human beings who were mainly at risk during crisis situations like typhoon, flood and other related incidents,” said Magsoy.

The labor group said that this issue must be addressed immediately “as the safety and welfare of Filipino workers must not be compromised over profit.”",,,"121","17","8",,"146","121","1575341778000","https://www.facebook.com/DefendJobsPhilippines/posts/pfbid0u61UTbRmi2BcPCqGNiD7fh1bSnPreDUEGSKh6mE4ZJu3sasiBZZvpyfY9UTmHiHVl"
"No photo description available.","155946509118919","photo","https://www.facebook.com/photo/?fbid=155946509118919&set=a.525031549622916",,,,,,,,,,,,,,,,,"100063482269366","Catholic Lay Apologetics, SPMS","https://scontent-iad6-1.xx.fbcdn.net/v/t39.30808-1/285479586_814999419880288_8031123905161741918_n.jpg?stp=cp0_dst-jpg_tt6&cstp=mx720x728&ctp=s40x40&_nc_cat=100&ccb=1-7&_nc_sid=2d3e12&_nc_ohc=n6RLiFmpQxMQ7kNvwHv4Tpv&_nc_oc=Adr0PNoId31f94kxnTjljKYntyZpK_RcMoBejXDdzBgoOJ7ZM-e0XHRDMu2iZSwg2f8&_nc_zt=24&_nc_ht=scontent-iad6-1.xx&_nc_gid=exibJdN3Y3K6nGqatuFXqA&_nc_ss=7c2a8&oh=00_AQC97Kdjp8xMFXdHxE2ijYFRc_FjJUcQciBNTmdOmi1Q9w&oe=6A5FB646","https://www.facebook.com/catholictrinitariandogma","1","155946529118917","What is Iconoclasm?

Iconoclasm is the social belief in the importance of the destruction of icons and other images or monuments, most frequently for religious or political reasons. People who engage in or support iconoclasm are called iconoclasts, a term that has come to be figuratively applied to any individual who challenges ""cherished beliefs or venerated institutions on the grounds that they are erroneous or pernicious"".

How iconoclasm started?

In the Eastern Roman (Byzantine) Empire, government-led iconoclasm began with Byzantine Emperor Leo III, following what seems to have been a long period of rising opposition to the use or misuse of images. The religious conflict created political and economic divisions in Byzantine society. It was generally supported by the Eastern, poorer, non-Greek peoples of the Empire who had to deal frequently with raids from the new Muslim Empire. On the other hand, the wealthier Greeks of Constantinople, and also the peoples of the Balkan and Italian provinces, strongly opposed iconoclasm.

So Catholics Worship Statues?

The first commandment says:

I am the Lord your God, who brought you out of the land of Egypt, out of the house of bondage. You shall have no other gods before me. You shall not make for yourself a graven image, or any likeness of anything that is in heaven above, or that is in the earth beneath, or that is in the water under the earth; you shall not bow down to them or serve them (Ex. 20:2–5).

Well-meaning Evangelicals and Fundamentalists, armed with the above text, often try to use it against Catholics:

How can God make it any clearer than this? We are not to have ‘graven images,’ or statues, yet what do you see in almost every Catholic Church around the world? Statues! This is the definition of idolatry. And please, do not give me any of this nonsense about equating the statues in your churches to carrying a photograph of a loved one in your wallet. In Exodus 20, as well as in Deuteronomy 5:7–8, God specifically says we are not to make statues in the shape of anything in the sky above, the earth below or the waters beneath the earth.

How are we to respond?

Clarifications

The Catholic Church does not believe any statue or image has any power in and of itself. The beauty of statues and icons move us to the contemplation of the Word of God as he is himself or as he works in his saints. And, according to Scripture, as well as the testimony of the centuries, God even uses them at times to impart blessings (e.g., healings) according to his providential plan.

While it can certainly be understood how a superficial reading of the first commandment could lead one to believe we Catholics are in grave error with regard to our use of statues and icons, the key to a proper understanding of the first commandment is found at the very end of that same commandment, in verse 5 of Exodus 20: “You shall not bow down to them or serve [adore] them.”

The Lord did not prohibit statues; he prohibited the adoration of them. If God truly meant that we were not to possess any statues at all, then he would later contradict himself. Just five chapters after this commandment in Exodus 20, God commanded Moses to build the ark of the Covenant, which would contain the presence of God and was to be venerated as the holiest place in all of Israel. Here is what God commanded Moses concerning the statues on it:

And you shall make two cherubim of gold; of hammered work shall you make them, on the two ends of the mercy seat. Make one cherub on the one end, and one cherub on the other end; of one piece with the mercy seat shall you make the cherubim on its two ends (Ex. 25:18–19).

In Numbers 21:8–9, not only did our Lord order Moses to make another statue in the form of a bronze serpent, he commanded the children of Israel to look to it in order to be healed. The context of the passage is one where Israel had rebelled against God, and a plague of deadly snakes was sent as a just punishment. This statue of a snake had no power of itself—we know from John 3:14 it was merely a type of Christ—but God used this image of a snake as an instrument to effect healing in his people.

Further, in 1 Kings 6, Solomon built a temple for the glory of God, described as follows:

In the inner sanctuary he made two cherubim of olivewood, each ten cubits high. . . . He put the cherubim in the innermost part of the house. . . . He carved all the walls of the house round about with carved figures of cherubim and palm trees, and open flowers, in the inner and outer rooms. . . . For the entrance to the inner sanctuary he made doors of olivewood. . . . He covered the two doors of olivewood with carvings of cherubim, palm trees, and open flowers; he overlaid them with gold (1 Kgs. 6:23, 27, 29, 31, 32).

King Solomon ordered the construction of multiple images of things both “in heaven above” (angels) and “in the earth beneath” (palm trees and open flowers). And then, after the completion of the temple, God declared he was pleased with its construction (1 Kgs. 9:3). Didn't God know what King Solomon had done?

It becomes apparent, given the above evidence, that a strictly literal interpretation of Exodus 20:2–5 is erroneous. Otherwise, we would have to conclude that God prohibits something in Exodus 20 that he commands elsewhere.

Guiding Us Home

Why would God use these images of serpents, angels, palm trees, and open flowers? Why didn’t he heal the people directly rather than use a “graven image”? Why didn’t he command Moses and Solomon to build an ark and a temple void of any images at all?

First, God knows what his own commandments mean. He never condemned the use of statues absolutely. Second, God created man as a being who is essentially spiritual and physical. In order to draw us to himself, God uses both spiritual and physical means. He will use statues, the temple, or even creation itself to guide us to our heavenly home.

Psalm 19:1 tells us:

The heavens are telling the glory of God; and the firmament proclaims his handiwork.”

Romans 1:20 says:

Ever since the creation of the world his invisible nature, namely, his eternal power and deity, has been clearly perceived in the things that have been made.

Gazing at a sunset—or a great painting of a sunset—and contemplating the greatness of God through the beauty of his creation is not idolatry. Nor is it idolatrous to look at statues of great saints of old in order to honor them for the great things God has done through them. It is no more idolatrous for us to desire to imitate their holy lives and honor them than it was for St. Paul to exhort the Corinthians to imitate his own holy life (1 Cor. 4:16) and to “esteem very highly” those who were “over [the Thessalonians] in the Lord and admonish [them]” (1 Thess. 5:12–13).

Jesus Is the Reason

It is Jesus Christ himself who gives us the ultimate example of the value of statues and icons. Indeed, Christ, in his humanity, has opened up an entirely new economy of iconography and statuary. Christ becomes for us the ultimate reason for all representations of the angels and saints. Why do we say this? Colossians 1:15 tells us Christ is, “The image (Gr.-icon) of the invisible God.”

 Christ is the ultimate icon! And what does this icon reveal to us? He reveals God the Father. When Jesus said, “He who has seen me has seen the Father,” in John 14:9, he does not mean that he is the Father. He isn’t. He’s the Son. Hebrews 1:3 tells us Christ “reflects the glory of God and bears the very stamp of his nature.” That is the essence of what statues and icons are. Just as “the word became flesh” (John 1:14) and revealed the Father to us in a manner beyond the imaginings of men before the advent of Christ, representations of God’s holy angels and saints are also icons of Christ who by their heroic virtue “reflect the glory of God” as well. Just as St. Paul told the Corinthians to hold up his own life as a paradigm when he said, “I urge you, then, be imitators of me,” the Church continues to hold up great men and women of faith as “icons” of the life of Christ lived in fallen human nature aided by grace.

Adoration is as Adoration Does

Many Protestants will claim that, while the Catholic may say he does not adore statues, his actions prove otherwise. Catholics kiss statues, bow down before them, and pray in front of them. According to these same Protestants, that represents the adoration that is due God alone. Peter, when Cornelius bowed down to adore him, ordered him to “stand up; I too am a man” (Acts 10:26). When John bowed down before an angel, the angel told him, “You must not do that! I am a fellow servant with you” (Rev. 19:10). But Catholics have no problem bowing down before what is less—a statue of Peter or John!

Is kissing or kneeling down before a statue the same as adoring it? Not necessarily. Both Peter in Acts 10 and the angel in Revelation 19 rebuked Cornelius and John, respectively, specifically for adoring them as if each was adoring the Lord. The problem was not with the bowing; it was with the adoration. Bowing does not necessarily entail adoration. For example, Jacob bowed to the ground on his knees seven times to his elder brother Esau (Gen. 33:3), Bathsheba bowed to her husband David (1 Kgs. 1:16), and Solomon bowed to his mother Bathsheba (1 Kgs. 2:19). In fact, in Revelation 3:9, John records the words of Jesus:

Behold, I will make those of the synagogue of Satan who say that they are Jews and are not, but lie—behold, I will make them come and bow down before your feet, and learn that I have loved you.

Here, John uses the same verb for “bow down” (proskuneo) that he used in Revelation 19:10 for “adoration” when he acknowledged his own error in adoring the angel. Would anyone dare say that Jesus would make someone commit idolatry? Of course not!

I argue that in a sense, Jesus is saying to those who do not know him, ""You can either bow down to my people (respect and honor them) now in this life, or I will compel you to do so in the next. It's your choice."" But however you interpret Rev. 3:9, it is probably the clearest example in the New Testament of why bowing does not equal adoring (or worshipping).

This may sound shocking to Christians raised in what has become a very cold Western world that has lost, for the most part, a true affective sense. On one side we have a culture that has become so inundated with everthing sexual, we've lost what the ancient people of God did not so much put to words as they did live from the core of their collective being. They knew how to love and respect each other. St. Paul, for example, encouraged Christians to greet one another with a holy kiss (Rom. 16:16; 1 Cor. 16:20; 2 Cor. 13:12; 1 Thess. 5:26).

""Are you kidding me, St. Paul? Get away from me, pal!"" 

On the other side, we have a large portion of Protesants who fear any act of reverence directed toward a human or angel will bring the immediate wrath of a ""jealous God."" How far is this removed from what we saw from Jesus in Rev. 3:9, or from the clergy in Ephesus who we find embracing and kissing Paul after his final discourse to them in Acts 20:37. As the context of these passages make clear, these are acts of affection, not adoration. And, Lord have mercy, they are certainly not representative of anything untoward.

Conclusion

I suppose the message we should send to those outside of the Catholic Church who don't get why we bow down before, kiss, put flowers in front of, etc. statues and icons, is that we Catholics take very seriously the biblical injunctions to praise and honor great members of God’s family (see, for example, Ps. 45:17; Luke 1:48; 1 Thess. 5:12–13; 1 Tim. 5:17; 1 Pet. 5:5–6, etc.). And we do not change our beliefs because either the world, or certain people who name the name of Christ may walk away from them.

We also believe, as Scripture makes very clear, that death does not separate us from the love of Christ (Rom. 8:38), or from his body, which is the Church (Col. 1:24). Our “elders in heaven” (cf. Rev. 5:8) should be honored as much or even more than our greatest members on earth. So having statues honoring God or great saints brings to mind the God we adore and the saints we love and respect. This is a no-brainder for Catholics. To us, having statues is just as natural as—you guessed it—having pictures in our wallets to remind us of the ones we love here on earth. But reminding ourselves of loved ones is a far cry from idolatry.

Catholic Apologetics 1 App
-repost

📷 CTTO",,"1","46","8",,,"55","16","1575339941000","https://www.facebook.com/catholictrinitariandogma/posts/pfbid02ncyo1B8SQy94WrBferUQq3Ww5M5WLYTCmyy3zGogDa5enoDPtghW5QDetiuLYfDUl"
"No photo description available.","1230324053820114","photo","https://www.facebook.com/photo.php?fbid=1230324053820114&set=a.226258772861231&type=3","No photo description available.","1230324047153448","photo","https://www.facebook.com/photo.php?fbid=1230324047153448&set=a.226258772861231&type=3",,,,,,,,,,,,,"100064313306749","National Food Authority","https://scontent-iad3-1.xx.fbcdn.net/v/t39.30808-1/553354500_1193597882793977_6314723631927378071_n.jpg?stp=c36.0.1976.1976a_cp0_dst-jpg_tt6&cstp=mx1976x1976&ctp=s40x40&_nc_cat=104&ccb=1-7&_nc_sid=2d3e12&_nc_ohc=IIKFkJcC6eoQ7kNvwGpZ_Xy&_nc_oc=AdopIwd8vWMi-ZtYSIWiv_rr69DXjG6eohYYQ89-4ZFur-EO49OoaG3AsxfAmf1Keqs&_nc_zt=24&_nc_ht=scontent-iad3-1.xx&_nc_gid=exibJdN3Y3K6nGqatuFXqA&_nc_ss=7c2a8&oh=00_AQDiZIzAzpOJmPf28CFwBhICSwxLJnsCG9ISd0J8JRrNYw&oe=6A5FAD3C","https://www.facebook.com/nfapublicaffairs","1","1230324143820105","NFA is ready for typhoon Tisoy 

The National Food Authority assures quick response to emergency rice requests from local government units (LGUs) and relief agencies in areas on the path of typhoon Tisoy (kammuri). 

NFA Administrator Judy Carol Dansal said that the NFA has activated its Operation Centers (OpCen) as early as November 28 in typhoon-affected areas to immediately act on requests for emergency rice stocks. The centers will cater to requests and other concerns from LGUs, relief agencies and other government offices where the NFA has existing memorandum of agreements.   

In Bicol, NFA Regional Director Henry Tristeza reported that the NFA has already released 17, 024 bags of rice to local government units (LGUs) in the region. At the moment, at least 411 evacuees or 82 families are currently being sheltered at the NFA office in Legazpi City. According to Tristeza, the evacuees were moved to the second and third floors of the NFA building after the ground floor was inundated due to heavy rains brought by typhoon Tisoy. However, even the upper floors were drenched after strong winds destroyed the windows.

The evacuees are being fed by the NFA while waiting for relief assistance from the DSWD and LGUs. 

Administrator Dansal said NFA’s stocks in Bicol are sufficient to address the rice requirements of the region at this time. The whole region has total rice stocks recorded at 132,134 bags. Catanduanes has 26,381 bags while Sorsogon has 2,337 bags. 

In other regions expected to be hit by ‘Tisoy’, NFA rice stocks have already been prepositioned for quick response to any need for relief operations. “We have enough rice supply in the areas where Tisoy is expected to make landfall,” Dansal said. 

In Region 8, rice stocks stored at the GID warehouse in Baybay, Leyte are being properly secured in preparation for typhoon Tisoy. Preparations are also underway at the NFA in the National Capital Region (NCR) as rice stocks are being readied should emergency requests to supply additional stocks to affected areas will be needed. 

NFA-NCR Regional Director Carlito Co has issued instructions to all managers in the NCR to undertake precautionary measures such as ensuring the safety and security of personnel, stocks and property; assigning personnel as OICs to act on any request from the public/private or government as well as instructions from the central office; monitoring market situation (prevailing price, supply and demand on commercial rice; reporting any irregular situation or  developments in the markets; and coordinating with LGUs or government institutions if they need assistance in terms of rice supply. ### 

/lina120219",,,"46","8","2",,"56","20","1575340469000","https://www.facebook.com/nfapublicaffairs/posts/pfbid02qhRswa1HDDo4KsrEnYFNWE88su2nwq5FcNWT8Tao1Cq8uLi19zekUeV5kDEk8qjHl"
,,,,,,,,,,,,,,,,,,,,"100064472988502","Pet Avenue","https://scontent-iad6-1.xx.fbcdn.net/v/t39.30808-1/378138678_675109217981505_2667520918885154052_n.jpg?stp=cp0_dst-jpg_tt6&cstp=mx1200x1200&ctp=s40x40&_nc_cat=100&ccb=1-7&_nc_sid=2d3e12&_nc_ohc=qRtHP8X0W_EQ7kNvwGO9y8B&_nc_oc=AdqGB1OzMHmU0Wu_cIOcBvo_Avnbke_le3dRBPHpTpob9xuvjmWaS2MCVBJ5B_zQprw&_nc_zt=24&_nc_ht=scontent-iad6-1.xx&_nc_gid=exibJdN3Y3K6nGqatuFXqA&_nc_ss=7c2a8&oh=00_AQB_G205XC_yEycCSiIxi4AcnFwsPZwroDNnRtrkbBpA2A&oe=6A5FCF77","https://www.facebook.com/petavenuephilippines","14","2651647741581263","Reposting! This poor dog is a flood victim in Davao City. We understand human life is more important. But in cases where heavy rain becomes a threat, please let go of your dogs' chains or leashes. 

Sleep in peace, my loyal friend.","104",,"12","1","222",,"339","62","1575353507000","https://www.facebook.com/WeAreProudGuardiansOfAspinsAndPuspins/posts/pfbid0dwdb8JTLzWzZd1kkx9SssuH7Z2tP3VGoNPGf2SGyBYAonYDpn3bPhFNrCEdHfEWnl"
,,,,,,,,,,,,,,,,,,,,"100064472988502","Pet Avenue","https://scontent-iad6-1.xx.fbcdn.net/v/t39.30808-1/378138678_675109217981505_2667520918885154052_n.jpg?stp=cp0_dst-jpg_tt6&cstp=mx1200x1200&ctp=s40x40&_nc_cat=100&ccb=1-7&_nc_sid=2d3e12&_nc_ohc=qRtHP8X0W_EQ7kNvwGO9y8B&_nc_oc=AdqGB1OzMHmU0Wu_cIOcBvo_Avnbke_le3dRBPHpTpob9xuvjmWaS2MCVBJ5B_zQprw&_nc_zt=24&_nc_ht=scontent-iad6-1.xx&_nc_gid=exibJdN3Y3K6nGqatuFXqA&_nc_ss=7c2a8&oh=00_AQB_G205XC_yEycCSiIxi4AcnFwsPZwroDNnRtrkbBpA2A&oe=6A5FCF77","https://www.facebook.com/petavenuephilippines","0","10156411162471734","just takes a few sec. to unleash :(","13",,"4",,"52",,"69","11","1575369172000","https://www.facebook.com/reklamo/posts/pfbid05EYSRkxJHTbJMa3DiCHN4hJjYhmpGPrvmCnJe4eguAfEcmiU8y2GLBkwrzzYsKNel"
"No photo description available.","2548598712082819","photo","https://www.facebook.com/photo.php?fbid=2548598712082819&set=a.556402089856170&type=3","No photo description available.","2548598588749498","photo","https://www.facebook.com/photo.php?fbid=2548598588749498&set=a.556402089856170&type=3","No photo description available.","2548598858749471","photo","https://www.facebook.com/photo.php?fbid=2548598858749471&set=a.556402089856170&type=3","No photo description available.","2548599098749447","photo","https://www.facebook.com/photo.php?fbid=2548599098749447&set=a.556402089856170&type=3","No photo description available.","2548599178749439","photo","https://www.facebook.com/photo.php?fbid=2548599178749439&set=a.556402089856170&type=3","100064591516729","Save Animals of Love and Light - Save ALL","https://scontent-iad3-2.xx.fbcdn.net/v/t39.30808-1/327124116_3330075783987707_2491812723656883631_n.jpg?stp=c0.0.193.193a_cp0_dst-jpg_tt6&cstp=mx193x193&ctp=s40x40&_nc_cat=103&ccb=1-7&_nc_sid=2d3e12&_nc_ohc=ViBRYVbBO9oQ7kNvwHEL-La&_nc_oc=AdqJb3f3SxxarYZ9_aCn_KMFdsNlMAKJv0_ze8FszC9fQUB33-4Zmqa0YycaZ2kPmVQ&_nc_zt=24&_nc_ht=scontent-iad3-2.xx&_nc_gid=exibJdN3Y3K6nGqatuFXqA&_nc_ss=7c2a8&oh=00_AQBy0TC_Zc7QZJIGQfOuM1QFIN1LPy7gKLE1v7uQfic73g&oe=6A5FA042","https://www.facebook.com/saveanimalsofloveandlightPH","13","2548602708749086","The Save ALL team in one home of two homes in Bulacan has secured the dogs. The team has been calming the dogs and cats too.

 Don't worry about those in the lot. May hangin don. There is air coming in, specially now that the wind is strong in the area. 

The area is flood-free, and as you can see the structure has a roofdeck where they can place the dogs and cats if there will be flood waters which has not happened in this area. 

The other dogs in another foster home in Bulacan are okay as per our check with the foster and caretaker last night. Secure na din sila.

The dogs and cats in Quezon City have been checked too.

We have one concern tho: a eucalyptus tree in the garden is  shaking.. A . caretaker has gone out to buy nylon rope  so we can tie the tree to the grill on the fence. We have moved  most dogs to another house.

Please pray for the safety of our rescued dogs and cats in 6 foster places. 

Thank you.  Keep safe, everyone...",,,"91","78",,,"169","13","1575339341000","https://www.facebook.com/saveanimalsofloveandlightPH/posts/pfbid0xF3a3GN3ezyAcs9PVc3GmWu1QyQobtUxMZxmhkKitnFeCXjwUvNFx6o7LovvzWxkl"
,,,,,,,,,,,,,,,,,,,,"100064472988502","Pet Avenue","https://scontent-iad6-1.xx.fbcdn.net/v/t39.30808-1/378138678_675109217981505_2667520918885154052_n.jpg?stp=cp0_dst-jpg_tt6&cstp=mx1200x1200&ctp=s40x40&_nc_cat=100&ccb=1-7&_nc_sid=2d3e12&_nc_ohc=qRtHP8X0W_EQ7kNvwGO9y8B&_nc_oc=AdqGB1OzMHmU0Wu_cIOcBvo_Avnbke_le3dRBPHpTpob9xuvjmWaS2MCVBJ5B_zQprw&_nc_zt=24&_nc_ht=scontent-iad6-1.xx&_nc_gid=oh2VZgO2yPRqOOF8B2eV6Q&_nc_ss=7c2a8&oh=00_AQAMfuBT9B2j3oHkSkL4NfWg-vd-VpBQRX37kFD59G5gXQ&oe=6A5FCF77","https://www.facebook.com/petavenuephilippines","25","1522219531252358","😩😩😩","157",,"30","2","370",,"559","25","1575345452000","https://www.facebook.com/groups/752416584899327/permalink/1522219531252358/"
,,,,,,,,,,,,,,,,,,,,"100063541338204","Random stuff","https://scontent-iad6-1.xx.fbcdn.net/v/t39.30808-1/338511377_163483803278415_2663582567396717765_n.jpg?stp=cp0_dst-jpg_tt6&cstp=mx866x866&ctp=s40x40&_nc_cat=109&ccb=1-7&_nc_sid=2d3e12&_nc_ohc=bBHMBq06oM4Q7kNvwEfQW1i&_nc_oc=AdrsclN276fpAgVb6QqPA67qISeoZLZa_FYhBT9bsC3FDO76lJ24HhEGKX3r-UzpL9s&_nc_zt=24&_nc_ht=scontent-iad6-1.xx&_nc_gid=oh2VZgO2yPRqOOF8B2eV6Q&_nc_ss=7c2a8&oh=00_AQBVsm5NOCXQ73SVZD9qnYtqh_SAZlz6CLZ6GVrJb6VJPw&oe=6A5FA03E","https://www.facebook.com/jensenfprelovedcrocsforkids","2","2415184202144546","A survivor of flood, 
A survivor of earthquake,
A survivor of tsunami, 
A survivor of volcanic eruption,
and A survivor of asteroid explosion.

But never been survivor of love. 💔",,,"10","17","168",,"195","40","1575360079000","https://www.facebook.com/jensenfprelovedcrocsforkids/posts/pfbid0UxbDCcFhaZtaxqxs5KJbmxuaxw97EAtdfM7kXi8XujEbm5hjneYZwtyGeJJMw4Spl"
,,,,,,,,,,,,,,,,,,,,"100064472988502","Pet Avenue","https://scontent-iad6-1.xx.fbcdn.net/v/t39.30808-1/378138678_675109217981505_2667520918885154052_n.jpg?stp=cp0_dst-jpg_tt6&cstp=mx1200x1200&ctp=s40x40&_nc_cat=100&ccb=1-7&_nc_sid=2d3e12&_nc_ohc=qRtHP8X0W_EQ7kNvwGO9y8B&_nc_oc=AdqGB1OzMHmU0Wu_cIOcBvo_Avnbke_le3dRBPHpTpob9xuvjmWaS2MCVBJ5B_zQprw&_nc_zt=24&_nc_ht=scontent-iad6-1.xx&_nc_gid=oh2VZgO2yPRqOOF8B2eV6Q&_nc_ss=7c2a8&oh=00_AQAMfuBT9B2j3oHkSkL4NfWg-vd-VpBQRX37kFD59G5gXQ&oe=6A5FCF77","https://www.facebook.com/petavenuephilippines","14","1036897343320053","","40",,"8","1","64",,"113","9","1575352528000","https://www.facebook.com/groups/632595403750251/permalink/1036897343320053/"
,,,,,,,,,,,,,,,,,,,,"100064472988502","Pet Avenue","https://scontent-iad6-1.xx.fbcdn.net/v/t39.30808-1/378138678_675109217981505_2667520918885154052_n.jpg?stp=cp0_dst-jpg_tt6&cstp=mx1200x1200&ctp=s40x40&_nc_cat=100&ccb=1-7&_nc_sid=2d3e12&_nc_ohc=qRtHP8X0W_EQ7kNvwGO9y8B&_nc_oc=AdqGB1OzMHmU0Wu_cIOcBvo_Avnbke_le3dRBPHpTpob9xuvjmWaS2MCVBJ5B_zQprw&_nc_zt=24&_nc_ht=scontent-iad6-1.xx&_nc_gid=oh2VZgO2yPRqOOF8B2eV6Q&_nc_ss=7c2a8&oh=00_AQAMfuBT9B2j3oHkSkL4NfWg-vd-VpBQRX37kFD59G5gXQ&oe=6A5FCF77","https://www.facebook.com/petavenuephilippines","2","444882506174604","If you cannot bring them, At least remove their leash 😡","18",,"9",,"86",,"113","8","1575339222000","https://www.facebook.com/TheLostAdventures/posts/pfbid0Ms5znxQuV361o62xwBMMk52D4uMofyQ6wm3JVurXKwEyenWPSfCCXgDP6ncxgSvXl"
,,,,,,,,,,,,,,,,,,,,"100064472988502","Pet Avenue","https://scontent-iad6-1.xx.fbcdn.net/v/t39.30808-1/378138678_675109217981505_2667520918885154052_n.jpg?stp=cp0_dst-jpg_tt6&cstp=mx1200x1200&ctp=s40x40&_nc_cat=100&ccb=1-7&_nc_sid=2d3e12&_nc_ohc=qRtHP8X0W_EQ7kNvwGO9y8B&_nc_oc=AdqGB1OzMHmU0Wu_cIOcBvo_Avnbke_le3dRBPHpTpob9xuvjmWaS2MCVBJ5B_zQprw&_nc_zt=24&_nc_ht=scontent-iad6-1.xx&_nc_gid=oh2VZgO2yPRqOOF8B2eV6Q&_nc_ss=7c2a8&oh=00_AQAMfuBT9B2j3oHkSkL4NfWg-vd-VpBQRX37kFD59G5gXQ&oe=6A5FCF77","https://www.facebook.com/petavenuephilippines","2","2651644834914887","Rip doggie 😔 
 
#NoDoggieDeserveThis 👇🏾👇🏾👇🏾","31",,"2",,"87",,"120","4","1575353373000","https://www.facebook.com/WeAreProudGuardiansOfAspinsAndPuspins/posts/pfbid02hB31z6KYUtdYJdddbfJsXA42EPwQaD5KPPekGdy1sNUmtse8VsG4GFCdpToEhEx7l"
"No photo description available.","2541032162661299","photo","https://www.facebook.com/photo/?fbid=2541032162661299&set=a.460384999452295",,,,,,,,,,,,,,,,,"100064423972421","Be Still - Catholics","https://scontent-iad3-1.xx.fbcdn.net/v/t39.30808-1/307301439_460385019452293_7936357622126716226_n.jpg?stp=cp0_dst-jpg_tt6&cstp=mx1000x1000&ctp=s40x40&_nc_cat=104&ccb=1-7&_nc_sid=2d3e12&_nc_ohc=SKfxQROcKTsQ7kNvwEPRt1T&_nc_oc=Adp27fCo09LmivW6Go7gN0DTdqT0lsetS9V28BUq9orbLI-6MHeDxvN48vLyzzo2Rz4&_nc_zt=24&_nc_ht=scontent-iad3-1.xx&_nc_gid=3XjSyTAcuupOV1ITsaFx8w&_nc_ss=7c2a8&oh=00_AQDwJplpWWe72_XoWQEQ0j1WnfwncgNAwibkE-GuR3QBfA&oe=6A5FCDC9","https://www.facebook.com/BestillCatholicbyheart","13","2541034355994413","PRAYER PAUSE:   Healing and Generous God, Your reign is at hand. By Your presence already within us, You touch those in need and heal our hurts and wounds. You desire the fullness of life for each of us and all of us, here and forever. You satiate our desires and stretch our dreams. The tears of disillusionment and the weeping of broken hearts will dry up in the flood of Your generosity and embrace of Your love. Your reign is the gift of life in all its fullness, free of limitations and emptiness which kills. Hasten Your reign--teach us to listen to Your whispers, and walk in Your ways. Amen.

The Society of Little Flower 
Spreading Devotion to St. Therese of Lisieux
https://www.littleflower.org/prayers-sharing/daily-scripture-fr-bobs-prayer/",,,"68","17",,,"85","14","1575642051000","https://www.facebook.com/BestillCatholicbyheart/posts/pfbid02PDwDi4S2LKQKF4fGzu4uLNWPCjYky8yZqTcRDZp3JCRbZtM7KgfcpmVHZWY6aRPCl"
"No photo description available.","1378463892315726","photo","https://www.facebook.com/photo.php?fbid=1378463892315726&set=a.472553568217987&type=3","No photo description available.","1378463602315755","photo","https://www.facebook.com/photo.php?fbid=1378463602315755&set=a.472553568217987&type=3","No photo description available.","1378463798982402","photo","https://www.facebook.com/photo.php?fbid=1378463798982402&set=a.472553568217987&type=3",,,,,,,,,"100063900436139","Bulacan Home Invest","https://scontent-iad6-1.xx.fbcdn.net/v/t39.30808-1/454988125_936420415164631_6153251684820373884_n.jpg?stp=cp0_dst-jpg_tt6&cstp=mx913x900&ctp=s40x40&_nc_cat=107&ccb=1-7&_nc_sid=2d3e12&_nc_ohc=fuSfm3H0AqQQ7kNvwGDRiDl&_nc_oc=Adq-kr5YU_mM_uKVMHeipFo2Ro0yzU25oBvZOA_CUHaLpxXdHNcxqTcFHkMCstyySSI&_nc_zt=24&_nc_ht=scontent-iad6-1.xx&_nc_gid=3XjSyTAcuupOV1ITsaFx8w&_nc_ss=7c2a8&oh=00_AQAgjdN_VmEmi8XlgrxXCPedxkUaI4xul3MPuU--xYoUeg&oe=6A5FB531","https://www.facebook.com/profile.php?id=100063900436139","1","1378463978982384","ARYA PRIME at AMARESA Marilao
Location: along the FLOOD Free road of Loma de Gato, Marilao",,,,,,,"0","0","1575515265000","https://www.facebook.com/permalink.php?story_fbid=pfbid0J2QbFiWSY1ZziNLCP2NakdWKk1vBcaxbpo26PaakfWPurKVQA8HpmbkHNaMxUX5il&id=100063900436139"
,,,,,,,,,,,,,,,,,,,,"100064472988502","Pet Avenue","https://scontent-iad6-1.xx.fbcdn.net/v/t39.30808-1/378138678_675109217981505_2667520918885154052_n.jpg?stp=cp0_dst-jpg_tt6&cstp=mx1200x1200&ctp=s40x40&_nc_cat=100&ccb=1-7&_nc_sid=2d3e12&_nc_ohc=qRtHP8X0W_EQ7kNvwGO9y8B&_nc_oc=AdqGB1OzMHmU0Wu_cIOcBvo_Avnbke_le3dRBPHpTpob9xuvjmWaS2MCVBJ5B_zQprw&_nc_zt=24&_nc_ht=scontent-iad6-1.xx&_nc_gid=3XjSyTAcuupOV1ITsaFx8w&_nc_ss=7c2a8&oh=00_AQDI4vym5zuHYR4Sj0leCsKdueV95qNGLN_VM-UVAPk6qg&oe=6A5FCF77","https://www.facebook.com/petavenuephilippines","1","587688001985596","Heartbreaking :(","6",,,,"12",,"18","2","1575343771000","https://www.facebook.com/FURtistaPetGroomingSalon/posts/pfbid02NSBCK9CTM4eBXsjAxLKETv8PQuDnn7TKcU1uYQarmoAtWwrFPVhDopEn27BbY13Gl"
"No photo description available.","2482155608705464","photo","https://www.facebook.com/photo/?fbid=2482155608705464&set=a.491523039650530",,,,,,,,,,,,,,,,,"100063785144550","DamEasy PH","https://scontent-iad3-1.xx.fbcdn.net/v/t39.30808-1/746508459_1652101833592639_3655537693643435249_n.jpg?stp=cp0_dst-jpg_tt6&cstp=mx2048x2048&ctp=s40x40&_nc_cat=110&ccb=1-7&_nc_sid=2d3e12&_nc_ohc=jOLJ7qVf_UgQ7kNvwEmZjQf&_nc_oc=AdpSsUCSD__htUFweJHXfD3Vg744au60Bm0m1R6PURPGTHMvxfiwwt4atgeAL6wRGVw&_nc_zt=24&_nc_ht=scontent-iad3-1.xx&_nc_gid=3XjSyTAcuupOV1ITsaFx8w&_nc_ss=7c2a8&oh=00_AQBVldiKGOUNv8O2IP08-6xrPofiSf2nVnxYD4xwItdLSw&oe=6A5FC108","https://www.facebook.com/DamEasyPH","0","2482166018704423","A heavy rainfall warning has already been issued by Pagasa this morning and alert levels raised in certain areas. Continuously monitor flood warnings in your area and remain alert at all times.

Reminding everyone to please stay safe and protected as we experience the effects of Typhoon Tisoy 🙏

#TisoyPH
#FloodPH
#BahaPH
#FloodProtection
#FloodBarrier",,,"18",,,,"18","3","1575347384000","https://www.facebook.com/DamEasyPH/posts/pfbid02JxnvzBpwbRrGk82PPFh8F3vdSA13GTJTSiFsCkVJxtv6F9XxqMEHztzTDSLHbFyql"
,,,,,,,,,,,,,,,,,,,,"100064849864375","DOST-PAGASA","https://scontent-iad6-1.xx.fbcdn.net/v/t39.30808-1/487303686_1099355335569452_7045424019269009221_n.png?stp=cp0_dst-png&cstp=mx1001x1001&ctp=s40x40&_nc_cat=1&ccb=1-7&_nc_sid=2d3e12&_nc_ohc=8-rGnn6nM6QQ7kNvwG9BeaB&_nc_oc=Ado1iXdKk1riXPrHgTAxKEkx52wpfwo3WJzDq1fvzR4S-NQ6ykcuOqcfKMCyXQ0fQec&_nc_zt=24&_nc_ht=scontent-iad6-1.xx&_nc_gid=3XjSyTAcuupOV1ITsaFx8w&_nc_ss=7c2a8&oh=00_AQCmdGumvaaKBtWEDW-Vqpby6F2yvCFNxMFxuNOm2VKlWg&oe=6A5FC79F","https://www.facebook.com/PAGASA.DOST.GOV.PH","0","2583635045048298","General Flood Advisory (GFA)
as of 6:00 PM, 04 December 2019

Region 2 (Cagayan Valley) - GFA#2
CAR (Cordillera Administrative Region) - GFA#2",,,"12",,"1",,"13","1","1575457571000","https://www.facebook.com/NDRRMC/posts/pfbid031L9aNREGkHhMD5VwRP4EZhyFdTupfRAJPWt6quMKuvK5rXVHGC4VmpfBRTnqAKNCl"
"No photo description available.","477045416133876","photo","https://www.facebook.com/photo.php?fbid=477045416133876&set=a.412039060940832&type=3","No photo description available.","477045546133863","photo","https://www.facebook.com/photo.php?fbid=477045546133863&set=a.412039060940832&type=3","No photo description available.","477045572800527","photo","https://www.facebook.com/photo.php?fbid=477045572800527&set=a.412039060940832&type=3","No photo description available.","477045689467182","photo","https://www.facebook.com/photo.php?fbid=477045689467182&set=a.412039060940832&type=3","No photo description available.","477045716133846","photo","https://www.facebook.com/photo.php?fbid=477045716133846&set=a.412039060940832&type=3","100064042230225","ALL CARS by Chino","https://scontent-iad6-1.xx.fbcdn.net/v/t39.30808-1/274223297_953592168479196_206759005747656287_n.jpg?stp=cp0_dst-jpg_tt6&cstp=mx200x200&ctp=s40x40&_nc_cat=102&ccb=1-7&_nc_sid=2d3e12&_nc_ohc=ofDRRIM_Je0Q7kNvwHAqgn7&_nc_oc=AdpoySSweOLuruHwYZnHpXWMeIaXgBXKsC4IKL9NPQMP8WAj3wXvZD2zTXw8w87WE9g&_nc_zt=24&_nc_ht=scontent-iad6-1.xx&_nc_gid=3XjSyTAcuupOV1ITsaFx8w&_nc_ss=7c2a8&oh=00_AQCF1fP0mrSJYnpVpIV0GahqEqOuSPbkxXJftg1bSswCJg&oe=6A5FC0BE","https://www.facebook.com/ACMcardealership","2","477046516133766","2016 Toyota HiAce Commuter Van 3.0 D-4d 18 seaters

Tag price:
Php966,000

Pls look for Miss Juvy for Viewing Unit
(0945) 481 6418

On-line price:
Php928,000

30% DP - Php 278,400
2 YRS - Php 34,761
3 YRS - Php 24,730
4 YRS - Php 20,177
*Chattel mortgage fee & insurance not included*

1st owner
Well Maintained
18 seaters
3.0 D-4d engine
Manual transmission 
Nice and clean interior
Dual A/C
Anti lock brakes
Dual airbags
Solid suspension
Clean papers
Complete tools w/ spare tire 
100% no collision
100% flood free

For viewing of unit and reservation
You may contact:
Juvy DeVera
(0945) 481 6418

OPEN DAILY 9am - 6pm
Landmark: 
“Cash and Carry Mall Makati Parking Lot”",,,"5",,,,"5","0","1575464855000","https://www.facebook.com/ACMcardealership/posts/pfbid02mwtBPraDu6gGWUN7XrGT7zcnqe4pynG13pBTtb7zdodqZx8yJcsesbsPKvLqAJXql"
"No photo description available.","10156707969228456","photo","https://www.facebook.com/photo.php?fbid=10156707969228456&set=a.411453830351399&type=3","No photo description available.","10156707969113456","photo","https://www.facebook.com/photo.php?fbid=10156707969113456&set=a.411453830351399&type=3","No photo description available.","10156707969278456","photo","https://www.facebook.com/photo.php?fbid=10156707969278456&set=a.411453830351399&type=3","No photo description available.","10156707969128456","photo","https://www.facebook.com/photo.php?fbid=10156707969128456&set=a.411453830351399&type=3",,,,,"100044603551767","General Danny Lim","https://scontent-iad6-1.xx.fbcdn.net/v/t39.30808-1/242435276_411453867018062_3097679470705114579_n.jpg?stp=cp0_dst-jpg_tt6&cstp=mx945x945&ctp=s40x40&_nc_cat=107&ccb=1-7&_nc_sid=2d3e12&_nc_ohc=3acHwy39vjsQ7kNvwE4364r&_nc_oc=AdqaNsD5aj8YEy8u1TxUlaRHkuf5PpDha2erw4cC8ZRa6u9QeYtvr5DXwrVhFomBcE4&_nc_zt=24&_nc_ht=scontent-iad6-1.xx&_nc_gid=4_lNWgbKxuBb3WxrXEPoNg&_nc_ss=7c2a8&oh=00_AQA4930FksKniEZw6zxDHQxlZb6GAMYJr7o_gx4tHr9TWQ&oe=6A5FB651","https://www.facebook.com/GeneralDannyLim","31","10156707969793456","Handang tumulong ang ating mga field personnel sa mga motoristang bumabyahe ngayon. Lumapit lang sa kanila para sa anumang assistance. Patuloy din nating mino-monitor ang sitwasyon sa mga kalsada at sa mga flood-prone areas para sa agarang response kung kailangan. #TisoyPH",,,,,,,"0","41","1575343313000","https://www.facebook.com/GeneralDannyLim/posts/pfbid02DotGFV7neJqPLESrVzM3KP1UtcjoAJ5ZB6Kkm6jrHMJ5Y9iwGnbbzq6DoHA84Kf5l"
"No photo description available.","1307557109443761","photo","https://www.facebook.com/photo.php?fbid=1307557109443761&set=a.225352879627133&type=3","No photo description available.","1307557129443759","photo","https://www.facebook.com/photo.php?fbid=1307557129443759&set=a.225352879627133&type=3",,,,,,,,,,,,,"100064572676856","Radyo Pilipinas","https://scontent-iad6-1.xx.fbcdn.net/v/t39.30808-1/472338136_1072438948251851_5903027363962695168_n.jpg?stp=cp0_dst-jpg_tt6&cstp=mx1080x1080&ctp=s40x40&_nc_cat=1&ccb=1-7&_nc_sid=2d3e12&_nc_ohc=yPkD3I_xwpcQ7kNvwH6dWyL&_nc_oc=AdqZpTGrpbIl1fdtNZzcEYhLjC0gJ80xTb3wkx1jNuCYnyzbutOnFxBXIbw1spa6V_A&_nc_zt=24&_nc_ht=scontent-iad6-1.xx&_nc_gid=4_lNWgbKxuBb3WxrXEPoNg&_nc_ss=7c2a8&oh=00_AQCvQIjjsCpduX5oNNG-GQX-VjhesqPj60YW_KJU_LzwrQ&oe=6A5FA4C0","https://www.facebook.com/RadyoPilipinas","0","1307558739443598","FLOOD | As of 3:00pm ang Benito Soliven Avenue(Lilac), Brgy. Mayamot, Antipolo City hindi madaanan ng light vehicles. Humanap ng alternatibong madadaanan. | via Antipolo City Government",,,"24","1","3",,"28","1","1575358403000","https://www.facebook.com/RadyoPilipinas/posts/pfbid0XXZ3M3iHseRHaHyCFx6Vx6WbgbgKanfZRT94GQHX24hcp37UoUZAnXvi7cf1ntAWl"
"No photo description available.","2712091522185212","photo","https://www.facebook.com/photo/?fbid=2712091522185212&set=a.702292711924780",,,,,,,,,,,,,,,,,"100064321734661","Rapide Auto Service Experts","https://scontent-iad6-1.xx.fbcdn.net/v/t39.30808-1/465779906_963131412507574_4123163879903201914_n.jpg?stp=cp0_dst-jpg_tt6&cstp=mx1080x1080&ctp=s40x40&_nc_cat=106&ccb=1-7&_nc_sid=2d3e12&_nc_ohc=lApnVS3B38wQ7kNvwHIR2jM&_nc_oc=Adrwt4sZK3uEL8ouGo_paNxMxGkx8uSx3tG5RpapFnNN0YzumVMiAW29LUDmuoWPAG4&_nc_zt=24&_nc_ht=scontent-iad6-1.xx&_nc_gid=4_lNWgbKxuBb3WxrXEPoNg&_nc_ss=7c2a8&oh=00_AQD1EPX4_dBQvtfhN5h3LFVUkpDv3HjCxGlIVCfE6iyN7Q&oe=6A5FAF10","https://www.facebook.com/RapideAutoServicePH","0","2712091598851871","HEAVY RAINFALL AND FLOOD ALERT! If you don't need NDRRMC's alerts to know what's going on since you're already outside, always bring with you these simple but important reminders when driving under inclement weather conditions.

It's always best to stay home and keep dry; but should you need to go out, bear in mind these safety reminders.

Stay ALERT on the road! #RapideWay #RapideCares #TyphoonTisoy",,,"44","3",,,"47","90","1575349853000","https://www.facebook.com/RapideAutoServicePH/posts/pfbid0htkiFVtWi8PaLyYAV6vkBahavSAxVgyZqBtehJfgFSxAjQwtCTL68B8Wetr2soi2l"
,"735687313591265","video",,,,,,,,,,,,,,,,,,"100068408971467","Council of Young Leaders of the Philippines Inc.","https://scontent-iad6-1.xx.fbcdn.net/v/t39.30808-1/326358481_1583701495395393_5456158699275141468_n.png?stp=c76.0.788.788a_cp0_dst-png&cstp=mx788x788&ctp=s40x40&_nc_cat=100&ccb=1-7&_nc_sid=2d3e12&_nc_ohc=AT6QFhqjj4oQ7kNvwEdTg01&_nc_oc=AdqRubZ9Bpo6EtZQhwscdUP_OBJVcrEbb6aBGOmFMwESL-3YFy31gFYf7zTIzKat3kA&_nc_zt=24&_nc_ht=scontent-iad6-1.xx&_nc_gid=4_lNWgbKxuBb3WxrXEPoNg&_nc_ss=7c2a8&oh=00_AQBY2abVcrAN9JZCkN6t-JqvRytkamkYVGcfdBC2jKZKkA&oe=6A5FC020","https://www.facebook.com/CYLPH","0","594031261334287","#TisoyPh
Here are some of the safety tips everyone should remember during typhoons.

1. Stay indoors and keep calm.
2. Monitor TV and radio reports.
3. Secure your home.
4. Keep roads clear for emergency vehicles.
5. If your house is in a flood-prone area, go to the nearest designated evacuation center.
6. Have a flashlight and radio handy, with fresh batteries.
7. Stock up on food, potable water, kerosene, batteries and first-aid supplies.
8. In case of flooding, turn off the main sources of electricity, gas and water in your home.
9. Stack furniture above the expected flood level. Keep appliances, valuables, chemicals, toxic substances and garbage beyond reach of floodwaters.
10. Avoid low-lying areas, riverbanks, creeks and coastal areas, slopes, cliffs and foothills. Rains can trigger landslides, rockslides or mudslides.
11. Avoid wading through flooded areas. Do not attempt to cross flowing streams.
12. Do not operate any electrical equipment during a flood.

Source: healthypinoy.com",,,"1",,,,"1","3","1575359284000","https://www.facebook.com/CYLPH/videos/735687313591265/"
,,,,,,,,,,,,,,,,,,,,"1615206541","Romeo del Carmen","https://scontent-iad6-1.xx.fbcdn.net/v/t39.30808-1/626613050_25703947282559305_1679386116114856368_n.jpg?stp=cp0_dst-jpg_tt6&cstp=mx1029x1029&ctp=s24x24&_nc_cat=102&ccb=1-7&_nc_sid=1d2534&_nc_ohc=w_moN7F9iNwQ7kNvwH3vOG5&_nc_oc=AdqqgLNRlzt5etHRObjejtIXkzoammMWscOXtEs98RpVJbKY8LH0lneMtIfsmeqyZb8&_nc_zt=24&_nc_ht=scontent-iad6-1.xx&_nc_gid=4_lNWgbKxuBb3WxrXEPoNg&_nc_ss=7c2a8&oh=00_AQA6akOuujafvlN2g7mnyabaFnewvVFLXkWOOrCzBcewwQ&oe=6A5FB782","https://www.facebook.com/romy.delcarmen","0","10217898125077507","The Great Flood of 1914 along Bilibid Viejo. Quiapo, Manila.    c1914.

The Flooding was due to consistent rain because of the Monsoon that swelled up the Pasig River.",,,"1",,,,"1","0","1575348986000","https://www.facebook.com/BienvenidoMacario/posts/pfbid02nLvhAcpfnNRmS8rwgYsK42qhRrfA4cXdw6HLpXyddQ5hWMBhNCyqM38YTdeLDwwzl"
,"2474548626152020","video",,,,,,,,,,,,,,,,,,"100067355105098","NewsWatch Plus Philippines","https://scontent-iad6-1.xx.fbcdn.net/v/t39.30808-1/456609439_881388207449675_1632337810924285418_n.jpg?stp=c64.64.1072.1072a_cp0_dst-jpg_tt6&cstp=mx1072x1072&ctp=s40x40&_nc_cat=1&ccb=1-7&_nc_sid=2d3e12&_nc_ohc=XXCL4ducTFQQ7kNvwFSdcZR&_nc_oc=AdqnejpmKrDvqPAMDF7fUYHy4HvpnvyWZI1hJ2qt68GB5JvwJIYwigJ-dCvruk3b4Ks&_nc_zt=24&_nc_ht=scontent-iad6-1.xx&_nc_gid=m-h6xygBlZT1xsxZVaKH2w&_nc_ss=7c2a8&oh=00_AQCWBMOPUXTVVKuKIKRuGmJANUyisTgiEvPQZzalfWexaw&oe=6A5FAF58","https://www.facebook.com/NewsWatchPlusPH","0","2657171844522698","Manila implements forced evacuation in flood-prone areas due to #TisoyPH | www.cnn.ph",,,"4",,,,"4","2","1575369167000","https://www.facebook.com/NewsWatchPlusPH/videos/2474548626152020/"
"No photo description available.","2540450509324253","photo","https://www.facebook.com/photo/?fbid=2540450509324253&set=a.486709400144852",,,,,,,,,,,,,,,,,"100064173874178","Trade One Incorporated","https://scontent-iad3-1.xx.fbcdn.net/v/t39.30808-1/274935514_4822964261072855_2604270065119392993_n.jpg?stp=cp0_dst-jpg_tt6&cstp=mx862x862&ctp=s40x40&_nc_cat=101&ccb=1-7&_nc_sid=2d3e12&_nc_ohc=LEqdLMk85wIQ7kNvwFlhsQo&_nc_oc=AdrM2J_K1trZLOsd2PlWDzHdNR88orYnQsE_Pe43BsdzjmsXQK3YWNiXvh6yUx9aZYc&_nc_zt=24&_nc_ht=scontent-iad3-1.xx&_nc_gid=m-h6xygBlZT1xsxZVaKH2w&_nc_ss=7c2a8&oh=00_AQAYjfV68oFVyw9hse4eEDGmq71L96hJkzEdTlKHR3xTnQ&oe=6A5FAA9E","https://www.facebook.com/TradeOneIncorporated","0","2540451832657454","Severe tropical storm Tisoy leaving damage to roads, homes and industrial facilities. PROTECT YOUR EQUIPMENT from damages caused by flood with Shinmaywa's SUBMERSIBLE PUMP.

Stay safe and dry everyone!

For more information,
send us a message or contact us at (02) 8371-1178
Email:inquiry@tradeoneinc.com
Stay safe and dry everyone!
#TradeOnePackage
#TradeOne
#Shinmaywa",,,"5",,,,"5","5","1575350414000","https://www.facebook.com/TradeOneIncorporated/posts/pfbid0MCRfqybazw7QXqAY2uiy8pNsFHt4xLMjiLgBTWmb8cGybVGZpmVWFBxD381UfzTHl"
"No photo description available.","794676764358897","photo","https://www.facebook.com/photo.php?fbid=794676764358897&set=a.762479494987347&type=3","No photo description available.","794676794358894","photo","https://www.facebook.com/photo.php?fbid=794676794358894&set=a.762479494987347&type=3","No photo description available.","794676851025555","photo","https://www.facebook.com/photo.php?fbid=794676851025555&set=a.762479494987347&type=3","No photo description available.","794676907692216","photo","https://www.facebook.com/photo.php?fbid=794676907692216&set=a.762479494987347&type=3","No photo description available.","794676971025543","photo","https://www.facebook.com/photo.php?fbid=794676971025543&set=a.762479494987347&type=3","100036759117283","Rizal  Property Homes","https://scontent-iad3-1.xx.fbcdn.net/v/t39.30808-1/355509683_952844922617469_7302426516154383038_n.jpg?stp=cp0_dst-jpg_tt6&cstp=mx958x960&ctp=s40x40&_nc_cat=104&ccb=1-7&_nc_sid=2d3e12&_nc_ohc=cFibfiMs2EkQ7kNvwFP4iHm&_nc_oc=AdopBtB8G7zRyCqVqgZ1UZjaq5CALxVWMtb6LBxQ_A11NIykLp0edJdQSnbVsxH7DVU&_nc_zt=24&_nc_ht=scontent-iad3-1.xx&_nc_gid=m-h6xygBlZT1xsxZVaKH2w&_nc_ss=7c2a8&oh=00_AQA1HBTGj3iOYxwFM6ynglhRapEo8sgTFAgPPPPBsrSxbQ&oe=6A5FB79B","https://www.facebook.com/profile.php?id=100036759117283","2","794707367689170","AFFORDABLE Pre - Selling House & Lot in Teresa Rizal!!!

* Newest community by Filinvest..
* Secured Subdivision
* 24/7 Security
* Flood Free Area
* Complete Amenities & Clubhouse
* High Business Opportunities for Transport 
   Terminals & Stores..

As Low as 5k to 20K Reservation Fee..
12 to 18mos Downpayment @ 0% Interest..

Hurry Invest Now while still on a PRE-SELLING  Stage!!!!

pm is the 🔑 or 
call: 0917-8777969",,,"13",,,,"13","3","1575341300000","https://www.facebook.com/permalink.php?story_fbid=pfbid02z1UxCumPCAPeRXmMDXHkhrXLZ2eE7aLWRcVCKKabZAQAux5nzpaSpGP6CB9yryZil&id=100036759117283"
"No photo description available.","2400655390057986","photo","https://www.facebook.com/photo/?fbid=2400655390057986&set=a.210869471042875",,,,,,,,,,,,,,,,,"100063594705540","Tainted Poetess","https://scontent-iad3-1.xx.fbcdn.net/v/t39.30808-1/219183685_210869494376206_5067601628006155770_n.jpg?stp=cp0_dst-jpg_tt6&cstp=mx719x719&ctp=s40x40&_nc_cat=104&ccb=1-7&_nc_sid=2d3e12&_nc_ohc=S0wtB-o_swoQ7kNvwG8ZDRW&_nc_oc=AdrWxAjFI9GOPHlMx5KrCprOgHAPMQHcoLFmQjE6rYXCQHiD2y3BBeAZhn5grvcErLw&_nc_zt=24&_nc_ht=scontent-iad3-1.xx&_nc_gid=m-h6xygBlZT1xsxZVaKH2w&_nc_ss=7c2a8&oh=00_AQDfBBpBseX407GodvEj8bv9o8xLYsTR3V0ezPE_lBla0Q&oe=6A5FBAF5","https://www.facebook.com/taintedpoetess","0","2400655906724601","I never thought I'd feel the same pain over again. The pain of never being good enough comes rushing back—like a flood, like an avalanche, like chaos, like a disaster. 

Oftentimes, I was able to shrug these feelings off. I guess, those times, I was just filling an empty jar of sadness. Time after time, it was slowly, but gradually being filled up to the brim, that at this moment, I couldn't take it anymore. 

Maybe I'm just tired, that's all. 

Or maybe I just felt I wasn't loved at all. 

—Riva Emerald, 12.04.19

Artwork: @endmionl via IG",,,"8","6","9","1","24","13","1575421844000","https://www.facebook.com/taintedpoetess/posts/pfbid09Vgj9dZP2MLPQHaPk3g9rgtjpifK7W4UDCSC9pg1csnH9dPF47tztcdEFL47qvHAl"
,,,,,,,,,,,,,,,,,,,,"100044369891731","PaperbugTV","https://scontent-iad6-1.xx.fbcdn.net/v/t39.30808-1/488075866_1205081400980845_6156681354746536840_n.jpg?stp=cp0_dst-jpg_tt6&cstp=mx822x822&ctp=s40x40&_nc_cat=107&ccb=1-7&_nc_sid=2d3e12&_nc_ohc=VhDfP2Qq2uYQ7kNvwHEMqkc&_nc_oc=AdoDsFtJe5ntSRjYYEL_eara9IKmcqGgwM8RgPEp82gfCbe_MufHwGCjGVNF6STnX2c&_nc_zt=24&_nc_ht=scontent-iad6-1.xx&_nc_gid=m-h6xygBlZT1xsxZVaKH2w&_nc_ss=7c2a8&oh=00_AQBWZCoxFsPVTzZnZMm2mUKL31zPdA0ww7PYP4zBL4DTgw&oe=6A5FA5BA","https://www.facebook.com/PaperbugTV","0","1220009551542051","Dyeseballs",,"29","14",,,,"43","5","1575357808000","https://www.facebook.com/PaperbugTV/posts/pfbid076meDqY48ssqjcAUG62BzvuB2KRSCeiaAKq6mVCPTAFh71hE1YPL14MwrdcMe1Thl"
"No photo description available.","440464786635512","photo","https://www.facebook.com/photo/?fbid=440464786635512&set=a.478746753613325",,,,,,,,,,,,,,,,,"100044340137962","Baby TV","https://scontent-iad3-1.xx.fbcdn.net/v/t39.30808-1/273299343_478746760279991_5273467617177917041_n.jpg?stp=cp0_dst-jpg_tt6&cstp=mx1920x1920&ctp=s40x40&_nc_cat=101&ccb=1-7&_nc_sid=2d3e12&_nc_ohc=l8ko3nn26tkQ7kNvwHhaO38&_nc_oc=Adp_gRye6_jMajNpCzJLuHL76Ei81HBE8g-Cb_ePzxxVOOI_xiVqxNyWCReg6riqpLo&_nc_zt=24&_nc_ht=scontent-iad3-1.xx&_nc_gid=m-h6xygBlZT1xsxZVaKH2w&_nc_ss=7c2a8&oh=00_AQBGreERQeS9g_axjjQcWTxmb_D1cSgjFuN-aKFYy_rA-Q&oe=6A5FCF52","https://www.facebook.com/BabyTV8888","1","440464816635509","A reminder for everyone during typhoons and heavy rains...

""A flood victim in Davao City. We understand human life is more important. But in cases where heavy rain becomes a threat, please let go of your dogs' chains or leashes. 

Sleep in peace, my loyal friend.""

(Photo was posted August 30, 2019 in Pet Avenue.)",,,"9",,"29",,"38","4","1575366152000","https://www.facebook.com/BabyTV8888/posts/pfbid02cdcxfFu9Fe1Jbe4fYL2fdTtjnK2gTzMwwQYZaFmijqxgDmHm5CXauYKp8gEaCwRul"
,,,,,,,,,,,,,,,,,,,,"100057269867357","Grafted Fruit Trees by GL Katigbak","https://scontent-iad6-1.xx.fbcdn.net/v/t39.30808-1/309005505_576813237571000_1242995212411117395_n.jpg?stp=cp0_dst-jpg_tt6&cstp=mx720x720&ctp=s40x40&_nc_cat=100&ccb=1-7&_nc_sid=2d3e12&_nc_ohc=A02WRVi6aakQ7kNvwEQr70C&_nc_oc=AdpPcrKgga4tDtk13phM-MbPSpH0I8hVU79c7WUASnz5mLtGOC_9ObX_0MIBLPqnO6U&_nc_zt=24&_nc_ht=scontent-iad6-1.xx&_nc_gid=pXkcEKHkXK6bWxPuwrLoAA&_nc_ss=7c2a8&oh=00_AQB2ohBugvuN2adZMA6os1KT63cP4RORvMzkeAY97pTx4A&oe=6A5FBD86","https://www.facebook.com/GLKgraftedfruittreesPH","0","2465229400242579","ℹ 𝗛𝗲𝗿𝗲 𝗮𝗿𝗲 𝘀𝗼𝗺𝗲 𝗿𝗲𝗺𝗶𝗻𝗱𝗲𝗿𝘀 𝗳𝗼𝗿 𝗮𝗹𝗹 𝗰𝗼𝗻𝘁𝗮𝗶𝗻𝗲𝗿 𝗴𝗮𝗿𝗱𝗲𝗻𝗲𝗿𝘀 :

⚠️𝘔𝘢𝘬𝘦 𝘴𝘶𝘳𝘦 𝘵𝘩𝘢𝘵 𝘺𝘰𝘶𝘳 𝘱𝘰𝘵𝘴 𝘰𝘳 𝘤𝘰𝘯𝘵𝘢𝘪𝘯𝘦𝘳𝘴 𝘩𝘢𝘷𝘦 𝘴𝘶𝘧𝘧𝘪𝘤𝘪𝘦𝘯𝘵 𝘥𝘳𝘢𝘪𝘯𝘢𝘨𝘦 𝘩𝘰𝘭𝘦𝘴 𝘵𝘰 𝘢𝘷𝘰𝘪𝘥 𝘧𝘭𝘰𝘰𝘥𝘪𝘯𝘨 𝘸𝘩𝘪𝘤𝘩 𝘮𝘢𝘺 𝘥𝘳𝘰𝘸𝘯 𝘵𝘩𝘦 𝘱𝘭𝘢𝘯𝘵𝘴.⏺⏺⏺
⚠️ ɪꜰ ᴛʜᴇ ᴘʟᴀɴᴛꜱ ᴀʀᴇ ꜰʟᴏᴡᴇʀɪɴɢ ᴘʟᴀᴄᴇ ᴛʜᴇᴍ ɪɴ ᴀ ꜱʜᴀᴅᴇᴅ ᴏʀ ᴄᴏᴠᴇʀᴇᴅ ᴀʀᴇᴀ ꜱᴏ ᴛʜᴀᴛ ᴛʜᴇ ꜰʟᴏᴡᴇʀꜱ ᴡᴏɴ'ᴛ ʀᴏᴛ.🌸☂
⚠️  If your area is about to flood due to heavy rains, please transfer your potted plants on higher grounds.⤴⛰ 
⚠️𝗔𝗻𝗱 𝗼𝗳 𝗰𝗼𝘂𝗿𝘀𝗲, 𝗻𝗼 𝗻𝗲𝗲𝗱 𝘁𝗼 𝘄𝗮𝘁𝗲𝗿 𝘁𝗵𝗲𝗺 𝗶𝗳 𝗶𝘁'𝘀 𝗿𝗮𝗶𝗻𝗶𝗻𝗴! 😊🚱

#TisoyPH",,,"4",,,,"4","0","1575343919000","https://www.facebook.com/GLKgraftedfruittreesPH/videos/1392065650917636/"
"No photo description available.","3527655953926286","photo","https://www.facebook.com/photo.php?fbid=3527655953926286&set=a.464643642368435&type=3","No photo description available.","3527656347259580","photo","https://www.facebook.com/photo.php?fbid=3527656347259580&set=a.464643642368435&type=3","No photo description available.","3527656767259538","photo","https://www.facebook.com/photo.php?fbid=3527656767259538&set=a.464643642368435&type=3","No photo description available.","3527656933926188","photo","https://www.facebook.com/photo.php?fbid=3527656933926188&set=a.464643642368435&type=3","No photo description available.","3527657187259496","photo","https://www.facebook.com/photo.php?fbid=3527657187259496&set=a.464643642368435&type=3","100064684087307","LUNTIANG PROJECT 6","https://scontent-iad3-1.xx.fbcdn.net/v/t39.30808-1/308997217_464643672368432_8945371532619837781_n.png?stp=cp0_dst-png&cstp=mx446x446&ctp=s40x40&_nc_cat=108&ccb=1-7&_nc_sid=2d3e12&_nc_ohc=Eb8_QxTA7kMQ7kNvwFiDHI7&_nc_oc=AdqA_sbc8QTSS-T2gMNM3BbNOwPqU-k-t_00jQzbAxWfErrTXsdGIM4YY8GdB-HEOb8&_nc_zt=24&_nc_ht=scontent-iad3-1.xx&_nc_gid=pXkcEKHkXK6bWxPuwrLoAA&_nc_ss=7c2a8&oh=00_AQDP0JBn2FYH9eKrCp9vs9nfdRRiBU6ebr4WAqSEm1-pbQ&oe=6A5FC6FD","https://www.facebook.com/barangayproject6","4","3527658337259381","Punong Brgy. & Council thru Committees on Peace & Order , BDRRMC Kgd. Cecille Agcaoili ,XO Gerry Paredes ,BDRRMO Carlo Barretto assisted by BPSOs have made rounds within the community particularly  to low-lying ,flood prone areas : SITIO SAN ISIDRO, CMLI Compound, Canlobo ,Road 5-A , 55 Rd. 7 , to check conditions and ensure the residents  that the Barangay will be in best effort to support and give assistance to the constituents specially affected by the typhoon  at any given time and needed circumstance. SAFETY , PROTECTION TO US ALL.",,,"24",,,,"24","3","1575355014000","https://www.facebook.com/barangayproject6/posts/pfbid02FoyXcA3KLkwKnN2myzbMiH1HF4qJevFy5yBx9uYWqhpTCwcnpZcBS8rM1rkPXmXHl"
,"479389569361212","video","https://www.facebook.com/ITESPH/videos/479389569361212/","No photo description available.","813637195741674","photo","https://www.facebook.com/photo.php?fbid=813637195741674&set=a.472094711592283&type=3","No photo description available.","813637275741666","photo","https://www.facebook.com/photo.php?fbid=813637275741666&set=a.472094711592283&type=3","No photo description available.","813637369074990","photo","https://www.facebook.com/photo.php?fbid=813637369074990&set=a.472094711592283&type=3","No photo description available.","813637415741652","photo","https://www.facebook.com/photo.php?fbid=813637415741652&set=a.472094711592283&type=3","100063752745974","Innotech - Phites Embedded R&D","https://scontent-iad3-1.xx.fbcdn.net/v/t39.30808-1/298504720_472094738258947_629604609401228322_n.jpg?stp=cp0_dst-jpg_tt6&cstp=mx1524x1524&ctp=s40x40&_nc_cat=110&ccb=1-7&_nc_sid=2d3e12&_nc_ohc=RqLyqxAHAqgQ7kNvwGkpxcH&_nc_oc=AdpTA9xhYNJD1_d5Y1WQ8nonD4ZsD5Y375P7ERKqHb_L6i8zmnfUnvzQeJrpjdxw4yI&_nc_zt=24&_nc_ht=scontent-iad3-1.xx&_nc_gid=pXkcEKHkXK6bWxPuwrLoAA&_nc_ss=7c2a8&oh=00_AQA5jmX7fw-3E2y6AE-M0K-TAcIrcOE_5bkOKI9ACxc3cg&oe=6A5FB4A2","https://www.facebook.com/ITESPH","2","813638302408230","#BagyongTISOY ! ⛈🌧
#TisoyPH

Be prepared, be updated with this Flood Monitoring System that has capability of sending SMS to each individuals regarding to the status of flood level in each Barangay.

Giving you a peace of mind and keeping your love ones safe, here in Innotech PH we continue to develop devices which are beneficial to everybody. 😊

Stay Safe! 🤗
Dont forget to like our page and share this post. 🤗",,,"5","4",,"1","10","9","1575352047000","https://www.facebook.com/ITESPH/posts/pfbid027SyP8sd6cd7wcSC7YvPxzCbm19CSBkSzkDH4iFpk1sw64L7AeXipjapDzAYeRMcxl"
"No photo description available.","2393422204240604","photo","https://www.facebook.com/photo.php?fbid=2393422204240604&set=a.424389936394092&type=3","No photo description available.","2393422234240601","photo","https://www.facebook.com/photo.php?fbid=2393422234240601&set=a.424389936394092&type=3","No photo description available.","2393422260907265","photo","https://www.facebook.com/photo.php?fbid=2393422260907265&set=a.424389936394092&type=3",,,,,,,,,"100064692668383","At HOME ka Dito","https://scontent-iad3-2.xx.fbcdn.net/v/t39.30808-1/430890556_808865877946494_2695386027137440832_n.jpg?stp=cp0_dst-jpg_tt6&cstp=mx2048x2048&ctp=s40x40&_nc_cat=105&ccb=1-7&_nc_sid=2d3e12&_nc_ohc=brMJCot_sAEQ7kNvwFVl4H3&_nc_oc=Adp0jY9xl0hcLpZnwfMnpe10Yl8pEZ-GvtAmKNMebu4v0Srd6jLklN4boav8P2JG6D8&_nc_zt=24&_nc_ht=scontent-iad3-2.xx&_nc_gid=pXkcEKHkXK6bWxPuwrLoAA&_nc_ss=7c2a8&oh=00_AQAmAxWRCyYG8GZIXU06_u2R-1LhTHmFuOWmd_76-ldLUQ&oe=6A5FBE20","https://www.facebook.com/profile.php?id=100064692668383","1","2393422290907262","CORNERSTONE CHAMPACA
TOWNHOUSE IN MARIKINA
💯% FLOOD FREE LOCATION 

🔆 Nearby Schools
✔️ Fortune Elementary & High School
✔️ CASAP
✔️ ST. SCHOLASTICA
✔️ OLOPSC
 etc... 
🔆 Business Establishments
✔️ CMB MALL
✔️ AYALA MALL
✔️ MERALCO
✔️ GROCERIES 
🔆 Hospitals
✔️ SDS HOSPITAL 
✔️ ST. VINCENT
✔️ GARCIA HOSPITAL 

🔆BARANGAY HALL & HEALTH CENTER
🔆BARANGAY POLICE STATION
🔆PUGADLAWIN HEALTH CENTER
Pm me for viewing",,,"3",,,,"3","7","1575432249000","https://www.facebook.com/permalink.php?story_fbid=pfbid02N8vPq7x4fRyqhxKbCqQyMyL9Brt7dtrr46Q3p19Y6fBzHoZw7XRBYwdknZjbrZ5zl&id=100064692668383"
,,,,,,,,,,,,,,,,,,,,"100064487692516","AutoIndustriya.com","https://scontent-iad6-1.xx.fbcdn.net/v/t39.30808-1/339451994_6431086313568777_448528033745734084_n.png?stp=cp0_dst-png&cstp=mx1200x1200&ctp=s40x40&_nc_cat=1&ccb=1-7&_nc_sid=2d3e12&_nc_ohc=PcwJwFPtVGUQ7kNvwFAOfxU&_nc_oc=AdokzrROnZ5JDcuLPbJW5cyJ5lo4qDVT3u67HD8-j8RgA3mqIHRKQxDcy-cItlNfaDQ&_nc_zt=24&_nc_ht=scontent-iad6-1.xx&_nc_gid=pXkcEKHkXK6bWxPuwrLoAA&_nc_ss=7c2a8&oh=00_AQBNQnYzwwL1kWtFv8THG13RYlbUPW2Us7rg6vgEpRY1cw&oe=6A5FAE23","https://www.facebook.com/autoindustriya","1","10157709178949501","Got a flood in your way? Here are some tips to help you get through it #autoindustriya #liveandbreathecars",,,"7",,,,"7","3","1575354610000","https://www.facebook.com/autoindustriya/posts/pfbid0cMME6HLtMffzvzTo8uxkTZLWpM1AL9NwZ4UmxavThVtGP5hhrP2LRbuR9oCnfDfel"
"No photo description available.","10157760332097118","photo","https://www.facebook.com/photo/?fbid=10157760332097118&set=a.619487133543642",,,,,,,,,,,,,,,,,"100064470833274","San Lorenzo Ruiz Parish Quezon City","https://scontent-iad3-1.xx.fbcdn.net/v/t39.30808-1/486246671_1064263129066038_7739156357949135233_n.jpg?stp=cp0_dst-jpg_tt6&cstp=mx2048x2048&ctp=s40x40&_nc_cat=110&ccb=1-7&_nc_sid=2d3e12&_nc_ohc=2GcM1b5R3ScQ7kNvwEIzTh8&_nc_oc=AdqDNV8u5qhdjYn_ynIboklnUmJhCAuPoEj8cLVwW4o0OzdIOP4w0Ya560O5rMn3F5I&_nc_zt=24&_nc_ht=scontent-iad3-1.xx&_nc_gid=Eu1IGV-wW-f3W7j1gxOZlw&_nc_ss=7c2a8&oh=00_AQAkmQIwYX-1-q-xzs7DhE-lktWBzAmIOX2wZiopEt0nOA&oe=6A5FD3BC","https://www.facebook.com/SanLorenzoRuizParish","3","10157760332262118","Compassionate God, source of all comfort,
We pray for the people whose lives have devastated by rain and flood.
Bring them comfort, we pray.
Protect the vulnerable.

Strengthen the weak.
Keep at bay the spread of disease.
Have mercy on all those working to rescue the stranded and to feed the hungry.
And may our response to their suffering be generous and bring you praise.
For we ask it in Jesus name,
Amen.",,,"16","7","2",,"25","4","1575445231000","https://www.facebook.com/SanLorenzoRuizParish/posts/pfbid0LPMfHrwpiAuLhSuxCApD1Hi6D3PGJFY4UViSE8YeiJnZWxdUUqVeGFToDgQ6AB1Bl"
,,,,,,,,,,,,,,,,,,,,"100001659120961","Maria Dolores Santos","https://scontent-iad6-1.xx.fbcdn.net/v/t39.30808-1/709708661_27105783692393569_6988658307257644057_n.jpg?stp=cp0_dst-jpg_tt6&cstp=mx827x829&ctp=s40x40&_nc_cat=109&ccb=1-7&_nc_sid=1d2534&_nc_ohc=6v4EUL0HXKQQ7kNvwF-TXdo&_nc_oc=AdrrC7U05KbhPCukUAGR0_UnYnQpsQEwh29wpOrNrkvGRnW6w2aTDqDovl8OtH9tdeA&_nc_zt=24&_nc_ht=scontent-iad6-1.xx&_nc_gid=Eu1IGV-wW-f3W7j1gxOZlw&_nc_ss=7c2a8&oh=00_AQDO0FT7gpWTmr-2g2klirxvRc02Z6lUJCZpUq-yIVnpjA&oe=6A5FB816","https://www.facebook.com/mariadolores.santos.33","0","443603426531907","ABSOLUTELY! FLOOD OF FAKE. NEWS IS THE PLAN TO PROMOTE AND JUSTIFY THEIR WRONG ACTS!",,"1","42",,,"1","44","7","1575353405000","https://www.facebook.com/JustSimplyWITY.ABDUL/posts/pfbid033Ji8w1wrcApSVbGL1BFrkSzwrEpWdSpmH9dJPBjkAnMvmhweJDgWpNBmxVAKrgcyl"
"No photo description available.","2500236690074833","photo","https://www.facebook.com/photo.php?fbid=2500236690074833&set=a.343479747972535&type=3","No photo description available.","2500237003408135","photo","https://www.facebook.com/photo.php?fbid=2500237003408135&set=a.343479747972535&type=3","No photo description available.","2500237116741457","photo","https://www.facebook.com/photo.php?fbid=2500237116741457&set=a.343479747972535&type=3","No photo description available.","2500237193408116","photo","https://www.facebook.com/photo.php?fbid=2500237193408116&set=a.343479747972535&type=3",,,,,"100069315373359","Abot Kayang Bahay","https://scontent-iad3-1.xx.fbcdn.net/v/t39.30808-1/733975146_1325352379785262_6281960101631172400_n.jpg?stp=cp0_dst-jpg_tt6&cstp=mx2048x2047&ctp=s40x40&_nc_cat=104&ccb=1-7&_nc_sid=2d3e12&_nc_ohc=7bIiwqJk2tQQ7kNvwExhyh3&_nc_oc=Adp_KsuGntpKtyyxZGOCK92ePHTmgAir1DzhYxeLOYtqmv5j9EN0Z3P96ztQt99XT1g&_nc_zt=24&_nc_ht=scontent-iad3-1.xx&_nc_gid=Eu1IGV-wW-f3W7j1gxOZlw&_nc_ss=7c2a8&oh=00_AQDpz8I2ucXMzhytYTeVv9EDjw7VHnVanP14gUBkNqTa6g&oe=6A5FAFF2","https://www.facebook.com/nearnaia","10","2500239130074589","Preselling kaya mura pa!!!
Reserve na habang bata pa!!!
Reserve na habang kaya pa!! 🏘🏘🏘🏘

Hindi kailangan member ng pagibig! 
NO bank account needed! 
Basta may regular na trabaho at pasok sa required salary income, locally employed, #OFW #seafarer o kahit business owner puwede rito!
Pwede rin may co-borrower dito, kung hindi pasok sa required income.
👉🚣‍♀️ FLOOD FREE
👉24 hours security 
👉complete amenities
👉with grocery stores,wet and dry market, drugstores,fast food restaurants,appliance ctrs,bayad ctrs,church, clubhouse, and many more inside the village
👉BPO company inside the village
👉school inside the subdivision 
👉near Hospitals and Shopping Malls🏥🏨
👉Quality and Affordable House and Lot

Located at Lancaster New City, 21km or 20-30 minutes away from Baclaran/MOA/NAIA via Cavitex, 45-60minutes away from Makati, Taguig, Alabang.

Only P20k to reserve! 
FREE TRIPPING DAILY!
For inquiries,reservations and tripping schedule,
call/text 
0917-5726876 (Globe/ Viber/ WhatsApp)
Pm me directly!

#MalapitsaPasay
#malapitsaAirport
#malapitsaMOA
#malapitsaNAIA
#malapitsaTagaytay
#malapitsaAlabang",,,"21",,,"1","22","1","1575343639000","https://www.facebook.com/nearnaia/posts/pfbid0fgDQ8CCsreQE5GYoRvCS825EPDSc1JgbnYmYwRA8H7tRnJZqXt6zZjuEixHw1WoNl"
,,,,,,,,,,,,,,,,,,,,"100064330886543","PIA CALABARZON","https://scontent-iad3-1.xx.fbcdn.net/v/t39.30808-1/604541439_1311673080987042_7750422727183900688_n.jpg?stp=c134.69.715.714a_cp0_dst-jpg_tt6&cstp=mx715x714&ctp=s40x40&_nc_cat=108&ccb=1-7&_nc_sid=2d3e12&_nc_ohc=eHxFB7G1iQIQ7kNvwEFLyUD&_nc_oc=AdosCc5BNVARyCuPDl1Tf5GS92AQDtZ4k9x1amMylO70uJniENJ7zi0L2pCpR0OGFf4&_nc_zt=24&_nc_ht=scontent-iad3-1.xx&_nc_gid=Eu1IGV-wW-f3W7j1gxOZlw&_nc_ss=7c2a8&oh=00_AQANgku0DQb6rHa3W5gI8f6K4BZS_DzGmF1iRtzQ4GxvHg&oe=6A5FB240","https://www.facebook.com/piagovph4a","0","2522014334513914","LOOK: Heavy rains caused flood in Calamba, Laguna.

#TisoyPH | #LagingHanda | #SaveLives",,,"13",,"8",,"21","15","1575354719000","https://www.facebook.com/dis.pia.gov.ph/posts/pfbid02rbxd542skq6yMann5zvGTcENr8vNz2icVd3oiQYP2SyRuAoQFzXAgKKdAwKHWgEtl"
,,,,,,,,,,,,,,,,,,,,"100063634611438","DATOS Project","https://scontent-iad6-1.xx.fbcdn.net/v/t39.30808-1/304900628_498232278974588_2248588284943389285_n.png?stp=cp0_dst-png&cstp=mx1042x1042&ctp=s40x40&_nc_cat=109&ccb=1-7&_nc_sid=2d3e12&_nc_ohc=xluYBvCoN0kQ7kNvwFnM3Ap&_nc_oc=AdqHUykwidNfFMe_n5OuglVKSgCQC_VHDthU3FhGB81edKCGLitb01iuvp_AqQc-X8g&_nc_zt=24&_nc_ht=scontent-iad6-1.xx&_nc_gid=Eu1IGV-wW-f3W7j1gxOZlw&_nc_ss=7c2a8&oh=00_AQA_OcuULRbpOoavHqB5rGbbDK7oR_rfo_OfoFlv9nQFFg&oe=6A5FA854","https://www.facebook.com/DATOSproject","0","2515704801847884","Visit https://philsensors.asti.dost.gov.ph to view the rain gauges and water level sensors in your area.

Follow Dost_pagasa for official weather updates and warnings.

Stay safe, everyone!

---
#ScienceForThePeople ASTI Embedded Technologies",,,"12",,,,"12","0","1575370678000","https://www.facebook.com/DOSTASTI/posts/pfbid0UXoMJbvrqXj92nNDFBvbvbMNUL58yqueoqFn5zFYz2xYbVfJgvLPoTQc7mWpHRTzl"
"No photo description available.","2543960935639861","photo","https://www.facebook.com/photo/?fbid=2543960935639861&set=a.454325136702942",,,,,,,,,,,,,,,,,"100063763790855","Ang Pahayagang Plaridel","https://scontent-iad6-1.xx.fbcdn.net/v/t39.30808-1/588874391_1444770774325035_2577338341453969969_n.jpg?stp=cp0_dst-jpg_tt6&cstp=mx2048x2048&ctp=s40x40&_nc_cat=100&ccb=1-7&_nc_sid=2d3e12&_nc_ohc=dzNT1Gx7mu8Q7kNvwH23ee_&_nc_oc=AdpAxpq6Ha8tFONElkzmIQizLbFcj7-A0Rg5nt1w7ou-XM4TUDPcbu3AWtEFJtXvdsQ&_nc_zt=24&_nc_ht=scontent-iad6-1.xx&_nc_gid=Eu1IGV-wW-f3W7j1gxOZlw&_nc_ss=7c2a8&oh=00_AQCRBxGDWCMS5tcc748I9YJJKVsALSxOJQovXcft6uriKw&oe=6A5FADA7","https://www.facebook.com/plaridel.dlsu","0","2543961558973132","NAKATAAS na ang yellow heavy rainfall warning sa Metro Manila dahil sa inaasahang pag-ulan dulot ng bagyong #TisoyPH simula kaninang ika-11 ng umaga.

Sa ilalim ng yellow warning, posibleng magkaroon ng pagbaha sa mga flood-prone area sa nasabing lugar. | mula Dost_pagasa",,,"3",,"16","4","23","12","1575344713000","https://www.facebook.com/plaridel.dlsu/posts/pfbid0RuzqCtr8QRxFznNSoPFxC83t2iyw9yTiT99bSo9pJkDXi5Cbf31GUX1ZfHSPR6uTl"
,,,,,,,,,,,,,,,,,,,,"100068850805234","North Side Auto Garage","https://scontent-iad6-1.xx.fbcdn.net/v/t39.30808-1/346886786_5864003827033256_7993901015323564641_n.jpg?stp=cp0_dst-jpg_tt6&cstp=mx2048x2048&ctp=s40x40&_nc_cat=106&ccb=1-7&_nc_sid=2d3e12&_nc_ohc=By-EE9ymqB4Q7kNvwHUR0N8&_nc_oc=AdoANu6R5Nil4F8aMIuqtXVjuky0jv75Ccc3Zw_l5jtcHA0w86of4SjViLmIvsu08Uw&_nc_zt=24&_nc_ht=scontent-iad6-1.xx&_nc_gid=rwmEkH3JaQQQBAGZbGN-xA&_nc_ss=7c2a8&oh=00_AQD_NpON6wGrBaV5OtfIt1vsRUjTpsBNTuDbKdHpIZIguA&oe=6A5F9E91","https://www.facebook.com/northsideautogarage","0","2531255456992838","Flood ready 👌🏻",,,"11","1",,,"12","2","1575372191000","https://www.facebook.com/groups/797798250338576/permalink/2531255456992838/"
"No photo description available.","750741048748462","photo","https://www.facebook.com/photo.php?fbid=750741048748462&set=gm.2527401750878398&type=3","No photo description available.","750741095415124","photo","https://www.facebook.com/photo.php?fbid=750741095415124&set=gm.2527401750878398&type=3","No photo description available.","750741168748450","photo","https://www.facebook.com/photo.php?fbid=750741168748450&set=gm.2527401750878398&type=3","No photo description available.","750741212081779","photo","https://www.facebook.com/photo.php?fbid=750741212081779&set=gm.2527401750878398&type=3","No photo description available.","750741248748442","photo","https://www.facebook.com/photo.php?fbid=750741248748442&set=gm.2527401750878398&type=3","100014377206883","Rod Brian Ace","https://scontent-iad3-2.xx.fbcdn.net/v/t39.30808-1/714085151_2425845257904691_679309505194991577_n.jpg?stp=cp0_dst-jpg_tt6&cstp=mx2048x2047&ctp=s24x24&_nc_cat=103&ccb=1-7&_nc_sid=1d2534&_nc_ohc=I_AvyY3MIfwQ7kNvwHNVHUr&_nc_oc=AdriI0wUd8SeCoprKV9ZxLNfowRIBea113WknMjPdbKfVyBL_DIr5vN-FEmcpMP9bjs&_nc_zt=24&_nc_ht=scontent-iad3-2.xx&_nc_gid=rwmEkH3JaQQQBAGZbGN-xA&_nc_ss=7c2a8&oh=00_AQD7JC45M0H1kwW6cqj_Q5x7d1JQwEo5UOee3B10AMlxKg&oe=6A5FBD55","https://www.facebook.com/rod.ace.319","4","2527401750878398","For sale solar flood lights and solar street lights.. Cctv packages available at
Ace systems and solutions store of cctv and supplies.. We also install..

Molave street corner dapdap brgy quirino 3a project 3 quezon city
09202731062 or
Check our page and pm us",,,"8",,,,"8","0","1575349548000","https://www.facebook.com/groups/2061063664178878/permalink/2527401750878398/"
,,,,,,,,,,,,,,,,,,,,"100064849864375","DOST-PAGASA","https://scontent-iad6-1.xx.fbcdn.net/v/t39.30808-1/487303686_1099355335569452_7045424019269009221_n.png?stp=cp0_dst-png&cstp=mx1001x1001&ctp=s40x40&_nc_cat=1&ccb=1-7&_nc_sid=2d3e12&_nc_ohc=8-rGnn6nM6QQ7kNvwG9BeaB&_nc_oc=Ado1iXdKk1riXPrHgTAxKEkx52wpfwo3WJzDq1fvzR4S-NQ6ykcuOqcfKMCyXQ0fQec&_nc_zt=24&_nc_ht=scontent-iad6-1.xx&_nc_gid=rwmEkH3JaQQQBAGZbGN-xA&_nc_ss=7c2a8&oh=00_AQBoZcUZ6xb8GOqYxVvw5c1IMUi9C3ipEd24YIcYyiANeA&oe=6A5FC79F","https://www.facebook.com/PAGASA.DOST.GOV.PH","0","2394074520855358","Due to Typhoon Tisoy, we are delaying our shipments today..

Thank you for your kind consideration! Keep safe, everyone!",,,"1",,,,"1","0","1575347366000","https://www.facebook.com/adhesivewallpaper07/posts/pfbid0c46RcG6VgBdju5P2Q2PvDX53kX9osusmct22QZhpgxAs3dLj6mp7E6f3h7n3aLPsl"
"No photo description available.","453812221988848","photo","https://www.facebook.com/photo.php?fbid=453812221988848&set=a.453811908655546&type=3","No photo description available.","453812328655504","photo","https://www.facebook.com/photo.php?fbid=453812328655504&set=a.453811908655546&type=3","No photo description available.","453812408655496","photo","https://www.facebook.com/photo.php?fbid=453812408655496&set=a.453811908655546&type=3","No photo description available.","453812461988824","photo","https://www.facebook.com/photo.php?fbid=453812461988824&set=a.453811908655546&type=3","No photo description available.","453812585322145","photo","https://www.facebook.com/photo.php?fbid=453812585322145&set=a.453811908655546&type=3","100063910716157","ALL CARS By Szharm","https://scontent-iad3-2.xx.fbcdn.net/v/t39.30808-1/285817435_994287724607959_6079944273831397704_n.jpg?stp=cp0_dst-jpg_tt6&cstp=mx959x960&ctp=s40x40&_nc_cat=111&ccb=1-7&_nc_sid=2d3e12&_nc_ohc=r0h7-HUh4BsQ7kNvwHNEeQ4&_nc_oc=Adoa5nEWnURk63YRStA7hlfzNT4Pur95MPnlp-4-9PfuGsg5Cy1gO0ncv8si-QH9QEs&_nc_zt=24&_nc_ht=scontent-iad3-2.xx&_nc_gid=rwmEkH3JaQQQBAGZbGN-xA&_nc_ss=7c2a8&oh=00_AQAF0reT2JZj6rvPKayY5WVF6pAlhw7YZIpuy7ZeW7KssQ&oe=6A5F9CF1","https://www.facebook.com/Allcarsadmin","3","453813395322064","2016 Toyota HiAce Commuter Van 3.0 D-4d 18 seaters

Tag price:
Php966,000

On-line price:
Php928,000

💵 Cash
🏦 Financing (Exclusive Chattel And Insurance)
🚗 Trade-in (any brand)
👩🏻‍💻 Pls look for Ms. Szharm D.
📱09564239832 (Globe)
📱09085001892 (Smart)

30% DP - Php 278,400
2 YRS - Php 34,761
3 YRS - Php 24,730
4 YRS - Php 20,177
*Chattel mortgage fee & insurance not included*

1st owner
Well Maintained
18 seaters
3.0 D-4d engine
Manual transmission 
Nice and clean interior
Dual A/C
Anti lock brakes
Dual airbags
Solid suspension
Clean papers
Complete tools w/ spare tire 
100% no collision
100% flood free

📱For faster transaction you may call 09564239832 or 09085001892. Pls look for Ms. Szharm Docena. 

#All cars #AllCarsManilabyszharm #Sale #Promo #Bestdealintown #Secondhand #Cars #2ndhand #Usedcars #Preowned #Olx #Autodeal #Carmudi #Philkotse #Autoindustriya #Bentakotsegroup #Pinoyautoads #Teamszharm",,,"6",,,,"6","28","1575475089000","https://www.facebook.com/Allcarsadmin/posts/pfbid02K5Zg9zG4zYxSmqTJqSPXrNhjKGm1NVDSKyGCkf7sbtv3wsBLpGarrJ1VzTzrJhrbl"
"No photo description available.","1017680708566739","photo","https://www.facebook.com/photo.php?fbid=1017680708566739&set=a.498232245641258&type=3","No photo description available.","1017680775233399","photo","https://www.facebook.com/photo.php?fbid=1017680775233399&set=a.498232245641258&type=3","No photo description available.","1017680768566733","photo","https://www.facebook.com/photo.php?fbid=1017680768566733&set=a.498232245641258&type=3","No photo description available.","1017680788566731","photo","https://www.facebook.com/photo.php?fbid=1017680788566731&set=a.498232245641258&type=3",,,,,"100063634611438","DATOS Project","https://scontent-iad6-1.xx.fbcdn.net/v/t39.30808-1/304900628_498232278974588_2248588284943389285_n.png?stp=cp0_dst-png&cstp=mx1042x1042&ctp=s40x40&_nc_cat=109&ccb=1-7&_nc_sid=2d3e12&_nc_ohc=xluYBvCoN0kQ7kNvwFnM3Ap&_nc_oc=AdqHUykwidNfFMe_n5OuglVKSgCQC_VHDthU3FhGB81edKCGLitb01iuvp_AqQc-X8g&_nc_zt=24&_nc_ht=scontent-iad6-1.xx&_nc_gid=rwmEkH3JaQQQBAGZbGN-xA&_nc_ss=7c2a8&oh=00_AQDZLH3AXmP9BkVeb8qxynMhvfV-ZjWukWMLkTeLK0BsQQ&oe=6A5FA854","https://www.facebook.com/DATOSproject","0","1017682618566548","In photos is the visualization of the near-real-time sensors* data from www.philsensors.asti.dost.gov.ph. 

These are the stations with cumulative rainfall of over 50mm for the past 24 hours. The threats of flood, landslide, or storm surge are imminent.

Check out Dost_pagasa's forecast regularly, and don't forget to check the hazards in your area through www.hazardhunter.georisk.gov.ph. Also, please remain vigilant and observe all the necessary precautionary measures from your local government unit officials. #ScienceForThePeople #ASTIg

--
*Based on a raw sensor reading",,,"12",,,,"12","5","1575426143000","https://www.facebook.com/DATOSproject/posts/pfbid07n5x2oEvM9UE3DdpWeKH25NYUuktenSpCsF9ensrXzZEno3FLJBrNRSMiYtRDZ6bl"
"No photo description available.","163865035008367","photo","https://www.facebook.com/photo/?fbid=163865035008367&set=a.488825023252930",,,,,,,,,,,,,,,,,"100063763099261","The House That Oysters Built","https://scontent-iad3-1.xx.fbcdn.net/v/t39.30808-1/302455609_488825049919594_6803667280736687039_n.png?stp=cp0_dst-png&cstp=mx510x510&ctp=s40x40&_nc_cat=101&ccb=1-7&_nc_sid=2d3e12&_nc_ohc=YnlcIVx1dYQQ7kNvwG8KqxD&_nc_oc=AdpkRdzHi4gLKNHUyBNA85LsFAC5SrJVpIY6cdxEZkAekTkKcyb_D7xR-CMxC7_KrDQ&_nc_zt=24&_nc_ht=scontent-iad3-1.xx&_nc_gid=rwmEkH3JaQQQBAGZbGN-xA&_nc_ss=7c2a8&oh=00_AQDKDLhDmbvhQU7DEl65Shny10WBWDUXQrDCfCKXu9zYWw&oe=6A5FA356","https://www.facebook.com/TheHouseThatOystersBuilt","0","163865055008365","Attention!!!

Good day our dear clients! We will be confirming all orders for this weekends (dec 7 & 8) til tomorrow (thursday) 12pm due to the number of flight bookings because of the storm that delayed the flights this past few days. Expect the flood of bookings in the airlines so i suggest do the reservations asap. Thank you and god bless!

#TheHouseThatOystersBuilt",,,"2",,,,"2","0","1575469235000","https://www.facebook.com/TheHouseThatOystersBuilt/posts/pfbid02vcgmpwNc7JxxQyyjhXTN2Lkw1zobXoFjeDFLxn5hyF1uKB93nhgAHhjyFsjDFZ3tl"
"No photo description available.","810964859364266","photo","https://www.facebook.com/photo.php?fbid=810964859364266&set=a.561616805767249&type=3","No photo description available.","810964896030929","photo","https://www.facebook.com/photo.php?fbid=810964896030929&set=a.561616805767249&type=3",,,,,,,,,,,,,"100057568024441","Philippine Emergency Alerts","https://scontent-iad3-1.xx.fbcdn.net/v/t39.30808-1/406854429_822820552980205_2420978380293932729_n.jpg?stp=c48.41.833.834a_cp0_dst-jpg_tt6&cstp=mx833x834&ctp=s40x40&_nc_cat=101&ccb=1-7&_nc_sid=2d3e12&_nc_ohc=5CRq9dUWRBsQ7kNvwHk_HFJ&_nc_oc=AdpoLDxuFcK9nVB3EfJLHHPmcIuoYJLGZWmsN5GdHxwkFToNRPphuw_VcS0yNNQW0ro&_nc_zt=24&_nc_ht=scontent-iad3-1.xx&_nc_gid=DL4vRkAT6hjcJBiF0xS0Zg&_nc_ss=7c2a8&oh=00_AQCwYXvi_2zOPIHj1Ev2s3_0cReKMeTkT3ll_GuC6SwF8A&oe=6A5FCE80","https://www.facebook.com/PHEmergencyAlerts","0","810964922697593","#WEATHERALERT #PAGASA #HEAVYRAINFALLWARNING #PORTIONS #METROMANILA #CALABARZON #CENTRALLUZON

PAGASA Heavy Rainfall Warning No. 3 
Weather System: Typhoon TISOY
Issued at: 2:00 PM,03 December 2019

Yellow Warning: #MetroManila, #Quezon, #Bataan.
Associated Hazard: Possible FLOODING in flood-prone areas

Orange Warning: #Cavite, #Rizal.
Associated Hazard: FLOODING is THREATENING

Red Warning: #Laguna, #Batangas.
Associated Hazard: Serious FLOODING is expected in flood-prone areas

Meanwhile, light to moderate rains affecting #Tarlac, #NuevaEcija, #Zambales, #Pampanga, #Bulacan which may persist within 2-3 hours and may affect nearby areas.

The public and the Disaster Risk Reduction and Management Offices concerned are advised to MONITOR the weather condition and watch for the next advisory to be issued at 5:00 PM Today.",,,"3",,,,"3","3","1575355677000","https://www.facebook.com/PHEmergencyAlerts/posts/pfbid0295mUr2NaH9tYVaLbT9YNDvLddzCERieq3HZcJui41hFcAhY7pfcqycmtyZYV6J8bl"
,,,,,,,,,,,,,,,,,,,,"100064743786571","Love & Solar Co., Limited","https://scontent-iad3-2.xx.fbcdn.net/v/t39.30808-1/327273529_5788128771274453_4988997089343827248_n.jpg?stp=cp0_dst-jpg_tt6&cstp=mx937x937&ctp=s40x40&_nc_cat=105&ccb=1-7&_nc_sid=2d3e12&_nc_ohc=E9grdLTuzDcQ7kNvwGLqO0e&_nc_oc=AdrO8eErzRBU8wJJbrZo1euBuOxVJMITG96u3cNVpQ_l5IIC1tiDfYxUb-mohozUGfg&_nc_zt=24&_nc_ht=scontent-iad3-2.xx&_nc_gid=DL4vRkAT6hjcJBiF0xS0Zg&_nc_ss=7c2a8&oh=00_AQDD3OpjoyW645OvMsiypFTvg8AbJ5bNq91CTdgZSJzhjQ&oe=6A5FB14B","https://www.facebook.com/loveandsolarheadquarters","0","3352981238062799","Solar Flood Light and CCTV Camera Two in One Design
Camera Connect with Wifi and Control & Monitor By Mobile APP 
Video Can Be Recorded and Saved by 16G Memory Card
High Efficency Solar Panel and Long Life Span LifePO4 Battery
Please Inbox Us for Details",,,"2",,,,"2","0","1575450289000","https://www.facebook.com/groups/575512099143074/permalink/3352981238062799/"
"No photo description available.","811053379355414","photo","https://www.facebook.com/photo.php?fbid=811053379355414&set=a.561616819100581&type=3","No photo description available.","811053522688733","photo","https://www.facebook.com/photo.php?fbid=811053522688733&set=a.561616819100581&type=3",,,,,,,,,,,,,"100057568024441","Philippine Emergency Alerts","https://scontent-iad3-1.xx.fbcdn.net/v/t39.30808-1/406854429_822820552980205_2420978380293932729_n.jpg?stp=c48.41.833.834a_cp0_dst-jpg_tt6&cstp=mx833x834&ctp=s40x40&_nc_cat=101&ccb=1-7&_nc_sid=2d3e12&_nc_ohc=5CRq9dUWRBsQ7kNvwHk_HFJ&_nc_oc=AdpoLDxuFcK9nVB3EfJLHHPmcIuoYJLGZWmsN5GdHxwkFToNRPphuw_VcS0yNNQW0ro&_nc_zt=24&_nc_ht=scontent-iad3-1.xx&_nc_gid=DL4vRkAT6hjcJBiF0xS0Zg&_nc_ss=7c2a8&oh=00_AQCwYXvi_2zOPIHj1Ev2s3_0cReKMeTkT3ll_GuC6SwF8A&oe=6A5FCE80","https://www.facebook.com/PHEmergencyAlerts","0","811053552688730","#WEATHERALERT #PAGASA #HEAVYRAINFALLWARNING #PORTIONS #METROMANILA #CALABARZON #CENTRALLUZON

PAGASA Heavy Rainfall Warning No. 4
Weather System: Typhoon TISOY
Issued at: 4:56 PM,03 December 2019

Yellow Warning: #MetroManila, #Quezon, #Bataan, #Cavite, #Rizal.
Associated Hazard: FLOODING in flood-prone areas

Orange Warning: #Laguna, #Batangas.
Associated Hazard: FLOODING is still THREATENING

Meanwhile, Light to moderate rains affecting #Tarlac, #NuevaEcija, #Zambales, #Pampanga, #Bulacan which may persist within 2-3 hours and may affect nearby areas.

The public and the Disaster Risk Reduction and Management Offices concerned are advised to MONITOR the weather condition and watch for the next advisory to be issued at 8:00 PM Today.",,,"5",,,,"5","3","1575366002000","https://www.facebook.com/PHEmergencyAlerts/posts/pfbid02ZWfDMSJawiw42Tas5zFcgbctxB5GtpKkbwCaHaXR2nP5XtE6sBgM9MDrdPKWdfr6l"
,,,,,,,,,,,,,,,,,,,,"100064750716967","Hugpong Ng Pagbabago Quezon City","https://scontent-iad3-1.xx.fbcdn.net/v/t39.30808-1/242966860_258288813006141_6788884205611523103_n.jpg?stp=cp0_dst-jpg_tt6&cstp=mx809x809&ctp=s40x40&_nc_cat=101&ccb=1-7&_nc_sid=2d3e12&_nc_ohc=DuOVxVew90IQ7kNvwFoApex&_nc_oc=Adoo6o9F-X2zRG40Vv7G4lBSmO_DbO0OyWaATmIB-eyeJ8hRSzPKSqMcg4ccMe9EjFo&_nc_zt=24&_nc_ht=scontent-iad3-1.xx&_nc_gid=DL4vRkAT6hjcJBiF0xS0Zg&_nc_ss=7c2a8&oh=00_AQCwvDR9yQZ3_OoGvT58m3R0axdPDK3NOGVDyBCL5H74RQ&oe=6A5FB161","https://www.facebook.com/HugpongNgPagbabagoQuezonCity","1","166860041355247","Relief packs and ready-to-eat food are also ready for distribution by personnel of the city’s Social Services Department who were tasked to assist affected residents in the evacuation centers.

Based on the latest monitoring of the QCDRRMC, Marasigan said that floods in the city as of Tuesday are still gutter-deep due to occasional heavy rains being experienced in Metro Manila.",,,"1","4",,,"5","2","1575426584000","https://www.facebook.com/HugpongNgPagbabagoQuezonCity/posts/pfbid02HMCZMjfBpZkyC5UCoMQWcDFWZR2UN4LBHhZ3Dw5n4a96zWfXo1E5xei2aNN11QHnl"
,,,,,,,,,,,,,,,,,,,,"100064788993909","702 DZAS - FEBC Radio","https://scontent-iad3-1.xx.fbcdn.net/v/t39.30808-1/327160545_915542766267671_3601635415432415234_n.jpg?stp=cp0_dst-jpg_tt6&cstp=mx2048x2048&ctp=s40x40&_nc_cat=104&ccb=1-7&_nc_sid=2d3e12&_nc_ohc=rPhp91DmmZQQ7kNvwH5g7JC&_nc_oc=Ado5X8JoNFFzB4qMfmPUWqnakSOQAJsjQxWLvy4OqdiZmd6pzNMugOzWA6MDZGgYpaE&_nc_zt=24&_nc_ht=scontent-iad3-1.xx&_nc_gid=DL4vRkAT6hjcJBiF0xS0Zg&_nc_ss=7c2a8&oh=00_AQDOl1HTP96p7ZGYukOigoowG5FdNcnNS6LCnmbPZCpbBg&oe=6A5FA8E7","https://www.facebook.com/702DZAS","0","2449607898495142","Ka-Agapay!
Ating alamin ang gamit ng color-coded rainfall advisory ng PAGASA.

Ang mga flood alerts sa ilalim ng rainfall advisory, kung malakas ang ulan, yellow rainfall advisory ang itinataas kung inaasahang bubuhos ang 7.5 mm hanggang 15 mm ng ulan sa susunod na isang oras, at inaasahan na magpapatuloy ito.

Kung bahagi ka ng pamayanang binigyan ng yellow rainfall advisory, pinapayuhan kang maging alerto sa kundisyon ng ulan, at binibigyang-babala na maaaring bumaha sa mga mabababang lugar.

Orange rainfall advisory naman ang itinataas sa mga lugar na inaasahang makakaranas ng 15 mm hanggang 30 mm na buhos ng ulan sa susunod na isang oras. Nagbabadya na ang baha sa mga pamayanang ito.

Kung maituturing nang emergency ang pagbuhos ng ulan, red rainfall advisory ang itinataas. Nangyayari ito kung mahigit 30 mm ang ulan sa susunod na isang oras, o kung tatlong oras nang malakas ang ulan at umabot na sa 65 mm.

Kapag itinaas ng PAGASA ang red rainfall advisory, inaasahan ang pagkilos at pagtugon ng mga pamayanan. Mapanganib na ang baha at dapat nang maghandang lumikas ang mga residente tungo sa mas ligtas na lugar.

https://www.officialgazette.gov.ph/

#UNANGTUGON
#TISOYPH
#AGAPAY_NG_SAMBAYANAN",,,"11",,,,"11","0","1575336398000","https://www.facebook.com/heartlinefebc/posts/pfbid02urtjtS5szduy2c69qyZhJDnvWk9rUa6qYBbcrnTeKanKHodkuyRukGb4DhcD112Ll"
"No photo description available.","2485999664999847","photo","https://www.facebook.com/photo/?fbid=2485999664999847&set=a.459694152849719",,,,,,,,,,,,,,,,,"100064274131721","PHirstpark Homes Pandi Bulacan","https://scontent-iad6-1.xx.fbcdn.net/v/t39.30808-1/474467743_1010164987802630_1723296072740518364_n.jpg?stp=c7.0.403.403a_cp0_dst-jpg_tt6&cstp=mx403x403&ctp=s40x40&_nc_cat=107&ccb=1-7&_nc_sid=2d3e12&_nc_ohc=6DUggyU1884Q7kNvwEKIONj&_nc_oc=AdoZqxefHBIDsXdk-h99YY23-aYSOoSgaA4TAye06HXZcPDF0aCktSy_NlinQSo1D3M&_nc_zt=24&_nc_ht=scontent-iad6-1.xx&_nc_gid=frMnKfP_vV7NKur_gGNO0A&_nc_ss=7c2a8&oh=00_AQDxRNmZ4heHl8wDZWpjjuf-3hVcMrbrYZVySDiyR7x4Uw&oe=6A5FAE2E","https://www.facebook.com/profile.php?id=100064274131721","2","2485999691666511","🏡MALAPIT NA ANG PASKO!!!

Excited ka na din ba? anong regalo ang ibibigay mo sa family mo? 

bagong gadget? (wala pang 6 months may bagong model na naman na lalabas) 

bagong damit (maluluma din yan)

house and lot? (consistent ang pagtaas ng value)

Baka gusto mong mag invest...tutulungan ka namin :)

✔Most Affordable Single Attach here at Santa Maria Bulacan 100%Flood free!
✔10k only to Reserve!
✔For as low as 17K per month 

0923-9063650

#bahayatLupa #Primeville #AffordableHouseandLotBulacan #PangaraNaBahay #walangbaha #houseandLot",,,"1",,,,"1","0","1575358385000","https://www.facebook.com/permalink.php?story_fbid=pfbid02NwfRfryc1KVz1ux9ZPgEvbaYtXAvCfxtRkkk6PQB2V9b94HwB2ZuvdrXCihHrTLjl&id=100064274131721"
,,,,,,,,,,,,,,,,,,,,"100064838946583","Church of Christ at Project 7","https://scontent-iad3-2.xx.fbcdn.net/v/t39.30808-1/326438923_556968173042151_1792193688172969401_n.jpg?stp=cp0_dst-jpg_tt6&cstp=mx959x960&ctp=s40x40&_nc_cat=103&ccb=1-7&_nc_sid=2d3e12&_nc_ohc=rMp4xJ2Eqi4Q7kNvwGZqC0B&_nc_oc=Ado5-1tfYIZsAhTyXz-NLS0hSOuwXMb1II6tUj4mHuCIK5CxBLbvF3azr3Ee9teO7Is&_nc_zt=24&_nc_ht=scontent-iad3-2.xx&_nc_gid=frMnKfP_vV7NKur_gGNO0A&_nc_ss=7c2a8&oh=00_AQDQww4Iha6E_K89owL5KUc2IczAQw_Qc52Yhnju7ykrww&oe=6A5FBE5D","https://www.facebook.com/p7church","1","10157733606159696","Faithful People Are Persistent People
By Rick Warren | December 4, 2019

People of faith simply don’t know how to quit. They never give up. They keep on keeping on. They understand that faith means having persistence.

If you want to be a person of faith, then you have a choice: When you don’t see God’s answer to your prayer right away, you can just wait or you can be persistent. One choice is passive; the other is active. While you wait, you continue working. You don’t give up, even though you don’t see the answer. You keep working at the marriage, you keep working at the job, you keep believing that there’s going to be a breakthrough. You don’t give up!

Noah was an amazing man of faith. God told him to build an ark because there would be a flood. It must have been difficult to bear ridicule for building a boat in the middle of the desert, with no idea how God was going to get water to it. It took Noah 120 years to build the ark. That’s a long time to wait! It’s a long time to trust, especially when everyone thinks you’re crazy.

But Noah persevered. He was persistent, and he stayed faithful to the task God had given him.

Galatians 6:9 says, “Let us not become weary in doing good, for at the proper time we will reap a harvest if we do not give up” (NIV).

Don’t give up! Be persistent in your purpose. Become a faithful person so God can use you to do what seems impossible to everyone else.

Talk It Over

How does being persistent while you’re waiting on God help you keep the right focus?
What faithful people have modeled persistence for you?
How can you continue growing while you wait to see how God is going to work?",,,"8","2",,,"10","2","1575500276000","https://www.facebook.com/p7church/posts/pfbid02MZHSVTrNtNNX7uRZmb1WCSm4eKhMDq81p8bQsyte5SzfaSwagj9KpuTUudFYp1aPl"
"No photo description available.","427665321478650","photo","https://www.facebook.com/photo.php?fbid=427665321478650&set=a.450014060472937&type=3","No photo description available.","427666058145243","photo","https://www.facebook.com/photo.php?fbid=427666058145243&set=a.450014060472937&type=3","No photo description available.","427666134811902","photo","https://www.facebook.com/photo.php?fbid=427666134811902&set=a.450014060472937&type=3","No photo description available.","427666198145229","photo","https://www.facebook.com/photo.php?fbid=427666198145229&set=a.450014060472937&type=3","No photo description available.","427666298145219","photo","https://www.facebook.com/photo.php?fbid=427666298145219&set=a.450014060472937&type=3","100063930396437","Phirst Park - For Every First Home","https://scontent-iad3-2.xx.fbcdn.net/v/t39.30808-1/641378719_1379094594231541_3730327644434168894_n.jpg?stp=cp0_dst-jpg_tt6&cstp=mx960x960&ctp=s40x40&_nc_cat=103&ccb=1-7&_nc_sid=2d3e12&_nc_ohc=MR4qxdfPqm8Q7kNvwEnbbza&_nc_oc=Adptls_VoOK38ASAnn2pALnQ2XcYEB6EQU8qRpsltMwzDLquB8qQRULkTZfcuZkio1M&_nc_zt=24&_nc_ht=scontent-iad3-2.xx&_nc_gid=frMnKfP_vV7NKur_gGNO0A&_nc_ss=7c2a8&oh=00_AQB0rA3tjOoRP8DSqUH4Ekl58D-fzCS5w2ZGGmEo_F33sQ&oe=6A5FB5DC","https://www.facebook.com/welcomeatphirstpark","0","427666581478524","YEAR-END PROMO!!!
RESERVE NOW, PAY LATER!!

AMAIA SCAPES SAN FERNANDO PAMPANGA
PRICE STARTS AT P5,000++/month
House and Lot at Brgy Calulut San Fernando Pampanga

✅ Subsidiary of Ayala Land
✅ Accessible
✅ 24/7 Security
✅ Flood Free
✅ Premium/High Quality Materials Used
✅ First Rate Amenities",,,"4",,,,"4","65","1575472307000","https://www.facebook.com/welcomeatphirstpark/posts/pfbid02oJqoAPFH7JLdddyZYzt7rbtE929UPv3ZoTBoWdP5Z9pC6a23bFg8GvxngXK76tMPl"
,,,,,,,,,,,,,,,,,,,,"100063787064504","Panda Pearl Enterprise","https://scontent-iad6-1.xx.fbcdn.net/v/t39.30808-1/273284222_338830718253161_4999597320270158182_n.png?stp=cp0_dst-png&cstp=mx1469x1469&ctp=s40x40&_nc_cat=109&ccb=1-7&_nc_sid=2d3e12&_nc_ohc=WndtF8vH0nQQ7kNvwH5QXN_&_nc_oc=AdoxtCiDKPR2FN6B1c4Wkkdj-5X4iB5yWzRn3f7BHIDew7tE-TrfqxrigyHgQqjjYOE&_nc_zt=24&_nc_ht=scontent-iad6-1.xx&_nc_gid=frMnKfP_vV7NKur_gGNO0A&_nc_ss=7c2a8&oh=00_AQDhOqt1PnwdTT8Q9HQEW8q2nnH6oXU1oyaIXTrv2vnoSg&oe=6A5FBA8E","https://www.facebook.com/PandaPearlMilkTeaSupplier","1","1118830788325046","Hi guys!
Our shop is OPEN today from 9am to 6pm😃

✔️ Wide Parking space
✔️ Flood Free area

u can also order online pm our page😃😃",,,"2",,,,"2","0","1575334798000","https://www.facebook.com/PandaPearlMilkTeaSupplier/posts/pfbid0ELaEHf6cwx75ePyCJdrZfNYSWUC8XLjQbD4bgA5iFmdhuQcteVHYgmsMGKLYETZyl"
,,,,,,,,,,,,,,,,,,,,"100064788993909","702 DZAS - FEBC Radio","https://scontent-iad3-1.xx.fbcdn.net/v/t39.30808-1/327160545_915542766267671_3601635415432415234_n.jpg?stp=cp0_dst-jpg_tt6&cstp=mx2048x2048&ctp=s40x40&_nc_cat=104&ccb=1-7&_nc_sid=2d3e12&_nc_ohc=rPhp91DmmZQQ7kNvwH5g7JC&_nc_oc=Ado5X8JoNFFzB4qMfmPUWqnakSOQAJsjQxWLvy4OqdiZmd6pzNMugOzWA6MDZGgYpaE&_nc_zt=24&_nc_ht=scontent-iad3-1.xx&_nc_gid=frMnKfP_vV7NKur_gGNO0A&_nc_ss=7c2a8&oh=00_AQBrUUsGycAucaM96mcUc3_963RhyMYTRYuEn5v9VikP1g&oe=6A5FA8E7","https://www.facebook.com/702DZAS","0","2879878435364685","Ka-Agapay!
Ating alamin ang gamit ng color-coded rainfall advisory ng PAGASA.

Ang mga flood alerts sa ilalim ng rainfall advisory, kung malakas ang ulan, yellow rainfall advisory ang itinataas kung inaasahang bubuhos ang 7.5 mm hanggang 15 mm ng ulan sa susunod na isang oras, at inaasahan na magpapatuloy ito.

Kung bahagi ka ng pamayanang binigyan ng yellow rainfall advisory, pinapayuhan kang maging alerto sa kundisyon ng ulan, at binibigyang-babala na maaaring bumaha sa mga mabababang lugar.

Orange rainfall advisory naman ang itinataas sa mga lugar na inaasahang makakaranas ng 15 mm hanggang 30 mm na buhos ng ulan sa susunod na isang oras. Nagbabadya na ang baha sa mga pamayanang ito.

Kung maituturing nang emergency ang pagbuhos ng ulan, red rainfall advisory ang itinataas. Nangyayari ito kung mahigit 30 mm ang ulan sa susunod na isang oras, o kung tatlong oras nang malakas ang ulan at umabot na sa 65 mm.

Kapag itinaas ng PAGASA ang red rainfall advisory, inaasahan ang pagkilos at pagtugon ng mga pamayanan. Mapanganib na ang baha at dapat nang maghandang lumikas ang mga residente tungo sa mas ligtas na lugar.

https://www.officialgazette.gov.ph/

#UNANGTUGON
#TISOYPH
#AGAPAY_NG_SAMBAYANAN",,,"4",,,,"4","1","1575336417000","https://www.facebook.com/permalink.php?story_fbid=pfbid0FELfAxUtqPf1sEpTgMuWT9fRUC6xKpMuUUSPMEnHvA6XdyHkVYGcZmUjgsCa9MmYl&id=100064838074770"
,,,,,,,,,,,,,,,,,,,,"100064728456929","Pridakas Youth Alive","https://scontent-iad6-1.xx.fbcdn.net/v/t39.30808-1/450472430_914183677415906_64089977510689051_n.jpg?stp=c109.84.937.937a_cp0_dst-jpg_tt6&cstp=mx937x937&ctp=s40x40&_nc_cat=102&ccb=1-7&_nc_sid=2d3e12&_nc_ohc=-DuLiD7LPZ8Q7kNvwHJ3FJq&_nc_oc=Ado8ogGIM-mdtX-P5Xe5A6NcrNDCSlk7MQUlaOTAoYtftqsO6NhGKu8V0GSmuhqdeoo&_nc_zt=24&_nc_ht=scontent-iad6-1.xx&_nc_gid=TCAzCja0Ob0jiT2zU4uKkg&_nc_ss=7c2a8&oh=00_AQB08iZHu7Ec5FKh-lZWPDlRASzFzHENMBj2MHsguxDRbQ&oe=6A5FAF60","https://www.facebook.com/YAPKristiyano","0","2606985216047028","",,,,"7",,,"7","1","1575344634000","https://www.facebook.com/groups/960981810647385/permalink/2606985216047028/"
,,,,,,,,,,,,,,,,,,,,"100064472988502","Pet Avenue","https://scontent-iad6-1.xx.fbcdn.net/v/t39.30808-1/378138678_675109217981505_2667520918885154052_n.jpg?stp=cp0_dst-jpg_tt6&cstp=mx1200x1200&ctp=s40x40&_nc_cat=100&ccb=1-7&_nc_sid=2d3e12&_nc_ohc=qRtHP8X0W_EQ7kNvwGO9y8B&_nc_oc=AdqGB1OzMHmU0Wu_cIOcBvo_Avnbke_le3dRBPHpTpob9xuvjmWaS2MCVBJ5B_zQprw&_nc_zt=24&_nc_ht=scontent-iad6-1.xx&_nc_gid=TCAzCja0Ob0jiT2zU4uKkg&_nc_ss=7c2a8&oh=00_AQD0Gmbe385znN6KNOXuayWJ0tB7e_c2KTWxUj85blVUvA&oe=6A5FCF77","https://www.facebook.com/petavenuephilippines","2","2542018822579378","","5",,,"1","25",,"31","1","1575354676000","https://www.facebook.com/groups/1097145573733384/permalink/2542018822579378/"
"No photo description available.","2546313365485567","photo","https://www.facebook.com/photo.php?fbid=2546313365485567&set=a.516023053865276&type=3","No photo description available.","2546313408818896","photo","https://www.facebook.com/photo.php?fbid=2546313408818896&set=a.516023053865276&type=3","No photo description available.","2546313455485558","photo","https://www.facebook.com/photo.php?fbid=2546313455485558&set=a.516023053865276&type=3","No photo description available.","2546313525485551","photo","https://www.facebook.com/photo.php?fbid=2546313525485551&set=a.516023053865276&type=3",,,,,"100063727574054","HOUSE and HOMES Easy to own","https://scontent-iad3-1.xx.fbcdn.net/v/t39.30808-1/307208441_516023063865275_1775659355919716227_n.jpg?stp=cp0_dst-jpg_tt6&cstp=mx720x719&ctp=s40x40&_nc_cat=108&ccb=1-7&_nc_sid=2d3e12&_nc_ohc=_LHx5BD0B3wQ7kNvwHVPAqS&_nc_oc=Adp8SVTwQDpPTeOzmnwV1wPOCDxaip-SIWQVY2Z1M_zrOW0JtWKRZ2egKvq-zqBIBOk&_nc_zt=24&_nc_ht=scontent-iad3-1.xx&_nc_gid=TCAzCja0Ob0jiT2zU4uKkg&_nc_ss=7c2a8&oh=00_AQDuRXZxTOAltzq5tDBIWnAJF5t-dmBCfAiThnt8HIXi5Q&oe=6A5FD3B7","https://www.facebook.com/mannveay07houseandhomes","12","2546313548818882","Abot Kayang House and Lot near SM Tungko!! 
Ready for Occupancy thru PAGIBIG!!! 
2 Bedrooms, 1 Toilet w/Garage, Free Gate Pa! 
Also Available Duplex, Single Attached Unit @Muzon Proper, San Jose Del Monte! 

• Gated and Secured Community 
• Amenities includes Swimming pool, Function Hall, Covered Court, Parks and Playground 
• All houses are Fully Finish upon Turn-over. 

 • Along the Road Subdivision
 • 1 Ride from EDSA and Manila Area
 • Near SM San Jose Del Monte and proposed MRT 7 Station 
 • walk in distance from Public Market, Banks, Mac Donald's, Jollibee, 7-11, Mercury Drug 
 Schools, Church and Hospital
 • 100% Guaranteed Flood Free

For details, Reservation, Site Tripping :
Kindly message pls... 
Malyn C. Alipala 
09957117538

For More Properties, House and Lot Options
visit our page: https://www.facebook.com/mannveay07houseandhomes/",,,"3",,,,"3","11","1575426651000","https://www.facebook.com/mannveay07houseandhomes/posts/pfbid0vBne1xC9sgiJF47QzXMF55YnWYvXgQx6kvN8uusCkNydyCczDKMudaqhzoXapMWbl"
,,,,,,,,,,,,,,,,,,,,"100064834324943","Paksyit","https://scontent-iad3-1.xx.fbcdn.net/v/t39.30808-1/539359259_1176819401155860_1788044823078795031_n.jpg?stp=c178.0.724.724a_cp0_dst-jpg_tt6&cstp=mx724x724&ctp=s40x40&_nc_cat=108&ccb=1-7&_nc_sid=2d3e12&_nc_ohc=j7Nst7bpFPEQ7kNvwGFVuD0&_nc_oc=Ado_DSXKoIcjt5NVb_Y6ZDIHxWDzpTabve5Hj7JPUvAoDJBPh8enVCQhifsIXy99q94&_nc_zt=24&_nc_ht=scontent-iad3-1.xx&_nc_gid=TCAzCja0Ob0jiT2zU4uKkg&_nc_ss=7c2a8&oh=00_AQCZmg8HYc2-vLQWR-aspwB6kztM7wpLj8cc3JEzKBwfyw&oe=6A5FCE71","https://www.facebook.com/profile.php?id=100064834324943","4","724479111380811","May babae pa bang ganito?
•nangyayakap
•tumatawa ng malakas
•abnormal
•malakas mang asar
•hindi maarte
•nanakit
•pasaway
•laging gutom
•nangangagat
•nagpa-flood pag di ka nag rereply
•laging may topak
At higit sa lahat yung iiyak sya kapag nawala ka sakanya kase hindi nya kaya.",,,,"5","10",,"15","12","1575412833000","https://www.facebook.com/permalink.php?story_fbid=pfbid02iGpA7DSpowD8Rsu5NoYVHdyF4afDTrLPQUwz7UYDeXKrBxWptTnHgiEJJKqgv1ZFl&id=100064834324943"
,,,,,,,,,,,,,,,,,,,,"100063704020383","Mikako Cosplayer","https://scontent-iad6-1.xx.fbcdn.net/v/t39.30808-1/227049527_207454508054682_2841446595025975810_n.jpg?stp=cp0_dst-jpg_tt6&cstp=mx768x780&ctp=p40x40&_nc_cat=100&ccb=1-7&_nc_sid=2d3e12&_nc_ohc=We-RtxCarnIQ7kNvwG26dnu&_nc_oc=AdqfFvR4iA6vTO5jW_8LOH-qoi_vEnm_rQlnQYlXfR8DFpQcpOhpU-UYiJlY2XlyZzY&_nc_zt=24&_nc_ht=scontent-iad6-1.xx&_nc_gid=TCAzCja0Ob0jiT2zU4uKkg&_nc_ss=7c2a8&oh=00_AQCGioZFkj_0836J5S4FskzdzESkPUfNK8Q1gCgkCpSnKA&oe=6A5FC8A2","https://www.facebook.com/MikakoCosplayer","0","2649372271790032","Tigilan nyo pag flood likes sa posts ko. Baka manggigigil ako.. mai... maii... eeeee.... hiya ako. 🤣🤣🤣🤣",,"1","5","2",,,"8","0","1575456494000","https://www.facebook.com/MikakoCosplayer/posts/pfbid0dfFV98tFaG8LpJKTSGwGZ3oB5MHK78q7yCV6vQhPo9inqbjnxpAvAWwY86hx62Xol"
,,,,,,,,,,,,,,,,,,,,"648661143","TinLan Cortez","https://scontent-iad6-1.xx.fbcdn.net/v/t39.30808-1/451875217_10161061090261144_5268622080730599676_n.jpg?stp=c0.798.928.928a_cp0_dst-jpg_tt6&cstp=mx928x928&ctp=s24x24&_nc_cat=109&ccb=1-7&_nc_sid=e99d92&_nc_ohc=oFsBbeqHvXEQ7kNvwFvwI2s&_nc_oc=AdpMqf-x796-qUmzWj4JUXXGwsCfskg02uoB8mmRpfIlorOHRLTy05NkHOY4uHEcS-M&_nc_zt=24&_nc_ht=scontent-iad6-1.xx&_nc_gid=TCAzCja0Ob0jiT2zU4uKkg&_nc_ss=7c2a8&oh=00_AQCYvGk9huGGeIT3uw1_ZBTPswUOHkjKohBooS30oxs4aw&oe=6A5FCEF4","https://www.facebook.com/roczet","0","1769157026552353","Reminder lang po sa mga post nyo. Once lang po mag post, bawal multiple post. Otherwise it will be deleted and you will be blocked. Do not flood the wall of the group with things unrelated to the group.",,,"8",,,,"8","0","1575474422000","https://www.facebook.com/groups/1074031449398251/permalink/1769157026552353/"
,,,,,,,,,,,,,,,,,,,,"100064472988502","Pet Avenue","https://scontent-iad6-1.xx.fbcdn.net/v/t39.30808-1/378138678_675109217981505_2667520918885154052_n.jpg?stp=cp0_dst-jpg_tt6&cstp=mx1200x1200&ctp=s40x40&_nc_cat=100&ccb=1-7&_nc_sid=2d3e12&_nc_ohc=qRtHP8X0W_EQ7kNvwGO9y8B&_nc_oc=AdqGB1OzMHmU0Wu_cIOcBvo_Avnbke_le3dRBPHpTpob9xuvjmWaS2MCVBJ5B_zQprw&_nc_zt=24&_nc_ht=scontent-iad6-1.xx&_nc_gid=TCAzCja0Ob0jiT2zU4uKkg&_nc_ss=7c2a8&oh=00_AQD0Gmbe385znN6KNOXuayWJ0tB7e_c2KTWxUj85blVUvA&oe=6A5FCF77","https://www.facebook.com/petavenuephilippines","0","2491074504554869","","1",,,,"2",,"3","0","1575388380000","https://www.facebook.com/groups/bantayanimalwelfare/permalink/2491074504554869/"
,,,,,,,,,,,,,,,,,,,,"100064728456929","Pridakas Youth Alive","https://scontent-iad6-1.xx.fbcdn.net/v/t39.30808-1/450472430_914183677415906_64089977510689051_n.jpg?stp=c109.84.937.937a_cp0_dst-jpg_tt6&cstp=mx937x937&ctp=s40x40&_nc_cat=102&ccb=1-7&_nc_sid=2d3e12&_nc_ohc=-DuLiD7LPZ8Q7kNvwHJ3FJq&_nc_oc=Ado8ogGIM-mdtX-P5Xe5A6NcrNDCSlk7MQUlaOTAoYtftqsO6NhGKu8V0GSmuhqdeoo&_nc_zt=24&_nc_ht=scontent-iad6-1.xx&_nc_gid=Aq_-x8HUM3bsvpOUfpDXQA&_nc_ss=7c2a8&oh=00_AQDykU4HJk40o5t1NbG_R0ymIlOey_L4ZE4msje2khGDww&oe=6A5FAF60","https://www.facebook.com/YAPKristiyano","0","1419269491589108","When the oceans rise and thunders roar, I will soar with You above the storm. Father You are king over the flood. I WILL BE STILL KNOW YOU ARE GOD.",,,,"2",,,"2","3","1575344632000","https://www.facebook.com/YAPKristiyano/posts/pfbid0cKGspS1AidaimQCHV8EwaHy2rR5SusD7y52CntaVXYNoLCDUbKFVxBWS6bRcnSuel"
,,,,,,,,,,,,,,,,,,,,"100063455539883","The Brown Bear","https://scontent-iad3-2.xx.fbcdn.net/v/t39.30808-1/730771658_1627098632748639_4490862630548404797_n.jpg?stp=c0.0.810.810a_cp0_dst-jpg_tt6&cstp=mx810x810&ctp=s40x40&_nc_cat=105&ccb=1-7&_nc_sid=2d3e12&_nc_ohc=wRJrQ9ZwckYQ7kNvwHueawY&_nc_oc=AdoAGPLybrosMOq0HG8uZEh6RY7u4B8QOILEIj-uLxwDppJIVoOjAlBa-1saMzkchP4&_nc_zt=24&_nc_ht=scontent-iad3-2.xx&_nc_gid=Aq_-x8HUM3bsvpOUfpDXQA&_nc_ss=7c2a8&oh=00_AQBtJvqy8UW66jYKofGbeniA5ahL61d_N9cdn7zocitCYQ&oe=6A5FA2F8","https://www.facebook.com/Thebrownbear03","0","902976913431482","OFF TOPIC.
.
General Flood Advisory (GFA) 
.(KEEP SAFE sa MGA REGION NATO)
PROTEKTAHAN NAWA TAYO ng PANGINOON
.

Region 3 (Central Luzon) - GFA#2
Region 4A (CALABARZON) - GFA#3
Region 4B (MIMAROPA) - GFA#2
Region 5 (Bicol Region) - GFA #15
Region 8 (Eastern Visayas) - GFA#15
NCR (National Capital Region) - GFA#1
.
NOTE:
.
mag ingat po ang bawat isa at kung may EVACUATION CENTER MALAPIT SA LUGAR NINYO maganda na WAG NA TAYONG PASAWAY at PUMUNTA na ang mga bahay at gamit ay maibabalik natin PERO ANG BUHAY ay HINDI na natin MAIBABALIK KAHIT KAILAN
.
-♠",,,"1","5",,,"6","1","1575337067000","https://www.facebook.com/Thebrownbear03/posts/pfbid0U26TBUeAKdwLeVj3HrsU7PRZRKuT8Sb3bYMx1VMXcvrE35sfUSerEiBxBUxf4aawl"
,,,,,,,,,,,,,,,,,,,,"100063831944711","Sity's Limitless Cleaning - QC","https://scontent-iad6-1.xx.fbcdn.net/v/t39.30808-1/359470637_718221490315576_1671114207987508648_n.jpg?stp=cp0_dst-jpg_tt6&cstp=mx500x500&ctp=s40x40&_nc_cat=106&ccb=1-7&_nc_sid=2d3e12&_nc_ohc=o9r0lL92BAEQ7kNvwF8SX2X&_nc_oc=AdqrIIMvPSVEy0sgItcgYDAuWOAIEsoO1EiI8YQDkCj2uf7MA1kuOWkpYZxJL1kfklE&_nc_zt=24&_nc_ht=scontent-iad6-1.xx&_nc_gid=Aq_-x8HUM3bsvpOUfpDXQA&_nc_ss=7c2a8&oh=00_AQDV3_qYhLRu2ayqnsiEyQAlh99Td1OB076TDfPrZMTQxA&oe=6A5FAB6D","https://www.facebook.com/sityscleaning","1","2669744183080373","Keep safe mga kabayan. Lets pray for those who are severely affected by the storm.",,,"2",,,,"2","0","1575357747000","https://www.facebook.com/groups/783791138342363/permalink/2669744183080373/"
,"443482769702914","video",,,,,,,,,,,,,,,,,,"100064849986224","GMA News","https://scontent-iad6-1.xx.fbcdn.net/v/t39.30808-1/658216539_1459297662908553_7892569438724908023_n.jpg?stp=cp0_dst-jpg_tt6&cstp=mx1200x1200&ctp=s40x40&_nc_cat=1&ccb=1-7&_nc_sid=2d3e12&_nc_ohc=_9Kw3PkUnsIQ7kNvwFvL6bd&_nc_oc=AdqQjm8yshboYUJBhm3qjnwrJQVUPucH-YH5eice2ON-YQ7AeVYRucz_j1F30Yz03eQ&_nc_zt=24&_nc_ht=scontent-iad6-1.xx&_nc_gid=Aq_-x8HUM3bsvpOUfpDXQA&_nc_ss=7c2a8&oh=00_AQCB7iQRhZQKAUVEU8R72y5yOMhnb0vnQS4xU0dO1eKBhQ&oe=6A5FC37F","https://www.facebook.com/gmanews","48","10158120054701977","WATCH: Ankle deep water along a portion of Pasong Tamo in Makati. The rest of the Central Business District seems flood-free. #TisoyPH via Chino Gaston, GMA News",,"2","135","1","32","13","183","62","1575361961000","https://www.facebook.com/gmanews/videos/443482769702914/"
"No photo description available.","528931131025578","photo","https://www.facebook.com/photo/?fbid=528931131025578&set=a.253702196120710",,,,,,,,,,,,,,,,,"100044427936544","Marco Victoria","https://scontent-iad3-1.xx.fbcdn.net/v/t39.30808-1/651387377_1465194578304793_8198035335580304468_n.jpg?stp=c544.184.968.968a_cp0_dst-jpg_tt6&cstp=mx968x968&ctp=s40x40&_nc_cat=108&ccb=1-7&_nc_sid=2d3e12&_nc_ohc=CMXZSxEhn9QQ7kNvwEZ58-U&_nc_oc=AdoeJiBx7EZRsbHTqq-R4cR4Xdzm-kH_bcBYIjTUziaO3INSau_vRYNhKGs9fpmBkAc&_nc_zt=24&_nc_ht=scontent-iad3-1.xx&_nc_gid=Aq_-x8HUM3bsvpOUfpDXQA&_nc_ss=7c2a8&oh=00_AQAc3linPxOdv8qQBX6FD95nMeg7LCtxXte8wRAefAtxHQ&oe=6A5FBA0E","https://www.facebook.com/MarcoVictoriaOfficial","115","528931131025578","Bago ako pumunta dito sa Singapore, galing ako sa Cebu. 

Sa plane, nawala ko yung Samsung buds ko. Wala siya sa lost and found tapos sabi pa stewardess/ FA ""ay ang swerte naman ng naka-kuha nun"" 

In short, malas daw ako. Haha. 

So sabi ko sa sarili ko, I'm going to Singapore naman a day after so lesson learned, then bibili nalang ako ng galaxy buds dito sa Singapore.

Cheaper yung earbuds dito than Manila. But when it was time to buy the earbuds... typhoon kammuri aka ""Bagyong Tisoy"" hinagupit yung southern luzon and visayas. 

Tapos may nag text.
Signal #3 sa Batangas. 
My crab farm was starting to take in water. 

After mga 1 oras, tumawag na. 
All 880 adult crabs... gone in the flood (buong baranggay daw halos lubog na) - though the water quickly washed away, so did the potential 880 kilos to be sold during Christmas season washed away. (Target ko kasi is lumaki hanggang 1 kilo per crab)

Malas nanaman? 
Ano pa ba! Haha.

Did I get upset? Discouraged? Galit? dismaya? Masaklap? Badtrip?

Oo naman. Solid. 4 months ago lang na wipe out na din ako dahil sa bagyo e. Bumabawi pa nga lang.

But... naalala ko sinabi ng isang tao na idol ko. Sabi niya..

""Problems are always on the path of the prize""

So normal lang ako kasi may problem? On the path ako to the ""prize?""

Then sabi din niya, lahat daw tayong mga tao gusto yung ""prize"" pero pag may problem na... iba na. Yung iba they pursue the prize kahit may problem. Yung iba paralyzed pag may problem.

So ang lesson ko? Pursue the prize kahit madaming problema. Tuloy lang ang buhay. Wag susuko. Never give up!

Parang bagyo lang din ang mga problema, lumilipas at nawawala din.

Uwi na ako ng Pinas!
Bow.",,"12","1453","354","7","52","1878","254","1575486661000","https://www.facebook.com/photo.php?fbid=528931131025578&set=a.253702196120710&type=3"
,,,,,,,,,,,,,,,,,,,,"100069028928005","INQUIRER.net","https://scontent-iad6-1.xx.fbcdn.net/v/t39.30808-1/278901640_295125766131719_6117651967592833577_n.png?stp=cp0_dst-png&cstp=mx320x320&ctp=s40x40&_nc_cat=1&ccb=1-7&_nc_sid=2d3e12&_nc_ohc=4sYjAojLiwAQ7kNvwEAwiFn&_nc_oc=Adp3a37U4keGT746KlJGGBnL_JUOklQ0f-lK98l6VytzHD8I3AE_rcDwzPwMFQYhSeg&_nc_zt=24&_nc_ht=scontent-iad6-1.xx&_nc_gid=Aq_-x8HUM3bsvpOUfpDXQA&_nc_ss=7c2a8&oh=00_AQCxWPOZR5W4ck_DY5TMDKzTgZstPjEmz_eSv73PDD6H2w&oe=6A5FA681","https://www.facebook.com/inquirerdotnet","0","10158532164459453","From pop culture channel InqPOP: 

It looks like Filipinos are not letting the typhoon’s destructive threat dampen their vibes.",,"87","31","7",,,"125","28","1575367512000","https://www.facebook.com/inquirerdotnet/posts/pfbid0CvSwrVBCexmsvnDgKL5NZXmhkmRkdvopXdbhx5P53kV2SWnTVyJoBhBeZMMaaNdgl"
"No photo description available.","2477147625728465","photo","https://www.facebook.com/photo.php?fbid=2477147625728465&set=a.365711365600523&type=3","No photo description available.","2477120432397851","photo","https://www.facebook.com/photo.php?fbid=2477120432397851&set=a.365711365600523&type=3",,,,,,,,,,,,,"100064849864375","DOST-PAGASA","https://scontent-iad6-1.xx.fbcdn.net/v/t39.30808-1/487303686_1099355335569452_7045424019269009221_n.png?stp=cp0_dst-png&cstp=mx1001x1001&ctp=s40x40&_nc_cat=1&ccb=1-7&_nc_sid=2d3e12&_nc_ohc=8-rGnn6nM6QQ7kNvwG9BeaB&_nc_oc=Ado1iXdKk1riXPrHgTAxKEkx52wpfwo3WJzDq1fvzR4S-NQ6ykcuOqcfKMCyXQ0fQec&_nc_zt=24&_nc_ht=scontent-iad6-1.xx&_nc_gid=Aq_-x8HUM3bsvpOUfpDXQA&_nc_ss=7c2a8&oh=00_AQAgCY_PUNJgfd5PXIi25aGml3yO2BuE8bR2c6bZe7xB2Q&oe=6A5FC79F","https://www.facebook.com/PAGASA.DOST.GOV.PH","7","2477147945728433","Heavy Rainfall Warning No.8 #NL_PRSD -Aparri Radar
Weather System: Tail end of a Cold Front
Issued at: 05:00 AM, 5 Dec 2019

Orange Warning Level:
#Cagayan and #Isabela(Cabagan, Divilacan, IlaganCity, Maconacon, Palanan, SanMariano, SanPablo, SantaMaria and  Tumauini)
FLOODING is THREATENING in flood-prone areas.

Yellow Warning Level:
#Apayao and #Isabela(BenitoSoliven, Burgos, CauayanCity, DelfinAlbano, Echague, Gamu, Jones, Mallig, Naguilian, Quezon, Quirino, ReinaMercedes, Roxas, SanGuillermo, SantaMaria and  SantoTomas)
Flooding in flood-prone areas.

Moderate to occasionally heavy rains are being experienced over #Kalinga(Pinukpuk, Tabuk City and Rizal)
meanwhile Light to moderate rains #Kalinga(Balbalan and  Tanudan), #MountainProvince(Natonin and  Paracelis)which may persist for 2-3 hours

•The public and the disaster risk reduction and management offices concerned are advised to take appropriate actions, MONITOR the weather condition and watch for the next advisory to be issued at 8:00 AM.
• For more information and queries, please call at telephone number (078) 304-1994 or log on to bagong.pagasa.dost.gov.ph.",,,"101",,"1",,"102","39","1575493308000","https://www.facebook.com/PAGASA.DOST.GOV.PH/posts/pfbid031VDHi1ETxnkcTM2Vo2BCzUWXoukqu5ywU5bfTj4DySH1rKAtr1Byb2nfaKQjLcdHl"
"No photo description available.","2475841019192459","photo","https://www.facebook.com/photo.php?fbid=2475841019192459&set=a.365711365600523&type=3","No photo description available.","2475841242525770","photo","https://www.facebook.com/photo.php?fbid=2475841242525770&set=a.365711365600523&type=3",,,,,,,,,,,,,"100064849864375","DOST-PAGASA","https://scontent-iad6-1.xx.fbcdn.net/v/t39.30808-1/487303686_1099355335569452_7045424019269009221_n.png?stp=cp0_dst-png&cstp=mx1001x1001&ctp=s40x40&_nc_cat=1&ccb=1-7&_nc_sid=2d3e12&_nc_ohc=8-rGnn6nM6QQ7kNvwG9BeaB&_nc_oc=Ado1iXdKk1riXPrHgTAxKEkx52wpfwo3WJzDq1fvzR4S-NQ6ykcuOqcfKMCyXQ0fQec&_nc_zt=24&_nc_ht=scontent-iad6-1.xx&_nc_gid=PJgBBtdg5OTjJMUixPPCKg&_nc_ss=7c2a8&oh=00_AQBHdB3TyhX0FaZHXMvXa4FJ3Q-um4diGFVXcdN2kXUPcg&oe=6A5FC79F","https://www.facebook.com/PAGASA.DOST.GOV.PH","3","2475841339192427","Heavy Rainfall Warning No.3 #NL_PRSD -Aparri Radar
Weather System: Northeast Monsoon and STS Tisoy 
Issued at: 2:55 PM, 4 Dec 2019

Yellow Warning Level:
 #Cagayan, #Apayao and #Isabela(SanMaria, SanPablo, DelfinAlbano, Maconacon, IlaganCity, Cabagan Tumauini and Divilacan)
POSSIBLE Flooding in flood-prone areas.

Light to moderate rains are being experienced over #BabuyanIsland, #CamiguinIsland, #Abra(Lacub and  Tineg), #Isabela(Echague, Jones, Ramon, SanAgustin, SantiagoCity), #Kalinga and #MountainProvince(Natonin and  Paracelis) which may persist for 2-3 hours

•The public and the disaster risk reduction and management offices concerned are advised to take appropriate actions, MONITOR the weather condition and watch for the next advisory to be issued at 5:00 PM.

• For more information and queries, please call at telephone number (078) 304-1994 or log on to bagong.pagasa.dost.gov.ph.",,,"90",,,,"90","11","1575444502000","https://www.facebook.com/PAGASA.DOST.GOV.PH/posts/pfbid033u158ew67eKuUQfAHP7XSRfxv7tmwhPKPRgcM7pUA3VJqFHrhbFwRsAtoiVn5PE7l"
"No photo description available.","2476583012451593","photo","https://www.facebook.com/photo.php?fbid=2476583012451593&set=a.365711365600523&type=3","No photo description available.","2476584142451480","photo","https://www.facebook.com/photo.php?fbid=2476584142451480&set=a.365711365600523&type=3",,,,,,,,,,,,,"100064849864375","DOST-PAGASA","https://scontent-iad6-1.xx.fbcdn.net/v/t39.30808-1/487303686_1099355335569452_7045424019269009221_n.png?stp=cp0_dst-png&cstp=mx1001x1001&ctp=s40x40&_nc_cat=1&ccb=1-7&_nc_sid=2d3e12&_nc_ohc=8-rGnn6nM6QQ7kNvwG9BeaB&_nc_oc=Ado1iXdKk1riXPrHgTAxKEkx52wpfwo3WJzDq1fvzR4S-NQ6ykcuOqcfKMCyXQ0fQec&_nc_zt=24&_nc_ht=scontent-iad6-1.xx&_nc_gid=PJgBBtdg5OTjJMUixPPCKg&_nc_ss=7c2a8&oh=00_AQBHdB3TyhX0FaZHXMvXa4FJ3Q-um4diGFVXcdN2kXUPcg&oe=6A5FC79F","https://www.facebook.com/PAGASA.DOST.GOV.PH","5","2476585829117978","Heavy Rainfall Warning No.6 #NL_PRSD -Aparri Radar
Weather System: Northeast Monsoon enhanced by TS Tisoy
Issued at: 10:50 PM, 4 Dec 2019

Orange Warning Level: 
#Cagayan(Baggao, Gattaran, Lallo and  Peñablanca), #Isabela(Cabagan, Divilacan, IlaganCity, Maconacon, Palanan, SanMariano, SanPablo, SantaMaria and  Tumauini)
FLOODING is  still THREATENING in flood-prone areas.

Yellow Warning Level: 
#Apayao, #Cagayan(Abulug, Allacapan, Alcala, Amulung, Aparri, Ballesteros, Buguey, Camalanuigan, Claveria, Enrile, Iguig, Lasam, Pamplona, Piat, Rizal, SantaTeresita, SantoNiño, SanchezMira, Solana, Tuao and  TuguegaraoCity)
Flooding in flood-prone areas.

Moderate to occasionally heavy rains  are being experienced over #Kalinga(Pinukpuk and Rizal)
meanwhile Light to moderate rains #Cagayan(Gonzaga and  SantaAna),
#Isabela (BenitoSoliven, Burgos, CauayanCity, DelfinAlbano, Echague, Gamu, Jones, Mallig, Naguilian, Quezon, Quirino, ReinaMercedes, Roxas, SanGuillermo, SantaMaria and  SantoTomas), #Kalinga(Balbalan, Lubuagan, Pasil, TabukCity, Tanudan and  Tinglayan) which may persist for 2-3 hours

•The public and the disaster risk reduction and management offices concerned are advised to take appropriate actions, MONITOR the weather condition and watch for the next advisory to be issued at 2:00 AM.

• For more information and queries, please call at telephone number (078) 304-1994 or log on to bagong.pagasa.dost.gov.ph.",,,"69",,,,"69","27","1575471821000","https://www.facebook.com/PAGASA.DOST.GOV.PH/posts/pfbid0p5BWcevqcpMJVDQmsjbtnbQmnnaKKhM9enmG1x3CtCzSvSv8sqd1NyWvG7QUqVkQl"
,,,,,,,,,,,,,,,,,,,,"100066936152439","InqPOP","https://scontent-iad3-1.xx.fbcdn.net/v/t39.30808-1/279146209_316914563883080_623568077893157668_n.jpg?stp=cp0_dst-jpg_tt6&cstp=mx1638x1638&ctp=s40x40&_nc_cat=101&ccb=1-7&_nc_sid=2d3e12&_nc_ohc=nnXki-i6oaYQ7kNvwEHQboi&_nc_oc=Adr2cplNQcSOnMO_qD29NCwvzrzdJOxLjQIlIgJGMCBTIcQYpzbm1IOvT4PgTsvOBIY&_nc_zt=24&_nc_ht=scontent-iad3-1.xx&_nc_gid=PJgBBtdg5OTjJMUixPPCKg&_nc_ss=7c2a8&oh=00_AQBmbW4nGWTTk_bSJwtvV-dvymMyd4ECjXUiaUKwq8B1qQ&oe=6A5FB61D","https://www.facebook.com/inqpop","1","1255254714661013","""Best of luck to the members of the Philippine Company Employee Team as they compete in their aquatics event today going to the office."" #TeamMayPasok",,"1222","384","42","2","2","1652","118","1575367445000","https://www.facebook.com/inqpop/posts/pfbid0o31Q8Di7veYEEE1PRCR5HuBNF8PJbFKUYPwYws3RYjFBkwZED7eojpJXcSSkCpsjl"
"No photo description available.","2656393711106183","photo","https://www.facebook.com/photo.php?fbid=2656393711106183&set=a.620804143383794&type=3","No photo description available.","2656393771106177","photo","https://www.facebook.com/photo.php?fbid=2656393771106177&set=a.620804143383794&type=3","No photo description available.","2656393834439504","photo","https://www.facebook.com/photo.php?fbid=2656393834439504&set=a.620804143383794&type=3","No photo description available.","2656393907772830","photo","https://www.facebook.com/photo.php?fbid=2656393907772830&set=a.620804143383794&type=3","No photo description available.","2656393991106155","photo","https://www.facebook.com/photo.php?fbid=2656393991106155&set=a.620804143383794&type=3","100063626425955","Homescape Realty","https://scontent-iad3-1.xx.fbcdn.net/v/t39.30808-1/327271724_861036588282126_2061752683076225798_n.jpg?stp=cp0_dst-jpg_tt6&cstp=mx464x464&ctp=s40x40&_nc_cat=110&ccb=1-7&_nc_sid=2d3e12&_nc_ohc=cfaamsOn_TwQ7kNvwG_vqSC&_nc_oc=AdqagDkBm_sDm21oZyIkM5j71XJlK5VjGAF7IxPhW9dTQJrZqYvD38TQ-hIbi0jZ7Ts&_nc_zt=24&_nc_ht=scontent-iad3-1.xx&_nc_gid=PJgBBtdg5OTjJMUixPPCKg&_nc_ss=7c2a8&oh=00_AQDeTt36bJqdpVnTB2TwKWwvbN4Zxrn3Epe0xe-NZxeuRg&oe=6A5FD3FA","https://www.facebook.com/homescaperealty","6","2656395884439299","Modern House and lot for sale in Filinvest East Homes, Marcos Highway, Cainta Rizal

* 190sqm Lot area
* 360sqm floor area
* 4 BR
* 4 T/B
* 1 powder room
* 1 maids room
* 1 driver's quarters
* 1 staff T/B
* 2 car garage
* fully automated gates
* High Ceiling at 3.2m GF and 2nd floor
* water heaters for all T/B
* LED lights
* elevated flooring at 90cm
* flood free area guaranteed

Asking price: 19,888,888 negotiable
19.8 million (Negotiable)

PRIME LOCATION:
Moscow st., EASTVILLE, FILINVEST EAST, CAINTA RIZAL 

5mins away from:
(Right Outside the Village Gate) 
SM Masinag, Starbucks, McDonald's, Shakey's, Burger King, Chowking, BDO, Mercury Drug, Eastwest Bank, BPI, Robinsons Metro East Mall, Sta, Lucia Mall, Ayala Malls Feliz. 

10-15mins away from:
ATENEO de Manila, Miriam college, UP Diliman, SM marikina, Eastwood Mall, UP Town Center, Eastwood Mall, Ortigas CBD.

For inquiries, contact us:

+639176306383 (Globe/Viber/WhatsApp)
+639256306383 (Sun Cellular)
+639190039304 (Smart)
+6328 2087011 (Landline)

Or visit us @ www homescaperealty.com.ph",,,"64","7",,"11","82","13","1575420390000","https://www.facebook.com/homescaperealty/posts/pfbid0GFCnWCHREFQhfJie82K1mXWNTDtCXt85S3iM5nSi9e7xW8pSzT4YYt3zyZi2cB9Bl"
"No photo description available.","2426573254118861","photo","https://www.facebook.com/photo.php?fbid=2426573254118861&set=a.363864482446050&type=3","No photo description available.","2426573264118860","photo","https://www.facebook.com/photo.php?fbid=2426573264118860&set=a.363864482446050&type=3",,,,,,,,,,,,,"100064675025966","GMA News Weather Center","https://scontent-iad6-1.xx.fbcdn.net/v/t39.30808-1/724778055_1541013941397759_4007045830371021396_n.jpg?stp=c95.0.1152.1152a_cp0_dst-jpg_tt6&cstp=mx1152x1152&ctp=s40x40&_nc_cat=107&ccb=1-7&_nc_sid=2d3e12&_nc_ohc=JSfEewpaBicQ7kNvwHzlmbO&_nc_oc=AdpjqHajY4k3NLmfkJbZPgq0qiSKa-URGmiqKvcX2JKBiQz39IxGVh8AhEz5-EI_My4&_nc_zt=24&_nc_ht=scontent-iad6-1.xx&_nc_gid=PJgBBtdg5OTjJMUixPPCKg&_nc_ss=7c2a8&oh=00_AQDrGrF8fzqMAxdNr-fbCJp_LmWnD7u7r9pp54ToiNrrTw&oe=6A5FD1CD","https://www.facebook.com/gmaweather","0","2426573397452180","Dost_pagasa| Heavy Rainfall Warning No.2 #NL_PRSD -Aparri Radar
Weather System: Northeast Monsoon and STS Tisoy
Issued at: 10:45 AM, 4 Dec 2019

Orange Warning Level:
#Cagayan,
#Apayao and
#Isabela(SanMaria, SanPablo, DelfinAlbano, Maconacon, IlaganCity and Cabagan)
FLOODING is THREATENING in low lying and flood-prone areas.

Yellow Warning Level:
#Isabela(Tumauini and Divilacan).
POSSIBLE Flooding in flood prone areas.

Moderate rains are being experienced over #Isabela(Angadanan, Aurora, Cabatuan, CauayanCity, , Gamu, Luna, Mallig, Naguilian, Palanan, Quezon, Quirino, ReinaMercedes, Roxas, SanGuillermo, SanManuel and SanMariano), #Kalinga meanwhile Light to moderate rains #BabuyanIsland, #CalayanIsland, #CamiguinIsland, #DalupiriIsland, #FugaIsland, #IlocosNorte(Adams, Pagudpud and Piddig), #Isabela, #Kalinga(Pinukpuk, Rizal and TabukCity), #MountainProvince(Natonin and Paracelis) which may persist for 2-3 hours",,,"135",,"4",,"139","5","1575429626000","https://www.facebook.com/gmaweather/posts/pfbid0Ft1xEss987a6t4AGxPG5PpCDvRfKr737EgDxsmytX3UrPm9WMan7VzpVwgNynHigl"
"No photo description available.","440929229922401","photo","https://www.facebook.com/photo.php?fbid=440929229922401&set=a.478746753613325&type=3","No photo description available.","440929256589065","photo","https://www.facebook.com/photo.php?fbid=440929256589065&set=a.478746753613325&type=3","No photo description available.","440929286589062","photo","https://www.facebook.com/photo.php?fbid=440929286589062&set=a.478746753613325&type=3","No photo description available.","440929309922393","photo","https://www.facebook.com/photo.php?fbid=440929309922393&set=a.478746753613325&type=3","No photo description available.","440929329922391","photo","https://www.facebook.com/photo.php?fbid=440929329922391&set=a.478746753613325&type=3","100044340137962","Baby TV","https://scontent-iad3-1.xx.fbcdn.net/v/t39.30808-1/273299343_478746760279991_5273467617177917041_n.jpg?stp=cp0_dst-jpg_tt6&cstp=mx1920x1920&ctp=s40x40&_nc_cat=101&ccb=1-7&_nc_sid=2d3e12&_nc_ohc=l8ko3nn26tkQ7kNvwHhaO38&_nc_oc=Adp_gRye6_jMajNpCzJLuHL76Ei81HBE8g-Cb_ePzxxVOOI_xiVqxNyWCReg6riqpLo&_nc_zt=24&_nc_ht=scontent-iad3-1.xx&_nc_gid=PJgBBtdg5OTjJMUixPPCKg&_nc_ss=7c2a8&oh=00_AQAVF16E4AV1ALLntotxNRVVzQfCLCiWBjyNKhQKRQXlUQ&oe=6A5FCF52","https://www.facebook.com/BabyTV8888","13","440929916588999","LOT ONLY and HOUSE & LOT FOR SALE overlooking Metro Manila, Manila Bay and Laguna de Bay.

Only 15 minutes away to Batasan, Quezon City and 10 minutes away to SM City San Mateo & Marikina City. Beside Timberland Heights, San Mateo.

AMIYA RAYA Higland Homes is the last community to be built in San Mateo.

LOT ONLY PACKAGE

250SQM -Php5,169,000

HOUSE & LOT PACKAGE
3 BR and 3 Toilet & Bath
Php11,049,000
Lot Area: 250sqm
Floor Area: 115sqm

TERM: 15% DP; 85% via Financing

WHY STAY IN AMIYA RAYA?

-delighful views from sunrise to sundown
-feeling like you are in Antipolo, Tagaytay and Baguio yet nearest to the cities in Metro Manila.
-with 11 hectares nature park
-certified by Philvocs ""safe"" from the East Valley Fault. Flood-free!
-complete clubhouse amenites: events hall, swimming pools, gym and commercial establisments
-most affordable than Timberland Heights yet we have the most beautiful views (Timberland's Glades is at 45K per sqm, ours is only at 21K to 22K per sqm.)

Development within the areas:

-few meters away from the C-6 Road Exchange connecting SLEX and NLEX

-if your kids will be studying in Ateneo, UP and Miriam, it will only take 15 minutes drive via the newly-constructed National Road in Katipunan Avenue in Vista Real Classica which serves as an alternate road from Batasan-San Mateo Road to U.P, Ateneo and Miriam avoiding Commonwealth Avenue.

For tripping, please call or text AMIYA SALES HOTLINE now:

Mobile/Viber/WattsApp: +639157255783",,,"282","9",,"13","304","10","1575420918000","https://www.facebook.com/BabyTV8888/posts/pfbid02WAA2aV7yWz1Sg4oZWXjgxnCtny8FirH1Es3RWJTktZYCt3Cd5XzWkhKXRoQyYs8Jl"
"No photo description available.","1016910331977110","photo","https://www.facebook.com/photo.php?fbid=1016910331977110&set=a.498232245641258&type=3","No photo description available.","1016893171978826","photo","https://www.facebook.com/photo.php?fbid=1016893171978826&set=a.498232245641258&type=3","No photo description available.","1016893175312159","photo","https://www.facebook.com/photo.php?fbid=1016893175312159&set=a.498232245641258&type=3","No photo description available.","1016893335312143","photo","https://www.facebook.com/photo.php?fbid=1016893335312143&set=a.498232245641258&type=3",,,,,"100063634611438","DATOS Project","https://scontent-iad6-1.xx.fbcdn.net/v/t39.30808-1/304900628_498232278974588_2248588284943389285_n.png?stp=cp0_dst-png&cstp=mx1042x1042&ctp=s40x40&_nc_cat=109&ccb=1-7&_nc_sid=2d3e12&_nc_ohc=xluYBvCoN0kQ7kNvwFnM3Ap&_nc_oc=AdqHUykwidNfFMe_n5OuglVKSgCQC_VHDthU3FhGB81edKCGLitb01iuvp_AqQc-X8g&_nc_zt=24&_nc_ht=scontent-iad6-1.xx&_nc_gid=IXRj5u8ReQkDoXl8lf3FBw&_nc_ss=7c2a8&oh=00_AQDuV37d491gR6buFBLIOQKRW-bka0FcO2z2tJQgN_4IHA&oe=6A5FA854","https://www.facebook.com/DATOSproject","2","1016890651979078","THIS IS HOW DATOS MAKES SENSE OF DATA 🤯

We have been checking the rain gauges all around the Philippines since yesterday, and the team came up with a more systematic monitoring by automating the near-real-time sensors* data from www.philsensors.asti.dost.gov.ph. We came up with these.

These are the stations with cumulative rainfall of over 50mm for the past 24 hours. Please watch out for threats of flood, landslide, or storm surge.

Check out Dost_pagasa's forecast regularly, and don't forget to check the hazards in your area through www.hazardhunter.georisk.gov.ph. Observe all the necessary precautionary measures from your local government unit officials. #ScienceForThePeople #ASTIg

--
*Based on raw sensor reading",,,"47","8",,"3","58","53","1575360522000","https://www.facebook.com/DATOSproject/posts/pfbid0XJLc2XPZYQazha2At1NfQQaStzZ34aY5v9VbEv94SwXYKq18BJK5sHBabuBJhziZl"
,,,,,,,,,,,,,,,,,,,,"100039963742206","Cherrylyn Waje","https://scontent-iad3-1.xx.fbcdn.net/v/t39.30808-1/476156756_1315196809822431_5910877704247575515_n.jpg?stp=c0.18.540.540a_cp0_dst-jpg_tt6&cstp=mx540x540&ctp=s24x24&_nc_cat=108&ccb=1-7&_nc_sid=1d2534&_nc_ohc=HdeRsUCfy6gQ7kNvwGAftOE&_nc_oc=Adr85KLoYB0-UERCp-5-bdhnxr0vdOQ1J_kgsecnoh0vCw9AaTMz8Ixgar8zkBl7MDg&_nc_zt=24&_nc_ht=scontent-iad3-1.xx&_nc_gid=IXRj5u8ReQkDoXl8lf3FBw&_nc_ss=7c2a8&oh=00_AQAZ3gygfSpDn2ZVYwj92wUgz4RhW5BHCjPypyoQ3iFeVw&oe=6A5F9F21","https://www.facebook.com/cherryaizenpsalm.wajeespiritu","15","1300601340149817","Father YOU are King over the flood ,  I will be Still know YOU are GOD 😇🙌💙",,,"176","92",,,"268","13","1575377507000","https://www.facebook.com/groups/JMCIMofficial/permalink/1300601340149817/"
,"2429679987250602","video",,,,,,,,,,,,,,,,,,"100079954837116","UP Resilience Institute","https://scontent-iad3-1.xx.fbcdn.net/v/t39.30808-1/352026819_648978127079609_8857467644799267467_n.png?stp=cp0_dst-png&cstp=mx2000x2000&ctp=s40x40&_nc_cat=110&ccb=1-7&_nc_sid=2d3e12&_nc_ohc=RZAVS0iGVpIQ7kNvwFzse3c&_nc_oc=AdqzQW3eqaOGD6ddtPhy6UhEL44GaQVV6XYFPLWyYkTIB0tP6oV_dH5OEBCIDlGTlQ4&_nc_zt=24&_nc_ht=scontent-iad3-1.xx&_nc_gid=IXRj5u8ReQkDoXl8lf3FBw&_nc_ss=7c2a8&oh=00_AQBuw1izmVEPTN6IwSLSMIt_q-Zw15-wCZp3mgTcjF_MJg&oe=6A5FD0E8","https://www.facebook.com/UPResilienceInstitute","1","150332139706618","Techie🙋‍♂️mode💁ang ating🤙resilient🤧barkada!

#WalangPasok? Walang problema! Alamin ang dos and don'ts kapag may bagyo at baha! #BeResilientPH 💚✊🏽

Check out the links below!
http://www.mmda.gov.ph/20-faq/288-disaster-awareness-faq.html
http://www.mmda.gov.ph/images/FAQ/Tropical-Cyclone.jpg
http://www.mmda.gov.ph/images/FAQ/flood.jpg 
https://www.philstar.com/pang-masa/police-metro/2018/07/19/1834821/mayors-kakasuhan-kung-di-magsuspinde-ng-klase?fbclid=IwAR1LOa_KyquxcdheHBury3piDMgg1w1imDSI4pPesNn5jQl_oLlaSfufqcY",,"4","9","11",,"2","26","24","1575368390000","https://www.facebook.com/UPResilienceInstitute/videos/2429679987250602/"
,,,,,,,,,,,,,,,,,,,,"100064360824747","ONE News","https://scontent-iad6-1.xx.fbcdn.net/v/t39.30808-1/352658401_6225502244210342_1920176872751359948_n.png?stp=cp0_dst-png&cstp=mx1638x1638&ctp=s40x40&_nc_cat=1&ccb=1-7&_nc_sid=2d3e12&_nc_ohc=D1IHy-HhIG8Q7kNvwEaviBe&_nc_oc=Adp3wya1VQ6it_EtCFxGQ74JvhcX1H-1aZLGqDNNaUfpZwaTEBSAm-x0aqEMdyGO2ZU&_nc_zt=24&_nc_ht=scontent-iad6-1.xx&_nc_gid=IXRj5u8ReQkDoXl8lf3FBw&_nc_ss=7c2a8&oh=00_AQBwyR04-dPqNCa4mzY8nyIR6nrFjrsTaDXtX7VhpubuRw&oe=6A5FB9C7","https://www.facebook.com/ONENewsPH","0","731784897227399","The portable transponders can monitor the water level in the river and determine the amount of rainfall in the area. 🌧",,,"3",,,,"3","0","1575450012000","https://www.facebook.com/ONENewsPH/posts/pfbid032wjwzsQ2XDBYAWzDpFQQ53pqbu56zop5yYGkfgnLEd3BzWx6K917qX4zvErUju9Jl"
,,,,,,,,,,,,,,,,,,,,"100064360824747","ONE News","https://scontent-iad6-1.xx.fbcdn.net/v/t39.30808-1/352658401_6225502244210342_1920176872751359948_n.png?stp=cp0_dst-png&cstp=mx1638x1638&ctp=s40x40&_nc_cat=1&ccb=1-7&_nc_sid=2d3e12&_nc_ohc=D1IHy-HhIG8Q7kNvwEaviBe&_nc_oc=Adp3wya1VQ6it_EtCFxGQ74JvhcX1H-1aZLGqDNNaUfpZwaTEBSAm-x0aqEMdyGO2ZU&_nc_zt=24&_nc_ht=scontent-iad6-1.xx&_nc_gid=IXRj5u8ReQkDoXl8lf3FBw&_nc_ss=7c2a8&oh=00_AQBwyR04-dPqNCa4mzY8nyIR6nrFjrsTaDXtX7VhpubuRw&oe=6A5FB9C7","https://www.facebook.com/ONENewsPH","0","731595837246305","Through the technology, Coron, Palawan can instantly get real-time information on possible flooding even before a storm strikes.",,,"3",,,,"3","0","1575430921000","https://www.facebook.com/ONENewsPH/posts/pfbid02535HmFooNcrGnDyqL4DVAYELo3AqndDtn2qEoXHkpU6ykKcXC3BjJ9KP7Gq3MG8Hl"
,,,,,,,,,,,,,,,,,,,,"100064616655120","Philippine Star","https://scontent-iad6-1.xx.fbcdn.net/v/t39.30808-1/341858556_918415572727450_374717831366242673_n.jpg?stp=cp0_dst-jpg_tt6&cstp=mx1000x1000&ctp=s40x40&_nc_cat=1&ccb=1-7&_nc_sid=2d3e12&_nc_ohc=g5LUxtqmcMcQ7kNvwGYQrxe&_nc_oc=AdqfF-uVPwXxI1x1PYH_1JpMkkniZovT024XJ6UErAsNQtCtqsmJXUFY5bzsFWStPQE&_nc_zt=24&_nc_ht=scontent-iad6-1.xx&_nc_gid=XU8ZcddYYo51WbJ5NaDikg&_nc_ss=7c2a8&oh=00_AQBq180mhXCLw4BHqxsruUWKdwrGN3VQELotX6UyO6q8Ig&oe=6A5FB140","https://www.facebook.com/PhilippineSTAR","0","1564366443717031","ONE News: The portable transponder developed by a local startup company is now installed in a flood detection and early warning system in Coron, Palawan and used to track and monitor fishing boats and tour boat operators in Honda Bay.",,,"27",,,,"27","1","1575436548000","https://www.facebook.com/PhilippineSTAR/posts/pfbid0UK2E5ez8P1Lc9Mhj9FHDyegwvUsvh51aubXDBsB791oC5PFxEyXvnEPkPeaLb8eQl"
"No photo description available.","3038762296152759","photo","https://www.facebook.com/photo/?fbid=3038762296152759&set=a.1763150843713917",,,,,,,,,,,,,,,,,"100057424788838","LightOn","https://scontent-iad3-2.xx.fbcdn.net/v/t39.30808-1/278109609_440343757889780_8607480996778978614_n.jpg?stp=cp0_dst-jpg_tt6&cstp=mx1346x1346&ctp=s40x40&_nc_cat=105&ccb=1-7&_nc_sid=2d3e12&_nc_ohc=YkDrvhOH4B4Q7kNvwFmu99c&_nc_oc=AdoD9EjR9obSGqAHCNpZyyJMZG3VMSNHqfJqqcVSTnq2rgaBc0QzquxEj7Gm06DwEn0&_nc_zt=24&_nc_ht=scontent-iad3-2.xx&_nc_gid=XU8ZcddYYo51WbJ5NaDikg&_nc_ss=7c2a8&oh=00_AQA2XYFpFuTEFQonH6t_4NbtgibRORjqPmk8iDwnCMaF0w&oe=6A5FA6A3","https://www.facebook.com/LightOnFlashlight","0","3038762296152759","Single led (vs triple les of fw3a-- fw1a throw vs fw3a flood)",,,"2",,,,"2","0","1575340364000","https://www.facebook.com/photo.php?fbid=3038762296152759&set=a.1763150843713917&type=3"
"No photo description available.","156053899081955","photo","https://www.facebook.com/photo/?fbid=156053899081955&set=a.483479470456732",,,,,,,,,,,,,,,,,"100063840493756","SL Direct Supplier PH","https://scontent-iad3-1.xx.fbcdn.net/v/t39.30808-1/307185551_483479490456730_4649114955458327831_n.jpg?stp=cp0_dst-jpg_tt6&cstp=mx1080x1080&ctp=s40x40&_nc_cat=101&ccb=1-7&_nc_sid=2d3e12&_nc_ohc=REKyiQQQ_yEQ7kNvwGczgUn&_nc_oc=AdoNEf3zj0io-vRBMluBphNN3Vyaq3LZ7wcR4taQVLbTs5-GjT-wSH7yyIXALENMiXE&_nc_zt=24&_nc_ht=scontent-iad3-1.xx&_nc_gid=XU8ZcddYYo51WbJ5NaDikg&_nc_ss=7c2a8&oh=00_AQCsiYDEo0wDOBhFhr7GV_UEqCacm7hfF4GFj5deQuoUnw&oe=6A5FB28C","https://www.facebook.com/legitsupplier2015","0","156053922415286","HOW TO BE A RESELLER? 

🌟RESELLERS ARE WELCOME ⭐️

❗️PLEASE READ❗️
📎First things first, if you want to resell our items, please BE PATIENT! We received volumes of messages & inquiries everyday so if we can't attend to your message ASAP pls kindly wait. Flooding of messages in our inbox won't help. The more you flood, the less chance we'll entertain you. 🙂
📎Impatient resellers & malditas are not allowed! We face a lot of pressures everyday so to lessen stressed we don't accept choosy resellers. Thank you! 🙂
📎We are 101% LEGIT, we're selling online since 2015

📍TERMS & CONDITION📍
📎1 day reservation only- ONCE RESERVED IT IS CONSIDERED SOLD. Make sure that is already paid by your client or you are 100% sure to get the item/s. 📌Reminder: BOGUS BUYER/JOY RESERVER will be posted online. Kindly value respect, honesty and integrity.
 📍GOLDEN RULE: ""Do not do unto others what you don't want others Do unto you""
📎Pay today, Ship tom CUT OFF @12PM (Monday - Saturday) 
📎We ship via JRS/LBC/ PHILPOST (International) 
📎We will send the proof of shipping and receipt after shipping (Monday - Saturday @ 6/7pm) 
📎If you received a damage item, pls inform us within 24hrs (Attached the photo of the damage items/videos) 
📎If an items is unavailable in your orders, and you have sent your full payment we will refund your payment thru UNIONBANK FUND TRANSFER ONLY! 

📍HOW TO ORDER📍
📌Reminder: Kindly follow our format for orders., If you can't follow our simple instructions. DO NOT ORDER!  
📌Send us the clear copy of screenshot/whole photo of the proof of payment(receipt)
📌Use photogrid or picsart app for editing. Use arial black or futura condesedextrabold font. Use only black / red font color. 

* DIRECT SHIPMENT 
🖇Complete Name: 
🖇Complete Address/Complete Pick up Address: 
🖇Complete Contact No. 
🖇Choice of Courier: 
🖇Mode of Payment: 

* DROPSHIP
⭐️Senders Name: 
🖇Complete Address: 
🖇Contact No: 
⭐️Receivers Name: 
🖇Complete Address: 
🖇Contact No..:

📍SHIPPING FEE (Estimate Only)📍
🖇Via Jrs (2-4 working days only) 
* Mindanao - 183
* Visayas - 200
* Luzon - 222
* Metro Manila - 210
🖇Via LBC (1-3 working days) 
📌For Luzon, Visayas, Mindanao
* 1-2 watches - 210
* 3-6 watches - 310
* 6-10 watches -510
* 1-2 bags -310
* 1 watch, 1 bag -310

📍RETURN/EXCHANGE POLICY📍
* a. If found damage, informed us within the day as you received the items. (24hours replacement period only) send us the photos/ video of damage via messenger. - DO NOT REMOVE PLASTIC COVERS (Watch strap/bag strap), TAG, and other inclusion. 
* b. We will not accept damage items due to mishandling of buyers/due to shipping. 
* c. We will exchange an item if found with factory damage (Example: Butas, Sira yung zipper, watch not working, baliktad yung logo). 
* d. The replacement item/s will be CHANGE ONCE WE HAVE RECEIVED THE DAMAGE ITEMS. 
* e. The replacement item/s will be included on the next order/s unless buyer will shoulder another shipping fee. 
* Once order has been shipped out, we are not liable on any loss or delay of arrival of package.
* Expect delay of package on unpredictable weather conditions.
* After we shipped your orders, please take charge on tracking them online.We are not held liable for any delay caused by the courier. 

✔️ Grab our photo/s from our page (SL Direct Supplier PH) 
✔️Just add 200-500 mark up price in each item and post it to your facebook wall, timeline and tag your friends or post it to any online business groups. 
✔️Our shipping fee are EXCLUDED.
✔️We ship nationwide and worldwide. We also do drop-shipping meaning we ship your parcel/order directly to your client under your name as sender. Less hassle, Less shipping.",,,,,,,"0","1","1575466914000","https://www.facebook.com/legitsupplier2015/posts/pfbid02ufrzDxreEG1rXdSLVNmGgTLPr7mo83dTXjfXMeyGqhbnHuBJGES2pHnLgNscF3w6l"
"No photo description available.","109234150559163","photo","https://www.facebook.com/photo.php?fbid=109234150559163&set=a.701690801962321&type=3","No photo description available.","109234187225826","photo","https://www.facebook.com/photo.php?fbid=109234187225826&set=a.701690801962321&type=3","No photo description available.","109234210559157","photo","https://www.facebook.com/photo.php?fbid=109234210559157&set=a.701690801962321&type=3","No photo description available.","109234247225820","photo","https://www.facebook.com/photo.php?fbid=109234247225820&set=a.701690801962321&type=3","No photo description available.","109234280559150","photo","https://www.facebook.com/photo.php?fbid=109234280559150&set=a.701690801962321&type=3","100063642234425","Buhay Probinsya","https://scontent-iad3-1.xx.fbcdn.net/v/t39.30808-1/399304849_816167093848024_7537356223771771495_n.jpg?stp=cp6_dst-jpg_tt6&cstp=mx2048x2048&ctp=s40x40&_nc_cat=108&ccb=1-7&_nc_sid=2d3e12&_nc_ohc=-E-TeFN_PGAQ7kNvwFy3i47&_nc_oc=AdokLRX-ujBSsLInAUidd-Ywc4C3doaHiyZh2x5XMn1e5riAecldPaysXKOOPx_9izA&_nc_zt=24&_nc_ht=scontent-iad3-1.xx&_nc_gid=XU8ZcddYYo51WbJ5NaDikg&_nc_ss=7c2a8&oh=00_AQD1E_5oraIX6u3Z3IqtOaHAkGLWvXf9jy634vWOKHpT6Q&oe=6A5FBDBD","https://www.facebook.com/mdreamfoundation","0","109234667225778","📍PHirst Park Homes 
By: Century Properties
Location :
Tanza Cavite
Lipa Batanggas
San Pablo Laguna
Calamba laguna 
Pandi Bulacan
  🏘Construction on going 
Near turnover
Ready for occupied 
Preselling

Reserve a unit now for only 12,500.00‼️

Calista Mid Sample Computation
Total Contract Price - 1,513,978.00
Downpayment 10% - 11,800.00 (payable in 1 year)
Monthly Amortization - 13,417.86 (Payable in 15 years under bank Financing)

All are Included in Total Contract Price:

💰 Bank Charges
🚿 Water Connection
💡 Meralco Connection
🗂 Bank Processing Fee 
📑 Documents Fee

❌No Hidden Charges
❌No Other Charges

More Details Below ⬇️

• 2-Storey Townhouse
• 2 Bedrooms with Partition
• Painted Walls and Ceiling
• Stairs with Hand Rails 
• Flooring with Vinyl Tiles (Wooden Design)
• Sliding Window
• With Provision for Aircon
• Cable Ready
• With 4.3 sqm. Carport/Garden
• With INDIVIDUAL FENCE AND GATE

Exciting Activities For The Family

✔️Clubhouse with Functional Rooms, Multi-purpose Hall, Karaoke, Wifi Internet
✔️Car Parking & Bicycle Racks
✔️Swimming Pool with Kiddie Pool & Deck Pavilion
✔️Showers and Changing Rooms
✔️Water Play
✔️Outdoor Basketball Court
✔️Skate Park
✔️Open Air Cinema
✔️Pavilion
✔️Picnic Lawn

Expanded Leisure Areas Throughout The Community

• Cycling & Jogging Paths
• Linear Parks and Tree-lined Alleys
• Activity Nodes with:
     a. Children's Playground
     b. Outdoor Gym
     c. Bark Park (for dog-walking)
     d. Seating Alcoves with Wi-fi
     e. Foot Reflexology Park

Essential Conveniences and Safety Measures for Quality of Life

✔️Shop Houses for Retail
✔️Bus Bay/Loading & Unloading Area with Waiting Shed
✔️Shuttle Services Ride within the Development to the Bus Bay/Loading & Unloading point
✔️Bicycle Racks Around the Development
✔️Street Lighting & Signage
✔️Guardhouse manned 24/7
✔️High Reinforced Concrete Perimeter Fence
✔️CCTV Cameras and Monitoring System
✔️Flood-free

First experience to acquire a home? We will simplify the process and make each step convenient for you.

Pm me for more details and free trippings.
Jennifer Antolin - Property consultant
09061331750 
09187011765
jenniferantolin83@gmail.com",,,,,,,"0","0","1575413628000","https://www.facebook.com/mdreamfoundation/posts/pfbid032at7tAF5CkPBscfv8D38SDSy8io3Qq3k19myYzjBwA9r6fdQxNLk445yj8r2MnnCl"
"No photo description available.","1014900578846119","photo","https://www.facebook.com/photo.php?fbid=1014900578846119&set=a.511296864335196&type=3","No photo description available.","1014900632179447","photo","https://www.facebook.com/photo.php?fbid=1014900632179447&set=a.511296864335196&type=3","No photo description available.","1014900682179442","photo","https://www.facebook.com/photo.php?fbid=1014900682179442&set=a.511296864335196&type=3","No photo description available.","1014900735512770","photo","https://www.facebook.com/photo.php?fbid=1014900735512770&set=a.511296864335196&type=3","No photo description available.","1014900865512757","photo","https://www.facebook.com/photo.php?fbid=1014900865512757&set=a.511296864335196&type=3","100063646610328","MFR Real Estate Condominiums","https://scontent-iad3-2.xx.fbcdn.net/v/t39.30808-1/306778576_511296894335193_4967979375155814515_n.jpg?stp=c0.0.681.681a_cp0_dst-jpg_tt6&cstp=mx681x681&ctp=s40x40&_nc_cat=111&ccb=1-7&_nc_sid=2d3e12&_nc_ohc=7KvdD1FROkUQ7kNvwHzBlRU&_nc_oc=AdrlUk2VL2EXaokFUHKoifQEJRNPCnncBejSKpRNaMQSto941Ggd73tYglLwjiYv6FI&_nc_zt=24&_nc_ht=scontent-iad3-2.xx&_nc_gid=XU8ZcddYYo51WbJ5NaDikg&_nc_ss=7c2a8&oh=00_AQAlzfXSLl5KB-NLFS9XIAszwWs4T75IYhqbJssgFKyflw&oe=6A5FA061","https://www.facebook.com/mfrrealestatecondos","0","1014901685512675","ARIA HOUSE & LOT 4 BEDROOM FOR SALE  NEAR KATIPUNAN QC & SM MASINAG.
�
📍HOUSE AND LOT 4 BEDROOM FOR SALE IN FILINVEST EAST HOMES NEAR KATIPUNAN QUEZON CITY & SM MASINAG.
�
LIVE WITHIN THE CITY!
Leisure living at your doorsteps. A beauty from the outside and inside.
�
🔆RESERVATION REQUIREMENTS🔆
👌🏻 2 Valid IDs
👌🏻P30K for unit reservation 
�
➡For Investors: Buy it LOW, Sell it HIGH 
➡For Home Owners: Pay LESS, SAVE More
➡Smart Investment...
�
‼️ Quality Brand
‼️ Value for Money
💰Perfect Investment! 
👪Perfect for families!
�
✔️  Resort like Amenities
✔️ Accessible Location
✔️💯 Flood Free
✔️  Low- Density Community
✔️  Perpetual Ownership w/ Title
✔️  70% Open Space
✔️  Free Site Viewing
✔️  Free Bank Financing Assistance�
Lifetime ownership w/ TITLE
Inclusive of GOV'T TAXES ( E-VAT ), PROCESSING and TRANSFER FEE
NO HIDDEN CHARGES
�
ARIA PROJECT FILINVEST
�
📍LRT2 Santolan Station – 5.1 km 
📍LRT2 Katipunan Station – 7.1 km 
📍SM Masinag – 2.1 km 
📍Robinsons Metro East – 3.2 km 
 📍Sta. Lucia Mall – 3 km 
📍McDonald’s – 1.6 km 
📍SM Marikina – 5.6 km 
📍Eastwood – 8 km 
📍St. Therese of the Child Jesus Parish – 2.1 km 
📍Ateneo University – 8 km 
📍UP Diliman – 10 km 
📍The Medical City – 9.2 km 
📍Tiendesitas – 8.8 km 
📍Robinsons Galleria – 10.3 km 
📍La Salle Greenhills – 12km
�
�
📍Aria is located along the upbeat Marcos Highway the gateway linking Metro Manila to Rizal Province. 
Business districts, shopping centers, schools, LRT stations are highly accessible. �
✅Brahms Model
Lot area: 112sqm
Floor Area: 93sqm
3 Bedroom
3 Toilet and Bath
1 Maid’s Room�
Actual Computation 
�
Total Investment: 7,842,500
10%DP________________784,250
Less RF_______________30,000
SPOT NET DP_____      754,250
Payable in 12 mos____ 62,854/month
�
90% Balance 7,058,250
25YRS____ 47,657
20YRS____ 53,624
15YRS____ 41,685
10YRS___ 80,145
5 YRS___ 138,103
�
Amenities:
✅Clubhouse 
✅Adult and kiddie pools 
✅Multi-purpose hall 
✅Basketball court 
✅Tennis Court 
✅Parks and playground Landmarks 
�

✅PROJECT PRIME LOCATION: Ortigas, Eastwood Mall, SM Megamall,Robinson Galleria, International School Manila, St Paul College Pasig, Lrt 2 Masinag Station, Ayala Mall Feliz, CCF. 

Assisting Agent for your Inquiries, Ocular Visit & Reservation
Ms. Rose 
09759741700 Globe
09338203021 Sun",,,"3","1",,,"4","0","1575360408000","https://www.facebook.com/mfrrealestatecondos/posts/pfbid0ii3SSVL2Xy7pY7Tz2stP241vhHv3Tr4qJB8vMW1Dn93jKkqhMQWiXnyWwzbMUtrNl"
"No photo description available.","2323595224468335","photo","https://www.facebook.com/photo/?fbid=2323595224468335&set=a.423758306433294",,,,,,,,,,,,,,,,,"100063973842506","Flood Control Asia RS","https://scontent-iad6-1.xx.fbcdn.net/v/t39.30808-1/292046102_423758326433292_6095856213619851414_n.png?stp=cp0_dst-png&cstp=mx1080x1080&ctp=s40x40&_nc_cat=106&ccb=1-7&_nc_sid=2d3e12&_nc_ohc=SufljAMHZZEQ7kNvwGcgXB4&_nc_oc=AdqJ80hU-TYriPcHfNxyx4qrepx5BK1sVwGhZzwL_M43FlYPhI5Q8_EVDEvustTEXho&_nc_zt=24&_nc_ht=scontent-iad6-1.xx&_nc_gid=XU8ZcddYYo51WbJ5NaDikg&_nc_ss=7c2a8&oh=00_AQBoBWNBLLo-AqS3jNt8O52qc5vaGNBVVg0p8_pT5aNaNQ&oe=6A5FC6CF","https://www.facebook.com/floodcontrol.asia","0","2323586204469237","Typhoon Tisoy has slightly weakened but will still bring strong winds, heavy rains, and possible storm surge to most parts of affected areas. 

#Typhoon #Kammuri #Tisoy  #Philippines #heavyrains #strongwinds #stormsurge #lkeepsafe",,,"13",,"3",,"16","2","1575346288000","https://www.facebook.com/floodcontrol.asia/posts/pfbid0XEJDRnpoMM5suD73xSLoG7T4tniJBW3E8bQNRLeghSohfATF94QcGgDww5jrLjMFl"
"No photo description available.","1453987114753496","photo","https://www.facebook.com/photo/?fbid=1453987114753496&set=a.453036753494367",,,,,,,,,,,,,,,,,"100063641392792","Karsouvenir Printing Services","https://scontent-iad6-1.xx.fbcdn.net/v/t39.30808-1/294692107_453036770161032_3445095277708659644_n.jpg?stp=cp0_dst-jpg_tt6&cstp=mx600x600&ctp=s40x40&_nc_cat=106&ccb=1-7&_nc_sid=2d3e12&_nc_ohc=EtQz6JEPrr0Q7kNvwGGhzqN&_nc_oc=Adr6AAMDZCUFhd7jdBMBzb_tkm86vibKlAjxBpc677OuI16tqSPkWZCjYA_D1_34uac&_nc_zt=24&_nc_ht=scontent-iad6-1.xx&_nc_gid=w6d1-mDEIRE-MM_b7Yxuww&_nc_ss=7c2a8&oh=00_AQA-QcfIAhnq4iHGTTciCO1MnhnaSV-IIdiHSYRYJunoPg&oe=6A5FC426","https://www.facebook.com/karsouvenir","0","1453987144753493","Father God, You alone can stop the heavy rains and flood. Protect and keep us safe. Spare us all from danger. This we ask  in Jesus name.
AMEN🙏🙏🙏🙌🙌🙌",,,"11","3",,,"14","2","1575341267000","https://www.facebook.com/karsouvenir/posts/pfbid01JqgiRyJUJQc2LQWJDu36ZmSyqo3gwpoX1e3sjZUX82WRBR4kTVvvFKTXjCY7N5kl"
"No photo description available.","10156707969113456","photo","https://www.facebook.com/photo/?fbid=10156707969113456&set=a.411453830351399",,,,,,,,,,,,,,,,,"100044603551767","General Danny Lim","https://scontent-iad6-1.xx.fbcdn.net/v/t39.30808-1/242435276_411453867018062_3097679470705114579_n.jpg?stp=cp0_dst-jpg_tt6&cstp=mx945x945&ctp=s40x40&_nc_cat=107&ccb=1-7&_nc_sid=2d3e12&_nc_ohc=3acHwy39vjsQ7kNvwE4364r&_nc_oc=AdqaNsD5aj8YEy8u1TxUlaRHkuf5PpDha2erw4cC8ZRa6u9QeYtvr5DXwrVhFomBcE4&_nc_zt=24&_nc_ht=scontent-iad6-1.xx&_nc_gid=w6d1-mDEIRE-MM_b7Yxuww&_nc_ss=7c2a8&oh=00_AQD0Raq7UssqUsBO1Q8DLGDIQNdsZMOwijfa2XejGypenw&oe=6A5FB651","https://www.facebook.com/GeneralDannyLim","1","10156707969113456","Handang tumulong ang ating mga field personnel sa mga motoristang bumabyahe ngayon. Lumapit lang sa kanila para sa anumang assistance. Patuloy din nating mino-monitor ang sitwasyon sa mga kalsada at sa mga flood-prone areas para sa agarang response kung kailangan. #TisoyPH",,,"24",,,"2","26","1","1575343313000","https://www.facebook.com/photo.php?fbid=10156707969113456&set=a.411453830351399&type=3"
,,,,,,,,,,,,,,,,,,,,"100068787297362","Pagasa Southern Luzon","https://scontent-iad3-1.xx.fbcdn.net/v/t39.30808-1/486082367_1710909509854285_6693951447185001066_n.jpg?stp=cp0_dst-jpg_tt6&cstp=mx837x831&ctp=s24x24&_nc_cat=101&ccb=1-7&_nc_sid=1d2534&_nc_ohc=fIlZ2TEP3O0Q7kNvwHktiIB&_nc_oc=Adr1--sn_XJZ08hEZKvdzzU4XCtbbRR5jM5qR2Rgks2atQFhytf0Wd-BXmiBZcGo2hk&_nc_zt=24&_nc_ht=scontent-iad3-1.xx&_nc_gid=w6d1-mDEIRE-MM_b7Yxuww&_nc_ss=7c2a8&oh=00_AQAmcoq5rFWaLteQj_towvJTg8dUvXWv84zfyXcliTNT2A&oe=6A5FBEE9","https://www.facebook.com/SouthernLuzonPRSD","0","2580457845366018","Heavy Rainfall Warning No.08 #SL_PRSD

Weather System: TYPHOON #TisoyPH (KAMMURI)

Issued at: 09:00 AM 03 December 2019

Red Warning Level: #OrientalMindoro, #Marinduque, #Romblon

Community Response

*Severe Flooding is expected in flood prone areas and near river channels. Landslides is possible in landslide prone areas.

ORANGE Warning: #Albay, #CamarinesSur, Burias Is.

Community Preparedness

*Flooding is threatening in low lying areas and near river channels. Landslides is threatening in landslide prone areas.

YELLOW Warning Level: #Sorsogon, #Catanduanes, #Masbate including Ticao Is.

Community Awareness

*Flooding is expected in low lying areas near river channels and landslides in mountainous areas.

•The public and the disaster risk reduction and management offices concerned are advised to take appropriate actions, MONITOR the weather condition and watch for the next advisory to be issued at 12:00 PM today.",,,"20","2","7",,"29","13","1575336864000","https://www.facebook.com/NDRRMC/posts/pfbid02CGSZjVzNK3ME1YoB2nmZAh1ksvtHzQ2uCQoRDyp16XDnE7YLQHZgsa2b9yiy5e3ml"
"No photo description available.","105120897640417","photo","https://www.facebook.com/photo.php?fbid=105120897640417&set=a.419114820235011&type=3","No photo description available.","105120927640414","photo","https://www.facebook.com/photo.php?fbid=105120927640414&set=a.419114820235011&type=3","No photo description available.","105121030973737","photo","https://www.facebook.com/photo.php?fbid=105121030973737&set=a.419114820235011&type=3","No photo description available.","105121060973734","photo","https://www.facebook.com/photo.php?fbid=105121060973734&set=a.419114820235011&type=3","No photo description available.","105121150973725","photo","https://www.facebook.com/photo.php?fbid=105121150973725&set=a.419114820235011&type=3","100064094883266","Pre-selling house & Lot in Bulacan","https://scontent-iad3-2.xx.fbcdn.net/v/t39.30808-1/294733330_419114843568342_803282212401115543_n.jpg?stp=cp0_dst-jpg_tt6&cstp=mx720x720&ctp=s40x40&_nc_cat=103&ccb=1-7&_nc_sid=2d3e12&_nc_ohc=fQ8F3pcmcOYQ7kNvwFslFHG&_nc_oc=Adphh1xUUj8C5zMj1aQUnKJnpC2hfa0LqDnawyuHHl4aQTAaQocy9pqz6iIdqH6hwkk&_nc_zt=24&_nc_ht=scontent-iad3-2.xx&_nc_gid=w6d1-mDEIRE-MM_b7Yxuww&_nc_ss=7c2a8&oh=00_AQCaDUNZeFqbNyJ7WtkrlCUtmcCM-aBwrFthm0raxeQsnA&oe=6A5FC846","https://www.facebook.com/profile.php?id=100064094883266","0","105121474307026","Project: DECA HOMES MARILAO
LIPAT AGAD!!! LIPAT AGAD!!! LIPAT AGAD!!!

√ Mid-Rise Condominium 
Location: Abangan, Marilao, Bulacan (Along McArthur Highway)

* 2BEDROOM UNITS
Required income: P44,937.10
Floor area: 36.5sqm

Total Contract Price: 1,855,839.00
Reservation fee: 12,000.00
Paid Equity: 43,676.00

Balance: 1,800,163.00
25yrs: 17,115.29/month

* 1BEDROOM UNITS
Required Income: P36,410.29
Floor area: 26.80sqm

Total Contract Price: 1,512,316.00
Reservation fee: 10,000.00
Paid Equity: 43,731.78

Balance: 1,458,584.22
25yrs: 12,743.60/month

Reservation Requirements:
-2 Government Issued ID's
-1 month payslips
-Birth Certificate/Marriage Contract
-Proof of Billing(Meralco,Water,Phone or Internet)

Unit FInishes:
√ w/ Granite Kitchen Countertop and Sink
√ Kitchen Built-in Cabinets (w/ overhead cabinets)
√ Tiled Bathroom w/ Bath fixtures including shower, water closet and lavatory w/ faucet
√ Painted walls
√ Vinyl tiled flooring
√ Aluminum windows w/ clear glass
√ Balcony

Amenities:
* Clubhouse
* Swimming Pool
* Basketball Court
* Entrance Arch
* Guardhouse
* Streetlights
* 24/7 CCTV camera along road network
* Commercial establishments

Resons to Buy UDH Marilao!
- FLOOD FREE
- Along McArthur Highway
- 24/7 ready transprtation access (UV express, Jeepneys, Tricycles)
- 30mins. ride to LRT station Monumento via NLEX
- 40mins.  ride to LRT station Monumento via McArthur
- 45mins. ride to Ayala Cloverleaf via NLEX
- Few Mins. away from Commercial Establishments (SM Marilao, Banks, Savemore, Public Markets, Foodparks)
- Proximity to Schools, Hospitals and churches

For Inquiries and Reservations
Call/Text
Joanna Mae Dioneda
Property consultant

09750531326",,,,,,,"0","0","1575352957000","https://www.facebook.com/permalink.php?story_fbid=pfbid068CWVcwhQ9Q7YkTz16qrUVfo1t6WYFYSG9L576C55EQDYc2bSXbHnJcRJWVjGz56l&id=100064094883266"
,,,,,,,,,,,,,,,,,,,,"100064076466459","FAME - Futuristic Aviation and Maritime Enterprise","https://scontent-iad3-2.xx.fbcdn.net/v/t39.30808-1/299375154_441499637995915_1090166289038488662_n.png?stp=cp0_dst-png&cstp=mx306x306&ctp=s40x40&_nc_cat=111&ccb=1-7&_nc_sid=2d3e12&_nc_ohc=X28iNNjhRNQQ7kNvwFO1bai&_nc_oc=AdrEyzvzi7Syd9M61GgUMTw85F0Ui1X1kJvUbnVme99TLBctFcEzNj863qWB3vJSauI&_nc_zt=24&_nc_ht=scontent-iad3-2.xx&_nc_gid=w6d1-mDEIRE-MM_b7Yxuww&_nc_ss=7c2a8&oh=00_AQBg1kFAhEHxdC7OB4D4bxC96tZs9adS2xkN8MzQl91hcw&oe=6A5FC654","https://www.facebook.com/FameIOTph","0","2471191993128572","GOOD NEWS!",,,"10","2",,"1","13","2","1575431644000","https://www.facebook.com/FameIOTph/posts/pfbid02kKJmtLyPvoeBwYLS7q4MGNgCAcpmGwtAJC69PMKJaJQt7Jkp4hMSpX67Ui3qcT5Zl"
"No photo description available.","2295543380551505","photo","https://www.facebook.com/photo.php?fbid=2295543380551505&set=a.447230577426257&type=3","No photo description available.","2295543403884836","photo","https://www.facebook.com/photo.php?fbid=2295543403884836&set=a.447230577426257&type=3","No photo description available.","2295543467218163","photo","https://www.facebook.com/photo.php?fbid=2295543467218163&set=a.447230577426257&type=3","No photo description available.","2295543553884821","photo","https://www.facebook.com/photo.php?fbid=2295543553884821&set=a.447230577426257&type=3","No photo description available.","2295543577218152","photo","https://www.facebook.com/photo.php?fbid=2295543577218152&set=a.447230577426257&type=3","100064179542894","Camaya Luxury Beach Property","https://scontent-iad6-1.xx.fbcdn.net/v/t39.30808-1/668914664_1352538186895487_1008432500134914934_n.jpg?stp=cp0_dst-jpg_tt6&cstp=mx960x960&ctp=s40x40&_nc_cat=109&ccb=1-7&_nc_sid=2d3e12&_nc_ohc=LaXcFbQ6y4EQ7kNvwH7jLt3&_nc_oc=Adqak1D-8jr4MtS-ONFD4e12URWBdUWZTGOxIMqyCgivMDTiNjGq9E2WGA8-w8ZtUZc&_nc_zt=24&_nc_ht=scontent-iad6-1.xx&_nc_gid=w6d1-mDEIRE-MM_b7Yxuww&_nc_ss=7c2a8&oh=00_AQDa4CnQnwIuQQUMW1h8EJx48u-gdw8FSWFgnlrWxgtAow&oe=6A5FBF02","https://www.facebook.com/profile.php?id=100064179542894","0","2295544037218106","CAMELLA SAPANG PALAY PROPER
*CAMELLA MONTICELLO*
""CRISELLE MODEL""
CAMELLA LESSANDRA SERIES

Sa halagang 15,711 monthly may SINGLE DETACHED house and lot kana!

Reservation fee 20,000 only 🤗

TCP-P2,069,000
Loanable Bank P1,810,000 
downpayment is 12months to pay=19,885 
after downpayment 
15,711 monthly in 20yrs to pay 
sa bank financing..

Kung di ka naman nagmamadaling lumipat Kabayan at naghahanap ng installment basis para sa downpayment/equity para di mabigat ang monthly sa bulsa, subukan mo ang aming PRE-SELLING 🏡

✔ Mas MURAAAAA!!!
✔ May Tiles!
✔ May wall at ceiling partitions!
✔ May interior paint pa
WITH COMPLETE AMENITIES;
*swimming pool
*playground
*clubhouse
*basketball court
*24 hours security guard

location:Sapang Palay Proper Bulacan... 
✔ 💯 flood free
✔ along highway
✔ 1ride to bocaue exit
✔ 1ride to santa maria bulacan
✔ 1ride to Santa Cruz MANILA (express way)
✔Near schools,market,hospital and city hall of san jose del monte bulacan..

For more details, reservations and FREE TRIPPING!
0939 1026477
Lorna Ramirez",,,,,,,"0","50","1575452650000","https://www.facebook.com/permalink.php?story_fbid=pfbid02FPx1PZzu6iv4NFWjtBxZzXsFFaR4XBk59hVVQEca4TDVRfaeqf3vzUE8tNSpdvJfl&id=100064179542894"
,,,,,,,,,,,,,,,,,,,,"100069028928005","INQUIRER.net","https://scontent-iad6-1.xx.fbcdn.net/v/t39.30808-1/278901640_295125766131719_6117651967592833577_n.png?stp=cp0_dst-png&cstp=mx320x320&ctp=s40x40&_nc_cat=1&ccb=1-7&_nc_sid=2d3e12&_nc_ohc=4sYjAojLiwAQ7kNvwEAwiFn&_nc_oc=Adp3a37U4keGT746KlJGGBnL_JUOklQ0f-lK98l6VytzHD8I3AE_rcDwzPwMFQYhSeg&_nc_zt=24&_nc_ht=scontent-iad6-1.xx&_nc_gid=AJ1A0BIXAyBTU6DhhV7G1Q&_nc_ss=7c2a8&oh=00_AQBexXLn9mxKKVRPuiixk0bs7DsFqAOZDu2ok6OpyxI3vw&oe=6A5FA681","https://www.facebook.com/inquirerdotnet","2","10158534562074453","Local governments evacuated some 225,000 people in the two regions and in Calabarzon, Mimaropa and flood-prone parts of Metro Manila ahead of the arrival overnight of Typhoon #TisoyPH.","1",,"13",,"4",,"18","2","1575413137000","https://www.facebook.com/inquirerdotnet/posts/pfbid024YMRXBxB3xyCAt2oznWm4MRCnXnpwg3EsaA5ZVQdqFYrzCrRDVa8rFa842E4XFF3l"
"No photo description available.","2569095023182117","photo","https://www.facebook.com/photo.php?fbid=2569095023182117&set=a.317846803817037&type=3","No photo description available.","2569095069848779","photo","https://www.facebook.com/photo.php?fbid=2569095069848779&set=a.317846803817037&type=3","No photo description available.","2569095013182118","photo","https://www.facebook.com/photo.php?fbid=2569095013182118&set=a.317846803817037&type=3",,,,,,,,,"100067751582927","Move.PH","https://scontent-iad3-1.xx.fbcdn.net/v/t39.30808-1/309454450_440438708224512_3800632917385549318_n.jpg?stp=c135.135.810.810a_cp0_dst-jpg_tt6&cstp=mx810x810&ctp=s40x40&_nc_cat=108&ccb=1-7&_nc_sid=2d3e12&_nc_ohc=o9VrLkkW_ugQ7kNvwF_t2tP&_nc_oc=AdoY8uQRZbv73d7-xyPUOGinhmAOYShUQ9iHC11Ep_LkAGOYj_OE186MxkFt_Rs-f20&_nc_zt=24&_nc_ht=scontent-iad3-1.xx&_nc_gid=AJ1A0BIXAyBTU6DhhV7G1Q&_nc_ss=7c2a8&oh=00_AQAOg_Ih6edV7mWWEgpnPO7VkudORCMxb9pcOrnFCUMWAQ&oe=6A5FA194","https://www.facebook.com/move.ph","0","2569095213182098","LOOK: Residents and commuters in Cabucangan in Calbayog, Samar experience an ankle to knee-deep flood as of 2pm on Tuesday, December 3. #FloodPH #TisoyPH. Photos from John Michael Jalayajay",,,"3",,"3",,"6","1","1575363556000","https://www.facebook.com/move.ph/posts/pfbid0MQYnmi1ftXii5QaxbSrax2aLyUSQK8hPStknLvzktgHvLjQz8LGCXvbHTLL4R1dJl"
"No photo description available.","1365595800288513","photo","https://www.facebook.com/photo.php?fbid=1365595800288513&set=a.518537483711885&type=3","No photo description available.","1365595813621845","photo","https://www.facebook.com/photo.php?fbid=1365595813621845&set=a.518537483711885&type=3","No photo description available.","1365595943621832","photo","https://www.facebook.com/photo.php?fbid=1365595943621832&set=a.518537483711885&type=3","No photo description available.","1365596006955159","photo","https://www.facebook.com/photo.php?fbid=1365596006955159&set=a.518537483711885&type=3","No photo description available.","1365596066955153","photo","https://www.facebook.com/photo.php?fbid=1365596066955153&set=a.518537483711885&type=3","100066669134719","N28 Cars at All Cars Showroom","https://scontent-iad3-2.xx.fbcdn.net/v/t39.30808-1/480487584_962878572611105_8355652528246483765_n.jpg?stp=cp0_dst-jpg_tt6&cstp=mx1500x1500&ctp=s40x40&_nc_cat=103&ccb=1-7&_nc_sid=2d3e12&_nc_ohc=0ENV2MFTDIsQ7kNvwGcA9IY&_nc_oc=AdqmuHe8R84KqL6WfU1hJi8vLNdJXGUbl8fgl-gBhrrTOJmdGEehEY81jXrqVoZK7Sc&_nc_zt=24&_nc_ht=scontent-iad3-2.xx&_nc_gid=AJ1A0BIXAyBTU6DhhV7G1Q&_nc_ss=7c2a8&oh=00_AQAglevg7j-SStdhdJFVPaJOZkUcz2H_lhghxbdqjDZwIA&oe=6A5FD238","https://www.facebook.com/n28cars","0","1365597363621690","2016 Toyota HiAce Commuter Van 3.0 D-4d 18 seaters

Tag price:
Php966,000

On-line price:
Php928,000🔥🔥🔥

👍Cash,Financing TRADE IN

30% DP - Php 278,400
2 YRS - Php 34,761
3 YRS - Php 24,730
4 YRS - Php 20,177
*Chattel mortgage fee & insurance not included*

🏁1st owner
🏁Well Maintained
🏁18 seaters
🏁3.0 D-4d engine
🏁Manual transmission 
🏁Nice and clean interior
🏁Dual A/C
🏁Anti lock brakes
🏁Dual airbags
🏁Solid suspension
🏁Clean papers
🏁Complete tools w/ spare tire 
🏁100% no collision
🏁100% flood free

FREE Transfer 
FREE Detailing 
FREE Processing 

For inquiries,unit viewing and reservation 
You may contact 
Nikee Sandoval
09158046461",,,"13",,,,"13","0","1575455603000","https://www.facebook.com/n28cars/posts/pfbid02zdQvapiLU6zic9KTrhmQtQAoLUKhCcDph6gcugWwG8xjGZhr8ACYdr64JBgFiSXJl"
,,,,,,,,,,,,,,,,,,,,"100068787297362","Pagasa Southern Luzon","https://scontent-iad3-1.xx.fbcdn.net/v/t39.30808-1/486082367_1710909509854285_6693951447185001066_n.jpg?stp=cp0_dst-jpg_tt6&cstp=mx837x831&ctp=s24x24&_nc_cat=101&ccb=1-7&_nc_sid=1d2534&_nc_ohc=fIlZ2TEP3O0Q7kNvwHktiIB&_nc_oc=Adr1--sn_XJZ08hEZKvdzzU4XCtbbRR5jM5qR2Rgks2atQFhytf0Wd-BXmiBZcGo2hk&_nc_zt=24&_nc_ht=scontent-iad3-1.xx&_nc_gid=AJ1A0BIXAyBTU6DhhV7G1Q&_nc_ss=7c2a8&oh=00_AQDTGJ5wwbHsUXx5BXLUcnOp2sNFwvaFtHnDWi32HmHrTA&oe=6A5FBEE9","https://www.facebook.com/SouthernLuzonPRSD","3","2580733845338418","eavy Rainfall Warning No.09 #SL_PRSD

Weather System: TYPHOON #TisoyPH (KAMMURI)

Issued at: 11:00 AM 03 December 2019

RED Warning Level: #OrientalMindoro, #Marinduque, #Romblon

Community Response

*Severe Flooding is expected in flood prone areas and near river channels. Landslides is possible in landslide prone areas.

YELLOW Warning Level: #CamarinesSur, Burias Is.

Community Awareness

*Flooding is expected in low lying areas near river channels and landslides in mountainous areas.

•The public and the disaster risk reduction and management offices concerned are advised to take appropriate actions, MONITOR the weather condition and watch for the next advisory to be issued at 02:00 PM today.",,,"30","1",,,"31","5","1575348058000","https://www.facebook.com/NDRRMC/posts/pfbid02YVMj49qs1153NNbob9AyM6i2jSenXeaGpuGc7HVTcrCCsGSRKnT9W11ZGNUpUsTpl"
"No photo description available.","448802432499160","photo","https://www.facebook.com/photo.php?fbid=448802432499160&set=a.450874737047100&type=3","No photo description available.","448802465832490","photo","https://www.facebook.com/photo.php?fbid=448802465832490&set=a.450874737047100&type=3","No photo description available.","448802509165819","photo","https://www.facebook.com/photo.php?fbid=448802509165819&set=a.450874737047100&type=3",,,,,,,,,"100063737327866","Chicka Chicka Chicken House","https://scontent-iad6-1.xx.fbcdn.net/v/t39.30808-1/294320433_450874763713764_5364827323558175611_n.jpg?stp=cp0_dst-jpg_tt6&cstp=mx709x709&ctp=s40x40&_nc_cat=102&ccb=1-7&_nc_sid=2d3e12&_nc_ohc=x4BoM7UBldwQ7kNvwFcy7Y3&_nc_oc=AdpOA-uV6nHCqugX8n-7-B8VarBj-PzBdcUjlzEFGRpWdCXRos7LQdooOPigTiwIDCk&_nc_zt=24&_nc_ht=scontent-iad6-1.xx&_nc_gid=AJ1A0BIXAyBTU6DhhV7G1Q&_nc_ss=7c2a8&oh=00_AQD9mefJKi9WcsMh7-ABc2jMDPmFL-OXPeS20UxpN9GkJg&oe=6A5FC2DE","https://www.facebook.com/chickachickachicken","1","448804019165668","A shout out to all of our friends that helped give us that #ChickaChicka appeal!  Ms. Maja and Ms. Imee and their Sonia Santiago Olivares & Associates architect team, Sir Mon and Sir Ian of Cardrian builders corporation, Sir Lionel at Lynx Lights, Sir Ken and his crew from Allied Metals Inc. Philippines, Sir Martin with HKR Equipment Corporation, Ms Deane with team Serious Studio, Sir Kevin with Chicka’s yours truly, and the rest of the gang! Cheers to #teamwork, and many more stores to come! #teamchickachicka ... Travis Flood let’s tear up the 🐓 scene!! - mfJ",,,"10","3",,"1","14","2","1575443072000","https://www.facebook.com/chickachickachicken/posts/pfbid02jQT2cFgUbm2peX3KNSiVhnxV7tYgKAeuuxwtoyKGpPytgXLVzYT85WSoLh7DJnqpl"
"No photo description available.","2525291940852820","photo","https://www.facebook.com/photo.php?fbid=2525291940852820&set=a.224610406379849&type=3","No photo description available.","2525292264186121","photo","https://www.facebook.com/photo.php?fbid=2525292264186121&set=a.224610406379849&type=3",,,,,,,,,,,,,"100064926720554","Disaster Information Service - Philippines","https://scontent-iad3-1.xx.fbcdn.net/v/t39.30808-1/313198148_499379358902951_88691280234451512_n.jpg?stp=cp0_dst-jpg_tt6&cstp=mx882x882&ctp=s40x40&_nc_cat=110&ccb=1-7&_nc_sid=2d3e12&_nc_ohc=Ioj-oV5VRBkQ7kNvwH5FqGh&_nc_oc=Adr0q2CkHfQOZtV3KNrbUXM0OhJV7Nfghi-bgVvjqZyw6vFYblWY1nL5ckutZuoHDbk&_nc_zt=24&_nc_ht=scontent-iad3-1.xx&_nc_gid=AJ1A0BIXAyBTU6DhhV7G1Q&_nc_ss=7c2a8&oh=00_AQCeZsvSmfWnGYOSmZRLny-LW_T4kRiqy3EUftMMy7ifiA&oe=6A5FB7B1","https://www.facebook.com/dis.pia.gov.ph","0","2525292434186104","Heavy Rainfall Warning No.6 #NL_PRSD -Aparri Radar
Weather System: Northeast Monsoon
Issued at: 10:50 pm, Dec 4, 2019

Orange Warning Level:
#Cagayan (Baggao, Gattaran, Lallo and Peñablanca), #Isabela (Cabagan, Divilacan, Ilagan City, Maconacon, Palanan, San Mariano, San Pablo, Santa Maria and Tumauini)
FLOODING is still THREATENING in flood-prone areas.

Yellow Warning Level:
#Apayao, #Cagayan (Abulug, Allacapan, Alcala, Amulung, Aparri, Ballesteros, Buguey, Camalanuigan, Claveria, Enrile, Iguig, Lasam, Pamplona, Piat, Rizal, Santa Teresita, Santo Niño, Sanchez Mira, Solana, Tuao and Tuguegarao City)
Flooding in flood-prone areas.

Moderate to occasionally heavy rains are being experienced over #Kalinga  (Pinukpuk and Rizal) meanwhile Light to moderate rains #Cagayan (Gonzaga and Santa Ana), #Isabela (Benito Soliven, Burgos, Cauayan City, Delfin Albano, Echague, Gamu, Jones, Mallig, Naguilian, Quezon, Quirino, Reina Mercedes, Roxas, San Guillermo, SantaMaria and Santo Tomas), #Kalinga (Balbalan, Lubuagan, Pasil, Tabuk City, Tanudan and Tinglayan) which may persist for 2-3 hours

•The public and the disaster risk reduction and management offices concerned are advised to take appropriate actions, MONITOR the weather condition and watch for the next advisory to be issued at 2 am.

Source: PAGASA

#LagingHanda | #SaveLives",,,,,,,"0","0","1575476284000","https://www.facebook.com/dis.pia.gov.ph/posts/pfbid02ascq7xyeA4KBu9c3QnqtBk5EQh4rKD5sMoaKLfZJS8wYcXKiDVL672abzLxpff4Hl"
,,,,,,,,,,,,,,,,,,,,"100064849864375","DOST-PAGASA","https://scontent-iad6-1.xx.fbcdn.net/v/t39.30808-1/487303686_1099355335569452_7045424019269009221_n.png?stp=cp0_dst-png&cstp=mx1001x1001&ctp=s40x40&_nc_cat=1&ccb=1-7&_nc_sid=2d3e12&_nc_ohc=8-rGnn6nM6QQ7kNvwG9BeaB&_nc_oc=Ado1iXdKk1riXPrHgTAxKEkx52wpfwo3WJzDq1fvzR4S-NQ6ykcuOqcfKMCyXQ0fQec&_nc_zt=24&_nc_ht=scontent-iad6-1.xx&_nc_gid=8gaBF-DdhLPDGjOo_F1y0w&_nc_ss=7c2a8&oh=00_AQBCT4s6n8-vzxLDwvO8r-aHy2EVCdMusX6HyNNj7QpFGg&oe=6A5FC79F","https://www.facebook.com/PAGASA.DOST.GOV.PH","0","2583730001705469","Heavy Rainfall Warning No.5 #NL_PRSD -Aparri Radar
Weather System: Northeast Monsoon enhanced by STS Tisoy
Issued at: 8:00 PM, 04 Dec 2019

Yellow Warning Level:
#Apayao, #Cagayan(Baggao, Gattaran, Lallo and Penablanca) and #Isabela(Cabagan, Divilacan, IlaganCity, Maconacon, Palanan, SanMariano, SanPablo and Tumauini)
Flooding in flood-prone areas.

Moderate rains are being experienced over #Cagayan(Allacapan, Lasam, Rizal and SantoNiño) meanwhile Light to moderate rains #Cagayan(Abulug, Alcala, Amulung, Aparri, Ballesteros, Buguey, Camalanuigan, Claveria, Enrile, Gonzaga, Iguig, Pamplona, Piat, SantaAna, SantaTeresita, SantaPraxedes, SanchezMira, Solana, Tuao and TuguegaraoCity), #IlocosNorte(Adams, Dumalneg, Pagudpud and Vintar), #Isabela(BenitoSoliven, Burgos, CauayanCity, DelfinAlbano, Echague, Gamu, Jones, Mallig, Naguilian, Quezon, Quirino, ReinaMercedes, Roxas, SanGuillermo, SantaMaria and SantoTomas), #Kalinga which may persist for 2-3 hours

•The public and the disaster risk reduction and management offices concerned are advised to take appropriate actions, MONITOR the weather condition and watch for the next advisory to be issued at 11:00 PM.

• For more information and queries, please call at telephone number (078) 304-1994 or log on to bagong.pagasa.dost.gov.ph.",,,"4",,"2",,"6","0","1575460995000","https://www.facebook.com/NDRRMC/posts/pfbid02SznvrCvNnSjomaxDjMzPRbmrvCcbXzFhd4FQWxSYEQxnkA1umZbTCHibm7ZZE72ql"
"No photo description available.","604817110326849","photo","https://www.facebook.com/photo/?fbid=604817110326849&set=a.453637830113809",,,,,,,,,,,,,,,,,"100064027871949","Moldex Realty Digital Sales Team","https://scontent-iad6-1.xx.fbcdn.net/v/t39.30808-1/302191720_453637840113808_1979638473055692349_n.jpg?stp=cp0_dst-jpg_tt6&cstp=mx225x225&ctp=s40x40&_nc_cat=102&ccb=1-7&_nc_sid=2d3e12&_nc_ohc=9ZyipBYanZcQ7kNvwFhI8e8&_nc_oc=Adp2NBN6FDHDdBtB5tOVi2zrkiTROuHJsMeXGJ6esXHlb3vmvTWZZlc1OfsI-EzGD2A&_nc_zt=24&_nc_ht=scontent-iad6-1.xx&_nc_gid=8gaBF-DdhLPDGjOo_F1y0w&_nc_ss=7c2a8&oh=00_AQDIi-pzugbyDT-OsrHdXXMp26sxInMcVVEVwkbiy8tw1w&oe=6A5FAF8F","https://www.facebook.com/MoldexRealtyDigitalSales","0","604817110326849","Tired of Renting? Do you want have your own Dream Home?

Then Moldex Residences Valenzuela is BEST FOR YOU. 

Your New Home Address with Resort Type Amenities. 

Strategic Location:
🌤Maisan Road, Paso De Blas, Valenzuela City
🌤Flood Free Location 
🌤Near New Airport Project in Bulacan
🌤5 minutes from NLEX Paso De Blas Exit
🌤5 minutes from Valenzuela PUV Terminal
🌤10 minutes away from Quezon City
🌤10 minutes away from Skyway Entrance

Inquire Now and Take Advantage of our Promos:
🌿Reserve a unit now & pay 1st DP Next Year
🌿DP Installment with out Interest
🌿Ready for occupancy
🌿Preselling

PM is the 🔑 Book your site visit now.
Noemi Reyes Pajota
Licensed Broker 
0915 8687576
0922 9785661",,,"2",,,,"2","0","1575419777000","https://www.facebook.com/photo.php?fbid=604817110326849&set=a.453637830113809&type=3"
,,,,,,,,,,,,,,,,,,,,"100063837138231","Quezon City Public Transport","https://scontent-iad3-2.xx.fbcdn.net/v/t39.30808-1/360089733_713925214078710_2887188569911737717_n.png?stp=cp0_dst-png&cstp=mx250x249&ctp=s40x40&_nc_cat=111&ccb=1-7&_nc_sid=2d3e12&_nc_ohc=9pajuFy9gDkQ7kNvwEiQ5qG&_nc_oc=Adpgz195MEowjRXn742MY2vlAJUjq9IsCDSDwnwSXjrEc4eAA-Au2C4ODcechxzRK1s&_nc_zt=24&_nc_ht=scontent-iad3-2.xx&_nc_gid=8gaBF-DdhLPDGjOo_F1y0w&_nc_ss=7c2a8&oh=00_AQDOZ-0fcnl7_I_ZqWtjaQ3CrZRYpwBeRmwQGp926wVQCw&oe=6A5FAF8B","https://www.facebook.com/QCPublicTransport","0","827478311000868","The Philippine Atmospheric, Geophysical, and Astronomical Services Administration (PAGASA) raised a yellow rainfall warning over Metro Manila on Tuesday with heavy rainfall expected to persist for up to three hours due to the typhoon.",,,"6","1",,"1","8","0","1575424549000","https://www.facebook.com/QCPublicTransport/posts/pfbid02Hg6M9Zb6b18cekqSTJnikAugBawQULt8rxzqyEpVQFEdMvFaUFq84zpnYr6cz3Srl"
,,,,,,,,,,,,,,,,,,,,"100064849864375","DOST-PAGASA","https://scontent-iad6-1.xx.fbcdn.net/v/t39.30808-1/487303686_1099355335569452_7045424019269009221_n.png?stp=cp0_dst-png&cstp=mx1001x1001&ctp=s40x40&_nc_cat=1&ccb=1-7&_nc_sid=2d3e12&_nc_ohc=8-rGnn6nM6QQ7kNvwG9BeaB&_nc_oc=Ado1iXdKk1riXPrHgTAxKEkx52wpfwo3WJzDq1fvzR4S-NQ6ykcuOqcfKMCyXQ0fQec&_nc_zt=24&_nc_ht=scontent-iad6-1.xx&_nc_gid=8gaBF-DdhLPDGjOo_F1y0w&_nc_ss=7c2a8&oh=00_AQBCT4s6n8-vzxLDwvO8r-aHy2EVCdMusX6HyNNj7QpFGg&oe=6A5FC79F","https://www.facebook.com/PAGASA.DOST.GOV.PH","0","2583485991729870","Heavy Rainfall Warning No.4 #NL_PRSD -Aparri Radar
Weather System: Northeast Monsoon enhanced by STS Tisoy
Issued at: 5:00 PM, 04 Dec 2019

Yellow Warning Level:
#Cagayan(Baggao,Gattaran, Gonzaga, Lallo and SantaAna)
Flooding in flood-prone areas.

Moderate to occasionally heavy rains are being experienced over #Kalinga(TabukCity) and #MountainProvince(Paracelis). Meanwhile Light to moderate rains are being experienced over #Abra(Boliney, Tineg and Tubo), #Apayao, #Cagayan(Abulug, Allacapan, Amulung, Aparri, Ballesteros, Buguey, Camalanuigan, Claveria, Iguig, Lasam, Pamplona, Peñablanca, Rizal, SantaTeresita, SantoNiño, SantaPraxedes, SanchezMira and Solana), #Isabela(Alicia, Angadanan, Aurora, BenitoSoliven, CauayanCity, Divilacan, Echague, Gamu, IlaganCity, Jones, Luna, Maconacon, Mallig, Naguilian, Palanan, Quezon, Quirino, Ramon, ReinaMercedes, Roxas, SanGuillermo, SanIsidro, SanManuel, SanMariano, SanMateo, SanPablo and SantiagoCity), #Kalinga(Balbalan, Lubuagan, Pasil, Pinukpuk, TabukCity, Tanudan and Tinglayan), #MountainProvince(Barlig, Bauko, Besao, Bontoc, Natonin, Sabangan, Sadanga, Sagada and Tadian) which may persist for 2-3 hours

•The public and the disaster risk reduction and management offices concerned are advised to take appropriate actions, MONITOR the weather condition and watch for the next advisory to be issued at 8:00 PM.

• For more information and queries, please call at telephone number (078) 304-1994 or log on to bagong.pagasa.dost.gov.ph.",,,"2",,,"1","3","0","1575451604000","https://www.facebook.com/NDRRMC/posts/pfbid027Tr5djJPsta4uvCjeMAmAPQKsNioLfpND9VxCSt2QNgMjHXXtohiWSZZ7vuuvgznl"
,,,,,,,,,,,,,,,,,,,,"100064849864375","DOST-PAGASA","https://scontent-iad6-1.xx.fbcdn.net/v/t39.30808-1/487303686_1099355335569452_7045424019269009221_n.png?stp=cp0_dst-png&cstp=mx1001x1001&ctp=s40x40&_nc_cat=1&ccb=1-7&_nc_sid=2d3e12&_nc_ohc=8-rGnn6nM6QQ7kNvwG9BeaB&_nc_oc=Ado1iXdKk1riXPrHgTAxKEkx52wpfwo3WJzDq1fvzR4S-NQ6ykcuOqcfKMCyXQ0fQec&_nc_zt=24&_nc_ht=scontent-iad6-1.xx&_nc_gid=8gaBF-DdhLPDGjOo_F1y0w&_nc_ss=7c2a8&oh=00_AQBCT4s6n8-vzxLDwvO8r-aHy2EVCdMusX6HyNNj7QpFGg&oe=6A5FC79F","https://www.facebook.com/PAGASA.DOST.GOV.PH","0","2584098748335261","Heavy Rainfall Warning No.6 #NL_PRSD -Aparri Radar
Weather System: Northeast Monsoon
Issued at: 10:50 PM, 4 Dec 2019

Orange Warning Level:
#Cagayan(Baggao, Gattaran, Lallo and Peñablanca), #Isabela(Cabagan, Divilacan, IlaganCity, Maconacon, Palanan, SanMariano, SanPablo, SantaMaria and Tumauini)
FLOODING is still THREATENING in flood-prone areas.

Yellow Warning Level:
#Apayao, #Cagayan(Abulug, Allacapan, Alcala, Amulung, Aparri, Ballesteros, Buguey, Camalanuigan, Claveria, Enrile, Iguig, Lasam, Pamplona, Piat, Rizal, SantaTeresita, SantoNiño, SanchezMira, Solana, Tuao and TuguegaraoCity)
Flooding in flood-prone areas.

Moderate to occasionally heavy rains are being experienced over #Kalinga(Pinukpuk and Rizal)
meanwhile Light to moderate rains #Cagayan(Gonzaga and SantaAna),
#Isabela (BenitoSoliven, Burgos, CauayanCity, DelfinAlbano, Echague, Gamu, Jones, Mallig, Naguilian, Quezon, Quirino, ReinaMercedes, Roxas, SanGuillermo, SantaMaria and SantoTomas), #Kalinga(Balbalan, Lubuagan, Pasil, TabukCity, Tanudan and Tinglayan) which may persist for 2-3 hours

•The public and the disaster risk reduction and management offices concerned are advised to take appropriate actions, MONITOR the weather condition and watch for the next advisory to be issued at 2:00 AM.

• For more information and queries, please call at telephone number (078) 304-1994 or log on to bagong.pagasa.dost.gov.ph.",,,"4",,,,"4","2","1575471961000","https://www.facebook.com/NDRRMC/posts/pfbid022hsZrMSp3xtv4LJMa7yXe74ejbZeED1c3nwjS2YTry3H5FHBvaKEePMWFMAsnsUVl"
"No photo description available.","416769182533475","photo","https://www.facebook.com/photo/?fbid=416769182533475&set=a.510960101029502",,,,,,,,,,,,,,,,,"100063465504151","EleV8te Circle","https://scontent-iad3-2.xx.fbcdn.net/v/t39.30808-1/298918076_510960111029501_3904878624760281039_n.png?stp=cp0_dst-png&cstp=mx422x422&ctp=s40x40&_nc_cat=111&ccb=1-7&_nc_sid=2d3e12&_nc_ohc=Rzs0KrxjU_EQ7kNvwFqCB2B&_nc_oc=AdqObkIF8oY95ALnQW9G0-VOt4RjmM5A_7jucSZ9boToPKUYBht_zm3NbTuvwY6QD8o&_nc_zt=24&_nc_ht=scontent-iad3-2.xx&_nc_gid=8gaBF-DdhLPDGjOo_F1y0w&_nc_ss=7c2a8&oh=00_AQBlY9nXNQiNNXLq-ATng3Vza7nv8qQXLbTqMVatIys2gw&oe=6A5FCFD8","https://www.facebook.com/Elv8Club","0","416769219200138","RENT TO OWN CONDOMINIUM

5K CASHOUT LIPAT AGAD(3-4 Weeks) 
5K Move-in fee(kapag lilipat na) 
PROMO EXTENDED!!!

📣 URBAN DECA HOMES TONDO MANILA 📣
📍 Location: Along Vitas St. and Velasquez St. Tondo, Manila.                                                                 
READY FOR OCCUPANCY NA!

👌 NEAREST LANDMARKS 👌
⌚️ 6 Minutes away - Tondo Medical Center
⌚️ 7 Minutes away - Sto. Nino De Tondo Church 
⌚️ 11 Minutes away - Mary Jhonston Hospital
⌚️ 11 Minutes away - Archdiocesan Shrine of Sto Nino De Tondo
⌚️ 13 Minutes away - Tutuban Commercial Center
⌚️ 13 Minutes away - 999 Mall
⌚️ 19 Minutes away - SM City San Lazaro 

✅ Amenities:
🏀 Basketball Court
🎡 Children's Playground
🎋  Pocket Park 
👨‍✈️ 24/7 Security
🏭  Community Mall
🌾  Landscape Garden
🏡 Clubhouse

📌 Accessible Located : LRT & Puregold tayuman, SM San Lazaro, Abad Santos Ave. Divisoria, Malabon, Navotas, Caloocan.

💯% No Hidden Fees / Charges
💯% Perpetual or Lifetime Ownership 
💯% Secured & Good Investment
💯% FLOOD FREE AREA / NOT IN FAULTLINE

For Inquiries and scheduled tripping: 09772152307 - Globe 
PM",,,"1",,,,"1","11","1575489877000","https://www.facebook.com/Elv8Club/posts/pfbid0Af4vLgEKpoHzEtRB2KFVp29F5qqZgm1wyZq4qWLoWxGSGU388KovUhr2BDVJjdvkl"
