post_url,text,likes,comments,shares,flood_label,media_count,media_types,media_urls
https://www.facebook.com/NIASNews/posts/pfbid032MCSXieVWWPjnqiy7Fv9jb3XJSyXFFqu7AG5oXDxG5zNsQp7ZGccQhy3tprYCzkwl,"LUBOG SA BAHA ANG MARIKINA. Nasa bubungan na ang mga residente na apektadk ng malawakang pagbaha sa Marikina River dahil sa patuloy na buhos. g makakas na ulan dulot ng Typhoon #UlyssesPH, mas mataas na ang water level na ito kumpara sa sam Bagyong Ondoy. RVG, NIAS News Philippines #NewsALERT #maybagyo #FloodPH [Photos via Johnson Tam]

Kanias I share ang post na ito para sa pinakasariwang balita at inpormasyon",16,4,9,Severe,5,Photo; Photo; Photo; Photo,https://www.facebook.com/NIASNews/posts/pfbid032MCSXieVWWPjnqiy7Fv9jb3XJSyXFFqu7AG5oXDxG5zNsQp7ZGccQhy3tprYCzkwl; https://scontent-mia5-1.xx.fbcdn.net/v/t1.6435-9/124548686_4146984235318417_7479103508721744002_n.jpg?stp=dst-jpg_p960x960_tt6&_nc_cat=102&ccb=1-7&_nc_sid=833d8c&_nc_ohc=LZPDDIPcZ_oQ7kNvwF6TpHD&_nc_oc=AdqJgb48B-DGrNSBI1p59980DqmXK6otkqBPbpcwMsRykZC1CeH1aSf2cX_09JoFf08&_nc_zt=23&_nc_ht=scontent-mia5-1.xx&_nc_gid=viPQyHeIbuZO4L5CCm4MMQ&_nc_ss=7c289&oh=00_Af4wd4_yaw-UcyitXmXHJS01nWRk2eWwTcTntZ_WP8Q8NQ&oe=6A33DB94; https://scontent-mia3-3.xx.fbcdn.net/v/t1.6435-9/124252513_4146984338651740_6941554771090815685_n.jpg?stp=dst-jpg_p960x960_tt6&_nc_cat=110&ccb=1-7&_nc_sid=833d8c&_nc_ohc=7ptS-kTDl7YQ7kNvwFA0o0B&_nc_oc=Adryhe4jSNeuknA3no8e78k2euAsKDiy2x6-kZNz7FySdhQz2XM55EJQwCvXe4z2hiU&_nc_zt=23&_nc_ht=scontent-mia3-3.xx&_nc_gid=viPQyHeIbuZO4L5CCm4MMQ&_nc_ss=7c289&oh=00_Af7CRp8TljoRtA_7WpcPwpshcRzPCPOe9Fwws4IVPykDHA&oe=6A33C083; https://scontent-mia3-3.xx.fbcdn.net/v/t1.6435-9/124591845_4146984468651727_1137706791384086017_n.jpg?stp=dst-jpg_p960x960_tt6&_nc_cat=109&ccb=1-7&_nc_sid=833d8c&_nc_ohc=9dgvTKf_5OQQ7kNvwGXPJLz&_nc_oc=AdquvQjeq32cHMA-u7kxvbFNfZOA5iwHqCxH1EZ2eulBvCQFVzJ4NMaaWrMMHEqLjdE&_nc_zt=23&_nc_ht=scontent-mia3-3.xx&_nc_gid=viPQyHeIbuZO4L5CCm4MMQ&_nc_ss=7c289&oh=00_Af7k9_qmpHXPzhGFRxwbGMDIVcz7NKdetshlPLon9TtxAA&oe=6A33CCFA; https://scontent-mia3-2.xx.fbcdn.net/v/t1.6435-9/124573401_4146984551985052_1979506471516798088_n.jpg?stp=dst-jpg_p960x960_tt6&_nc_cat=107&ccb=1-7&_nc_sid=833d8c&_nc_ohc=ZLezuJLYwzcQ7kNvwEykcU8&_nc_oc=AdrpcQLDDKDvqXZFwKkgHTgYeyNj_PCvteZxpyqoX8fNkNbKTG1ZQW01AW-VLTfBkfo&_nc_zt=23&_nc_ht=scontent-mia3-2.xx&_nc_gid=viPQyHeIbuZO4L5CCm4MMQ&_nc_ss=7c289&oh=00_Af58SGE4apPNIhWyxHSIJ3D_Fy87ZaRyXN8z2Sa_WUpoLw&oe=6A33B23C
https://www.facebook.com/gmanews/posts/pfbid0j562pVjn4YYHdBqCKS66XympqLC6ET7gJiNBVN2jjTFgvPy7rEETeizTW9BAkHU8l,"Baha na sa Sumulong Highway at sa palengke ng Marikina matapos umapaw ang Marikina River at umabot sa 21.6 meters ang water level, as of 7:58 a.m | via Jonathan Andal, GMA News

Bisitahin ang www.gmanews.tv para sa iba pang mga balita kaugnay ng Bagyong #UlyssesPH.",3109,288,1317,Severe,5,Photo; Photo; Photo; Photo,https://www.facebook.com/gmanews/posts/pfbid0j562pVjn4YYHdBqCKS66XympqLC6ET7gJiNBVN2jjTFgvPy7rEETeizTW9BAkHU8l; https://scontent-iad6-1.xx.fbcdn.net/v/t1.6435-9/125176020_10159445005176977_9177417493141473717_n.jpg?stp=dst-jpg_s590x590_tt6&_nc_cat=109&ccb=1-7&_nc_sid=127cfc&_nc_ohc=zHyG32DS1ZsQ7kNvwHH-Hc1&_nc_oc=AdrgMlyBbuOYdEMRglOukwruYQKG1fxFS5KDUi6ebZJtb2hVUsMyuebmEGW1LuhYNqE&_nc_zt=23&_nc_ht=scontent-iad6-1.xx&_nc_gid=Yc9YSA0zco5IiQFflyzovA&_nc_ss=72289&oh=00_Af6QhOMjmhG5sH0rCOBkAGoRUkNb7te8BU2m26QwsUUsLg&oe=6A33A494; https://scontent-iad6-1.xx.fbcdn.net/v/t1.6435-9/125178501_10159445005166977_4668206690319695886_n.jpg?stp=dst-jpg_s590x590_tt6&_nc_cat=102&ccb=1-7&_nc_sid=127cfc&_nc_ohc=VP5fGLfIRfwQ7kNvwESJJV5&_nc_oc=Adrms_nqD73PZXhzWLhUrLKYuejaJ2_bjWxzW0sX9tY2C8Bmjojlu52xCm3we77LI4E&_nc_zt=23&_nc_ht=scontent-iad6-1.xx&_nc_gid=Yc9YSA0zco5IiQFflyzovA&_nc_ss=72289&oh=00_Af4EGQ3cejU09S5DEEWn9Ill5f4DoupW5BUad0jOhSIW7w&oe=6A33B4B9; https://scontent-iad6-1.xx.fbcdn.net/v/t1.6435-9/125215097_10159445005126977_2106931346782350239_n.jpg?stp=dst-jpg_s590x590_tt6&_nc_cat=102&ccb=1-7&_nc_sid=127cfc&_nc_ohc=istZovylDwMQ7kNvwHCesfg&_nc_oc=Adqx1P9z3zsA4z2wzumhPZWPjXDTiy3JzI5zK4O4FPbGrpphkllxDxLvaiiLGCUqZ7w&_nc_zt=23&_nc_ht=scontent-iad6-1.xx&_nc_gid=Yc9YSA0zco5IiQFflyzovA&_nc_ss=72289&oh=00_Af7T0rRhGONqXu2LPkwry_ato7kN-SoBgSkhEzfneu9mYA&oe=6A33BC05; https://scontent-iad6-1.xx.fbcdn.net/v/t1.6435-9/124243985_10159445005426977_7556237474102436148_n.jpg?stp=dst-jpg_s590x590_tt6&_nc_cat=100&ccb=1-7&_nc_sid=127cfc&_nc_ohc=Ana8RuvB6HgQ7kNvwGRTrxw&_nc_oc=AdqSpmKC7ufcvZPiVUx0PbEWFaZX_dVMHh_E2J5BZROp4GMMEgwKuPJ762c5rJEjUwA&_nc_zt=23&_nc_ht=scontent-iad6-1.xx&_nc_gid=Yc9YSA0zco5IiQFflyzovA&_nc_ss=72289&oh=00_Af5pQYcPgeaBm4eyyi4Vju8_B054rC62s59ipTcrXfS_TA&oe=6A33D34A
https://www.facebook.com/reel/2225468218265199/,"""𝙆𝙖𝙠𝙖-𝙘𝙝𝙖𝙣𝙜𝙚 𝙡𝙖𝙣𝙜 𝙣𝙜 𝙡𝙚𝙖𝙙𝙚𝙧𝙨𝙝𝙞𝙥. 𝙏𝙧𝙖𝙗𝙖𝙝𝙤 𝙢𝙪𝙣𝙖 𝙩𝙖𝙮𝙤 𝙜𝙪𝙮𝙨..."" 

— Sen. Win Gatchalian sa tanong kung magkakaroon ba ng panibagong kudeta o pagpapalit ng liderato sa Senado. | via Nimfa Ravelo",15,1,0,Not Relevant,1,Video,https://www.facebook.com/reel/2225468218265199/
https://www.facebook.com/reel/1006950095024490/,"""𝙇𝙚𝙩'𝙨 𝙞𝙣𝙫𝙚𝙨𝙩𝙞𝙜𝙖𝙩𝙚 𝙩𝙝𝙞𝙨 𝙞𝙣𝙙𝙚𝙥𝙚𝙣𝙙𝙚𝙣𝙩𝙡𝙮. 𝙋𝙖𝙧𝙖 𝙢𝙖-𝙧𝙚𝙨𝙩𝙤𝙧𝙚 𝙣𝙖𝙩𝙞𝙣 𝙖𝙣𝙜 𝙙𝙞𝙜𝙣𝙞𝙩𝙮, 𝙩𝙧𝙪𝙨𝙩 𝙖𝙣𝙙 𝙩𝙞𝙬𝙖𝙡𝙖 𝙖𝙩 𝙢𝙤𝙨𝙩 𝙚𝙨𝙥𝙚𝙘𝙞𝙖𝙡𝙡𝙮, 𝙢𝙖𝙠𝙖𝙗𝙖𝙡𝙞𝙠 𝙣𝙖 𝙩𝙖𝙮𝙤 𝙨𝙖 𝙩𝙧𝙖𝙗𝙖𝙝𝙤...""

Sen. Win Gatchalian, sinabi na mahalagang magkaroon ng independent investigation ukol sa nangyaring pamamaril sa Senado noong May 13, 2026. | via NImfa Ravelo",8,1,0,Not Relevant,1,Video,https://www.facebook.com/reel/1006950095024490/
https://www.facebook.com/dzbb594/posts/pfbid086QAQW9CpyeodWq9CzKrBifnVjRfegcs7iuVXMXp8jE6VAxokYiwWnQ63hoB1kb8l,"""𝘼𝙣𝙜 𝙩𝙖𝙤𝙣𝙜 𝙞𝙩𝙤 𝙖𝙣𝙜 𝙣𝙖𝙜𝙨𝙖𝙜𝙞𝙥 𝙨𝙖 𝙢𝙜𝙖 𝙗𝙪𝙝𝙖𝙮 𝙣𝙜 𝙣𝙖𝙨𝙖 𝙡𝙤𝙤𝙗 𝙖𝙩 𝙡𝙖𝙗𝙖𝙨 𝙣𝙜 𝙎𝙚𝙣𝙖𝙙𝙤...""

Sen. Robinhood Padilla, iginiit na si suspended Senate Sgt.-At-Arms Mao Aplasca ang nagligtas sa buhay ng mga nasa loob at labas ng Senado, nang magkaroon ng pamamaril noong May 13, 2026. | via Nimfa Ravelo 

(Courtesy: Robin Padilla)",128,31,3,Not Relevant,3,Photo; Photo,https://www.facebook.com/dzbb594/posts/pfbid086QAQW9CpyeodWq9CzKrBifnVjRfegcs7iuVXMXp8jE6VAxokYiwWnQ63hoB1kb8l; https://scontent-mia3-2.xx.fbcdn.net/v/t39.30808-6/703844553_1477677027739150_4007974316278352627_n.jpg?stp=dst-jpg_s590x590_tt6&_nc_cat=103&ccb=1-7&_nc_sid=127cfc&_nc_ohc=FPl-IXVEJJAQ7kNvwGgf0-_&_nc_oc=AdoUMSLAFOI34aoMvqW74W943I1sVLUfHMM7asaZC9m2CQGMCmh6Lw20ejWScgl5sFk&_nc_zt=23&_nc_ht=scontent-mia3-2.xx&_nc_gid=Jmod2fFVb07TD6prGzt2Zw&_nc_ss=72289&oh=00_Af6g6IDSB116pg2ZAfgHQW8_xWJUcMDUy8rCVtsnfNBEpg&oe=6A12364E; https://scontent-mia3-2.xx.fbcdn.net/v/t39.30808-6/701538255_1477677221072464_5165710690280207805_n.jpg?_nc_cat=105&ccb=1-7&_nc_sid=127cfc&_nc_ohc=AgFuNq-TQ88Q7kNvwHugDQR&_nc_oc=AdrMpV20FYp55z-f13QPT2cddu-53nHVgPqNpFUhcOlro34mdAOzucPZXOS2nxXfuN4&_nc_zt=23&_nc_ht=scontent-mia3-2.xx&_nc_gid=Jmod2fFVb07TD6prGzt2Zw&_nc_ss=72289&oh=00_Af7dKoH0mwcLJFvm3fRlCTN5VpaW0VRcHK4uvwYG__bRag&oe=6A12366B
https://www.facebook.com/PAGASA.DOST.GOV.PH/posts/pfbid02o9xperrnGKzhCPfhRKxYKPGGN1n3PiWP6ANLSC4hEhCAjRM867WCvb3qBRnk7MY3l,"Davao River Basin Flood Advisory No. 1
Issued @ 5:30PM, 19 May 2026",33,1,3,Moderate,1,Photo,https://www.facebook.com/photo/?fbid=1446318870873095&set=a.365711365600523
https://www.facebook.com/PAGASA.DOST.GOV.PH/posts/pfbid0d2CGS68oNZDgbhoch1ckFpRnfQztZXumvoMzBYzbNoojowg5MCs2An7eNEyFYVg2l,"General Flood Advisories
Issued @6PM, 19 May 2026

Region 3 (Central Luzon)-GFA#3
Region 4-A (CALABARZON)-GFA#1
Region 4-B (MIMAROPA)-GFA#1
Region 6 (Western Visayas)-GFA#1
Region 7 (Central Visayas)-GFA#1
Region 9 (Zamboanga Peninsula)-GFA#1
Region 11 (Davao Region) GFA#4
Region 12 (SOCCSKSARGEN) GFA#4
BARMM -GFA#3",41,1,7,Severe,6,Photo; Photo; Photo; Photo; Photo,https://www.facebook.com/PAGASA.DOST.GOV.PH/posts/pfbid0d2CGS68oNZDgbhoch1ckFpRnfQztZXumvoMzBYzbNoojowg5MCs2An7eNEyFYVg2l; https://scontent-lga3-2.xx.fbcdn.net/v/t39.30808-6/701799485_1446308654207450_5383974041587750826_n.jpg?stp=dst-jpg_s590x590_tt6&_nc_cat=105&ccb=1-7&_nc_sid=127cfc&_nc_ohc=sVKZwgWUqq8Q7kNvwGP7Nj4&_nc_oc=AdqIQmSAPVAEIVEA5llAX1Jtw8dAwEqIMLzT-9HdfxUBVquMuN1tlpVonIvGsye75ks&_nc_zt=23&_nc_ht=scontent-lga3-2.xx&_nc_gid=TuW3y4jNNtfCBzf3ewS6iw&_nc_ss=72289&oh=00_Af7j3sDRqf05cSGBH24rCVKH9FRl1E5SSoLcmNmGItCm6A&oe=6A121A3F; https://scontent-lga3-1.xx.fbcdn.net/v/t39.30808-6/702451023_1446308650874117_1728550550849220088_n.jpg?stp=dst-jpg_s590x590_tt6&_nc_cat=103&ccb=1-7&_nc_sid=127cfc&_nc_ohc=XxfKSYzx-fMQ7kNvwFzFnZr&_nc_oc=Adp_5wjp2YNNLfLj4dAYEd1W9kekJb_y_0lgcTzlekjCAzof8PX5UU3GFpglumHKbfI&_nc_zt=23&_nc_ht=scontent-lga3-1.xx&_nc_gid=TuW3y4jNNtfCBzf3ewS6iw&_nc_ss=72289&oh=00_Af4O7A-qrg3IQaFFKXulEu-0Hf2rg5hpoCw9NtSbQjxxmw&oe=6A122ACC; https://scontent-lga3-3.xx.fbcdn.net/v/t39.30808-6/702365687_1446308664207449_1428856043877641615_n.jpg?stp=dst-jpg_s590x590_tt6&_nc_cat=106&ccb=1-7&_nc_sid=127cfc&_nc_ohc=y4pZKuRC8eAQ7kNvwG2Vs-D&_nc_oc=AdrmsGkHTR9F8rSY4e_iWXtDiAdG_q89tZ5OkeCx-ykJYO8aT9dcrHorUE6PGf_jqMw&_nc_zt=23&_nc_ht=scontent-lga3-3.xx&_nc_gid=TuW3y4jNNtfCBzf3ewS6iw&_nc_ss=72289&oh=00_Af50bSrun6BrtdSlghkTi5QstrOFKLlHs1edxp3wTHlzpQ&oe=6A120FC4; https://scontent-lga3-2.xx.fbcdn.net/v/t39.30808-6/701582531_1446308660874116_3260467460048661043_n.jpg?stp=dst-jpg_s590x590_tt6&_nc_cat=107&ccb=1-7&_nc_sid=127cfc&_nc_ohc=64ehkTaQkNMQ7kNvwHIwwev&_nc_oc=AdouIkvDk60GL65L5tPTiq6Jx8RPboIv7v4XlnLTJLB0KM-uu8IzQAw2-WTWjKImFRk&_nc_zt=23&_nc_ht=scontent-lga3-2.xx&_nc_gid=TuW3y4jNNtfCBzf3ewS6iw&_nc_ss=72289&oh=00_Af6_SedgqQqPiN3cdB8aM0aCDryItqclHlB0oB_AGZ68cA&oe=6A12215E; https://scontent-lga3-2.xx.fbcdn.net/v/t39.30808-6/702857579_1446308657540783_6536017883982615044_n.jpg?stp=dst-jpg_s590x590_tt6&_nc_cat=107&ccb=1-7&_nc_sid=127cfc&_nc_ohc=hZrpUxtIIMMQ7kNvwH8jXeZ&_nc_oc=AdpHoCfVMTmHhOMmSHa27fM7eMzIcaVBPLIUZAnVwWSJcbMIX4v0TZJ9QHHXMyvK_qo&_nc_zt=23&_nc_ht=scontent-lga3-2.xx&_nc_gid=TuW3y4jNNtfCBzf3ewS6iw&_nc_ss=72289&oh=00_Af5Pai4IXfQqJm4Jqr6H-XQDhdFkLGv-Sq38KXjaDQxfJQ&oe=6A1210EF
https://www.facebook.com/PAGASA.DOST.GOV.PH/posts/pfbid0Cwch8NasP1FRBBXwFv3JXLdjtfdmC1qXWHed7Tsm6v7sthNM3e34DdgDJgij5RzQl,"Highest Computed 5-day Heat Index with 2-day Forecast 
Issued as of 5:00 PM, 19 May 2026 

For more information about the heat index: 
https://www.pagasa.dost.gov.ph/weather/heat-index 

Information from the DOH Philippines about heat-related illnesses during extremely hot weather:
https://bit.ly/DOHPhPublicHealthAdvisory 

Don't forget to take necessary precautions and stay cool and hydrated everyone! ☀️🌡️ 
#HeatIndex #AngInit",105,0,41,Not Relevant,4,Photo; Photo; Photo,https://www.facebook.com/PAGASA.DOST.GOV.PH/posts/pfbid0Cwch8NasP1FRBBXwFv3JXLdjtfdmC1qXWHed7Tsm6v7sthNM3e34DdgDJgij5RzQl; https://scontent-lga3-2.xx.fbcdn.net/v/t39.30808-6/703396155_1446294770875505_3092214353031992118_n.jpg?stp=dst-jpg_s590x590_tt6&_nc_cat=1&ccb=1-7&_nc_sid=127cfc&_nc_ohc=dUCPv8078bYQ7kNvwH7ZbhE&_nc_oc=Adr5OSBqxUPi2Dg8PU4gjhuI8jLCPp1ia3NOB6oaMWvdoxUSuwhHTzN-KIL1CBEqQjg&_nc_zt=23&_nc_ht=scontent-lga3-2.xx&_nc_gid=TuW3y4jNNtfCBzf3ewS6iw&_nc_ss=72289&oh=00_Af71NYSj_RAWdFylqEp2l4Nkc7MweslDRuKK2X1DsG3DKQ&oe=6A1227DC; https://scontent-lga3-1.xx.fbcdn.net/v/t39.30808-6/703776729_1446294864208829_3729092432663331126_n.jpg?stp=dst-jpg_s590x590_tt6&_nc_cat=111&ccb=1-7&_nc_sid=127cfc&_nc_ohc=VwLp-2R3cgQQ7kNvwFjugNJ&_nc_oc=AdpKcLUQWoCILphtw7_0C1GINWoGDHnCDlCHSG5bmfi24cmLWDRgd_sayHtBBqH50bA&_nc_zt=23&_nc_ht=scontent-lga3-1.xx&_nc_gid=TuW3y4jNNtfCBzf3ewS6iw&_nc_ss=72289&oh=00_Af4brfUwXPQjDgWYnBqnORN0DymmnBJnWPuQBN__YNXddA&oe=6A123B52; https://scontent-lga3-1.xx.fbcdn.net/v/t39.30808-6/702494768_1446294987542150_6171208648867338114_n.jpg?stp=dst-jpg_p552x414_tt6&_nc_cat=109&ccb=1-7&_nc_sid=127cfc&_nc_ohc=GVIEgZw3p24Q7kNvwGXmWWC&_nc_oc=AdpA0O8wEUg3wYLKxa6rYt5vAnvpQzSPGQjztARbf40S7Y6-ta24mDu8z7MNt897GNg&_nc_zt=23&_nc_ht=scontent-lga3-1.xx&_nc_gid=TuW3y4jNNtfCBzf3ewS6iw&_nc_ss=72289&oh=00_Af7YLri4W_XK7kP3MnKtCZy1t2aWYHVmrjl84Md5I07rvA&oe=6A121BB9
https://www.facebook.com/reel/2432656753863428/,"Service contracting program para sa mga land-based na  pampublikong sasakyan, matatapos na sa May 22, 2026 — LTFRB | via Glen Juego",0,0,0,Not Relevant,1,Video,https://www.facebook.com/reel/2432656753863428/
https://www.facebook.com/reel/989745953462647/,"House Prosecution Team, walang duda kay House Prosecutor & Bukidnon Rep. Jonathan Kit Flores, kahit na nag-abstain siya sa pagpapa-impeach kay Vice Pres. Sara Duterte. | via Isa Avendaño-Umali",6,0,1,Not Relevant,1,Video,https://www.facebook.com/reel/989745953462647/
https://www.facebook.com/reel/853548653841528/,"𝗕𝗔𝗧𝗢, 𝗠𝗔𝗛𝗜𝗛𝗜𝗥𝗔𝗣𝗔𝗡𝗚 𝗠𝗔𝗚𝗧𝗔𝗚𝗢 𝗦𝗔 𝗕𝗔𝗧𝗔𝗦 

Sen. Ronald ""Bato"" Dela Rosa, mahihirapang magtago sa batas, kahit makalabas man ng bansa — NBI Director Atty. Melvin Matibag | via Pamela Adriano",33,7,1,Not Relevant,1,Video,https://www.facebook.com/reel/853548653841528/
https://www.facebook.com/PhilippineSTAR/posts/pfbid02AazZmcWeZQ9JyBKs2tB9NTrfxxgrShjqs5hHaVHERYKjiqVhPpuAZGyspZzdroHwl,,22,1,6,Not Relevant,0,,
https://www.facebook.com/PhilippineSTAR/posts/pfbid0mgtXUyBQf7UNqGt3RpNCNti6bKtEHME2gaKLpT53YqfiHxpyc8ydPpnhZo7Y5Utcl,"'THERE WAS NO ATTACK ON THE SENATE'

Kinontra ni Interior and Local Government Secretary Jonvic Remulla ang pahayag ni Senate President Alan Peter Cayetano na ""under attack"" ang Senado noong Mayo 13, 2026.

""For the record, all evidence points that there was no attack on the Senate,"" saad niya nitong Martes.

PANOORIN:",26,7,2,Not Relevant,1,GenericAttachmentMedia,https://external-dfw6-1.xx.fbcdn.net/emg1/v/t13/5285607685505022814?url=https%3A%2F%2Fi.ytimg.com%2Fvi%2F2bd1-D-4MiA%2Fmaxresdefault.jpg&fb_obo=1&utld=ytimg.com&stp=c0.5000x0.5000f_dst-jpg_flffffff_p500x261_q75_tt6&_nc_gid=0fpjNxFjb3GmMa7rmW7LxA&_nc_oc=AdrNz4iS-_u71Lhmohrgr4vIpd0ureVEi0zohCJT-IvZw5cJv5Uf6MOKLOYpLzkl6ac&ccb=13-1&oh=06_Q3-_AbzbZLzyD_Rk4Tivst96IM7YufjKf2XEu1iuNHJcgQ_6&oe=6A0E20BE&_nc_sid=139b9a
https://www.facebook.com/PhilippineSTAR/posts/pfbid033SebwU9YthQZKC17VkZDvgRum6w1fUUciDbz3oNy4V5RQzhsKS6tEoPZPVxzSNJbl,,579,10,25,Not Relevant,0,,
https://www.facebook.com/reel/2166369214145960/,"𝗕𝗔𝗚𝗢𝗡𝗚 𝗖𝗛𝗔𝗜𝗥𝗠𝗔𝗡 𝗡𝗚 𝗦𝗘𝗡𝗔𝗧𝗘 𝗖𝗢𝗠𝗠𝗜𝗧𝗧𝗘𝗘 𝗢𝗡 𝗙𝗜𝗡𝗔𝗡𝗖𝗘 

Sen. Mark Villar, nahalal bilang bagong chairman ng Senate Committee on Finance, kapalit ni Senator Win Gatchalian. | via Nimfa Ravelo",52,13,0,Not Relevant,1,Video,https://www.facebook.com/reel/2166369214145960/
https://www.facebook.com/reel/2084540488758797/,"𝗜𝗣𝗜𝗡𝗔𝗕𝗔𝗕𝗔𝗦𝗨𝗥𝗔 𝗔𝗡𝗚 𝗛𝗜𝗟𝗜𝗡𝗚 𝗡𝗔 𝗦𝗨𝗠𝗔𝗜𝗟𝗔𝗟𝗜𝗠 𝗦𝗔 𝗠𝗘𝗗𝗜𝗖𝗔𝗟 𝗔𝗧 𝗗𝗥𝗨𝗚 𝗧𝗘𝗦𝗧 𝗦𝗜 𝗣𝗕𝗕𝗠

Office of the Solicitor General, ipinababasura sa Korte Suprema ang petisyon na humihiling na isailalim sa medical at drug test si Pang. Bongbong Marcos. | via Tuesday Niu",34,11,5,Not Relevant,1,Video,https://www.facebook.com/reel/2084540488758797/
https://www.facebook.com/reel/2735416520174549/,"Records of investigation kaugnay sa nangyaring pamamaril sa Senado noong May 13, 2026, isinumite ng PNP sa DOJ.",6,0,2,Not Relevant,1,Video,https://www.facebook.com/reel/2735416520174549/
https://www.facebook.com/News5Everywhere/posts/pfbid0bK2pr4qSQq7obZ4wzyaQWNE989oXLSGwUWPmB9kV7QdYof8rKDQ8ZjeNDKigxudjl,"NEW SENATE SECRETARY

Pormal nang nanumpa si Jose Luis Montales bilang Senate Secretary nitong Lunes, May 18.

Magkakaroon siya ng papel sa nakatakdang impeachment trial ni Vice Pres. Sara Duterte ngayong nag-convene na ang Senado bilang impeachment court.",58,6,3,Not Relevant,1,Photo,https://www.facebook.com/photo/?fbid=1510395974452264&set=a.647063400785530
https://www.facebook.com/News5Everywhere/posts/pfbid036PEbt33X1MRqkB43iaeJnGeJhkce2WoP12cVfB6CFK3hz7SdWvW4rgEjzJUV613Dl,"ELY SA BINGO NIGHT PLUS

Rumampa sa purple carpet ng Bingo Night Plus si “My Bespren Emman” star Ely Buendia.

Isa ang OPM rock icon sa mga magpe-perform sa event.",93,6,2,Not Relevant,4,Photo; Photo; Photo,https://www.facebook.com/News5Everywhere/posts/pfbid036PEbt33X1MRqkB43iaeJnGeJhkce2WoP12cVfB6CFK3hz7SdWvW4rgEjzJUV613Dl; https://scontent-iad3-1.xx.fbcdn.net/v/t39.30808-6/702265781_1510393061119222_5884778831888840381_n.jpg?stp=dst-jpg_s590x590_tt6&_nc_cat=104&ccb=1-7&_nc_sid=833d8c&_nc_ohc=i51vA_BkvDcQ7kNvwFkyn8k&_nc_oc=Adr12WNVySPbFqqxt-OQpKU6ax-6tf5dSGaMEBgxNOi3u7b5rvV1USiKwSzMJ2w0VKM&_nc_zt=23&_nc_ht=scontent-iad3-1.xx&_nc_gid=GJdBbyjZwkfv4k__A9fiNA&_nc_ss=72289&oh=00_Af6TgVN80cgqjY1IFSws5YzegCzsCfXVqoVAymnbFCYQpw&oe=6A123A2D; https://scontent-iad6-1.xx.fbcdn.net/v/t39.30808-6/702403796_1510393074452554_7063947256252123157_n.jpg?stp=dst-jpg_s590x590_tt6&_nc_cat=109&ccb=1-7&_nc_sid=833d8c&_nc_ohc=Ztj7j8Y4re0Q7kNvwFitVTd&_nc_oc=Adr3YtxJiI4Vh45vIew3eEfEJ7BstF266tl0NQ2elk0OOdV7DQSZkBAeE2fJQV6BRvU&_nc_zt=23&_nc_ht=scontent-iad6-1.xx&_nc_gid=GJdBbyjZwkfv4k__A9fiNA&_nc_ss=72289&oh=00_Af73PrutI4Zq6vq8DfBfUlZVkf-c6Q1chwnFskg0c6sejw&oe=6A1234A3; https://scontent-iad3-1.xx.fbcdn.net/v/t39.30808-6/702265468_1510393577785837_8922593296036293288_n.jpg?stp=dst-jpg_s590x590_tt6&_nc_cat=101&ccb=1-7&_nc_sid=833d8c&_nc_ohc=5rDzn4kqYl0Q7kNvwFitt-Y&_nc_oc=AdqEwbwd_zDBp75n5RhWfaO1NS4Q7l9EuyatsIJjtjG03TeLfHHra2m_2o70hycUqdE&_nc_zt=23&_nc_ht=scontent-iad3-1.xx&_nc_gid=GJdBbyjZwkfv4k__A9fiNA&_nc_ss=72289&oh=00_Af5P1ielIFtUYQPomzHjwN5Lrjr7cXWjqwWkl_TliXl2hw&oe=6A121EF6
https://www.facebook.com/News5Everywhere/posts/pfbid02hsX6WB5BG37Wyuz5WCHXDnxZPCoULAbjgiGFhjMTiKGpePwXNPXuNekw7k9U9te8l,"ISANG TAON NA TAYO, MGA KAPATID!

Alamin ang mga bumabanderang balita sa #UnaSaLahat tuwing Lunes hanggang Biyernes, 5:30 p.m. sa TV5, One PH, RPTV, True TV, at 105.9 Truue FM.",101,22,5,Not Relevant,1,Photo,https://www.facebook.com/photo/?fbid=1510384847786710&set=a.647063400785530
https://www.facebook.com/inquirerdotnet/posts/pfbid0ekZPELjgYTkXp6masEcerGej5fX59zfQ7FFGfANuivejxwqq9VRqMVLDYHbKNhVql,6 modern-day royalty K-dramas to binge-watch after ‘Perfect Crown’,0,0,0,Not Relevant,1,GenericAttachmentMedia,https://external.frca1-1.fna.fbcdn.net/emg1/v/t13/6833619220543199111?url=https%3A%2F%2Fentertainment.inquirer.net%2Ffiles%2F2026%2F05%2FPerfect-Crown-K-dramas-pitches-05182026.png&fb_obo=1&utld=inquirer.net&stp=c0.5000x0.5000f_dst-jpg_flffffff_p500x261_q75_tt6&_nc_gid=t4BtLqd_8NPRxQB27fsj4w&_nc_oc=AdrMeSFlICv9lN7v7spHFROsHgJirUI6iA0V3tlCegkfiarS7xeUdyr0pIBJK0wBLkk&ccb=13-1&oh=06_Q3-_AZF7uiDWIEHCL5WB28_QEQ4wkcetOVuGwy8EP8Tnx9qZ&oe=6A0E212A&_nc_sid=139b9a
https://www.facebook.com/inquirerdotnet/posts/pfbid0B1ZpNSE6sYbZGJECTc1j7woL4PFy31WK5fvDy16zYqvPQhcJk31KSPUXKiWjRsD8l,"Sens. Ronald “Bato” dela Rosa and Robin Padilla left the Senate premises together before dawn on May 14, just a few hours after the shooting incident inside the Senate, Philippine National Police (PNP) chief Gen. Jose Melencio Nartatez Jr. said on Tuesday.

Check the full story in our comments.",188,24,25,Not Relevant,1,Photo,https://www.facebook.com/photo/?fbid=1426685756309042&set=a.295125726131723
https://www.facebook.com/inquirerdotnet/posts/pfbid0ECgGDxW6TmV1LeM7ncBe84XTLK2AcRfcKHiKXVhj6dfcP9UBd5ubBn7UFe5VZERsl,2 DPWH officials sacked over Benguet road accident,5,0,0,Not Relevant,1,GenericAttachmentMedia,https://external.frca1-1.fna.fbcdn.net/emg1/v/t13/17812387956332102899?url=https%3A%2F%2Fnewsinfo.inquirer.net%2Ffiles%2F2024%2F01%2FDPWH-logo.png&fb_obo=1&utld=inquirer.net&stp=c0.5000x0.5000f_dst-jpg_flffffff_p500x261_q75_tt6&_nc_gid=t4BtLqd_8NPRxQB27fsj4w&_nc_oc=AdriIg6kPTh6onVTiSzSDybI8f9K2MIzpFRW8HMrDtqj2pQ6Nl9GqxcpVW8McWevoGQ&ccb=13-1&oh=06_Q3-_AbPVtAJucy8iu8DAQVqC_DeeT9f8zmWCMK_Ucq_70UKm&oe=6A0E3D93&_nc_sid=139b9a
https://www.facebook.com/News5Everywhere/posts/pfbid04uwkHS2xenr9sJo3X4QqLWdfyk2iLcY8psMF7otmm8fSe54z3reR7y82CmQPiWpRl,"‘HE WAS NOT ARMED’

Kinumpirma ni Department of the Interior and Local Government (DILG) Sec. Jonvic Remulla na hindi armado ang ang inarestong driver-volunteer ng National Bureau of Investigation (NBI).

Ayon kay Remulla sa isang press briefing, inutusan lamang ito na kunin ang tactical bag na naiwan ng isang agent na nagbabantay sa pinto.

Nauna nang itinanggi ng inarestong driver na namaril siya nang mangyari ang gulo sa Senado noong May 13.",483,104,11,Not Relevant,1,Photo,https://www.facebook.com/photo/?fbid=1510383031120225&set=a.647063400785530
https://www.facebook.com/News5Everywhere/posts/pfbid05y6tevgkYKDnte2fhVC63YAgwWLzQ3cmcLnLPEusMrph3vkZK935iRHeukUEZmtkl,"SINI-SINGLE OUT SI REP. DUTERTE?

Itinanggi ni ACT Teachers Rep. Antonio Tinio ang akusasyon ni 1st District Davao City Rep. Pulong Duterte na ""selective"" siya sa pagpapanagot kaugnay sa flood control scandal.

Kasunod ito ng paghahain ni Tinio ng reklamo sa Ombudsman para paimbestigahan ang umano'y irregular flood contro projects sa distrito ni Rep. Duterte.

""Hindi po selective ang ating paniningil sa corruption,"" ayon kay Tinio sa programang #SaTotooLang.",700,166,18,Not Relevant,1,Photo,https://www.facebook.com/photo/?fbid=1510381424453719&set=a.647063400785530
https://www.facebook.com/reel/1481164986835324/,#UnaSaLahat | Pinagpapaliwanag ng Energy Regulatory Commission (ERC) ang National Grid Corporation of the Philippines (NGCP) kaugnay sa mga brownout noong nakaraang linggo.,67,1,3,Not Relevant,1,Video,https://www.facebook.com/reel/1481164986835324/
https://www.facebook.com/inquirerdotnet/posts/pfbid0WYx2YxWHLGKaVUYEov9KUApHJXCLy2pMeNupPBW91NfUirtCbmMKvdz6NXqwf68kl,Paul Jake Castillo honors Kaye Abad after actress reveals cancer battle,25,0,0,Not Relevant,1,GenericAttachmentMedia,https://external-den2-1.xx.fbcdn.net/emg1/v/t13/15413601291195272046?url=https%3A%2F%2Fentertainment.inquirer.net%2Ffiles%2F2026%2F05%2FScreenshot-2026-05-19-at-3.59.30-PM-1.png&fb_obo=1&utld=inquirer.net&stp=c0.5000x0.5000f_dst-jpg_flffffff_p500x261_q75_tt6&_nc_gid=tADvx41J2GLmZyMuWXVKPw&_nc_oc=AdotUSOgEBcpz5GM_JaC9Zb3B5Hyw8xB1tkxuCYSb05jNGTyKNLNUUsS_rlmaYHtFkE&ccb=13-1&oh=06_Q3-_Ad0NBxkKht_PJ1xheFnOHlgId-RhJn87yeV5Fu5yITH8&oe=6A0E2A73&_nc_sid=c97757
https://www.facebook.com/inquirerdotnet/posts/pfbid02qFqkRoWAVBb3WpX5ijsAzoW5ion2PNKZa6NRtwbJWkJkrbX5b8EzbmiPzNbbwoccl,VisMin seen as next growth hub for property market,4,0,1,Not Relevant,1,GenericAttachmentMedia,https://external-den2-1.xx.fbcdn.net/emg1/v/t13/8591126846483723704?url=https%3A%2F%2Fbusiness.inquirer.net%2Ffiles%2F2025%2F05%2Fph-economy-05242025.jpg&fb_obo=1&utld=inquirer.net&stp=c0.5000x0.5000f_dst-jpg_flffffff_p500x261_q75_tt6&_nc_gid=tADvx41J2GLmZyMuWXVKPw&_nc_oc=Adp1nLTXtAiVp4aX2whfEiZ2_tZXZh8td7wUl-F1offzpkBXSWDO29TtUKNI0vaNfGE&ccb=13-1&oh=06_Q3-_AYBU3o8OW44BaK9wSEEgU-ioiYQsc7NgFMcBed56QiyQ&oe=6A0E1CA8&_nc_sid=c97757
https://www.facebook.com/inquirerdotnet/posts/pfbid0D4pmpz36Vb3WFz3am4UcrT43A2HinhJVgtuobPp2xYWVv5qfUP5pW3L9mBQ5te8tl,"LOOK: President Ferdinand Marcos Jr. welcomed United States Under Secretary of State for Economic Growth, Energy, and the Environment Jacob Helberg at Malacañang today, May 19.

Their discussions focused on the Luzon Economic Corridor (LEC), Pax Silica initiatives, investment and technology partnerships, supply chain cooperation, and other key trade priorities affecting both countries.

The LEC, in particular, is envisioned to generate up to 1 million jobs for Filipinos and help drive double-digit economic growth for the country. | 📸: PCO via Dexter Cabalza, Philippine Daily Inquirer",230,19,9,Not Relevant,5,Photo; Photo; Photo; Photo,https://www.facebook.com/inquirerdotnet/posts/pfbid0D4pmpz36Vb3WFz3am4UcrT43A2HinhJVgtuobPp2xYWVv5qfUP5pW3L9mBQ5te8tl; https://scontent-den2-1.xx.fbcdn.net/v/t39.30808-6/702164351_1426679502976334_4276975429302506999_n.jpg?stp=dst-jpg_s843x403_tt6&_nc_cat=111&ccb=1-7&_nc_sid=127cfc&_nc_ohc=CiUaUWC1LlIQ7kNvwGY65BP&_nc_oc=Ado0fQBWdhMygkJPGAdtyNlOojCXOU0BH0F4mysSJGVVfURpGkNQ5f4JRup04TBnB4Q&_nc_zt=23&_nc_ht=scontent-den2-1.xx&_nc_gid=tADvx41J2GLmZyMuWXVKPw&_nc_ss=72289&oh=00_Af6PzksPHoGehLyLH3s53Sq00a-uFndhOKrQ0KIM2Os1_A&oe=6A122F47; https://scontent-den2-1.xx.fbcdn.net/v/t39.30808-6/702450397_1426679506309667_1379804045703316506_n.jpg?stp=dst-jpg_s590x590_tt6&_nc_cat=102&ccb=1-7&_nc_sid=127cfc&_nc_ohc=ndTRJ3gbjjAQ7kNvwHTyg22&_nc_oc=AdrUgivfGKvPjkwuWaWUTsUHbm4xiyXhz0IU6y2ItuR4xjc6PFiiQ3dhtv0jmgRWXWk&_nc_zt=23&_nc_ht=scontent-den2-1.xx&_nc_gid=tADvx41J2GLmZyMuWXVKPw&_nc_ss=72289&oh=00_Af6dx0_JpDhGiMlSFDrttoC1wLeTI2KCfZdVd04mqCGXbw&oe=6A1231BF; https://scontent-den2-1.xx.fbcdn.net/v/t39.30808-6/703111752_1426679519642999_1471394572045282042_n.jpg?stp=dst-jpg_s590x590_tt6&_nc_cat=109&ccb=1-7&_nc_sid=127cfc&_nc_ohc=c8IhjC2PD4wQ7kNvwFTsW6R&_nc_oc=AdqpfDG_hfQ9RRbz5n_g43Evq4nJXorpuyIC0bU24xDcCVryAzGTqilI5ah4vJ-2J2s&_nc_zt=23&_nc_ht=scontent-den2-1.xx&_nc_gid=tADvx41J2GLmZyMuWXVKPw&_nc_ss=72289&oh=00_Af4Jt4u3gcWOW1Q2SHRj-noM1JGkcBkQIZ4hnnPN4TBtaQ&oe=6A12149E; https://scontent-den2-1.xx.fbcdn.net/v/t39.30808-6/702487424_1426679582976326_5853074061223833753_n.jpg?stp=dst-jpg_s590x590_tt6&_nc_cat=103&ccb=1-7&_nc_sid=127cfc&_nc_ohc=75OBJTKUeaoQ7kNvwEP5HBK&_nc_oc=Adr0NXx0Zc3Is0m6dwLJcF-pPPDU6RGr0LWsbuuNFY1uuPn325FulsnlRlrr8C3ze4Y&_nc_zt=23&_nc_ht=scontent-den2-1.xx&_nc_gid=tADvx41J2GLmZyMuWXVKPw&_nc_ss=72289&oh=00_Af5sONKYABm6FnZt6cQElLgbP-Zxy2tLYnsZiy6Zvf8eIg&oe=6A1232DF
https://www.facebook.com/reel/1888233971890204/,"Pagsisiyasat sa nangyaring gun related incident sa Senado noong May 13, 2026, dapat ipaubaya ng Senado sa Office of the Ombudsman at PNP-CIDG — Senator Win Gatchalian | via Nimfa Ravelo",6,3,1,Not Relevant,1,Video,https://www.facebook.com/reel/1888233971890204/
https://www.facebook.com/reel/1672183514499977/,"Ilang tauhan ng PNP-CIDG, nagtungo sa Senado para sa posibleng pagsisilbi ng subpoena para sa OSAA ukol sa imbestigasyon sa gun related incident sa Senado noong May 13, 2026. | via Nimfa Ravelo",12,0,0,Not Relevant,1,Video,https://www.facebook.com/reel/1672183514499977/
https://www.facebook.com/reel/1295875692207591/,PNP Chief PGen. Nartatez kaugnay sa pag-alis/pagtakas sa Senado ni Sen. Ronald Dela Rosa,16,1,2,Not Relevant,1,Video,https://www.facebook.com/reel/1295875692207591/
https://www.facebook.com/inquirerdotnet/posts/pfbid0P4HwZ72AamCcw2sMfgAZkLxmn5H4JA2c4xBnKgGnpwkPBLn9jGT2ZLyAz42JwZSxl,Filinvest Land retires P1.8-B fixed-rate bonds,2,0,1,Not Relevant,1,GenericAttachmentMedia,https://external-lga3-1.xx.fbcdn.net/emg1/v/t13/6975837699807634513?url=https%3A%2F%2Fbusiness.inquirer.net%2Ffiles%2F2026%2F02%2FFilinvest-Land-15August2025.png&fb_obo=1&utld=inquirer.net&stp=c0.5000x0.5000f_dst-jpg_flffffff_p500x261_q75_tt6&_nc_gid=L9l4pu1t10KZdY40qDyqaw&_nc_oc=AdqRRQBM9e4CcxbyKVSx4dT16wSITCDHl2ZeYhn9anIWizgd32kuHEiUUMG5LiBTslg&ccb=13-1&oh=06_Q3-_AZ6avFNt9a1AvrDP3y22U3u6meGEnHuAJrTFMpUXcoA5&oe=6A0E3271&_nc_sid=c97757
https://www.facebook.com/inquirerdotnet/posts/pfbid02qd2c8MZYRn4EzLwB82AYua4Zoq8hXrRmMhDuRWH3FtwfwBHDNu5AxaV54Q2Graezl,Biz Buzz: Passing the deal book at BDO,2,0,0,Not Relevant,1,GenericAttachmentMedia,https://external-lga3-1.xx.fbcdn.net/emg1/v/t13/11388836459870517084?url=https%3A%2F%2Fbusiness.inquirer.net%2Ffiles%2F2025%2F09%2Fbizbuzz-2025.jpg&fb_obo=1&utld=inquirer.net&stp=c0.5000x0.5000f_dst-jpg_flffffff_p500x261_q75_tt6&_nc_gid=L9l4pu1t10KZdY40qDyqaw&_nc_oc=Adr1jryYJigs2YyT2_QJWWFq7vrJzsfhEq6WUNp-1XFSbnsrol8cN_-ZbAU3DEpCeec&ccb=13-1&oh=06_Q3-_AYdkc08TNXxPU4pe2fF-QzP84UFArclBcVOZH6ogA6_5&oe=6A0E2E76&_nc_sid=c97757
https://www.facebook.com/inquirerdotnet/posts/pfbid033s18JfTHvKefPyk7GHzPhP4xDYDa96dSUDKLqeJU378q7wmsYnZYoGvbZf7D4F9Ul,"REGISTER TO VOTE! 🗳️

The Commission on Elections (Comelec) has appealed to potential voter registrants to sign up ahead of the deadline because the poll body may next open its voters’ registration in February 2027, or before the 2028 national and local elections.

Check the full story in our comments.",99,9,8,Not Relevant,1,Photo,https://www.facebook.com/photo/?fbid=1426665479644403&set=a.295125726131723
https://www.facebook.com/reel/1642011527091835/,#UnaSaLahat | Nanindigan ang kampo ni Sen. Bato dela Rosa na hindi pugante ang senador sa kabila ng pagpuslit niya palabas ng Senado. | via Camille Samonte,245,33,7,Not Relevant,1,Video,https://www.facebook.com/reel/1642011527091835/
https://www.facebook.com/reel/956480627381192/,#UnaSaLahat | Inilabas na ng Department of the Interior and Local Government (DILG) at Philippine National Police (PNP) ang resulta ng imbestigasyon sa nangyaring barilan sa Senado noong isang linggo. | via Maricel Halili,465,113,14,Not Relevant,1,Video,https://www.facebook.com/reel/956480627381192/
https://www.facebook.com/reel/1655551338984795/,#UnaSaLahat | May impormasyon na ang National Bureau of Investigation (NBI) sa posibleng kinaroroonan ni Sen. Bato dela Rosa. | via Gio Robles,865,157,23,Not Relevant,1,Video,https://www.facebook.com/reel/1655551338984795/
https://www.facebook.com/reel/831020803407613/,Sec. Vida: Titimbangin lahat ng panel natin...,18,4,1,Not Relevant,1,Video,https://www.facebook.com/reel/831020803407613/
https://www.facebook.com/reel/1273402244774357/,"DOJ Sec. Vida sa paglalagay ng Senado kay Sen. Dela Rosa sa ilalim ng protective custody: Nung sinabing nasa protective custody, nasa kanila si Sen. Bato... Kapag wala na 'yung legal impediment to serve 'yung arrest warrant, dapat kapag hiningi sa kanila ng DOJ, ready dapat ang Senado na i-turnover si Sen. Bato...",43,3,4,Not Relevant,1,Video,https://www.facebook.com/reel/1273402244774357/
https://www.facebook.com/reel/1002491112288486/,Sec. Remulla: There was no order to secure the Senate...,64,11,3,Not Relevant,1,Video,https://www.facebook.com/reel/1002491112288486/
https://www.facebook.com/inquirerdotnet/posts/pfbid02XiDoTLtBwFPjMekpJZiYCD9rAsqhD34fUCja5bEcrs2vqLaFViYb4cZbnc9x7dm1l,"Culprits in Senate shooting already ‘identified,’ says DOJ",98,23,0,Not Relevant,1,GenericAttachmentMedia,https://external-atl3-3.xx.fbcdn.net/emg1/v/t13/14547860725701602269?url=https%3A%2F%2Fnewsinfo.inquirer.net%2Ffiles%2F2026%2F01%2FFrederrick-Vida-20January2026.jpg&fb_obo=1&utld=inquirer.net&stp=c0.5000x0.5000f_dst-jpg_flffffff_p500x261_q75_tt6&_nc_gid=6jbVj7w1na_iqvCtFrCOag&_nc_oc=AdpFQpVq360uxiO5SOEj0rgZQGZ5ctmU5Yw8Ap-RRAqiEM2hkHIdSdHUJt6qryh3DJQ&ccb=13-1&oh=06_Q3-_AfJtV4NEe11y7tEUI8d6ofvaCkKLrmsVcQpWqPOFWpgt&oe=6A0E38A2&_nc_sid=c97757
https://www.facebook.com/inquirerdotnet/posts/pfbid0SLD6FYWF257jpzz2J3Ez4CbhakRbcdhcnpfFagToR5Q8rG8Gt1HJ244oK7ABjMR7l,Dy-backed Kalinga bill gains momentum as crisis-response vs fuel shocks,12,10,0,Not Relevant,1,GenericAttachmentMedia,https://external-atl3-3.xx.fbcdn.net/emg1/v/t13/2163300799003412503?url=https%3A%2F%2Fnewsinfo.inquirer.net%2Ffiles%2F2026%2F03%2Ffaustino-dy-04mar2026-e1773915840520.jpeg&fb_obo=1&utld=inquirer.net&stp=c0.5000x0.5000f_dst-jpg_flffffff_p500x261_q75_tt6&_nc_gid=6jbVj7w1na_iqvCtFrCOag&_nc_oc=AdqYkj7cIK0thhwvHzl7-NnaRiWIlMRxmOmjxiz1l5eUjExP_LtIj2gLHchJMsX-LT4&ccb=13-1&oh=06_Q3-_AeJAQKmmhLKuLVL5Y8zIUE9lrGDRbKRHsJ5POS8PR50Y&oe=6A0E14D7&_nc_sid=c97757
https://www.facebook.com/inquirerdotnet/posts/pfbid02U3v9HMgKBu1WdmPhQehduqocFGzYX8KqVz75zXCZLCZZPhkfh1A76nmkMicFUqCdl,House prosecution team reveals assignments for Duterte impeachment trial,19,2,0,Not Relevant,1,GenericAttachmentMedia,https://external-atl3-3.xx.fbcdn.net/emg1/v/t13/14994414844614236860?url=https%3A%2F%2Fnewsinfo.inquirer.net%2Ffiles%2F2026%2F05%2FCongress-House-of-representatvies-duterte-AP-11May2026.jpg&fb_obo=1&utld=inquirer.net&stp=c0.5000x0.5000f_dst-jpg_flffffff_p500x261_q75_tt6&_nc_gid=6jbVj7w1na_iqvCtFrCOag&_nc_oc=AdqVfcnAkQeYcOgxOg57yLlVOGB3nQIW8gxP2mGVsevqMiJX128Nj8pCrthDbMruNxU&ccb=13-1&oh=06_Q3-_ARX3U4CE9-gSTsAbMdu13xtFBYEH7bU85isjPRLkvkmz&oe=6A0E17AD&_nc_sid=c97757
https://www.facebook.com/PhilippineSTAR/posts/pfbid02YoZev8GaEQLtkcGm81UHB8cscmQpDzGMUntb1BJ6zKqDBnWY1ieKEmYZsQKEfwZql,"From therapy clinics to green wellness spaces, Metro Manila’s growing mental health movement reflects a larger dream: a future where emotional care is accessible, compassionate, and part of everyday Filipino life. | via Joyful Wellness",3,0,0,Not Relevant,1,GenericAttachmentMedia,https://external.fbna2-1.fna.fbcdn.net/emg1/v/t13/15038409386841802167?url=https%3A%2F%2Fjoyfulwellness.ph%2Fwp-content%2Fuploads%2F2026%2F05%2Fgetty-images-8gNXhJcsbmU-unsplash.jpg&fb_obo=1&utld=joyfulwellness.ph&stp=c0.5000x0.5000f_dst-jpg_flffffff_p500x261_q75_tt6&_nc_gid=mf8c8M7zI7JEfkTxzDLK_g&_nc_oc=Adrj6lVgCJWLjXytR-3ZieU0HAKgipcOp2q4ahYihr1LQovxvW8fk-AZHWugIn0pw_s&ccb=13-1&oh=06_Q3-_ARyosrMMXJuhAlvgN9L5rk78-I2-555_5eFa8j3IeuIE&oe=6A0E23E9&_nc_sid=c97757
https://www.facebook.com/PhilippineSTAR/posts/pfbid02HtQCuMcsr5ULqwMTLQCaAnCfYLnkHv51dwPFViQYVNr9UYG9cndPfqQudc2yABBrl,"Nilinaw ni Interior and Local Government Secretary Jonvic Remulla na walang pag-atake na nangyari sa Senado noong Mayo 13, 2026, matapos nitong imbestigahan ang insidente ng pagpapaputok ng baril sa ikalawang palapag ng institusyon. 

Taliwas ito sa pahayag ni Senate President Alan Peter Cayetano at ilang miyembro ng mayorya na “under attack” ang Senado. 

Ibinahagi naman ni Philippine National Police Chief Jose Melencio Nartatez Jr. ang pagkakasunod-sunod ng mga pangyayari simula noong umapela si Senator Bato dela Rosa sa mga tao hanggang sa pagtakas nito sa Senate protective custody.

PANOORIN: https://youtu.be/2bd1-D-4MiA",193,52,10,Not Relevant,1,Photo,https://www.facebook.com/photo/?fbid=1489651973198677&set=a.602294451934438
https://www.facebook.com/PhilippineSTAR/posts/pfbid026JsJ39khJfAAod2SiB35QR6jW26x38wE1rafEV6VtRNrBTMaJ8iskEBxGxaKnjFLl,,63,0,4,Not Relevant,0,,
https://www.facebook.com/reel/1897696710897917/,"Mga fake news at ""trolls,"" kabilang sa mabibigat na hamon para sa House Prosecution Team, sa kanilang pagsabak sa impeachment trial laban kay Vice Pres. Sara Duterte — House Senior Deputy Majority Leader Cong.  Lorenz Defensor, House Prosecutor | via Isa Avendaño-Umali",3,2,0,Not Relevant,1,Video,https://www.facebook.com/reel/1897696710897917/
https://www.facebook.com/reel/2043002076593435/,Sec. Remulla: There was no attack on the Senate...,30,6,1,Not Relevant,1,Video,https://www.facebook.com/reel/2043002076593435/
https://www.facebook.com/reel/894575816375191/,"DILG Sec. Jonvic Remulla, ipinaliwanag kung bakit may presensiya ng mga tauhan ng NBI sa gusali ng GSIS noong May 13, 2026.",83,14,6,Not Relevant,1,Video,https://www.facebook.com/reel/894575816375191/
https://www.facebook.com/reel/1236153738406997/,#UnaSaLahat | May banat si Sen. Rodante Marcoleta sa sinumang senador na magtatangkang kumalas sa mayorya. | via #MOJO Marymon Reyes,2526,541,70,Not Relevant,1,Video,https://www.facebook.com/reel/1236153738406997/
https://www.facebook.com/News5Everywhere/posts/pfbid0LMuPNtEuAAVgFSwshTr1UD9RuruonVChBG93RAaxmDWtvKBtir6HRr3K1DKBNmuRl,"ILLEGAL PRESENCE NG CCG VESSEL MALAPIT SA ZAMBALES

Na-monitor ng Philippine Coast Guard (PCG) ang presensya ng China Coast Guard (CCG) vessel CCG-4305 sa loob ng exclusive economic zone ng Pilipinas, sa layong 48 nautical miles kanluran ng Pandaquit, Zambales, ngayong Martes, May 19.

Agad na nagpadala ang PCG ng aerial at surface assets para mag-issue ng radio challenge at itaboy ang Chinese vessel.",236,69,9,Not Relevant,1,Photo,https://www.facebook.com/photo/?fbid=1510362631122265&set=a.647063400785530
https://www.facebook.com/reel/1681866476187944/,"‘(NBI) WERE THERE TO SECURE THE GSIS PREMISES’

‘Yan ang naging paglilinaw ni Interior Sec. Jonvic Remulla kaugnay sa presensya ng ilang tauhan ng National Bureau of Investigation (NBI) sa GSIS building noong araw na nagkaroon ng putukan sa Senado.",474,149,17,Not Relevant,1,Video,https://www.facebook.com/reel/1681866476187944/
https://www.facebook.com/PhilippineSTAR/posts/pfbid022piiU1jrtfT3m9bszprUvy89k9CeLnc3Vqcje9YJyTMfjJkDiuUPsHjB1s1crDsTl,"Ayon kina Batangas 2nd district Rep. Gerville Luistro at ML Partylist Rep. Leila De Lima, dapat dumalo si Vice President Sara Duterte sa impeachment trial bilang parte umano ng kanyang accountability at due process sa mga isyung hinaharap niya. 
 
“Alalahanin po natin na this is also due process for VP Sara. So pagkakataon niya ‘to. This is time for her to face and answer the accusations against her. Kung walang kasalanan, dapat walang iniiwasan,” saad ni De Lima sa press briefing nitong Martes, May 19, 2026. 
 
“In addition to that being part of her due process, this is likewise her Constitutional duty. The people are waiting for her answers. Aligned to that accountability mandate, she should attend and present her defense,” dagdag ni Luistro.

PANOORIN: https://youtu.be/Y2OnSTaJjW8",149,37,6,Not Relevant,1,Photo,https://www.facebook.com/photo/?fbid=1489647493199125&set=a.602294451934438
https://www.facebook.com/PhilippineSTAR/posts/pfbid02nSgUX1vsVyaiVis7xrVWjrkiHkttoe3iBCzJCkaFygja9XZYwLb7rcm7HZNHFqQNl,"South Korean star Park Eun-bin speaks about her unique character in the superhero series “The Wonderfools.”

Director Yoo In-sik also shares about his interest in imperfect heroines in this exclusive interview with The Philippine STAR’s Nathalie Tomada.

WATCH:",14,0,0,Not Relevant,1,GenericAttachmentMedia,https://external-ord5-3.xx.fbcdn.net/emg1/v/t13/4308423191880935548?url=https%3A%2F%2Fi.ytimg.com%2Fvi%2F4CafhfM-Bss%2Fmaxresdefault.jpg&fb_obo=1&utld=ytimg.com&stp=c0.5000x0.5000f_dst-jpg_flffffff_p500x261_q75_tt6&_nc_gid=Wf6SIvAfsW9uPQ4UArbnXQ&_nc_oc=AdqGlVO4AK9lKwdoKpGEEwHc9gR0D_r0q08MmxNX1WKmywvXEk5rTKrmMBgMcQuX8HU&ccb=13-1&oh=06_Q3-_ASkghzp1snRtIludel3LCkDJzEynMbzf96ujMviCLw99&oe=6A0E3B66&_nc_sid=c97757
https://www.facebook.com/PhilippineSTAR/posts/pfbid022GW8YE6M2B4uuAvJPSYoDBajsg9gkGeQZNLtZYGXWrCoutvtSLppXrZ89imkUmM9l,"'TUTULOY PA RIN ANG TRIAL'

Matutuloy umano ang impeachment trial laban kay Vice President Sara Duterte kahit hindi ito dumalo, ayon kay ouse lead prosecutor Rep. Gerville Luistro.

""Kahit hindi dumating ang Bise Presidente, kahit hindi siya mag-file ng answer, kahit hindi dumating ang defense lawyers nila, tutuloy pa rin ang trial,” saad ni Luistro sa press briefing nitong Martes.

PANOORIN:",90,14,2,Not Relevant,1,GenericAttachmentMedia,https://external-ord5-3.xx.fbcdn.net/emg1/v/t13/13179297530203189569?url=https%3A%2F%2Fi.ytimg.com%2Fvi%2FscMEOa5FcQ8%2Fmaxresdefault.jpg&fb_obo=1&utld=ytimg.com&stp=c0.5000x0.5000f_dst-jpg_flffffff_p500x261_q75_tt6&_nc_gid=Wf6SIvAfsW9uPQ4UArbnXQ&_nc_oc=AdplX-XqtoH0-HHPHx43nPQbC3FFPjuXOJu9c4y2_uAVtI1_6hqV43w-U0_ITaQNzIo&ccb=13-1&oh=06_Q3-_Abxoun4YzqlqZZ8dNCIJSw8scwEKdyCT2vv-31uiEqe8&oe=6A0E313C&_nc_sid=c97757
https://www.facebook.com/reel/2041168443489565/,"“All evidence points that there was no attack on the Senate.”

This was what Interior and Local Government Secretary Jonvic Remulla said on Tuesday, six days after a “gun-related incident” shook the Senate.

Read more: https://newsinfo.inquirer.net/2231243/evidence-show-no-attack-against-senate-dilg",711,194,62,Not Relevant,1,Video,https://www.facebook.com/reel/2041168443489565/
https://www.facebook.com/reel/1390590409599492/,"ACT Teachers Party-list Representative Antonio Tinio urges the Office of the Ombudsman to investigate allegedly anomalous flood control projects in Davao City’s first district worth over 4 billion pesos.

Read more: https://inqnews.net/FloodControlDavao",55,16,1,Not Relevant,1,Video,https://www.facebook.com/reel/1390590409599492/
https://www.facebook.com/reel/1320498852796482/,"National Bureau of Investigation Director Melvin Matibag says that if command responsibility is the basis, the first person who should be suspended is Senate President Alan Peter Cayetano.

Read more: https://inqnews.net/MatibagCayetano",160,20,5,Not Relevant,1,Video,https://www.facebook.com/reel/1320498852796482/
https://www.facebook.com/News5Everywhere/posts/pfbid02AB5NwEE1FEqtUhhXvQaFTEWjoDaaTEbLK5JkWgEBbkY4vqEV5QXpLSqWpYyf7epTl,"SENATE FINANCE PANEL CHAIR VILLAR

Itinalaga bilang chairperson ng Senate Committee on Finance si Sen. Mark Villar sa plenary session kanina, May 19.

Pinalitan niya si Sen. Win Gatchalian.",1175,106,22,Not Relevant,1,Photo,https://www.facebook.com/photo/?fbid=1510360254455836&set=a.647063400785530
https://www.facebook.com/News5Everywhere/posts/pfbid034eYWNQpQtXtypnDYH5sno9mAzXTZK2cNKzZcv9Ttw5peNSDBtnKoy5wymun35U17l,"'ANG TAONG ITO ANG NAGSAGIP SA BUHAY NG NASA LOOB AT LABAS NG SENADO'

Dinepensahan ni Sen. Robin Padilla si Senate Sergeant-at-Arms Mao Aplasca kasunod ng nangyaring gulo sa Senado noong nakaraang linggo.",2753,587,44,Not Relevant,1,Photo,https://www.facebook.com/photo/?fbid=1510360064455855&set=a.647063400785530
https://www.facebook.com/News5Everywhere/posts/pfbid027L9HfEYJv3ceT8YfoUhVc8R3Yc597LSRKTyHkZoMfw5f2dHTNWguyuRY5uoGrcNl,"BAGONG MIYEMBRO NG LEGAL TEAM NI DUTERTE SA ICC

Pormal nang itinalaga ang Australian lawyer na si Kate Gibson bilang associate counsel ni dating pangulong Rodrigo Duterte sa kaniyang crimes against humanity case sa International Criminal Court (ICC).",763,122,15,Not Relevant,1,Photo,https://www.facebook.com/photo/?fbid=1510351534456708&set=a.647063400785530
https://www.facebook.com/reel/2515626798898250/,"Pag-uusap nina U.S. Pres. Donald Trump at Chinese Pres. Xi Jinping, magandang senyales ng pagsusulong ng kapayapaan at masiglang ekonomiya  ng mundo — Pang. Bongbong Marcos | via Tuesday Niu",2,0,0,Not Relevant,1,Video,https://www.facebook.com/reel/2515626798898250/
https://www.facebook.com/reel/1325693616189250/,"Halos 24,000 na mga nagnanais na maging school principal, sumalang sa nationwide assessment ng DepEd. | via Sam Nielsen",5,0,0,Not Relevant,1,Video,https://www.facebook.com/reel/1325693616189250/
https://www.facebook.com/reel/1670922653917123/,DOJ Sec. Vida sa mga posibleng managot: Medyo malawak... Ang tinitignan ng panel natin ay not only for May 13 and May 14. Ang pinatitignan natin ay 'yung totally of circumstances which started May 11....,13,2,1,Not Relevant,1,Video,https://www.facebook.com/reel/1670922653917123/
https://www.facebook.com/inquirerdotnet/posts/pfbid02y3Xwi362Dr4nQ66jCXkJQcVj2AGXLxjg1CGtoM8Gi9diFS4xBwYEQ8JQUrArA9snl,"PNP: Dela Rosa, Padilla seen leaving Senate hours after shooting",80,24,8,Not Relevant,1,GenericAttachmentMedia,https://external-lga3-2.xx.fbcdn.net/emg1/v/t13/10817077980087258436?url=https%3A%2F%2Fnewsinfo.inquirer.net%2Ffiles%2F2026%2F05%2Fdela-rosa-padilla-19may2026.jpg&fb_obo=1&utld=inquirer.net&stp=c0.5000x0.5000f_dst-jpg_flffffff_p500x261_q75_tt6&_nc_gid=8h1zx15n6MzhFecH36xSFw&_nc_oc=AdoCHmYiiOwPQDHL9zQFh0pb_cnyq5rsn4-a4iCA4MhcbFXc9_FA2PGfHdzAL2vDSqo&ccb=13-1&oh=06_Q3-_AbK-t0IJKGejbOOUgOfTW3vapgou69tZKl5jR7wmVoig&oe=6A0E4872&_nc_sid=c97757
https://www.facebook.com/inquirerdotnet/posts/pfbid06Q7Pt6t3JHWKymtMEk1LTRtMR8auzk6ei4gbut6gbZkx4eG6kyqjNM59u7N2s2KNl,"National Bureau of Investigation (NBI) director Melvin Matibag maintained that his agency “always listens” to the Supreme Court (SC) but insisted that the International Criminal Court (ICC) warrant to arrest Sen. Ronald “Bato” dela Rosa remains valid.

Check the full story in our comments.",988,140,11,Not Relevant,1,Photo,https://www.facebook.com/photo/?fbid=1426646119646339&set=a.295125726131723
https://www.facebook.com/inquirerdotnet/posts/pfbid02NZF1hD143QmyPQhBaqieX6GvvX1sDy68MkGQHZRD9W59V8ezUtXnqx9nmGaaGwDml,"NewsBites: Jose Mari Chan, TOAST, Chicosci and F4 on separate concert stages",1,0,0,Not Relevant,1,GenericAttachmentMedia,https://external-lga3-2.xx.fbcdn.net/emg1/v/t13/17241023232687139144?url=https%3A%2F%2Fentertainment.inquirer.net%2Ffiles%2F2026%2F05%2FScreen-Shot-2023-08-26-at-10.33.49-AM-768x462-1.jpg&fb_obo=1&utld=inquirer.net&stp=c0.5000x0.5000f_dst-jpg_flffffff_p500x261_q75_tt6&_nc_gid=8h1zx15n6MzhFecH36xSFw&_nc_oc=AdoYof6TyypLiiuwUs7foUVv-1dboKwmWxs537Xo1nydpLXxCsrTLoZodvzxcvL9rHs&ccb=13-1&oh=06_Q3-_AeDubJRTqbxSX_f120Sd1iv3iOr4RDg2lpmjQ5fQKsYq&oe=6A0E32F1&_nc_sid=c97757
https://www.facebook.com/PhilippineSTAR/posts/pfbid024P7xBrdFBzWzazpsHCufaq2kqRTiigz1MBtQ8mwPRtMEkuDZm2VYKGoJ8kHkzyyl,"AUSTRALIAN LAWYER NAMED DUTERTE’S ASSOCIATE COUNSEL AT ICC

Australian lawyer Kate Gibson has been appointed as new associate counsel of former president Rodrigo Duterte at the International Criminal Court (ICC). 

Gibson, who has appeared in various international courts and tribunals, was tapped by Duterte’s lead defense counsel Peter Haynes to be part of the defense team, according to an ICC Registry filing released on Tuesday. 

She formally accepted the role on May 18, 2026.

Gibson worked with Haynes on the ICC case against Congolese politician Jean-Pierre Bemba, who was acquitted on appeal in 2018.

She was also appointed as associate counsel to represent the interests of Ugandan militant Joseph Kony during his confirmation hearings, which were held in absentia last year. 

A former president of the Association of Defence Counsel Practising Before the International Courts and Tribunals, Gibson also appeared before other international tribunals, including the Special Court for Sierra Leone, UN Residual Mechanism for Criminal Tribunals, UN International Criminal Tribunal for Rwanda, and the Kosovo Specialist Chambers. 

Gibson served as legal consultant to the International Fact-Finding Mission on Myanmar and currently represents some Rohingya victims, according to her profile on the website of the United Kingdom-based Doughty Street Chambers, where she is an associate. | via Janvic Mateo",1529,215,62,Not Relevant,1,Photo,https://www.facebook.com/photo/?fbid=1489640336533174&set=a.602294451934438
https://www.facebook.com/PhilippineSTAR/posts/pfbid02rFHXnQVcoiK8ymi5jYznLhbdHQ7acYw5qAyC9Vj4u18vXVxuvXbixag23rcuxGM1l,,170,41,11,Not Relevant,0,,
https://www.facebook.com/PhilippineSTAR/posts/pfbid02WyX8n6nJwitL4VRnZn5fsijzQRtp1b7ae89rXyKpNU6rSv7ahZSToeqDQgVaxWwfl,"South Korean star Park Eun-bin talks about playing the town’s “biggest trainwreck” in the fantasy-comedy superhero series “The Wonderfools,” now streaming on Netflix. 

Director Yoo In-sik also shares the challenges of bringing the show’s superhero action and larger-than-life moments to the screen in this exclusive interview with The Philippine STAR’s Nathalie Tomada.  

WATCH: https://youtu.be/4CafhfM-Bss",211,2,17,Not Relevant,1,Photo,https://www.facebook.com/photo/?fbid=1489618116535396&set=a.602294451934438
https://www.facebook.com/News5Everywhere/posts/pfbid0r3VVujt7ycfPjKA4JRuRiHjsU73fT1sgsrw2VFEuso2AMXg6jW3zqeZSBq3xnnUTl,"SOLGEN SA KORTE SUPREMA: PH NEVER A SANCTUARY FOR IMPUNITY

Sa isinumite nitong komento sa Korte Suprema, inilatag ng Office of the Solicitor General (OSG) ang mga argumento kung bakit hindi dapat pagbigyan ang hiling na temporary restraining order ni Sen. Bato dela Rosa laban sa pagpapatupad ng kaniyang International Criminal Court (ICC) arrest warrant.

RELATED REPORTS:
• Sen. Bato dela Rosa, hindi aalis ng Pilipinas — Atty. Torreon youtu.be/dlSrm9aSD8g
• Kampo ni Sen. Bato, ipinapipigil sa Supreme Court ang pag-aresto sa kanya dahil sa ICC warrant youtu.be/4vKESB9DAtY
• SolGen, pinapabasura ang hiling na TRO ni Dela Rosa vs. ICC arrest warrant youtu.be/Tc5hza08B0E",195,44,16,Not Relevant,1,Photo,https://www.facebook.com/photo/?fbid=1510348294457032&set=a.647063400785530
https://www.facebook.com/News5Everywhere/posts/pfbid02usBp6hTMHx4wMdHZ8a31Jsx9ygPB9eRYpjrJeyArj4CqMD9v9rAhaJNw37UAurY6l,"SWIMMING, ANO, TARA? 🏊🏻‍♀️☀️

Pumalo sa 46°C ang heat index o damang init sa San Ildefonso, Bulacan ngayong Martes, May 19, base sa tala ng DOST-PAGASA.

Dito naitala ang pinakamataas na heat index sa bansa ngayong araw na pasok sa “danger” level.

Sa ilalim ng level na ito, maaaring maranasan ang heat cramps at heat exhaustion sa ilalim nito. Maaaring humantong sa heat stroke ang patuloy na pagkababad sa init.",139,9,28,Not Relevant,1,Photo,https://www.facebook.com/photo/?fbid=1510345314457330&set=a.647063400785530
https://www.facebook.com/News5Everywhere/posts/pfbid0arVeG45Jf97hVupKKLsaA9T3PxEkRB6nhjoPhAj1d7AiBvcZUDVyJSUXW1DMUZffl,"PREPARING FOR IMPEACHMENT TRIAL

The House prosecution panel has designated Rep. Gerville Luistro as the overall lead prosecutor, while also assigning specific lead prosecutors per Article of Impeachment against Vice Pres. Sara Duterte.",139,40,3,Not Relevant,1,GenericAttachmentMedia,https://external-atl3-3.xx.fbcdn.net/emg1/v/t13/17448898017386780318?url=https%3A%2F%2Fn5ecms.tv5.com.ph%2Fwp-content%2Fuploads%2F2026%2F05%2Fimpeachment-prosecutors.png&fb_obo=1&utld=tv5.com.ph&stp=c0.5000x0.5000f_dst-jpg_flffffff_p500x261_q75_tt6&_nc_gid=3cB5Zj0xxY5bfgayd2pzHg&_nc_oc=AdrYrlwk0g16u7Ao_m9T4xRyT62kyLwayxguKJv_Lfb7rnbuoNkROlxuUfPQXIHrz9w&ccb=13-1&oh=06_Q3-_Af36UDXG_Vf0kziO2EfTwNApWLjGgqG-INK45bIp0hot&oe=6A0E3386&_nc_sid=c97757
https://www.facebook.com/reel/2393473801058201/,"DOJ Sec. Vida: Compelling 'yung facts that have been unearthed but we still need to verify and validate... The DOJ will not take this as is....  Sa dulo nito, kailangan 'yung katotohanan lang...",13,2,1,Not Relevant,1,Video,https://www.facebook.com/reel/2393473801058201/
https://www.facebook.com/reel/1488475709438281/,"DOJ Sec. Vida: I received a report already from the NBI and I turned it over to the panel of prosecutors who will be conducting the investigation... Gen. Nartatez will be turning over the report to the DOJ and in similar route, it will go to the panel and it will all be evaluated...",28,6,2,Not Relevant,1,Video,https://www.facebook.com/reel/1488475709438281/
https://www.facebook.com/reel/1947212029318674/,"₱10/litrong fuel subsidy program para sa mga PUV driver, pinalawig na sa buong bansa — Department of Energy | via Pamela Adriano",5,0,0,Not Relevant,1,Video,https://www.facebook.com/reel/1947212029318674/
https://www.facebook.com/PhilippineSTAR/posts/pfbid0psfyBtC5TSYZodk7AYaqnExUEn5jfX5VNrXJXKuCB3nRAb7kKvTmiaDkNatX9rVBl,"NEXT SENATE COUP 'COULD HAPPEN ANYTIME'

Llamas shares that there are at least four contenders who may replace Senate President Alan Cayetano amid reports of another Senate coup.

""As we speak, patuloy ang negotiations,"" he says.
#TruthOnTheLine

LIVE: https://www.youtube.com/live/3BYrpWbX4WM",61,9,2,Not Relevant,3,Photo; Photo,https://www.facebook.com/PhilippineSTAR/posts/pfbid0psfyBtC5TSYZodk7AYaqnExUEn5jfX5VNrXJXKuCB3nRAb7kKvTmiaDkNatX9rVBl; https://scontent.fric1-1.fna.fbcdn.net/v/t39.30808-6/702604203_1489610346536173_5991361184919874657_n.jpg?stp=dst-jpg_s590x590_tt6&_nc_cat=110&ccb=1-7&_nc_sid=127cfc&_nc_ohc=sMy9tOsC8GQQ7kNvwHJHG7T&_nc_oc=AdroXnWk6LHS-piMF6O5ZHexZ42-R3I1Q2hhiKdgu4Imt5Mdx_8WnbiQbyeJA3uTfFY&_nc_zt=23&_nc_ht=scontent.fric1-1.fna&_nc_gid=ZUDSGn1MWOCmvaCf8w865g&_nc_ss=72289&oh=00_Af4kOzckWEuvC_mEZ6iYqJb3-eh1OmFgbH8Bu_9fSCl_iA&oe=6A123B39; https://scontent.fric1-2.fna.fbcdn.net/v/t39.30808-6/702365751_1489610729869468_2968456423250198124_n.jpg?stp=dst-jpg_s590x590_tt6&_nc_cat=106&ccb=1-7&_nc_sid=127cfc&_nc_ohc=oxCuCWnku2cQ7kNvwHx62lm&_nc_oc=AdoLrZgTddohF4WnIpWEvhN_KS3IlCro5SF04kOAtiWPPv40to6z2QTfHRrJzL1Lqwc&_nc_zt=23&_nc_ht=scontent.fric1-2.fna&_nc_gid=ZUDSGn1MWOCmvaCf8w865g&_nc_ss=72289&oh=00_Af6MfGUgVHmCFSuDQa9CVN_iCUSoJSYj0xTeOVGb7_LnTg&oe=6A122309
https://www.facebook.com/PhilippineSTAR/posts/pfbid02qYmYmDVEPEDgeGbPDfuUiwyJaFoPbhvhCcMHzoh6cuD65Hf86Zx2pdDffFbBniMGl,"‘UNDER HIS LEADERSHIP, ISUSUMPA NG TAO ANG SENADO’

Llamas on restoring order in the Senate: Bigyan natin ng dalawang linggo.

Asked about the leadership of Senate President Alan Cayetano, Llamas adds, “Habang siya 'yung lider ng Senate, at dahil sa mga nangyari at patuloy na nangyayari, wala siyang redemption eh."" #TruthOnTheLine

LIVE: https://www.youtube.com/live/3BYrpWbX4WM",189,59,5,Not Relevant,3,Photo; Photo,https://www.facebook.com/PhilippineSTAR/posts/pfbid02qYmYmDVEPEDgeGbPDfuUiwyJaFoPbhvhCcMHzoh6cuD65Hf86Zx2pdDffFbBniMGl; https://scontent.fric1-2.fna.fbcdn.net/v/t39.30808-6/702830103_1489605096536698_4735170543615040446_n.jpg?stp=dst-jpg_s590x590_tt6&_nc_cat=109&ccb=1-7&_nc_sid=127cfc&_nc_ohc=LMcvz5FeFWgQ7kNvwFPBhZV&_nc_oc=AdpykbQLcSThksTjQHgcKDy8thLVfgesUaIOop7flcpnMYdimnJ_4Hgneo1KXDO5yXk&_nc_zt=23&_nc_ht=scontent.fric1-2.fna&_nc_gid=ZUDSGn1MWOCmvaCf8w865g&_nc_ss=72289&oh=00_Af5GJfIxx8COyo0ge7xZDRMvqBTocqTGhlg9hq2CZvovNg&oe=6A1215E3; https://scontent.fric1-1.fna.fbcdn.net/v/t39.30808-6/702442802_1489605366536671_6740321099458082996_n.jpg?stp=dst-jpg_s590x590_tt6&_nc_cat=102&ccb=1-7&_nc_sid=127cfc&_nc_ohc=imdnWV85X6EQ7kNvwEnAAap&_nc_oc=AdpCP1FQyTbCy0RahZr-kNPguE8wBM2EV8pXfCRe-CeE9nGkHlFVHj_yDShk1r5H77k&_nc_zt=23&_nc_ht=scontent.fric1-1.fna&_nc_gid=ZUDSGn1MWOCmvaCf8w865g&_nc_ss=72289&oh=00_Af5x9FulH7ysiIeQJXFeKULqUYr223ZKUV37113lIGCkrA&oe=6A1232DA
https://www.facebook.com/PhilippineSTAR/posts/pfbid0ZZ92gyfiF7fjiZErMDdf1A553TEsHxHErvPi4AWHgkQ5C7AH1gQm9T1GA9ma3tZBl,"'MAS MAGANDA ANG REVAMP' 

Llamas weighs in on public impression of Pres. Marcos Jr. having a Cabinet revamp: Nagke-create ka ng narrative na gusto mong ayusin ['yung gobyerno]. 

He adds that there can be several Cabinet members who will be replaced soon. ""Tingin ko nanganganib ang DOLE, DICT, DOH, etc.""  #TruthOnTheLine

LIVE: https://www.youtube.com/live/3BYrpWbX4WM",30,1,1,Not Relevant,3,Photo; Photo,https://www.facebook.com/PhilippineSTAR/posts/pfbid0ZZ92gyfiF7fjiZErMDdf1A553TEsHxHErvPi4AWHgkQ5C7AH1gQm9T1GA9ma3tZBl; https://scontent.fric1-1.fna.fbcdn.net/v/t39.30808-6/702352524_1489593313204543_5334819038290731673_n.jpg?stp=dst-jpg_s590x590_tt6&_nc_cat=108&ccb=1-7&_nc_sid=127cfc&_nc_ohc=YQZgbo5z8hQQ7kNvwFV9S1e&_nc_oc=Adost-1S_dXBhj0X12RoHB9LyP84VA3TX58tpZBDQ7Y1PUbswbXhGd0LHLZ8nE5Tf0U&_nc_zt=23&_nc_ht=scontent.fric1-1.fna&_nc_gid=ZUDSGn1MWOCmvaCf8w865g&_nc_ss=72289&oh=00_Af6dkhpJyA_Ni4XfVIYJ-ADpWckkeKeZnin4jb62QlLu5Q&oe=6A123C9A; https://scontent.fric1-2.fna.fbcdn.net/v/t39.30808-6/702470418_1489593586537849_1860819134792395921_n.jpg?stp=dst-jpg_s590x590_tt6&_nc_cat=106&ccb=1-7&_nc_sid=127cfc&_nc_ohc=Pxq1sfl7Xy8Q7kNvwGSQI1k&_nc_oc=AdoPH_eD3FohuHW7M08RaJxdEzIjSJQxBl6AC3cjoNMB4oicSc1c-zl_UUgkpbM6yEM&_nc_zt=23&_nc_ht=scontent.fric1-2.fna&_nc_gid=ZUDSGn1MWOCmvaCf8w865g&_nc_ss=72289&oh=00_Af6al88Kc0pHGDkQL_NddN3A2oledN71d66Qg1Pp4CAPkA&oe=6A12287C
https://www.facebook.com/inquirerdotnet/posts/pfbid032arDP3zKZATkgKVeQPHDpC7pwUWo3RJeuZMF5GtKdWv8ME5adRZPBmxu3zZjZVqGl,Chua: Duterte impeachment trial to proceed even if she refuses to appear,51,9,1,Not Relevant,1,GenericAttachmentMedia,https://external-xxc1-1.xx.fbcdn.net/emg1/v/t13/8161593658691760325?url=https%3A%2F%2Fnewsinfo.inquirer.net%2Ffiles%2F2026%2F05%2Fimage_1.png&fb_obo=1&utld=inquirer.net&stp=c0.5000x0.5000f_dst-jpg_flffffff_p500x261_q75_tt6&_nc_gid=8KnatoVgfZbcT53JWNAOIA&_nc_oc=AdoauOObEKNjg0Ll6HPet9tdbIxGW0c4XMq63Tt_n7UiLxILJP48c70z2svZWmTTsHI&ccb=13-1&oh=06_Q3-_AWWH4l4H8BT1wd7XBRsJllCR3UA3mXoY54Yvu7Iph5sV&oe=6A0E2B94&_nc_sid=c97757
https://www.facebook.com/inquirerdotnet/posts/pfbid05P8wAfKjycmEfsmypdQbYS2JAo14wQ2JmVDLuLjBiSGy2KhHaFtwPembg36PxpJyl,"Lorin Gabriella Gutierrez-Bektas, the eldest daughter of actress-beauty queen Ruffa Gutierrez and her former husband Yilmaz Bektas, who just earned a Bachelor of Arts degree in Advertising from Pepperdine University’s Seaver College in Malibu, California, decided to take a different path from everybody else, including her mom’s.

Check the full story in our comments.",283,2,0,Not Relevant,1,Photo,https://www.facebook.com/photo/?fbid=1426637016313916&set=a.295125726131723
https://www.facebook.com/reel/834026859761766/,"The National Bureau of Investigation says it has several information on where Senator Bato dela Rosa is after he left the Senate building on May 14.

Read more: https://inqnews.net/DelaRosaWhereabouts",93,21,1,Not Relevant,1,Video,https://www.facebook.com/reel/834026859761766/
https://www.facebook.com/News5Everywhere/posts/pfbid0REDHN1sQq951SSygazBp1C3ubiD3a8cwNp6PXgUft8woGXoMoan69hNMVhUi6Hpnl,"2 OPISYAL NG DPWH-CAR, SINIBAK DAHIL SA TRAHEDYA SA BENGUET

Tinanggal sa puwesto ni Public Works Sec. Vince Dizon sina District Engineer Isagani Cayme at Engineer III Marjory Banao ng Department of Public Works and Highways Cordillera Administrative Region (DPWH-CAR) dahil sa pagguho ng bahagi ng kalsada sa Beckel, La Trinidad, Benguet na ikinasawi ng isang siklista.

📸: DPWH",66,7,6,Not Relevant,1,Photo,https://www.facebook.com/photo/?fbid=1510340264457835&set=a.647063400785530
https://www.facebook.com/News5Everywhere/posts/pfbid07VtZSTeRTxzpecPzHCm3ExU9wNHVquu15gbpyjnTos1XciDia2kk3WfuuhNJM8DPl,"WALANG NBI AGENTS SA SENATE BUILDING — REMULLA

Sinegundahan ni Interior Sec. Jonvic Remulla ang pahayag ni National Bureau of Investigation (NBI) director Melvin Matibag na walang NBI agents sa gusali ng Senado noong Miyerkules, May 13.

Giit ni Remulla, nasa GSIS building ang mga tauhan ng NBI.

Nasa iisang complex ang gusali ng GSIS at ng Senado.",1467,446,29,Not Relevant,1,Photo,https://www.facebook.com/photo/?fbid=1510336054458256&set=a.647063400785530
https://www.facebook.com/News5Everywhere/posts/pfbid0bJV9w44ZmX3vi17w2MWtPTbAWd8EjTGCUxmRYFEJugHry5Tb2iXWe9y3x27wewRal,"‘HINDI PO KAMI NABABAHALA’

Iginiit ni San Juan City Rep. Bel Zamora, miyembro ng 11-member House prosecution panel, na hindi sila nababahala na makaapekto sa kanila sa susunod na eleksyon ang magiging gampanin nila kaugnay sa impeachment laban kay Vice Pres. Sara Duterte.

Ayon kay Zamora, tinutupad nila ang constitutional duty bilang House prosecutors at mga kinatawan ng kanilang nasasakupan.

“Lahat po kami ay nandito para lang ipakita ang ebidensya laban sa bise presidente, na nakita naming may pagkakasala. Kaya nga po naglabas po tayo ng articles of impeachment,” sabi niya.

“It is now incumbent upon the senators to fulfill their constitutional duties as well,” dagdag niya. I via Marianne Enriquez",3578,940,31,Not Relevant,1,Photo,https://www.facebook.com/photo/?fbid=1510334527791742&set=a.647063400785530
https://www.facebook.com/reel/996027336176224/,"Mga miyembro ng House Prosecution Team, hindi nababahala o natatakot sa posibleng epekto sa kanilang kandidatura sa eleksyon 2028, ng impeachment laban kay Vice Pres. Sara Duterte. | via Isa Avendaño-Umali",8,0,0,Not Relevant,1,Video,https://www.facebook.com/reel/996027336176224/
https://www.facebook.com/reel/1582393543886180/,"Sen. Mark Villar, nahalal bilang bagong chairperson ng Senate Committee on Finance, kapalit ni Senator Win Gatchalian. | via Nimfa Ravelo",32,1,1,Not Relevant,1,Video,https://www.facebook.com/reel/1582393543886180/
https://www.facebook.com/reel/1395933642345813/,Sec. Remulla: Gen. Bato Dela Rosa was declared under protective custody of the Senate... That means that they take full responsibility over his custody...,171,33,9,Not Relevant,1,Video,https://www.facebook.com/reel/1395933642345813/
https://www.facebook.com/PhilippineSTAR/posts/pfbid0ZqxVeBu1DDQb4yE585EWpk4ULLrQDPGVxu6jn9dftnS1mCFZJh12x1CPZkKdnoEol,"DILG: THERE WAS NO ATTACK ON THE SENATE

Philippine National Police (PNP) Chief Jose Melencio Nartatez Jr. officially turns over documentary evidence related to the May 13 Senate shooting event to Department of Justice (DOJ) Acting Secretary Frederick Vida after the press briefing at Malacañang on Tuesday. 

Interior and Local Government Secretary Jonvic Remulla clarified that their investigation revealed that ""there was no attack on the Senate,"" calling the supposed shootout a ""gun-related incident."" 

Nartatez also disclosed that Senators Ronald ""Bato"" dela Rosa and Robin Padilla entered an SUV at around 2:30 a.m. on Thursday, May 14, 2026, before leaving the Senate premises. (Photos by Noel Pabalate/The Philippine STAR)",605,104,30,Not Relevant,6,Photo; Photo; Photo; Photo; Photo,https://www.facebook.com/PhilippineSTAR/posts/pfbid0ZqxVeBu1DDQb4yE585EWpk4ULLrQDPGVxu6jn9dftnS1mCFZJh12x1CPZkKdnoEol; https://scontent.fsac1-2.fna.fbcdn.net/v/t39.30808-6/702213053_1489579513205923_2212644584716087370_n.jpg?stp=dst-jpg_s590x590_tt6&_nc_cat=1&ccb=1-7&_nc_sid=127cfc&_nc_ohc=YRNHlqkqf34Q7kNvwHZsqXj&_nc_oc=AdoIpWkpJ40r-B6nBaB-Zww37YucQtABA0SSLKDaCMtJytnbUj1l_e3ugMbWwDFM3Ew&_nc_zt=23&_nc_ht=scontent.fsac1-2.fna&_nc_gid=eAvyeCe74Kjta0a229njhQ&_nc_ss=72289&oh=00_Af5p1VPxM2eUNpwrm-oI59YhT_QVcH1WrykJmfXHItDVjw&oe=6A120D4A; https://scontent.fsac1-2.fna.fbcdn.net/v/t39.30808-6/702176664_1489579543205920_1539567059042611912_n.jpg?stp=dst-jpg_s590x590_tt6&_nc_cat=1&ccb=1-7&_nc_sid=127cfc&_nc_ohc=TobZSz3Y6Q8Q7kNvwESv-5W&_nc_oc=AdqLYmnL8runbmsofI5--A6s3FS2W7wH_F0ZmMErnl_3DjiEgINYp777pHloiczy9Yk&_nc_zt=23&_nc_ht=scontent.fsac1-2.fna&_nc_gid=eAvyeCe74Kjta0a229njhQ&_nc_ss=72289&oh=00_Af65PRhRsbVahR1DgHB2bW62kMJiPzXmwybSNWz-csVR2A&oe=6A1229AD; https://scontent.fsac1-1.fna.fbcdn.net/v/t39.30808-6/702164271_1489579449872596_5870683293413909853_n.jpg?stp=dst-jpg_s590x590_tt6&_nc_cat=111&ccb=1-7&_nc_sid=127cfc&_nc_ohc=rQSWC9vGizcQ7kNvwGubyhy&_nc_oc=AdqLNgnZoQV8dv12Zd07PHVjfNVOx1wqxDkKOJIH1CJoDZfzcwskEz5jUEV_drr3TpM&_nc_zt=23&_nc_ht=scontent.fsac1-1.fna&_nc_gid=eAvyeCe74Kjta0a229njhQ&_nc_ss=72289&oh=00_Af6D2R91Hy8La-Hb6N65sRnI2ZsdCNKMYUUmUu7LVVLfhA&oe=6A121A67; https://scontent.fsac1-2.fna.fbcdn.net/v/t39.30808-6/702240966_1489579586539249_1804877043956540399_n.jpg?stp=dst-jpg_s590x590_tt6&_nc_cat=1&ccb=1-7&_nc_sid=127cfc&_nc_ohc=H9LATwYLQlcQ7kNvwHJzTNC&_nc_oc=AdqiWjboNRxNK84i9PstUWQf-meig9aeddNFOmSzjbm5YMytbcyZRzHzftcwsJ9dWXo&_nc_zt=23&_nc_ht=scontent.fsac1-2.fna&_nc_gid=eAvyeCe74Kjta0a229njhQ&_nc_ss=72289&oh=00_Af5_3QdBcmjwHInN3b8mzYE9z3VN3RxK7r6EQYm5ct_Tww&oe=6A1213CD; https://scontent.fsac1-2.fna.fbcdn.net/v/t39.30808-6/702213050_1489579623205912_667286077859412484_n.jpg?stp=dst-jpg_s590x590_tt6&_nc_cat=110&ccb=1-7&_nc_sid=127cfc&_nc_ohc=2DRcf-jyw9QQ7kNvwFGViL1&_nc_oc=AdqWnZKwe36cGh9HSEoTD6JzhC3ePU6kljQ8wO9cbmQxwCuj1w6OwpKuvVxli0uP5GE&_nc_zt=23&_nc_ht=scontent.fsac1-2.fna&_nc_gid=eAvyeCe74Kjta0a229njhQ&_nc_ss=72289&oh=00_Af5yR_mviWU0HUniJ095UuiyQ4E4gIX_PkhChz1PZE2wyQ&oe=6A120CA4
https://www.facebook.com/PhilippineSTAR/posts/pfbid02yMZ7JiFwF59A35p7ugCsMrk9sKUXYw9U9yy6BBtJxB8YWmKNJSx5nJnjFPPHZjN8l,"'KAHIT MAG-RESIGN KA, HINDI KA SIGURADO NA MAKAKATAKBO KA'

Llamas on Vice President Sara Duterte's option to resign amid ongoing impeachment trial: There is nothing in the Constitution: 'Pag hindi na siya vice president, pwede siyang kasuhan ng malversation, plunder na mga non-bailable.

He adds that even if Duterte resigns, the impeachment trial can still proceed and later rule on whether she can still run for public office. #TruthOnTheLine

LIVE: https://www.youtube.com/live/3BYrpWbX4WM",1341,223,23,Not Relevant,3,Photo; Photo,https://www.facebook.com/PhilippineSTAR/posts/pfbid02yMZ7JiFwF59A35p7ugCsMrk9sKUXYw9U9yy6BBtJxB8YWmKNJSx5nJnjFPPHZjN8l; https://scontent.fsac1-2.fna.fbcdn.net/v/t39.30808-6/702678524_1489582279872313_2295541025395186135_n.jpg?stp=dst-jpg_s590x590_tt6&_nc_cat=1&ccb=1-7&_nc_sid=127cfc&_nc_ohc=80OGcMRRguwQ7kNvwGrDIPG&_nc_oc=AdoKWPRJVUY1v41LHXku8FJnx38JeNff4Id9MGcqlzX1atuc2-wg9d-qFzGNJIdXPCg&_nc_zt=23&_nc_ht=scontent.fsac1-2.fna&_nc_gid=eAvyeCe74Kjta0a229njhQ&_nc_ss=72289&oh=00_Af5hHz8aa8jiBhdOlRgz0hPt_a5zWc70p5Ryv8S1RDTOXw&oe=6A12205F; https://scontent.fsac1-2.fna.fbcdn.net/v/t39.30808-6/702352657_1489582376538970_7471706765067764956_n.jpg?stp=dst-jpg_s590x590_tt6&_nc_cat=1&ccb=1-7&_nc_sid=127cfc&_nc_ohc=kBO3h0h9elYQ7kNvwENOjYF&_nc_oc=AdpqnCNKZShPFH4dx-EZEqS41p9V07y7Wf6GHihz7-DFaAmWpzv159j7m3NY6UXLQjA&_nc_zt=23&_nc_ht=scontent.fsac1-2.fna&_nc_gid=eAvyeCe74Kjta0a229njhQ&_nc_ss=72289&oh=00_Af5RqlBWidXTSHa1dtCNBtG3uoH_RyOwO2OeOIAlCVwoiw&oe=6A1236A2
https://www.facebook.com/reel/1354135969992102/,"NBI NOW AUTHORIZED TO OPEN FRANCO MABANTA'S GADGETS 

National Bureau of Investigation (NBI) Director Melvin Matibag announced Tuesday that the Pasig Regional Trial Court has approved a cyber warrant authorizing agents to access the digital devices of social media personality and Peanut Gallery Media Network (PGMN) founder Franco Mabanta and his associates.

The warrant allows investigators to extract data from the devices to aid their ongoing investigation.

Authorities allege that Mabanta’s group attempted to extort P300 million from former House speaker Martin Romualdez in exchange for withholding a video that purportedly links him to irregularities in flood control projects. (Video/NBI)",648,51,16,Not Relevant,1,Video,https://www.facebook.com/reel/1354135969992102/
https://www.facebook.com/inquirerdotnet/posts/pfbid027d6ZEcZPJevCXxu2K8tBnFBPr8SPbHnAq3Q45hbA9hR1GRj83YMgp5nFXvrkNZodl,Senate should ‘exhibit political neutrality’ in impeach trial – de Lima,61,34,2,Not Relevant,1,GenericAttachmentMedia,https://external-phl2-1.xx.fbcdn.net/emg1/v/t13/4929950535164905534?url=https%3A%2F%2Fnewsinfo.inquirer.net%2Ffiles%2F2026%2F04%2Fleila-de-lima-29april2026.jpg&fb_obo=1&utld=inquirer.net&stp=c0.5000x0.5000f_dst-jpg_flffffff_p500x261_q75_tt6&_nc_gid=QmIgfPyMT9Ji11McR0dZ9A&_nc_oc=AdqI3ki4tgl1Fae3XdCMzD4YxDycHEtNFfcDA1SZRly-fgu3NkkQLHgUiCQmFTHCj7g&ccb=13-1&oh=06_Q3-_AQgxoFg4emHbOzhH5eh4YUuxvtbbbXJb1xtADVyTeW09&oe=6A0E3E3A&_nc_sid=c97757
https://www.facebook.com/inquirerdotnet/posts/pfbid02HnirS41hQquM7ozrLQVo8HURycKU6KBB7LEGVK9jGf9EyVMVS3ToV816kFasGxSgl,"Evidence shows no attack against Senate – DILG
",43,8,2,Not Relevant,1,GenericAttachmentMedia,https://external-phl2-1.xx.fbcdn.net/emg1/v/t13/17229676542638169551?url=https%3A%2F%2Fnewsinfo.inquirer.net%2Ffiles%2F2026%2F05%2Fmedia-senate-chaos-14may2026.jpg&fb_obo=1&utld=inquirer.net&stp=c0.5000x0.5000f_dst-jpg_flffffff_p500x261_q75_tt6&_nc_gid=QmIgfPyMT9Ji11McR0dZ9A&_nc_oc=AdqAM9pv52TBx8Sw6hOyM7UCn9m15dKAS9j4HoYu6f9wsSsycFgG9qHyuygEXfr7MC4&ccb=13-1&oh=06_Q3-_AWK8HKxLsPE-nOHDfTG3rNL__JXabU4FyImqzxHKeIfO&oe=6A0E12EB&_nc_sid=c97757
https://www.facebook.com/inquirerdotnet/posts/pfbid05FPCzGjk4ZuPbiPhnJHms6ZQSLF6Vq43sY1GZvvuuDDC2Jk7Zg9V2Acbs1kBX6Wxl,"LOOK: National Bureau of Investigation (NBI) Director Melvin Matibag, presents foreign nationals arrested for allegedly operating an online gambling-related fraud scheme in Makati City during a press conference on Tuesday, May 19. | 📸: Niño Jesus Orbeta, Philippine Daily Inquirer

Check the full story in the comments.",358,50,22,Not Relevant,6,Photo; Photo; Photo; Photo; Photo,https://www.facebook.com/inquirerdotnet/posts/pfbid05FPCzGjk4ZuPbiPhnJHms6ZQSLF6Vq43sY1GZvvuuDDC2Jk7Zg9V2Acbs1kBX6Wxl; https://scontent-phl2-1.xx.fbcdn.net/v/t39.30808-6/701719453_1426630579647893_2356003768144346776_n.jpg?stp=dst-jpg_s590x590_tt6&_nc_cat=107&ccb=1-7&_nc_sid=127cfc&_nc_ohc=U5Dym1B2RPwQ7kNvwH0V_KI&_nc_oc=Adp1_SK9RsJj8nsfIXGjDFnuejyQ_OtgJNPMQfOy7JVgXyfpu7c0CzS5bM5DHdH054s&_nc_zt=23&_nc_ht=scontent-phl2-1.xx&_nc_gid=QmIgfPyMT9Ji11McR0dZ9A&_nc_ss=72289&oh=00_Af4dhCqWHeHHveXuiMYko8QFfMt-Pd5JeB3NdyXjtlqYvg&oe=6A122665; https://scontent-phl2-1.xx.fbcdn.net/v/t39.30808-6/704326943_1426630522981232_3037765426268939950_n.jpg?stp=dst-jpg_s590x590_tt6&_nc_cat=101&ccb=1-7&_nc_sid=127cfc&_nc_ohc=wftzFiqQqkwQ7kNvwFQxvxE&_nc_oc=AdraUnfUpNBnC7OcpAV8T9_KhDnFlhE0wvB-F65ibFTYzJK10yfBvUYuMWSGMqkTHvg&_nc_zt=23&_nc_ht=scontent-phl2-1.xx&_nc_gid=QmIgfPyMT9Ji11McR0dZ9A&_nc_ss=72289&oh=00_Af6L_AISvLoDg7AWWE6o1XywRaM6VuwFu7YTNnTd6Mtrew&oe=6A122F97; https://scontent-phl2-1.xx.fbcdn.net/v/t39.30808-6/701890538_1426630599647891_4678836290063771829_n.jpg?stp=dst-jpg_s590x590_tt6&_nc_cat=103&ccb=1-7&_nc_sid=127cfc&_nc_ohc=mEfPZ7Tw1-0Q7kNvwHgtAYw&_nc_oc=Adq0HQjOK9_NKx7ovYPMqn74myzlwlZWKy4WOVeLiMQ9CBSbJRu1jBGRfcF0Ptq09EM&_nc_zt=23&_nc_ht=scontent-phl2-1.xx&_nc_gid=QmIgfPyMT9Ji11McR0dZ9A&_nc_ss=72289&oh=00_Af7KV-NzS1bIp0BgEhxROhtEggtOLMzvN-26kkiUxhI6cQ&oe=6A12082D; https://scontent-phl2-1.xx.fbcdn.net/v/t39.30808-6/701644765_1426630549647896_1980735111130341224_n.jpg?stp=dst-jpg_s590x590_tt6&_nc_cat=109&ccb=1-7&_nc_sid=127cfc&_nc_ohc=MEaKQMLbCcMQ7kNvwEtRhYb&_nc_oc=AdovxwoGonu68GWcPg13moB5Q4VziuUpAjYB5RtujImw_C3mVZKBPf487wC2xjYh1Ss&_nc_zt=23&_nc_ht=scontent-phl2-1.xx&_nc_gid=QmIgfPyMT9Ji11McR0dZ9A&_nc_ss=72289&oh=00_Af78zZLiPlMAK-IO_cacjLfLhd1HRtMk88c3s-Mqz4r7pA&oe=6A1227CD; https://scontent-phl2-1.xx.fbcdn.net/v/t39.30808-6/702538743_1426630592981225_2639300296194611000_n.jpg?stp=dst-jpg_s590x590_tt6&_nc_cat=110&ccb=1-7&_nc_sid=127cfc&_nc_ohc=bJAAOkq67PsQ7kNvwHYvJrI&_nc_oc=Adqqa9j8W9SGOwd0APAUO-LcksmejIQi-2OOhaYQxKE0Ee90TIuQ6UW9g4Y1CHsia6M&_nc_zt=23&_nc_ht=scontent-phl2-1.xx&_nc_gid=QmIgfPyMT9Ji11McR0dZ9A&_nc_ss=72289&oh=00_Af4zthAUSRfmmjPV2HvorfyunyHAmo586fnO1MpCz_osOg&oe=6A122AA9
https://www.facebook.com/reel/26814954034852653/,"GALAW NG NBI SA KASAGSAGAN NG PUTUKAN SA SENADO

Hinimay sa press briefing ng Philippine National Police (PNP), kasama si Interior Sec. Jonvic Remulla, ang nakuhang CCTV footage sa GSIS building kung saan makikita ang galaw ng National Bureau of Investigation (NBI) agents sa kasagsagan ng insidente ng putukan sa Senado noong May 13.",4757,1619,466,Not Relevant,1,Video,https://www.facebook.com/reel/26814954034852653/
https://www.facebook.com/News5Everywhere/posts/pfbid05xzXqVHsmhAk2HGs8MdPEw1cMgKdE9yFqnzoE9xRXUGmLqqjYpNYnaQcq7Ts2EuTl,"INABISUHAN TUNGKOL SA BARENA

Nilinaw ni Interior Sec. Jonvic Remulla na inabisuhan umano ang maintenance ng Senado na magkakaroon ng drilling operations sa mga pinto ng Government Service Insurance System (GSIS) building na konektado sa Senado.",2495,606,76,Not Relevant,1,Photo,https://www.facebook.com/photo/?fbid=1510329684458893&set=a.647063400785530
https://www.facebook.com/News5Everywhere/posts/pfbid0oRueaSJwQ1rU2QbJKRuzhgRGExPZyRBVbD9gyzorfxYFqkxcwqLCqTn3gD2nxgbtl,"GINAMIT ANG SASAKYAN NI SEN. ROBIN?

Iginiit ni Department of the Interior and Local Government (DILG) Sec. Jonvic Remulla na posibleng ginamit umano ni Sen. Bato dela Rosa ang sasakyan ni Sen. Robin Padilla bilang posibleng getaway car.

Kasunod ito ng nangyaring gulo sa Senado kung saan nagkaroon ng putukan ng baril sa loob mismo ng Senate premises.

“This is the picture of the vehicle leaving, a Fortuner that belongs to Sen. Robinhood Padilla,” sabi ni Remulla.

Matatandaang kinumpirma ni Senate Pres. Alan Peter Cayetano na wala na sa Senado si dela Rosa noong Huwebes, May 14.

📸: RTVM",191,52,8,Not Relevant,1,Photo,https://www.facebook.com/photo/?fbid=1510326291125899&set=a.647063400785530
https://www.facebook.com/reel/947824568025012/,"𝗜𝗣𝗜𝗡𝗔𝗕𝗔𝗕𝗔𝗦𝗨𝗥𝗔 𝗔𝗡𝗚 𝗛𝗜𝗟𝗜𝗡𝗚 𝗡𝗔 𝗦𝗨𝗠𝗔𝗜𝗟𝗔𝗟𝗜𝗠 𝗦𝗔 𝗠𝗘𝗗𝗜𝗖𝗔𝗟 𝗔𝗧 𝗗𝗥𝗨𝗚 𝗧𝗘𝗦𝗧 𝗦𝗜 𝗣𝗕𝗕𝗠 

Office of the Solicitor General, ipinababasura sa Korte Suprema ang petisyon na humihiling na isailalim sa medical at drug test si Pang. Bongbong Marcos. | via Tuesday Niu",29,7,0,Not Relevant,1,Video,https://www.facebook.com/reel/947824568025012/
https://www.facebook.com/reel/1539788927724591/,"Sen. Ronald ""Bato"" Dela Rosa, mahihirapang magtago sa batas, kahit makalabas man ng bansa — NBI Director Atty. Melvin Matibag | via Pamela Adriano",29,1,1,Not Relevant,1,Video,https://www.facebook.com/reel/1539788927724591/
https://www.facebook.com/reel/1244491884198896/,"Sec. Remulla: The discharged fragments from firearm number 1, 2, and 4 were accounted for. The 23 other bullets are not identified with any of the 3 guns presented. We asked Gen. Aplasca to appear and submit his firearm, but he did not appear...",4,0,2,Not Relevant,1,Video,https://www.facebook.com/reel/1244491884198896/
https://www.facebook.com/PhilippineSTAR/posts/pfbid029BCHV3rZ3v3GWGvCxYgRtkgVPw3KYzyyqe6jRFhV8rKqLSa9kJStSapZivmVRGiml,,10,1,0,Not Relevant,0,,
https://www.facebook.com/PhilippineSTAR/posts/pfbid0LrQcHnE5ThjZmwumbFqRvsTE4oDk3JwmAA1Zk3UHVn8Pv3uGWHkE1ehmJ4jaPkvhl,"‘DALAWA LANG PWEDE NIYANG PAGPILIAN — TULFO SAKA LENI ROBREDO’

Llamas on the endorsement power of Pres. Ferdinand Marcos Jr. for 2028 polls amid recent issues affecting his admin: Kung hindi ma-salvage ng Presidente 'yung kaniyang image, huwag na siya mag-endorse publicly.

He shares that Senators Raffy and Erwin Tulfo are not interested in joining the presidential race in 2028, but either of them is open to running for vice president with Naga City Mayor Leni Robredo as a tandem. #TruthOnTheLine

LIVE: https://www.youtube.com/live/3BYrpWbX4WM",279,46,5,Not Relevant,3,Photo; Photo,https://www.facebook.com/PhilippineSTAR/posts/pfbid0LrQcHnE5ThjZmwumbFqRvsTE4oDk3JwmAA1Zk3UHVn8Pv3uGWHkE1ehmJ4jaPkvhl; https://scontent.fsac1-2.fna.fbcdn.net/v/t39.30808-6/702360597_1489567319873809_7303476228295122648_n.jpg?stp=dst-jpg_s590x590_tt6&_nc_cat=1&ccb=1-7&_nc_sid=127cfc&_nc_ohc=aW7Fmd8gRzwQ7kNvwHjdrpe&_nc_oc=Adomj_AD7Mo3AyVcYxjfApcl9mb3h5HWGtnRivUJCGBYXlsh3uhc6rw23ZgfY1HdERI&_nc_zt=23&_nc_ht=scontent.fsac1-2.fna&_nc_gid=v7JlRCZn1P5DWaXQTELt5g&_nc_ss=72289&oh=00_Af6K6_py5PjXIognuHvtc5IcHcH5wJ4RXG0SeNLm482I2g&oe=6A120F91; https://scontent.fsac1-2.fna.fbcdn.net/v/t39.30808-6/702375770_1489567509873790_2004674324327938546_n.jpg?stp=dst-jpg_s590x590_tt6&_nc_cat=1&ccb=1-7&_nc_sid=127cfc&_nc_ohc=B0sYhcSx47IQ7kNvwFBppf0&_nc_oc=Adr0KTxfyFLSu3xJ8ocKuikjrtSUpzjW3vmJgrMvZ_IoiSYm6vTbLe1qxelZ5idJjnk&_nc_zt=23&_nc_ht=scontent.fsac1-2.fna&_nc_gid=v7JlRCZn1P5DWaXQTELt5g&_nc_ss=72289&oh=00_Af7bv-6ViEoAqjux1kFw3gGk_IxWDnKf7T53kSTDDog1OQ&oe=6A122E05
https://www.facebook.com/PhilippineSTAR/posts/pfbid0FcuuUZpPXP4dQUh1zo7pNGrJeENh9mBV6ZiWDSZ8M924wdZg48XHVWwqBUgExgx8l,,2,1,0,Not Relevant,0,,
https://www.facebook.com/inquirerdotnet/posts/pfbid0yHd7ZQM7R1TwBZgBMWqNt6rrKaK2tZ5zVzyMNuQ1vzyyuX9K5vt7jHRxuSXYqFVBl,Archbishop of Cebu urges Filipinos to rally behind due process,139,24,3,Not Relevant,1,GenericAttachmentMedia,https://external-lga3-2.xx.fbcdn.net/emg1/v/t13/451325021949522736?url=https%3A%2F%2Fnewsinfo.inquirer.net%2Ffiles%2F2026%2F05%2FCebu-Archbishop-Alberto-Abet-Uy-09May2026.jpg&fb_obo=1&utld=inquirer.net&stp=c0.5000x0.5000f_dst-jpg_flffffff_p500x261_q75_tt6&_nc_gid=PCEpjM-p-w5cbxF4n4yuvQ&_nc_oc=Adqj6WZlFivWAw6j_eX9thZBVdjo_7UhQlcsOPCYSkDihmktS8cVpCnGw4jbAkMfqfCmabqKMEXZj1IWXFMRBzmR&ccb=13-1&oh=06_Q3-_Ad_dJibnHQg3-yXJxpAhNM6kzy8pDKkOpqKMad248Wn5&oe=6A0E3FDF&_nc_sid=c97757
https://www.facebook.com/reel/2215546939279212/,"The preparations of the House of Representatives’ prosecution panel for Vice President Sara Duterte’s impeachment trial is in full swing as the team seeks to secure her conviction in the high-stakes proceedings — which may end in Duterte being barred from holding public office.

Read more: https://newsinfo.inquirer.net/2231201/luistro-prosecution-panels-preparation-in-full-swing-impeachment-article-teams-bared",47,1,3,Not Relevant,1,Video,https://www.facebook.com/reel/2215546939279212/
https://www.facebook.com/inquirerdotnet/posts/pfbid0A8M5qPFoU4adunnvMDHpD9NtpXTpKy66JRNJ5Gy7mq6xjt9sHxNEMR3dZ3gL9nzkl,"APLASCA GAVE “LOCK AND LOAD” ORDER

LOOK: Acting Senate Sergeant-at-Arms Mao Aplasca is seen cocking his firearm in front of security personnel moments before the gun related incident on May 13. 

DILG Secretary Jonvic Remulla said that Aplasca had given operatives of the Office of the Sergeant-at-Arms, PNP-PSPG, and the Marines the signal to “lock and load” in front of the media.

""In normal situations, if there is a perceived confrontation, he will clear the building of all personnel because of possible stray fire. However, he allowed them to follow,” Remulla said. | 📸: RTVM

Visit inquirer.net for more stories and updates",351,177,34,Not Relevant,1,Photo,https://www.facebook.com/photo/?fbid=1426624196315198&set=a.295125726131723
https://www.facebook.com/reel/1003900681992675/,"‘VERY STABLE, VERY SOLID’

Ganyan inilarawan ni Sen. Robin Padilla ang kanilang samahan sa bagong majority bloc sa gitna ng usap-usapang panibagong kudeta sa Senado.",1329,236,11,Not Relevant,1,Video,https://www.facebook.com/reel/1003900681992675/
https://www.facebook.com/News5Everywhere/posts/pfbid033fyNeCE49qcHSK1DgR83yTWhkaCS9YoJJWaicJcaKk9QdffujX9dxwHetmatussyl,"PAGBABAGO SA SENATE LEADERSHIP

Apat na ang nagsilbing Senate presidents mula nang magsimula ang administrasyon ni Pres. Bongbong Marcos noong 2022.

Pinakabago rito si Senate Pres. Alan Peter Cayetano na itinalaga noong nakaraang linggo.",1300,342,27,Not Relevant,1,Photo,https://www.facebook.com/photo/?fbid=1510311604460701&set=a.647063400785530
https://www.facebook.com/News5Everywhere/posts/pfbid07n426TM4s4fh4ijeyFYzmZwHQUwYPY9Ug34q7MU3TQwbRa45DTfUrS18KKgueud5l,"‘LOCK-AND-LOAD ORDER’

Sinabi ni Department of the Interior and Local Government (DILG) Sec. Jonvic Remulla na inatasan umano ni Senate Sergeant-at-Arms Mao Aplasca ang ilang personnel na mag-assemble, at nagbigay ng ""lock-and-load"" order bago ang insidente sa Senado.

""At that moment, Gen. Aplasca called in the [Office of the Sergeant-at-Arms] operatives, including the [Philippine National Police], and the Marines, and gave the order to 'lock and load,'"" sabi ni Remulla.

📸: RTVM",282,81,37,Not Relevant,1,Photo,https://www.facebook.com/photo/?fbid=1510307041127824&set=a.647063400785530
https://www.facebook.com/reel/1500170461649171/,"PGen. Nartatez: Per our ballistics examination, those 44 fired cartridges came from 4 firearms. Meaning, mayroon tayong 4 na shooter...",60,2,8,Not Relevant,1,Video,https://www.facebook.com/reel/1500170461649171/
https://www.facebook.com/reel/1711669060035578/,"PGen. Nartatez: The direction of the bullets that holed the door and the window is coming from inside going outside... On the outside, walang makikitang bullet hole going inside the building...",13,0,1,Not Relevant,1,Video,https://www.facebook.com/reel/1711669060035578/
https://www.facebook.com/reel/745106598692589/,"Mga summon at subpoena ng Senate impeachment court, inaasikaso pa — Senate Pres. Alan Peter Cayetano | via Nimfa Ravelo",12,0,0,Not Relevant,1,Video,https://www.facebook.com/reel/745106598692589/
https://www.facebook.com/PhilippineSTAR/posts/pfbid034dtUdxefUpnaxB9g9vW3V3NVWz8Z1AQnWfpwHvh6YpG6KjsoUu93Q4kxks7FmUBVl,"NAG-YATE NA SI SEN. BATO? 

Llamas on claim that Sen. Bato dela Rosa boarded a yacht to leave the country following his escape from the Senate: Lahat naman ‘yan posible because of a weak government.

Sen. Robin Padilla earlier dismissed rumors that Dela Rosa boarded a plane or yacht, as he kept mum on details about his alleged involvement in the latter’s escape. #TruthOnTheLine

LIVE: https://www.youtube.com/live/3BYrpWbX4WM",67,10,1,Not Relevant,3,Photo; Photo,https://www.facebook.com/PhilippineSTAR/posts/pfbid034dtUdxefUpnaxB9g9vW3V3NVWz8Z1AQnWfpwHvh6YpG6KjsoUu93Q4kxks7FmUBVl; https://scontent-phx1-1.xx.fbcdn.net/v/t39.30808-6/702320421_1489550749875466_5120272615230036344_n.jpg?stp=dst-jpg_s590x590_tt6&_nc_cat=1&ccb=1-7&_nc_sid=127cfc&_nc_ohc=v17ufCJcVTYQ7kNvwFLi6Aj&_nc_oc=AdqAWZdOeaurq45Ubh7sgR4Yi4m7hoxb4RmXNW-Pu2hfhivQopaubwOKph_50cd34wQ&_nc_zt=23&_nc_ht=scontent-phx1-1.xx&_nc_gid=cHu2DBGXwa5tBN4sp670CQ&_nc_ss=72289&oh=00_Af79QtmG9JpsNwEnL0IzbbHKbQeZPBPFhGpP4Zl6JwL2Fw&oe=6A120CEC; https://scontent-phx1-1.xx.fbcdn.net/v/t39.30808-6/702962963_1489551033208771_1913828685284224045_n.jpg?stp=dst-jpg_s590x590_tt6&_nc_cat=1&ccb=1-7&_nc_sid=127cfc&_nc_ohc=zA1AW_6MUVkQ7kNvwFJ6pwk&_nc_oc=AdoL88-L5jb9ZjthkH9N3MH6GUkp1FLiFcKiFiCK1yFoXzw4_HQCw3_yBUrEefbLQkQ&_nc_zt=23&_nc_ht=scontent-phx1-1.xx&_nc_gid=cHu2DBGXwa5tBN4sp670CQ&_nc_ss=72289&oh=00_Af5Hd3CauOlAUkmkLId1Nuiw4HlS0nviFzuBs4AsXN-9dA&oe=6A121E4E
https://www.facebook.com/PhilippineSTAR/posts/pfbid0VMvoBdscmEhQ2Mu77Lgxq6my8WHcyKWaK61ZwJyCEdjJ9QaynTxsSjaNgkBWYgL3l,"Nilinaw ni Batangas 2nd district Rep. Gerville Luistro, House lead prosecutor, na matutuloy ang impeachment trial laban kay Vice President Sara Duterte kahit na hindi ito dumalo o hindi magpadala ng defense team. 
 
“Kahit hindi dumating ang Bise Presidente, kahit hindi siya mag-file ng answer, kahit hindi dumating ang defense lawyers nila, tutuloy pa rin ang trial,” saad niya sa press briefing nitong Martes, May 19, 2026. 
 
“Ang magiging effect lang nitong instances na ‘to, it will be considered as an entry of a plea of not guilty,” dagdag niya. 
 
Pormal na nag-convene ang Senado bilang impeachment court nitong Lunes, May 18, 2026.

PANOORIN: https://youtu.be/scMEOa5FcQ8",1369,171,6,Not Relevant,1,Photo,https://www.facebook.com/photo/?fbid=1489536869876854&set=a.602294451934438
https://www.facebook.com/PhilippineSTAR/posts/pfbid06Sd5gmErec1JQ83ZPi8GscpWXs7kg9cWsXHAQTF1DvMuVgNyrDjpm3mbCutYiBKVl,"'TAYO NGANG HINDI ABOGADO, NAUUNAWAAN 'YUN EH' 

Llamas underscores that the ICC arrest warrant of Sen. Bato dela Rosa holds strong legal basis. ""Lahat ng legal luminaries, even the Supreme Court sa kanilang obiter noong 2020, unanimously agreed na merong treaty tayo with the ICC na binding. At dahil binding, bahagi na ng ating local laws."" #TruthOnTheLine

LIVE: https://www.youtube.com/live/3BYrpWbX4WM",386,70,5,Not Relevant,3,Photo; Photo,https://www.facebook.com/PhilippineSTAR/posts/pfbid06Sd5gmErec1JQ83ZPi8GscpWXs7kg9cWsXHAQTF1DvMuVgNyrDjpm3mbCutYiBKVl; https://scontent-phx1-1.xx.fbcdn.net/v/t39.30808-6/702557435_1489542653209609_1326159072852095063_n.jpg?stp=dst-jpg_s590x590_tt6&_nc_cat=1&ccb=1-7&_nc_sid=127cfc&_nc_ohc=FzF-XxONTmEQ7kNvwFeTaAQ&_nc_oc=AdrhtM3w3SxoptaD7WVOUJ6ilvmNcGY1Lw_6ogRgfgHIS7MnBENQyd8GJ2br_5VGqg4&_nc_zt=23&_nc_ht=scontent-phx1-1.xx&_nc_gid=cHu2DBGXwa5tBN4sp670CQ&_nc_ss=72289&oh=00_Af5dxJgweeNGHipfFczqvqXevG_AVamKY8ItSS3EO6iALg&oe=6A122295; https://scontent-phx1-1.xx.fbcdn.net/v/t39.30808-6/702729907_1489542829876258_3200087398355921328_n.jpg?stp=dst-jpg_s590x590_tt6&_nc_cat=1&ccb=1-7&_nc_sid=127cfc&_nc_ohc=WiqpOZ4zi8wQ7kNvwF4PEwN&_nc_oc=Adqww2-WYR53-r448UIN4-wX-w4_9OSXcMq1R8bQM7ejWxvQO-PuqfpLwoqpuJb4jgk&_nc_zt=23&_nc_ht=scontent-phx1-1.xx&_nc_gid=cHu2DBGXwa5tBN4sp670CQ&_nc_ss=72289&oh=00_Af5xrl_dX5mnqhda9hy5At9fGmhQoQsW2uXSXnK60PGx7g&oe=6A122B99
https://www.facebook.com/inquirerdotnet/posts/pfbid0yQBAXZdb7bRNCCtNhF1kMpqGFRu6VdX3pb8fDwXpX3HztF11QUHSdh1PmdLty3yKl,Carlos Yulo wins gold in France,51,7,1,Not Relevant,1,GenericAttachmentMedia,https://external-lga3-1.xx.fbcdn.net/emg1/v/t13/8196498168279270783?url=https%3A%2F%2Fsports.inquirer.net%2Ffiles%2F2026%2F05%2FIMG_6427.jpg&fb_obo=1&utld=inquirer.net&stp=c0.5000x0.5000f_dst-jpg_flffffff_p500x261_q75_tt6&_nc_gid=nJrSGYA40fS00MRfNV7phQ&_nc_oc=Adp6onfHNQSdNO-yo23KKphHZglePyKu1B1wTcQZ6u1yLRsuW7uJwETC3iu-EvGmfVFv8xfSsY2Bv1U16c8cOjSo&ccb=13-1&oh=06_Q3-_AfAszarqlvVRRZiKa_UBirG_NXIzQalg8ruj_KtgdVGa&oe=6A0E3C90&_nc_sid=c97757
https://www.facebook.com/inquirerdotnet/posts/pfbid0S1yHKhTsys1qNJKw9ErYV5VMxLoe6N5ryfqgjiopjc5eRJJdicNW21pkc9Asbrs7l,"NAMJOON ACTUALLY WENT TO THE CRYING TREE 🥹

LOOK: BTS’ RM recreates the photo of Epik High’s Tablo at Stanford University’s “crying tree,” a spot which gained attention after it served as the backdrop for the latter’s emotional 2010 interview amid a controversy.

During RM’s guest appearance on the hip hop trio’s YouTube show “EPIKASE,” Tablo recommended that the BTS members visit the site to shake off bad luck as they go through a world tour. | 📷: Tablo/Instagram",210,2,4,Not Relevant,1,Photo,https://www.facebook.com/photo/?fbid=1426624406315177&set=a.295125726131723
https://www.facebook.com/inquirerdotnet/videos/793269340384678/,"Here’s a quick roundup of today’s top stories:

NBI has many leads on dela Rosa’s whereabouts, says Matibag
Read more: https://inqnews.net/DelaRosaWhereabouts

Matibag on Cayetano’s suspension remark: He must be suspended for Aplasca’s actions
Read more: https://inqnews.net/MatibagCayetano

OSAA personnel appear before CIDG in Senate shooting probe — PNP
Read more: https://inqnews.net/SenateShootingProbe

Ombudsman urged to probe P4.4-B worth of flood control projects in Davao
Read more: https://inqnews.net/FloodControlDavao

P10/liter fuel discount expanded to over 900 stations
Read more: https://inqnews.net/FuelDiscount",56,5,2,Not Relevant,1,Video,https://www.facebook.com/inquirerdotnet/videos/793269340384678/
https://www.facebook.com/News5Everywhere/posts/pfbid029gF9siyWA33hXSna4g9PDbf2Tmfm1wWSBUeJ2njdTxaZ57RdnLCms5wJLbQBDhhhl,"KATE GIBSON, ITINALAGANG ASSOCIATE COUNSEL NI DUTERTE

Pormal nang inanunsyo ng International Criminal Court (ICC) Registry ang pagtatalaga kay Australian lawyer Kate Gibson bilang associate counsel ni dating pangulong Rodrigo Duterte sa kaniyang crimes against humanity case.

Ni-request ng bagong counsel ni Duterte na si Peter Haynes ang appointment ni Gibson noong May 18.

📷: ICC",182,30,3,Not Relevant,5,Photo; Photo; Photo; Photo,https://www.facebook.com/News5Everywhere/posts/pfbid029gF9siyWA33hXSna4g9PDbf2Tmfm1wWSBUeJ2njdTxaZ57RdnLCms5wJLbQBDhhhl; https://scontent-lga3-3.xx.fbcdn.net/v/t39.30808-6/703098160_1510305034461358_1870789283443830928_n.jpg?stp=dst-jpg_s590x590_tt6&_nc_cat=1&ccb=1-7&_nc_sid=127cfc&_nc_ohc=k3ttMp6UvdQQ7kNvwEkOIX1&_nc_oc=AdrNN5PkgDKEi2gPMS5rq14BI1GioxENn6M5NBNfRHoL6utX5H-y0gjNgz6hnwm0GpY&_nc_zt=23&_nc_ht=scontent-lga3-3.xx&_nc_gid=8R3bqUXdM1TFL_8eun_plw&_nc_ss=72289&oh=00_Af6LJdCvC9OEk1mMvsWyNEsfW1h8_XJrQTSZ1j458vefDQ&oe=6A120D45; https://scontent-lga3-3.xx.fbcdn.net/v/t39.30808-6/701960478_1510305091128019_764929463917585513_n.jpg?stp=dst-jpg_s590x590_tt6&_nc_cat=1&ccb=1-7&_nc_sid=127cfc&_nc_ohc=f8m4pv1q6FsQ7kNvwGBdbUy&_nc_oc=AdpYGNsMXV3Tluf8pnF_PkcFn890rJF2PI30ra5cYuLsQYHl_Jb6_tKjr_3s9oA2UFM&_nc_zt=23&_nc_ht=scontent-lga3-3.xx&_nc_gid=8R3bqUXdM1TFL_8eun_plw&_nc_ss=72289&oh=00_Af6iHJiCvmm0U8i4vCA3qnuc2d_P97pfISGGvmArx6OyWg&oe=6A1232F1; https://scontent-lga3-3.xx.fbcdn.net/v/t39.30808-6/702232230_1510305157794679_2843430887266395505_n.jpg?stp=dst-jpg_s590x590_tt6&_nc_cat=1&ccb=1-7&_nc_sid=127cfc&_nc_ohc=7urznyAV0PkQ7kNvwEn4EaF&_nc_oc=Adr3tEdyDDHEjxY_f5HcFCHbGAd003q9Y4WF134wvQaxmhxI_P2P9_CMgqMuAhGNKQM&_nc_zt=23&_nc_ht=scontent-lga3-3.xx&_nc_gid=8R3bqUXdM1TFL_8eun_plw&_nc_ss=72289&oh=00_Af5Kyiy_KYASwCJ-RX3HKkdzF7ODbVNkszmb9NpJhzsc3A&oe=6A1206E6; https://scontent-lga3-3.xx.fbcdn.net/v/t39.30808-6/703111752_1510305227794672_204039888591153819_n.jpg?stp=dst-jpg_s590x590_tt6&_nc_cat=1&ccb=1-7&_nc_sid=127cfc&_nc_ohc=FgCwfgcmunkQ7kNvwHg4yXF&_nc_oc=Adrl6blhsET6U58EMZlvKNoZeaVfOz6A7Qc_CRwJlyGgEiuyafdWeXuN-W6eqrWMab4&_nc_zt=23&_nc_ht=scontent-lga3-3.xx&_nc_gid=8R3bqUXdM1TFL_8eun_plw&_nc_ss=72289&oh=00_Af59tXiXnDeCrAvi0DpGn7oRPkq_aoICA4GkX7Bckxo9Mg&oe=6A12171A
https://www.facebook.com/reel/2040392690228509/,"CCTV FOOTAGE NG KOMOSYON SA PUTUKAN SA SENADO

Ipinakita sa press briefing ng Palasyo, kasama si Interior Sec. Jonvic Remulla, at Philippine National Police (PNP), ang CCTV footage ng pagpapaputok umano ng baril ni Senate Sergeant-at-Arms retired major general Mao Aplasca sa nangyaring gulo sa Senado noong May 13.",2889,894,398,Not Relevant,1,Video,https://www.facebook.com/reel/2040392690228509/
https://www.facebook.com/News5Everywhere/posts/pfbid0g8iheLMMocuVkpKy3oq4euU9Kf6jftd7s2yX7EofxXUoucm5q4qwuGPfSUEEes7Ul,"‘MIND YOU, THERE WAS NOBODY THERE’

Ito ang binigyang-diin ni Department of the Interior and Local Government (DILG) Sec. Jonvic Remulla area nang magpaputok ng baril si Senate Sergeant-at-Arms Chief Mao Aplasca sa naturang area sa kasagsagan ng gulo sa Senado.

Sinabi ito ni Remulla nang ipakita sa isang press briefing ngayong Martes, May 19 ang timeline at iba pang datos kasunod ng nangyaring putukan sa Senado noong May 13.

📸: RTVM",1163,343,106,Not Relevant,1,Photo,https://www.facebook.com/photo/?fbid=1510298821128646&set=a.647063400785530
https://www.facebook.com/PAGASA.DOST.GOV.PH/posts/pfbid027Yncq6zL3732BQPQQUirsN93E8iKu2MksEE3nfkyq2KhKvYuWReivc8KbPBy9Hgl,"Davao River Basin Flood Advisory No. 1
Issued @ 5:30PM, 19 May 2026",41,2,16,Moderate,1,Photo,https://www.facebook.com/photo/?fbid=1446285180876464&set=a.365711365600523
https://www.facebook.com/PAGASA.DOST.GOV.PH/videos/1252405850436453/,"Public Weather Forecast issued at 5:00 PM | May 19, 2026 - Tuesday

DOST-PAGASA Weather Specialist: Benison Estareja

#weatherreport  #dostpagasa",974,124,128,Not Relevant,1,Video,https://www.facebook.com/PAGASA.DOST.GOV.PH/videos/1252405850436453/
https://www.facebook.com/PAGASA.DOST.GOV.PH/posts/pfbid02T8Wj6FcXDJJLQSTVxCm1oso3zndGTvWya6t9f7n69fdfksodKc84NBbGWtAFy6Ynl,"Highest Computed 5-day Heat Index
Issued as of 5:00 PM, 19 May 2026 

For more information about the heat index: 
https://www.pagasa.dost.gov.ph/weather/heat-index 

Information from the DOH Philippines about heat-related illnesses during extremely hot weather:
https://bit.ly/DOHPhPublicHealthAdvisory 

Forecast for the next 2 days will be available at 6:30 PM.

Don't forget to take necessary precautions and stay cool and hydrated everyone! ☀️🌡️ 
#HeatIndex #AngInit",103,2,51,Not Relevant,3,Photo; Photo,https://www.facebook.com/PAGASA.DOST.GOV.PH/posts/pfbid02T8Wj6FcXDJJLQSTVxCm1oso3zndGTvWya6t9f7n69fdfksodKc84NBbGWtAFy6Ynl; https://scontent-atl3-2.xx.fbcdn.net/v/t39.30808-6/702590164_1446241937547455_7740749882296713123_n.jpg?stp=dst-jpg_s590x590_tt6&_nc_cat=1&ccb=1-7&_nc_sid=127cfc&_nc_ohc=d-9EUdMVW_sQ7kNvwE41Jbi&_nc_oc=AdpzN2--Gvz5alJmg4ie-38VVzWE-LKix4ZKXvDisqj_Nq_0rdmOM7RfNBPAOraT-BU&_nc_zt=23&_nc_ht=scontent-atl3-2.xx&_nc_gid=x71OJgYHnOw3_fPbcdFemQ&_nc_ss=72289&oh=00_Af47j9IjR3r1VI54tlgKHRIJ5_Atnoi1jSrCHct45NuNag&oe=6A122211; https://scontent-atl3-2.xx.fbcdn.net/v/t39.30808-6/701613001_1446242107547438_3814829636167242540_n.jpg?stp=dst-jpg_s590x590_tt6&_nc_cat=1&ccb=1-7&_nc_sid=127cfc&_nc_ohc=bulTC323-IYQ7kNvwH6Lz7p&_nc_oc=AdpxKcNTq-R9aMfmybSTYNbAtWC0HUE05P3WKbZ958wiA-jc2a6FpsMRsBN9zVJB12A&_nc_zt=23&_nc_ht=scontent-atl3-2.xx&_nc_gid=x71OJgYHnOw3_fPbcdFemQ&_nc_ss=72289&oh=00_Af5nSlkmJb2ZeDTVAbx-HTvWQiVRb36o8kDcCrvJanSSrg&oe=6A1236E1
https://www.facebook.com/reel/2699413533760769/,"PGen. Nartatez: In total, the SOCO recovered 44 fired cartridges...",11,0,1,Not Relevant,1,Video,https://www.facebook.com/reel/2699413533760769/
https://www.facebook.com/reel/1658867021925189/,"Mga senador, dapat personal na dumalo sa botohan kaugnay ng impeachment laban kay Vice Pres. Sara Duterte — House Lead Prosecutor & Batangas Rep. Gerville Luistro. | via Isa Avendaño-Umali",20,3,1,Not Relevant,1,Video,https://www.facebook.com/reel/1658867021925189/
https://www.facebook.com/reel/1525452042470026/,"Sec. Remulla: From all available video footage, from the time the door was opened, and the first shot was fired until the last shot was fired, it took 3 minutes and 20 seconds...",282,77,42,Not Relevant,1,Video,https://www.facebook.com/reel/1525452042470026/
https://www.facebook.com/PAGASA.DOST.GOV.PH/posts/pfbid0nTZD3rsEMn5qZhqp5iHJsnTnSf1rAYRzFsCacdrXtbZczHhacPGfrn8t81HfBofBl,"Pampanga River Basin Update as of 5:00 PM, 19 May 2026",26,0,3,Not Relevant,1,Photo,https://www.facebook.com/photo/?fbid=1446222737549375&set=a.365711365600523
https://www.facebook.com/PAGASA.DOST.GOV.PH/posts/pfbid0yxHSWPARtoZyN7mzoCtWpMZMJyMcFQwEqoW8kvNLJV8dVZGL7WCtBQE4Qeugj5b5l,"24-HOUR PUBLIC WEATHER FORECAST
Issued at 4:00 PM, 19 May 2026

SYNOPSIS: Intertropical Convergence Zone (ITCZ) affecting southern Mindanao. Easterlies affecting the eastern sections of Southern Luzon and Visayas.

Forecast Weather Conditions

Area: Zamboanga Peninsula, BARMM, SOCCSKSARGEN, and Davao Occidental
Weather Condition: Cloudy skies with scattered rains and thunderstorms
Caused By: ITCZ
Impacts: Possible flash floods or landslides due to moderate to at times heavy rains

Area: Bicol Region, Eastern Visayas, Caraga, and Davao Oriental
Weather Condition: Partly cloudy to cloudy skies with isolated rainshowers or thunderstorms
Caused By: Easterlies
Impacts: Possible flash floods or landslides during severe thunderstorms

Area: Metro Manila and the rest of the country
Weather Condition: Partly cloudy to cloudy skies with isolated rainshowers or thunderstorms
Caused By: Localized Thunderstorms
Impacts: Possible flash floods or landslides during severe thunderstorms

Forecast Wind and Coastal Water Conditions

Area: Extreme Northern Luzon
Wind Speed: Moderate
Wind Direction: East to Southeast
Coastal Waters: Moderate / (1.2 to 2.1 meters)

Area: Visayas and the rest of Luzon
Wind Speed: Light to Moderate
Wind Direction: East
Coastal Waters: Slight to Moderate / (0.6 to 1.8 meters)

Area: The rest of the country
Wind Speed: Light to Moderate
Wind Direction: Variable
Coastal Waters: Slight to Moderate / (0.6 to 1.8 meters)

Extremes of Temperature and Relative Humidity for The 24-hour Period Ending 4:00 PM TODAY

Minimum Temperature: 26.5 °C ... 6:00 AM
Maximum Temperature: 32.6 °C... 2:00 PM

Minumum Relative Humidity: 60 % ... 1:00 PM
Maximum Relative Humidity: 86 % ... 5:00 AM

TIDES AND ASTRONOMICAL INFORMATION Over Metro Manila

sunrise tomorrow: 5:27AM
sunset today: 6:18PM
moonrise tomorrow: 8:40AM
moonset tomorrow: 10:10PM
illumination tomorrow: 19%

For other information about weather, please log on to pagasa.dost.gov.ph or bagong.pagasa.dost.gov.ph or call at (02)927-1335/(02)926-4258",144,3,47,Severe,1,Photo,https://www.facebook.com/photo/?fbid=1446205210884461&set=a.365711365600523
https://www.facebook.com/PAGASA.DOST.GOV.PH/posts/pfbid02fQfyo5sxxEkye45UGSLTYx9kLL6er554FuunmehFLztzVoXp6yKKY9xhUonPGFc2l,"🌏The 26th Session of the ASEAN Climate Outlook Forum (ASEANCOF-26) officially kicks off today, bringing together climate experts, meteorological agencies, and stakeholders across Southeast Asia to develop a consensus outlook for the June to August (JJA 2026) season.

Hosted virtually by DOST-PAGASA, this year’s forum carries the theme: “Navigating Our Future, Together: Translating Climate Forecasts into Action.” The event highlights the importance of regional collaboration in strengthening climate services and transforming climate information into actionable decisions for communities and key sectors across ASEAN. 

#ASEANCOF26 #ASEAN #ClimateOutlookForum",75,0,9,Not Relevant,5,Photo; Photo; Photo; Photo,https://www.facebook.com/PAGASA.DOST.GOV.PH/posts/pfbid02fQfyo5sxxEkye45UGSLTYx9kLL6er554FuunmehFLztzVoXp6yKKY9xhUonPGFc2l; https://scontent.fhnl3-1.fna.fbcdn.net/v/t39.30808-6/702451025_1446136130891369_5645676391651422915_n.jpg?stp=dst-jpg_s590x590_tt6&_nc_cat=101&ccb=1-7&_nc_sid=127cfc&_nc_ohc=O68fp1i_jjQQ7kNvwG7uwcy&_nc_oc=AdqKKSIhm8ahq_fPUTgfNw9VNXtSyXEYVO6rFakx7qhfoUgG58ZEgNMLEB7PQj8CS0Kr7L_paMsJdXH5LksMxgFJ&_nc_zt=23&_nc_ht=scontent.fhnl3-1.fna&_nc_gid=hnHDTNvQNrvo5XSp29zfGg&_nc_ss=72289&oh=00_Af4Dl0k90r0RCsJehLpWiDXLldr6ZXXyHR_fWoBm1IfXcg&oe=6A122BF4; https://scontent.fhnl3-2.fna.fbcdn.net/v/t39.30808-6/701496294_1446136154224700_3865687823311681785_n.jpg?stp=dst-jpg_s590x590_tt6&_nc_cat=111&ccb=1-7&_nc_sid=127cfc&_nc_ohc=b6YfTnc9UO0Q7kNvwEMP82g&_nc_oc=Ado2Imqo5RDvmqBE54Dns5dJwBRCpJk5UKVzT-tJczPYKCnIb9TuQ5Zpl2WyFuza15RFgDR7cxq260o3VtDB_8IC&_nc_zt=23&_nc_ht=scontent.fhnl3-2.fna&_nc_gid=hnHDTNvQNrvo5XSp29zfGg&_nc_ss=72289&oh=00_Af7DZrf3cesDdqc27zdLOkPzFzMKZ0Y97Z4a0NewKl8JGA&oe=6A12157D; https://scontent.fhnl3-2.fna.fbcdn.net/v/t39.30808-6/701987082_1446136090891373_7929442831699419891_n.jpg?stp=dst-jpg_s590x590_tt6&_nc_cat=106&ccb=1-7&_nc_sid=127cfc&_nc_ohc=oooTrZheYyEQ7kNvwH8RMEA&_nc_oc=AdoNL1WLF4uaI--Xm0pCFVjFfEd-dukQrA911saWgnN6RNtD7dF-QJgRe73mEVBTvnU6vx-0H6wqdUDGCUcnhY9c&_nc_zt=23&_nc_ht=scontent.fhnl3-2.fna&_nc_gid=hnHDTNvQNrvo5XSp29zfGg&_nc_ss=72289&oh=00_Af5fbazZOM2VrAX88OuUPzswhnIA0elMdlo52HjlsDb5Rg&oe=6A12257F; https://scontent.fhnl3-1.fna.fbcdn.net/v/t39.30808-6/703069832_1446136110891371_5004221017509394904_n.jpg?stp=dst-jpg_s590x590_tt6&_nc_cat=101&ccb=1-7&_nc_sid=127cfc&_nc_ohc=iVv1SimVsiQQ7kNvwEHILFC&_nc_oc=AdpxhxjXIunS9y0jWmYMOfJw2U-ZV8evNh_9wPP3v1rXp9YDq9gkbsNqE0FlPq19Ove4vPh64pix9zhocrjxckKZ&_nc_zt=23&_nc_ht=scontent.fhnl3-1.fna&_nc_gid=hnHDTNvQNrvo5XSp29zfGg&_nc_ss=72289&oh=00_Af7Q4u04PRwYPlpc6gV91CmBkDINZHspmQTGQNCPjICU5A&oe=6A121BAC
https://www.facebook.com/dzbb594/videos/1710189363359755/,"#BigtimeBalita kasama si Rene Sta. Cruz 

📻: 594 kHz AM band
📡: gmanetwork.com/radio/streaming/dzbb
💻: https://twitter.com/dzbb
▶️: https://www.youtube.com/@dzbb594",46,19,3,Not Relevant,1,Video,https://www.facebook.com/dzbb594/videos/1710189363359755/
https://www.facebook.com/reel/1733503224696329/,"Sec. Remulla: According to the testimony of Gen. Aplasca himself, he opened the door and he asked, ""sino ka?"" the agent identified themself as NBI. Shortly thereafter, he (Aplasca) fired 3 shots towards the vicinity of the NBI agent...",107,35,7,Not Relevant,1,Video,https://www.facebook.com/reel/1733503224696329/
https://www.facebook.com/reel/1563179481834386/,"Sec. Remulla: Gen. Aplasca did it in full view of the press... He gave the order to lock and load, he allowed them to follow up to a certain point... In normal situations, if there is a perceived confrontation, you will clear the building of all personnel bec. of possible stray fire but he allowed them to follow...",110,22,5,Not Relevant,1,Video,https://www.facebook.com/reel/1563179481834386/
https://www.facebook.com/PAGASA.DOST.GOV.PH/posts/pfbid0Ddb1EYpPAR4Lb6a6iiTvwFtYWaneghNcZJAFBB1Wd5UReh2kZWw8ePQjngMbKkGLl,"As of 8:00 AM today, 19 May 2026, No Low Pressure Areas (LPA) are being monitored for Tropical Cyclone Formation.
All are advised to monitor updates from DOST-PAGASA",656,12,120,Not Relevant,1,Photo,https://www.facebook.com/photo/?fbid=1445962587575390&set=a.365711365600523
https://www.facebook.com/PAGASA.DOST.GOV.PH/posts/pfbid0J8GhzKNRBcz9e5rD983h2HLC79wpSupQpPSxv1Sh9UeDXCiwSP77bkcc2Dy7NvEtl,"Hydrological Forecast for Cagayan River Basin     
Issued at 8:30AM, 19 May 2026",26,0,4,Mild,1,Photo,https://www.facebook.com/photo/?fbid=1445930290911953&set=a.365711365600523
https://www.facebook.com/PAGASA.DOST.GOV.PH/posts/pfbid02W38i9AvYcnfQ5JFm24hsyjLGuBXuZ5zesWT2c8jiwcDytG3igW8cDssBidf6aMJRl,"Dam Updates as of 8:00 AM, 19 May 2026",47,0,5,Not Relevant,1,Photo,https://www.facebook.com/photo/?fbid=1445925497579099&set=a.365711365600523
https://www.facebook.com/PhilippineSTAR/posts/pfbid0PgzFcSFYMTFQcVAGqVqwFmcN5T3mtAgXgViRMFvUbjx3frEJXoxUVQfjTG8hj9esl,"Kathryn Bernardo gave a brief but telling response when asked about her love life, seemingly hinting at her current relationship status. | via LatestChika.com",38,1,0,Not Relevant,1,GenericAttachmentMedia,https://external-ord5-3.xx.fbcdn.net/emg1/v/t13/17255402453845673201?url=https%3A%2F%2Flatestchika.com%2Fwp-content%2Fuploads%2F2026%2F05%2FFEATURED-PIC-23.jpg&fb_obo=1&utld=latestchika.com&stp=c0.5000x0.5000f_dst-jpg_flffffff_p500x261_q75_tt6&_nc_gid=qDu5c1lG2ivCN4o_qap6_A&_nc_oc=Adq73dCBGvNTQWn3lk0zHG8Hcry2aFjvqRmOPJHT0OlBrv5SMTNUAVpTBTkX5IP_q4w&ccb=13-1&oh=06_Q3-_AX_NMD0hzZ8nfgkf6Shr-iaoRv1pdf2HbsMy7IzpKpuh&oe=6A0E4499&_nc_sid=c97757
https://www.facebook.com/PhilippineSTAR/posts/pfbid02whffmXxiJ8DaM939hAeVBVUvv95FBuXjBuJTQgNekCuuhcpNGikqp4oAY1X59adkl,"‘HUWAG NA TAYONG MAG-ELECT NG LESSER EVIL’

Noting current issues in the country, such as widespread corruption, global crisis, and political clashes, Llamas reminds the public not to settle for “lesser evil” in the 2028 elections.

“Huwag na tayong mag-elect ng lesser evil; ‘yung greater good naman, 'yung naniniwala sa higher purpose,"" he says. #TruthOnTheLine

LIVE: https://www.youtube.com/live/3BYrpWbX4WM",116,18,5,Not Relevant,3,Photo; Photo,https://www.facebook.com/PhilippineSTAR/posts/pfbid02whffmXxiJ8DaM939hAeVBVUvv95FBuXjBuJTQgNekCuuhcpNGikqp4oAY1X59adkl; https://scontent-ord5-3.xx.fbcdn.net/v/t39.30808-6/702320783_1489525813211293_931353239291247963_n.jpg?stp=dst-jpg_s590x590_tt6&_nc_cat=107&ccb=1-7&_nc_sid=127cfc&_nc_ohc=B-LTnz2wI3EQ7kNvwHsyniu&_nc_oc=AdpG-QWclegphXgZgpRok4xKkpd7hxaC4IcjgVwcJiS_BhBfRXc6aSGtp0bjBKDiMaw&_nc_zt=23&_nc_ht=scontent-ord5-3.xx&_nc_gid=qDu5c1lG2ivCN4o_qap6_A&_nc_ss=72289&oh=00_Af6Fcyis0_fI2cEYHM8KHV18JU5ntIar-dOVxqBCMR9-vQ&oe=6A120931; https://scontent-ord5-1.xx.fbcdn.net/v/t39.30808-6/702718136_1489526179877923_8377574211804259325_n.jpg?stp=dst-jpg_s590x590_tt6&_nc_cat=101&ccb=1-7&_nc_sid=127cfc&_nc_ohc=aqxaFBUFJC4Q7kNvwHAcz7Y&_nc_oc=Adriyo20qpJIV-gVVJRfs_c4JSTHcERNrh5U3Z-CDAm84_HOnfRaSja5NxT_o-3H6xs&_nc_zt=23&_nc_ht=scontent-ord5-1.xx&_nc_gid=qDu5c1lG2ivCN4o_qap6_A&_nc_ss=72289&oh=00_Af5FxqjuIxZgYmmg0x8bOIIXRNV9GktMbuofAkP2nVp6fw&oe=6A122ED3
https://www.facebook.com/PhilippineSTAR/posts/pfbid0CXbAunYT917z12h5LfeZuxdXicKAwsKPPeYh9GxFKTo9G7vEGb1YZw55unyKPRSFl,"‘WALANG ILLEGAL IMPEDIMENT ANG MANG-ARESTO’

Llamas says President Ferdinand Marcos Jr. should be “decisive” in handling issues like the ICC arrest of Sen. Bato dela Rosa. #TruthOnTheLine

LIVE: https://www.youtube.com/live/3BYrpWbX4WM",30,7,1,Not Relevant,3,Photo; Photo,https://www.facebook.com/PhilippineSTAR/posts/pfbid0CXbAunYT917z12h5LfeZuxdXicKAwsKPPeYh9GxFKTo9G7vEGb1YZw55unyKPRSFl; https://scontent-ord5-3.xx.fbcdn.net/v/t39.30808-6/702325685_1489522513211623_6582841019952869381_n.jpg?stp=dst-jpg_s590x590_tt6&_nc_cat=100&ccb=1-7&_nc_sid=127cfc&_nc_ohc=B6_SbdXCmQcQ7kNvwG977jN&_nc_oc=Adpvmh2XhLIstyUutGTxyTbufNOZXotdvITRSofen5MF2dQrsZFSw2uIbaqj8ZNGi94&_nc_zt=23&_nc_ht=scontent-ord5-3.xx&_nc_gid=qDu5c1lG2ivCN4o_qap6_A&_nc_ss=72289&oh=00_Af5A54OU86karnl1sAfhWaThhck7htZsjQ59Lgl6-tnGLg&oe=6A121FFD; https://scontent-ord5-2.xx.fbcdn.net/v/t39.30808-6/702325685_1489522723211602_8665918637302583031_n.jpg?stp=dst-jpg_s590x590_tt6&_nc_cat=105&ccb=1-7&_nc_sid=127cfc&_nc_ohc=dTuzQJwBRJkQ7kNvwE_pMgV&_nc_oc=AdqhVm3_HU488XbEnJAW5MK5R2egkRnWrieIhyGyrgKsW3JpWql7JnFtoIzg7wG7N94&_nc_zt=23&_nc_ht=scontent-ord5-2.xx&_nc_gid=qDu5c1lG2ivCN4o_qap6_A&_nc_ss=72289&oh=00_Af7uWz3POeWbJpmcYMdE_OCEyby67Gon-F_34OASIetsyA&oe=6A122F16
https://www.facebook.com/PAGASA.DOST.GOV.PH/posts/pfbid02ZF1Vg7UxhjGUSBwFtK8b1R7ypLSMGydXUPCkUGjD2YUQT2mSYfXuRqxJ4dp9JNm2l,"Hydrological Forecast for Agno River Basin            
Issued at 8:30AM, 19 May 2026",29,0,4,Mild,1,Photo,https://www.facebook.com/photo/?fbid=1445923027579346&set=a.365711365600523
https://www.facebook.com/PAGASA.DOST.GOV.PH/posts/pfbid034hvqoTaKq9N91ECdetGAfUwQY822hR2cKxgx3GjqZPR9pnwXgDpuKpstbrt9mfuBl,"Hydrological Forecast for Bicol River Basin         
Issued at 8:30AM, 19 May 2026",39,0,4,Mild,1,Photo,https://www.facebook.com/photo/?fbid=1445921490912833&set=a.365711365600523
https://www.facebook.com/PAGASA.DOST.GOV.PH/posts/pfbid03774bVf7Ca5Ca5bvrEBFnLQZjzT6Poerak4xjbpwtA35UoqrDN63Hx6f5tWaH6Lkzl,"General Flood Advisories
Issued @6AM, 19 May 2026

Region 3 (Central Luzon)-GFA#2
Region 6 (Western Visayas)-GFA#2 Final
Region 11 (Davao Region) GFA#3
Region 12 (SOCCSKSARGEN) GFA#3
BARMM -GFA#2",87,2,21,Severe,6,Photo; Photo; Photo; Photo; Photo,https://www.facebook.com/PAGASA.DOST.GOV.PH/posts/pfbid03774bVf7Ca5Ca5bvrEBFnLQZjzT6Poerak4xjbpwtA35UoqrDN63Hx6f5tWaH6Lkzl; https://scontent-lga3-3.xx.fbcdn.net/v/t39.30808-6/702291700_1445848570920125_7296254686251864276_n.jpg?stp=dst-jpg_s590x590_tt6&_nc_cat=104&ccb=1-7&_nc_sid=127cfc&_nc_ohc=GB4Lv5-cRgcQ7kNvwGZjfuo&_nc_oc=AdpdP1xPfXo1y3YGHaj9_LkcTtM31mukTbQ4QG5qNO6wHRdtpJedftZgV8DYji_sW8o&_nc_zt=23&_nc_ht=scontent-lga3-3.xx&_nc_gid=G7hDQkXeLHqOaPrTztupag&_nc_ss=72289&oh=00_Af6JlNEgbZmmVKj_ectU6nGl_pxSR6vg7MD-LXU_BpuZNQ&oe=6A122A88; https://scontent-lga3-1.xx.fbcdn.net/v/t39.30808-6/702094351_1445848567586792_4542954643394464897_n.jpg?stp=dst-jpg_s590x590_tt6&_nc_cat=103&ccb=1-7&_nc_sid=127cfc&_nc_ohc=GgkC3_9bifYQ7kNvwGB2fTK&_nc_oc=AdpdcRTmP2riRdbUl2AePEq6UFpCqrfPI9Euh08oV06UMAK2k4e18yYpqF-4-NPUX8Q&_nc_zt=23&_nc_ht=scontent-lga3-1.xx&_nc_gid=G7hDQkXeLHqOaPrTztupag&_nc_ss=72289&oh=00_Af5mk9sJ7zda9LMsjUen4sdi10c6c62hzQ1Ga1gOdYLmUA&oe=6A121204; https://scontent-lga3-1.xx.fbcdn.net/v/t39.30808-6/701789616_1445848520920130_9031277265953688209_n.jpg?stp=dst-jpg_s590x590_tt6&_nc_cat=110&ccb=1-7&_nc_sid=127cfc&_nc_ohc=Wg7ZgisGE94Q7kNvwF0gyg9&_nc_oc=AdpjjxaQ5czWH0pet0ux4VPxeoP9-gs-v7tbTj2wzhOpCNnADL6xdg6vF6eHZ80ER9k&_nc_zt=23&_nc_ht=scontent-lga3-1.xx&_nc_gid=G7hDQkXeLHqOaPrTztupag&_nc_ss=72289&oh=00_Af7HrZM4UsUleJqKDTr9lTUjtL--y9tAepNVcmL7DDa95w&oe=6A122FDF; https://scontent-lga3-3.xx.fbcdn.net/v/t39.30808-6/701123437_1445848574253458_656705047572510923_n.jpg?stp=dst-jpg_s590x590_tt6&_nc_cat=102&ccb=1-7&_nc_sid=127cfc&_nc_ohc=DJ4_abTDfWMQ7kNvwE_wzkV&_nc_oc=AdqzWFGezbr0_pEBKi3UaFVyDHX9cTetB4Eunqh3Wizoq5vb_Atqg_8SgfSXgPoO9TU&_nc_zt=23&_nc_ht=scontent-lga3-3.xx&_nc_gid=G7hDQkXeLHqOaPrTztupag&_nc_ss=72289&oh=00_Af6UDrEap6eMd8zVXSv_1lnfiqlzjjDP5aNGbW-C3JYPXg&oe=6A121F09; https://scontent-lga3-3.xx.fbcdn.net/v/t39.30808-6/700740199_1445848564253459_2161547483030964537_n.jpg?stp=dst-jpg_s590x590_tt6&_nc_cat=106&ccb=1-7&_nc_sid=127cfc&_nc_ohc=QOsvgpTLqcEQ7kNvwGmKWg3&_nc_oc=AdonTNrlW2pBQ6_07TJ8e1Zt3WQzMve07ELKV17FhlYELP9q2kl1HlI93Qq7uvGvnwM&_nc_zt=23&_nc_ht=scontent-lga3-3.xx&_nc_gid=G7hDQkXeLHqOaPrTztupag&_nc_ss=72289&oh=00_Af7OYlntU2_jHrx4pzXUf99dGZcNxiM4FOsbvDA6Ncxm2A&oe=6A120B8A
https://www.facebook.com/reel/1000016105904735/,"Sec. Remulla: At that moment, called in the OSAA operatives including the PNP and Marines and gave the order to lock and load...",61,9,5,Not Relevant,1,Video,https://www.facebook.com/reel/1000016105904735/
https://www.facebook.com/reel/2338716513281493/,PGen. Nartatez: That place is within the jurisdiction/control of GSIS...,32,5,0,Not Relevant,1,Video,https://www.facebook.com/reel/2338716513281493/
https://www.facebook.com/reel/977556758473112/,"Sec. Remulla: The GM [of GSIS] found it better to secure the entrances going into GSIS bec. Sen. Bato called for a people power movement, and had there been an anarchy in the building, the GSIS, contains billions of pesos worth of artworks that are displayed on their walls. Had there been an overflow of people going to GSIS, the losses would have been incredible...

He found it better for them to secure the doors so that there would be no commotion going inside to the GSIS building...",37,3,1,Not Relevant,1,Video,https://www.facebook.com/reel/977556758473112/
https://www.facebook.com/inquirerdotnet/posts/pfbid02bvrNwKVMV4NEvZXvMSsmNXdQcQfKzdYRbXx3c9yhvmNrfKXLVHBjgejMG5ybhPz2l,"WHO evaluates vaccines, treatments for Ebola outbreak",0,2,1,Not Relevant,1,GenericAttachmentMedia,https://external-dfw5-1.xx.fbcdn.net/emg1/v/t13/4480819902112657936?url=https%3A%2F%2Fglobalnation.inquirer.net%2Ffiles%2F2026%2F05%2FAFP__20260518__B38G49M__v2__HighRes__TopshotUgandaDrcongoHealthVirusEbola-scaled.jpg&fb_obo=1&utld=inquirer.net&stp=c0.5000x0.5000f_dst-jpg_flffffff_p500x261_q75_tt6&_nc_gid=vm6UsRdA7JCgAaJLEeMGkw&_nc_oc=AdqynzPJBtAcNBjGwoj6XELA-tSjyDZloLuzJ0kh8p_NygftVF18fZwr15JTG2b797A&ccb=13-1&oh=06_Q3-_AYCDySlORukpVz_m_8LFZy_6WqMm3DubMJsUDuckTxE-&oe=6A0E37B3&_nc_sid=c97757
https://www.facebook.com/inquirerdotnet/posts/pfbid02eZXa6ecHM1q4X9NRGFko8S1KAERv8qW5Bjzuhw2PrYTucGtrGsPonj3qF9S7EtWSl,Today's Evening Prayer. #INQPrayers,1481,157,131,Not Relevant,1,Photo,https://www.facebook.com/photo/?fbid=1426617886315829&set=a.295125726131723
https://www.facebook.com/reel/1141727724813314/,"PCOS has been renamed to PMOS in hopes of improving women’s health care. Here’s what that means.

READ MORE: https://inqnews.net/PCOSrenamed",11,2,3,Not Relevant,1,Video,https://www.facebook.com/reel/1141727724813314/
https://www.facebook.com/News5Everywhere/posts/pfbid02R4VUpkoJmwkAsnTyWXWZofQYJsyRhnEcf4AiYTgPBTzFxghztsEtLwRWodvBLEi6l,"‘MAS MASAHOL PA KAY HUDAS’

Ihinalintulad ni Sen. Rodante Marcoleta sa biblical character na si Judas ang sinumang kakalas sa samahan ng majority bloc sa Senado.

Matatandaang nito lamang May 11 nang magkaroon ng leadership change sa Senado kung saan nailuklok sa pwesto si Sen. Alan Peter Cayetano bilang bagong Senate President.

Sa kasalukuyan, 13 ang miyembro ng mayorya. Nadagdagan naman ang minorya matapos umanib sina Sen. Migz Zubiri at Sen. JV Ejercito nitong Lunes, May 18.",1907,564,41,Not Relevant,1,Photo,https://www.facebook.com/photo/?fbid=1510296424462219&set=a.647063400785530
https://www.facebook.com/News5Everywhere/videos/1667041881299234/,"FRONTLINE PILIPINAS LIVESTREAM | May 19, 2026",882,232,30,Not Relevant,1,Video,https://www.facebook.com/News5Everywhere/videos/1667041881299234/
https://www.facebook.com/reel/1308303554739413/,"ULANG DALA NG ENHANCED HABAGAT

#News5Now | Posibleng magkaroon ng enhanced Habagat sa kalagitnaan ng taon dahil sa El Niño.

Alamin ang paliwanag diyan sa report na ito. | via Alvin Pura",347,8,47,Not Relevant,1,Video,https://www.facebook.com/reel/1308303554739413/
https://www.facebook.com/PhilippineSTAR/posts/pfbid0kVsKYtBqvhEdQ2HKXWX1e5q4ZfMRVDgdcgZGWmz8qS1itmVq6hGijkoEJpokKGojl,,79,1,8,Not Relevant,0,,
https://www.facebook.com/PhilippineSTAR/posts/pfbid0738geoje1qzqEAuDwsezSoDDQYBGC24oAfjcYfLX1FY6wnsWJ9Z1S5FyUa1EybH6l,"'LABAG 'YUN SA PRINSIPYO NG SENADO'

Llamas on Sen. Rodante Marcoleta's proposal allowing senators to vote virtually: Dapat 'yung mga mahahalagang boto, hindi pwedeng mangyari 'yun. Marami silang pagbobotohan—treaties, tapos absent ka? Senate presidency, mga priority bills, hindi pwede 'yun! #TruthOnTheLine

LIVE: https://www.youtube.com/live/3BYrpWbX4WM",71,16,1,Not Relevant,3,Photo; Photo,https://www.facebook.com/PhilippineSTAR/posts/pfbid0738geoje1qzqEAuDwsezSoDDQYBGC24oAfjcYfLX1FY6wnsWJ9Z1S5FyUa1EybH6l; https://scontent-lga3-3.xx.fbcdn.net/v/t39.30808-6/702572652_1489506889879852_7807741905496641476_n.jpg?stp=dst-jpg_s590x590_tt6&_nc_cat=104&ccb=1-7&_nc_sid=127cfc&_nc_ohc=ob3b34BEc1cQ7kNvwGFBNpK&_nc_oc=AdoalcS0F-jcLC4nO-8ack60pLT0KolTMGymlUkoAHOIvEzt8iTg91suTRnGwJzShxM&_nc_zt=23&_nc_ht=scontent-lga3-3.xx&_nc_gid=VsiQ2bDvqvsf5sncilJQyA&_nc_ss=72289&oh=00_Af4h4Ued2LN14GP9LN136dg4WGTuGMDttnZ7hKzwnQHSWA&oe=6A121016; https://scontent-lga3-2.xx.fbcdn.net/v/t39.30808-6/702487600_1489507103213164_7238196790689079393_n.jpg?stp=dst-jpg_s590x590_tt6&_nc_cat=100&ccb=1-7&_nc_sid=127cfc&_nc_ohc=H8k8eSq5EfkQ7kNvwEZ6Rm1&_nc_oc=AdqmBu-slvWVahc8Z8EJHg4rsH6Aymr4jaOjGoY_U5FJMjAI3ZonzQ6_2w0SY-gvHq8&_nc_zt=23&_nc_ht=scontent-lga3-2.xx&_nc_gid=VsiQ2bDvqvsf5sncilJQyA&_nc_ss=72289&oh=00_Af4iGytX3bjA2gfvWQNW4oUa8bPCvTWOiw1KiefrFRWUbQ&oe=6A12144C
https://www.facebook.com/PhilippineSTAR/posts/pfbid02wUEZgc8S6ziN5v7XgYLZ8JQ6sFjCdnjicYbM45sUjnM1nHuNY3caeDrpn32RJzrtl,,29,1,1,Not Relevant,0,,
https://www.facebook.com/PAGASA.DOST.GOV.PH/posts/pfbid0nK39C3zowpdsBNjsi4v3wrLDipKd7dTHibcihPqbzCqvBZXPQ5avoQJPju5n41V6l,"Pampanga River Basin Update as of 5:00 AM, 19 May 2026",45,1,6,Not Relevant,1,Photo,https://www.facebook.com/photo/?fbid=1445824457589203&set=a.365711365600523
https://www.facebook.com/PAGASA.DOST.GOV.PH/videos/4468003140188244/,"Public Weather Forecast issued at 5:00 AM | May 19, 2026 - Tuesday

DOST-PAGASA Weather Specialist: Veronica C. Torres

#weatherreport  #dostpagasa 

PAGASA Weather Report (Subscribe for more weather updates)
Facebook Page (Like): / pagasa.dost.gov.ph
Twitter (Follow): / dost_pagasa
Website (Visit): http://bagong.pagasa.dost.gov.ph",222,71,96,Not Relevant,1,Video,https://www.facebook.com/PAGASA.DOST.GOV.PH/videos/4468003140188244/
https://www.facebook.com/PAGASA.DOST.GOV.PH/posts/pfbid0jASP9C5diNeqegrWg4MMcz5TCB5nPEsRFgrEk4KrAoumkAnDJQWLL3wnu9WUmiUTl,"24-HOUR PUBLIC WEATHER FORECAST
Issued at 4:00 AM, 19 May 2026

SYNOPSIS: Intertropical Convergence Zone (ITCZ) affecting southern Mindanao.

Forecast Weather Conditions

Area: Zamboanga Peninsula, BARMM, SOCCSKSARGEN, Davao Oriental, and Davao Occidental
Weather Condition: Cloudy skies with scattered rains and thunderstorms
Caused By: ITCZ
Impacts: Possible flash floods or landslides due to moderate to at times heavy rains

Area: Visayas and the rest of Mindanao
Weather Condition: Partly cloudy to cloudy skies with isolated rainshowers or thunderstorms
Caused By: Easterlies
Impacts: Possible flash floods or landslides during severe thunderstorms

Area: Metro Manila and the rest of Luzon
Weather Condition: Partly cloudy to cloudy skies with isolated rainshowers or thunderstorms
Caused By: Localized Thunderstorms
Impacts: Possible flash floods or landslides during severe thunderstorms

Forecast Wind and Coastal Water Conditions

Area: Extreme Northern Luzon
Wind Speed: Moderate
Wind Direction: Northeast to East
Coastal Waters: Moderate / (1.2 to 2.1 meters)

Area: The rest of Luzon
Wind Speed: Light to Moderate
Wind Direction: Northeast
Coastal Waters: Slight to Moderate / (0.6 to 1.8 meters)

Area: The rest of the country
Wind Speed: Light to Moderate
Wind Direction: East to Northeast
Coastal Waters: Slight to Moderate / (0.6 to 1.2 meters)

Extremes of Temperature and Relative Humidity for The 24-hour Period Ending 8:00 PM YESTERDAY

Minimum Temperature: 25.9 °C ... 5:00 AM
Maximum Temperature: 34.0 °C... 3:00 PM

Minumum Relative Humidity: 54 % ... 10:00 AM
Maximum Relative Humidity: 88 % ... 5:00 AM

TIDES AND ASTRONOMICAL INFORMATION Over Metro Manila

sunrise today: 5:28AM
sunset today: 6:18PM
moonrise today: 7:32AM
moonset today: 9:10PM
illumination today: 10%

For other information about weather, please log on to pagasa.dost.gov.ph or bagong.pagasa.dost.gov.ph or call at (02)927-1335/(02)926-4258",138,0,68,Severe,1,Photo,https://www.facebook.com/photo/?fbid=1445797054258610&set=a.365711365600523
https://www.facebook.com/inquirerdotnet/posts/pfbid02X4mB9q1VWFQriwT6bBTviid3Cat6TJZkeuCWnxB2amAPPjnRrUfPJxfMv9iXvUy7l,Joel Chua: House prosecutors ready to present evidence to Senate,27,10,0,Not Relevant,1,GenericAttachmentMedia,https://external.fric1-1.fna.fbcdn.net/emg1/v/t13/15508616675045651874?url=https%3A%2F%2Fnewsinfo.inquirer.net%2Ffiles%2F2026%2F04%2FJoel-Chua-6April2026.jpg&fb_obo=1&utld=inquirer.net&stp=c0.5000x0.5000f_dst-jpg_flffffff_p500x261_q75_tt6&_nc_gid=fP_FKmzZSZIti_PLm5jkkQ&_nc_oc=AdrFGpnjfRSzV-NWukUzmKeIfexganzauiY5qBhmGbRdxEHDreQ5fwgCJZO1g5hBtZA&ccb=13-1&oh=06_Q3-_AfKa_9CXGTe7WogpAagUcaLIgNL9LImJNrO8_izkTjBZ&oe=6A0E1C1E&_nc_sid=c97757
https://www.facebook.com/inquirerdotnet/posts/pfbid036487tZxxYNj54ktuqm2gsVdNstszb4dBTHaf1oLZg252oMaAStJyp8uV9PCMhs4ul,P10/liter fuel discount expanded to over 900 stations – DOE,7,2,4,Not Relevant,1,GenericAttachmentMedia,https://external.fric1-1.fna.fbcdn.net/emg1/v/t13/16093754425631543822?url=https%3A%2F%2Fbusiness.inquirer.net%2Ffiles%2F2026%2F04%2FSharon-Garin-08April2026.jpg&fb_obo=1&utld=inquirer.net&stp=c0.5000x0.5000f_dst-jpg_flffffff_p500x261_q75_tt6&_nc_gid=fP_FKmzZSZIti_PLm5jkkQ&_nc_oc=AdovL0OufVitpjoT9wv5874TobZlYnK3bN3cEYg2CiuycHcWTrzAOlPsBay9NirvIJA&ccb=13-1&oh=06_Q3-_Ab2dkYgjkWjkBGqbvyspnHjgVR_DBXzxi9WhfcxgZbLF&oe=6A0E2874&_nc_sid=c97757
https://www.facebook.com/inquirerdotnet/posts/pfbid02vrrHewbTK72MsYFqUpjYvRnSfUhEK6sLAiLpLGKwx4u1sgtaBC9tPSQJnMdvztq3l,"Vote now inqnews.net/bestemployers2027

Join the Philippines' Best Employers 2027 survey and make your voice count.

Your insights will help identify employers that go beyond the basics and create meaningful experiences for their employees.

Survey runs until May 31, 2026

#INQBestEmployers2027",3,2,2,Not Relevant,1,Photo,https://www.facebook.com/photo/?fbid=1426610002983284&set=a.295125726131723
https://www.facebook.com/PAGASA.DOST.GOV.PH/posts/pfbid0qBamy7y7i8s5a7vPEBuJQw7t5AdykWnZ8PzoiwBhpdcyeMAiXrgMg9yzgRX7kmVfl,"As of 2:00 AM today, 19 May 2026, No Low Pressure Areas (LPA) are being monitored for Tropical Cyclone Formation.
All are advised to monitor updates from DOST-PAGASA",845,23,114,Not Relevant,1,Photo,https://www.facebook.com/photo/?fbid=1445785647593084&set=a.365711365600523
https://www.facebook.com/PAGASA.DOST.GOV.PH/posts/pfbid0329Wga2tcB8KhJ3UUJqu2UDn4Haduv1vcoGNirfBU5xb8KYiyi9VpbPwWpaHU2xusl,"As of 8:00 PM today, 18 May 2026, No Low Pressure Areas (LPA) are being monitored for Tropical Cyclone Formation.
All are advised to monitor updates from DOST-PAGASA",575,7,71,Not Relevant,1,Photo,https://www.facebook.com/photo/?fbid=1445527900952192&set=a.365711365600523
https://www.facebook.com/PAGASA.DOST.GOV.PH/posts/pfbid09ycMDAsqCUWphjk18nbdSXB4xzihY2Rac7EWZReBuNDopbbdmNcp4EkPDsHEjqfYl,"Heat Index
Highest Computed 5-day Heat Index with 2-day Forecast as of 18 May 2026, 5:00PM 
For daily heat index information: 
https://www.pagasa.dost.gov.ph/weather/heat-index 
Information from the DOH Philippines about heat-related illnesses during extremely hot weather:
https://bit.ly/DOHPhPublicHealthAdvisory 
Don't forget to take necessary precautions and stay cool and hydrated everyone! ☀️🌡️ 
#HeatIndex #AngInit",226,8,71,Not Relevant,4,Photo; Photo; Photo,https://www.facebook.com/PAGASA.DOST.GOV.PH/posts/pfbid09ycMDAsqCUWphjk18nbdSXB4xzihY2Rac7EWZReBuNDopbbdmNcp4EkPDsHEjqfYl; https://scontent-lga3-3.xx.fbcdn.net/v/t39.30808-6/701273380_1445436370961345_3687480072630090673_n.jpg?stp=dst-jpg_s590x590_tt6&_nc_cat=104&ccb=1-7&_nc_sid=127cfc&_nc_ohc=bqVLRAo4ZLYQ7kNvwHx4fYn&_nc_oc=AdrrhCp6iigTBhUl_BemY209BrEF3SVdx7tppXsqvqVO9pK3boFVnYOYVdiwL-3MxFo&_nc_zt=23&_nc_ht=scontent-lga3-3.xx&_nc_gid=G7yPId0W7QxUoSmA-36-bw&_nc_ss=72289&oh=00_Af5h3w_CdDKJpHx49Ai8fsVXuRCkKqn-aPtZvElIJQrZGA&oe=6A121B63; https://scontent-lga3-1.xx.fbcdn.net/v/t39.30808-6/702752882_1445436347628014_4637615769763987273_n.jpg?stp=dst-jpg_s590x590_tt6&_nc_cat=103&ccb=1-7&_nc_sid=127cfc&_nc_ohc=FczCGVd78X0Q7kNvwEEMVyY&_nc_oc=Adq01rsg4jVxmLas0VAoerv4hB8QEeDf43sTZXmDIx5JE3QMBCJABcunPPQjehQrz2U&_nc_zt=23&_nc_ht=scontent-lga3-1.xx&_nc_gid=G7yPId0W7QxUoSmA-36-bw&_nc_ss=72289&oh=00_Af7wMOx_DfEuP0-uCfhBD_1eVXBYayMr3jJNgOXBXSdERA&oe=6A122FA5; https://scontent-lga3-2.xx.fbcdn.net/v/t39.30808-6/702044015_1445436330961349_6840660600556381656_n.jpg?stp=dst-jpg_p552x414_tt6&_nc_cat=101&ccb=1-7&_nc_sid=127cfc&_nc_ohc=f6zxD9QA9oQQ7kNvwHhXg20&_nc_oc=Adq0grXsyhc7wPOjFW4TNSN1kStyOBkjVdmxd0DO6Ezijg0dEriYJRTqWolq6-9YJfQ&_nc_zt=23&_nc_ht=scontent-lga3-2.xx&_nc_gid=G7yPId0W7QxUoSmA-36-bw&_nc_ss=72289&oh=00_Af4NSLcCC350hGny_9jbCkR09aNPd6GLqSx4e3lhUNOktA&oe=6A122D36
https://www.facebook.com/inquirerdotnet/posts/pfbid0AjjPJHRt6mmygc99wR2UZW59ScgKzyvRqF37XFKicFehS63rKtfsNCHB2GNs9nTzl,Mark Villar is new Senate finance committee head,938,208,36,Not Relevant,1,GenericAttachmentMedia,https://external-iad3-2.xx.fbcdn.net/emg1/v/t13/15882825931123012888?url=https%3A%2F%2Fnewsinfo.inquirer.net%2Ffiles%2F2026%2F03%2FMark-Villar-11March2026.jpg&fb_obo=1&utld=inquirer.net&stp=c0.5000x0.5000f_dst-jpg_flffffff_p500x261_q75_tt6&_nc_gid=A0C0FMadzMfJRfrsUAvppA&_nc_oc=AdqVVZARSfvHj2UC5r_GPna5H9JDQ1qTtXRjxHqA86AGPSK5s7zYYfwvJLne7iuir93jEz_W03UnhBd9lA-76vZd&ccb=13-1&oh=06_Q3-_ATEp3X_ApppQwwdhi3A7tCsQnu_A-9DOCwIomEY78WTG&oe=6A0E3B05&_nc_sid=c97757
https://www.facebook.com/inquirerdotnet/posts/pfbid0ufPq6W8493mx7piEiE1Curey2v8vPgQVLDiwjbfvGNfFHTwjAdhbfPhC5wUpuSUJl,PH stocks fall as Brent crude nears $110 mark,1,4,0,Not Relevant,1,GenericAttachmentMedia,https://external-iad3-2.xx.fbcdn.net/emg1/v/t13/3371274858642475127?url=https%3A%2F%2Fbusiness.inquirer.net%2Ffiles%2F2026%2F05%2FPSEI-LND-MAY192026.png&fb_obo=1&utld=inquirer.net&stp=c0.5000x0.5000f_dst-jpg_flffffff_p500x261_q75_tt6&_nc_gid=A0C0FMadzMfJRfrsUAvppA&_nc_oc=AdrK_bQhjLtnffZAMLDOUev2E_WO-uIhafJvMJa4z8mJVEWZsEflec5RKVKaGY3LmTPr-fDLX5xG9NvBZX7QLa1S&ccb=13-1&oh=06_Q3-_AbvMBMhH2SqyXzqQHwtl_yOsg_Q5NMLsnAJxjrG4A2Ve&oe=6A0E3742&_nc_sid=c97757
https://www.facebook.com/inquirerdotnet/posts/pfbid0uhMpYv4u1c7BDkrPNJJ7qkFEdg5fWMJPdCMx7NF5MqRgqbjuWgfYHN6LA5LeSRsql,Luistro: Continue impeachment trial even if Sara Duterte resigns,217,148,4,Not Relevant,1,GenericAttachmentMedia,https://external-iad3-2.xx.fbcdn.net/emg1/v/t13/8651121068027647156?url=https%3A%2F%2Fnewsinfo.inquirer.net%2Ffiles%2F2026%2F05%2Fluistro-19may2026.jpg&fb_obo=1&utld=inquirer.net&stp=c0.5000x0.5000f_dst-jpg_flffffff_p500x261_q75_tt6&_nc_gid=A0C0FMadzMfJRfrsUAvppA&_nc_oc=Adq8cB4-zTlAKTLciF_kRlnu3Gpsx0dXKfl1_iAtJtvyk2roOxki-FA_OMFnKsVzW2JnirMad6t08-NKdbvcDgCY&ccb=13-1&oh=06_Q3-_AVW-qYAIpeLY35jPjQLabnuKwNIaFWtqsetFzObJiP5S&oe=6A0E12DF&_nc_sid=c97757
https://www.facebook.com/PhilippineSTAR/posts/pfbid0LXBnv7Pk4zHJCMj4ne4kBTimLUVBLDbb48JW2asB6qeYttK8iDVSxT2h9S8J5YWFl,"‘I HAVE NEVER SEEN A SENATE THIS DEVASTATED’

Llamas criticizes the current state of the Senate, notes senators facing several issues and unresolved investigations.

""Hindi lang 'yung mga senador  kasi nawawasak ang perception, ang image, ang optics —  'yung buong Senado. #TruthOnTheLine

LIVE: https://www.youtube.com/live/3BYrpWbX4WM",81,9,2,Not Relevant,3,Photo; Photo,https://www.facebook.com/PhilippineSTAR/posts/pfbid0LXBnv7Pk4zHJCMj4ne4kBTimLUVBLDbb48JW2asB6qeYttK8iDVSxT2h9S8J5YWFl; https://scontent-lga3-2.xx.fbcdn.net/v/t39.30808-6/702465623_1489502109880330_4427448329645048675_n.jpg?stp=dst-jpg_s590x590_tt6&_nc_cat=1&ccb=1-7&_nc_sid=127cfc&_nc_ohc=FisH2X3LiPAQ7kNvwHCb5sH&_nc_oc=AdpyBqeXPM62zdoTqr4XsoM9Bn3vtQJHRpT5BHhbixw1oKuriIGQTQWOYpyAvm30_R8xQdtgyAQnQEPc0r_qiVKe&_nc_zt=23&_nc_ht=scontent-lga3-2.xx&_nc_gid=eW1Y0g3V1TnImcOH4fDz-A&_nc_ss=72289&oh=00_Af4shY7wKfADrMI2O436hJczyArp7xMt1BrqJ8KKvsQ4YQ&oe=6A1207AC; https://scontent-lga3-2.xx.fbcdn.net/v/t39.30808-6/702866432_1489502519880289_8723166633691583026_n.jpg?stp=dst-jpg_s590x590_tt6&_nc_cat=1&ccb=1-7&_nc_sid=127cfc&_nc_ohc=87kQWMbbVmkQ7kNvwFWP8Dq&_nc_oc=AdqL6TxyDjr28g0G48x80uAVnsrpTKw0qqF6djuw5fODTrMjzAWgyxk-PBjXalhOHJB15wgkjq6Xphy-bfWPBbaf&_nc_zt=23&_nc_ht=scontent-lga3-2.xx&_nc_gid=eW1Y0g3V1TnImcOH4fDz-A&_nc_ss=72289&oh=00_Af4-ivMNKblPFU4HyHFieNxSJbxnewIKgpwSOabTvB6uLQ&oe=6A121165
https://www.facebook.com/PhilippineSTAR/posts/pfbid0sTQ91jw6FZrpmPaq5376PvDwJckmgC8TkdFpyh64xJRBPRTcYyQud4wWmWuvqj1vl,"‘NANIGURADO SILA’

Llamas on Senators Migz Zubiri and JV Ejercito joining the minority bloc: Nanigurado sila... Madali naman silang tumalon kaagad doon sa minority dahil mas natural sa kanila 'yun. #TruthOnTheLine

LIVE: https://www.youtube.com/live/3BYrpWbX4WM",1075,97,0,Not Relevant,3,Photo; Photo,https://www.facebook.com/PhilippineSTAR/posts/pfbid0sTQ91jw6FZrpmPaq5376PvDwJckmgC8TkdFpyh64xJRBPRTcYyQud4wWmWuvqj1vl; https://scontent-lga3-2.xx.fbcdn.net/v/t39.30808-6/702849689_1489487083215166_6676651393237639121_n.jpg?stp=dst-jpg_s590x590_tt6&_nc_cat=1&ccb=1-7&_nc_sid=127cfc&_nc_ohc=LyKjMln4ctoQ7kNvwGHeYNL&_nc_oc=AdphTRE4toc7HAAwhINUnnmkBDmBVx2ZfvjEM0-8nlSg2RJo6n0zWv7Hj6id22rJ6s_-z_YMOGmVOmequkHG3Cvg&_nc_zt=23&_nc_ht=scontent-lga3-2.xx&_nc_gid=eW1Y0g3V1TnImcOH4fDz-A&_nc_ss=72289&oh=00_Af7spQwwQ_mEkpFDc02rS4LDLzEVc38bFwygGuX3OqCrWw&oe=6A123497; https://scontent-lga3-2.xx.fbcdn.net/v/t39.30808-6/702375692_1489489136548294_7842642594950860147_n.jpg?stp=dst-jpg_s590x590_tt6&_nc_cat=1&ccb=1-7&_nc_sid=127cfc&_nc_ohc=ZHfn4HAdbKYQ7kNvwFkhDOv&_nc_oc=Adrx7__7DUswjQpEBB_B_-Z6X9qG7A9qfkDZ7F5kFwWKmNTcKx5VwHWdxL5DpizTlSfVE9BKhq6AAsysRrD2ffZj&_nc_zt=23&_nc_ht=scontent-lga3-2.xx&_nc_gid=eW1Y0g3V1TnImcOH4fDz-A&_nc_ss=72289&oh=00_Af4556082XrQpIDOBleWs6nQmE_04_lRhcsVLQAx5yvTSQ&oe=6A120AD8
https://www.facebook.com/PhilippineSTAR/posts/pfbid0Dynq43SgusbwUsWxENYgbrhSnRGgthjDGi2fHoFdWPCU5LzV8sx4hnXHf3VtK69fl,"‘KAHIT MISMO SIYA [SP CAYETANO], TAKEN ABACK’

Llamas on the political tensions in the Senate concerning chairmanship of the powerful Blue Ribbon Committee: With a one-person majority, hindi niya [SP Alan Cayetano] rin pwede masiyadong i-antagonize 'yung 11-person minority. Kaya nag-hesitate din siya. 

As of writing, the Senate has yet to elect a new Blue Ribbon Committee chair. #TruthOnTheLine

LIVE: https://www.youtube.com/live/3BYrpWbX4WM",39,1,0,Not Relevant,3,Photo; Photo,https://www.facebook.com/PhilippineSTAR/posts/pfbid0Dynq43SgusbwUsWxENYgbrhSnRGgthjDGi2fHoFdWPCU5LzV8sx4hnXHf3VtK69fl; https://scontent-lga3-2.xx.fbcdn.net/v/t39.30808-6/703796751_1489477513216123_8125446217326984531_n.jpg?stp=dst-jpg_s590x590_tt6&_nc_cat=1&ccb=1-7&_nc_sid=127cfc&_nc_ohc=vIcn2nUjJ_0Q7kNvwFq96dj&_nc_oc=Adoni0NRCMTiB1oKGBm0wMcGzJdgMYZMEDl0-wUdhojSfmboYtRy6h-rkg45qGpCXgjwrZhYXwnGkv1qWhvEy8ak&_nc_zt=23&_nc_ht=scontent-lga3-2.xx&_nc_gid=eW1Y0g3V1TnImcOH4fDz-A&_nc_ss=72289&oh=00_Af4oDXnnJJKKlyokHSrVpeXZ83YM8wPlkcGSz-G6hyqqMQ&oe=6A1230C5; https://scontent-lga3-2.xx.fbcdn.net/v/t39.30808-6/702470413_1489477969882744_8191171804569023253_n.jpg?stp=dst-jpg_s590x590_tt6&_nc_cat=1&ccb=1-7&_nc_sid=127cfc&_nc_ohc=bG8zSyONDLsQ7kNvwH4OsES&_nc_oc=Adrd-NPhjhg6V5g4_kkc-5LYlZ198ZtIacjW8q5Mws77bsHMPB7rS5FlVWkezxQHQFCWIUVH-5SkenVWEMjdVuRU&_nc_zt=23&_nc_ht=scontent-lga3-2.xx&_nc_gid=eW1Y0g3V1TnImcOH4fDz-A&_nc_ss=72289&oh=00_Af4U9yxVJXM9K0FrZXL7n6VhEsZipNZiWgIvquwdgOpM9w&oe=6A1223D1
https://www.facebook.com/PAGASA.DOST.GOV.PH/posts/pfbid02FFqM8EFiv47TNt5G6FXFWvKNiaZeXSaZjv1iWC3UsYBSktZKs4HdEMHZeKnCygo6l,"General Flood Advisories
Issued @6PM, 18 May 2026

Region 6 (Western Visayas)-GFA#1
Region 3 (Central Luzon)-GFA#1
Region 11 (Davao Region) GFA#2
Region 12 (SOCCSKSARGEN) GFA#2
BARMM -GFA#1",68,0,12,Moderate,6,Photo; Photo; Photo; Photo; Photo,https://www.facebook.com/PAGASA.DOST.GOV.PH/posts/pfbid02FFqM8EFiv47TNt5G6FXFWvKNiaZeXSaZjv1iWC3UsYBSktZKs4HdEMHZeKnCygo6l; https://scontent-lga3-1.xx.fbcdn.net/v/t39.30808-6/700078595_1445391304299185_3167966265941041057_n.jpg?stp=dst-jpg_s590x590_tt6&_nc_cat=103&ccb=1-7&_nc_sid=127cfc&_nc_ohc=Ispa11urJG0Q7kNvwE7VVq2&_nc_oc=AdrcoeJQ3W1Ed5GqyG1K6tYsOqAVV085ojS6M1SzMMlL6loN0gaob2G3_WPHfB47HdE&_nc_zt=23&_nc_ht=scontent-lga3-1.xx&_nc_gid=kexorru3XgdDw8Z1nQTwiQ&_nc_ss=72289&oh=00_Af7gaOq0gCkTn6LxdFBYt_HNLa1JBV5pX3ddbGwAjlFPPQ&oe=6A1217CC; https://scontent-lga3-2.xx.fbcdn.net/v/t39.30808-6/700361703_1445391314299184_7974090651053835301_n.jpg?stp=dst-jpg_s590x590_tt6&_nc_cat=101&ccb=1-7&_nc_sid=127cfc&_nc_ohc=NzywzvTX5VsQ7kNvwFx3h21&_nc_oc=AdrroBoI-d4NHCbXSAJGbI-GITfuwZWoBuvcgm_5SetNDJqPqrOdihegQiT7XBoBOEc&_nc_zt=23&_nc_ht=scontent-lga3-2.xx&_nc_gid=kexorru3XgdDw8Z1nQTwiQ&_nc_ss=72289&oh=00_Af6h0LjwbSPUUTyB2nWP6l01TcunWY8xKFdFcHfb7ULsCg&oe=6A12271B; https://scontent-lga3-3.xx.fbcdn.net/v/t39.30808-6/702065187_1445391317632517_3551650913382784894_n.jpg?stp=dst-jpg_s590x590_tt6&_nc_cat=106&ccb=1-7&_nc_sid=127cfc&_nc_ohc=3u5woGJ0-1cQ7kNvwG9Ms6O&_nc_oc=AdqR1YcjG4GVyn3fZbPIAs4xTIFvAMg0MLCM89KtLhx7ZTrHpyL0dhedA8Xv4meS0zE&_nc_zt=23&_nc_ht=scontent-lga3-3.xx&_nc_gid=kexorru3XgdDw8Z1nQTwiQ&_nc_ss=72289&oh=00_Af64eIPKACjZg_5QuGLx5VtGp95xf15zYWJhHKq84Obr1g&oe=6A123991; https://scontent-lga3-1.xx.fbcdn.net/v/t39.30808-6/701663680_1445391310965851_6283084371892581207_n.jpg?stp=dst-jpg_s590x590_tt6&_nc_cat=103&ccb=1-7&_nc_sid=127cfc&_nc_ohc=45spNRbDeOAQ7kNvwEBd98W&_nc_oc=AdrByjROISAulC3RMOgkKAlhpLuxm8csffMoYW_D_czqsfgPJfr7joq6y_DGqA3PCd4&_nc_zt=23&_nc_ht=scontent-lga3-1.xx&_nc_gid=kexorru3XgdDw8Z1nQTwiQ&_nc_ss=72289&oh=00_Af4Onas3bSWlE5EtipKQtYJNtC_GmVWVzfaveO1hG3Bspg&oe=6A123748; https://scontent-lga3-1.xx.fbcdn.net/v/t39.30808-6/700472032_1445391307632518_1649645796276950963_n.jpg?stp=dst-jpg_s590x590_tt6&_nc_cat=109&ccb=1-7&_nc_sid=127cfc&_nc_ohc=7ZvdaOZRW88Q7kNvwHfDrvX&_nc_oc=AdpD8fQvirPpbNv-gKqkT2xk_cxi5qdSHJiq2AIH823ya_Ri24Ru0XaJaj-EJtiGQtE&_nc_zt=23&_nc_ht=scontent-lga3-1.xx&_nc_gid=kexorru3XgdDw8Z1nQTwiQ&_nc_ss=72289&oh=00_Af4mUEjyZ6PTQdBmeIcwXvwM5CsxHbfHG4RW0OnlDmWLTg&oe=6A120FFE
https://www.facebook.com/PAGASA.DOST.GOV.PH/posts/pfbid02uPzdDUAZyHC6Dv9mFvoTdFMueXXHGgaK4WHnjDG6o57yWDu1NWibKdGFS98vmLiVl,"Discover astronomy, experience open government 

DOST-PAGASA supports the celebration of the Open Government Week (OGW) on May 18-22, 2026.  

We will be hosting FREE planentarium shows on May 19, 2026 (Tuesday) at 10:00AM and 3:00PM at the PAGASA Science Garden, Quezon City. 

This is a great opportunity to learn more about the wonders of the universe! No reservation required. Walk-ins are welcome on a first-come, first-served basis.

#OpenGovWeek #OpenGovPH
#OneDOST4U
#SolutionsAndOpportunitiesForAll",301,2,102,Not Relevant,4,Photo; Photo; Photo,https://www.facebook.com/PAGASA.DOST.GOV.PH/posts/pfbid02uPzdDUAZyHC6Dv9mFvoTdFMueXXHGgaK4WHnjDG6o57yWDu1NWibKdGFS98vmLiVl; https://scontent-lga3-3.xx.fbcdn.net/v/t39.30808-6/700971214_1445365014301814_365584951348810053_n.jpg?stp=dst-jpg_p350x350_tt6&_nc_cat=104&ccb=1-7&_nc_sid=127cfc&_nc_ohc=p1DFIHHSKGgQ7kNvwHFa_G9&_nc_oc=AdqWQ0IYhGv_TVXkrJeKo1sybNJ7mydY2HQFePfVxBoSuQ14AJqFL36vTXCQERFgJYI&_nc_zt=23&_nc_ht=scontent-lga3-3.xx&_nc_gid=kexorru3XgdDw8Z1nQTwiQ&_nc_ss=72289&oh=00_Af4wN6gQJZHwqCVOO05aGhzZttVv6zlC8tmKBtLbkSeAwg&oe=6A121C61; https://scontent-lga3-3.xx.fbcdn.net/v/t39.30808-6/702064372_1445360230968959_8349566847043868000_n.jpg?stp=dst-jpg_s590x590_tt6&_nc_cat=108&ccb=1-7&_nc_sid=127cfc&_nc_ohc=ruMaa_2sviYQ7kNvwHCoOTB&_nc_oc=AdoSrS2YlnfEtcTKAQslCkTOMhz8lQry8UW5dkRLiZYBA9cacKTdLZhnDVCpizYwbhY&_nc_zt=23&_nc_ht=scontent-lga3-3.xx&_nc_gid=kexorru3XgdDw8Z1nQTwiQ&_nc_ss=72289&oh=00_Af5QcFQEkXlWjIwdvcPWAo7Bs5mZd3DOjJm-OAWeo011TA&oe=6A122787; https://scontent-lga3-3.xx.fbcdn.net/v/t39.30808-6/701512635_1445367907634858_5724792379606016009_n.jpg?stp=dst-jpg_s590x590_tt6&_nc_cat=104&ccb=1-7&_nc_sid=127cfc&_nc_ohc=ip1v-sZk6yoQ7kNvwH2eIy3&_nc_oc=AdqTuLoXRaUgdW2WGun1Q5qi8VKdU4TqI4wzc5p24YgzXX9UYXgg7QZZ8Zw13X_3gqE&_nc_zt=23&_nc_ht=scontent-lga3-3.xx&_nc_gid=kexorru3XgdDw8Z1nQTwiQ&_nc_ss=72289&oh=00_Af6ujyV9QD_btNG9CGh7PpmdGjNtr6UhDzY8jskUIwqm-A&oe=6A122B9A
https://www.facebook.com/PAGASA.DOST.GOV.PH/posts/pfbid02zfnM4wRXQNikEzTFjChZbdH7SF3hYS24nb9cVAvBHqupDA3awmdafPL3SACjg8GQl,"Heat Index
Highest Computed 5-day Heat Index as of 18 May 2026, 5:00PM 
For daily heat index information: 
https://www.pagasa.dost.gov.ph/weather/heat-index 
Information from the DOH Philippines about heat-related illnesses during extremely hot weather:
https://bit.ly/DOHPhPublicHealthAdvisory 
Don't forget to take necessary precautions and stay cool and hydrated everyone! ☀️🌡️ 
#HeatIndex #AngInit",139,1,52,Not Relevant,4,Photo; Photo; Photo,https://www.facebook.com/PAGASA.DOST.GOV.PH/posts/pfbid02zfnM4wRXQNikEzTFjChZbdH7SF3hYS24nb9cVAvBHqupDA3awmdafPL3SACjg8GQl; https://scontent-lga3-3.xx.fbcdn.net/v/t39.30808-6/702144215_1445359204302395_2895296495947235181_n.jpg?stp=dst-jpg_s590x590_tt6&_nc_cat=106&ccb=1-7&_nc_sid=127cfc&_nc_ohc=iUxFtwR6LMUQ7kNvwF4tJnE&_nc_oc=AdogHxhAzuu8oRcqhN0njP8iM3UHqgg76FXRfwv5goMVru2zBlWnijwpkbkjicZ_Uho&_nc_zt=23&_nc_ht=scontent-lga3-3.xx&_nc_gid=kexorru3XgdDw8Z1nQTwiQ&_nc_ss=72289&oh=00_Af5kFmjSo3IwOdigPL9bo_hce03NdbQyctVMb789IyGIOA&oe=6A121310; https://scontent-lga3-3.xx.fbcdn.net/v/t39.30808-6/701056293_1445359177635731_2583128534282355235_n.jpg?stp=dst-jpg_p552x414_tt6&_nc_cat=102&ccb=1-7&_nc_sid=127cfc&_nc_ohc=zh8Kadr3Ip4Q7kNvwFDEb_U&_nc_oc=AdqIO6_aEwDkvGrl0_qc-FkVav74W9mr9EsSYxf9OrC8Kh2zSTzHf_I14fTThHO5rjo&_nc_zt=23&_nc_ht=scontent-lga3-3.xx&_nc_gid=kexorru3XgdDw8Z1nQTwiQ&_nc_ss=72289&oh=00_Af7IvHOkATjlwgNOrzYjNUkGIjFyPVae9nk5RmYWDc_9zw&oe=6A122F2B; https://scontent-lga3-1.xx.fbcdn.net/v/t39.30808-6/701255899_1445359200969062_6369431577619089398_n.jpg?stp=dst-jpg_s590x590_tt6&_nc_cat=103&ccb=1-7&_nc_sid=127cfc&_nc_ohc=0MrzTrwZ6lwQ7kNvwFRKGwt&_nc_oc=AdqJV4aZ6xj-foC27btAKdRDHCtQvucOQrpNTK5XsUHBNbmQmHem3SLnAg-8vWuLGbw&_nc_zt=23&_nc_ht=scontent-lga3-1.xx&_nc_gid=kexorru3XgdDw8Z1nQTwiQ&_nc_ss=72289&oh=00_Af4oDvCr6ucEPWiKyjj-7Lu5IV73mYzEOPY06VHE6L_bWQ&oe=6A1225AE
https://www.facebook.com/inquirerdotnet/posts/pfbid0i5RZGFbg3aweHC25AR1XX3VRdLKaggaQSwarK66jvLJ2ZzHgQJeQAU93PZF8DU9el,Comelec encourages aspiring voters to register early,4,2,0,Not Relevant,1,GenericAttachmentMedia,https://external-lga3-3.xx.fbcdn.net/emg1/v/t13/7667586748583418248?url=https%3A%2F%2Fwww.inquirer.net%2Fwp-content%2Fuploads%2F2025%2F10%2FScreenshot-2025-10-21-at-6.05.12-PM-1200x737.png&fb_obo=1&utld=inquirer.net&stp=c0.5000x0.5000f_dst-jpg_flffffff_p500x261_q75_tt6&_nc_gid=xsoT12wJF1AJt4jEZgkk9Q&_nc_oc=AdrYxjrRFCXWWlxfEhXTidzaVLl7zv-yFLZJ1UxQYFtVEMGy7r_axYa5hkUtMT9NhT4&ccb=13-1&oh=06_Q3-_AUU-7kVxWw6v2aJq3QRYiXc6554m-B28CUn3lPk28kVk&oe=6A0E1CB9&_nc_sid=c97757
https://www.facebook.com/inquirerdotnet/posts/pfbid022rgjMfKobqDGQmVABgw9ndKdzneFPz4KGVMmpMXfY76uZAwKt6oKuZhguyqaVvmZl,"LOOK: Senators gather for a brief huddle during a break in the plenary session at the Senate on May 19, 2026, as lawmakers discuss pending legislative measures, including a bill prohibiting the detention of patients over unpaid hospital bills and a proposed Magna Carta for barangay health workers. | 📸: Niño Jesus Orbeta, Philippine Daily Inquirer",171,25,5,Not Relevant,6,Photo; Photo; Photo; Photo; Photo,https://www.facebook.com/inquirerdotnet/posts/pfbid022rgjMfKobqDGQmVABgw9ndKdzneFPz4KGVMmpMXfY76uZAwKt6oKuZhguyqaVvmZl; https://scontent-lga3-3.xx.fbcdn.net/v/t39.30808-6/702410996_1426604512983833_2118736185124423088_n.jpg?stp=dst-jpg_s590x590_tt6&_nc_cat=1&ccb=1-7&_nc_sid=127cfc&_nc_ohc=YuXyruJ-Q9YQ7kNvwHYgy2_&_nc_oc=AdphMsqIsYYuPAbY1-zNqkFHBfm5v6GEsOtjr1aZP8_9OJ_NPy4iosKA5Uc4SAYploY&_nc_zt=23&_nc_ht=scontent-lga3-3.xx&_nc_gid=xsoT12wJF1AJt4jEZgkk9Q&_nc_ss=72289&oh=00_Af7kLbfYXOpZbP0PqXLWaTYUMyHC7G15Mlgj83m3dm60GA&oe=6A121A00; https://scontent-lga3-3.xx.fbcdn.net/v/t39.30808-6/702309472_1426604542983830_1661035869513293529_n.jpg?stp=dst-jpg_s590x590_tt6&_nc_cat=1&ccb=1-7&_nc_sid=127cfc&_nc_ohc=B0kSzLA5-P8Q7kNvwFH07Z-&_nc_oc=AdpcqUYQPSYGuAgncuHYJnEuMlLXTle9r4hmOh6F6VlTl7NScQyCwbxO5wSBXx4By4Y&_nc_zt=23&_nc_ht=scontent-lga3-3.xx&_nc_gid=xsoT12wJF1AJt4jEZgkk9Q&_nc_ss=72289&oh=00_Af4pnk55NQC3W1-ZTqp1-5tL7l9wH2XHXhgdBiBsYdwYHA&oe=6A123005; https://scontent-lga3-3.xx.fbcdn.net/v/t39.30808-6/702365795_1426604539650497_6729558094354116734_n.jpg?stp=dst-jpg_s590x590_tt6&_nc_cat=1&ccb=1-7&_nc_sid=127cfc&_nc_ohc=7DFz5S42K_4Q7kNvwEDlfDd&_nc_oc=AdpLNAacTZP4vl1cYz4Jdmzp7Sqx2V4lG9uDdN3SOweZu-m_4m9P42ztXBcZ6JgxK5o&_nc_zt=23&_nc_ht=scontent-lga3-3.xx&_nc_gid=xsoT12wJF1AJt4jEZgkk9Q&_nc_ss=72289&oh=00_Af7P8J7IbP06OvgOLAG26oGKid2kRJ6mMfgagzjqCKSwCg&oe=6A1220C4; https://scontent-lga3-3.xx.fbcdn.net/v/t39.30808-6/702718131_1426604562983828_6544178756927334353_n.jpg?stp=dst-jpg_s590x590_tt6&_nc_cat=1&ccb=1-7&_nc_sid=127cfc&_nc_ohc=ekaIvYBxIK0Q7kNvwGsjZCt&_nc_oc=Adr1eAP05qZNGoST1upGQtsVFZ5UFwR5YyhHrUuKJbda6lQvS86eDV9NzGlq2FDdv3A&_nc_zt=23&_nc_ht=scontent-lga3-3.xx&_nc_gid=xsoT12wJF1AJt4jEZgkk9Q&_nc_ss=72289&oh=00_Af4yFT2jBYkDneSBrglALeM3kuijnyZZQR4WWM-oFDQmDw&oe=6A120824; https://scontent-lga3-3.xx.fbcdn.net/v/t39.30808-6/701438046_1426604586317159_7062862454954051343_n.jpg?stp=dst-jpg_s590x590_tt6&_nc_cat=1&ccb=1-7&_nc_sid=127cfc&_nc_ohc=fx9_0iZSB_IQ7kNvwFOmBYG&_nc_oc=AdqFYp6q7y6B0e5WZOL9aMrkBZukbkjtcOOcVw7z2kI4xVp6-h14CGKwE_hBlR5OuII&_nc_zt=23&_nc_ht=scontent-lga3-3.xx&_nc_gid=xsoT12wJF1AJt4jEZgkk9Q&_nc_ss=72289&oh=00_Af7ufYGDb6F3g2MOe-Rj8HulGYeFlGPGZAd_h_SCvpdYWg&oe=6A120961
https://www.facebook.com/reel/1521338842839238/,"‘KAYA MAHAL ‘YAN NI LORD EH’ 🥹🧡

WATCH: A fur parent from Cebu City brought their seven-year-old cat, Keken, to their family’s bible study, where the fur baby complied attentively. 

Uploader Jason told the Inquirer that they always do bible reading every Sunday, and make Keken participate since it is well-behaved and obedient. 

“[Kasama] siya kasi hindi siya malikot, nakikinig, tapos may treat siya pagkatapos, which is favorite [rin] niya, malambing siyang pusa,” he said. 

He also shared that they rescued Keken from the streets as a kitten, and even though he initially disliked cats, he eventually found himself seeking Keken’s presence regularly. 

“[Noong mag-boyfriend-girlfriend pa kami ng asawa ko, hindi ko talaga gusto ‘yung pusa, ‘yung wife ko lang mahilig, pero ngayon hindi ako makatulog ‘pag hindi ko siya katabi],” he shared. 

📹: Jason (via Edalyn Erandio/INQUIRER.net)

Got any interesting stories, photos, or videos? Send us a message or share your experience here: inqnews.net/BAICommunity #BeAnINQUIRER #BAIxINQ",594,6,25,Not Relevant,1,Video,https://www.facebook.com/reel/1521338842839238/
https://www.facebook.com/PhilippineSTAR/posts/pfbid0j3T25TRA8ytzSX4QQVQAehGugWmJZTXg7YNe4oVK7EWS8GBUByZhHzjGGvWf5B4Nl,"‘SANGKATUTAK NA GULO PA RIN’

Political analyst Ronald Llamas points out “messy” Senate, adds there are ongoing negotiations among senators concerning leadership. 

""Noong isang araw kasi muntik na mabago. Marami nang gustong bumaliktad,"" he comments. #TruthOnTheLine

LIVE: https://youtube.com/live/3BYrpWbX4WM",43,14,0,Not Relevant,3,Photo; Photo,https://www.facebook.com/PhilippineSTAR/posts/pfbid0j3T25TRA8ytzSX4QQVQAehGugWmJZTXg7YNe4oVK7EWS8GBUByZhHzjGGvWf5B4Nl; https://scontent-iad6-1.xx.fbcdn.net/v/t39.30808-6/702539325_1489470976550110_3225775121286625136_n.jpg?stp=dst-jpg_s590x590_tt6&_nc_cat=1&ccb=1-7&_nc_sid=127cfc&_nc_ohc=TwDzZ6lwCbgQ7kNvwGgpfWq&_nc_oc=Adq85Zpeim4LvL3USSty4qVGpgFFKrlcJpP1eI8G36Xnfmom_8KT5mEx--MuF1bI62Y&_nc_zt=23&_nc_ht=scontent-iad6-1.xx&_nc_gid=B3GGbNu2at-VKpiJGmX27A&_nc_ss=72289&oh=00_Af42jM5uvlRfHCYDzLGNl_1zI81tjABypEZmcQHq-3JJYw&oe=6A1239CD; https://scontent-iad3-2.xx.fbcdn.net/v/t39.30808-6/702530107_1489480406549167_5971859743426849012_n.jpg?stp=dst-jpg_s590x590_tt6&_nc_cat=105&ccb=1-7&_nc_sid=127cfc&_nc_ohc=kyNAP0AdVsEQ7kNvwHzqKz4&_nc_oc=Adq_uDwN-2Tq_mEVfErlHbjdUYq9VmE74Egk6qbd_Df7D8D3cSM7L7nLcfu0F_P46I4&_nc_zt=23&_nc_ht=scontent-iad3-2.xx&_nc_gid=B3GGbNu2at-VKpiJGmX27A&_nc_ss=72289&oh=00_Af75r1HSOtnU8kUzeKTyN3x-IM15gBsenitKYZRtdUIp7w&oe=6A122FB3
https://www.facebook.com/PhilippineSTAR/posts/pfbid02Zrq7Eb33D2hyRiocfusLK4MtpSsi7oDMJiiF3Ui8Pwe5EirR4PquxZ3AX4E5BFAAl,"Senators gather for a brief discussion during a break in the plenary session at the Senate on Tuesday, as lawmakers exchange views on pending legislative measures and other urgent national issues.

Senator Bato dela Rosa is absent again from the Senate following his escape on May 14, 2026. (Photos by Ryan Baldemor/The Philippine STAR)

WATCH: https://www.youtube.com/watch?v=wwoQsZBKC4c",664,90,42,Not Relevant,6,Photo; Photo; Photo; Photo; Photo,https://www.facebook.com/PhilippineSTAR/posts/pfbid02Zrq7Eb33D2hyRiocfusLK4MtpSsi7oDMJiiF3Ui8Pwe5EirR4PquxZ3AX4E5BFAAl; https://scontent-iad6-1.xx.fbcdn.net/v/t39.30808-6/702320421_1489467676550440_1511984599684034267_n.jpg?stp=dst-jpg_s590x590_tt6&_nc_cat=1&ccb=1-7&_nc_sid=127cfc&_nc_ohc=xbWZjUDF6doQ7kNvwHVQEaE&_nc_oc=Adp5gjA1MOEXIo9AQtgLUkb_mrcNQRksDnsNr03CLHO2pj2sp2ZDRbb3VlNGp4Ej42w&_nc_zt=23&_nc_ht=scontent-iad6-1.xx&_nc_gid=B3GGbNu2at-VKpiJGmX27A&_nc_ss=72289&oh=00_Af5bVzTDMPYOlzg_3wTQgIebMmZkXvWuc-kl7T082mXUpg&oe=6A120E7E; https://scontent-iad6-1.xx.fbcdn.net/v/t39.30808-6/702365797_1489467529883788_4432504002630730989_n.jpg?stp=dst-jpg_s590x590_tt6&_nc_cat=1&ccb=1-7&_nc_sid=127cfc&_nc_ohc=23rJx_EKNSgQ7kNvwHqQJmA&_nc_oc=AdqMREDCvTmpGZtpIE12TY14uvCVFRmdwMzYaXBuvctskCy21QefMNnDFSk6EKfftI8&_nc_zt=23&_nc_ht=scontent-iad6-1.xx&_nc_gid=B3GGbNu2at-VKpiJGmX27A&_nc_ss=72289&oh=00_Af6LqbyPmCKLUuCn8kS_-dfsO95EwdVQEJ3TRP7ChQTuMA&oe=6A1225D6; https://scontent-iad6-1.xx.fbcdn.net/v/t39.30808-6/702365799_1489467283217146_7760154286811939875_n.jpg?stp=dst-jpg_s590x590_tt6&_nc_cat=1&ccb=1-7&_nc_sid=127cfc&_nc_ohc=QQUQY1vBUL0Q7kNvwH8a2qT&_nc_oc=AdpvZjksseBj3aprbJanm7FXc7gtxd59eKJegYIYM97c6TKZzBp582-QbLK9Av9uOtk&_nc_zt=23&_nc_ht=scontent-iad6-1.xx&_nc_gid=B3GGbNu2at-VKpiJGmX27A&_nc_ss=72289&oh=00_Af6h8fcTDNFKCHC5FphHj52X3JA2xRaW4jqHd2M8cAD-Yg&oe=6A1222F2; https://scontent-iad6-1.xx.fbcdn.net/v/t39.30808-6/702604441_1489467373217137_823590926643493197_n.jpg?stp=dst-jpg_s590x590_tt6&_nc_cat=1&ccb=1-7&_nc_sid=127cfc&_nc_ohc=5deia1CVQm0Q7kNvwHzQW_g&_nc_oc=Adon4ZQ23C69Mon9Jw-94bTwds0tjo6_iAHzroEINr3nic6UzZl1DvZXMN1fiJzuSKw&_nc_zt=23&_nc_ht=scontent-iad6-1.xx&_nc_gid=B3GGbNu2at-VKpiJGmX27A&_nc_ss=72289&oh=00_Af6CaBTX-Ns57g0dCJizH3UEiugemqCBTSZ0R-mkYxb1nw&oe=6A122339; https://scontent-iad6-1.xx.fbcdn.net/v/t39.30808-6/702321435_1489467389883802_6919622595138297893_n.jpg?stp=dst-jpg_s590x590_tt6&_nc_cat=1&ccb=1-7&_nc_sid=127cfc&_nc_ohc=O1_N7XTr5wsQ7kNvwEgLmhz&_nc_oc=Adq9ide76s4qXfOjnSglkE6JsL3v5a3fsbF0--O3hnifYnkECJQy00LsaSFeRv1JdHA&_nc_zt=23&_nc_ht=scontent-iad6-1.xx&_nc_gid=B3GGbNu2at-VKpiJGmX27A&_nc_ss=72289&oh=00_Af6bS69XqnrKQnzBdhCC320U4q92vANYuSuE4qsOtrx-dw&oe=6A122CE7
https://www.facebook.com/PhilippineSTAR/posts/pfbid0ffXTtdnNoVNcDasHsPGbLgGpJMi9Sd7f1ndPp1KoQUakcVh9yTg1DjwXrUaGihNYl,,446,5,44,Not Relevant,0,,
https://www.facebook.com/reel/961665679991134/,"Sec. Remulla: All entrances from GSIS to Senate, since early in the morning were being fortified by the GSIS maintenance. 

They had duly informed the maintenance of the Senate that there was going to be drill work going on in all the doors of GSIS connecting to the Senate... 

The Senate maintenance management had the information that there was going to be fortification of doors in the GSIS area. Hindi gulatan 'to ah... They were duly informed...",29,3,0,Not Relevant,1,Video,https://www.facebook.com/reel/961665679991134/
https://www.facebook.com/reel/850116210892690/,"PGen. Nartatez: Their (NBI) presence was backed up by a letter properly received... There are 29 NBI agents... 

Sec. Remulla: None of the NBI agents had a tactical gear with them... They were dressed as NBI agents clearly identified, but none of them had tactical gear with...",59,9,1,Not Relevant,1,Video,https://www.facebook.com/reel/850116210892690/
https://www.facebook.com/reel/1923088595014058/,"PGen. Nartatez: In the afternoon of May 13, that is a Wednesday, may mga NBI nang pumunta sa premises ng GSIS. This is in response to the request of GM Veloso of the GSIS. Kasi nagre-request sila to fortify the security of the GSIS...",19,2,0,Not Relevant,1,Video,https://www.facebook.com/reel/1923088595014058/
https://www.facebook.com/inquirerdotnet/posts/pfbid0DMeDLxdHd66cMCkFkV9ZgXs8cn2virYoHsVbYc1w2birsVJuPsGMpaKmwefSCHvel,Australian lawyer Kate Gibson to join Duterte’s new legal team at ICC,57,30,1,Not Relevant,1,GenericAttachmentMedia,https://external-sea5-1.xx.fbcdn.net/emg1/v/t13/2671014296806628857?url=https%3A%2F%2Fglobalnation.inquirer.net%2Ffiles%2F2026%2F04%2FICC-duterte-file-15March2025.jpg&fb_obo=1&utld=inquirer.net&stp=c0.5000x0.5000f_dst-jpg_flffffff_p500x261_q75_tt6&_nc_gid=d4VwZA3OEew7QSDtuy9-rg&_nc_oc=Adp0Q9-x__ZJKNsGKZVJexWaV9-yPAQkFkiompFpfr1MA8OniU-TeA-q-HZYj9Ryv00&ccb=13-1&oh=06_Q3-_AQEl_OwiAwVFsgZXcTAGlw2m_jiUoGkB4fqC8TkjqWql&oe=6A0E16DA&_nc_sid=c97757
https://www.facebook.com/inquirerdotnet/posts/pfbid02TcuccwqvbET5pa2Uiu81aedoEP9GVdecuvNtLf48BJpScM31MdP9rBoTDgMgHKxdl,"The Philippine National Police will submit a video showing a white Fortuner and personalities, particularly Senators Robin Padilla and Bato dela Rosa, leaving the Senate premises and boarding a vehicle reportedly owned by Padilla hours after the gun-related incident, PNP chief Gen. Jose Melencio Nartatez Jr. said.

Watch the live stream here: https://inqnews.net/PalacepressMay19",1958,282,138,Not Relevant,1,Photo,https://www.facebook.com/photo/?fbid=1426597342984550&set=a.295125726131723
https://www.facebook.com/PAGASA.DOST.GOV.PH/posts/pfbid0jYPaXARS9skRVU8jfN2DfiWqvvb4grwd2PtPNzQqN5DsCMjoZVxs4sBFaq4CUXf6l,"Pampanga River Basin Update as of 5:00 PM, 18 May 2026",27,0,3,Not Relevant,1,Photo,https://www.facebook.com/photo/?fbid=1445352780969704&set=a.365711365600523
https://www.facebook.com/PAGASA.DOST.GOV.PH/videos/4264138697134826/,"Public Weather Forecast issued at 5:00 PM | May 18, 2026 - Monday

DOST-PAGASA Weather Specialist: Benison Estareja

#weatherreport  #dostpagasa",305,58,70,Not Relevant,1,Video,https://www.facebook.com/PAGASA.DOST.GOV.PH/videos/4264138697134826/
https://www.facebook.com/PAGASA.DOST.GOV.PH/posts/pfbid0nPdBGZhLwMs67h65SjyUKvJRM4Xjavj2BBuj62fL7vEKB9mxzYZrhdJfJ5Xq6DY5l,"24-HOUR PUBLIC WEATHER FORECAST
Issued at 4:00 PM, 18 May 2026

SYNOPSIS: Intertropical Convergence Zone (ITCZ) affecting southern Mindanao.

Forecast Weather Conditions

Area: Zamboanga Peninsula, BARMM, SOCCSKSARGEN, Davao Oriental, and Davao Occidental
Weather Condition: Cloudy skies with scattered rains and thunderstorms
Caused By: ITCZ
Impacts: Possible flash floods or landslides due to moderate to at times heavy rains

Area: Visayas and the rest of Mindanao
Weather Condition: Partly cloudy to cloudy skies with isolated rainshowers or thunderstorms
Caused By: Easterlies
Impacts: Possible flash floods or landslides during severe thunderstorms

Area: Metro Manila and the rest of Luzon
Weather Condition: Partly cloudy to cloudy skies with isolated rainshowers or thunderstorms
Caused By: Localized Thunderstorms
Impacts: Possible flash floods or landslides during severe thunderstorms

Forecast Wind and Coastal Water Conditions

Area: Extreme Northern Luzon
Wind Speed: Moderate
Wind Direction: Northeast to East
Coastal Waters: Moderate / (1.2 to 2.1 meters)

Area: The rest of Luzon
Wind Speed: Light to Moderate
Wind Direction: Northeast
Coastal Waters: Slight to Moderate / (0.6 to 1.8 meters)

Area: The rest of the country
Wind Speed: Light to Moderate
Wind Direction: East to Northeast
Coastal Waters: Slight to Moderate / (0.6 to 1.2 meters)

Extremes of Temperature and Relative Humidity for The 24-hour Period Ending 4:00 PM TODAY

Minimum Temperature: 25.9 °C ... 5:00 AM
Maximum Temperature: 34.0 °C... 3:30 PM

Minumum Relative Humidity: 54 % ... 10:00 AM
Maximum Relative Humidity: 88 % ... 5:00 AM

TIDES AND ASTRONOMICAL INFORMATION Over Metro Manila

sunrise tomorrow: 5:28AM
sunset today: 6:17PM
moonrise tomorrow: 7:32AM
moonset tomorrow: 9:10PM
illumination tomorrow: 10%

For other information about weather, please log on to pagasa.dost.gov.ph or bagong.pagasa.dost.gov.ph or call at (02)927-1335/(02)926-4258",102,3,57,Severe,1,Photo,https://www.facebook.com/photo/?fbid=1445311990973783&set=a.365711365600523
https://www.facebook.com/reel/2047030886690679/,"‘HINDI PO KAMI NATATAKOT SA SUSUNOD NA ELEKSYON’

‘Yan ang naging sagot ng isa sa mga House prosecutor na si San Juan Rep. Ysabel Maria Zamora nang tanungin kung hindi ba sila natatakot na maaaring mag-reflect sa susunod na eleksyon ang kanilang pagtugis bilang prosecutor sa impeachment trial ni Vice Pres. Sara Duterte.",3863,1332,62,Not Relevant,1,Video,https://www.facebook.com/reel/2047030886690679/
https://www.facebook.com/reel/860735787071451/,"‘THERE WAS NO ATTACK ON THE SENATE’

‘Yan ang idiniin ni Interior Sec. Jonvic Remulla sa isinagawang press briefing kaugnay ng nangyaring putukan sa Senado noong May 13.

🎥: RTVM",746,189,33,Not Relevant,1,Video,https://www.facebook.com/reel/860735787071451/
https://www.facebook.com/reel/912243948489741/,"KASADO NA SA PAGLILITIS

Inilatag ni Rep. Gerville Luistro ang opisyal na assignment ng 11 House prosecutors na sasalang sa impeachment trial ni Vice Pres. Sara Duterte sa Senado. Hinati sa apat na team ang mga mambabatas para tutukan ang mga isyu ng threats, bribery, unexplained wealth, at confidential funds.

Nilinaw ni Luistro na maaari pang magkaroon ng kaunting adjustment sa mga diskusyon ngunit nasa ""full swing"" na ang paghahanda ng buong panel para humarap sa Senado.",850,187,27,Not Relevant,1,Video,https://www.facebook.com/reel/912243948489741/
https://www.facebook.com/PAGASA.DOST.GOV.PH/posts/pfbid0xbyobqNvQyqmnnimP6amvGG4UiNCkS6vTaTSFRQCiepEnWA9rkP6e5fYqMvyx2B4l,"As of 2:00 PM today, 18 May 2026, No Low Pressure Areas (LPA) are being monitored for Tropical Cyclone Formation.
All are advised to monitor updates from DOST-PAGASA",631,14,119,Not Relevant,1,Photo,https://www.facebook.com/photo/?fbid=1445295764308739&set=a.365711365600523
https://www.facebook.com/PAGASA.DOST.GOV.PH/posts/pfbid02oDgAEWt1zJB9xNPP5U7HkH3QkevUYu2KsTRhMKie11vNhWGHH5q8enR9jwKpp3iQl,"Advancing Regional Resilience through Collaboration 

DOST-PAGASA, in partnership with the UK Met Office, is currently hosting the Weather and Climate Science for Service Partnership – Southeast Asia (WCSSP SeA) Regional Workshop from May 18–21, 2026, in Mactan, Cebu. 

The regional workshop serves as an important platform for scientists, forecasters, and institutional partners across Southeast Asia and the United Kingdom to exchange knowledge, share experiences, and strengthen regional collaboration. It also supports the continued development of joint research initiatives aimed at improving weather and climate models, as well as forecasting capabilities across the region.

This year’s theme, “A Decade of Collaboration in Weather and Climate: From Scientific Innovations to Effective and Actionable Forecast Applications,” highlights ten years of partnership among countries in Southeast Asia and the UK Met Office in advancing the understanding of large-scale and convective-scale weather and climate science. It also emphasizes the importance of translating scientific advancements into effective warnings, forecasts, and actionable advice for communities and decision-makers.

The workshop likewise aims to discuss future plans for ongoing projects within the Southeast Asian region and identify opportunities for collaboration with other potential partners. This partnership further demonstrates the role of DOST-PAGASA as one of the region’s leading institutions in promoting the advancement of weather and climate services.

#ISPF #Collaboration #WCSSP #SciencePartnerships
#OneDOST4U 
#SolutionsAndOpportunitiesForAll",93,3,11,Not Relevant,6,Photo; Photo; Photo; Photo; Photo,https://www.facebook.com/PAGASA.DOST.GOV.PH/posts/pfbid02oDgAEWt1zJB9xNPP5U7HkH3QkevUYu2KsTRhMKie11vNhWGHH5q8enR9jwKpp3iQl; https://scontent-lax3-1.xx.fbcdn.net/v/t39.30808-6/701582203_1445264244311891_2827493663955828679_n.jpg?stp=dst-jpg_p552x414_tt6&_nc_cat=108&ccb=1-7&_nc_sid=127cfc&_nc_ohc=OurQohFMBJMQ7kNvwEYEIgl&_nc_oc=Adr9jNERR2BD1oaSPiUdrnqbdYeQtQ32rrOmkHXRZ1PEaAZBG-n6dBVpfaXN1rUmINo&_nc_zt=23&_nc_ht=scontent-lax3-1.xx&_nc_gid=-3en95RgMu-IkuZq5C4ylA&_nc_ss=72289&oh=00_Af4OLxgRwGR_Jtx-KslwD9soIQ089dLs_9ogDgc5Xq4TYA&oe=6A123894; https://scontent-lax3-2.xx.fbcdn.net/v/t39.30808-6/701889554_1445264217645227_288095715975750264_n.jpg?stp=dst-jpg_p552x414_tt6&_nc_cat=106&ccb=1-7&_nc_sid=127cfc&_nc_ohc=WdyxZ7Y1XosQ7kNvwFamH4u&_nc_oc=AdoyhCiUPbX49fuVsQS3ZUYTd2qNgrewRbhbxbGy0uxR_bvBd8Sn9WQ1hE9wblrZk8w&_nc_zt=23&_nc_ht=scontent-lax3-2.xx&_nc_gid=-3en95RgMu-IkuZq5C4ylA&_nc_ss=72289&oh=00_Af6iBbbZxgZskwZ4ucgiXnU35QdzfndQFe7UiCz0Han-nw&oe=6A123469; https://scontent-lax3-1.xx.fbcdn.net/v/t39.30808-6/701259842_1445264264311889_6165832225085968296_n.jpg?stp=dst-jpg_p552x414_tt6&_nc_cat=102&ccb=1-7&_nc_sid=127cfc&_nc_ohc=VxsXlFaqu-UQ7kNvwFHkafb&_nc_oc=AdpwGsA2ScOsfjnuCzaFEMgY4SdrMMySvaNQj2lxw79oNnrbMza5CIKtfeP2Manl-Yg&_nc_zt=23&_nc_ht=scontent-lax3-1.xx&_nc_gid=-3en95RgMu-IkuZq5C4ylA&_nc_ss=72289&oh=00_Af40JkXr_94JurpGyyfD-Af-rBE6ku4AC0ZHGhpohgzc9g&oe=6A122A10; https://scontent-lax7-1.xx.fbcdn.net/v/t39.30808-6/702077512_1445264404311875_4976407653614378180_n.jpg?stp=dst-jpg_p552x414_tt6&_nc_cat=101&ccb=1-7&_nc_sid=127cfc&_nc_ohc=qQiwEOWYkQoQ7kNvwGx5nsO&_nc_oc=Adr_6ZXw-hG-AMxzYTP4sCM7_jxr5qK07PWjQ11yJueShDIVgHpjvKoN9mqPqg4m_RU&_nc_zt=23&_nc_ht=scontent-lax7-1.xx&_nc_gid=-3en95RgMu-IkuZq5C4ylA&_nc_ss=72289&oh=00_Af68TZjzvivcXVVY-FuVaeFQRiDsaFUSWPYxuq4Oiws0Hg&oe=6A12236C; https://scontent-lax3-2.xx.fbcdn.net/v/t39.30808-6/701635996_1445264397645209_7259451147569899139_n.jpg?stp=dst-jpg_p552x414_tt6&_nc_cat=107&ccb=1-7&_nc_sid=127cfc&_nc_ohc=dnHevTK-Fe0Q7kNvwEaZfXR&_nc_oc=AdqBdp-H1iGqxfRoCM5mCpkUNC1uQEuB5414re2UbBHvSpuEGsoKRicW23ftbMfWZR4&_nc_zt=23&_nc_ht=scontent-lax3-2.xx&_nc_gid=-3en95RgMu-IkuZq5C4ylA&_nc_ss=72289&oh=00_Af4p8KMfwA1WUxMB228rVujVFPgIJQNkM9WB3bQYu9K4Bw&oe=6A1213CE
https://www.facebook.com/PAGASA.DOST.GOV.PH/posts/pfbid02LSAMqZmwvxcu2QMjFkLQJhiHNv2YnVT52HjGiiSztmhUFiXwxPFGrkqbP8cZYEU6l,"As of 8:00 AM today, 18 May 2026, No Low Pressure Areas (LPA) are being monitored for Tropical Cyclone Formation.
All are advised to monitor updates from DOST-PAGASA",650,12,154,Not Relevant,1,Photo,https://www.facebook.com/photo/?fbid=1445082527663396&set=a.365711365600523
https://www.facebook.com/inquirerdotnet/posts/pfbid0TGGWjs6gZPZVMiMbRQXs5noT8xL564bWGUtLKdXAGpcEgWtVpjxxaX78kkXMfgPPl,"LOOK: PNP chief Gen. Jose Melencio Nartatez Jr. turns over records of the investigation into the 'gun-related incident' at the Senate to DOJ Secretary Fredderick Vida. | 📸: RTVM via Luisa Cabato, INQUIRER.net 

Watch the live stream here: https://inqnews.net/PalacepressMay19",76,14,3,Not Relevant,1,Photo,https://www.facebook.com/photo/?fbid=1426596736317944&set=a.295125726131723
https://www.facebook.com/inquirerdotnet/posts/pfbid02yKb6R4fzXi6hc31cCPDU2GmdpuRd61ck8EnGd8MEUhcM9wLpwv6vFKjkBqPP8Gj6l,NBI nabs 14 foreigners over illegal online operations,8,2,0,Not Relevant,1,GenericAttachmentMedia,https://external-ord5-2.xx.fbcdn.net/emg1/v/t13/6194618598331678?url=https%3A%2F%2Fnewsinfo.inquirer.net%2Ffiles%2F2026%2F05%2FNBI-online-illegal-activities-20May2026.jpg&fb_obo=1&utld=inquirer.net&stp=c0.5000x0.5000f_dst-jpg_flffffff_p500x261_q75_tt6&_nc_gid=tQXMyUy4R292QtzkyuC_xg&_nc_oc=AdoOm7-iE8B1NuNkJHyfZolpe0DHbQgWuEvqA8mg-LHIjU20TMUyuNl9tbR_CUXlwUQ&ccb=13-1&oh=06_Q3-_AXYUn9-1uPzcSv1tOreUytYEyGQ3JW7oBLAYIttBXxe1&oe=6A0E3921&_nc_sid=c97757
https://www.facebook.com/inquirerdotnet/posts/pfbid0LimDVbPrUVL8MLgirHqjHNfr6RCLgeTfsRNMS33XCDHhpw5GJXpyrbJNER7bjAdQl,"‘HE REFUSED AND GAVE AN EXCUSE’

DILG Secretary Jonvic Remulla said suspended Sergeant-at-Arms Mao Aplasca was asked to appear before the CIDG to surrender his firearms for ballistic examination, but failed to appear before the agency.

Watch the live stream here: https://inqnews.net/PalacepressMay19",664,204,35,Not Relevant,3,Photo; Photo,https://www.facebook.com/inquirerdotnet/posts/pfbid0LimDVbPrUVL8MLgirHqjHNfr6RCLgeTfsRNMS33XCDHhpw5GJXpyrbJNER7bjAdQl; https://scontent-ord5-2.xx.fbcdn.net/v/t39.30808-6/702684814_1426588276318790_5167679146039302356_n.jpg?stp=cp6_dst-jpg_s590x590_tt6&_nc_cat=1&ccb=1-7&_nc_sid=127cfc&_nc_ohc=SMH41trsKE0Q7kNvwHuH7r4&_nc_oc=AdqW3bdMjmLY_qQsdYELuufqpFbwdF2PY7WWVG_2UgqwuoTCc3VDE5EDG1s25bXkNAA&_nc_zt=23&_nc_ht=scontent-ord5-2.xx&_nc_gid=tQXMyUy4R292QtzkyuC_xg&_nc_ss=72289&oh=00_Af4GXW2_aLlqmm5R1XXg79R0sIH7MZIYLuedr0geDSHNFw&oe=6A120C5A; https://scontent-ord5-2.xx.fbcdn.net/v/t39.30808-6/702325500_1426588289652122_4046169101979609546_n.jpg?stp=cp6_dst-jpg_s590x590_tt6&_nc_cat=1&ccb=1-7&_nc_sid=127cfc&_nc_ohc=ma044AtiUGEQ7kNvwHCSYVi&_nc_oc=Adry34WAfv134teHugnyi7SEzItgWhlsTmYm_hJY-Mh2imO0QT2TlcgYep_UzT72j4Y&_nc_zt=23&_nc_ht=scontent-ord5-2.xx&_nc_gid=tQXMyUy4R292QtzkyuC_xg&_nc_ss=72289&oh=00_Af7iklL4MgqiogE8hXBuP48qARZ3q4c3NaXyIjpncLr-mA&oe=6A123629
https://www.facebook.com/inquirerdotnet/posts/pfbid029XqRQ7rrfwjhELc6CJw92f7cDKxbGnxuYM4ZZnuoRMyAroT3AkKwDvAZudWARBqJl,NBI: Tony Yang-linked Misamis Oriental plant made ‘substandard’ steel,11,3,3,Not Relevant,1,GenericAttachmentMedia,https://external-atl3-1.xx.fbcdn.net/emg1/v/t13/5882297432760315050?url=https%3A%2F%2Fnewsinfo.inquirer.net%2Ffiles%2F2026%2F05%2FIMG_8095.jpg&fb_obo=1&utld=inquirer.net&stp=c0.5000x0.5000f_dst-jpg_flffffff_p500x261_q75_tt6&_nc_gid=ipVIrysB34YLHUYHO0744A&_nc_oc=AdqbVA-JNkzNtHYQOjknSGmcW6SgmtLHupD-tK_XlEH8yos4AYzxW5xoPlMDh8sDKTU&ccb=13-1&oh=06_Q3-_AdkA0imrhrWPRnDlZE-T-vPeL3jlknZi349AqXKJfptE&oe=6A0E3843&_nc_sid=c97757
https://www.facebook.com/inquirerdotnet/posts/pfbid0a8mxbQ8JBNwxFLNPo219sJ61FGTrxioGiZNdEiRNxSnJHC6ci7vViZPKittX4UPQl,"LOOK: CCTV footage from the gunfire incident in the Senate on May 13 shows the moment when Acting Sergeant-At-Arms Mao Aplasca fired a warning shot at NBI agents. | 📸: RTVM

Watch the live stream here: https://inqnews.net/PalacepressMay19",1536,451,214,Not Relevant,4,Photo; Photo; Photo,https://www.facebook.com/inquirerdotnet/posts/pfbid0a8mxbQ8JBNwxFLNPo219sJ61FGTrxioGiZNdEiRNxSnJHC6ci7vViZPKittX4UPQl; https://scontent-atl3-1.xx.fbcdn.net/v/t39.30808-6/704387308_1426585746319043_122944890733176060_n.jpg?stp=cp6_dst-jpg_s590x590_tt6&_nc_cat=1&ccb=1-7&_nc_sid=127cfc&_nc_ohc=uH5UnY8oZS4Q7kNvwFHshv5&_nc_oc=Adq-es-lrYWVgVeXlS5wS8DvttAz4AJb_ndKh6rLDUSrrI3RP_wbi36sCz17YKSgYa8&_nc_zt=23&_nc_ht=scontent-atl3-1.xx&_nc_gid=ipVIrysB34YLHUYHO0744A&_nc_ss=72289&oh=00_Af4YAP-TRfwJHEUzhIzhE2HjxOXUpdca2wVGO75MNIatXg&oe=6A122C30; https://scontent-atl3-1.xx.fbcdn.net/v/t39.30808-6/704446937_1426585739652377_941409917189243141_n.jpg?stp=cp6_dst-jpg_s590x590_tt6&_nc_cat=1&ccb=1-7&_nc_sid=127cfc&_nc_ohc=U-gbem-dNncQ7kNvwFD0HQz&_nc_oc=Adqtg4QOBWubDY6hHivMScFy6G-PQtFFaRDMxxOMXcMmGF3EwMSTfZF7QhQ_F474Hwk&_nc_zt=23&_nc_ht=scontent-atl3-1.xx&_nc_gid=ipVIrysB34YLHUYHO0744A&_nc_ss=72289&oh=00_Af6B_2qEjjQTrdkM7uR4zi8Xujpuwse6NfyjQVt-7X9nKg&oe=6A122851; https://scontent-atl3-1.xx.fbcdn.net/v/t39.30808-6/704367215_1426585709652380_7222900414165672107_n.jpg?stp=cp6_dst-jpg_s590x590_tt6&_nc_cat=1&ccb=1-7&_nc_sid=127cfc&_nc_ohc=9llvKtFmG00Q7kNvwEiUiB-&_nc_oc=Ado50R9tyYc0DCGmNx9VNAvMgyrrJ6VosLYJKP9oHxdnR5tXsDerHrzzW51LBuoeF5M&_nc_zt=23&_nc_ht=scontent-atl3-1.xx&_nc_gid=ipVIrysB34YLHUYHO0744A&_nc_ss=72289&oh=00_Af4PMe7tturXn2tJhTh4BSKbI9ki2v_a9-aMaqscQ3tT7A&oe=6A121ED2
https://www.facebook.com/inquirerdotnet/posts/pfbid0wa2MsofkaVK3BgyMdxGbz4BH1Jv5UnGQxFHBoVZ9q7z6D3eMSigxWDvzY6UTMYQVl,"JUST IN: Sen. Mark Villar is new chairman of the Senate committee on finance, replacing Sen. Sherwin Gatchalian. | via Maila Ager, INQUIRER.net 

Check the full story in the comments.",3946,330,172,Not Relevant,1,Photo,https://www.facebook.com/photo/?fbid=1426581496319468&set=a.295125726131723
https://www.facebook.com/PhilippineSTAR/posts/pfbid0qwvTPQPcdQKRnz6aKMwKBRoq1KMoYY4n1dz4NUGonAJfBrVs4DMKLZGGEyvk7yF4l,"TV personality Mariel Rodriguez has clarified her past remarks in which she expressed frustration over critics of her husband, Sen. Robin Padilla, saying they “don’t deserve him.” | via LatestChika.com",322,81,6,Not Relevant,1,GenericAttachmentMedia,https://external-iad6-1.xx.fbcdn.net/emg1/v/t13/8893459354994568963?url=https%3A%2F%2Flatestchika.com%2Fwp-content%2Fuploads%2F2026%2F05%2FFEATURED-PIC_9v89q24.png&fb_obo=1&utld=latestchika.com&stp=c0.5000x0.5000f_dst-jpg_flffffff_p500x261_q75_tt6&_nc_gid=M28qwd672nPap8L4w59V4A&_nc_oc=Adq2Iz8_udPSuQWtcCxaf3tUg70tCFrapLjnKT3k26cwMjyUA4RJD0VAdYGAlfxiU8I&ccb=13-1&oh=06_Q3-_AZKL76c2lLbUSZH5kBors3de8M954XOJ9ONkYObywYoL&oe=6A0E2801&_nc_sid=c97757
https://www.facebook.com/PhilippineSTAR/posts/pfbid02458HGP8SQE8KYpLnckfSWHKFqsTbAVqfobyVQYjyzJnsJGsfJ4BFHMEEFhzzssUMl,,18,0,0,Not Relevant,0,,
https://www.facebook.com/PhilippineSTAR/posts/pfbid0Yxr7vaKaaG7AAozFt7pxiNhYGAwykpvCWKGH88EnmhqLFVdKvLZkdwbUTChJcGKyl,"'DI MATIBAG NA SENADO UNDER ALAN PETER CAYETANO? 🤔

 The Philippine STAR Editor-in-Chief Amy Pamintuan and political analyst Ronald Llamas discuss the recent happenings in the Senate after the upper chamber officially convened as an impeachment court against Vice President Sara Duterte and how the slim majority and shifting political loyalties within the upper chamber will heavily influence how the trial plays out and how it ultimately ends.

WATCH: https://www.youtube.com/live/3BYrpWbX4WM",41,7,1,Not Relevant,1,Photo,https://www.facebook.com/photo/?fbid=1489454663218408&set=a.602294451934438
https://www.facebook.com/inquirerdotnet/posts/pfbid0kJjEWDCqEYgrJoEgW1LZYKmC3wiQ2dSYSCvm9oxj7bZF8NxsHHP1Xnfdt7PkHtwjl,"‘Libreng Sakay,’ tourism perks await Agusan Palarong Pambansa athletes",12,3,1,Not Relevant,1,GenericAttachmentMedia,https://external-mia3-1.xx.fbcdn.net/emg1/v/t13/3268291022943661813?url=https%3A%2F%2Fnewsinfo.inquirer.net%2Ffiles%2F2026%2F05%2FRegions1218305.jpg&fb_obo=1&utld=inquirer.net&stp=c0.5000x0.5000f_dst-jpg_flffffff_p500x261_q75_tt6&_nc_gid=zQ2RCCCWl4AJ8_Ey77nxQg&_nc_oc=AdoXT9rEe7T4kxCwpsdRambcAy9Y7TDJL1jpneiAX5OO4ljq4iTsnhvvUMWFvtczEKM&ccb=13-1&oh=06_Q3-_AYNs6FY9zbYuswLWZXHP2Ts8zP6dbBEbTNv7g3uHaA3C&oe=6A0E35C7&_nc_sid=c97757
https://www.facebook.com/inquirerdotnet/posts/pfbid02uwfZfUgK3179zTftsJ5r9JoiJ9vHTJDAqd6Uv4Sy4yHB9SiihS5nMwJwL1NX9jgHl,"CHINESE VESSEL OFF THE COAST OF ZAMBALES

WATCH: The Philippine Coast Guard (PCG) tracked the unauthorized presence of a China Coast Guard vessel within the country’s exclusive economic zone (EEZ) off the coast of Zambales on Tuesday, May 19.

The vessel refused to acknowledge numerous radio challenges issued by PCG aircraft conducting a maritime domain awareness (MDA) flight over the area, according to the PCG.

“These activities constitute a direct violation of the United Nations Convention on the Law of the Sea (UNCLOS), the Philippine Maritime Zones Act, and the final and binding 2016 Arbitral Award,” PCG spokesperson for the West Philippine Sea Commodore Jay Tarriela stated. | 📹: Jay Tarriela/X via Hiroshi Suto, INQUIRER.net trainee",142,33,32,Not Relevant,5,Photo; Photo; Video; Video,https://www.facebook.com/inquirerdotnet/posts/pfbid02uwfZfUgK3179zTftsJ5r9JoiJ9vHTJDAqd6Uv4Sy4yHB9SiihS5nMwJwL1NX9jgHl; https://scontent-mia5-1.xx.fbcdn.net/v/t39.30808-6/703613267_1426566956320922_5806250932658279788_n.jpg?stp=dst-jpg_s590x590_tt6&_nc_cat=104&ccb=1-7&_nc_sid=127cfc&_nc_ohc=LCZf2uBFDXMQ7kNvwEMCW96&_nc_oc=Ado3SkGfpNAqwuWD6H1ZwU5lK6wc8rJhNLLd-MBMp9-Fi0_xWiH97PFSIEUbPLyJYRU&_nc_zt=23&_nc_ht=scontent-mia5-1.xx&_nc_gid=zQ2RCCCWl4AJ8_Ey77nxQg&_nc_ss=72289&oh=00_Af5y_ka14mOmHwNVfkSXp2txUi0a7JFa7pHingCdoMqKyQ&oe=6A123359; https://scontent-mia3-1.xx.fbcdn.net/v/t39.30808-6/700641885_1426566936320924_3756522410304513907_n.jpg?stp=dst-jpg_s590x590_tt6&_nc_cat=111&ccb=1-7&_nc_sid=127cfc&_nc_ohc=GQEo2FNwZFAQ7kNvwH4DnD7&_nc_oc=Ado9P_FaxbHMgW5kVZOdDfVz9RBGopJCq-V6jhz2I7KpFsGcsRCdMburflkHG-sZJTI&_nc_zt=23&_nc_ht=scontent-mia3-1.xx&_nc_gid=zQ2RCCCWl4AJ8_Ey77nxQg&_nc_ss=72289&oh=00_Af4MNOvz1LWVvXosxuMHTqH39qAQW06PaitNvBR0iY876g&oe=6A1234A2; https://scontent-mia3-2.xx.fbcdn.net/v/t15.5256-10/701487838_977594241571784_2477044967720322735_n.jpg?stp=dst-jpg_s590x590_tt6&_nc_cat=105&ccb=1-7&_nc_sid=5fad0e&_nc_ohc=9Ypor_s34s8Q7kNvwHtEsJz&_nc_oc=AdqH3gXASrq2Cp27AUWCELWjq-Xg864QTv5wT5v6hf6C6AdoKK3aOhRuCu1JsUXZFi8&_nc_zt=23&_nc_ht=scontent-mia3-2.xx&_nc_gid=zQ2RCCCWl4AJ8_Ey77nxQg&_nc_ss=72289&oh=00_Af6OM1iWxrZDrAlouFjKL53oXyj3CKa3rxFvp2Ew1-qvFw&oe=6A12149C; https://scontent-mia3-3.xx.fbcdn.net/v/t15.5256-10/702637406_2188190015276182_7418506384282336394_n.jpg?stp=dst-jpg_s590x590_tt6&_nc_cat=110&ccb=1-7&_nc_sid=5fad0e&_nc_ohc=UeoiIgF1HyIQ7kNvwEdDjKT&_nc_oc=AdpviHsyjrTSq5XI6jc7v_hVW405XBu-1bEA36D9NVmsOF08Y-Slv6bZ_gRv47iOcyk&_nc_zt=23&_nc_ht=scontent-mia3-3.xx&_nc_gid=zQ2RCCCWl4AJ8_Ey77nxQg&_nc_ss=72289&oh=00_Af5Oxzu9XVepAuGK6HWLlcyZD14axSEc3g4UhcKDWkuq5Q&oe=6A12376E
https://www.facebook.com/inquirerdotnet/posts/pfbid037UMnaQvMSkiCSWefHQrLP6U3e9ptcwyqAraX6LHSfL5VdtJErEkAnJ5qsnfUY8Zil,"‘Moving’ season 2, starring Han Hyo-joo and Zo In-sung, kicks off production",16,2,1,Not Relevant,1,GenericAttachmentMedia,https://external-mia3-1.xx.fbcdn.net/emg1/v/t13/13383303039857153271?url=https%3A%2F%2Fentertainment.inquirer.net%2Ffiles%2F2026%2F05%2FHan-Hyojoo-Zo-Insung-Moving-UPDATED-05192026.png&fb_obo=1&utld=inquirer.net&stp=c0.5000x0.5000f_dst-jpg_flffffff_p500x261_q75_tt6&_nc_gid=zQ2RCCCWl4AJ8_Ey77nxQg&_nc_oc=AdowOyujRrM-XWeJtmObSUs12rfD7hMY2sunQ_HXvXlYt4MbhbYh_PJG8JGzsEADOIU&ccb=13-1&oh=06_Q3-_AYiEGJQBahPUNMq0kbzUy2Zio0K6AVPxKlKZBhssk8U2&oe=6A0E2430&_nc_sid=c97757
https://www.facebook.com/reel/1555865119530944/,"PGen. Nartatez: 1 day before the actual shooting/discharge of firearm... umaga pa lang ng May 12, nagko-coordinate na ang GSIS security officials and the OSAA security officials with regards to the security on GSIS...",22,3,1,Not Relevant,1,Video,https://www.facebook.com/reel/1555865119530944/
https://www.facebook.com/reel/979351921477065/,"PGen. Nartatez: Before the actual discharge of firearm, about 7:45 pm... but before that, makita muna natin ang events before the actual shooting and even after the discharge of firearm... We extend until 2:30 am where Sen. Bato Dela Rosa escaped or went out to the premises of the Senate building...",11,0,0,Not Relevant,1,Video,https://www.facebook.com/reel/979351921477065/
https://www.facebook.com/reel/967478219452369/,PGen. Nartatez: This is a gun-related incident... There is a discharge of firearm in the premises of the Senate building last May 13...,116,12,3,Not Relevant,1,Video,https://www.facebook.com/reel/967478219452369/
https://www.facebook.com/PAGASA.DOST.GOV.PH/posts/pfbid02vQy5vuisHhwwPKPFAzUwNnbjJHidLmQmVMxjVtHN7CBkiAvJWsx6j1F5PtJ9eEjyl,"Hydrological Forecast for Cagayan River Basin    
Issued at 8:30AM, 18 May 2026",36,0,5,Mild,1,Photo,https://www.facebook.com/photo/?fbid=1445036877667961&set=a.365711365600523
https://www.facebook.com/PAGASA.DOST.GOV.PH/posts/pfbid0mL2hNG2TLfYRNNoavbdCLf7ri2ZEBpizYuMRLa5Ud1aD5bjP7L6vFkkdgGrzriV9l,"Hydrological Forecast for Bicol River Basin        
Issued at 8:30AM, 18 May 2026",30,1,3,Mild,1,Photo,https://www.facebook.com/photo/?fbid=1445034977668151&set=a.365711365600523
https://www.facebook.com/PAGASA.DOST.GOV.PH/posts/pfbid02J5ydUqczFjPSXJeg6yfMDKBsH8HKU9fsudSZ1tkwM8PzsMr61d9JsTiy5RdikXczl,"Hydrological Forecast for Agno River Basin           
Issued at 8:30AM, 18 May 2026",31,1,2,Mild,1,Photo,https://www.facebook.com/photo/?fbid=1445033274334988&set=a.365711365600523
https://www.facebook.com/reel/1332753945390986/,"FOR THE QUEEN 👑🎨

WATCH: A 20-year-old artist from Iligan City, Lanao del Norte, expressed his admiration for Miss Universe 2025 third runner-up Ahtisa Manalo by making a realistic portrait of her. 

Chemist Navidad Achondo told the Inquirer that Manalo's journey and experience in competing on the global stage taught him to keep moving forward despite setbacks.

""I believe that she is the epitome of resilience and strength, where she endures failures and tries again the next time around,"" he explained. 

""This has always been my coping mechanism where I try again and allow the failures to teach me how to transform and be better than I was before,"" he added. 

Achondo then shared that he had spent six days finishing the art piece and wished it would reach the beauty queen herself. 

""This painting is more than special to me, and I hope this piece could reach Queen Ahtisa's hands. She is not just an inspiration, she is also a history maker,"" he concluded.

📹: Chemist Navidad Achondo (via Edalyn Erandio/INQUIRER.net)

Got any interesting stories, photos, or videos? Send us a message or share your experience here: inqnews.net/BAICommunity #BeAnINQUIRER #BAIxINQ",93,0,4,Not Relevant,1,Video,https://www.facebook.com/reel/1332753945390986/
https://www.facebook.com/inquirerdotnet/posts/pfbid0V7x2BhGTvypda2v4987Q85TTSx5DaGwFj2y7bmwPKgAncNXS5tmhhPGzwe5T3wpnl,‘Prosecution’s preparations for Duterte impeachment trial in full swing’,15,90,1,Not Relevant,1,GenericAttachmentMedia,https://external-atl3-3.xx.fbcdn.net/emg1/v/t13/18345937102181333242?url=https%3A%2F%2Fnewsinfo.inquirer.net%2Ffiles%2F2026%2F03%2Fluistro-03mar2026.png&fb_obo=1&utld=inquirer.net&stp=c0.5000x0.5000f_dst-jpg_flffffff_p500x261_q75_tt6&_nc_gid=2PHQng5pFUWNFxLx9A3VvA&_nc_oc=AdrmH01iOOoa5Hrwhcj343gNrMe9C2_wtDgi92A7osSGArNIQp5ruP8A1Y3-Qo_StTM&ccb=13-1&oh=06_Q3-_AeyK4SnRUO-zY_YzS93L0kZ9_DS0HdUZ9i9UGZFdfdWJ&oe=6A0E2A97&_nc_sid=c97757
https://www.facebook.com/inquirerdotnet/posts/pfbid0Dz7qCei1hT5WSzwNdntuEucQ3zEhy5YDmJgXi7EaiTcv3Gq5rGCEMn2tuvCAEqy3l,"NDA seeks P1.5-B for 2027 to build 3 more stock farms, boost dairy industry",1,1,0,Not Relevant,1,GenericAttachmentMedia,https://external-atl3-3.xx.fbcdn.net/emg1/v/t13/9144515958308769527?url=https%3A%2F%2Fbusiness.inquirer.net%2Ffiles%2F2026%2F05%2FNational-Dairy-Authority-Administrator-Marcus-Antonius-Andaya.jpeg&fb_obo=1&utld=inquirer.net&stp=c0.5000x0.5000f_dst-jpg_flffffff_p500x261_q75_tt6&_nc_gid=2PHQng5pFUWNFxLx9A3VvA&_nc_oc=Adqi9VBi63YlfWtL8CApDcrdRq3aqiJIWCOO5UzHH_eG4-XtX09w9uxYBWOh2WVayIU&ccb=13-1&oh=06_Q3-_Adp9wi6jR95GlMIEYLp7xDpeXFtyRX-eOOGngDHmluz-&oe=6A0E3924&_nc_sid=c97757
https://www.facebook.com/reel/1654996042381768/,PNP Chief PGen. Nartatez: We will be submitting the records of investigation to the Department of Justice including the earlier records that was submmitted/referred to Pasay City Prosecutors Office...,21,5,1,Not Relevant,1,Video,https://www.facebook.com/reel/1654996042381768/
https://www.facebook.com/reel/2473630413153886/,"Sec. Remulla: For the record, all evidence points that there was no attack on the Senate...",483,135,23,Not Relevant,1,Video,https://www.facebook.com/reel/2473630413153886/
https://www.facebook.com/reel/1271363791822548/,"DILG Sec. Remulla: Gusto kong isaad na pagkatapos ng 6 na araw na masusing imbestigasyon, paghagilap ng lahat ng available videos, interviews, affidavits--marami po kaming conclusion na nakuha...",128,44,9,Not Relevant,1,Video,https://www.facebook.com/reel/1271363791822548/
https://www.facebook.com/PAGASA.DOST.GOV.PH/posts/pfbid0w1UmoQkuvcJaVCxqmntjMkLTpu3xgPJsfGC3C2eps4K7sHLGGy1xbcoTe4tfwtKWl,"Dam Updates as of 8:00 AM, 18 May 2026",43,0,9,Not Relevant,1,Photo,https://www.facebook.com/photo/?fbid=1445029897668659&set=a.365711365600523
https://www.facebook.com/PAGASA.DOST.GOV.PH/posts/pfbid037JK1vXqzCFZ2yFoFmi4dkWBHKz5q7NzQKQrU5FFPNLg9vrXx57ueFAjg5B7BTvfil,"General Flood Advisory
Issued @6AM, 18 May 2026

Region 11 (Davao Region) GFA#1
Region 12 (SOCCSKSARGEN) GFA#1",53,2,10,Moderate,3,Photo; Photo,https://www.facebook.com/PAGASA.DOST.GOV.PH/posts/pfbid037JK1vXqzCFZ2yFoFmi4dkWBHKz5q7NzQKQrU5FFPNLg9vrXx57ueFAjg5B7BTvfil; https://scontent-atl3-1.xx.fbcdn.net/v/t39.30808-6/701895072_1444951747676474_8403772878825480986_n.jpg?stp=dst-jpg_s590x590_tt6&_nc_cat=105&ccb=1-7&_nc_sid=127cfc&_nc_ohc=RLu1KMB92JsQ7kNvwFyfCOV&_nc_oc=AdqBTHV-m_iQ9Iqtbu5UmxbbV2dFe3Fzw7sPg-_pcg8uxW7_XIF3XQ8E0heuB2AmHAk&_nc_zt=23&_nc_ht=scontent-atl3-1.xx&_nc_gid=5GYYfnp8HSysQojaHIALNw&_nc_ss=72289&oh=00_Af7qkBQ7Ez1wAqGe7rpNHKayY76tPMmKiLNn5GI6tCxBPg&oe=6A123E9C; https://scontent-atl3-2.xx.fbcdn.net/v/t39.30808-6/702525817_1444951751009807_6904745387615792135_n.jpg?stp=dst-jpg_s590x590_tt6&_nc_cat=101&ccb=1-7&_nc_sid=127cfc&_nc_ohc=fN_waB5ub08Q7kNvwGDYuZt&_nc_oc=AdpSNk9J9hdL7pPZBN2XWbfjHrOxwKN-mfgvRgC77M4Gyo3YXu12nM2FuORPd0G_WcU&_nc_zt=23&_nc_ht=scontent-atl3-2.xx&_nc_gid=5GYYfnp8HSysQojaHIALNw&_nc_ss=72289&oh=00_Af5u2P3AujAuZgGR0sbtdQg7rD_f6LFPKZ-_4kh3p7pKoQ&oe=6A1236BE
https://www.facebook.com/PAGASA.DOST.GOV.PH/posts/pfbid0Auzmr6jbXZQFE4jCxLujDsYNahkWXJYwYdE7zL86MFdRi46bvuVXVvMtskbKVfuAl,"Pampanga River Basin Update as of 5:00 AM, 18 May 2026",43,0,7,Not Relevant,1,Photo,https://www.facebook.com/photo/?fbid=1444942621010720&set=a.365711365600523
https://www.facebook.com/inquirerdotnet/posts/pfbid0rc9RNLYjZGLBC3ZrtCV18EZWnC8iPs36DCbmHAu6MiSEJ7koPxHPxGBWwvuQKJPDl,"DRILLING OF SENATE-GSIS DOORS EXPLAINED

DILG Secretary Jonvic Remulla said that the Senate maintenance management had already been informed that there would be drilling and fortification of doors leading to the GSIS building on May 13 as part of maintenance operations.  

Remulla added that the GSIS President Wick Veloso ordered the complex to be secured with help from the NBI to protect the artworks inside the building in case unrest broke out, following Sen. Bato dela Rosa’s call for a “people power movement” in his live stream.

“Had there been anarchy in the building, the GSIS contains billions of pesos worth of artworks that are displayed on their walls. Had there been an overflow of people going to GSIS, the losses would have been incredible. So he found it better for them to secure the doors so there would be no commotion going to the GSIS building,” Remulla said. | 📸: RTVM

Watch the live stream here: https://inqnews.net/PalacepressMay19",1424,445,106,Not Relevant,3,Photo; Photo,https://www.facebook.com/inquirerdotnet/posts/pfbid0rc9RNLYjZGLBC3ZrtCV18EZWnC8iPs36DCbmHAu6MiSEJ7koPxHPxGBWwvuQKJPDl; https://scontent-lga3-3.xx.fbcdn.net/v/t39.30808-6/702451033_1426571462987138_6711391421055818279_n.jpg?stp=cp6_dst-jpg_s590x590_tt6&_nc_cat=1&ccb=1-7&_nc_sid=127cfc&_nc_ohc=kJ1-JCLMJ7oQ7kNvwFasA92&_nc_oc=AdrI-bCY1gjE79mDZGw5XEvk6ogyImiBRXVxVwmNaC1wZEObR-Y3bgbwiUdzLK5dOT8&_nc_zt=23&_nc_ht=scontent-lga3-3.xx&_nc_gid=bKZZM52P6TkHDiEapJtl3Q&_nc_ss=72289&oh=00_Af6vQbeKeH6xPYzBQtStN8MdAdkti3ByvmzzRCooMYltQQ&oe=6A1217F1; https://scontent-lga3-3.xx.fbcdn.net/v/t39.30808-6/704427184_1426571452987139_2419522371771753625_n.jpg?stp=cp6_dst-jpg_s590x590_tt6&_nc_cat=1&ccb=1-7&_nc_sid=127cfc&_nc_ohc=joxOGzab4IEQ7kNvwEPxkie&_nc_oc=AdoVgEv810cZi7som5SxSVT80Kv7v5pUIZ2cDXA2IN-6J2RDZNyS05mpoAmwr0HmGhc&_nc_zt=23&_nc_ht=scontent-lga3-3.xx&_nc_gid=bKZZM52P6TkHDiEapJtl3Q&_nc_ss=72289&oh=00_Af4hnenuIsVanzhRwx8i-QZpwammIa4UZ2OY3qrs-C9bvg&oe=6A122BDF
https://www.facebook.com/inquirerdotnet/posts/pfbid0VfHw3rsnNe3L4NTS72B85eKDuoP83Y8qkU4pbBjJjL52XQyH23ayPqKj7zqWT96Xl,Comelec: Over 5.4M voter applications after 7-month registration drive,1,1,0,Not Relevant,1,GenericAttachmentMedia,https://external-lga3-3.xx.fbcdn.net/emg1/v/t13/17109632892228789402?url=https%3A%2F%2Fwww.inquirer.net%2Fwp-content%2Fuploads%2F2025%2F03%2FComelec-05March2025.jpg&fb_obo=1&utld=inquirer.net&stp=c0.5000x0.5000f_dst-jpg_flffffff_p500x261_q75_tt6&_nc_gid=bKZZM52P6TkHDiEapJtl3Q&_nc_oc=AdoaEHhYd-iOgWAbGHzxHCeR-X9VobDGN6a7Jm2Q6tdGU2tOEuCtD9ssaLGzbTbC5ag&ccb=13-1&oh=06_Q3-_ASnLFY7pDkjUeDw--LEN3JCgbiBQnW_RdPQURr5BAMyc&oe=6A0E2A0E&_nc_sid=c97757
https://www.facebook.com/inquirerdotnet/posts/pfbid0nMSX3kExDFVhc8rShWmo4gMA5dvtJqbhUrfZCexPuviFF5EgCTiSwNeUG5pPi6nGl,"DILG Secretary Jonvic Remulla: GSIS President and General Manager Wick Veloso sought assistance from the NBI to secure the GSIS premises after Sen. Bato dela Rosa urged his supporters to hold a prayer vigil at the Senate.

The request was made to protect the millions of pesos worth of artworks and other valuables housed at GSIS in case tensions escalate at the Senate. | via Luisa Cabato, INQUIRER.net 

Watch the live stream here: https://inqnews.net/PalacepressMay19",1000,189,27,Not Relevant,1,Photo,https://www.facebook.com/photo/?fbid=1426603869650564&set=a.295125726131723
https://www.facebook.com/PAGASA.DOST.GOV.PH/videos/1340702371277675/,"Public Weather Forecast issued at 5:00 AM | May 18, 2026 - Monday

DOST-PAGASA Weather Specialist: Aldczar D. Aurelio

#weatherreport  #dostpagasa 

PAGASA Weather Report (Subscribe for more weather updates)
Facebook Page (Like): / pagasa.dost.gov.ph
Twitter (Follow): / dost_pagasa
Website (Visit): http://bagong.pagasa.dost.gov.ph",235,85,126,Not Relevant,1,Video,https://www.facebook.com/PAGASA.DOST.GOV.PH/videos/1340702371277675/
https://www.facebook.com/PAGASA.DOST.GOV.PH/posts/pfbid052VmpMgLWuwy456p1aFcwXPt3RLfYwaqKBxd3T19u8FgPMek2YzzKSiuFRzo2iZBl,"24-HOUR PUBLIC WEATHER FORECAST
Issued at 4:00 AM, 18 May 2026

SYNOPSIS: Intertropical Convergence Zone (ITCZ) affecting southern Mindanao.

Forecast Weather Conditions

Area: Zamboanga Peninsula, BARMM, SOCCSKSARGEN, and Davao Region
Weather Condition: Cloudy skies with scattered rains and thunderstorms
Caused By: ITCZ
Impacts: Possible flash floods or landslides due to moderate to at times heavy rains

Area: Visayas and the rest of Mindanao
Weather Condition: Partly cloudy to cloudy skies with isolated rainshowers or thunderstorms
Caused By: Easterlies
Impacts: Possible flash floods or landslides during severe thunderstorms

Area: Metro Manila and the rest of Luzon
Weather Condition: Partly cloudy to cloudy skies with isolated rainshowers or thunderstorms
Caused By: Localized Thunderstorms
Impacts: Possible flash floods or landslides during severe thunderstorms

Forecast Wind and Coastal Water Conditions

Area: Extreme Northern Luzon
Wind Speed: Moderate
Wind Direction: Northeast to East
Coastal Waters: Moderate / (1.2 to 2.5 meters)

Area: The rest of Luzon
Wind Speed: Light to Moderate
Wind Direction: Northeast to North
Coastal Waters: Slight to Moderate / (0.6 to 1.8 meters)

Area: The rest of the country
Wind Speed: Light to Moderate
Wind Direction: East to Northeast
Coastal Waters: Slight to Moderate / (0.6 to 1.2 meters)

Extremes of Temperature and Relative Humidity for The 24-hour Period Ending 8:00 PM YESTERDAY

Minimum Temperature: 25.4 °C ... 5:00 AM
Maximum Temperature: 33.2 °C... 2:00 PM

Minumum Relative Humidity: 57 % ... 2:00 PM
Maximum Relative Humidity: 94 % ... 5:00 AM

TIDES AND ASTRONOMICAL INFORMATION Over Metro Manila

sunrise today: 5:28AM
sunset today: 6:17PM
moonrise today: 6:26AM
moonset today: 8:03PM
illumination today: 4%

For other information about weather, please log on to pagasa.dost.gov.ph or bagong.pagasa.dost.gov.ph or call at (02)927-1335/(02)926-4258",135,1,81,Severe,1,Photo,https://www.facebook.com/photo/?fbid=1444913747680274&set=a.365711365600523
https://www.facebook.com/PAGASA.DOST.GOV.PH/posts/pfbid02yJPRCqNUKYCTbxkov8jUfrZYQMKUf7CMFfLjVu9SvRihyjEnj9DkqQ18HfR99HCnl,"As of 2:00 AM today, 18 May 2026, No Low Pressure Areas (LPA) are being monitored for Tropical Cyclone Formation.

All are advised to monitor updates from DOST-PAGASA.",908,20,117,Not Relevant,1,Photo,https://www.facebook.com/photo/?fbid=1444905637681085&set=a.365711365600523
https://www.facebook.com/dzbb594/posts/pfbid05J1EB8rLLsrYhS2JdzoGJEwKTNYHZaAwWBDjbj9WiQ8Ur3DqFcZST7QosB5MD2tvl,"LIVE sa DZBB: Pulong balitaan sa Malacañang kaugnay sa nangyaring pamamaril sa Senado noong May 13, 2026. 

▶️: ",4,1,0,Not Relevant,1,GenericAttachmentMedia,https://external-lax3-1.xx.fbcdn.net/emg1/v/t13/16677543798120847239?url=https%3A%2F%2Fi.ytimg.com%2Fvi%2FPPM9_hzpU1E%2Fmaxresdefault.jpg%3Fv%3D1&fb_obo=1&utld=ytimg.com&stp=c0.5000x0.5000f_dst-jpg_flffffff_p500x261_q75_tt6&_nc_gid=LoyBCVypb3ja1VzNuY884Q&_nc_oc=Adq78tVfytOKCi206Vyl0ykSs_znxNJ-N7y1_Ca9D80IzGV8CxITIqYgo1hjmoioTzg&ccb=13-1&oh=06_Q3-_AcEaTUqSrUGoIRELh50dyirlDM0bxs9XHwHmZKcYUqhz&oe=6A0E38AA&_nc_sid=c97757
https://www.facebook.com/reel/1639773140639234/,"“𝙉𝙖𝙜𝙨𝙞𝙢𝙪𝙡𝙖 𝙨𝙖 𝙝𝙖𝙗𝙪𝙡𝙖𝙣, 𝙣𝙖𝙜𝙩𝙖𝙥𝙤𝙨 𝙨𝙖 𝙩𝙖𝙠𝙖𝙨𝙖𝙣...”

NBI Director Atty. Melvin Matibag, muling nanawagan kay kay Senador Ronald dela Rosa na sumuko na. | via Pamela Adriano",48,18,3,Not Relevant,1,Video,https://www.facebook.com/reel/1639773140639234/
https://www.facebook.com/reel/1895770577761401/,"""𝙃𝙞𝙣𝙙𝙞 𝙣𝙖𝙢𝙞𝙣 𝙜𝙖𝙜𝙖𝙬𝙞𝙣 '𝙮𝙪𝙣..."" 

Sen. Raffy Tulfo, iginiit na hindi nanakot ang Senate Minority Bloc para maka-recruit mula sa Senate Majority Bloc upang magkaroon ng kudeta o pagpapalit ng liderato sa Senado. | via Nimfa Ravelo",134,43,1,Not Relevant,1,Video,https://www.facebook.com/reel/1895770577761401/
https://www.facebook.com/inquirerdotnet/posts/pfbid0ooKB3PssCZAm3LXAtec3963B8EPKVS1Cfd9vTSadyrasHvghy9Ka2swrHJrxQb5Vl,AFP flags national security risks in Misamis steel plant raid,6,2,2,Not Relevant,1,GenericAttachmentMedia,https://external-iad6-1.xx.fbcdn.net/emg1/v/t13/5882297432760315050?url=https%3A%2F%2Fnewsinfo.inquirer.net%2Ffiles%2F2026%2F05%2FIMG_8095.jpg&fb_obo=1&utld=inquirer.net&stp=c0.5000x0.5000f_dst-jpg_flffffff_p500x261_q75_tt6&_nc_gid=zAL5rwYdqGFTR6mwfNL2IQ&_nc_oc=AdrVCpduoI3dtj_37P0tlNRxKRj09_BOv53aVTiloBwzVNQmjObf0JsQFPyLTddDXGY&ccb=13-1&oh=06_Q3-_Ae4hMA4Qx9nKmMOZoY9g_QFrXv9PgPLw1KqW5DGAdoY1&oe=6A0E3843&_nc_sid=c97757
https://www.facebook.com/inquirerdotnet/posts/pfbid023LRe2NffFFQRtdMK9ebFtZgSjK41pnkChXoymr8qcdCZYxKz4o3p12bss8JJkGwel,AFP monitors 27 Chinese vessels across key WPS features,16,4,1,Not Relevant,1,GenericAttachmentMedia,https://external-iad6-1.xx.fbcdn.net/emg1/v/t13/13904353319987008817?url=https%3A%2F%2Fwww.inquirer.net%2Fwp-content%2Fuploads%2F2026%2F05%2Fafp-wps-19may2026.jpg&fb_obo=1&utld=inquirer.net&stp=c0.5000x0.5000f_dst-jpg_flffffff_p500x261_q75_tt6&_nc_gid=zAL5rwYdqGFTR6mwfNL2IQ&_nc_oc=Adpx4lO08BGStWl2dfmuPv_TTbdh6nWgzmLm5PTEvs_D15qLJD9arxzgNJGYVoc5tqQ&ccb=13-1&oh=06_Q3-_AVHtKscAq-8yvGPX0D0cYj7TGuJUdp72JEcNXmiAABCo&oe=6A0E43F5&_nc_sid=c97757
https://www.facebook.com/inquirerdotnet/posts/pfbid0DL1CbvJfhTEuFRGwqW9bC4uWuoD2PeYMmz575K841984FYAuNjg4jfcUueU9SM1Zl,"Heavy rains, lightning expected over parts of Zambales",3,1,1,Not Relevant,1,GenericAttachmentMedia,https://external-iad6-1.xx.fbcdn.net/emg1/v/t13/8074842158037835611?url=https%3A%2F%2Fnewsinfo.inquirer.net%2Ffiles%2F2022%2F09%2FZambales-map-filephoto-091122.jpg&fb_obo=1&utld=inquirer.net&stp=c0.5000x0.5000f_dst-jpg_flffffff_p500x261_q75_tt6&_nc_gid=zAL5rwYdqGFTR6mwfNL2IQ&_nc_oc=AdrxbOVZrec2EQsAzxdXmv9t3mN8bI-M1L5-KLSYyGB06N0bvZEFAe0FIigQrU-vAYw&ccb=13-1&oh=06_Q3-_AbPB3A7t69GPafMhnzhS26LaKHyEamdrMMrGO2hhSq7W&oe=6A0E2E25&_nc_sid=c97757
https://www.facebook.com/reel/976224698150572/,"IPINAGDASAL SINA CAYETANO, JINGGOY, AT VILLAR

Nag-alay ng panalangin si Bishop Oriel Ballano sa ibinahagi niyang video kasama sina Senate President Alan Peter Cayetano, Sen. Jinggoy Estrada, at Sen. Mark Villar.",12945,4043,787,Not Relevant,1,Video,https://www.facebook.com/reel/976224698150572/
https://www.facebook.com/News5Everywhere/posts/pfbid0yzo8K3XFFJ6v8wQJz9odALMejCpWeeQ2PY12xjwofqZ5gxmMhR3KygcZQJ9RckoYl,"‘HINDI KO STYLE ‘YAN’

Ito ang binigyang-diin ni Mamamayang Liberal Rep. Leila de Lima nang tanungin siya kung maituturing niyang “payback” sa mga Duterte ang pagtayo niya bilang isa sa House prosecutors sa impeachment trial ni Vice Pres. Sara Duterte.

Ayon kay de Lima, ginagawa niya ang trabaho niya bilang miyembro ng Kamara nang patas.

“Hindi po ako ‘yung nag-e-exhibit ng vendetta… Nakatingin lang po ako lagi sa prinsipyo ng katotohanan at pananagutan,” dagdag niya.",1963,582,18,Not Relevant,1,Photo,https://www.facebook.com/photo/?fbid=1510278551130673&set=a.647063400785530
https://www.facebook.com/News5Everywhere/posts/pfbid0hiTPmLgwo9oBVac4a6jdVBf2CDV3PwA8LLNamfAuJkryKnnNYqMnPVdbDkRZqq47l,"‘UNFORTUNATE DEVELOPMENT’

Senator Jinggoy Estrada maintained he did not push for insertions under the 2025 national budget, saying the charges recommended by state prosecutors against him were “baffling and unjust.”",125,39,1,Not Relevant,1,GenericAttachmentMedia,https://external-lga3-3.xx.fbcdn.net/emg1/v/t13/17705106338884355794?url=https%3A%2F%2Fn5ecms.tv5.com.ph%2Fwp-content%2Fuploads%2F2026%2F05%2FHCeVtMSb0AAQ9Iz.jpg&fb_obo=1&utld=tv5.com.ph&stp=c0.5000x0.5000f_dst-jpg_flffffff_p500x261_q75_tt6&_nc_gid=OZabnePHU2V8UL32XTNnaA&_nc_oc=Adp5fJ6Vu7NqKO4GMRONSiwv0jDj2u1AHVC-LjXayKxOB3fYFS0Mjh7Jyw1EcaDRJKM&ccb=13-1&oh=06_Q3-_AYgiDgCgPlPrJDTFHbuldNv2_Q2VBMYP9LScqmm2bXlr&oe=6A0E358D&_nc_sid=c97757
https://www.facebook.com/PAGASA.DOST.GOV.PH/posts/pfbid02d5guDMPReRHpNnDZAFApfbgfbKF3PQRTk6f7puGqmc16LkUedF59vUzbfgHj9fh2l,"As of 8:00 PM today, 17 May 2026, No Low Pressure Areas (LPA) are being monitored for Tropical Cyclone Formation.

All are advised to monitor updates from DOST-PAGASA.",548,8,57,Not Relevant,1,Photo,https://www.facebook.com/photo/?fbid=1444628967708752&set=a.365711365600523
https://www.facebook.com/PAGASA.DOST.GOV.PH/posts/pfbid0XVE7ogcGjR8wV82SQVdZNkEUpA9VfEm5QsmjQTTMoEdmHiikRCtngrRkhNdJWbh3l,"Pampanga River Basin Update as of 5:00 PM, 17 May 2026",39,3,3,Not Relevant,1,Photo,https://www.facebook.com/photo/?fbid=1444363417735307&set=a.365711365600523
https://www.facebook.com/PAGASA.DOST.GOV.PH/videos/1015488434337739/,"Public Weather Forecast issued at 5:00 PM | May 17, 2026 - Sunday

DOST-PAGASA Weather Specialist: Daniel James E. Villamil

#weatherreport  #dostpagasa",1056,122,112,Not Relevant,1,Video,https://www.facebook.com/PAGASA.DOST.GOV.PH/videos/1015488434337739/
https://www.facebook.com/inquirerdotnet/posts/pfbid0GEWrGdrvAodzjNv8AB3GVPzuQ1evKcbuUj55Kh6jbHqHZtoGgwUH8VmtF6dVGFAal,"Bukidnon Rep. Jonathan Keith Flores said his decision to abstain from voting on Vice President Sara Duterte’s impeachment was influenced by personal and political considerations, including consultations with his constituents and not by the Articles of Impeachment.

Flores is part of the 11-prosecution team elected for Duterte’s impeachment trial.

Watch the live stream here: https://inqnews.net/Houseprosecution",646,221,38,Not Relevant,1,Photo,https://www.facebook.com/photo/?fbid=1426561632988121&set=a.295125726131723
https://www.facebook.com/inquirerdotnet/posts/pfbid0dfDZCnzQ6BFdWKcEyE2LcrW9RKumHesNEukb1SgAxCRcgb5j5QY5pkgkM7izdwPol,"2 nabbed, P1.16M ‘shabu’ seized in Puerto Princesa buy-bust",2,1,0,Not Relevant,1,GenericAttachmentMedia,https://external-mia3-2.xx.fbcdn.net/emg1/v/t13/12917289642024680075?url=https%3A%2F%2Fnewsinfo.inquirer.net%2Ffiles%2F2026%2F05%2FFB_IMG_1779162080645.jpg&fb_obo=1&utld=inquirer.net&stp=c0.5000x0.5000f_dst-jpg_flffffff_p500x261_q75_tt6&_nc_gid=yv-O0BQv9wRe3Oq6ML2O_w&_nc_oc=AdrFeNhcj4iIZIUcs7mIC-xHr-4yVD6HxA4OWGqx6vI9tRVNDfVyX4fgAMWWJSKNqtI&ccb=13-1&oh=06_Q3-_ARYXzT-aFBn9kMo0FA6ZcPFVLTh0RZJ0pbF1upCSh_Vl&oe=6A0E31C3&_nc_sid=c97757
https://www.facebook.com/inquirerdotnet/posts/pfbid02iv8Zxex6WGJKnwtBRDoxugbuGbvHGzqd5FyJ54TERaa4HgbY9k2tdjo9hyvobwKPl,"SENATE INCIDENT TIMELINE

LOOK: PNP Chief Gen. Jose Nartatez Jr. presents a timeline of events that occurred on May 13 leading up to the gun-related incident in the Senate and Sen. Bato dela Rosa leaving the building. | 📸: RTVM

Watch the live stream here: https://inqnews.net/PalacepressMay19",49,2,18,Not Relevant,1,Photo,https://www.facebook.com/photo/?fbid=1426553729655578&set=a.295125726131723
https://www.facebook.com/News5Everywhere/posts/pfbid02ifAm5eusUk5zemBeUXPzuvagpBpxyHeLdGnaWjMXPNfAFfC3J3tZoxgmBNaCPUVpl,"PETISYON PARA SA PHYSICAL EXAM, DRUG TEST NI PBBM, PINADI-DISMISS SA SC

Pinababasura ng Office of the Solicitor General (OSG) ang petisyong humihiling sa Supreme Court (SC) na obligahin si Pres. Bongbong Marcos na sumailalim sa physical examination, kabilang ang hair follicle drug test, at isapubliko ang kaniyang medical records.

Inihain nina dating House speaker Pantaleon Alvarez at iba pa ang naturang petisyon.

Giit ng OSG, labag sa doctrine ng presidential immunity ang petisyon. Wala rin umanong legal standing ang mga petitioner dahil hindi sapat na botante at taxpayer sila upang magkaroon ng karapatang magsampa ng kaso. | via Camille Samonte",17192,4730,836,Not Relevant,1,Photo,https://www.facebook.com/photo/?fbid=1510273431131185&set=a.647063400785530
https://www.facebook.com/reel/825903836981839/,"CJ SA VIRGIN LAB FEST

Nagpasilip ng ilang eksena si CJ Navato sa dulang “Human Rights Story of the Year,” isa sa mga obra sa Virgin Lab Fest sa CCP Black Box Theatre. | via Von Belinario",32,1,2,Not Relevant,1,Video,https://www.facebook.com/reel/825903836981839/
https://www.facebook.com/News5Everywhere/posts/pfbid02WgGLJ5XvGBzE12SRHfcKEZUeR4BBsBqy5VHpDB2Hs62MrwHPjwb9kwLvH4mh9mHsl,"‘NO ATTACK ON THE SENATE’

Iginiit ni Department of the Interior and Local Government (DILG) Sec. Jonvic Remulla na walang nangyaring pag-atake sa Senado kasunod ng nangyaring gulo sa Senate premises noong May 13.

Sinabi ito ng kalihim base sa isinagawang anim na araw na imbestigasyon ng mga awtoridad.

Taliwas ito sa naunang pahayag ni Senate Pres. Alan Peter Cayetano sa insidente.

“The Senate was under attack! [...] You will tell me, 'pag may nagpaputok ng warning [shot], hindi under attack 'yun?” ani Cayetano.",654,184,31,Not Relevant,1,Photo,https://www.facebook.com/photo/?fbid=1510269537798241&set=a.647063400785530
https://www.facebook.com/News5Everywhere/posts/pfbid02qDSQ1Lu84TygkYZJ1n9gGGbhAs2qf4kKHfaepBZ1DHKoDxHWfh5geUsLqPqedfQ8l,"SPOKESPERSONS NG PROSECUTION SA VP SARA TRIAL

Magsisilbi sina 1st District Lanao del Sur Rep. Zia Adiong at Kabataan Rep. Renee Co bilang House trial spokespersons para sa gaganaping impeachment trial laban kay Vice Pres. Sara Duterte.

“[Rep. Renee Co] already mentioned publicly that she’s one of the talking heads, and I wish to include the name of [Rep. Zia Adiong],"" sabi ni lead prosecutor Rep. Gerville Luistro.

Nito lamang Lunes, May 18, nang mag-convene ang Senado bilang impeachment court.",349,78,2,Not Relevant,1,Photo,https://www.facebook.com/photo/?fbid=1510268121131716&set=a.647063400785530
https://www.facebook.com/reel/1517044886878089/,"PINOY GAME, PINOY SPIRIT

#BrandedContent | Ipinakilala na si eight-division world boxing champion at Pambansang Kamao Manny Pacquiao bilang bagong mukha ng digital entertainment!

Tampok din sa mga bagong laro ang kanyang buhay at karera.",20,1,2,Not Relevant,1,Video,https://www.facebook.com/reel/1517044886878089/
https://www.facebook.com/News5Everywhere/posts/pfbid0364tTZzFP3KhLbr93Luj6653sgNXNyWD46cMVk7uNx8w8HUTu47UmYVeNVKsiaf5tl,"PALACE PRESS BRIEFING ON SENATE INCIDENT

Nagdaos ng press briefing ang Presidential Communications Office (PCO) kasama ang Philippine National Police (PNP), Department of Justice (DOJ), at Department of the Interior and Local Government (DILG) ngayong Martes, May 19.

Kaugnay ito ng imbestigasyon sa nangyaring gulo sa Senado noong nakaraang linggo.

LIVE: youtube.com/live/1Yl_dTFiSh0

• Sec. Remulla: All evidence points that there was no attack on the Senate
• PNP chief P/Gen. Jose Melencio Nartatez, Jr., ipinakita ang timeline ng tinatawag nilang ""gun-related incident"" sa Senado
• Sec. Remulla, sinabing alam na ni Pres. Bongbong Marcos ang report sa insidente sa Senado, pero wala pa siyang instructions hinggil dito
• Sec. Vida, natanggap na ang report ng NBI, na itinurn over niya sa DOJ Panel of Prosecutors; Report ni Nartatez, itu-turn over na rin sa DOJ
• Sec. Vida: Compelling 'yung facts but we still need to verify and validate
• Sec. Remulla: When he (NBI director Melvin Matibag) said that there was no NBI agent in the Senate, there was none; They never set foot inside the building; They were in the same complex, but not in the same area
• Sec. Remulla, sinabing nagbigay si Sergeant-at-Arms Mao Aplasca ng ""lock-and-load"" order bago ang insidente sa Senado",435,95,2,Not Relevant,1,Photo,https://www.facebook.com/photo/?fbid=1510264897798705&set=a.647063400785530
https://www.facebook.com/dzbb594/videos/27342278755364651/,"#DobolWengSaDobolB kasama sina Weng Salvacion at Weng Dela Peña 

📻: 594 kHz AM band
📡: gmanetwork.com/radio/streaming/dzbb
💻: https://twitter.com/dzbb
▶️: https://www.youtube.com/@dzbb594",59,90,5,Not Relevant,1,Video,https://www.facebook.com/dzbb594/videos/27342278755364651/
https://www.facebook.com/reel/2218597865621265/,"Sen. Raffy Tulfo, iginiit na hindi nanakot ang Senate Minority Bloc para maka-recruit mula sa Senate Majority Bloc upang magkaroon ng kudeta o pagpapalit ng liderato sa Senado. | via Nimfa Ravelo",17,3,0,Not Relevant,1,Video,https://www.facebook.com/reel/2218597865621265/
https://www.facebook.com/reel/1480066116929659/,"𝗜𝗕𝗜𝗡𝗔𝗦𝗨𝗥𝗔 𝗡𝗚 𝗣𝗜𝗦𝗞𝗔𝗟𝗬𝗔 

Reklamong frustrated murder at malicious mischief laban sa pulis ng Quezon City Police District, na nanulak ng isang motorcycle rider sa Pasig City, ibinasura ng piskalya. 

Sa halip, sinabi ng abugado ng pulis na si  Ariel Inton na inirekomenda ng piskalya ang slight physical injuries lamang na may piyansang ₱3,000. | via Glen Juego",294,61,21,Not Relevant,1,Video,https://www.facebook.com/reel/1480066116929659/
https://www.facebook.com/PAGASA.DOST.GOV.PH/posts/pfbid02Kf4NB6i8MXbnQC7U8vKK3DTkJ5HXhTpuDWmU2FVXvzfjdzh4he9U2g6ajtiNWWLul,"Heat Index
Highest Computed 5-day Heat Index with 2-day Forecast as of 17 May 2026, 5:00PM 

For daily heat index information: 
https://www.pagasa.dost.gov.ph/weather/heat-index 

Information from the DOH Philippines about heat-related illnesses during extremely hot weather:
https://bit.ly/DOHPhPublicHealthAdvisory 

Don't forget to take necessary precautions and stay cool and hydrated everyone! ☀️🌡️ 
#HeatIndex #AngInit",238,1,121,Not Relevant,4,Photo; Photo; Photo,https://www.facebook.com/PAGASA.DOST.GOV.PH/posts/pfbid02Kf4NB6i8MXbnQC7U8vKK3DTkJ5HXhTpuDWmU2FVXvzfjdzh4he9U2g6ajtiNWWLul; https://scontent-atl3-2.xx.fbcdn.net/v/t39.30808-6/702090342_1444397214398594_4676269288713824019_n.jpg?stp=dst-jpg_s590x590_tt6&_nc_cat=100&ccb=1-7&_nc_sid=127cfc&_nc_ohc=2_OVDLWzL3wQ7kNvwF9ME7X&_nc_oc=AdoZOcia46_MSzZ-fFshY5ze5zYEa2JAv0cV8CvLkNzoGw-VoC1gGRS2poAIxQGL98E&_nc_zt=23&_nc_ht=scontent-atl3-2.xx&_nc_gid=qKJYMnlArDH4M5okvZebZQ&_nc_ss=72289&oh=00_Af5qtvZ-USW04mmEAr54Sa-BQZVCtl-Pox_RWrGRQZXDrQ&oe=6A120B61; https://scontent-atl3-3.xx.fbcdn.net/v/t39.30808-6/702068149_1444397237731925_431325635650568516_n.jpg?stp=dst-jpg_s590x590_tt6&_nc_cat=109&ccb=1-7&_nc_sid=127cfc&_nc_ohc=9zTRE2uGOtUQ7kNvwFEMT8a&_nc_oc=AdqXfup0VR_4CizgA0IeGCLP3Abdt6CeSZZ6lOFrOqc9FtEK-Zjk9GQWIvkjWsCVGpA&_nc_zt=23&_nc_ht=scontent-atl3-3.xx&_nc_gid=qKJYMnlArDH4M5okvZebZQ&_nc_ss=72289&oh=00_Af6gvGGiu7NEhy51BuoKyIgwAfFlXnXeC0U9VvksWkDU2A&oe=6A12091D; https://scontent-atl3-3.xx.fbcdn.net/v/t39.30808-6/702122424_1444397534398562_7637203471794715707_n.jpg?stp=dst-jpg_p552x414_tt6&_nc_cat=107&ccb=1-7&_nc_sid=127cfc&_nc_ohc=0vv_K_1VE7AQ7kNvwHS9ocW&_nc_oc=Adp1t1vEUolmx0hwJECBOxuMItkXC_qYLKhTv9k_ftJmyIcdgz27_7GgeDD1gy_H65I&_nc_zt=23&_nc_ht=scontent-atl3-3.xx&_nc_gid=qKJYMnlArDH4M5okvZebZQ&_nc_ss=72289&oh=00_Af6Ir80jEoaxkpj2eXXYmU9UlJfcA8Y52BxK86w76uefIw&oe=6A120D4D
https://www.facebook.com/PAGASA.DOST.GOV.PH/posts/pfbid036qfUX5gyg1PQpZMTQmkSf4BHPVKgdW2crmTeS3vwipbZS6sbMHNHnyt8J8M4CzC5l,"As of 2:00 PM today, 17 May 2026, No Low Pressure Areas (LPA) are being monitored for Tropical Cyclone Formation.
All are advised to monitor updates from DOST-PAGASA.",640,9,91,Not Relevant,1,Photo,https://www.facebook.com/photo/?fbid=1444308067740842&set=a.365711365600523
https://www.facebook.com/PAGASA.DOST.GOV.PH/posts/pfbid0XPSQWwcDXeJz2jBN5GLnDzZKRoSfuC4vYXmGaBtXjCJvViXVLL7jc7yUPDYtMuTwl,"24-HOUR PUBLIC WEATHER FORECAST
Issued at 4:00 PM, 17 May 2026

SYNOPSIS: Intertropical Convergence Zone (ITCZ) affecting southern Mindanao.

Forecast Weather Conditions

Area: Zamboanga Peninsula, BARMM, SOCCSKSARGEN, and Davao Region
Weather Condition: Cloudy skies with scattered rains and thunderstorms
Caused By: ITCZ
Impacts: Possible flash floods or landslides due to moderate to at times heavy rains

Area: Visayas and the rest of Mindanao
Weather Condition: Partly cloudy to cloudy skies with isolated rainshowers or thunderstorms
Caused By: Easterlies
Impacts: Possible flash floods or landslides during severe thunderstorms

Area: Metro Manila and the rest of Luzon
Weather Condition: Partly cloudy to cloudy skies with isolated rainshowers or thunderstorms
Caused By: Localized Thunderstorms
Impacts: Possible flash floods or landslides during severe thunderstorms

Forecast Wind and Coastal Water Conditions

Area: Northern Luzon
Wind Speed: Moderate
Wind Direction: Northeast to East
Coastal Waters: Moderate / (1.2 to 2.5 meters)

Area: The rest of Luzon
Wind Speed: Light to Moderate
Wind Direction: Northeast to East
Coastal Waters: Slight to Moderate / (0.6 to 1.8 meters)

Area: The rest of the country
Wind Speed: Light to Moderate
Wind Direction: East to Northeast
Coastal Waters: Slight to Moderate / (0.6 to 1.2 meters)

Extremes of Temperature and Relative Humidity for The 24-hour Period Ending 4:00 PM TODAY

Minimum Temperature: 25.4 °C ... 5:00 AM
Maximum Temperature: 33.2 °C... 2:00 PM

Minumum Relative Humidity: 57 % ... 2:00 PM
Maximum Relative Humidity: 94 % ... 5:00 AM

TIDES AND ASTRONOMICAL INFORMATION Over Metro Manila

sunrise tomorrow: 5:28AM
sunset today: 6:17PM
moonrise tomorrow: 6:26AM
moonset tomorrow: 8:03PM
illumination tomorrow: 4%

For other information about weather, please log on to pagasa.dost.gov.ph or bagong.pagasa.dost.gov.ph or call at (02)927-1335/(02)926-4258",133,3,42,Severe,1,Photo,https://www.facebook.com/photo/?fbid=1444317867739862&set=a.365711365600523
https://www.facebook.com/inquirerdotnet/posts/pfbid0VwM5ktTkgdxFStaoZpLv9vasRc2aSCzgnd2DKu9uNq8fNQQoqWANv3idh1rqESeLl,NTF-Elcac mourns death of ex-student leader slain in Negros clash,43,37,4,Not Relevant,1,GenericAttachmentMedia,https://external-lga3-2.xx.fbcdn.net/emg1/v/t13/17132955645804670781?url=https%3A%2F%2Fnewsinfo.inquirer.net%2Ffiles%2F2026%2F05%2FIMG_8916.jpeg&fb_obo=1&utld=inquirer.net&stp=c0.5000x0.5000f_dst-jpg_flffffff_p500x261_q75_tt6&_nc_gid=Pz-xE-aTrIpJubAlOx9W4g&_nc_oc=AdpwIlA31Q0n_KIzGUaqRaKIea5AB0Io-r332uvpxZIl5tN-Wt_qX84YkZRd4lvV60Q&ccb=13-1&oh=06_Q3-_AZei6cpeXqG3fiFLrKcv5jfNCicufHGmG-MEJAFUJdfe&oe=6A0E2C26&_nc_sid=c97757
https://www.facebook.com/inquirerdotnet/posts/pfbid02uPEG6pF3dhof1fNVtsSN3jDRsCbVUjtEYAqKsrd2XEvz21gepbtkbfiWq2a63aeNl,"NOW: Palace Press Officer Claire Castro holds a press briefing with DILG Secretary Jonvic Remulla, DOJ Secretary Fredderick Vida, and PNP chief Gen. Jose Melencio Nartatez Jr. regarding the 'gun-related incident' at the Senate.

Remulla: All evidence points that there was no attack in the Senate. | via Luisa Cabato, INQUIRER.net 

Watch the live stream here: https://inqnews.net/PalacepressMay19",30,10,1,Not Relevant,1,Photo,https://www.facebook.com/photo/?fbid=1426547679656183&set=a.295125726131723
https://www.facebook.com/inquirerdotnet/posts/pfbid0VdKvADHqfYWTYhWwu8Hrmyk1rSsqECUHVZkNtwJveQ2Fn4Cfb9yGXBUC9Hhae3qwl,"DILG Secretary Jonvic Remulla on the May 13 gun-related incident in the Senate premises: “All evidence points that there was no attack on the Senate.”

Watch the live stream here: https://inqnews.net/PalacepressMay19",334,127,9,Not Relevant,1,Photo,https://www.facebook.com/photo/?fbid=1426547166322901&set=a.295125726131723
https://www.facebook.com/reel/871068319371970/,"Assignment ng mga miyembro ng House Prosecution Team para sa Senate impeachment trial laban kay Vice Pres. Sara Duterte, inanunsiyo na. | via Isa Avendaño-Umali",9,0,1,Not Relevant,1,Video,https://www.facebook.com/reel/871068319371970/
https://www.facebook.com/dzbb594/posts/pfbid028VLHKqjiMbhW7QqLp6T6BBXqX8Lgj6vd1kJkkA34b2jKcNSAf3HMd8tCroH7d776l,"𝗕𝗨𝗟𝗨𝗡𝗚𝗔𝗡 𝗡𝗜𝗡𝗔 𝗖𝗔𝗬𝗘𝗧𝗔𝗡𝗢 𝗔𝗧 𝗘𝗦𝗖𝗨𝗗𝗘𝗥𝗢 

Nakaintriga sa ilan ang bulungan nina Senate Pres. Alan Peter Cayetano at Sen. Chiz Escudero. 

Isa si Escudero sa umugong na posibleng ipapalit kay Cayetano ng umano'y nagluto o nagluluto ng kudeta sa Senado. | via Nimfa Ravelo",306,88,8,Not Relevant,3,Photo; Photo,https://www.facebook.com/dzbb594/posts/pfbid028VLHKqjiMbhW7QqLp6T6BBXqX8Lgj6vd1kJkkA34b2jKcNSAf3HMd8tCroH7d776l; https://scontent-ord5-2.xx.fbcdn.net/v/t39.30808-6/702465673_1477522021087984_3058451581412372176_n.jpg?stp=dst-jpg_s590x590_tt6&_nc_cat=111&ccb=1-7&_nc_sid=127cfc&_nc_ohc=4VEh0WoR7QwQ7kNvwH54Nf0&_nc_oc=AdrBvLbfVCX_nr9S7Z4hNwJGLagwtrU9r6khkE4pNv347nDEvH4GW6pkTXBYkJH4n00&_nc_zt=23&_nc_ht=scontent-ord5-2.xx&_nc_gid=ksCo6NCLkAI8InFopudCig&_nc_ss=72289&oh=00_Af67ypfioNTciRJxwsgX4ewOvJT23WvnyMjyPcQzuvxNUA&oe=6A123698; https://scontent-ord5-2.xx.fbcdn.net/v/t39.30808-6/702495621_1477522071087979_6287896840743217977_n.jpg?stp=dst-jpg_s590x590_tt6&_nc_cat=111&ccb=1-7&_nc_sid=127cfc&_nc_ohc=Ho1LlRz1c8UQ7kNvwHogKKA&_nc_oc=AdpOxol_J5uh6UZhWe4o7EnWxq1BYXnAFndci0oKKimom4djeckxVsXVTpWgmBniwnI&_nc_zt=23&_nc_ht=scontent-ord5-2.xx&_nc_gid=ksCo6NCLkAI8InFopudCig&_nc_ss=72289&oh=00_Af5HWOlhbkUMWhbJUAM0TSF0A9PMaFxIrXtchuokQGKV0Q&oe=6A1234CB
https://www.facebook.com/reel/1538272761016871/,"𝗨𝗚𝗡𝗔𝗬𝗔𝗡 𝗣𝗔𝗥𝗔 𝗠𝗔𝗜𝗪𝗔𝗦𝗔𝗡 𝗡𝗔 𝗔𝗡𝗚 𝗣𝗔𝗚𝗡𝗜𝗣𝗜𝗦 𝗡𝗚 𝗦𝗨𝗣𝗣𝗟𝗬 𝗡𝗚 𝗞𝗨𝗥𝗬𝗘𝗡𝗧𝗘

Department of Energy, tiniyak ang patuloy na pakikipag-ugnayan sa National Grid Corporation of the Philippines para maiwasan na ang pagnipis ng supply ng kuryente o pagsasailalim sa Luzon at Visayas grid sa red at yellow alert. | via Pamela Adriano",6,0,0,Not Relevant,1,Video,https://www.facebook.com/reel/1538272761016871/
https://www.facebook.com/PAGASA.DOST.GOV.PH/posts/pfbid02RdoP9LMU6CdpYJRocG3ZNMkbcaV5TYk4EPeqkFqFXahbEoMkLon111SiFmiR9tYwl,"As of 8:00 AM today, 17 May 2026, No Low Pressure Areas (LPA) are being monitored for Tropical Cyclone Formation.
All are advised to monitor updates from DOST-PAGASA.",767,15,83,Not Relevant,1,Photo,https://www.facebook.com/photo/?fbid=1444079477763701&set=a.365711365600523
https://www.facebook.com/PAGASA.DOST.GOV.PH/posts/pfbid0RdaoHPPBWEPtkHFLWrwqvAbev4u3QBQAvx26XC2AYUs1nBRPT9qFrfsWLwy31MkUl,"Hydrological Forecast for Cagayan River Basin   
Issued at 8:30AM, 17 May 2026",30,0,2,Mild,1,Photo,https://www.facebook.com/photo/?fbid=1444025771102405&set=a.365711365600523
https://www.facebook.com/PAGASA.DOST.GOV.PH/posts/pfbid0so4HvDnXMu63MtbscBAub3wnjzJ3vnfXrXxNxh8saNCPnLFNQsQx7ueq6BFtuVxHl,"Dam Updates as of 8:00 AM, 17 May 2026",47,1,10,Not Relevant,1,Photo,https://www.facebook.com/photo/?fbid=1444023884435927&set=a.365711365600523
https://www.facebook.com/inquirerdotnet/posts/pfbid02tiTee6x9uEhNsUvRG22cn38HidihN1A6nA22gBn7b8pouKXu5um28bmVmKbcQ9kMl,"EARLY WINNER 🏆   

JUST IN: Gwendoline Meliz Soriano from Baguio is voted Miss Snow Caps Radiance at this afternoon's landmark event for the Binibining Pilipinas pageant. | via Armin Adina, INQUIRER.net",129,12,20,Not Relevant,5,Photo; Photo; Photo; Photo,https://www.facebook.com/inquirerdotnet/posts/pfbid02tiTee6x9uEhNsUvRG22cn38HidihN1A6nA22gBn7b8pouKXu5um28bmVmKbcQ9kMl; https://scontent-lga3-2.xx.fbcdn.net/v/t39.30808-6/704307995_1426546046323013_4040962624616087298_n.jpg?stp=cp6_dst-jpg_s590x590_tt6&_nc_cat=1&ccb=1-7&_nc_sid=127cfc&_nc_ohc=ByyJQgWRFPYQ7kNvwFZxAdy&_nc_oc=Adog-cm2gdS8gBOcbqXVkX3dggJBRGW0Tq8s28_fdzBVgK3YjwiyY06iV9BfIeVyd5Q&_nc_zt=23&_nc_ht=scontent-lga3-2.xx&_nc_gid=Cn5xjqq2-V5y9s75DL-Zaw&_nc_ss=72289&oh=00_Af7CDKgxVunumf3D0RaqG5ZsEOAWpZfbB-V9RTQ2hJgIqA&oe=6A121C9D; https://scontent-lga3-2.xx.fbcdn.net/v/t39.30808-6/702201238_1426546049656346_1451288856846522877_n.jpg?stp=cp6_dst-jpg_s590x590_tt6&_nc_cat=1&ccb=1-7&_nc_sid=127cfc&_nc_ohc=znAdk348EboQ7kNvwFN5eCE&_nc_oc=Adr_HPP5RPXlLGEwg45_Ga5XEaoPdY8ed3RFEMA_ZZ7J2h-DpShmx4aB32dqXrJCkNM&_nc_zt=23&_nc_ht=scontent-lga3-2.xx&_nc_gid=Cn5xjqq2-V5y9s75DL-Zaw&_nc_ss=72289&oh=00_Af7N_Zpq90b7Ipje6OXptFyJXCsdVQlqurITgWHoteQaQg&oe=6A123D15; https://scontent-lga3-2.xx.fbcdn.net/v/t39.30808-6/702180082_1426546052989679_8385728701975988373_n.jpg?stp=cp6_dst-jpg_s590x590_tt6&_nc_cat=1&ccb=1-7&_nc_sid=127cfc&_nc_ohc=xMyLDri-rh4Q7kNvwHha2Aa&_nc_oc=Adr1USk5r0GG_FR_ueVDA5tYIdya9qc0jeOw_MgJOo8gfCZLiI_9gJcaRjs0fbJKlic&_nc_zt=23&_nc_ht=scontent-lga3-2.xx&_nc_gid=Cn5xjqq2-V5y9s75DL-Zaw&_nc_ss=72289&oh=00_Af43RNExsfdvpNU0nFzeJomP_HUVKayrmeYsUsdonyvWkw&oe=6A120F7F; https://scontent-lga3-2.xx.fbcdn.net/v/t39.30808-6/704308006_1426546102989674_7738764487003374664_n.jpg?stp=cp6_dst-jpg_s590x590_tt6&_nc_cat=1&ccb=1-7&_nc_sid=127cfc&_nc_ohc=VHBkekWa3pIQ7kNvwHuxDjr&_nc_oc=AdrSug_2GabdCfRZH_0jSRfk1s9f8X75ZegIiKRrZRWRXF8ibq21vtfrZRNUfjOZ5bc&_nc_zt=23&_nc_ht=scontent-lga3-2.xx&_nc_gid=Cn5xjqq2-V5y9s75DL-Zaw&_nc_ss=72289&oh=00_Af7je2lNOSLL4cnJLnvn8E1uqOBr5O3eclsXsq41WKGnYg&oe=6A122709
https://www.facebook.com/inquirerdotnet/posts/pfbid02XRBfjj9M7UkzAnjdemZmSR4EEtYAymkbajfVwUz3n72q44y1Gstfbzsgshq9Qs1sl,"LOOK: Kylie Padilla and Miguel Tanfelix lead the press conference of their upcoming GMA series “Taskforce Firewall” on Tuesday, May 19, in Quezon City. | via Jessica Ann Evangelista, INQUIRER.net",77,4,12,Not Relevant,4,Photo; Photo; Photo,https://www.facebook.com/inquirerdotnet/posts/pfbid02XRBfjj9M7UkzAnjdemZmSR4EEtYAymkbajfVwUz3n72q44y1Gstfbzsgshq9Qs1sl; https://scontent-lga3-2.xx.fbcdn.net/v/t39.30808-6/702201230_1426544319656519_202223678988618563_n.jpg?stp=cp6_dst-jpg_s590x590_tt6&_nc_cat=1&ccb=1-7&_nc_sid=127cfc&_nc_ohc=scep6yPVIg4Q7kNvwHec8zX&_nc_oc=AdpU98V8WNvgeXrKs8lquhf9itDoCNgNhyHaXb8w1ey4B-gUsX1KwnDwBn3SK2UUMPU&_nc_zt=23&_nc_ht=scontent-lga3-2.xx&_nc_gid=Cn5xjqq2-V5y9s75DL-Zaw&_nc_ss=72289&oh=00_Af5qWREUaYKRd6YabZt7pz8QQ9X78enfB0DwSJnSjiszkg&oe=6A1208E5; https://scontent-lga3-2.xx.fbcdn.net/v/t39.30808-6/702214426_1426544322989852_33224083562285816_n.jpg?stp=cp6_dst-jpg_s590x590_tt6&_nc_cat=1&ccb=1-7&_nc_sid=127cfc&_nc_ohc=tWV-SHOGpiMQ7kNvwHpAck3&_nc_oc=AdpEqyysJgkndhlmOQe6r1QO0nqv15E4kwdC2cjevnxuKRI4pciA7-0BWJkx34_pQ_s&_nc_zt=23&_nc_ht=scontent-lga3-2.xx&_nc_gid=Cn5xjqq2-V5y9s75DL-Zaw&_nc_ss=72289&oh=00_Af6qkp87o4G7OaeG0pJoZys2Gvq_uKMjo97FOJY7ZVg5wQ&oe=6A123465; https://scontent-lga3-2.xx.fbcdn.net/v/t39.30808-6/704468200_1426544326323185_8463540498842723867_n.jpg?stp=cp6_dst-jpg_s590x590_tt6&_nc_cat=1&ccb=1-7&_nc_sid=127cfc&_nc_ohc=0S_AEG5GB0IQ7kNvwHSJD2s&_nc_oc=AdoK-tjRY6phlEf1fr3stdJsSIbQkuuOxMy6sLOpbag5qJuEJcVzbvPrauAYaxo7Tl0&_nc_zt=23&_nc_ht=scontent-lga3-2.xx&_nc_gid=Cn5xjqq2-V5y9s75DL-Zaw&_nc_ss=72289&oh=00_Af4h1Y_ZakeINIlxmIDpkjjfHDMYj5h_ZZabn5UVRy8GRw&oe=6A1231BF
https://www.facebook.com/inquirerdotnet/posts/pfbid02Gpoj13wzFJfmi9wnDAgUsyMHHLLjcn31QLyp6DEFghs1qK1BkirvvKngVbijECeel,"The Philippine Stock Exchange index (PSEi) closed at 5,896.80 on Tuesday, May 19, 2026.

For more stories, visit https://business.inquirer.net/category/latest-stories/stocks",11,6,4,Not Relevant,1,Photo,https://www.facebook.com/photo/?fbid=1426544189656532&set=a.295125726131723
https://www.facebook.com/PAGASA.DOST.GOV.PH/posts/pfbid0E3irqLcaLJGi6YjNQfBsNDderB27waHuhXvo9PxPNYCtWAMVf8NFQHVffQxxCVFal,"Hydrological Forecast for Bicol River Basin       
Issued at 8:30AM, 17 May 2026",37,0,4,Moderate,1,Photo,https://www.facebook.com/photo/?fbid=1444021387769510&set=a.365711365600523
https://www.facebook.com/PAGASA.DOST.GOV.PH/posts/pfbid0vdrc1HKY7Hgn3RS6ZatJM1iVcVh1WeMLjdi6vAHbL4yVWPbXkXNVgiH9WMs6vqevl,"Hydrological Forecast for Agno River Basin          
Issued at 8:30AM, 17 May 2026",40,0,4,Mild,1,Photo,https://www.facebook.com/photo/?fbid=1444017911103191&set=a.365711365600523
https://www.facebook.com/PAGASA.DOST.GOV.PH/videos/1001933115678799/,"Public Weather Forecast issued at 5:00 AM | May 17, 2026 - Sunday

DOST-PAGASA Weather Specialist: Veronica C. Torres

#weatherreport  #dostpagasa 

PAGASA Weather Report (Subscribe for more weather updates)
Facebook Page (Like): / pagasa.dost.gov.ph
Twitter (Follow): / dost_pagasa
Website (Visit): http://bagong.pagasa.dost.gov.ph",1143,164,140,Not Relevant,1,Video,https://www.facebook.com/PAGASA.DOST.GOV.PH/videos/1001933115678799/
https://www.facebook.com/reel/1348442953797755/,"#FrontlineExpress | Pansamantalang nakalaya ang inarestong driver ng National Bureau of Investigation (NBI) kasunod ng nangyaring pamamaril sa Senado.

Pinabulaanan niya ang mga paratang at iginiit na wala siyang hawak na baril. | via Nina Ongpauco",663,79,14,Not Relevant,1,Video,https://www.facebook.com/reel/1348442953797755/
https://www.facebook.com/News5Everywhere/posts/pfbid02B2DndfVgrKb5VSKxxTBEdvie8ztL2Q3bLgsxzP5WT7hQP7K9dzy8sLRB2Ef3jitvl,"PBBM WITH U.S. UNDERSECRETARY OF STATE FOR ECONOMIC AFFAIRS

Nag-courtesy call si United States Undersecretary of State for Economic Affairs Jacob Helberg kay Pres. Bongbong Marcos sa Palasyo ngayong Martes, May 19. I via Maricel Halili

📸: PCO",375,64,10,Not Relevant,5,Photo; Photo; Photo; Photo,https://www.facebook.com/News5Everywhere/posts/pfbid02B2DndfVgrKb5VSKxxTBEdvie8ztL2Q3bLgsxzP5WT7hQP7K9dzy8sLRB2Ef3jitvl; https://scontent-dfw5-1.xx.fbcdn.net/v/t39.30808-6/704427141_1510254467799748_6179188211079592421_n.jpg?stp=dst-jpg_s843x403_tt6&_nc_cat=1&ccb=1-7&_nc_sid=127cfc&_nc_ohc=M6pQJLpwdL4Q7kNvwHZK3t6&_nc_oc=AdrNMzzbyv78x0PTzE-MmHoctSEP50HKi7tMOCRpfO0BxBRqqasBTX5awuW48xhfhtw&_nc_zt=23&_nc_ht=scontent-dfw5-1.xx&_nc_gid=_lUJLOOJRULpCDFPQyTtWw&_nc_ss=72289&oh=00_Af7QMvlSLKaYXeDHTzSMuSS-Db9Qo8Vr6dAJ2jJfxOdx2w&oe=6A120930; https://scontent-dfw5-1.xx.fbcdn.net/v/t39.30808-6/702177032_1510254437799751_2185262629245027827_n.jpg?stp=dst-jpg_s590x590_tt6&_nc_cat=1&ccb=1-7&_nc_sid=127cfc&_nc_ohc=JZrgZfdgHu4Q7kNvwG8khW6&_nc_oc=Adpe17qlBg2h-CPcK7CFAhMCV-oA9ivHVGQTLKgGR8r2JQxnScCDd4RyDeIJLScRBKk&_nc_zt=23&_nc_ht=scontent-dfw5-1.xx&_nc_gid=_lUJLOOJRULpCDFPQyTtWw&_nc_ss=72289&oh=00_Af5ohDt8eoIML_So-J-2U4LI-DvcnhubqQF--uDAq-2nEA&oe=6A120D92; https://scontent-dfw5-1.xx.fbcdn.net/v/t39.30808-6/704427188_1510254464466415_6454754219348623315_n.jpg?stp=dst-jpg_s590x590_tt6&_nc_cat=1&ccb=1-7&_nc_sid=127cfc&_nc_ohc=69TL1pzDeWcQ7kNvwG65cOw&_nc_oc=AdoaY_liWskQQNIoF-v--IM4e3vGo0MIshgGsmqS30ZQ5oyRp_EPA5y245MzT6cbAw4&_nc_zt=23&_nc_ht=scontent-dfw5-1.xx&_nc_gid=_lUJLOOJRULpCDFPQyTtWw&_nc_ss=72289&oh=00_Af6K1qf8IoxTUYkiRLDUbg9s2l6u9sTwANYLjuQCDrwNHA&oe=6A1206EA; https://scontent-dfw5-1.xx.fbcdn.net/v/t39.30808-6/702209553_1510254507799744_6510148183915565446_n.jpg?stp=dst-jpg_s590x590_tt6&_nc_cat=1&ccb=1-7&_nc_sid=127cfc&_nc_ohc=T7Blvv2NTjsQ7kNvwEw9K0g&_nc_oc=Adqd6v3iafOURQnszM-aqlG-fQATdLK6GM_k6ZlqhuqtNtcNDWBWDDuh4-Bz5RxaGgQ&_nc_zt=23&_nc_ht=scontent-dfw5-1.xx&_nc_gid=_lUJLOOJRULpCDFPQyTtWw&_nc_ss=72289&oh=00_Af4isyfNZPuuT343tJc_m_xRZKcStbtGXlhkPCCPqzd47w&oe=6A12245F
https://www.facebook.com/reel/975073201919315/,"‘I'VE BEEN DOING MY JOB AS A MEMBER OF THIS HOUSE FAIRLY’

Itinanggi ni Mamamayang Liberal Rep. Leila de Lima na ganti niya sa mga Duterte ang pagtayo bilang isa sa House prosecutors sa impeachment trial ni Vice Pres. Sara Duterte.",3185,186,7,Not Relevant,1,Video,https://www.facebook.com/reel/975073201919315/
https://www.facebook.com/inquirerdotnet/posts/pfbid0Y7vNzYZSpmHcFQFDQvs8RhBiAz3Wuybdivaer8haCV7fj4AY4FL3gf5rjmtqGoztl,"‘TUTULOY PA RIN ANG TRIAL’

Lead prosecutor and Batangas Rep. Gerville Luistro emphasized that the trial against Vice President Sara Duterte will continue even if she or her legal team doesn’t appear in the Senate or files a reply to the complaints against her. 

The impeachment court will instead enter a “not guilty” plea on behalf of Duterte. 

“Kahit hindi dumating ang bise presidente, kahit ‘di siya mag file ng answer, kahit ‘di dumating ‘yung defense lawyers nila, tutuloy pa rin ang trial,” Luistro said. | 📸: House

Watch the live stream here: https://inqnews.net/Houseprosecution",258,38,9,Not Relevant,1,Photo,https://www.facebook.com/photo/?fbid=1426542822990002&set=a.295125726131723
https://www.facebook.com/inquirerdotnet/videos/1679151243776239/,"LIVE: Presidential Communications Office Undersecretary Claire Castro, together with Philippine National Police Chief Jose Melencio Nartatez Jr., Department of Justice Acting Secretary Fredderick Vida, and Department of the Interior and Local Government Secretary Jonvic Remulla, hold a press briefing on Tuesday, May 19, 2026. | via Ryan Leagogo",898,552,162,Not Relevant,1,Video,https://www.facebook.com/inquirerdotnet/videos/1679151243776239/
https://www.facebook.com/inquirerdotnet/posts/pfbid0ru5DhkXoTTSUNZ6urZmBdPXDXyM1BNkP8TUX6esok7Y3C2wakzmheQJoj3JqJ7Jkl,"PESO CLOSES AT 61.75

Here’s the closing exchange rate of the Philippine peso against the US dollar on Tuesday, May 19, 2026.

Visit business.inquirer.net for more business news and updates.",122,14,22,Not Relevant,1,Photo,https://www.facebook.com/photo/?fbid=1426540549656896&set=a.295125726131723
https://www.facebook.com/PAGASA.DOST.GOV.PH/posts/pfbid09kBGZUgerDh1JgqEKw8AVPQUgcwJGgFsL3Vosf9MYz765nqoc8muxkhoahKz6gFgl,"Pampanga River Basin Update as of 5:00 AM, 17 May 2026",31,0,2,Not Relevant,1,Photo,https://www.facebook.com/photo/?fbid=1443912891113693&set=a.365711365600523
https://www.facebook.com/PAGASA.DOST.GOV.PH/posts/pfbid02FNiRgESdEvEjfdywQimcArv6c5KBMTE2yUYJG7nDkpTz8jSMD4odV1BrWL6atg2Pl,"24-HOUR PUBLIC WEATHER FORECAST
Issued at 4:00 AM, 17 May 2026

SYNOPSIS: Frontal System affecting Extreme Northern Luzon. Intertropical Convergence Zone (ITCZ) affecting southern Mindanao.

Forecast Weather Conditions

Area: Batanes and Babuyan Islands
Weather Condition: Cloudy skies with scattered rains and thunderstorms
Caused By: Frontal System
Impacts: Possible flash floods or landslides due to moderate to at times heavy rains

Area: Zamboanga Peninsula, Sultan Kudarat, Sarangani, Lanao del Sur, Maguindanao del Norte, Basilan, and Tawi-Tawi
Weather Condition: Cloudy skies with scattered rains and thunderstorms
Caused By: ITCZ
Impacts: Possible flash floods or landslides due to moderate to at times heavy rains

Area: Metro Manila and the rest of the country
Weather Condition: Partly cloudy to cloudy skies with isolated rainshowers or thunderstorms
Caused By: Localized Thunderstorms
Impacts: Possible flash floods or landslides during severe thunderstorms

Forecast Wind and Coastal Water Conditions

Area: Northern Luzon
Wind Speed: Moderate
Wind Direction: Northeast to North
Coastal Waters: Moderate / (1.2 to 2.5 meters)

Area: The rest of Luzon and Visayas
Wind Speed: Light to Moderate
Wind Direction: Northeast to North
Coastal Waters: Slight to Moderate / (0.6 to 1.8 meters)

Area: Mindanao
Wind Speed: Light to Moderate
Wind Direction: East to Northeast
Coastal Waters: Slight to Moderate / (0.6 to 1.2 meters)

Extremes of Temperature and Relative Humidity for The 24-hour Period Ending 8:00 PM YESTERDAY

Minimum Temperature: 26.5 °C ... 6:30 AM
Maximum Temperature: 35.1 °C... 3:00 PM

Minumum Relative Humidity: 50 % ... 3:00 PM
Maximum Relative Humidity: 90 % ... 2:00 AM

TIDES AND ASTRONOMICAL INFORMATION Over Metro Manila

sunrise today: 5:28AM
sunset today: 6:17PM
moonrise today: 5:25AM
moonset today: 6:54PM
illumination today: 1%

For other information about weather, please log on to pagasa.dost.gov.ph or bagong.pagasa.dost.gov.ph or call at (02)927-1335/(02)926-4258",136,0,58,Severe,1,Photo,https://www.facebook.com/photo/?fbid=1443903157781333&set=a.365711365600523
https://www.facebook.com/PAGASA.DOST.GOV.PH/posts/pfbid02HyCukGpxhKzPoByN7kmcSJ7fHG23sLwPovXkdGg55T5xAL2o5ythr8idgn7rAkyBl,"As of 2:00 AM today, 17 May 2026, No Low Pressure Areas (LPA) are being monitored for Tropical Cyclone Formation.

All are advised to monitor updates from DOST-PAGASA.",825,10,99,Not Relevant,1,Photo,https://www.facebook.com/photo/?fbid=1443880064450309&set=a.365711365600523
https://www.facebook.com/reel/801573036369096/,"JUSA JOY BARCOMA

Excited na si Miss Earth Philippines Joy Barcoma na makasama sa hosting stint ng isang event ng online gaming platform ang komedyanteng si Rufa Mae Quinto. | via Von Belinario

For more latest stories, visit us at www.news5.com.ph",10,0,2,Not Relevant,1,Video,https://www.facebook.com/reel/801573036369096/
https://www.facebook.com/News5Everywhere/posts/pfbid023uBsRwSwvF1797oayFCt8pfhw5T1EWWXopVdYhKo3eeNY4SyNgYxuYBtun98BDwql,"Nagsara sa P61.75 ang palitan ng piso kontra dolyar ngayong Martes, May 19, 2026.

Kasinghina ito ng bagong record low na P61.75 na naitala nito lamang Lunes, May 18.",269,33,28,Not Relevant,1,Photo,https://www.facebook.com/photo/?fbid=1510247861133742&set=a.647063400785530
https://www.facebook.com/reel/35579620051686398/,#FrontlineExpress | Iginiit ng kampo ni Sen. Bato dela Rosa na hindi dapat isantabi ang Konstitusyon at lampasan ang lokal na korte kaugnay ng hiling nilang temporary restraining order sa arrest warrant ng International Criminal Court (ICC). | via Camille Samonte,872,144,27,Not Relevant,1,Video,https://www.facebook.com/reel/35579620051686398/
https://www.facebook.com/reel/807039945618972/,"𝗜𝗕𝗜𝗡𝗔𝗦𝗨𝗥𝗔 𝗡𝗚 𝗣𝗜𝗦𝗞𝗔𝗟𝗬𝗔 

Reklamong frustrated murder at malicious mischief laban sa pulis ng Quezon City Police District, na nanulak ng isang motorcycle rider sa Pasig City, ibinasura ng piskalya. 

Sa halip, sinabi ng abugado ng pulis na si  Ariel Inton na inirekomenda ng piskalya ang slight physical injuries lamang na may piyansang ₱3,000. | via Glen Juego",228,31,61,Not Relevant,1,Video,https://www.facebook.com/reel/807039945618972/
https://www.facebook.com/reel/960508833560333/,"𝗣𝗔𝗡𝗦𝗔𝗠𝗔𝗡𝗧𝗔𝗟𝗔𝗡𝗚 𝗧𝗨𝗟𝗔𝗬

DPWH Region 11, bibilisan ang paggawa ng pansamantalang tulay, matapos masira ang isang tulay sa Brgy. Callawa sa Davao City bunsod ng pagbaha. | via Francis Timbal, GMA Super Radyo Davao",39,22,2,Moderate,1,Video,https://www.facebook.com/reel/960508833560333/
https://www.facebook.com/reel/1524210515967706/,"𝗡𝗔𝗞𝗔𝗞𝗨𝗛𝗔 𝗡𝗔 𝗡𝗚 𝗖𝗬𝗕𝗘𝗥 𝗪𝗔𝗥𝗥𝗔𝗡𝗧 

National Bureau of Investigation (NBI), nakakuha na sa korte ng cyber warrant para sa mga gadget ni Peanut Gallery Media Network (PGMN) founder Franco Mabanta — Atty. Melvin Matibag, director, NBI | via Manny Vargas",46,1,3,Not Relevant,1,Video,https://www.facebook.com/reel/1524210515967706/
https://www.facebook.com/PAGASA.DOST.GOV.PH/posts/pfbid09iKZcoDPEBQ45qEKptyU5cRVQFchrJWGUmHbtr5dRp39KHJhG1qWvkFowN6rWgU9l,"As of 8:00 PM today, 16 May 2026, the Low Pressure Area (LPA 05b) (formerly ""Caloy"") inside the PAR has dissipated.  

Meanwhile, no other Low Pressure Areas (LPAs) are currently being monitored for Tropical Cyclone Formation.

All are advised to monitor updates from DOST-PAGASA.",760,24,109,Not Relevant,1,Photo,https://www.facebook.com/photo/?fbid=1443618634476452&set=a.365711365600523
https://www.facebook.com/PAGASA.DOST.GOV.PH/posts/pfbid02wAWxRopwNcSTJSrRdQvR1cRZVYrGiUwEDK2Dmmhy2dnxvNJUPirjBRTsM1cpALql,"Heat Index
Highest Computed 5-day Heat Index with 2-day Forecast as of 16 May 2026, 5:00PM 

For daily heat index information: 
https://www.pagasa.dost.gov.ph/weather/heat-index 

Information from the DOH Philippines about heat-related illnesses during extremely hot weather:
https://bit.ly/DOHPhPublicHealthAdvisory 

Don't forget to take necessary precautions and stay cool and hydrated everyone! ☀️🌡️ 
#HeatIndex #AngInit",203,4,87,Not Relevant,4,Photo; Photo; Photo,https://www.facebook.com/PAGASA.DOST.GOV.PH/posts/pfbid02wAWxRopwNcSTJSrRdQvR1cRZVYrGiUwEDK2Dmmhy2dnxvNJUPirjBRTsM1cpALql; https://scontent.ffar2-1.fna.fbcdn.net/v/t39.30808-6/700015217_1443461804492135_120970217875517715_n.jpg?stp=dst-jpg_s590x590_tt6&_nc_cat=102&ccb=1-7&_nc_sid=127cfc&_nc_ohc=JGNVNljgiEUQ7kNvwHoZrPF&_nc_oc=Adrln2xSmjheEEr0Wv7kw5nZGizP511m02VtITaCP3WJn6vx3-kEqtnJCM3koM4fNmg&_nc_zt=23&_nc_ht=scontent.ffar2-1.fna&_nc_gid=zs0_bhS__5jZgsv2OeZYqg&_nc_ss=72289&oh=00_Af4cHoTPBqLFnRGkrW0it-46wnLY0RD3m6njNeNPo4SvfQ&oe=6A123814; https://scontent.ffar2-1.fna.fbcdn.net/v/t39.30808-6/700086800_1443461831158799_8949627675987294604_n.jpg?stp=dst-jpg_s590x590_tt6&_nc_cat=107&ccb=1-7&_nc_sid=127cfc&_nc_ohc=tAzfCf6nxwYQ7kNvwGYd5-Z&_nc_oc=Adrxd78s7xGaeoxua9_PmPKPoBzIHmcnqHfoxhwLqq6yVvmy3N2S6i_tq5xPwJoAxMA&_nc_zt=23&_nc_ht=scontent.ffar2-1.fna&_nc_gid=zs0_bhS__5jZgsv2OeZYqg&_nc_ss=72289&oh=00_Af6nkMOT3Tb0zmB2pwxVMijPRw8S0HDTIvNkCsM_Qc6FTA&oe=6A123A7C; https://scontent.ffar2-1.fna.fbcdn.net/v/t39.30808-6/702103430_1443461791158803_9190238726068922844_n.jpg?stp=dst-jpg_p552x414_tt6&_nc_cat=103&ccb=1-7&_nc_sid=127cfc&_nc_ohc=olaJbW_S8AIQ7kNvwElHHZg&_nc_oc=AdpjyjKxus1V2XCP0zVKZhcWgG1lSlkku4b9bFwdU55nWgAfyQOhWWdaslpKIaxaa0k&_nc_zt=23&_nc_ht=scontent.ffar2-1.fna&_nc_gid=zs0_bhS__5jZgsv2OeZYqg&_nc_ss=72289&oh=00_Af6NCLd703WbdTLhLxZEWjnnXvy60HnoJR6kwKfexTn10w&oe=6A122E5C
https://www.facebook.com/PAGASA.DOST.GOV.PH/videos/1426373482625429/,"Public Weather Forecast issued at 5:00 PM | May 16, 2026 - Saturday

DOST-PAGASA Weather Specialist: Daniel James E. Villamil

#weatherreport  #dostpagasa",257,69,46,Not Relevant,1,Video,https://www.facebook.com/PAGASA.DOST.GOV.PH/videos/1426373482625429/
https://www.facebook.com/dzbb594/videos/1300918994842553/,"#SuperBalitaSaHapon kasama si Kaye Morales

📻: 594 kHz AM band
📡: gmanetwork.com/radio/streaming/dzbb
💻: https://twitter.com/dzbb
▶️: https://www.youtube.com/@dzbb594",32,5,3,Not Relevant,1,Video,https://www.facebook.com/dzbb594/videos/1300918994842553/
https://www.facebook.com/reel/1514703446724794/,"Department of Energy, tiniyak ang patuloy na pakikipag-ugnayan sa National Grid Corporation of the Philippines para maiwasan na ang pagnipis ng supply ng kuryente o pagsasailalim sa Luzon at Visayas grid sa red at yellow alert. | via Pamela Adriano",3,0,0,Not Relevant,1,Video,https://www.facebook.com/reel/1514703446724794/
https://www.facebook.com/reel/2366959833798601/,"Sen. Jinggoy Estrada, iginiit na nakakapagtaka at hindi makatwiran ang rekomendasyon ng Department of Justice na sampahan siya ng kaso kaugnay ng anomalya sa flood control projects. | via Nimfa Ravelo",62,15,1,Not Relevant,1,Video,https://www.facebook.com/reel/2366959833798601/
https://www.facebook.com/PAGASA.DOST.GOV.PH/posts/pfbid0s9VMfjo9qadgQfdoGQJDTSrwwiYVF6xgaRjkgS1EntJG7cf26sYYBE3je1C3XWdcl,"24-HOUR PUBLIC WEATHER FORECAST
Issued at 4:00 PM, 16 May 2026

SYNOPSIS: At 3:00 PM today, the Low Pressure Area (formerly ""CALOY"") was estimated based on all available data at 1,000 km East of Northern Luzon (18.0°N, 131.2°E). Frontal System affecting Extreme Northern Luzon. Easterlies affecting the eastern section of Mindanao.

Forecast Weather Conditions

Area: Batanes and Babuyan Islands
Weather Condition: Cloudy skies with scattered rains and thunderstorms
Caused By: Frontal System
Impacts: Possible flash floods or landslides due to moderate to at times heavy rains

Area: Davao Region, SOCCSKSARGEN, Lanao del Sur, Maguindanao del Norte, and Maguindanao del Sur
Weather Condition: Cloudy skies with scattered rains and thunderstorms
Caused By: Easterlies
Impacts: Possible flash floods or landslides due to moderate to at times heavy rains

Area: The rest of Mindanao
Weather Condition: Partly cloudy to cloudy skies with isolated rainshowers or thunderstorms
Caused By: Easterlies
Impacts: Possible flash floods or landslides during severe thunderstorms

Area: Metro Manila and the rest of the country
Weather Condition: Partly cloudy to cloudy skies with isolated rainshowers or thunderstorms
Caused By: Localized Thunderstorms
Impacts: Possible flash floods or landslides during severe thunderstorms

Forecast Wind and Coastal Water Conditions

Area: Northern Luzon
Wind Speed: Moderate
Wind Direction: Northeast to North
Coastal Waters: Moderate / (1.2 to 2.5 meters)

Area: The rest of Luzon and Visayas
Wind Speed: Light to Moderate
Wind Direction: Northeast to North
Coastal Waters: Slight to Moderate / (0.6 to 1.8 meters)

Area: Mindanao
Wind Speed: Light to Moderate
Wind Direction: East to Northeast
Coastal Waters: Slight to Moderate / (0.6 to 1.2 meters)

Extremes of Temperature and Relative Humidity for The 24-hour Period Ending 4:00 PM TODAY

Minimum Temperature: 26.5 °C ... 6:30 AM
Maximum Temperature: 35.1 °C... 3:00 PM

Minumum Relative Humidity: 50 % ... 3:00 PM
Maximum Relative Humidity: 90 % ... 2:00 AM

TIDES AND ASTRONOMICAL INFORMATION Over Metro Manila

sunrise tomorrow: 5:28AM
sunset today: 6:17PM
moonrise tomorrow: 5:25AM
moonset tomorrow: 6:54PM
illumination tomorrow: 1%

For other information about weather, please log on to pagasa.dost.gov.ph or bagong.pagasa.dost.gov.ph or call at (02)927-1335/(02)926-4258",162,3,48,Severe,1,Photo,https://www.facebook.com/photo/?fbid=1443376847833964&set=a.365711365600523
https://www.facebook.com/PAGASA.DOST.GOV.PH/posts/pfbid0ntnRuurGemjuzWLZbz5MXoB61swBdUDTCCmQ8eW7G3Ea3qFMSg2XTs9RGCCYay4ml,"As of 2:00 PM today, 16 May 2026, the Low Pressure Area 05b (formerly ""Caloy"") is still being monitored inside the Philippine Area of Responsibility (PAR) and is ""UNLIKELY"" to redevelop into a tropical depression within the next 24 hours.

All are advised to monitor updates from DOST-PAGASA.",538,16,110,Not Relevant,1,Photo,https://www.facebook.com/photo/?fbid=1443352357836413&set=a.365711365600523
https://www.facebook.com/PAGASA.DOST.GOV.PH/posts/pfbid02sg4qx2anWaFMnoAXgT3HnVnLWhsSU2CzwYpfELxWeVDgR24RkuAy8RTNYEatkUUYl,"As of 8:00 AM today, 16 May 2026, the Low Pressure Area 05b (formerly ""Caloy"") is still being monitored inside the Philippine Area of Responsibility (PAR) and is ""UNLIKELY"" to redevelop into a tropical depression within the next 24 hours.

All are advised to monitor updates from DOST-PAGASA.",465,14,100,Not Relevant,1,Photo,https://www.facebook.com/photo/?fbid=1443110937860555&set=a.365711365600523
https://www.facebook.com/inquirerdotnet/posts/pfbid0Yb1FvojZ4RsRYZqF3hohuMtkoonmsFt2e7idrjGWj7XQmgmT3nDwgrpE2WNNDqeEl,Miss Universe Jamaica marks first public appearance after pageant stage fall,1,0,0,Not Relevant,1,GenericAttachmentMedia,https://external.fmem1-1.fna.fbcdn.net/emg1/v/t13/18129834276185920582?url=https%3A%2F%2Fentertainment.inquirer.net%2Ffiles%2F2026%2F05%2Fgabrielle-henry-first-public-appearance-19may2026.jpeg&fb_obo=1&utld=inquirer.net&stp=c0.5000x0.5000f_dst-jpg_flffffff_p500x261_q75_tt6&_nc_gid=jjTmPHp8V7xeyNpuVkg9ew&_nc_oc=AdpQmJqnqiPXOz8EaU6mS0OrS4yPuw79ruetQ_FWAW4BvJZj28DzfXaoCUVOy10eQ6Q&ccb=13-1&oh=06_Q3-_AUjDMkz74rmcYspq0_LbAeAEaPyzmxsNtiyCefofrnNA&oe=6A0E2F99&_nc_sid=c97757
https://www.facebook.com/inquirerdotnet/posts/pfbid0yHx7i1cSCNQrFxy5sAeUm3PWBj1Q85J9K3fUp5dLoemb2bREyu9q75Qg6DnCxpNil,Matteo Guidicelli reacts to claims of ‘insecurity’ after Erwan’s interview,4,2,0,Not Relevant,1,GenericAttachmentMedia,https://external.fmem1-1.fna.fbcdn.net/emg1/v/t13/8460467313998783723?url=https%3A%2F%2Fentertainment.inquirer.net%2Ffiles%2F2026%2F05%2FScreenshot-2026-05-19-at-3.18.29-PM.png&fb_obo=1&utld=inquirer.net&stp=c0.5000x0.5000f_dst-jpg_flffffff_p500x261_q75_tt6&_nc_gid=jjTmPHp8V7xeyNpuVkg9ew&_nc_oc=AdpKNQ45rWCEQ_nxOrfSnodQgWMi0223dnBeaCprD-3GZayuUROZ8A3NPtL61WVYCoc&ccb=13-1&oh=06_Q3-_AZb9rp0KiuHuRD4TlvmXKhmV7XfTAQYJbQXkwc40zMe7&oe=6A0E252D&_nc_sid=c97757
https://www.facebook.com/inquirerdotnet/posts/pfbid0sG9iasCJdUeoeLgmYeVD871dHPK5QbykDNMjR4CRZpd4Mz8smDMcRhadab5upENSl,"On May 11, 2026, the ouster move against Senate President Vicente “Tito” Sotto III finally succeeded after several reported attempts, as Senate Minority Leader Alan Cayetano was installed to replace him, marking the third leadership change in the chamber during the 20th Congress.

Check the related story in our comments.",484,42,19,Not Relevant,1,Photo,https://www.facebook.com/photo/?fbid=1426535786324039&set=a.295125726131723
https://www.facebook.com/reel/3094225047436518/,"Armed Forces of the Philippines, iniimbestigahan din kung bahagi ng mas malawak na foreign interference ng China ang nasabat na iligal na iron smelting plant sa Misamis Oriental. | via Chino Gaston",14,2,3,Not Relevant,1,Video,https://www.facebook.com/reel/3094225047436518/
https://www.facebook.com/reel/975187724889490/,"𝗦𝗘𝗥𝗩𝗜𝗖𝗘 𝗖𝗢𝗡𝗧𝗥𝗔𝗖𝗧𝗜𝗡𝗚, 𝗣𝗪𝗘𝗗𝗘𝗡𝗚 𝗜𝗧𝗨𝗟𝗢𝗬 𝗡𝗚 𝗠𝗚𝗔 𝗟𝗚𝗨 

Net service contracting program para sa mga nasa sektor ng transportasyon na apektado ng mataas na presyo ng langis, pwede pang ipagpatuloy ng mga lokal na pamahalaan — Department of Transportation | via Sam Nielsen",7,0,0,Not Relevant,1,Video,https://www.facebook.com/reel/975187724889490/
https://www.facebook.com/reel/2645763275858198/,"𝗧𝗨𝗟𝗢𝗬 𝗔𝗡𝗚 𝗜𝗠𝗣𝗘𝗔𝗖𝗛𝗠𝗘𝗡𝗧 𝗞𝗔𝗛𝗜𝗧 𝗪𝗔𝗟𝗔 𝗦𝗜 𝗩𝗣 𝗗𝗨𝗧𝗘𝗥𝗧𝗘

Impeachment trial ng Senado, tuloy kahit hindi magpakita si Vice Pres. Inday Sara Duterte — Manila Rep. Joel Chua, member, House Prosecution Panel | via Isa Avendaño-Umali",169,24,6,Not Relevant,1,Video,https://www.facebook.com/reel/2645763275858198/
https://www.facebook.com/inquirerdotnet/posts/pfbid02vuh13SrhHtRQahfSy4vtxRuokqQ541NQuqebAwPiBV582qWkXqGC9ntKb3VEvf3Xl,Ombudsman urged to probe P4.4-B flood control projects in Davao,63,17,1,Not Relevant,1,GenericAttachmentMedia,https://external-lga3-2.xx.fbcdn.net/emg1/v/t13/989496797124497652?url=https%3A%2F%2Fnewsinfo.inquirer.net%2Ffiles%2F2026%2F05%2Ftinio-flood-19may2026.jpg&fb_obo=1&utld=inquirer.net&stp=c0.5000x0.5000f_dst-jpg_flffffff_p500x261_q75_tt6&_nc_gid=07lOro6UnAl-mVA_YzvuGg&_nc_oc=AdpoaNh66EQN-NqcHQMBXWjZyrcUSvNlfUcwvbImnrbs3Nu2Zt4p0ZvRK8VAdWPzyk8&ccb=13-1&oh=06_Q3-_AV_IwS-YK_uToGoLjkmODDScSmzm0sjOQn6t1jnoAUuX&oe=6A0E126D&_nc_sid=c97757
https://www.facebook.com/inquirerdotnet/posts/pfbid033qanL2eDrQE9vs2JH6qdWGzstLpsxQsoxJR2ifmAPaNqwkB2999Ree2iQgJhcm6vl,Marcos swears in Kim Robert de Leon as new DBM chief,16,0,4,Not Relevant,1,GenericAttachmentMedia,https://external-lga3-2.xx.fbcdn.net/emg1/v/t13/1907176455149211697?url=https%3A%2F%2Fnewsinfo.inquirer.net%2Ffiles%2F2026%2F05%2FP-AB203331-scaled.jpg&fb_obo=1&utld=inquirer.net&stp=c0.5000x0.5000f_dst-jpg_flffffff_p500x261_q75_tt6&_nc_gid=07lOro6UnAl-mVA_YzvuGg&_nc_oc=Adp4FSS-YwP-sFH9n3Lx1-8YSXhyLMQycoWmdzvZ8wk15DnTn932uve9m2kU9Fzblzw&ccb=13-1&oh=06_Q3-_AZnFMZvkgXouP3ds1O_L0cVfvFUgxvkx2EiCD4wtc8FI&oe=6A0E2605&_nc_sid=c97757
https://www.facebook.com/inquirerdotnet/posts/pfbid0236ZAyQBBWBQdpq92Av3D4QF1w1pDvRGmVRXkjN1HnRZhcg4tRr88usqae6D4UdL9l,"‘HINDI KO PO STYLE ‘YAN’

Mamamayang Liberal Rep. Leila de Lima clarified that her taking on the role as public prosecutor in the impeachment trial of Vice President Sara Duterte isn’t a form of revenge against the Dutertes. 

“Hindi po ako yung nage-exhibit ng vendetta, at para sa akin lang po, nakatingin lang po ako palagi sa prinsipyo ng katotohanan at pananagutan. Truth, also justice and accountability,” de Lima said. 

The former senator was arrested in 2017 on drug-trafficking charges during former president Rodrigo Duterte’s administration, which were ultimately dismissed in 2024. | 📸: House

Watch the live stream here: https://inqnews.net/Houseprosecution",1098,183,7,Not Relevant,1,Photo,https://www.facebook.com/photo/?fbid=1426528659658085&set=a.295125726131723
https://www.facebook.com/News5Everywhere/posts/pfbid0d9czTsTUVvVZ2TWiZuAm43uTQW7SVFNK1aRutdVUJN8jeBCBFKCuuC43BddLFX1jl,"TIMELINE NG GUN-RELATED INCIDENT SA SENADO

Ipinakita ni Philippine National Police (PNP) chief P/Gen. Jose Melencio Nartatez, Jr. ang timeline ng nangyaring gulo sa Senado noong May 13.

Kasunod ito ng isinagawang imbestigasyon ng mga awtoridad sa insidente.

📸: PCO",102,19,16,Not Relevant,5,Photo; Photo; Photo; Photo,https://www.facebook.com/News5Everywhere/posts/pfbid0d9czTsTUVvVZ2TWiZuAm43uTQW7SVFNK1aRutdVUJN8jeBCBFKCuuC43BddLFX1jl; https://scontent-iad6-1.xx.fbcdn.net/v/t39.30808-6/704367224_1510244957800699_8893768723174900368_n.jpg?stp=dst-jpg_s590x590_tt6&_nc_cat=106&ccb=1-7&_nc_sid=127cfc&_nc_ohc=CZt1G9D5zkoQ7kNvwEKhnfY&_nc_oc=AdqtYNdl2A4kFYpALEkNCQacSm7j2_Yorkvu1FuEbAYg3k9KiRV_78qfOf3q09AZjjw&_nc_zt=23&_nc_ht=scontent-iad6-1.xx&_nc_gid=GxPWVXe3wv05zyUs1GK2eA&_nc_ss=72289&oh=00_Af7Xzp7mCbbny_nV88euXsPqWvOColvW_86vvB1qGBVp6A&oe=6A120735; https://scontent-iad6-1.xx.fbcdn.net/v/t39.30808-6/702214777_1510245001134028_3697924286748328613_n.jpg?stp=dst-jpg_s590x590_tt6&_nc_cat=109&ccb=1-7&_nc_sid=127cfc&_nc_ohc=uvDb7OuzzJUQ7kNvwG9Juok&_nc_oc=AdrSuBHQnYHav6x22H-FkwXd0WpniCF724S-ZRJ6U-rp5diUEiIGcKpVCsKwv6EhkPg&_nc_zt=23&_nc_ht=scontent-iad6-1.xx&_nc_gid=GxPWVXe3wv05zyUs1GK2eA&_nc_ss=72289&oh=00_Af50UMOtnQ5xBm_BNlK7f0wDVTqI7TIVu--XNUnElWqnUw&oe=6A121260; https://scontent-iad3-2.xx.fbcdn.net/v/t39.30808-6/704307253_1510245064467355_2390761935565716410_n.jpg?stp=dst-jpg_s590x590_tt6&_nc_cat=105&ccb=1-7&_nc_sid=127cfc&_nc_ohc=E1ZfqpW0PEkQ7kNvwFbB7e7&_nc_oc=AdrEr9caNLjdzwclYHFyk3k3EMdvy_vHHNVhf9eEJP91u1P_YQFJm7tiDfwYy9Okgh4&_nc_zt=23&_nc_ht=scontent-iad3-2.xx&_nc_gid=GxPWVXe3wv05zyUs1GK2eA&_nc_ss=72289&oh=00_Af4QlPoKVsarETzCpopFtUY6ddI1ZT2Qvwplyk3UHbCNAg&oe=6A123815; https://scontent-iad3-1.xx.fbcdn.net/v/t39.30808-6/704467817_1510245907800604_2324729337500161912_n.jpg?stp=dst-jpg_s590x590_tt6&_nc_cat=110&ccb=1-7&_nc_sid=127cfc&_nc_ohc=VSR6TuBnDU8Q7kNvwEy4mGi&_nc_oc=AdrlC8osfEQq4KoGyldV5Ke6cLXq85qVmDUj1X-gzmj24kJVCsO-e9ZLEJkC7G_I_s4&_nc_zt=23&_nc_ht=scontent-iad3-1.xx&_nc_gid=GxPWVXe3wv05zyUs1GK2eA&_nc_ss=72289&oh=00_Af4apnbiVDC2r2N23VmOYpuZXmREmcWK5fv7OEoPvA6EKQ&oe=6A123ADC
https://www.facebook.com/News5Everywhere/videos/1300448592225739/,"LIVE | Palace, DOJ, PNP, DILG hold press briefing (May 19, 2026)",711,352,57,Not Relevant,1,Video,https://www.facebook.com/News5Everywhere/videos/1300448592225739/
https://www.facebook.com/News5Everywhere/posts/pfbid02Ep4UnQ8upSrVigEEvD2DEVcWMBAizkTSrokRERBHJ6AtYou8fjB5q39LeshDnPJbl,"IHIHINTO NA ANG SERVICE CONTRACTING PROGRAM

Inanunsyo ng Land Transportation Franchising and Regulatory Board (LTFRB) na matatapos na ang Land-Based Service Contracting Program sa Huwebes, May 21.

Ihihinto na ang mga aktibidad na may kinalaman sa implementasyon ng programa, kabilang ang pagbibigay ng 20% hanggang 40% fare discount sa mga pasahero.

Inilunsad ang programa noong April 15 para tulungan ang mga public transport operator at driver sa gitna ng fuel crisis.",211,84,26,Not Relevant,1,Photo,https://www.facebook.com/photo/?fbid=1510241741134354&set=a.647063400785530
https://www.facebook.com/reel/2978951902310682/,"Malacañang, ipinagtanggol ang pagtatalaga ni Pang. Bongbong Marcos kay dating Iloilo City Mayor Jed Patrick Mabilog bilang undersecretary ng DILG. | via Tuesday Niu",38,10,0,Not Relevant,1,Video,https://www.facebook.com/reel/2978951902310682/
https://www.facebook.com/reel/1515443333630923/,"#BantayPanahon: (As of 2:20 pm) Asahan ang katamtaman hanggang sa malakas na pag-ulan na may kasamang kidlat at malakas na hangin sa Zambales, Bataan, Bulacan, Nueva Ecija, at Bulacan sa loob ng mga susunod na 2 oras.

Nakararanas naman ng malakas hanggang sa matinding pag-ulan na may kasamang kidlat at malakas na hangin ang ilang bahagi ng Tarlac, Rizal, Metro Manila, Batangas, at Quezon na maaaring tumagal sa loob ng 2 oras. | via DOST-PAGASA",10,0,1,Not Relevant,1,Video,https://scontent-atl3-2.xx.fbcdn.net/v/t15.5256-10/702259301_1437162164877391_4128797264154491635_n.jpg?stp=dst-jpg_s526x296_tt6&_nc_cat=104&ccb=1-7&_nc_sid=5fad0e&_nc_ohc=c4VCAbhCq-4Q7kNvwFjl0EH&_nc_oc=Adr-8N3WwgaI0bsTfaBFIojwYCamETQAGhfi11U7GB5W8J4FPFcz-PAeiEBTXSFaHJM&_nc_zt=23&_nc_ht=scontent-atl3-2.xx&_nc_gid=oS_WrH7R5HGBY__BBoc9dg&_nc_ss=72289&oh=00_Af4UPA-5OjSH181OR5bkAKrTETlLMz4FQSyPQEh9kRCMow&oe=6A1223DE
https://www.facebook.com/reel/1294810559438876/,"Pilipinas, hindi makikialam sa usapin ng Taiwan, at patuloy na kinikilala ang One-China Policy — Pang. Bongbong Marcos | via Tuesday Niu",1,0,0,Not Relevant,1,Video,https://www.facebook.com/reel/1294810559438876/
https://www.facebook.com/News5Everywhere/posts/pfbid0385uoTeBw4pBrNVcmzXf5KDn7Dz5eyRsXhCdhkS4PF3f9rQgBHvPsKtMSX4tTD1Ul,"'ALL EVIDENCE POINTS THAT THERE WAS NO ATTACK ON THE SENATE'

Ito ang iginiit ni Interior Sec. Jonvic Remulla kasunod ng anim na araw na imbestigasyon sa nangyaring gulo sa Senado noong Miyerkules, May 13.

📸: PCO",1122,222,22,Not Relevant,1,Photo,https://www.facebook.com/photo/?fbid=1510241387801056&set=a.647063400785530
https://www.facebook.com/reel/954511124160495/,"‘‘YUNG MGA WFH, NAPIPILITANG MAG-REPORT SA OFFICE DAHIL BROWNOUT’

Nanawagan ang Bagong Alyansang Makabayan (Bayan) na tuluyan nang ibasura ang Electric Power Industry Reform Act (EPIRA) matapos ang 25 taon nitong pagpapatupad na nagresulta umano sa labis na pagpapahirap sa mga konsumer.

Binatikos din ng grupo ang ""pass-through costs"" kapag nagmamahal ang imported na coal, at ang ""system loss charge"" kung saan ang mga konsumer ang nagbabayad sa kuryenteng hindi naman nila nagamit. | via #Vidyolante Eder Del Castillo & Lito Hornedo, News5 Quick Reaction Team

For more latest stories, visit us at www.news5.com.ph",69,9,5,Not Relevant,1,Video,https://www.facebook.com/reel/954511124160495/
https://www.facebook.com/reel/1489067583000106/,"‘MAS MASAHOL PA KAY HUDAS 'YUNG MAGHUHUDAS SA AMIN’

'Yan ang reaksyon ni Sen. Rodante Marcoleta sakaling may kakalas sa mga kasamahan niya sa Senate majority bloc

Idiniin ng mambabatas na malaki ang naging sakripisyo ni Sen. Bato dela Rosa para makuha ng kanilang grupo ang bagong liderato ng Senado kaya hindi ito dapat balewalain o talikuran ng sinuman.",2394,1104,62,Not Relevant,1,Video,https://www.facebook.com/reel/1489067583000106/
https://www.facebook.com/PAGASA.DOST.GOV.PH/posts/pfbid0Nheoe31rxZUwDvRcRYvNJBcY3ARdqc9sMNmhc9LBM7RLWBHjnAqMvBTRdugYgotwl,"Hydrological Forecast for Cagayan River Basin  
Issued at 8:30AM, 16 May 2026",51,0,3,Mild,1,Photo,https://www.facebook.com/photo/?fbid=1443097917861857&set=a.365711365600523
https://www.facebook.com/PAGASA.DOST.GOV.PH/posts/pfbid0VwEiwT4svDs8aGXRvoezgK9ukNMtGPXCnjBCCTtLUXintgjTX4LgssRr7PPPBG34l,"Hydrological Forecast for Bicol River Basin      
Issued at 8:30AM, 16 May 2026",31,0,3,Mild,1,Photo,https://www.facebook.com/photo/?fbid=1443087064529609&set=a.365711365600523
https://www.facebook.com/PAGASA.DOST.GOV.PH/posts/pfbid0wa2MsofkaZLRFZqiHxQ3gGyEBukRYztTBwUyd2oGM2rw4PHBChFXTJa7LewuLSqhl,"Hydrological Forecast for Agno River Basin         
Issued at 8:30AM, 16 May 2026",50,0,3,Mild,1,Photo,https://www.facebook.com/photo/?fbid=1443086764529639&set=a.365711365600523
https://www.facebook.com/PhilippineSTAR/posts/pfbid022y8SwcrWNq2XMV1nJBFCPQbEr8RhizjpiozP1k9cnPoVikDKfyV9q7e57iVs7oMfl,JUST IN: Senate elects Senator Mark Villar as chairperson of the Committee on Finance.,42628,2242,4256,Not Relevant,1,Photo,https://www.facebook.com/photo/?fbid=1489605606536647&set=a.602294451934438
https://www.facebook.com/PhilippineSTAR/posts/pfbid0w9n9TaUgeEa69MNog9nTg3FA4KHP6bP4B6z45Brs2EzLnh12X9trn7sVCwnrg1vBl,,71,3,7,Not Relevant,0,,
https://www.facebook.com/PhilippineSTAR/posts/pfbid0maLUWotvxEm8ypPekuLh2BY1QyzsgVBU148EzvnbJYungmKo8Be5DN44LUuGxpYkl,"COUPLE GOALS 😍

Actor Troy Montero celebrated his fitness milestones with his wife Aubrey Miles after finishing different sport competitions in the last month. 

""Last 30 Days has been FUN!! 🔥🔥🔥
From our 1st HYROX in Hong Kong last weekend • 4th in age group.
16K Panasonic Run yesterday • 7th in age group
QuakerFit Run April 26 •1st in age group
Sharp Run April 19 •1st in age group
And The Ko’ko’ Road Race in Guam on April 12

Aubrey Miles we put in the work and enjoying the results but now it’s time to recover and get back to training. Where to next? 🔥🔥🔥,"" he wrote in an Instagram post on Sunday. (Instagram/Troy Montero)",86,1,9,Not Relevant,6,Photo; Photo; Photo; Photo; Photo,https://www.facebook.com/PhilippineSTAR/posts/pfbid0maLUWotvxEm8ypPekuLh2BY1QyzsgVBU148EzvnbJYungmKo8Be5DN44LUuGxpYkl; https://scontent-ord5-2.xx.fbcdn.net/v/t39.30808-6/702100075_1489436146553593_3422464021176165193_n.jpg?stp=dst-jpg_s590x590_tt6&_nc_cat=105&ccb=1-7&_nc_sid=127cfc&_nc_ohc=o-nlFZl36wMQ7kNvwEBuaNT&_nc_oc=AdrTmfYKlwExfBU20sNC7AOw54l3qWkAyOPncwHzZ-X-VEIlVqE0OuYkP0j1bpZBsF4&_nc_zt=23&_nc_ht=scontent-ord5-2.xx&_nc_gid=-UYStbSMp5YYKiOIKDUdcA&_nc_ss=7c289&oh=00_Af6s_93LksjZeLzjvmHd3FlguKCjOJBB3TVXA-6DC-rI3A&oe=6A123B3E; https://scontent-ord5-2.xx.fbcdn.net/v/t39.30808-6/702233928_1489436109886930_7022799448549148659_n.jpg?stp=dst-jpg_s590x590_tt6&_nc_cat=105&ccb=1-7&_nc_sid=127cfc&_nc_ohc=TCO_sUH7G_AQ7kNvwGOKK6_&_nc_oc=Adq4gZKA96xE6D2LeTkJbvhFsy9if3JhfE5Q_iKJvsGWSbZjKV-vN0ZZUPYrJKrYqd4&_nc_zt=23&_nc_ht=scontent-ord5-2.xx&_nc_gid=-UYStbSMp5YYKiOIKDUdcA&_nc_ss=7c289&oh=00_Af7rugz3WdHaQMGqoi-IfEgqbX3t83s9eALcFRvBGsRMIg&oe=6A12176A; https://scontent-ord5-2.xx.fbcdn.net/v/t39.30808-6/703449135_1489436063220268_360489095341682028_n.jpg?stp=dst-jpg_s590x590_tt6&_nc_cat=102&ccb=1-7&_nc_sid=127cfc&_nc_ohc=3_27-aWa-MQQ7kNvwFUVXdH&_nc_oc=AdoSWTHLV5fhiAsLdV0aNTcs8HGofZcBhNF6kzJIXxsU9vl2Fag2Blx1vyeMouxPvCo&_nc_zt=23&_nc_ht=scontent-ord5-2.xx&_nc_gid=-UYStbSMp5YYKiOIKDUdcA&_nc_ss=7c289&oh=00_Af6YxwMJMV6d10nBpylyPWrd1t50LT5Wt9uegKNhFRQQFA&oe=6A1230DA; https://scontent-ord5-1.xx.fbcdn.net/v/t39.30808-6/702176758_1489436043220270_3040082223733909347_n.jpg?stp=dst-jpg_s590x590_tt6&_nc_cat=108&ccb=1-7&_nc_sid=127cfc&_nc_ohc=l5cxan8Ldu8Q7kNvwFBHa8J&_nc_oc=AdpopSb89Neri9mawoSKtnI7zHcudcodY4BWZ6oJeqNZ7yvvyjuBHBbQ1_hsHk_7Oew&_nc_zt=23&_nc_ht=scontent-ord5-1.xx&_nc_gid=-UYStbSMp5YYKiOIKDUdcA&_nc_ss=7c289&oh=00_Af7BYmV4GFfnv7J2cLFgww0NwZIp-hO0iCv659wfIuDeQg&oe=6A122ABF; https://scontent-ord5-2.xx.fbcdn.net/v/t39.30808-6/703014889_1489436046553603_1667460640526116919_n.jpg?stp=dst-jpg_s590x590_tt6&_nc_cat=104&ccb=1-7&_nc_sid=127cfc&_nc_ohc=pWJpri0dR8YQ7kNvwF8u-Lb&_nc_oc=AdqjSj0NS5Ze9aqx2SzmXanx_a06eDjGnM4RWgwL6BxbFaNf9FKBrtekPtj0Vz0U6PM&_nc_zt=23&_nc_ht=scontent-ord5-2.xx&_nc_gid=-UYStbSMp5YYKiOIKDUdcA&_nc_ss=7c289&oh=00_Af5Qe2dW_-Mh-Hnl81tyj7JGFaF4wKQ0cVGOQHC6ubpQ8w&oe=6A122958
https://www.facebook.com/reel/1301924054781415/,"National Maritime Council, hinikayat ang mga mangingisdang Pilipino, na dalasan pa ang pangingisda at pamamalagi sa mga teritoryo ng bansa sa West Philippine Sea. | via Manny Vargas",3,0,0,Not Relevant,1,Video,https://www.facebook.com/reel/1301924054781415/
https://www.facebook.com/reel/1980302529523807/,"Philippine National Police (PNP), kinumpirma ang pagharap sa PNP-Criminal Investigation & Detection Group ng mga miyembro ng Office of the Senate Sergeant-At-Arms (OSAA), bilang bahagi ng imbestigasyon sa pamamaril sa Senado noong May 13, 2026. | via Sam Nielsen",16,0,0,Not Relevant,1,Video,https://www.facebook.com/reel/1980302529523807/
https://www.facebook.com/reel/926145363781615/,"Tatlong taong gulang na biktima ng pisikal na pang-aabuso ng kinakasama ng kanyang ina, na nag-viral sa social media, nailigtas na ng Department of Social Welfare and Development - DSWD; suspek, hawak na ng pulisya. | via Glen Juego - Reporter Dad",29,5,5,Not Relevant,1,Video,https://www.facebook.com/reel/926145363781615/
https://www.facebook.com/News5Everywhere/posts/pfbid02cFkCAP4N6KZ9yLUwA5BL5cGMhh6KCbYw5zhXdzTiY27Kr5QihcS4JajdtGJxUPwxl,"HOUSE PROSECUTION PANEL PREPARATIONS FOR VP SARA TRIAL

Nag-organisa na ng mga grupo ang House prosecution panel na tututok sa bawat isa sa apat na Articles of Impeachment laban kay Vice Pres. Sara Duterte.

Paghahanda ito ng prosekusyon bago ang pagsisimula ng trial ng bise. Kasunod ito ng pormal na pag-convene ng Senado bilang impeachment court. | via Marianne Enriquez",553,194,23,Not Relevant,3,Photo; Photo,https://www.facebook.com/News5Everywhere/posts/pfbid02cFkCAP4N6KZ9yLUwA5BL5cGMhh6KCbYw5zhXdzTiY27Kr5QihcS4JajdtGJxUPwxl; https://scontent-iad3-1.xx.fbcdn.net/v/t39.30808-6/702044006_1510236124468249_967001361323246439_n.jpg?stp=dst-jpg_s590x590_tt6&_nc_cat=108&ccb=1-7&_nc_sid=127cfc&_nc_ohc=8aOq8UF5b5cQ7kNvwFMXbMm&_nc_oc=AdolaBw8gEl4knJaQd_1_v_IwqHS4Qkhc_rLN8Xa3xabUVP96urgBnDChWit-nritaM&_nc_zt=23&_nc_ht=scontent-iad3-1.xx&_nc_gid=svmED8-c5SvkMaAHYhcV3g&_nc_ss=72289&oh=00_Af4S5I1myRF8bfScRt9o2-MXtBLXa2gW6gsQ5BBExIgY7w&oe=6A122743; https://scontent-iad3-2.xx.fbcdn.net/v/t39.30808-6/702465844_1510236167801578_447486101225525216_n.jpg?stp=dst-jpg_s590x590_tt6&_nc_cat=103&ccb=1-7&_nc_sid=127cfc&_nc_ohc=8xqymz68C6gQ7kNvwHos0Dv&_nc_oc=AdquOkn-c5uoepBsOYHjFH5o760jqS9BJ6Q82-AWqKkWC8ayjRc90rpDsxd1CNB7V34&_nc_zt=23&_nc_ht=scontent-iad3-2.xx&_nc_gid=svmED8-c5SvkMaAHYhcV3g&_nc_ss=72289&oh=00_Af4f3F3n3XudxwnrCdALtGK2zyrw02CG98LQSFRrMVSvHA&oe=6A12157F
https://www.facebook.com/News5Everywhere/posts/pfbid02b78N5zJwdGQmTqRoDSJN7FGhqZcbF3TQCNte5K5KUEonKvUV8BqPrpfqxvWXKsXgl,"'HINDI PO, I'VE BEEN DOING MY JOB AS A MEMBER OF THIS HOUSE FAIRLY'

Ito ang sagot ni Mamamayang Liberal Rep. Leila de Lima sa tanong kung maituturing niyang ""payback"" laban sa mga Duterte ang pagiging House prosecutor niya sa impeachment ni Vice Pres. Sara Duterte.

""Hindi ko po style 'yan... Nakatingin lang po ako lagi sa prinsipyo ng katotohanan at pananagutan,"" ayon kay de Lima.

📸: House of Representatives (YouTube)",5869,627,28,Not Relevant,1,Photo,https://www.facebook.com/photo/?fbid=1510228947802300&set=a.647063400785530
https://www.facebook.com/News5Everywhere/posts/pfbid02UPFJ3EGRWTvVnxPVJrGVJa6tMqTNzTYXm5Lg3S1dXdVM4gJGVw8VMo4JzYu4eqY9l,"CEBU PACIFIC TO RESUME DUBAI OPERATIONS

Inanunsyo ng Cebu Pacific na magbabalik-operasyon na ang kanilang Manila-Dubai-Manila flights simula July 2, 2026.

Magkakaroon sila ng apat na Dubai flights kada linggo — tuwing Martes, Huwebes, Sabado, at Linggo.",160,7,14,Not Relevant,1,Photo,https://www.facebook.com/photo/?fbid=1510221934469668&set=a.647063400785530
https://www.facebook.com/inquirerdotnet/posts/pfbid0GS6JHMW8R7RszaMQtb2Yd5GZeUgXCdjSocWCkMjkbzyH4UdxvGfKBMxTy4fgDjvgl,"The Pasig City Regional Trial Court (RTC) has approved the National Bureau of Investigation’s (NBI) cyber warrant application to examine the seized gadgets of Peanut Gallery Media Network (PGMN) founder Franco Mabanta and other individuals recently arrested for allegedly extorting money from former House Speaker Martin Romualdez, according to NBI Director Melvin Matibag.

Check the full story in the comments.",584,37,13,Not Relevant,1,Photo,https://www.facebook.com/photo/?fbid=1426527982991486&set=a.295125726131723
https://www.facebook.com/inquirerdotnet/posts/pfbid0yCpQiV92ZpeV65RxzJPBNYxxv3anPayuC3VC6rLd5cR5qrZ6HivnShwjtKmtRAa1l,Iloilo City launches ‘Oplan Kontra Baha’ to reduce flooding risks,1,2,0,Moderate,1,GenericAttachmentMedia,https://external-iad3-2.xx.fbcdn.net/emg1/v/t13/14903768260677525516?url=https%3A%2F%2Fnewsinfo.inquirer.net%2Ffiles%2F2026%2F05%2FDSC05381.jpeg&fb_obo=1&utld=inquirer.net&stp=c0.5000x0.5000f_dst-jpg_flffffff_p500x261_q75_tt6&_nc_gid=n5zv9Safoi_d7fykz0KQsg&_nc_oc=AdrghjCD1-dMwHtK-zqPLSJkD1P28ES2zgPsJOaSLvGwWkwY4Y8GacH-GCfTOu7kaf8&ccb=13-1&oh=06_Q3-_AdotjOxd-1s09EQAybwma-SAAJvbpdbG9Ct3-grcc6cY&oe=6A0E3082&_nc_sid=c97757
https://www.facebook.com/inquirerdotnet/posts/pfbid02q6n1eyrsRzLoqGqkF3SR6TLYJmiUf2Ae5AjvogoCyiftbuNCCkUcLZzDf6LnMTz3l,Via Bandera,7,0,0,Not Relevant,0,,
https://www.facebook.com/PhilippineSTAR/posts/pfbid026F3d5HygefrGWBYQyt9gutTexp519xdtGKX61zRmNK7a5kz4zGUfUNxijJ1rZwAdl,,29,2,19,Not Relevant,0,,
https://www.facebook.com/PhilippineSTAR/posts/pfbid02NRAFvyWdWMAeJy7ncaFa2YU7H1YckYVm2GCjvdt6C8Bma3krSpMKF4wVgGMFvkvml,,6,1,1,Not Relevant,0,,
https://www.facebook.com/PhilippineSTAR/posts/pfbid02JubLPCgj2MvhwGbqMktpDSXTkpK6cC8jec6PPD9cc6DYWt7vHzyBuVHMu61Bg6sol,"JUST IN: Former Cignal coach Shaq delos Santos was named interim Alas Pilipinas women's coach. 

He will handle the reins while head mentor Tai Bundit recovers from an ankle injury he sustained in scooter accident back home in Bangkok. | via Joey Villar",151,0,2,Not Relevant,1,Photo,https://www.facebook.com/photo/?fbid=1489436389886902&set=a.602294451934438
https://www.facebook.com/PAGASA.DOST.GOV.PH/posts/pfbid0ookWaCtxuppD6Ze3UmHCQNZA6vWH2EuJu9kcMA8ufNLsX2B7aPRyutGa8HE1sEojl,"Dam Updates as of 8:00 AM, 16 May 2026",55,0,9,Not Relevant,1,Photo,https://www.facebook.com/photo/?fbid=1443085437863105&set=a.365711365600523
https://www.facebook.com/PAGASA.DOST.GOV.PH/posts/pfbid02eiGJirzFciqt7N9c25gXWJXCuEG8dptLUNZDgpvpxJmzJA4aSN9PFdZTc7Ef1YRal,"Pampanga River Basin Update as of 5:00 AM, 16 May 2026",39,1,4,Not Relevant,1,Photo,https://www.facebook.com/photo/?fbid=1442976227874026&set=a.365711365600523
https://www.facebook.com/PAGASA.DOST.GOV.PH/videos/973083228677542/,"Public Weather Forecast issued at 5:00 AM | May 16, 2026 - Saturday

DOST-PAGASA Weather Specialist: Loriedin De La Cruz - Galicia

#weatherreport  #dostpagasa 

PAGASA Weather Report (Subscribe for more weather updates)
Facebook Page (Like): / pagasa.dost.gov.ph
Twitter (Follow): / dost_pagasa
Website (Visit): http://bagong.pagasa.dost.gov.ph",313,110,112,Not Relevant,1,Video,https://www.facebook.com/PAGASA.DOST.GOV.PH/videos/973083228677542/
https://www.facebook.com/reel/2429871387437555/,"HINDI DAHIL SA IMPEACHMENT

Opisyal nang nagbitiw sa pwesto si 1-Tahanan Rep. Nathaniel Oducado dahil aniya sa health reasons at upang magkaroon ng oras sa kaniyang pamilya.

Kasabay nito, mariing itinanggi ni Oducado ang mga espekulasyon na may kinalaman ang kaniyang pag-resign sa kaniyang boto na sumusuporta sa impeachment complaint laban kay Vice Pres. Sara Duterte.

Samantala, pinag-uusapan pa ng partido kung sino ang uupo sa bakanteng pwesto. Ngunit lumulutang na papalit sa kanya ang pangalan ni Brigada Group founder at 1-Tahanan Party-list chairman Elmer Catulcos na siyang 4th nominee ng grupo. | via Marianne Enriquez",456,109,11,Not Relevant,1,Video,https://www.facebook.com/reel/2429871387437555/
https://www.facebook.com/News5Everywhere/posts/pfbid0jRqXZ18xTJd6D2Mi4nDT7nDoUjmESKxeobU7cewmSuMbge9p1F33CKKNoWQxcEMml,"HOUSE TRIAL SPOKESPERSONS

Tatayo sina 1st District Lanao del Sur Rep. Zia Adiong and Kabataan Rep. Renee Co bilang House trial spokespersons kaugnay sa nakatakdang impeachment trial ni Vice Pres. Sara Duterte sa Senado, ayon kay House lead prosecutor at 2nd District Batangas Rep. Gerville Luistro.",1326,119,5,Not Relevant,1,Photo,https://www.facebook.com/photo/?fbid=1510218481136680&set=a.647063400785530
https://www.facebook.com/reel/2233969594007877/,"NA-MANIFEST ‘YUNG BROWNOUT 😂

Literal na dumilim ang paligid nang kantahin ng contestant sa isang singing contest ang kanyang piyesa dahil sa brownout sa Pura, Tarlac noong May 13.

Noong una ay nalungkot daw siya dahil baka makaapekto ang nangyari sa resulta ng contest. Buti na lang ay pinaulit sa kanya ang kanyang performance matapos maghintay ng ilang oras.

Sa huli ay sulit naman dahil nag-champion ang uploader na kontisero na simula pa noong siya’y 15 years old.

“Madalas po mag-brownout dito gawa ng rotational brownout. Siguro dahil sa mababang supply ng kuryente,” kuwento ng uploader.

“Nagulat ako siyempre nasaktuhan pa na ako kumakanta tapos biglang nawalan ng kuryente,” dagdag pa niya.",1644,80,155,Not Relevant,1,Video,https://www.facebook.com/reel/2233969594007877/
https://www.facebook.com/PAGASA.DOST.GOV.PH/posts/pfbid029pmDjXqvZzqBHTEbunjGXQv5BPSfqv8t6fMgMitLtX4KyaQYKpKzqW4RoYmrsLoDl,"24-HOUR PUBLIC WEATHER FORECAST
Issued at 4:00 AM, 16 May 2026

SYNOPSIS: At 3:00 AM today, the Low Pressure Area (formerly ""CALOY"") was estimated based on all available data at 980 km East of Central Luzon (16.3°N, 131.3°E). Frontal System affecting Extreme Northern Luzon.

Forecast Weather Conditions

Area: Batanes and Babuyan Islands
Weather Condition: Cloudy skies with scattered rains and thunderstorms
Caused By: Frontal System
Impacts: Possible flash floods or landslidesdue to moderate to at times heavyrains

Area: Metro Manila and the rest of the country
Weather Condition: Partly cloudy to cloudy skies with isolated rainshowers or thunderstorms
Caused By: Localized Thunderstorms
Impacts: Possible flash floods or landslides during severe thunderstorms

Forecast Wind and Coastal Water Conditions

Area: Northern Luzon
Wind Speed: Moderate
Wind Direction: Northeast to North
Coastal Waters: Moderate / (1.2 to 2.1 meters)

Area: The rest of Luzon and Visayas
Wind Speed: Light to Moderate
Wind Direction: Northeast to North
Coastal Waters: Slight to Moderate / (0.6 to 1.8 meters)

Area: Mindanao
Wind Speed: Light to Moderate
Wind Direction: Northeast to North
Coastal Waters: Slight to Moderate / (0.6 to 1.2 meters)

Extremes of Temperature and Relative Humidity for The 24-hour Period Ending 8:00 PM YESTERDAY

Minimum Temperature: 28.2 °C ... 5:00 AM
Maximum Temperature: 36.1 °C... 2:00 PM

Minumum Relative Humidity: 43 % ... 3:00 PM
Maximum Relative Humidity: 77 % ... 5:00 AM

TIDES AND ASTRONOMICAL INFORMATION Over Metro Manila

sunrise today: 5:28AM
sunset today: 6:17PM
moonrise today: 4:30AM
moonset today: 5:46PM
illumination today: 0%

For other information about weather, please log on to pagasa.dost.gov.ph or bagong.pagasa.dost.gov.ph or call at (02)927-1335/(02)926-4258",281,14,82,Severe,1,Photo,https://www.facebook.com/photo/?fbid=1442945957877053&set=a.365711365600523
https://www.facebook.com/PAGASA.DOST.GOV.PH/posts/pfbid02SvcKoPzBrtbEFF1htb4aLCbP6goCwxmYjReSk4kzyGw3AsoCxeC54p6NBfe1Yt9ql,"As of 2:00 AM today, 16 May 2026, the Low Pressure Area 05b (formerly ""Caloy"") is still being monitored inside the Philippine Area of Responsibility (PAR) and is ""UNLIKELY"" to redevelop into a tropical depression within the next 24 hours.

All are advised to monitor updates from DOST-PAGASA.",581,25,113,Not Relevant,1,Photo,https://www.facebook.com/photo/?fbid=1442900814548234&set=a.365711365600523
https://www.facebook.com/PAGASA.DOST.GOV.PH/posts/pfbid0j4YMuUxuRPrSSqNKhFJc8Kh1VGS5UZDJKw153xK5oUG8Ax2xxxhQ6jFKywfmNjBjl,"As of 8:00 PM today, 15 May 2026, the Low Pressure Area 05b (formerly ""Caloy"") is still being monitored inside the Philippine Area of Responsibility (PAR) and is ""UNLIKELY"" to redevelop into a tropical depression within the next 24 hours.

All are advised to monitor updates from DOST-PAGASA.",411,24,59,Not Relevant,1,Photo,https://www.facebook.com/photo/?fbid=1442591907912458&set=a.365711365600523
https://www.facebook.com/inquirerdotnet/posts/pfbid02mxwbHYE7hB9FmyPgbjGQhBptMTuKsa9Eab69MaZbZJbXbWKoygosoxyLTDauE7yul,Valenzuela’s 9 pumping stations to be under LGU’s care by June 2026 – Dizon,5,2,0,Not Relevant,1,GenericAttachmentMedia,https://external-iad6-1.xx.fbcdn.net/emg1/v/t13/517015740419969690?url=https%3A%2F%2Fnewsinfo.inquirer.net%2Ffiles%2F2026%2F05%2Fimage-4.png&fb_obo=1&utld=inquirer.net&stp=c0.5000x0.5000f_dst-jpg_flffffff_p500x261_q75_tt6&_nc_gid=eKadFcVse1B_E2Ntn7Gxvg&_nc_oc=AdruIsMzsjTLVfDDaQTDFs0YCYBRHqhfWCZD8qvOolF2coTUEjOL5wnpndRcs1cGgP8&ccb=13-1&oh=06_Q3-_ASg9BvR-Wb6ku7c1eyw06NjKgdn44hV8xMI7tpmMUaqJ&oe=6A0E3786&_nc_sid=c97757
https://www.facebook.com/inquirerdotnet/posts/pfbid0k1oTc2rsBFNZnaAx8A7KnpejDeTRsYKaqbBpeirdXxyXxYymU3ZC4Gphzbn3DnGal,"Spot the winner of the new Nubia Neo 5 PRO! Thank you to all who participated in our promo. Catch the next ones by following us for updates and announcements!

In Partnership with Nubia Philippines 

#Brandroom #nubiaNeo5Series #BornToWin",0,0,0,Not Relevant,0,,
https://www.facebook.com/inquirerdotnet/posts/pfbid0y5HMJW4aWPpnSpYdhgaRkngspZxbjiNnV8YAJ7ikaP5k86CRhv8Wxp6FKf44GrrKl,Jinggoy Estrada says DOJ plunder raps ‘baffling and unjust’,507,208,2,Not Relevant,1,GenericAttachmentMedia,https://external-iad6-1.xx.fbcdn.net/emg1/v/t13/8982872712212260625?url=https%3A%2F%2Fnewsinfo.inquirer.net%2Ffiles%2F2025%2F10%2F1113919.jpeg&fb_obo=1&utld=inquirer.net&stp=c0.5000x0.5000f_dst-jpg_flffffff_p500x261_q75_tt6&_nc_gid=eKadFcVse1B_E2Ntn7Gxvg&_nc_oc=AdrpSBCINg38Xg-t7oiRERIe-tBTyvUJjAG6FyB7Jf-PyW0ITN_1BNduLsRSmzwbWRQ&ccb=13-1&oh=06_Q3-_AQ-s1eaXHI8ezcVPkEHus_MXoIGkbPUHudITQkrhHSiK&oe=6A0E346B&_nc_sid=c97757
https://www.facebook.com/inquirerdotnet/posts/pfbid02Hw2E6DjU8TiQEnSebs6Y7x5jBQCBdX6WBkW7YirZNBd2vU6Urm2hEcHxZh5721Vyl,PNRI: ‘Radioactive material’ found at Misamis steel plant tied to Tony Yang,54,13,22,Not Relevant,1,GenericAttachmentMedia,https://external-hou1-1.xx.fbcdn.net/emg1/v/t13/18042153388532996123?url=https%3A%2F%2Fnewsinfo.inquirer.net%2Ffiles%2F2026%2F05%2FMisamis-Philippine-Sanjia-Steel-Corp-18May2026.jpg&fb_obo=1&utld=inquirer.net&stp=c0.5000x0.5000f_dst-jpg_flffffff_p500x261_q75_tt6&_nc_gid=ocH6MgLdl69LObSd9pL7eQ&_nc_oc=AdoNSgNH0jTHpGzgH9pku3qoXnJ0ta35iJPI5CxBuwnZaGMlhQI5hvx7SHXc__Elhfg&ccb=13-1&oh=06_Q3-_AeEvkxdgCSvoPdNClrhVzoo0IafhoB4VglRN7t7hBLPN&oe=6A0E314F&_nc_sid=c97757
https://www.facebook.com/inquirerdotnet/posts/pfbid02SGAfcpgREenpumHb3z1o4rkdtVs1hx2VoQpDwW3HPHMU6wWQdjkAX1FjzxW28nJFl,"Over 10,000 delegates now in Agusan del Sur for Palarong Pambansa",14,0,3,Not Relevant,1,GenericAttachmentMedia,https://external-hou1-1.xx.fbcdn.net/emg1/v/t13/9003375118317781948?url=https%3A%2F%2Fnewsinfo.inquirer.net%2Ffiles%2F2022%2F09%2FAgusan-del-Sur-map-filephoto-091522.jpg&fb_obo=1&utld=inquirer.net&stp=c0.5000x0.5000f_dst-jpg_flffffff_p500x261_q75_tt6&_nc_gid=ocH6MgLdl69LObSd9pL7eQ&_nc_oc=AdqKSSeBd2PUazyHLSuWU7l3FzHojskpY5KFj4WrRY6SuZ2oHSf-IrZUJ1lHdwC1_Eo&ccb=13-1&oh=06_Q3-_AaGUW_PA5cFKn3l6aA5MG3I-O5d4rZyxaHkTE5xcMbj7&oe=6A0E3D4B&_nc_sid=c97757
https://www.facebook.com/inquirerdotnet/posts/pfbid0H1wtxBUGDFagxT17E4xcjDPA1ky1vkuctwkPLXAJSmR6SXwKMdNKc4wEbL14iZ8Gl,Estimated DR Congo Ebola death toll rises to 131,1,0,0,Not Relevant,1,GenericAttachmentMedia,https://external-hou1-1.xx.fbcdn.net/emg1/v/t13/8261998482009948160?url=https%3A%2F%2Fglobalnation.inquirer.net%2Ffiles%2F2026%2F05%2FEstimated-DR-Congo-Ebola-death-toll-rises-to-131-scaled.jpg&fb_obo=1&utld=inquirer.net&stp=c0.5000x0.5000f_dst-jpg_flffffff_p500x261_q75_tt6&_nc_gid=ocH6MgLdl69LObSd9pL7eQ&_nc_oc=Adqy9dnOXAzdjJ6jF4ZF97JuVQ-XP78TX17BaJgsDun2hMzo9nAvVe_u_ia-ocUARSk&ccb=13-1&oh=06_Q3-_AeK3UmGWnTNLGbNXPIslJdhyhYdKN2NBNP_vG-Vf-Hlf&oe=6A0E12FC&_nc_sid=c97757
https://www.facebook.com/PAGASA.DOST.GOV.PH/posts/pfbid03295M3DsWTfh53bG7139gkrp5bXGuHm8fbrgAm7GGjTA6oWxYFzb5hJud5eLyVLdKl,"Heat Index
Highest Computed 5-day Heat Index with 2-day Forecast as of 15 May 2026, 5:00PM 

For daily heat index information: 
https://www.pagasa.dost.gov.ph/weather/heat-index 

Information from the DOH Philippines about heat-related illnesses during extremely hot weather:
https://bit.ly/DOHPhPublicHealthAdvisory 

Don't forget to take necessary precautions and stay cool and hydrated everyone! ☀️🌡️ 
#HeatIndex #AngInit",250,1,95,Not Relevant,4,Photo; Photo; Photo,https://www.facebook.com/PAGASA.DOST.GOV.PH/posts/pfbid03295M3DsWTfh53bG7139gkrp5bXGuHm8fbrgAm7GGjTA6oWxYFzb5hJud5eLyVLdKl; https://scontent-det1-1.xx.fbcdn.net/v/t39.30808-6/699946514_1442477267923922_8036155954056596537_n.jpg?stp=dst-jpg_s590x590_tt6&_nc_cat=103&ccb=1-7&_nc_sid=127cfc&_nc_ohc=DiUJMvc5hD0Q7kNvwE1jp8s&_nc_oc=Adpg_0QbkpS5TMtEiXBrJed7whlxPCVVg2LJJCfQihkZKYEdVVKs4mvLhPjtbNCGyoQ&_nc_zt=23&_nc_ht=scontent-det1-1.xx&_nc_gid=qKJ9HP8p3i_MKeq8vJRwlw&_nc_ss=72289&oh=00_Af47LYUHeENTJ4MXVJzKMBosqdx5iZ19kRSCzEiDL_uwbw&oe=6A12370E; https://scontent-det1-1.xx.fbcdn.net/v/t39.30808-6/696339067_1442477294590586_1365839456177372796_n.jpg?stp=dst-jpg_s590x590_tt6&_nc_cat=110&ccb=1-7&_nc_sid=127cfc&_nc_ohc=79AufSX9ZV0Q7kNvwFyqvTV&_nc_oc=AdqhW_eAY1kBHCHWCjJHO7gM0g1T3EBcVO4GUMKEfatTZ4efjdm8iRSoOwunb_IhXjQ&_nc_zt=23&_nc_ht=scontent-det1-1.xx&_nc_gid=qKJ9HP8p3i_MKeq8vJRwlw&_nc_ss=72289&oh=00_Af62j6NCM3cFrIQTR3y7Pk314xebG90WA1SVUAZAd-XBsg&oe=6A121109; https://scontent-det1-1.xx.fbcdn.net/v/t39.30808-6/699906144_1442477407923908_5714487115894128213_n.jpg?stp=dst-jpg_p552x414_tt6&_nc_cat=108&ccb=1-7&_nc_sid=127cfc&_nc_ohc=Rn-x9D2wk5cQ7kNvwEQOAjI&_nc_oc=AdqWQGazjZhI9OMnPzH14MPpFxEwO4oVyo7KCmEwVjcEKHrAOFxJ4-xwtG_nX3b_A40&_nc_zt=23&_nc_ht=scontent-det1-1.xx&_nc_gid=qKJ9HP8p3i_MKeq8vJRwlw&_nc_ss=72289&oh=00_Af6iq43rJ1s23TtL6CmUllmMNsLIlSMdVqOt9tlkJMgAlQ&oe=6A121B44
https://www.facebook.com/PAGASA.DOST.GOV.PH/videos/1477091076729823/,"Public Weather Forecast issued at 5:00 PM | May 15, 2026 - Friday

DOST-PAGASA Weather Specialist: Obet Badrina

#weatherreport  #dostpagasa",253,62,64,Not Relevant,1,Video,https://www.facebook.com/PAGASA.DOST.GOV.PH/videos/1477091076729823/
https://www.facebook.com/PAGASA.DOST.GOV.PH/posts/pfbid02vL43hnm1WnwGg3TP8Tm5VoU1Q9afZrx9ToP1LovNtxHyq7zcrEJdVsfB47q83xFMl,"As of 2:00 PM today, 15 May 2026, the Low Pressure Area 05b (formerly ""Caloy"") is still being monitored inside the Philippine Area of Responsibility (PAR) and is ""UNLIKELY"" to redevelop into a tropical depression within the next 24 hours.

All are advised to monitor updates from DOST-PAGASA.",420,14,114,Not Relevant,1,Photo,https://www.facebook.com/photo/?fbid=1442382724600043&set=a.365711365600523
https://www.facebook.com/inquirerdotnet/posts/pfbid02x9LCjAKkTghnZe3H8iXJxuZQrKhJ3PbfjZ7QbDLfvkRHRJETH7L3FXJUWZRWzZpCl,"LOOK: President Ferdinand Marcos Jr. administered the oath of office to Department of Budget and Management Acting Secretary Kim Robert de Leon at Malacañang.   

At 32, de Leon is now the youngest member of the Marcos Cabinet. | 📸: PCO via Luisa Cabato, INQUIRER.net

READ MORE: https://inqnews.net/NewDBMSecretary",785,76,77,Not Relevant,5,Photo; Photo; Photo; Photo,https://www.facebook.com/inquirerdotnet/posts/pfbid02x9LCjAKkTghnZe3H8iXJxuZQrKhJ3PbfjZ7QbDLfvkRHRJETH7L3FXJUWZRWzZpCl; https://scontent.fmci1-3.fna.fbcdn.net/v/t39.30808-6/702255334_1426506716326946_3490251755268462467_n.jpg?stp=dst-jpg_s590x590_tt6&_nc_cat=108&ccb=1-7&_nc_sid=127cfc&_nc_ohc=BHF__cHdgagQ7kNvwFtYI5Z&_nc_oc=AdpxCh_4U-G252XwGFDsxr_6QXz_PcOn4eKYypoM5wZgBEVjeAOkUFssvZ8QX9EeGVsJBx_fLpzUbXrbpuxis7oP&_nc_zt=23&_nc_ht=scontent.fmci1-3.fna&_nc_gid=knKpCOgAZJzshBxlZ-EuQA&_nc_ss=72289&oh=00_Af5RJm6Lk6AKtdNbh1duF_-qAJEEwwPzFzCf-wepFHwv-w&oe=6A121D3F; https://scontent.fmci1-4.fna.fbcdn.net/v/t39.30808-6/699672458_1426506719660279_8879402979609156829_n.jpg?stp=dst-jpg_s590x590_tt6&_nc_cat=104&ccb=1-7&_nc_sid=127cfc&_nc_ohc=8yt1RUNrSegQ7kNvwF-4DLU&_nc_oc=AdoULKpCglcL-d6uvEXxLri_0x0KJcar-t-tKVok2L8dleuhF-l9tA4ahraNCvAQbbmLDqywRHnTi27la_Rc8Tvt&_nc_zt=23&_nc_ht=scontent.fmci1-4.fna&_nc_gid=knKpCOgAZJzshBxlZ-EuQA&_nc_ss=72289&oh=00_Af6Te8d0gFsCLqYHbxuJfYHRLOeV8NzQNwg8DdJIwYc8-w&oe=6A123A12; https://scontent.fmci1-4.fna.fbcdn.net/v/t39.30808-6/702119832_1426506729660278_7122805601852230295_n.jpg?stp=dst-jpg_s590x590_tt6&_nc_cat=104&ccb=1-7&_nc_sid=127cfc&_nc_ohc=MZqXafu0soYQ7kNvwFyHakE&_nc_oc=AdrVZ8e1QSIMzWps8iEexy5rsljMSylFpujaTeJoc9K9OrKSlMYxUCwTbLgLtALSE_Xiv03kwGXyOYGFtJ6BBfye&_nc_zt=23&_nc_ht=scontent.fmci1-4.fna&_nc_gid=knKpCOgAZJzshBxlZ-EuQA&_nc_ss=72289&oh=00_Af7KRcoFFX5DEPDa_hPE2m7BlTZKjUrIErOoaOKU16BWXg&oe=6A122714; https://scontent.fmci1-4.fna.fbcdn.net/v/t39.30808-6/704406802_1426506786326939_5482326183528206185_n.jpg?stp=dst-jpg_s590x590_tt6&_nc_cat=110&ccb=1-7&_nc_sid=127cfc&_nc_ohc=pWCny-_5BG8Q7kNvwHzLuw9&_nc_oc=AdrsBh0h78SpYF_NIKrFJvp4A0i1aKrVyfunnR5RF40wxF_exsdKp4d5KrA6dLX1kEMwGZuBxmhj4iPAZjX8AC9_&_nc_zt=23&_nc_ht=scontent.fmci1-4.fna&_nc_gid=knKpCOgAZJzshBxlZ-EuQA&_nc_ss=72289&oh=00_Af6TIAOBPbbx2xdvay03N_B7LSqa9fFoZ9m6m4N_Tw-S0w&oe=6A120C95
https://www.facebook.com/inquirerdotnet/posts/pfbid0XuFe2GegyYxphYKFNjAzhQTN619G4CjaVaXXckPq94Yp9eZ7pb5jMA7vgVxe8DVJl,"Digital senior citizens ID must be honored, establishments told",4,0,1,Not Relevant,1,GenericAttachmentMedia,https://external.fmci1-3.fna.fbcdn.net/emg1/v/t13/1914680225596648891?url=https%3A%2F%2Fnewsinfo.inquirer.net%2Ffiles%2F2024%2F01%2FSENIOR-CITIZEN-FILEPHOTO-01252024-1.jpg&fb_obo=1&utld=inquirer.net&stp=c0.5000x0.5000f_dst-jpg_flffffff_p500x261_q75_tt6&_nc_gid=knKpCOgAZJzshBxlZ-EuQA&_nc_oc=AdqpI07qXrMpQ6tnJOBWMMfTY8CuX2VhSt5uoB8tGjHPxWp9XZr9Sm58FWb6vOpV2FO3LsSYtLoZ2HM2nYJ43AUX&ccb=13-1&oh=06_Q3-_AXptSbmuagc6qvIYvn0WIJUnjQmUgbm3mHhncCz_T0qP&oe=6A0E2001&_nc_sid=c97757
https://www.facebook.com/inquirerdotnet/posts/pfbid0zyoYhbrW24ikR7XTnyv1duNY1N3bYn1mMKLzS9k8baZ4NWsbqXGxfCTY6jvhKB7ml,S. Korea to send 93 Korean language teachers to 13 countries,2,0,0,Not Relevant,1,GenericAttachmentMedia,https://external.fmci1-3.fna.fbcdn.net/emg1/v/t13/10644821616339627419?url=https%3A%2F%2Fglobalnation.inquirer.net%2Ffiles%2F2026%2F05%2Fnews-p.v1.20260519.1f1f2c9eb2e24a8e9041e7da89431ae6_P1.jpg&fb_obo=1&utld=inquirer.net&stp=c0.5000x0.5000f_dst-jpg_flffffff_p500x261_q75_tt6&_nc_gid=knKpCOgAZJzshBxlZ-EuQA&_nc_oc=AdosG5WXYlVx6ITTzPooLSkejl_7lkvUkWCF1yrUdZ5ugg4DxT_KwvdpmKaBHNyLPlc0oxmiXUScHh0c3a2AAkl8&ccb=13-1&oh=06_Q3-_AXQh2rylmSQa_-QaqaY6R9DccYZv4i88fXdAl6XzgZNN&oe=6A0E2D10&_nc_sid=c97757
https://www.facebook.com/PAGASA.DOST.GOV.PH/posts/pfbid02Hvuti1yhCbFkAmDQwLbbMw2Asg2v51nwpZ3Tx2x12oc3yGQoND7jQpgG7JpkGF4Tl,"24-HOUR PUBLIC WEATHER FORECAST
Issued at 4:00 PM, 15 May 2026

SYNOPSIS: At 3:00 PM today, the Low Pressure Area (formerly ""CALOY"") was estimated based on all available data at 1,055 km East of Central Luzon (16.0°N, 131.5°E).

Forecast Weather Conditions

Area: Metro Manila and the rest of the country
Weather Condition: Partly cloudy to cloudy skies with isolated rainshowers or thunderstorms
Caused By: Localized Thunderstorms
Impacts: Possible flash floods or landslides during severe thunderstorms

Forecast Wind and Coastal Water Conditions

Area: Luzon and Visayas
Wind Speed: Light to Moderate
Wind Direction: Northeast to Northwest
Coastal Waters: Slight to Moderate / (0.6 to 2.5 meters)

Area: Mindanao
Wind Speed: Light to Moderate
Wind Direction: Southeast to Southwest
Coastal Waters: Slight to Moderate / (0.6 to 1.2 meters)

Extremes of Temperature and Relative Humidity for The 24-hour Period Ending 4:00 PM TODAY

Minimum Temperature: 28.2 °C ... 5:00 AM
Maximum Temperature: 36.1 °C... 2:00 PM

Minumum Relative Humidity: 46 % ... 2:00 PM
Maximum Relative Humidity: 77 % ... 5:00 AM

TIDES AND ASTRONOMICAL INFORMATION Over Metro Manila

sunrise tomorrow: 5:28AM
sunset today: 6:17PM
moonrise tomorrow: 4:30AM
moonset tomorrow: 5:46PM
illumination tomorrow: 0%

For other information about weather, please log on to pagasa.dost.gov.ph or bagong.pagasa.dost.gov.ph or call at (02)927-1335/(02)926-4258",116,1,56,Severe,1,Photo,https://www.facebook.com/photo/?fbid=1442418597929789&set=a.365711365600523
https://www.facebook.com/PAGASA.DOST.GOV.PH/posts/pfbid0WZAft8NjMHYFvC7PDpnJH1Jfvzt3THtpTxmimJT3u93gfKPmzeVocgLCM9AxzRaol,"As of 8:00 AM today, 15 May 2026, the Low Pressure Area 05b (formerly ""Caloy"") is still being monitored inside the Philippine Area of Responsibility (PAR) and is ""UNLIKELY"" to redevelop into a tropical depression within the next 24 hours.

All are advised to monitor updates from DOST-PAGASA See less",832,36,131,Not Relevant,1,Photo,https://www.facebook.com/photo/?fbid=1442169894621326&set=a.365711365600523
https://www.facebook.com/PAGASA.DOST.GOV.PH/posts/pfbid0DgKPErKrDEcK7Ax6ztiP4KW2ZBdf9nS5AVAw349cpynuMD2RBdWNCaQX8pnBbm6Kl,"🪐 Your next astronomy adventure starts in Cebu!

DOST-PAGASA is excited to host The Southeast Asia Planetarium, Education and Outreach Conference (SEA-PEO) this 23–25 November 2026 in Mactan, Cebu, Philippines 🇵🇭

This regional conference gathers planetarium professionals, astronomy educators, science communicators, outreach personnel, and astronomy enthusiasts from across Southeast Asia to connect, learn, and inspire through the power of astronomy education and public outreach.

🌌 Conference Highlights:
• Engaging the public through planetariums
• Interdisciplinary astronomy
• Astronomy education and communication
• Dark and quiet skies
• Accessibility, diversity, equity, and inclusion in astronomy outreach

📌 Important Dates:
Registration and abstract submission opens:
15 May 2026
Abstract submission ends: 15 July 2026
Conference dates: 23–25 November 2026

Best of all — 𝗡𝗢 𝗥𝗘𝗚𝗜𝗦𝗧𝗥𝗔𝗧𝗜𝗢𝗡 𝗙𝗘𝗘! 

Join us as we bring together educators, communicators, and sky advocates to make astronomy more accessible, inclusive, and inspiring for everyone.

🌠 Connect. Learn. Inspire.
Together, we bring the wonders of the universe closer to everyone.

For more details, visit:
https://indico.narit.or.th/e/SEAPEO2026
Email: seapeoconference@gmail.com

#SEAPEO2026 #DOSTPAGASA #AstronomyEducation #Planetarium #ScienceCommunication #AstronomyOutreach  #DarkAndQuietSkies #STEMEducation
#ONEDOST4U
#SolutionsAndOpportunitiesForAll",221,5,96,Not Relevant,1,Photo,https://www.facebook.com/photo/?fbid=1442178057953843&set=a.365711352267191
https://www.facebook.com/PhilippineSTAR/posts/pfbid0wEUWvHvzZcNM2J2R4if5BB6pM8hvueQiuKEK2iZnJYJYQB3KW6W1ups7CNywLawXl,"'WHAT IS MANDATED TO BE 'FORTHWITH' IS NOT ONLY THE CONVENING, IT IS THE TRIAL'

House lead prosecutor Gerville ""Jinky"" Luistro called for the immediate start of the impeachment trial against Vice President Sara Duterte, as mandated by the Constitution.

""As we have witnessed yesterday, the impeachment court already convened [...] Nevertheless, let us all be reminded that what is mandated to be 'forthwith' is not only the convening, it is the trial,"" she stated on Tuesday.

Luistro added that she hopes the proceedings will move swiftly following the pre-trial stage.

""We, therefore, look forward that after the Pre-Trial, we will immediately proceed to the presentation of witnesses, evidence, and consequently to the judgment. By judgment, it is only either acquittal or conviction,"" she said.",237,145,4,Not Relevant,1,Photo,https://www.facebook.com/photo/?fbid=1489563949874146&set=a.602294451934438
https://www.facebook.com/PhilippineSTAR/posts/pfbid027tiLybVA4bkPsqExYRtz8gY9KK4nikDED1VXsMhA9zvKVH4m3fniYC5UHBH7wNvFl,,1257,165,36,Not Relevant,0,,
https://www.facebook.com/PhilippineSTAR/posts/pfbid0xutcP59xfi6Ne6QgUpQ1AfUoE7YuySn2Tb9gCk7KNQscFd3ihof64yiUe55rbxBXl,"The Philippine peso closed at P61.75 against the US dollar on Tuesday, May 19, 2026.",353,20,59,Not Relevant,1,Photo,https://www.facebook.com/photo/?fbid=1489426876554520&set=a.602294451934438
https://www.facebook.com/News5Everywhere/posts/pfbid026jf9wA5Y3Wjto6pPUQdCLqqcmXxZpDnzKC2HQAHVzn5KMbcpASkhgmybasRSnA3Wl,"'WE'RE VERY CONFIDENT WITH THE EVIDENCE THAT WE HAVE'

Kumpiyansa si House prosecutor Rep. Lorenz Defensor sa ebidensya na hawak nila kaugnay sa impeachment complaints laban kay Vice Pres. Sara Duterte.

""The evidence being very obvious and very clear, It speaks for itself... We have witnesses to present and we are certain that once the evidence is presented in the Senate impeachment court we can secure a conviction,"" saad ni Rep. Defensor.

📸: House of Representatives (YouTube)",3215,212,6,Not Relevant,1,Photo,https://www.facebook.com/photo/?fbid=1510212304470631&set=a.647063400785530
https://www.facebook.com/News5Everywhere/posts/pfbid02fgqR1qwWWaZ9j93z8UfdyCHKmxDo2UDh5PprUVhHPVzD3ozxEePsGtBJtu1tZixYl,"NEW DBM CHIEF TAKES OATH

Pinangunahan ni Pres. Bongbong Marcos ang panunumpa ni Department of Budget and Management (DBM) secretary Kim Robert de Leon ngayon Martes, May 19.

Siya ang pinakabatang Cabinet member ng Marcos administration. | via Maricel Halili

📷: PCO",1108,202,31,Not Relevant,5,Photo; Photo; Photo; Photo,https://www.facebook.com/News5Everywhere/posts/pfbid02fgqR1qwWWaZ9j93z8UfdyCHKmxDo2UDh5PprUVhHPVzD3ozxEePsGtBJtu1tZixYl; https://scontent-atl3-1.xx.fbcdn.net/v/t39.30808-6/702100270_1510211851137343_2133279356641689819_n.jpg?stp=dst-jpg_s590x590_tt6&_nc_cat=1&ccb=1-7&_nc_sid=127cfc&_nc_ohc=x312FvPM08UQ7kNvwF2YsNH&_nc_oc=AdrXbn1vpWT-eVpRlRiO7wc99YotyqM67jPWG5nMewxjpbfR0SniW_zVt2LNJumw25E&_nc_zt=23&_nc_ht=scontent-atl3-1.xx&_nc_gid=mj-Etm0qlKwoD1Qzlv5t-g&_nc_ss=72289&oh=00_Af55BV4b90Q8T4phPWAiE9Tqy_tykcJrWTMxE6vvF8Tllw&oe=6A12237C; https://scontent-atl3-1.xx.fbcdn.net/v/t39.30808-6/701509721_1510211894470672_6672805427884524440_n.jpg?stp=dst-jpg_s590x590_tt6&_nc_cat=1&ccb=1-7&_nc_sid=127cfc&_nc_ohc=1JCje9Z__lIQ7kNvwH_IfeK&_nc_oc=Adr7z7qnZayNvdm6jKGzwdECbXPMft74nPdQ-a6KshmdlO3ukIs1qIh34-u3XC9U3wo&_nc_zt=23&_nc_ht=scontent-atl3-1.xx&_nc_gid=mj-Etm0qlKwoD1Qzlv5t-g&_nc_ss=72289&oh=00_Af4-3ZVit0wh8Gr4_FWWq1llVcsgOLHS4X2riuxkuPkrzw&oe=6A122DE2; https://scontent-atl3-1.xx.fbcdn.net/v/t39.30808-6/703076180_1510211941137334_1389874955641230768_n.jpg?stp=dst-jpg_s590x590_tt6&_nc_cat=1&ccb=1-7&_nc_sid=127cfc&_nc_ohc=jsROyu6CxHkQ7kNvwGYq0w_&_nc_oc=AdoZcNNtIzG3pZAzYSE3I96gKw2uVoutxVXPtzMIM8rHY9ElnYZ9cQSonoBptz0UoFk&_nc_zt=23&_nc_ht=scontent-atl3-1.xx&_nc_gid=mj-Etm0qlKwoD1Qzlv5t-g&_nc_ss=72289&oh=00_Af6nA8RNAn4rNPRbPefYAplfSAbcH5Gr3IaQe1uBKHU_IA&oe=6A12074F; https://scontent-atl3-1.xx.fbcdn.net/v/t39.30808-6/704367445_1510212014470660_4431380689527173184_n.jpg?stp=dst-jpg_s590x590_tt6&_nc_cat=1&ccb=1-7&_nc_sid=127cfc&_nc_ohc=o40KezMzdWcQ7kNvwEqBziR&_nc_oc=AdornjqFjjdVxW3OG2kq7OrdjS1cHis0zKBr6dTRuHviAH7a1s__mDh7Zaib2iU9RFs&_nc_zt=23&_nc_ht=scontent-atl3-1.xx&_nc_gid=mj-Etm0qlKwoD1Qzlv5t-g&_nc_ss=72289&oh=00_Af6qm4FMkj6gIdsqqClpr3oQSNmPpH8lLXPfR0ru6Kml2w&oe=6A121624
https://www.facebook.com/reel/1019931894044967/,"DE LIMA KAY VP SARA: KUNG WALANG KASALANAN, WALA DAPAT INIIWASAN

Pagkakataon na raw ni Vice Pres. Sara Duterte na dumalo sa kanyang impeachment trial sa Senado para ipaliwanag ang kanyang sarili kaugnay ng kinahaharap niyang alegasyon, ayon sa isa sa mga House prosecutor na si Mamamayang Liberal Rep. Leila de Lima.

🎥: House of Representatives",7707,1322,43,Not Relevant,1,Video,https://www.facebook.com/reel/1019931894044967/
https://www.facebook.com/PhilippineSTAR/posts/pfbid02obBzeSZcsw26zVYkChKBGjQ2QMNFHEufhdqSiAcN7FBQgLSfKzCtBYr7qWSLi51ql,"GUNFIRE INCIDENT TIMELINE OF EVENTS

Philippine National Police (PNP) chief General Jose Melencio Nartatez Jr. discusses the timeline of events during the gunfire incident at the Senate last week, during a press briefing on Tuesday. (Screenshots/RTVM)

LIVESTREAM: https://youtube.com/live/pQZi1D1ae0A?feature=share",59,1,8,Not Relevant,1,Photo,https://www.facebook.com/photo/?fbid=1489418529888688&set=a.602294451934438
https://www.facebook.com/PhilippineSTAR/posts/pfbid036xYXdrEnAFEWBhdbsmr3r4NK8kBLM31gE1x115p9dMt6v7PcYJnyaMy52D4aLLC4l,"DO YOU HAVE A WINNING APPETITE? 😏🏆

Assemble your food squad of five and take on the Tikim Time Challenge at the #NakakaLocal Grand Food Bazaar for a delicious shot to win exciting prizes!

To join, register here bit.ly/GFBTTC2026 and see the mechanics below 👇

SAVE THE DATE
📅 WHEN (PROGRAM): May 29, 2026 
📅 WHEN (BAZAAR): May 29-31, 2026
📍 WHERE: Water Garden, Festival Mall Alabang

🏷️ RSVP: bit.ly/EPGFBY4 

Kitakits, Kalokals!",21,1,3,Not Relevant,1,Photo,https://www.facebook.com/photo/?fbid=1489343949896146&set=a.602294451934438
https://www.facebook.com/PhilippineSTAR/posts/pfbid02hpMQQJBiLNj2vdJfZuNzb6V94VGL9kaG8ciJjG9ck1RovqgWtPgeypgYfViLsg3Wl,"Palace Press Officer Usec. Claire Castro conducts a press briefing on Tuesday, May 19, 2026.�

LIVESTREAM: https://youtube.com/live/pQZi1D1ae0A?feature=share",56,8,1,Not Relevant,1,Photo,https://www.facebook.com/photo/?fbid=1489415553222319&set=a.602294451934438
https://www.facebook.com/reel/1519853033099859/,"Pagpapalakas ng energy security cooperation sa pagitan ng Pilipinas at Japan, kabilang din sa mga pangunahing agenda ng state visit ni Pang. Bongbong Marcos sa Japan sa susunod na linggo. | via Tuesday Niu",8,0,1,Not Relevant,1,Video,https://www.facebook.com/reel/1519853033099859/
https://www.facebook.com/dzbb594/videos/1722318555799491/,"#SOS #SerbisyoOnTheSpot kasama si Kathy San Gabriel 

📻: 594 kHz AM band
📡: gmanetwork.com/radio/streaming/dzbb
💻: https://twitter.com/dzbb
▶️: https://www.youtube.com/@dzbb594",35,24,4,Not Relevant,1,Video,https://www.facebook.com/dzbb594/videos/1722318555799491/
https://www.facebook.com/reel/850114260898386/,"Buwani, nanalasa sa Brgy. Bangac sa Mina, Iloilo. | via Sevein Hope Gegantoca, Super Radyo Iloilo",6,0,0,Not Relevant,1,Video,https://www.facebook.com/reel/850114260898386/
https://www.facebook.com/reel/1541796240803910/,"LAGPAS-TUHOD NA BAHA

Muddy at lagpas-tuhod na baha ang sumalubong sa mga residente ng Malolos City, Bulacan matapos ang halos dalawang oras na malakas na buhos ng ulan kagabi, May 18.

Bukod sa ulan, isinisi rin ng mga residente ang perwisyong dulot ng isang tinatambakang bukid na wala umanong kaukulang permit mula sa City Engineering at Planning Office ng Malolos at kawalan ng maayos na drainage system.

Umaapela ngayon ng agarang aksyon at tulong ang mga residente sa lokal na pamahalaan. | via Thony Arcenal",536,229,37,Moderate,1,Video,https://www.facebook.com/reel/1541796240803910/
https://www.facebook.com/News5Everywhere/posts/pfbid02JKxRv1sEvZzQLBNkKoXSR7W122S443ESFvGpcrKfvRtxxBep3nVVJ74RZyiGfevJl,"ASSIGNMENTS NG HOUSE PROSECUTORS

Ibinahagi ni House lead prosecutor at 2nd District Batangas Rep. Gerville Luistro ang assignment ng House prosecutors sa apat na articles of impeachment laban kay Vice Pres. Sara Duterte.

Article kaugnay sa threats and destabilization:
• Rep. Lorenz Defensor
• Rep. Leila de Lima
• Rep. Gerville Luistro
• Rep. Bel Zamora

Article kaugnay sa bribery:
• Rep. Joel Chua
• Rep. Rodge Gutierrez
• Rep. Bel Zamora
• Rep. Kaka Bag-ao

Article kaugnay sa unexplained wealth:
• Rep. Terry Ridon
• Rep. Chel Diokno
• Rep. Kaka Bag-ao
• Rep. Rodge Gutierrez
• Rep. Gerville Luistro
• Rep. Joel Chua
• Rep. Leila de Lima
• Rep. Lordan Suan

Article kaugnay sa confidential funds:
• Rep. Gerville Luistro
• Rep. Lorenz Defensor
• Rep. Joel Chua
• Rep. Rodge Gutierrez
• Rep. Lordan Suan
• Rep. Keith Flores
• Rep. Chel Diokno
• Rep. Terry Ridon 
• Rep. Leila de Lima",4270,429,44,Not Relevant,1,Photo,https://www.facebook.com/photo/?fbid=1510205067804688&set=a.647063400785530
https://www.facebook.com/News5Everywhere/posts/pfbid0bBH6fgFSVkFvSF5h4C9cTGXkoZsJcydyFW3x6dhSC66AA4P45xMfBT7MReGDdDT7l,"'WE COMMEND THE ACTION OF THE SENATE'

Ito ang saad ni House lead prosecutor at 2nd District Batangas Rep. Jinky Luistro kasunod ng pag-convene ng Senado bilang impeachment court nitong Lunes, May 18.

""The impeachment court already convened and we commend the action of the Senate of the Philippines for responding to the mandate of the constitution,"" saad ni Rep. Luistro sa isang press conference ngayong Martes, May 19.

📸: House of Representatives (YouTube)",1341,147,5,Not Relevant,1,Photo,https://www.facebook.com/photo/?fbid=1510201434471718&set=a.647063400785530
https://www.facebook.com/PAGASA.DOST.GOV.PH/posts/pfbid0m6vbRwTVw6Qx2tdcjfkaj32cNvqJrjL9QiRBVZfH7NuiDbgKuhRmHWTeLbyjN6LUl,"Hydrological Forecast for Cagayan River Basin 
Issued at 8:30AM, 15 May 2026",30,0,1,Mild,1,Photo,https://www.facebook.com/photo/?fbid=1442162771288705&set=a.365711365600523
https://www.facebook.com/PAGASA.DOST.GOV.PH/posts/pfbid0v7iLv7Ne3FMXVhMJaSDZFamvkkp7XQLb4DxwwZsDnVhSN4ZH5QwwgUopyREpDvBEl,"Hydrological Forecast for Bicol River Basin     
Issued at 8:30AM, 15 May 2026",28,0,1,Mild,1,Photo,https://www.facebook.com/photo/?fbid=1442161797955469&set=a.365711365600523
https://www.facebook.com/PAGASA.DOST.GOV.PH/posts/pfbid06Z4oGimZRXoLXWyL7MAuMg5UCmmonofbDyp9iF8dbk4vR29Ex72fBMA3Qjv1fJw7l,"Hydrological Forecast for Agno River Basin                
Issued at 8:30AM, 15 May 2026",37,0,3,Mild,1,Photo,https://www.facebook.com/photo/?fbid=1442160164622299&set=a.365711365600523
https://www.facebook.com/PhilippineSTAR/posts/pfbid0e9PoQKMMSxvEBv6vsomrCedK6D7hkFgnhZdCWT3GVvQuj2jhpRrwJ3abASPjU8kpl,"Spain's High Court has acquitted Colombian pop star Shakira of tax fraud and overturned the 55 million euro fine imposed in 2021 by the Spanish tax agency, according to a court document seen by Reuters. https://tinyurl.com/ycxu4zzw | via PhilSTAR Life",446,3,12,Not Relevant,1,Photo,https://www.facebook.com/photo/?fbid=1489405656556642&set=a.602294451934438
https://www.facebook.com/PhilippineSTAR/posts/pfbid02bsFMJdanrGMdTodc3G6smXFFoSdDJNsmpffRZS7uLLfnSzffFeNSVsNVK2ommnHEl,,103,2,8,Not Relevant,0,,
https://www.facebook.com/PhilippineSTAR/posts/pfbid0ZrqAhowCdzBXj1Q9rivmqaWyq9JFtSFrgrnXzWBnasimZGc72zJgbQP3SxdU2XSbl,,379,11,9,Not Relevant,0,,
https://www.facebook.com/reel/1497103665406220/,"37 rebelde sa Region 12, na nagbalik-loob sa gobyerno, nakatanggap ng mahigit ₱11.7-M na ayuda. | via Mike Racadio, Super Radyo General Santos",4,0,1,Not Relevant,1,Video,https://www.facebook.com/reel/1497103665406220/
https://www.facebook.com/reel/1550957976747091/,"31-anyos na babae sa Cebu, na isinugod sa ospital makaraang matulog sa gitna ng kalsada dahil sa kalasingan kaninang madaling araw, iniimbestigahan na ng Cebu City Police. | via Gabriel Bonjoc, Super Radyo Cebu",4,0,0,Not Relevant,1,Video,https://www.facebook.com/reel/1550957976747091/
https://www.facebook.com/reel/966314622674401/,"₱1-M na halaga ng iliga na droga, nasabat sa dalawang babae sa isinagawang drug buy-bust operation ng pulisya sa Brgy. Sicsican sa Puerto Princesa City, Palawan. | via Kenneth Calumris, Super Radyo Palawan DYSP 909Khz",4,0,1,Not Relevant,1,Video,https://www.facebook.com/reel/966314622674401/
https://www.facebook.com/PAGASA.DOST.GOV.PH/posts/pfbid02zJVBRRFUNXYzKQvD88zBcRSsdaMDHLg3hjdHy7QkvEBwMuDz4xiiFJp177zgQgDkl,"Dam Updates as of 8:00 AM, 15 May 2026",55,0,6,Not Relevant,1,Photo,https://www.facebook.com/photo/?fbid=1442159417955707&set=a.365711365600523
https://www.facebook.com/PAGASA.DOST.GOV.PH/posts/pfbid02nXABDKsdZjUw2n9zrzLmgHMoQmMxrsMU6SpBqKajVQwupuag2sdCkNx9F6T7ZHxyl,"General Flood Advisory
Issued @6AM, 15 May 2026

Region 10 (Northern Mindanao) GFA#2 Final",60,0,8,Moderate,1,Photo,https://www.facebook.com/photo/?fbid=1442122897959359&set=a.365711365600523
https://www.facebook.com/PAGASA.DOST.GOV.PH/videos/1666396550974268/,"Public Weather Forecast issued at 5:00 AM | May 15, 2026 - Friday

DOST-PAGASA Weather Specialist: Chenel Dominguez

#weatherreport  #dostpagasa 

PAGASA Weather Report (Subscribe for more weather updates)
Facebook Page (Like): / pagasa.dost.gov.ph
Twitter (Follow): / dost_pagasa
Website (Visit): http://bagong.pagasa.dost.gov.ph",1049,142,141,Not Relevant,1,Video,https://www.facebook.com/PAGASA.DOST.GOV.PH/videos/1666396550974268/
https://www.facebook.com/PhilippineSTAR/posts/pfbid0Fj2cuv5mWaoDEZEyYnb6HUqs38qvK1ruXWJbTL4q57Q3tjyGF1X61rKPP61PYjwWl,"NEW BUDGET CHIEF TAKES OATH OF OFFICE 

President Ferdinand Marcos Jr. administered the oath of office of Department of Budget and Management (DBM) acting Secretary Kim Robert de Leon at Malacañang on Tuesday. (Photos/PCO) | via Helen Flores 

RELATED: https://tinyurl.com/3bu59zfk",543,68,21,Not Relevant,5,Photo; Photo; Photo; Photo,https://www.facebook.com/PhilippineSTAR/posts/pfbid0Fj2cuv5mWaoDEZEyYnb6HUqs38qvK1ruXWJbTL4q57Q3tjyGF1X61rKPP61PYjwWl; https://scontent-atl3-3.xx.fbcdn.net/v/t39.30808-6/702604198_1489385016558706_6483711302668308584_n.jpg?stp=dst-jpg_s590x590_tt6&_nc_cat=108&ccb=1-7&_nc_sid=127cfc&_nc_ohc=EwgxzwfFTR4Q7kNvwEljlVS&_nc_oc=Adp6mnb7FYgPR4-fsXf35Fvc1XmHln8mMPNsogFXhp8i5w1eyrk9lQBc5AkS-79ESh0&_nc_zt=23&_nc_ht=scontent-atl3-3.xx&_nc_gid=7hsp_GfhgIg63Oa9jaImwA&_nc_ss=72289&oh=00_Af5FEGa4YaGF1rE1wcolHb-h2wTVW41LaZqWbeXJni2reA&oe=6A121938; https://scontent-atl3-3.xx.fbcdn.net/v/t39.30808-6/701635992_1489385049892036_1499178192339299625_n.jpg?stp=dst-jpg_s590x590_tt6&_nc_cat=111&ccb=1-7&_nc_sid=127cfc&_nc_ohc=OqdNZjpfPmsQ7kNvwGiDCTr&_nc_oc=AdoBFqw3f8SLTvWaCM6NVil-M4woH4lrknnnl4RyjO4vwWowAkusbXtajLcjYAjc5gI&_nc_zt=23&_nc_ht=scontent-atl3-3.xx&_nc_gid=7hsp_GfhgIg63Oa9jaImwA&_nc_ss=72289&oh=00_Af5s1vtqKi7j17qjQf66Dee5WMPlDjIje8Jrb4r30ujENg&oe=6A121775; https://scontent-atl3-3.xx.fbcdn.net/v/t39.30808-6/704246802_1489385033225371_6743105390587294843_n.jpg?stp=dst-jpg_s590x590_tt6&_nc_cat=107&ccb=1-7&_nc_sid=127cfc&_nc_ohc=s1lzNwuLMf8Q7kNvwHwk3kD&_nc_oc=Adr8Fiy7O33NQA41BUD_AxhFJZZbn1UlCCjWiZJ8duVXppz5QOXO0StcO2sFjYpVsEM&_nc_zt=23&_nc_ht=scontent-atl3-3.xx&_nc_gid=7hsp_GfhgIg63Oa9jaImwA&_nc_ss=72289&oh=00_Af5It5Vs0d514Xq-oKA_7t4VMrOkkFHABBXHKTI4BL3OzQ&oe=6A120D33; https://scontent-atl3-1.xx.fbcdn.net/v/t39.30808-6/704188001_1489385073225367_2383740134856811171_n.jpg?stp=dst-jpg_s590x590_tt6&_nc_cat=105&ccb=1-7&_nc_sid=127cfc&_nc_ohc=YTl8C_X0cHwQ7kNvwGy4FHA&_nc_oc=Adrg7iRJppbmNDqZ2DBTrf9ycyT8f8NtgYm-imTxluh4Qot5bMwNmJxQZgODJPaLBRU&_nc_zt=23&_nc_ht=scontent-atl3-1.xx&_nc_gid=7hsp_GfhgIg63Oa9jaImwA&_nc_ss=72289&oh=00_Af7_9QqesHXtmbkeeGzR49lm_M5HZAG55Xdi_n-a2qZvTw&oe=6A123D97
https://www.facebook.com/PhilippineSTAR/posts/pfbid0UKRf7MkUSqe9fkBs6fRSvDgBz1u3P7vccn5z9HDwwFkcuattwNY2PnW7fJESbnbvl,"Pag-IBIG Fund reported year-on-year net income growth in Q1 2026, further strengthening its capacity to protect members’ savings, provide affordable home financing, and support more Filipino workers. #BrandedUp",8,0,0,Not Relevant,1,GenericAttachmentMedia,https://external-atl3-3.xx.fbcdn.net/emg1/v/t13/1310357408295496055?url=https%3A%2F%2Fmedia.philstar.com%2Fphotos%2F2026%2F05%2F19%2Fpag-ibig-lead_2026-05-19_13-37-27.jpg&fb_obo=1&utld=philstar.com&stp=c0.5000x0.5000f_dst-jpg_flffffff_p500x261_q75_tt6&_nc_gid=7hsp_GfhgIg63Oa9jaImwA&_nc_oc=AdphVlv7C_9_HiTdp0J9bWCvvC3Acq-ss62xpX0EVI3anV2B3Hgl00pBe911tPVQQ7I&ccb=13-1&oh=06_Q3-_ATAQt4bAd8EkXvEqav-9gq7wL9di7TiRNiJIQgU8gAk6&oe=6A0E31A2&_nc_sid=c97757
https://www.facebook.com/PhilippineSTAR/posts/pfbid0rDyc6RyawSPSTUGwA6yxciQAPkFybD4bjqwSaV3NK7k7GAj8tSnHDsMBDBzhWJmxl,"HOUSE APPOINTS PROSECUTORS TO LEAD PRESENTATION OF ARTICLES OF IMPEACHMENT VS VP SARA 

House lead prosecutor and Batangas 2nd district Representative Gerville Luistro announces the assignment of House prosecutors in the presentation of the four Articles of Impeachment against Vice President Sara Duterte. 

Here are the prosecutors who will lead the presentation for each article:

• Confidential funds: Rep. Jinky Luistro
• Unexplained wealth: Rep. Terry Ridon
• Bribery: Rep. Joel Chua
• Threats and destabilization: Rep. Lorenz Defensor 

Yesterday, May 18, 2026, the Senate officially convened as an impeachment court following receipt of the Articles of Impeachment from the House of Representatives. 

LIVESTREAM: https://www.youtube.com/live/yLHJgXiRsKE?si=2fWOjw6ufzvb_Qr2",1068,92,43,Not Relevant,1,Photo,https://www.facebook.com/photo/?fbid=1489375723226302&set=a.602294451934438
https://www.facebook.com/reel/1709006667220134/,"DPWH Region 11, bibilisan ang paggawa ng pansamantalang tulay, matapos masira ang isang tulay sa Brgy. Callawa sa Davao City bunsod ng pagbaha. | via Francis Timbal, Super Radyo GMA Super Radyo Davao",3,0,1,Moderate,1,Video,https://www.facebook.com/reel/1709006667220134/
https://www.facebook.com/reel/27419267961004452/,"#BantayPanahon: (As of 2:15 pm) Katamtaman hanggang sa malakas na pag-ulan, nararanasan sa bahagi ng Quezon Avenue sa Quezon City. | via Glen Juego",66,1,3,Not Relevant,1,Video,https://www.facebook.com/reel/27419267961004452/
https://www.facebook.com/reel/1762041418293682/,"Integrated Bar of the Philippines sa Aklan, naniniwala na may ligal na basehan ang warrant of arrest ng International Criminal Court - ICC laban kay Sen. Ronald ""Bato"" Dela Rosa. | via Darwin Tapayan, Barangay RU 92.9 Super Radyo Kalibo",12,2,0,Not Relevant,1,Video,https://www.facebook.com/reel/1762041418293682/
https://www.facebook.com/inquirerdotnet/posts/pfbid0359GQ3iK93usXCBP3cRpqx1WYz8jy4M7HdXqJoGs5MsYFvez8c85cF8V1JDwNrj3al,"Oducado: Resignation due to health issues, not over impeach vote",21,8,0,Not Relevant,1,GenericAttachmentMedia,https://external-iad6-1.xx.fbcdn.net/emg1/v/t13/8004657938935880302?url=https%3A%2F%2Fnewsinfo.inquirer.net%2Ffiles%2F2026%2F05%2Fnathaniel-oducado-13may2026.jpg&fb_obo=1&utld=inquirer.net&stp=c0.5000x0.5000f_dst-jpg_flffffff_p139x139_q75_tt6&_nc_gid=HXu9Kx2Qyhgqu_boOUUwrg&_nc_oc=AdoQuRD3yS0tQEVmE_G23sFiEqU22Pp8YrxBLu-HJ1qWwkFAE36dJd_SSl1fGc85pdA&ccb=13-1&oh=06_Q3-_Acye5jskVACv3veRT6xl_NhXiu3VGWKsiA9FCWxqpYEV&oe=6A0E3304&_nc_sid=c97757
https://www.facebook.com/inquirerdotnet/posts/pfbid02kKPCmSURDBYKLJ8A5QJf1aNGMYhz7Xrc8yr8AUatgCVfrh6N17SAFG91bNtrpCdbl,North Korea’s new constitution deepens split with Seoul,3,0,1,Not Relevant,1,GenericAttachmentMedia,https://external-iad6-1.xx.fbcdn.net/emg1/v/t13/13124256776952520200?url=https%3A%2F%2Fglobalnation.inquirer.net%2Ffiles%2F2026%2F05%2F76581282_1004.jpg&fb_obo=1&utld=inquirer.net&stp=c0.5000x0.5000f_dst-jpg_flffffff_p500x261_q75_tt6&_nc_gid=HXu9Kx2Qyhgqu_boOUUwrg&_nc_oc=Adraw1mGeFnmgEELa0xhhKKauAt02QCx5Gog2cDmlGBjLXTSjsNRNyS4_h7t5dYpYnI&ccb=13-1&oh=06_Q3-_AS4nzsdrORKgDMAUOr3WrlsHIngdOOQsqZilxSajK-2F&oe=6A0E458C&_nc_sid=c97757
https://www.facebook.com/inquirerdotnet/posts/pfbid02YRwTgmC6aMJz4bNGRXTsfgiSDQoDTS86QskVYxsdRZ9T2saaMtRV6eDd337XD77zl,"JUST IN: House lawmakers elected as prosecutors for VP Sara Duterte's impeachment trial appear as a team for the first time.

10 out of 11 prosecutors were present, save for Dinagat Island Rep. Kaka Bag-ao who is still in her district. | via Gabriel Lalu, INQUIRER.net

From left to right:  

Cagayan Rep. Lordan Suan 
Akbayan Rep. Chel Diokno 
Bicol Saro Rep. Terry Ridon 
Manila Rep. Joel Chua 
San Juan Rep. Ysabel Maria Zamora 
Lead prosecutor and Rep. Gerville Luistro 
ML Rep. Leila de Lima 
Iloilo Rep. Lorenz Defensor 
Bukidnon Rep. Jonathan Keith Flores 
1-Rider Rep. Rodge Rodriguez

Watch the livestream here: https://inqnews.net/Houseprosecution",3236,529,62,Not Relevant,3,Photo; Photo,https://www.facebook.com/inquirerdotnet/posts/pfbid02YRwTgmC6aMJz4bNGRXTsfgiSDQoDTS86QskVYxsdRZ9T2saaMtRV6eDd337XD77zl; https://scontent-iad6-1.xx.fbcdn.net/v/t39.30808-6/701446213_1426491366328481_2327143512313929043_n.jpg?stp=cp6_dst-jpg_s590x590_tt6&_nc_cat=1&ccb=1-7&_nc_sid=127cfc&_nc_ohc=2poD8KT-DOkQ7kNvwE2ZG2f&_nc_oc=AdqE8Iu9_JKo9aCRviuNnSeXTArevluyz3ZCuBAA9c69mlrFbg_-5bE8Lt7408VTvow&_nc_zt=23&_nc_ht=scontent-iad6-1.xx&_nc_gid=HXu9Kx2Qyhgqu_boOUUwrg&_nc_ss=72289&oh=00_Af6vvW_WQJ1pvbbKCwY2wzgk5ARQ0Jx8wjXj7IoilolhNA&oe=6A121319; https://scontent-iad6-1.xx.fbcdn.net/v/t39.30808-6/702191783_1426491409661810_3487525366993142202_n.jpg?stp=cp6_dst-jpg_s590x590_tt6&_nc_cat=1&ccb=1-7&_nc_sid=127cfc&_nc_ohc=J5rVHzroCtkQ7kNvwH87K8b&_nc_oc=Adqf9BXOR5I3Y57WNA0SI04B9i3yRnxTQS_6nsNTBp1HlJKamkYYb6YS3X7HaS4_psw&_nc_zt=23&_nc_ht=scontent-iad6-1.xx&_nc_gid=HXu9Kx2Qyhgqu_boOUUwrg&_nc_ss=72289&oh=00_Af4GWB0Q4QBAmq5cVOAZO_V4r4FHRbs2VoafTt7cWFrz8w&oe=6A1239F2
https://www.facebook.com/PhilippineSTAR/posts/pfbid028RHvALp41LocUJJkcQ6GGcWviUG1Wnno6E9eK9HT1dvSNriCrqaxsgsgXnBPTdz7l,,53,2,6,Not Relevant,0,,
https://www.facebook.com/PhilippineSTAR/posts/pfbid02tsrPZXrmjptEqMDT5cP3px9yYiHHUXWujitzFud3Y16xddMmxvk1PHjC54JfTPmol,"The House prosecution panel holds a press conference on Tuesday, May 19, 2026.

LIVESTREAM: https://www.youtube.com/watch?v=yLHJgXiRsKE",229,76,5,Not Relevant,1,Photo,https://www.facebook.com/photo/?fbid=1489377716559436&set=a.602294451934438
https://www.facebook.com/PhilippineSTAR/posts/pfbid02mkvrcUr1R5XUNzkSgYYyHkymd6cJXT8bE5Wrggoc4XTmA3K7aBVRy7ZgZ9Jh5Fejl,"Senate holds plenary session on Tuesday, May 19, 2026.

LIVESTREAM: https://www.youtube.com/watch?v=wwoQsZBKC4c",43,12,0,Not Relevant,1,Photo,https://www.facebook.com/photo/?fbid=1489367943227080&set=a.602294451934438
https://www.facebook.com/PAGASA.DOST.GOV.PH/posts/pfbid0pbqWgVkkqq4CXnRkJDkWcgeNfzpo4GvWMzggaw8Gz2HqtYcbLSCKSeNRSbw5cT1xl,"Pampanga River Basin Update as of 5:00 AM, 15 May 2026",40,0,5,Mild,1,Photo,https://www.facebook.com/photo/?fbid=1442054664632849&set=a.365711365600523
https://www.facebook.com/PAGASA.DOST.GOV.PH/posts/pfbid0rysvYfjtJdDzc9oEEZDS28qRfwtCcv8j3xc2qFoRHrtTypXdfMsJQcLL6ptSMJw8l,"24-HOUR PUBLIC WEATHER FORECAST
Issued at 4:00 AM, 15 May 2026

SYNOPSIS: At 3:00 AM today, the Low Pressure Area (formerly ""CALOY"") was estimated based on all available data at 1,055 km East of Southeastern Luzon (14.9°N, 131.5°E).

Forecast Weather Conditions

Area: Metro Manila and the rest of the country
Weather Condition: Partly cloudy to cloudy skies with isolated rainshowers or thunderstorms
Caused By: Localized Thunderstorms
Impacts: Possible flash floods or landslides during severe thunderstorms

Forecast Wind and Coastal Water Conditions

Area: Luzon
Wind Speed: Light to Moderate
Wind Direction: Northwest to North
Coastal Waters: Slight to Moderate / (0.6 to 1.5 meters)

Area: Visayas
Wind Speed: Light to Moderate
Wind Direction: Northeast to North
Coastal Waters: Slight to Moderate / (0.6 to 1.5 meters)

Area: Mindanao
Wind Speed: Light to Moderate
Wind Direction: Variable
Coastal Waters: Slight to Moderate / (0.6 to 1.5 meters)

Extremes of Temperature and Relative Humidity for The 24-hour Period Ending 8:00 PM YESTERDAY

Minimum Temperature: 27.4 °C ... 6:30 AM
Maximum Temperature: 35.1 °C... 1:00 PM

Minumum Relative Humidity: 46 % ... 1:00 PM
Maximum Relative Humidity: 79 % ... 5:00 AM

TIDES AND ASTRONOMICAL INFORMATION Over Metro Manila

sunrise today: 5:28AM
sunset today: 6:17PM
moonrise today: 3:42AM
moonset today: 4:41PM
illumination today: 3%

For other information about weather, please log on to pagasa.dost.gov.ph or bagong.pagasa.dost.gov.ph or call at (02)927-1335/(02)926-4258",91,0,67,Severe,1,Photo,https://www.facebook.com/photo/?fbid=1442034777968171&set=a.365711365600523
https://www.facebook.com/PAGASA.DOST.GOV.PH/posts/pfbid02dppuRQWQMYLPqEKQAdacvj7TWRptMb4ofhLzmFKiWwjq7YVq51TQNoJWcxtmDVjil,"As of 2:00 AM today, 15 May 2026, a Low Pressure Area 05b (formerly ""Caloy"") is being monitored inside the Philippine Area of Responsibility (PAR) and is ""UNLIKELY"" to redevelop into a tropical depression within the next 24 hours.
All are advised to monitor updates from DOST-PAGASA",323,4,89,Not Relevant,1,Photo,https://www.facebook.com/photo/?fbid=1442023834635932&set=a.365711365600523
https://www.facebook.com/inquirerdotnet/posts/pfbid0z277UEwSYsfL4fNPCVsEccHrodBPbC3PJtQKRH8LxtCiWH2JRuCCtjMjqjMMo52Cl,"[Trigger Warning: gun violence, suicide]

Authorities said two teenage suspects opened fire at an Islamic center in San Diego on Monday, killing three men before killing themselves. The case is being investigated as a hate crime.

Check the full story in our comments.",81,11,10,Not Relevant,1,Photo,https://www.facebook.com/photo/?fbid=1426496272994657&set=a.295125726131723
https://www.facebook.com/inquirerdotnet/posts/pfbid0vScA9AweeT664V3oNSwQz4U7Sp9FdcDfxnNzJvdBGhBSsoZo5ShxS1iLjzPVBtYkl,"Ex-village official, 2 LGU workers nabbed in Surigao drug den bust",5,3,1,Not Relevant,1,GenericAttachmentMedia,https://external-ord5-2.xx.fbcdn.net/emg1/v/t13/2548655105571071636?url=https%3A%2F%2Fnewsinfo.inquirer.net%2Ffiles%2F2026%2F05%2F1000161184.jpg&fb_obo=1&utld=inquirer.net&stp=c0.5000x0.5000f_dst-jpg_flffffff_p139x215_q75_tt6&_nc_gid=I5M5VRrJoEnu2lAxkp8vMw&_nc_oc=AdrLYHlXZDFc2Xr7X4yWc0uDIvZU9hwxwBVbgOLSiEyYmIoaChlsAp7gsYoEsZPukzs&ccb=13-1&oh=06_Q3-_AW6HmikY3S2NaBDwdR983l4IYU_QQNONAikWFLJYLpcO&oe=6A0E4547&_nc_sid=c97757
https://www.facebook.com/inquirerdotnet/posts/pfbid02uB7C3Z7ARVRqwhQWvnMc1jYmQy9Yq4cUToqH2rUZM3BYBtenUSZAqg4crx8wa6rVl,"AJ Rafael, wife Alyssa welcome first child after ‘rough birth day’",11,0,0,Not Relevant,1,GenericAttachmentMedia,https://external-ord5-2.xx.fbcdn.net/emg1/v/t13/2334991574370975635?url=https%3A%2F%2Fentertainment.inquirer.net%2Ffiles%2F2026%2F05%2Faj-rafael-alyssa-welcoome-first-child-19may2026.jpeg&fb_obo=1&utld=inquirer.net&stp=c0.5000x0.5000f_dst-jpg_flffffff_p500x261_q75_tt6&_nc_gid=I5M5VRrJoEnu2lAxkp8vMw&_nc_oc=AdqrMHSUD0z1Xls2vkTSQ6s2AlFktDRETj1jENKEVsCeNOVh1c24vbgtPVdhoBUExEc&ccb=13-1&oh=06_Q3-_ASxaDG01gbslvn0fS5fqpfepDlTLVKiui5ogpIipe6Lr&oe=6A0E30C0&_nc_sid=c97757
https://www.facebook.com/reel/1342714877754504/,"Resigned 1-Tahanan party-list Rep. Nathaniel Oducado, nilinaw na walang kinalaman sa impeachment laban kay Vice Pres. Sara Duterte, ang kanyang pagbibitiw bilang miyembro ng Kamara; Oducado, itinanggi na tumanggap sila ng ₱20-M na insentibo. | via Isa Avendaño-Umali",6,2,0,Not Relevant,1,Video,https://www.facebook.com/reel/1342714877754504/
https://www.facebook.com/reel/2511199535996226/,"Security cooperation sa pagitan ng Pilipinas at Japan, kabilang sa mga inaasahang matatalakay sa state visit ni Pang. Bongbong Marcos sa Japan sa susunod na linggo. | via Tuesday Niu",4,0,0,Not Relevant,1,Video,https://www.facebook.com/reel/2511199535996226/
https://www.facebook.com/reel/1336011888475317/,"National Bureau of Investigation (NBI), nakakuha na sa korte ng cyber warrant para sa mga gadget ni Peanut Gallery Media Network (PGMN) founder Franco Mabanta — Atty. Melvin Matibag, director, NBI | via Manny Vargas",30,0,1,Not Relevant,1,Video,https://www.facebook.com/reel/1336011888475317/
https://www.facebook.com/PAGASA.DOST.GOV.PH/posts/pfbid0LxJexiyubVv84Qd9zepmty9V2u7vZebD9xD5yAsafnK8YepWY7k2WUeDq9RVCpdol,"As of 8:00 PM today, 14 May 2026, a Low Pressure Area 05b (formerly ""Caloy"") is being monitored inside the Philippine Area of Responsibility (PAR) and is ""UNLIKELY"" to redevelop into a tropical depression within the next 24 hours.
All are advised to monitor updates from DOST-PAGASA.",529,19,76,Not Relevant,1,Photo,https://www.facebook.com/photo/?fbid=1441777597993889&set=a.365711365600523
https://www.facebook.com/PAGASA.DOST.GOV.PH/posts/pfbid023QgeX3TmcVSeaG2C1uuwMbXHtWk8qR8EJSUnLhLR7xKHdcgxE7sJJbcHh9JYwq3Hl,"Public Weather Forecast issued at 5:00 PM | May 14, 2026 - Thursday

DOST-PAGASA Weather Specialist: Charmagne Varilla

#weatherreport  #dostpagasa",125,3,13,Not Relevant,0,,
https://www.facebook.com/PAGASA.DOST.GOV.PH/posts/pfbid0cx3ZtPTN6SqJN8AvZbK74XGU26PddXM4gV5V9haELtQ8z1AsaaK1VBYYAsgLzZq1l,"General Flood Advisory
Issued @7PM, 14 May 2026

Region 10 (Northern Mindanao) GFA#1",78,1,5,Moderate,1,Photo,https://www.facebook.com/photo/?fbid=1441661824672133&set=a.365711365600523
https://www.facebook.com/reel/1307401097421533/,"TULFO SA MINORITY BLOC: DITO, MAAYOS, SOLID, HAPPY KAMI

Nananawagan si Sen. Raffy Tulfo na 'wag na muna pag-isipan ang tungkol sa kudeta o pagpapalit ng liderato sa Senado, at sa halip ay dapat munang tutukan ang trabaho. | via Marymon Reyes",25455,6170,209,Not Relevant,1,Video,https://www.facebook.com/reel/1307401097421533/
https://www.facebook.com/News5Everywhere/posts/pfbid0F5gKzbxr1axXdZSs5JtSvKN9BTeQ1bUU99L66sLogNspsQduzdrjVejnDdXZ9RKfl,"'THE TRUTH WILL ULTIMATELY PREVAIL'

Ito ang iginiit ni Sen. Jingoy Estrada kasunod ng inilabas na resolusyon ng Department of Justice (DOJ) na nagrerekomendang kasuhan siya at iba pang indibidwal kaugnay sa anomalya sa flood control projects.

Ayon sa senador, handa siyang sagutin ang mga alegasyon laban sa kaniya sa pamamagitan ng tamang legal processes. | via Maeanne Los Baños-Oroceo",1090,248,19,Not Relevant,1,Photo,https://www.facebook.com/photo/?fbid=1510193471139181&set=a.647063400785530
https://www.facebook.com/News5Everywhere/posts/pfbid02BKhESrcXYy3rQk8Z2hiqWaZjR2N1MRL3ngrLZ6WyGmjZ7JvpjiKbYcpmde3y5K7ml,"HOUSE PROSECUTORS SA VP SARA IMPEACHMENT TRIAL

Nagsagawa ng press conference ang House prosecution panel ngayong Martes, May 19 kaugnay sa nakatakdang impeachment trial ni Vice Pres. Sara Duterte.

📸: House of Representatives (YouTube)",8827,1271,47,Not Relevant,3,Photo; Photo,https://www.facebook.com/News5Everywhere/posts/pfbid02BKhESrcXYy3rQk8Z2hiqWaZjR2N1MRL3ngrLZ6WyGmjZ7JvpjiKbYcpmde3y5K7ml; https://scontent-lga3-1.xx.fbcdn.net/v/t39.30808-6/702232236_1510191741139354_3159730595188089648_n.jpg?stp=dst-jpg_s590x590_tt6&_nc_cat=1&ccb=1-7&_nc_sid=127cfc&_nc_ohc=7VlEFrKgzWMQ7kNvwFioVcI&_nc_oc=Ado5apIO3Otudm0KaRjmI5cmmZ9wXTvcgKly1rOnYYg33EBMJkUpIiaEwIVHWnQmvdk&_nc_zt=23&_nc_ht=scontent-lga3-1.xx&_nc_gid=Xcw1mv-zV5WpG2Wo3DHLtg&_nc_ss=72289&oh=00_Af5g1cQUMyUKZF20mmN-qDvil_vOI1JJd2hY0i2URG0tZQ&oe=6A1215AC; https://scontent-lga3-1.xx.fbcdn.net/v/t39.30808-6/702176936_1510191757806019_5451431504515271957_n.jpg?stp=dst-jpg_s590x590_tt6&_nc_cat=1&ccb=1-7&_nc_sid=127cfc&_nc_ohc=0KHCeaBPSCMQ7kNvwGgqbJ7&_nc_oc=AdoMGAA32z7sSfkCplXJokdsPcNVVdMh_QuU6G8vUViYCItlNei45YowsGuYWWmvGrE&_nc_zt=23&_nc_ht=scontent-lga3-1.xx&_nc_gid=Xcw1mv-zV5WpG2Wo3DHLtg&_nc_ss=72289&oh=00_Af7-Lf6kzNmVO5jB2UkP4IwkJZMecwFaC45WYJiwNiHVMg&oe=6A121295
https://www.facebook.com/inquirerdotnet/posts/pfbid0RDZFdZhfRYUqowvH3bkordRgGBfRdSWLLNtMohNnw47tCKVjp4hywVYh1JgFmU8Zl,Dead elephant discovered in Sabah forest reserve with head hacked off,11,0,0,Not Relevant,1,GenericAttachmentMedia,https://external-det1-1.xx.fbcdn.net/emg1/v/t13/9240104109561724173?url=https%3A%2F%2Fglobalnation.inquirer.net%2Ffiles%2F2026%2F05%2F2cf6190d0aa1822cd58ef5dee0847a8abe30a17aee8897fd90d96db185c262cc.jpg&fb_obo=1&utld=inquirer.net&stp=c0.5000x0.5000f_dst-jpg_flffffff_p500x261_q75_tt6&_nc_gid=OpMoKE0TZt-9MMcByrYNJw&_nc_oc=AdrS-KaM_6P8qQfHVYiz4PEfdf5EOFLtaBZTRpZsWu2K_5osON0cWgAKJ6P0emXIfPU&ccb=13-1&oh=06_Q3-_Ab2dB_WlCXheoRoVng_TtDzj-MhN6hGXwktOY5flii0i&oe=6A0E4718&_nc_sid=c97757
https://www.facebook.com/inquirerdotnet/posts/pfbid0feepGFPHDRe4Jc3Q6oxwze7NTzWxgfzgAYD8zVJZTuCPtWrX3xQGXdysdkxpTYcml,Via Bandera,0,0,0,Not Relevant,0,,
https://www.facebook.com/inquirerdotnet/posts/pfbid02EW9g1AMsZzcW4vmM4fNT2fEWH7ZLv1CqTpH3ufVHiekAiPvKy2YcphfCW9A4L76Sl,"Village watchman, vendor killed in Cavite shooting",2,0,1,Not Relevant,1,GenericAttachmentMedia,https://external-det1-1.xx.fbcdn.net/emg1/v/t13/12611170748129438465?url=https%3A%2F%2Fnewsinfo.inquirer.net%2Ffiles%2F2024%2F09%2FCavite-map.png&fb_obo=1&utld=inquirer.net&stp=c0.5000x0.5000f_dst-jpg_flffffff_p500x261_q75_tt6&_nc_gid=OpMoKE0TZt-9MMcByrYNJw&_nc_oc=AdqWM47IMqULZFBPzV4kxsvnM3cjh7622CgEHgs7Werxb00l-pTkLCOWVLLCaVKV5vs&ccb=13-1&oh=06_Q3-_AXH7ypDdzejeOOdkNDGhFQr6MiRIekeX_JzhS_sc7fzS&oe=6A0E2DE5&_nc_sid=c97757
https://www.facebook.com/PhilippineSTAR/posts/pfbid02SYL8GpP4dj3GF6TsW3gMobzPkmZd2FYLJBGm2a9P1DefgAA3qzi2tN852dyzeJu1l,,107,5,8,Not Relevant,0,,
https://www.facebook.com/PhilippineSTAR/posts/pfbid026nVqtRhgBLmcMm7ntRWRTFTaWAfymjcjtGtdKwHuYvu2WT2xVLWkPqE6W8EC3wEsl,,132,7,11,Not Relevant,0,,
https://www.facebook.com/PhilippineSTAR/posts/pfbid0MbSH7dbHEw3YUDBUSUr87TVF5ah9eAaoP4BwdjAjGnyBiY2weQSLFFM2uMb49HqWl,,188,0,10,Not Relevant,0,,
https://www.facebook.com/PhilippineSTAR/posts/pfbid0tTPbHMhRDbvVXcXYULZyEFKgD8kePWTcEsW9WN9eHtUZ7VkJWZcZuyUbnXYEKatel,"'WHY FOCUS SOLELY ON DAVAO?'

Davao City First District Representative Paolo Duterte issued a statement calling ACT Representative Antonio Tinio ""selectively blind"" on Tuesday.

This follows Tinio's submission of a complaint against Duterte before the Office of the Ombudsman over alleged irregularities in more than 80 flood control projects.

""Why is Mr. Tinio selectively blind? Why is he not filing complaints against the engineers, contractors, and political personalities linked to questionable flood control projects nationwide? Why focus solely on Davao while conveniently ignoring the larger controversies hounding the present administration and its allies,"" he emphasized.

""Instead of acknowledging actual infrastructure accomplishments, 'Tontong Tinio' appears more interested in recycling troll narratives and politically motivated accusations meant to demonize the Duterte family,"" he claimed. (Facebook/Congressman Paolo “Pulong” Duterte)",2556,530,36,Not Relevant,1,Photo,https://www.facebook.com/photo/?fbid=1489352406561967&set=a.602294451934438
https://www.facebook.com/PhilippineSTAR/posts/pfbid02UdzQib9zqdTxfkwnx1Z24C3dMJU9tEGpz51tBd6LJvszNAijNf6GfjjLB42X4Mayl,,22,1,1,Not Relevant,0,,
https://www.facebook.com/PhilippineSTAR/posts/pfbid037UuS4C48F7xhBRpBGVXLfVTywqLcWZ1Hmn5gUsj8Wnb6spmYJsdM1a87hJqW7fGgl,"Cebu Pacific announced on Tuesday that it will resume its Dubai operations starting July 2, 2026, following safety assessments and coordination with Dubai airport authorities.

The following flights will resume operations:

• 5J 14/15: Manila – Dubai – Manila
• 5J 18/19: Manila – Dubai – Manila

Flights between Manila and Dubai will operate four times weekly — every Tuesday, Thursday, Saturday, and Sunday.

Passengers affected by cancelled Dubai flights may rebook through the Manage Booking portal on the Cebu Pacific website. | via Rudy Santos",252,3,35,Not Relevant,1,Photo,https://www.facebook.com/photo/?fbid=1489338546563353&set=a.602294451934438
https://www.facebook.com/PAGASA.DOST.GOV.PH/posts/pfbid0GUbxenDqw4PjYsXC1eNKvPH3NjSbA1YQWHJGyWDZKu2q358nQRo6juggaUiuYkHQl,"Highest Computed 5-day Heat Index with 2-day Forecast 
Issued as of 5:00 PM, 14 May 2026 

For more information about the heat index: 
https://www.pagasa.dost.gov.ph/weather/heat-index 

Information from the DOH Philippines about heat-related illnesses during extremely hot weather:
https://bit.ly/DOHPhPublicHealthAdvisory 

Don't forget to take necessary precautions and stay cool and hydrated everyone! ☀️🌡️ 
#HeatIndex #AngInit",182,4,73,Not Relevant,4,Photo; Photo; Photo,https://www.facebook.com/PAGASA.DOST.GOV.PH/posts/pfbid0GUbxenDqw4PjYsXC1eNKvPH3NjSbA1YQWHJGyWDZKu2q358nQRo6juggaUiuYkHQl; https://scontent.fcha1-1.fna.fbcdn.net/v/t39.30808-6/700135303_1441623884675927_3987518784356199463_n.jpg?stp=dst-jpg_s590x590_tt6&_nc_cat=103&ccb=1-7&_nc_sid=127cfc&_nc_ohc=iL4z_zOPRXYQ7kNvwELPYNO&_nc_oc=AdpTUgFkI9XpuFKqqiOXVLo_qcx7-oI3DR1EmcDhKKS36NAnB0HXcfvKtFfdAAtVnho&_nc_zt=23&_nc_ht=scontent.fcha1-1.fna&_nc_gid=LPH1vt2gZsbhFTI60VNfTw&_nc_ss=72289&oh=00_Af5bPGdNM1edHn-yKnKaE9CsxFCAW7cgWoS5N17RneF_hQ&oe=6A122FB0; https://scontent.fcha1-1.fna.fbcdn.net/v/t39.30808-6/700692158_1441624008009248_5542274945751366212_n.jpg?stp=dst-jpg_s590x590_tt6&_nc_cat=101&ccb=1-7&_nc_sid=127cfc&_nc_ohc=JovVIAysxuwQ7kNvwGC5_c3&_nc_oc=AdpTIWnlvI0q3e0ufUsdsjNZiz9-FeG73rSTQUVxiXqnxjhlVRHnJHrGkzh9k5TGODc&_nc_zt=23&_nc_ht=scontent.fcha1-1.fna&_nc_gid=LPH1vt2gZsbhFTI60VNfTw&_nc_ss=72289&oh=00_Af6GNbrAwJXnU3IyfTbiI3rZw4el6G6S7ef87z6VVF3umw&oe=6A123DAE; https://scontent.fcha1-1.fna.fbcdn.net/v/t39.30808-6/700070202_1441624208009228_3522520750519615684_n.jpg?stp=dst-jpg_p552x414_tt6&_nc_cat=104&ccb=1-7&_nc_sid=127cfc&_nc_ohc=n6G2DFfwz0cQ7kNvwG2SjvB&_nc_oc=AdpLNLwSzXdVeofex8kk2vByHlAI3AcXINN8VpNHeP_ES7pGzzcKK-usiWJG3E4s1Vk&_nc_zt=23&_nc_ht=scontent.fcha1-1.fna&_nc_gid=LPH1vt2gZsbhFTI60VNfTw&_nc_ss=72289&oh=00_Af7ZMmt6GpazSPTcyfydAYO_I6JRkd1VhiNe330Bvs_Gdg&oe=6A121F2A
https://www.facebook.com/PAGASA.DOST.GOV.PH/posts/pfbid0NTM14FWHWJmPVMgsBXKcfoXuCCi5FQQ9bguuKAUXfJGWrFePukfrNtKeYrJZpJDAl,"Highest Computed 5-day Heat Index
Issued as of 5:00 PM, 14 May 2026 

For more information about the heat index: 
https://www.pagasa.dost.gov.ph/weather/heat-index 

Information from the DOH Philippines about heat-related illnesses during extremely hot weather:
https://bit.ly/DOHPhPublicHealthAdvisory 

Forecast for the next 2 days will be available at 6:30 PM.

Don't forget to take necessary precautions and stay cool and hydrated everyone! ☀️🌡️ 
#HeatIndex #AngInit",163,2,52,Not Relevant,3,Photo; Photo,https://www.facebook.com/PAGASA.DOST.GOV.PH/posts/pfbid0NTM14FWHWJmPVMgsBXKcfoXuCCi5FQQ9bguuKAUXfJGWrFePukfrNtKeYrJZpJDAl; https://scontent.fcha1-1.fna.fbcdn.net/v/t39.30808-6/700554868_1441611021343880_934688703178171901_n.jpg?stp=dst-jpg_s590x590_tt6&_nc_cat=101&ccb=1-7&_nc_sid=127cfc&_nc_ohc=v56yRPz8DMQQ7kNvwG9zh1M&_nc_oc=AdrEH8MWEYXS1UVV7w9fG0tWIrjM1NvZz8thQksmQrIruaYhU-g_6Ux7ZxD-tz_3b4U&_nc_zt=23&_nc_ht=scontent.fcha1-1.fna&_nc_gid=LPH1vt2gZsbhFTI60VNfTw&_nc_ss=72289&oh=00_Af5U66ZD2DMI68vUJOhUfxMHB_eYRM8_7U61MlZCC1qOrA&oe=6A123DB0; https://scontent.fcha1-1.fna.fbcdn.net/v/t39.30808-6/698128396_1441611184677197_4737734508864779160_n.jpg?stp=dst-jpg_s590x590_tt6&_nc_cat=105&ccb=1-7&_nc_sid=127cfc&_nc_ohc=qZirJjLLoSYQ7kNvwHcWcby&_nc_oc=AdrnV6Na4kJ2I6poteQmqxTl93ZzjgsLROqm3vx2RtXzOjZmOiA9KLDydLcNCxM2NkM&_nc_zt=23&_nc_ht=scontent.fcha1-1.fna&_nc_gid=LPH1vt2gZsbhFTI60VNfTw&_nc_ss=72289&oh=00_Af59PPQ3cCHh7axzBG3c-ww5M4oSnTjzs3078_eGOtE-Qw&oe=6A120C1B
https://www.facebook.com/PAGASA.DOST.GOV.PH/posts/pfbid02jPenRj9JTBYmgYNPGMPXF8YBnYfAU2J3BKheLuhMkWizc7gUPLtwG89eknwtFg38l,"24-HOUR PUBLIC WEATHER FORECAST
Issued at 4:00 PM, 14 May 2026

SYNOPSIS: At 3:00 PM today, the Low Pressure Area (formerly ""CALOY"") was estimated based on all available data at 995 km East of Southeastern Luzon (15.1°N, 130.9°E).

Forecast Weather Conditions

Area: Metro Manila and the rest of the country
Weather Condition: Partly cloudy to cloudy skies with isolated rainshowers or thunderstorms
Caused By: Localized Thunderstorms
Impacts: Possible flash floods or landslides during severe thunderstorms

Forecast Wind and Coastal Water Conditions

Area: Luzon and Visayas
Wind Speed: Light to Moderate
Wind Direction: North to Northwest
Coastal Waters: Slight to Moderate / (0.6 to 1.5 meters)

Area: Mindanao
Wind Speed: Light to Moderate
Wind Direction: South to Southwest
Coastal Waters: Slight to Moderate / (0.6 to 1.5 meters)

Extremes of Temperature and Relative Humidity for The 24-hour Period Ending 4:00 PM TODAY

Minimum Temperature: 27.4 °C ... 6:30 AM
Maximum Temperature: 35.1 °C... 1:00 PM

Minumum Relative Humidity: 46 % ... 1:00 PM
Maximum Relative Humidity: 79 % ... 5:00 AM

TIDES AND ASTRONOMICAL INFORMATION Over Metro Manila

sunrise tomorrow: 5:28AM
sunset today: 6:16PM
moonrise tomorrow: 3:42AM
moonset tomorrow: 4:41PM
illumination tomorrow: 3%

For other information about weather, please log on to pagasa.dost.gov.ph or bagong.pagasa.dost.gov.ph or call at (02)927-1335/(02)926-4258",123,0,41,Severe,1,Photo,https://www.facebook.com/photo/?fbid=1441567728014876&set=a.365711365600523
https://www.facebook.com/inquirerdotnet/posts/pfbid0369NAGJC96r5icNqEiVwRum5Sn3Q5ixw6wJBvHSzij9GeXkpStmF3Edy4iiBo7d7wl,"Court allows NBI to access Franco Mabanta, others’ gadgets",159,9,1,Not Relevant,1,GenericAttachmentMedia,https://external-det1-1.xx.fbcdn.net/emg1/v/t13/13579287428724698206?url=https%3A%2F%2Fnewsinfo.inquirer.net%2Ffiles%2F2026%2F05%2Fmabanta-06may2026.jpg&fb_obo=1&utld=inquirer.net&stp=c0.5000x0.5000f_dst-jpg_flffffff_p500x261_q75_tt6&_nc_gid=wjo-Qb5L_gcLhI9NRitsHA&_nc_oc=Adp3HQFiUAkrvAc_7j1NSkphrA92ZqCbRtAX1roDTeRZVQtcrEsr7TpysVL3sCkq01d8RUiKrVWlEaXUpXyBM6qy&ccb=13-1&oh=06_Q3-_Admxlw6dOHHo1sdmO-OALV2gNALjnWxPeDU_pwsCILUu&oe=6A0E3394&_nc_sid=c97757
https://www.facebook.com/inquirerdotnet/posts/pfbid0381GMumWaAxbom6X5S2oSymv735inCoTCuEB9ngNkcTmRDgNQjHYNZfyMxjFqCjGEl,"House panel approves P3,000 Teachers’ Day incentive",794,36,76,Not Relevant,1,GenericAttachmentMedia,https://external-det1-1.xx.fbcdn.net/emg1/v/t13/15621763674029743869?url=https%3A%2F%2Fnewsinfo.inquirer.net%2Ffiles%2F2026%2F01%2FDepEd-PH-education-02january2026.jpg&fb_obo=1&utld=inquirer.net&stp=c0.5000x0.5000f_dst-jpg_flffffff_p500x261_q75_tt6&_nc_gid=wjo-Qb5L_gcLhI9NRitsHA&_nc_oc=AdoQtdGUfzSHrL-sppXgslVh3LE3AFvpdWshyk_BIaCppLIPB0YziSIda0cMaIIyyYEzy6UqAolgDuG7aa6wwP9A&ccb=13-1&oh=06_Q3-_AUJFHm-R8Vj0NMfUGSb_uvqaFLZf5q2gn6oAhaamY-I1&oe=6A0E22F3&_nc_sid=c97757
https://www.facebook.com/inquirerdotnet/videos/1877041929920662/,"LIVE: The House prosecution team holds a press briefing on Tuesday, May 19, regarding updates on the convening of the Senate Impeachment Court. | via House of Representatives",2591,193,22,Not Relevant,1,Video,https://www.facebook.com/inquirerdotnet/videos/1877041929920662/
https://www.facebook.com/News5Everywhere/posts/pfbid0u8VFm9XqQzwupXKs1KtoNZ3QXjgd8XQPAWc8yQwD3nkx1e2TvgHBBxDVRDBFd5cvl,"WALA SI SEN. BATO

Dalawampu't dalawang senador ang present sa sesyon sa Senado ngayong Martes, May 19.

Katulad noong Lunes, absent si Sen. Bato dela Rosa.

Kasunod ito ng paglabas niy sa Senate premises noong Huwebes, May 14.

📷: Senate of the Philippines",960,249,26,Not Relevant,4,Photo; Photo; Photo,https://www.facebook.com/News5Everywhere/posts/pfbid0u8VFm9XqQzwupXKs1KtoNZ3QXjgd8XQPAWc8yQwD3nkx1e2TvgHBBxDVRDBFd5cvl; https://scontent-iad3-1.xx.fbcdn.net/v/t39.30808-6/703324517_1510190497806145_4359451640510612205_n.jpg?stp=dst-jpg_s590x590_tt6&_nc_cat=110&ccb=1-7&_nc_sid=127cfc&_nc_ohc=6nmUkFFG-IsQ7kNvwEHzUSp&_nc_oc=AdqhQs7-BhgtS8C4k65ZdIn-kKAbEoIH3RDEeSh6TWsJCOPwUDsuIscxJlS9QeCE728&_nc_zt=23&_nc_ht=scontent-iad3-1.xx&_nc_gid=OhhwhiyV2tYRHe-rNMRoVA&_nc_ss=72289&oh=00_Af52jcPc2lOSKO9BfDAPgT4XEUNw7C-wXOKBbMYUcUfpeg&oe=6A1214D6; https://scontent-iad3-1.xx.fbcdn.net/v/t39.30808-6/702509138_1510190544472807_3522950651518015279_n.jpg?stp=dst-jpg_s590x590_tt6&_nc_cat=101&ccb=1-7&_nc_sid=127cfc&_nc_ohc=F4Vo_oaBdWwQ7kNvwEpGQQa&_nc_oc=AdrcvRkc33Ym_GPDbGfZ8Cg3Ok2LgzJMiJ7FZ6KhR67830oMEOWNamuV6LBIqrHtcH8&_nc_zt=23&_nc_ht=scontent-iad3-1.xx&_nc_gid=OhhwhiyV2tYRHe-rNMRoVA&_nc_ss=72289&oh=00_Af6I4pC2y_DHcJqMOzOXtq3NHGQWO8MU7Es5L-dggNazjg&oe=6A121D49; https://scontent-iad3-1.xx.fbcdn.net/v/t39.30808-6/701612756_1510190601139468_9218411912652212041_n.jpg?stp=dst-jpg_s590x590_tt6&_nc_cat=104&ccb=1-7&_nc_sid=127cfc&_nc_ohc=tFTFTmDPQaYQ7kNvwFfJ7lY&_nc_oc=AdoZc5T68pEHWgUzZ5FM41T0D0CDP99ZeduBZPRU-i85vU27yCn3msvZl9KxVue4LtY&_nc_zt=23&_nc_ht=scontent-iad3-1.xx&_nc_gid=OhhwhiyV2tYRHe-rNMRoVA&_nc_ss=72289&oh=00_Af5mm0IiMwzv7bJg467ObruHhDmsmdiZoosLPwN6pUQFZQ&oe=6A12333F
https://www.facebook.com/News5Everywhere/posts/pfbid0rdg6jB7aZ8fi2opHSaqzb8ZvK7Y1GxTtwtmmcHqwRxtF7iqesWHGf6SGdMfRsiytl,"NI-REJECT NG PILIPINAS

Hindi pinagbigyan ng Pilipinas ang hiling ng Estados Unidos na isailalim ang planong 1,619-hectare na artificial intelligence hub sa American law at bigyan ng diplomatic immunity ang U.S. personnel sa site.

Kinumpirma ito ni Bases Conversion and Development Authority president Joshua Bingcang, kasabay ng pagbisita ni U.S. Undersecretary of State for Economic Affairs Jacob Helberg sa future site ng AI hub sa Tarlac.

""It will be treated as a regular business development contract. No special treatment to be accorded to the U.S.,"" saad ni Bingcang. | via Philstar.com",2493,436,161,Not Relevant,1,Photo,https://www.facebook.com/photo/?fbid=1510184351140093&set=a.647063400785530
https://www.facebook.com/News5Everywhere/videos/1165156559071225/,"LIVE | House prosecutors on VP Sara impeachment holds press briefing (May 19, 2026)",5024,1595,91,Not Relevant,1,Video,https://www.facebook.com/News5Everywhere/videos/1165156559071225/
https://www.facebook.com/PhilippineSTAR/posts/pfbid02EudXJjdRAbFZdpy4WW8c3u3kAXwMcAHG5XZKKouvCJrLte3QJDGP5AFLKd1QoYK4l,,960,24,7,Not Relevant,0,,
https://www.facebook.com/PhilippineSTAR/posts/pfbid02ba6tCp6B6VF9k3XY9pr2h7HTdBBxZPRkP7yZzWrdSNMJ7vqWRbcZKPyC4TPjf83Pl,"Interior and Local Government Secretary Jonvic Remulla joined local officials from Imus and General Trias, Cavite on Tuesday for the inspection and ceremonial walk-through of the newly completed Imus-GenTri Friendship Bridge 1.

The two-lane, 40-meter bridge links Barangay Alapan 2-B in Imus City to Barangay Navarro in General Trias and is expected to improve traffic flow and shorten travel time between the neighboring Cavite cities. (Photos by Edd Gumban/The Philippine STAR)",244,25,13,Not Relevant,6,Photo; Photo; Photo; Photo; Photo,https://www.facebook.com/PhilippineSTAR/posts/pfbid02ba6tCp6B6VF9k3XY9pr2h7HTdBBxZPRkP7yZzWrdSNMJ7vqWRbcZKPyC4TPjf83Pl; https://scontent-atl3-1.xx.fbcdn.net/v/t39.30808-6/702470579_1489336543230220_6720198767626574534_n.jpg?stp=dst-jpg_s590x590_tt6&_nc_cat=1&ccb=1-7&_nc_sid=127cfc&_nc_ohc=isXFCiYYeQwQ7kNvwFhu7Qp&_nc_oc=AdqLKcULVEE9wzTydtg0hKQTe0W1Wiseg6JxJjVbcbsdOE_vq6WYMQ4QuIt08RGLwdXW48Gq7uj9ZsMYV9nEIq3r&_nc_zt=23&_nc_ht=scontent-atl3-1.xx&_nc_gid=QQ8rYtZqhy2c9TTt4Ph57g&_nc_ss=72289&oh=00_Af50Lx42KFjAWIdD8HvHevUFtxLTEcCZnxFc03wM15CAXw&oe=6A120F15; https://scontent-atl3-2.xx.fbcdn.net/v/t39.30808-6/702259745_1489336546563553_293611658068168893_n.jpg?stp=dst-jpg_s590x590_tt6&_nc_cat=104&ccb=1-7&_nc_sid=127cfc&_nc_ohc=9GB74AwEhrUQ7kNvwEAkc2i&_nc_oc=AdrqTHJNJ5b5YV9VYw6LfVSUvRQ8UEkVv78Jv6hObhcBcOqTbFBdIn0LSh29w9dvRpBkZKGbDBZJAlMKRipGKR8R&_nc_zt=23&_nc_ht=scontent-atl3-2.xx&_nc_gid=QQ8rYtZqhy2c9TTt4Ph57g&_nc_ss=72289&oh=00_Af6titnNbRokPxTqXJx9yLGHyYLyDUNfTNexmbXHpgB2ig&oe=6A12207E; https://scontent-atl3-3.xx.fbcdn.net/v/t39.30808-6/702423520_1489336549896886_598031093555742336_n.jpg?stp=dst-jpg_p394x394_tt6&_nc_cat=110&ccb=1-7&_nc_sid=127cfc&_nc_ohc=e68sNkguSKUQ7kNvwGIc_lQ&_nc_oc=AdqujbLoTqhlRPcUv8p27Z0JFtRKEb9vk8CCLV51I4isCrQlWlwaIH07EBRkWQDIlvpItn2zkP00LJ0QmYdB2Eit&_nc_zt=23&_nc_ht=scontent-atl3-3.xx&_nc_gid=QQ8rYtZqhy2c9TTt4Ph57g&_nc_ss=72289&oh=00_Af5wcAPPf3B22fH8Rw6zWJnRDSXIC_933rwo97urBZqJ4g&oe=6A122AC7; https://scontent-atl3-2.xx.fbcdn.net/v/t39.30808-6/703565161_1489336619896879_104012427104586891_n.jpg?stp=dst-jpg_s590x590_tt6&_nc_cat=101&ccb=1-7&_nc_sid=127cfc&_nc_ohc=Bz7N_78H-EgQ7kNvwGcCgyI&_nc_oc=AdqJcNOdfEd1ELz67GFkQ_MURefqySjBYYl4mHK24CAh1lzEo385HDJ6uU6HLCxlU5qtsUvTr86TAoSpc3kyg3lO&_nc_zt=23&_nc_ht=scontent-atl3-2.xx&_nc_gid=QQ8rYtZqhy2c9TTt4Ph57g&_nc_ss=72289&oh=00_Af4zQG0pZ6PUgI1Raa07HnOP8SXaqetv-27YvOnebLDQKQ&oe=6A1227A6; https://scontent-atl3-1.xx.fbcdn.net/v/t39.30808-6/703009910_1489336623230212_1924354135972153443_n.jpg?stp=dst-jpg_s590x590_tt6&_nc_cat=105&ccb=1-7&_nc_sid=127cfc&_nc_ohc=BixKAzaP9dgQ7kNvwFqreXA&_nc_oc=Adp80yrCbd-6bW70KoqcqyEprDFqslZ7z76qqT8Wsx9gpzXVV8TRviBspxMlAU6YcGmnxsygnwgq50A4rLLWcaca&_nc_zt=23&_nc_ht=scontent-atl3-1.xx&_nc_gid=QQ8rYtZqhy2c9TTt4Ph57g&_nc_ss=72289&oh=00_Af6OuYYtQuZA44G9GS1xBaOPTvLLI7JOgnMbRNnVbWPMtg&oe=6A121AE0
https://www.facebook.com/PhilippineSTAR/posts/pfbid02eSsBkHa2iSpvnDaj8XL1tBHZqX2mXjs8y9ZGU53wQQXKRJMa8RRcrhLW2BZYdnrpl,"UNLI STEAK AND SEAFOOD, ANYONE?
 
Ro’s Unli Steak and Seafood in Diliman officially celebrated its grand opening on May 18, 2026, leveling up the dining experience for its very first guests.
 
To make the grand launch even more special, diners received a FREE copy of The Philippine STAR!
 
Visit them at 22 Malingap St., Brgy. Teachers Village West, Diliman, or search “Ro’s Steak and Seafood” on Waze to join the feast. #PartneredUp",45,1,19,Not Relevant,6,Photo; Photo; Photo; Photo; Photo,https://www.facebook.com/PhilippineSTAR/posts/pfbid02eSsBkHa2iSpvnDaj8XL1tBHZqX2mXjs8y9ZGU53wQQXKRJMa8RRcrhLW2BZYdnrpl; https://scontent-atl3-3.xx.fbcdn.net/v/t39.30808-6/702487410_1489325949897946_4036992632755739829_n.jpg?stp=cp6_dst-jpg_s590x590_tt6&_nc_cat=109&ccb=1-7&_nc_sid=127cfc&_nc_ohc=XOuNzwgIVb0Q7kNvwEKZvPy&_nc_oc=Adr96XSSVgeoYDWwEHZmVH5J2KRRpFSHvRyWwVsYENFLa5E0oeXBJehmB03BgNxdRu9kjmJxd-VGwmeapmkSA1JD&_nc_zt=23&_nc_ht=scontent-atl3-3.xx&_nc_gid=QQ8rYtZqhy2c9TTt4Ph57g&_nc_ss=72289&oh=00_Af5iknbmxBpTsJK8wiUloBDRijJxuowsltUcvwrikMblyg&oe=6A122FFA; https://scontent-atl3-3.xx.fbcdn.net/v/t39.30808-6/701737743_1489326059897935_5504865416218144699_n.jpg?stp=cp6_dst-jpg_s590x590_tt6&_nc_cat=111&ccb=1-7&_nc_sid=127cfc&_nc_ohc=GXRH_J-18K8Q7kNvwEa8LkP&_nc_oc=AdrcTsysIcNvJgLq5Ag1iNA7aghRvnmBQi0pW8w_e4qRiiOPeEG7RYRVYZnG6tdMF6smWatcx-5sIBncRZSZvadw&_nc_zt=23&_nc_ht=scontent-atl3-3.xx&_nc_gid=QQ8rYtZqhy2c9TTt4Ph57g&_nc_ss=72289&oh=00_Af7Eqa7B-QjU3m9Ej5r6eDCdZlqVPil_Cdex46fAZmM1BA&oe=6A120A67; https://scontent-atl3-2.xx.fbcdn.net/v/t39.30808-6/702545142_1489326039897937_90890730628548434_n.jpg?stp=cp6_dst-jpg_s590x590_tt6&_nc_cat=102&ccb=1-7&_nc_sid=127cfc&_nc_ohc=sX30Z97CF-QQ7kNvwGLxG7L&_nc_oc=Adr3Bzb8cJGfblhkdGgyBefJkmvE3GV_tUHGHzCXMnF8niTWWx6D_34nH5NuV9eXHeBRdSsr7omQy60DjU7uURCW&_nc_zt=23&_nc_ht=scontent-atl3-2.xx&_nc_gid=QQ8rYtZqhy2c9TTt4Ph57g&_nc_ss=72289&oh=00_Af43GzUL7KmEDKhi5yd0_VEaWQ7QkgwqZkyll-uV0oVxQA&oe=6A121933; https://scontent-atl3-1.xx.fbcdn.net/v/t39.30808-6/700658094_1489325919897949_9168649967856224948_n.jpg?stp=dst-jpg_s590x590_tt6&_nc_cat=105&ccb=1-7&_nc_sid=127cfc&_nc_ohc=vxxUgmMYlOAQ7kNvwG1mUFG&_nc_oc=Adrzbn_H09Va201QYW7oWShuGDxHaKNWBNKXXFGZIp7om7XwxqbhXZPzo4rKc34uDuoh6eaAvfQRd7CtfvDAhsch&_nc_zt=23&_nc_ht=scontent-atl3-1.xx&_nc_gid=QQ8rYtZqhy2c9TTt4Ph57g&_nc_ss=72289&oh=00_Af64vefqqPisZ-Eieqy6xvL-FqFsOgUuGcF0G8SpUsaNOg&oe=6A123CDD; https://scontent-atl3-1.xx.fbcdn.net/v/t39.30808-6/700827037_1489326096564598_3514425563495795580_n.jpg?stp=cp6_dst-jpg_s590x590_tt6&_nc_cat=106&ccb=1-7&_nc_sid=127cfc&_nc_ohc=NxBegjHDd3wQ7kNvwHjhMBw&_nc_oc=AdpWqelIpyjR2mwHuF1HCZ5IxCLXUQfcVgcqXkLgvtlMW6MdGTsYECVteuo75MirpjjL-cM8mF_iQ0e8TsZ5DtCg&_nc_zt=23&_nc_ht=scontent-atl3-1.xx&_nc_gid=QQ8rYtZqhy2c9TTt4Ph57g&_nc_ss=72289&oh=00_Af6Z7k3kCE55ytNkP0Ol0-GThXpUGQNXdeE8UlouaFjP6w&oe=6A1230FD
https://www.facebook.com/PAGASA.DOST.GOV.PH/posts/pfbid0ED7bkmXCB8ifVEoyw9G8RMH4U3jLnLgJi6CgiBg7cUsiXU3QAhceBXm9XFbGk9d3l,"As of 2:00 PM today, 14 May 2026, a Low Pressure Area 05b (formerly ""Caloy"")  is being monitored inside the Philippine Area of Responsibility (PAR) and is ""UNLIKELY"" to redevelop into a tropical depression within the next 24 hours.
All are advised to monitor updates from DOST-PAGASA.",412,16,120,Not Relevant,1,Photo,https://www.facebook.com/photo/?fbid=1441502484688067&set=a.365711365600523
https://www.facebook.com/PAGASA.DOST.GOV.PH/posts/pfbid0TQMF4rx1FxKRC2VfGp1uxFEX8jyfrsWwHipM6Np3TexEmkqf2yiA5NkXkfzbrX9Jl,"As of 8:00 AM today, 14 May 2026, a Low Pressure Area 05b (formerly ""Caloy"")  is being monitored inside the Philippine Area of Responsibility (PAR) and is ""UNLIKELY"" to redevelop into a tropical depression within the next 24 hours.
All are advised to monitor updates from DOST-PAGASA",514,18,136,Not Relevant,1,Photo,https://www.facebook.com/photo/?fbid=1441311988040450&set=a.365711365600523
https://www.facebook.com/PAGASA.DOST.GOV.PH/posts/pfbid02hZVvuVuGEt3TJooWC3o9kmCq1CL9uG6tYZQksxZiwzdtuM67YdCcd3m6zAuXv7pal,"Hydrological Forecast for Cagayan River Basin 
Issued at 8:30AM, 14 May 2026",31,2,4,Mild,1,Photo,https://www.facebook.com/photo/?fbid=1441260511378931&set=a.365711365600523
https://www.facebook.com/inquirerdotnet/posts/pfbid02TsKkaw7GyXm71VSp3EA7ECauRtp1AcGo6KP7KH9TrsR81Du9mQK9vWtXNrr3L4Hxl,"Anne Curtis recently gave fans a glimpse of her whirlwind experience in New York City after attending one of the fashion world’s most talked-about events, Demna’s Gucci Cruise 2027 presentation, held right in the middle of Times Square.

Check the full story in our comments.",144,3,0,Not Relevant,1,Photo,https://www.facebook.com/photo/?fbid=1426480169662934&set=a.295125726131723
https://www.facebook.com/inquirerdotnet/videos/1475062027732525/,"LIVE: The House of Representatives holds its plenary session on Tuesday, May 19, 2026. | via House of Representatives",91,5,6,Not Relevant,1,Video,https://www.facebook.com/inquirerdotnet/videos/1475062027732525/
https://www.facebook.com/inquirerdotnet/posts/pfbid02Dy2TLduCpce7teUGQpgcdhzDSoZoKbc5QWkUrGwZVgA52qV577JuXyGs4GMNiGAUl,"High heat index for 5 Batangas, Cavite areas despite rainy outlook",5,0,1,Not Relevant,1,GenericAttachmentMedia,https://external-lga3-3.xx.fbcdn.net/emg1/v/t13/4721892362464168031?url=https%3A%2F%2Fnewsinfo.inquirer.net%2Ffiles%2F2025%2F03%2Fsummer-heat-heat-index.png&fb_obo=1&utld=inquirer.net&stp=c0.5000x0.5000f_dst-jpg_flffffff_p500x261_q75_tt6&_nc_gid=-6i0Lq4IacZRhOFKmTZKEg&_nc_oc=Ado2GYJ1G-MsyjrpjmdHSCP9J5_HRRqGBhmPyt19vDtoQD_0w3IG55VA5V-TU-vY_w8&ccb=13-1&oh=06_Q3-_AVeE0nHufzFA3mS23QoE2ri8c7M11_2dhYnoIwWQ47oQ&oe=6A0E3392&_nc_sid=c97757
https://www.facebook.com/News5Everywhere/posts/pfbid021rNGwSJ9rSu1aSJw83vwrR9iLFwhaWAXyWVhLrUMvmExocLFarhr2wWBzSfaZGiMl,"CJ NAVATO SA VLF

For the first time, bibida si “Sing Galing: Sing-lebrity” champion CJ Navato sa isang dula sa Virgin Lab Fest.

Mapapanood siya sa “Human Rights Story of the Year.”

Tunghayan din si CJ sa Cignal Play App microdrama na “And Die Will Always Love You.”",63,1,1,Not Relevant,4,Photo; Photo; Photo,https://www.facebook.com/News5Everywhere/posts/pfbid021rNGwSJ9rSu1aSJw83vwrR9iLFwhaWAXyWVhLrUMvmExocLFarhr2wWBzSfaZGiMl; https://scontent-atl3-3.xx.fbcdn.net/v/t39.30808-6/702232127_1510179331140595_4481279819885544169_n.jpg?stp=cp6_dst-jpg_s590x590_tt6&_nc_cat=110&ccb=1-7&_nc_sid=833d8c&_nc_ohc=_K_8g-CRhRYQ7kNvwFP_0zc&_nc_oc=AdpNcwCrtxp4DnvZy40Tc0Xy8Nkne3mrDJ9XEjGNfq7lRuZPaXyBon99ujY2vg24hE8&_nc_zt=23&_nc_ht=scontent-atl3-3.xx&_nc_gid=JB8wZBhyz5lEsNjl9NoY6w&_nc_ss=72289&oh=00_Af7wujkDiL8tJaweb3NoCYCzuk9oEG_4Cm1Uwe_5fSbofA&oe=6A121D22; https://scontent-atl3-2.xx.fbcdn.net/v/t39.30808-6/702375654_1510179357807259_4267206859623099767_n.jpg?stp=dst-jpg_s590x590_tt6&_nc_cat=101&ccb=1-7&_nc_sid=833d8c&_nc_ohc=nSOXCMmy5tsQ7kNvwGX1Duw&_nc_oc=AdqYS5BGk2F8WNE7qixQ9dkf4ghQ7BswdRyeu2J0TZExmBmJ-wLy9WQ_EbJBMuBUAyY&_nc_zt=23&_nc_ht=scontent-atl3-2.xx&_nc_gid=JB8wZBhyz5lEsNjl9NoY6w&_nc_ss=72289&oh=00_Af5UCnDR71qdDi__UEmXIDhYyQyHM9nyhZGz6yx751IdLw&oe=6A121EF0; https://scontent-atl3-3.xx.fbcdn.net/v/t39.30808-6/702604442_1510179334473928_4202889697739487551_n.jpg?stp=dst-jpg_s590x590_tt6&_nc_cat=111&ccb=1-7&_nc_sid=833d8c&_nc_ohc=e9KGJ5iIquAQ7kNvwHYZb-v&_nc_oc=Ado4NHvmydLCGKXNNxm1QTOSeaOyaaoL7nng_YBf7Su5pwmfyPdEdSJvBsCsG-cfNNA&_nc_zt=23&_nc_ht=scontent-atl3-3.xx&_nc_gid=JB8wZBhyz5lEsNjl9NoY6w&_nc_ss=72289&oh=00_Af48RlodJdIVHbjAJccgjpM89nck3oOn5fS3NgvxA_WN3Q&oe=6A1225A6
https://www.facebook.com/News5Everywhere/videos/3154094081537008/,"LIVE | Senate resumes plenary session (May 19, 2026)",808,96,51,Not Relevant,1,Video,https://www.facebook.com/News5Everywhere/videos/3154094081537008/
https://www.facebook.com/News5Everywhere/videos/1597313944706337/,"LIVE | NBI director Melvin Matibag holds press briefing (May 19, 2026)",249,40,6,Not Relevant,1,Video,https://www.facebook.com/News5Everywhere/videos/1597313944706337/
https://www.facebook.com/PhilippineSTAR/posts/pfbid02qqUgLDxkRYMLiCc5D4cvVLSrPhTC4cn4mWoGVnf1SbKKrR8RddSAyVV3eZ41kH2Ll,,454,4,46,Not Relevant,0,,
https://www.facebook.com/PhilippineSTAR/posts/pfbid021s8ccraaMGamRdJUvembucSrH4FqGWejs1Sb2crckyi89dwAut1k9g1Yp96C6Zthl,,92,0,3,Not Relevant,0,,
https://www.facebook.com/PhilippineSTAR/posts/pfbid02egQdDRA5qN84Kv4w8QHdzmR1dpbLXy3sFigkPRywZKcUgjk3WCeWpaPbrQvhkJGHl,"SUCH A LOVELY FAMILY! ❤️

Professional photographer Andreus Gabrielle Lopez shared heartwarming family photos of Jimuel Pacquiao, his partner Carolina, and their child Clara on Tuesday.

""Welcome to the world baby Clara. These are the moments we’ll always come back to,"" he wrote in his post.

Clara is the first grandchild of boxing legend and former senator Manny Pacquiao. (Instagram/Andreus Gabrielle Lopez)",1876,20,12,Not Relevant,6,Photo; Photo; Photo; Photo; Photo,https://www.facebook.com/PhilippineSTAR/posts/pfbid02egQdDRA5qN84Kv4w8QHdzmR1dpbLXy3sFigkPRywZKcUgjk3WCeWpaPbrQvhkJGHl; https://scontent-dfw5-1.xx.fbcdn.net/v/t39.30808-6/702451029_1489307929899748_1045783293583817673_n.jpg?stp=dst-jpg_s590x590_tt6&_nc_cat=1&ccb=1-7&_nc_sid=127cfc&_nc_ohc=5mEwutiJgCMQ7kNvwH2s8P_&_nc_oc=Adpd8hAHbBoz1fOHzWqF5_AcvsrdsRvOkeGLV2JwmKOFTEuwwzYJV4ETB2uIrb4b-xA&_nc_zt=23&_nc_ht=scontent-dfw5-1.xx&_nc_gid=04S3DIkIESiuncDDx_ToAw&_nc_ss=72289&oh=00_Af7qy7yOZnZpnATZ4VCku--a8rkG_6jCJSB_n6R8jmcOFw&oe=6A120BB1; https://scontent-dfw5-1.xx.fbcdn.net/v/t39.30808-6/702830092_1489307839899757_2393917203213888543_n.jpg?stp=dst-jpg_s590x590_tt6&_nc_cat=1&ccb=1-7&_nc_sid=127cfc&_nc_ohc=6PRMva7hA6cQ7kNvwFaWdRA&_nc_oc=AdpmPqjaGvTKSVewKKuOrfElnOz5ARGU4nejQM7wVSwDESRSJv1mT3Qu398XpDNymdg&_nc_zt=23&_nc_ht=scontent-dfw5-1.xx&_nc_gid=04S3DIkIESiuncDDx_ToAw&_nc_ss=72289&oh=00_Af4dBLBoLGpA1SzKGWO4j6942AV6JsO22N-YlL2dimyKGA&oe=6A120EB4; https://scontent-dfw5-1.xx.fbcdn.net/v/t39.30808-6/702383990_1489307853233089_4759713229669505346_n.jpg?stp=dst-jpg_s590x590_tt6&_nc_cat=1&ccb=1-7&_nc_sid=127cfc&_nc_ohc=XdNogE9kkQAQ7kNvwE3en0m&_nc_oc=AdqXVeuKxFde7kTxvQDTR3hWrS54OVUYdM-2croIe2jxClyj82atVCeeS_2oipLtX6A&_nc_zt=23&_nc_ht=scontent-dfw5-1.xx&_nc_gid=04S3DIkIESiuncDDx_ToAw&_nc_ss=72289&oh=00_Af4vcLgT9yM-9rGx0nV60lGLgEPBrWKS7gseh4G-bsaynw&oe=6A120839; https://scontent-dfw5-1.xx.fbcdn.net/v/t39.30808-6/703796746_1489307856566422_4352403847221166233_n.jpg?stp=dst-jpg_s590x590_tt6&_nc_cat=1&ccb=1-7&_nc_sid=127cfc&_nc_ohc=UQprOMueK8AQ7kNvwFd4fuB&_nc_oc=AdrfBJZZ669NCsRtsdE8HVv1YbGXRRPmo2bS8eLaNJ-BSIyWPCY5nFHYA7SfsI6r5SY&_nc_zt=23&_nc_ht=scontent-dfw5-1.xx&_nc_gid=04S3DIkIESiuncDDx_ToAw&_nc_ss=72289&oh=00_Af7Z53ga9wsWTBf_quuZQ-zMzHoW4nimBqHA22f4nvT1og&oe=6A123014; https://scontent-dfw5-1.xx.fbcdn.net/v/t39.30808-6/702326061_1489307903233084_9091140305139806572_n.jpg?stp=dst-jpg_s590x590_tt6&_nc_cat=1&ccb=1-7&_nc_sid=127cfc&_nc_ohc=dbEiSwkjzNgQ7kNvwFjej3k&_nc_oc=AdqRK0mfGLPkbL7mA6z5RqNA85jsf1_L1ijx7PEPUJW0f2spA7qllVEHcwwgDvW96ig&_nc_zt=23&_nc_ht=scontent-dfw5-1.xx&_nc_gid=04S3DIkIESiuncDDx_ToAw&_nc_ss=72289&oh=00_Af6sedubvNDnS2o35Hkz8Mcu2nJHpMjADJDGD87uz-4WTw&oe=6A121F6E
https://www.facebook.com/dzbb594/videos/1750139719684290/,"#HatawSaHapon kasama si Rene Sta. Cruz 

📻: 594 kHz AM band
📡: gmanetwork.com/radio/streaming/dzbb
💻: https://twitter.com/dzbb
▶️: https://www.youtube.com/@dzbb594",22,5,2,Not Relevant,1,Video,https://www.facebook.com/dzbb594/videos/1750139719684290/
https://www.facebook.com/dzbb594/posts/pfbid0cFJwY2aXejFnDdweQ3uauzPHmhT9XKX7seiBWcBuwZrX2zPZncCLipXqqDnsbRgxl,"""𝙄𝙩 𝙞𝙨 𝙙𝙚𝙚𝙥𝙡𝙮 𝙞𝙧𝙤𝙣𝙞𝙘 𝙩𝙝𝙖𝙩 𝘼𝙣𝙩𝙤𝙣𝙞𝙤 𝙏𝙞𝙣𝙞𝙤 𝙣𝙤𝙬 𝙬𝙖𝙣𝙩𝙨 𝙩𝙤 𝙥𝙖𝙧𝙖𝙙𝙚 𝙝𝙞𝙢𝙨𝙚𝙡𝙛 𝙖𝙨 𝙖 𝙘𝙧𝙪𝙨𝙖𝙙𝙚𝙧 𝙖𝙜𝙖𝙞𝙣𝙨𝙩 𝙘𝙤𝙧𝙧𝙪𝙥𝙩𝙞𝙤𝙣 𝙖𝙣𝙙 𝙛𝙡𝙤𝙤𝙙𝙞𝙣𝙜 𝙞𝙨𝙨𝙪𝙚𝙨 𝙞𝙣 𝘿𝙖𝙫𝙖𝙤 𝘾𝙞𝙩𝙮...""

Davao City Rep. Paolo Duterte, pinalagan ang pagdulog ni ACT Teachers party-list Rep. Antonio Tinio sa Ombudsman upang imbestigahan ang umano'y kuwestyunableng flood control projects sa Davao at Matina River noong 2019 hanggang 2022. | via Isa Avendaño-Umali

(Source: Congressman Paolo “Pulong” Duterte)",78,13,4,Not Relevant,1,Photo,https://www.facebook.com/photo/?fbid=1477442014429318&set=a.604255335081328
https://www.facebook.com/reel/4519491048284697/,"Net service contracting program para sa mga nasa sektor ng transportasyon na apektado ng mataas na presyo ng langis, pwede pang ipagpatuloy ng mga lokal na pamahalaan — Department of Transportation | via Sam Nielsen",5,0,1,Not Relevant,1,Video,https://www.facebook.com/reel/4519491048284697/
https://www.facebook.com/inquirerdotnet/posts/pfbid02BtgA44YTvDTbtuZ8iY86Mymjym72DGX9oXX12VpsYLqJhVUzxXjX7ABMpFzNERukl,"WELLNESS FOR BINIBINIS 👑  

NOW: The 36 candidates of #BinibiningPilipinas2026 listen to Dr. Anne Carmeline Santo Beronilla in a wellness conversation this afternoon, discussing beauty that radiates from within. | via Armin Adina, INQUIRER.net",9,0,4,Not Relevant,5,Photo; Photo; Photo; Photo,https://www.facebook.com/inquirerdotnet/posts/pfbid02BtgA44YTvDTbtuZ8iY86Mymjym72DGX9oXX12VpsYLqJhVUzxXjX7ABMpFzNERukl; https://scontent-dfw6-1.xx.fbcdn.net/v/t39.30808-6/702501844_1426476172996667_3161056878457147065_n.jpg?stp=cp6_dst-jpg_s590x590_tt6&_nc_cat=106&ccb=1-7&_nc_sid=127cfc&_nc_ohc=D96ysSBsGygQ7kNvwFErUI4&_nc_oc=Adqk2UHp94lBHNkR5gnV64xLAmIT4s64c4JKl0r2sJbM4V-43rvQO9Q15mGS_9zv2Tw&_nc_zt=23&_nc_ht=scontent-dfw6-1.xx&_nc_gid=969-ZRqahrGDKyUakLgKmg&_nc_ss=72289&oh=00_Af7L0WyYe0P9huO_y-DN15M4Dz2wgwKjDZWSFhJPfoiXbA&oe=6A121042; https://scontent-dfw5-2.xx.fbcdn.net/v/t39.30808-6/702813008_1426476176330000_3424816786348316480_n.jpg?stp=cp6_dst-jpg_s590x590_tt6&_nc_cat=107&ccb=1-7&_nc_sid=127cfc&_nc_ohc=8Nbmg7lgJsMQ7kNvwFWcxiC&_nc_oc=AdrU3vx3m1X15Y0fSDBpPRpBN9WkeA7AQpFNPUolfRwcLDXgyIdr4q0EpBWA7mslbBk&_nc_zt=23&_nc_ht=scontent-dfw5-2.xx&_nc_gid=969-ZRqahrGDKyUakLgKmg&_nc_ss=72289&oh=00_Af7GkZYXs_3guGbIERDlw7dje6y8k2K6yHGPbPs0sFKwdg&oe=6A120853; https://scontent-dfw6-1.xx.fbcdn.net/v/t39.30808-6/702320739_1426476179663333_8181856944513427633_n.jpg?stp=cp6_dst-jpg_s590x590_tt6&_nc_cat=106&ccb=1-7&_nc_sid=127cfc&_nc_ohc=z0aWBPX92hcQ7kNvwFsdjJp&_nc_oc=AdrZWjxOgp7C-seXEshfQl6Of7SXRcA4ylU-BXKF3qH_SOdXuD76ahTzHBwn6rLkfV8&_nc_zt=23&_nc_ht=scontent-dfw6-1.xx&_nc_gid=969-ZRqahrGDKyUakLgKmg&_nc_ss=72289&oh=00_Af5VfcFY-LkGJkZgrElB_Jbe-wAjceWfAGZ4aOpCEhDwCg&oe=6A122C4A; https://scontent-dfw5-1.xx.fbcdn.net/v/t39.30808-6/702273411_1426476222996662_8014246982916179427_n.jpg?stp=cp6_dst-jpg_s590x590_tt6&_nc_cat=105&ccb=1-7&_nc_sid=127cfc&_nc_ohc=EqX5PdJxhI8Q7kNvwEwvr1A&_nc_oc=AdphJUsndp_ZaUy1SJP3SNW4SBaragCx-hHM_PciWe4eK1EWkkp5o9IQjE_aWlXSTT8&_nc_zt=23&_nc_ht=scontent-dfw5-1.xx&_nc_gid=969-ZRqahrGDKyUakLgKmg&_nc_ss=72289&oh=00_Af4MFcPppQpMx4RxGmECzGYbW-6lWakV4d2Hj32rKAKEFw&oe=6A123EA5
https://www.facebook.com/inquirerdotnet/posts/pfbid0WwECeJUJipqhr3zjbSsPGqLv3hLGUX6rQNFgzTYLEbsT9WMYWxg9FE3WXCuBmydcl,Via Bandera,57,13,6,Not Relevant,0,,
https://www.facebook.com/inquirerdotnet/posts/pfbid02P5vtpvSd5KX3aY7LE5oUb5Rz5762xNtjd92n6EeYjqWvef4o3whhKoAwsQDkwq1Ql,OSAA personnel appear before CIDG for Senate shooting probe,25,4,2,Not Relevant,1,GenericAttachmentMedia,https://external-dfw5-2.xx.fbcdn.net/emg1/v/t13/2225956962926922146?url=https%3A%2F%2Fnewsinfo.inquirer.net%2Ffiles%2F2026%2F05%2FPolice-officers-Senate-18May2026.jpg&fb_obo=1&utld=inquirer.net&stp=c0.5000x0.5000f_dst-jpg_flffffff_p500x261_q75_tt6&_nc_gid=969-ZRqahrGDKyUakLgKmg&_nc_oc=AdqoFX4BvcHcF_ho7YeH6fnDKVjR5UCfVLFqC_QVFVKdfELC1iMAetSL-MaOPutHwz0&ccb=13-1&oh=06_Q3-_ASna3j2jIEL3XbjhtP_f-pjnlc2wt_TfulES7d3PNzrR&oe=6A0E3ACF&_nc_sid=c97757
https://www.facebook.com/PAGASA.DOST.GOV.PH/posts/pfbid02yKb6R4fzXhvR3uTkWTeJ7ztsn3QHnpUBxTu7kTHQGNwwax1yZcEuMY8pNCjnhQTxl,"Hydrological Forecast for Bicol River Basin   
Issued at 8:30AM, 14 May 2026",38,1,3,Mild,1,Photo,https://www.facebook.com/photo/?fbid=1441259101379072&set=a.365711365600523
https://www.facebook.com/PAGASA.DOST.GOV.PH/posts/pfbid02zvCTbh3mwwwPv6ZShRBWA78w973aJNjTdJjiFmsPi1cBxLWJ8ZfMDn2vhJ4eK2NMl,"Hydrological Forecast for Agno River Basin               
Issued at 8:30AM, 14 May 2026",43,0,4,Mild,1,Photo,https://www.facebook.com/photo/?fbid=1441256258046023&set=a.365711365600523
https://www.facebook.com/PAGASA.DOST.GOV.PH/posts/pfbid0VjmdkApYSLrrTUsu68MvG9GFgxyc6R9YY4JCaB7He8dcCUwPFsr4XWvLcP7pSZfYl,"Dam Updates as of 8:00 AM, 14 May 2026",43,0,11,Not Relevant,1,Photo,https://www.facebook.com/photo/?fbid=1441251754713140&set=a.365711365600523
https://www.facebook.com/reel/1011395687899194/,"'SANA 'DI NA LANG NAWALAN NG KURYENTE'

Ikinuwento ng isang anak kung paano naging dahilan ng pagkasawi ng kanyang amang may asthma ang pagkawala ng kuryente sa kanilang lugar.

Naudlot kasi ang pagne-nebulizer ng kanyang ama dulot ng ipinatupad na rotational brownout. | via Bea de Guzman

Full report sa comments section",1064,82,56,Not Relevant,1,Video,https://www.facebook.com/reel/1011395687899194/
https://www.facebook.com/News5Everywhere/posts/pfbid022PpYd3JM4dXMzC1Gqu9dcGGiphoeg5yMaJm3d8VYvUabeji5oMuQ8SY21FoRxtRjl,"SAN DIEGO SHOOTING

Lima ang patay sa pamamaril sa Islamic Center sa San Diego, California nitong Lunes, May 18.

Kabilang sa mga nasawi ang dalawang teenage gunmen, isang security guard, at dalawa pang iba.

Iniimbestigahan na ng mga awtoridad ang nangyaring pag-atake bilang posibleng hate crime. | via Reuters",544,102,63,Moderate,1,Photo,https://www.facebook.com/photo/?fbid=1510167087808486&set=a.647063400785530
https://www.facebook.com/News5Everywhere/posts/pfbid026TiN3ZtSW8ssvQGMifex2RazYpYjUN865cn2DYCbwHsiT3Bt6dBJXPj2KEMPWA9ol,"BAKIT NAG-RESIGN SI ODUCADO?

Kalusugan at pamilya ang dahilan ng pagbibitiw ni Nathaniel Oducado bilang kinatawan ng 1Tahanan Party-list.

Paliwanag ni Oducado, nakaranas siya ng hilo at pagod dahil sa walang-tigil na kampanya at trabaho mula pa noong 2024.

Pinabulaanan niya ang mga ispekulasyong may koneksyon ang kaniyang boto sa impeachment complaint ni Vice Pres. Sara Duterte sa kaniyang resignation.

Tinawag din niyang ""fake news"" ang mga ulat na nakatanggap ang mga kongresista ng P20 million kapalit ng suporta sa impeachment. | via Marianne Enriquez",1600,383,33,Not Relevant,1,Photo,https://www.facebook.com/photo/?fbid=1510160327809162&set=a.647063400785530
https://www.facebook.com/PhilippineSTAR/posts/pfbid02SJgMRV3Eb8XYFW9aL9y7VJ2Rz4wnMBbnHrmuPt4Np7aTXY9F6ShzkfdmpcpkNA5Sl,House Minority Leader and ACT Teachers Partylist Rep. Antonio Tinio files a complaint before the Office of the Ombudsman in Quezon City on Tuesday against Davao City Rep. Paolo “Pulong” Duterte over alleged irregularities tied to more than 80 flood control projects worth P4.44 billion along the Davao and Matina rivers from 2019 to 2022. (Photos by Michael Varcas/The Philippine STAR),1804,480,35,Not Relevant,6,Photo; Photo; Photo; Photo; Photo,https://www.facebook.com/PhilippineSTAR/posts/pfbid02SJgMRV3Eb8XYFW9aL9y7VJ2Rz4wnMBbnHrmuPt4Np7aTXY9F6ShzkfdmpcpkNA5Sl; https://scontent-iad6-1.xx.fbcdn.net/v/t39.30808-6/702245227_1489303343233540_4312532327744294320_n.jpg?stp=dst-jpg_s590x590_tt6&_nc_cat=107&ccb=1-7&_nc_sid=127cfc&_nc_ohc=zyGiQCHWBEkQ7kNvwFVKs7k&_nc_oc=AdpbqO9I2ddhecb9tWVbTxrjMf00bW38Voxx9dNUmeYHK85DKY7F6vl_8BayM7hlwnY&_nc_zt=23&_nc_ht=scontent-iad6-1.xx&_nc_gid=gMBJu-0NXYoTsqOfX0aEig&_nc_ss=7c289&oh=00_Af7Ong6hhu1Mu3com-i_DZut4MlxFWULMDM_KYlX9aF0Lg&oe=6A122195; https://scontent-iad6-1.xx.fbcdn.net/v/t39.30808-6/702910876_1489303353233539_7525108651362182497_n.jpg?stp=dst-jpg_s590x590_tt6&_nc_cat=100&ccb=1-7&_nc_sid=127cfc&_nc_ohc=SCvAxRMEvg8Q7kNvwFAk9xZ&_nc_oc=AdqkhZClRjscomwxsHZkvkeSj8PxHwM5b2QeuqD1AFXmBICcOr0ZLEJW0CtDqHVjxsc&_nc_zt=23&_nc_ht=scontent-iad6-1.xx&_nc_gid=gMBJu-0NXYoTsqOfX0aEig&_nc_ss=7c289&oh=00_Af5rIAMUC86VSKlDxKpUg9x3LkfMQgnFElQErxFQkyH8OQ&oe=6A1222AC; https://scontent-iad6-1.xx.fbcdn.net/v/t39.30808-6/702250583_1489303356566872_3163943581405012070_n.jpg?stp=dst-jpg_s590x590_tt6&_nc_cat=109&ccb=1-7&_nc_sid=127cfc&_nc_ohc=SHrBIsI3Sk0Q7kNvwEm7oOs&_nc_oc=AdrYqkHJoBWdku-N77S9N7OEDiVmfvhEu9naUQNDIq6gqGNDNE_joVb2kS9MgNRLjXQ&_nc_zt=23&_nc_ht=scontent-iad6-1.xx&_nc_gid=gMBJu-0NXYoTsqOfX0aEig&_nc_ss=7c289&oh=00_Af6_mxTOxDw6S5oKvYLfF4KxmkEKD3SWpYoyXcYfJJM76A&oe=6A123ECA; https://scontent-iad3-1.xx.fbcdn.net/v/t39.30808-6/702531133_1489303453233529_6654471444532264462_n.jpg?stp=dst-jpg_s590x590_tt6&_nc_cat=108&ccb=1-7&_nc_sid=127cfc&_nc_ohc=qDolz_V-TIUQ7kNvwH4Z22e&_nc_oc=Adp4dLT9oWua9Hp4sK6WUhQ7wXCYrt45kGwKnNV4RqMQ6uMIw6L0Mdpw18SScQjdH_U&_nc_zt=23&_nc_ht=scontent-iad3-1.xx&_nc_gid=gMBJu-0NXYoTsqOfX0aEig&_nc_ss=7c289&oh=00_Af4jNMHD3GA8d2i2zI0Kb7pFuDmjHWZCIc4TULlryVs8yw&oe=6A121942; https://scontent-iad3-1.xx.fbcdn.net/v/t39.30808-6/702272868_1489303499900191_5671793436984055952_n.jpg?stp=dst-jpg_s590x590_tt6&_nc_cat=110&ccb=1-7&_nc_sid=127cfc&_nc_ohc=2K6aRbaM8O4Q7kNvwFKyHFd&_nc_oc=Adp57yNLj9MxMlzD01b60YhZEHwNombgiH2e8epMhoTO-H7ew2iNqh4pJgrvlro_Pck&_nc_zt=23&_nc_ht=scontent-iad3-1.xx&_nc_gid=gMBJu-0NXYoTsqOfX0aEig&_nc_ss=7c289&oh=00_Af5zEPcNugtcsNqYIAeWYXwThPJzSkd9Fkxsyy7qG1AHTw&oe=6A122502
https://www.facebook.com/PhilippineSTAR/posts/pfbid02gb39zihnGm1pPmcEWjPakW33HQSz6wF7RvZRqrhkaiw1XjvzoNUFiNcetNotmdHrl,,708,24,59,Not Relevant,0,,
https://www.facebook.com/PhilippineSTAR/posts/pfbid0o71qMNjvnmRLo4kYTyeVfDKi9HskqP2TSf1NtkUCKsr1pUJGxJUsCadUFpJX3ggrl,"ENJOY IAO, CRAWFORDS! 🌊

Actress Coleen Garcia-Crawford shared a glimpse of her Siargao trip with her family on Tuesday.

""IAO #LoveSiargao,"" she wrote in her post. (Instagram/Coleen Garcia-Crawford)",454,6,4,Not Relevant,6,Photo; Photo; Photo; Photo; Photo,https://www.facebook.com/PhilippineSTAR/posts/pfbid0o71qMNjvnmRLo4kYTyeVfDKi9HskqP2TSf1NtkUCKsr1pUJGxJUsCadUFpJX3ggrl; https://scontent-iad6-1.xx.fbcdn.net/v/t39.30808-6/702878247_1489289506568257_8456947985260873317_n.jpg?stp=dst-jpg_s590x590_tt6&_nc_cat=1&ccb=1-7&_nc_sid=127cfc&_nc_ohc=bXk11sPKBXYQ7kNvwH03Kil&_nc_oc=Adrsbnuun_N__c7yjQR96bUpExrIQ8gok_jZyzkqtnfo-d5M5xuIYWixDvlADjpCO1g&_nc_zt=23&_nc_ht=scontent-iad6-1.xx&_nc_gid=gMBJu-0NXYoTsqOfX0aEig&_nc_ss=7c289&oh=00_Af6XfX_sIuZShN9HZVrtPZG1bGo36xUoC6cJU9Pza8SI2g&oe=6A122B32; https://scontent-iad6-1.xx.fbcdn.net/v/t39.30808-6/702570993_1489289423234932_3271875936500941391_n.jpg?stp=dst-jpg_s590x590_tt6&_nc_cat=1&ccb=1-7&_nc_sid=127cfc&_nc_ohc=atxycP0ZD4UQ7kNvwFr771Q&_nc_oc=Ado_u_zBwTMfTlTpEwTLF7mQXtcHKGhkNnDLDJk1tEJJyc26o0rArHAbtLY16fSm2h0&_nc_zt=23&_nc_ht=scontent-iad6-1.xx&_nc_gid=gMBJu-0NXYoTsqOfX0aEig&_nc_ss=7c289&oh=00_Af4d6l3qAdon2Oahp3D2mZWagYJc20JuMe0erO_7Za3lEA&oe=6A123D39; https://scontent-iad6-1.xx.fbcdn.net/v/t39.30808-6/702360509_1489289399901601_2897381983951046906_n.jpg?stp=dst-jpg_s590x590_tt6&_nc_cat=1&ccb=1-7&_nc_sid=127cfc&_nc_ohc=PhwT31g8Yg0Q7kNvwF-VwOk&_nc_oc=AdrbGpOF2NkeavFOaW0vXFQWlmnZfbtNDwLYKKF_mFkp03zoxKq9NYaYJvCZHIfjqRo&_nc_zt=23&_nc_ht=scontent-iad6-1.xx&_nc_gid=gMBJu-0NXYoTsqOfX0aEig&_nc_ss=7c289&oh=00_Af6xxtkUq670bCgI5p6wViaVeEkbyrx9-HcEpJn4a_NIpA&oe=6A120E28; https://scontent-iad6-1.xx.fbcdn.net/v/t39.30808-6/702830097_1489289186568289_2998078392587953919_n.jpg?stp=dst-jpg_s590x590_tt6&_nc_cat=100&ccb=1-7&_nc_sid=127cfc&_nc_ohc=9Yh3P-n0oAcQ7kNvwHS-AfS&_nc_oc=AdoME7EFXQAhekZjQUYueHX6x-DVCqzMpJbVnF7WgxkFmWF69QUNyhZhxvJzcgVPAbs&_nc_zt=23&_nc_ht=scontent-iad6-1.xx&_nc_gid=gMBJu-0NXYoTsqOfX0aEig&_nc_ss=7c289&oh=00_Af54IGm3a_S8Wz_DXg3OsEqY0lzqtvehe4teqxgZPq_T_A&oe=6A12172A; https://scontent-iad6-1.xx.fbcdn.net/v/t39.30808-6/702612233_1489289473234927_6658515033573819119_n.jpg?stp=dst-jpg_s590x590_tt6&_nc_cat=107&ccb=1-7&_nc_sid=127cfc&_nc_ohc=Fc8CVPUPACoQ7kNvwE8nUjn&_nc_oc=AdrlCMTnRsucrTRAZNIBHFvU46PSDj6uX9OmMDdRNLpFAw8Je_9rEeN_hgdVwr17eBE&_nc_zt=23&_nc_ht=scontent-iad6-1.xx&_nc_gid=gMBJu-0NXYoTsqOfX0aEig&_nc_ss=7c289&oh=00_Af4TRyqXa9tWWv_IA93rHMlzm0K5HV7gV1SaI0jIjotz1w&oe=6A122196
https://www.facebook.com/reel/982612607962446/,"Davao City Rep. Paolo Duterte, pinalagan ang pagdulog ni ACT Teachers party-list Rep. Antonio Tinio sa Ombudsman upang imbestigahan ang umano'y kuwestyunableng flood control projects sa Davao at Matina River noong 2019 hanggang 2022. | via Isa Avendaño-Umali",41,3,1,Not Relevant,1,Video,https://www.facebook.com/reel/982612607962446/
https://www.facebook.com/reel/4304063489814098/,"Impeachment trial ng Senado, tuloy kahit hindi magpakita si Vice Pres. Inday Sara Duterte — Manila Rep. Joel Chua, member, House Prosecution Panel | via Isa Avendaño-Umali",42,18,0,Not Relevant,1,Video,https://www.facebook.com/reel/4304063489814098/
https://www.facebook.com/reel/4216114281865604/,"𝗕𝗜𝗡𝗜𝗧𝗕𝗜𝗧 𝗟𝗔𝗡𝗚 𝗣𝗔𝗧𝗨𝗡𝗚𝗢 𝗡𝗚 𝗦𝗘𝗡𝗔𝗗𝗢

National Bureau of Investigation (NBI), nanindigan na walang baril ang driver nila na inaresto at binitbit lang siya papunta ng Senado. | Mark Makalalad",65,18,1,Not Relevant,1,Video,https://www.facebook.com/reel/4216114281865604/
https://www.facebook.com/inquirerdotnet/posts/pfbid07rK42MnH4wGuKKsVfTpA3GTz7Wrc138GzeMYqi3H1L8yLjv8CM2FijK4hzenAXyZl,"Sen. Jinggoy Estrada says he finds DOJ's recommendation against him ""baffling and unjust,"" citing a Senate office's certification that he has no record of any insertions into the 2025 national budget: ""This is an unfortunate development."" | via Maila Ager, INQUIRER.net",3773,515,51,Not Relevant,1,Photo,https://www.facebook.com/photo/?fbid=1426471999663751&set=a.295125726131723
https://www.facebook.com/inquirerdotnet/posts/pfbid02MrZmNyTwjpCiMgGP5KBcH2p4RLVADD1wz83LoxW49DmAMwonWfKDdfncZeAQWGfl,"WNBA scores: Azzi Fudd, Paige Bueckers lead Wings past Mystics",0,0,0,Not Relevant,1,GenericAttachmentMedia,https://external-lga3-2.xx.fbcdn.net/emg1/v/t13/966241793095539083?url=https%3A%2F%2Fsports.inquirer.net%2Ffiles%2F2026%2F05%2FAP26139078773848-scaled.jpg&fb_obo=1&utld=inquirer.net&stp=c0.5000x0.5000f_dst-jpg_flffffff_p500x261_q75_tt6&_nc_gid=1z907qEqpzxn7aYmyRwDGw&_nc_oc=Adr9WUad5rq1Xcp9au4E0K30esotlIRAE8oSTur2N8w9UCxuEFzmjTU4Fi81ZUsGfOk&ccb=13-1&oh=06_Q3-_AXLYN0oTnZOjWvKutMEC7WHPR_EwKjuIN01RhNZyn-Gx&oe=6A0E1BF5&_nc_sid=c97757
https://www.facebook.com/inquirerdotnet/posts/pfbid02RVHKHXV3gFJZoxpqPN5UygWrZcNrcycaHTBd54u9fXpV6bEkUbe1wRsw5TjrBvy3l,"‘THE NBI IS NOW UNDER ATTACK’

NBI Director Melvin Matibag emphasized that the Senate was never under attack, contrary to the statements made by Senate President Alan Peter Cayetano.

Check the full story in our comments.",3410,674,80,Not Relevant,1,Photo,https://www.facebook.com/photo/?fbid=1426466312997653&set=a.295125726131723
https://www.facebook.com/News5Everywhere/posts/pfbid02YWxqJ5ujHEFCjQmBjh83kAmY3Ly4fWaQZmkCzzELzbxmh7Nj1CLw5LXXDQwxC32ul,"WEATHER UPDATE

Posibleng makaranas ng katamtaman hanggang malakas na pag-ulan na may kasamang pagkidlat at malakas na bugso ng hangin ang ilang lugar sa susunod na dalawang oras, batay sa 1:50 p.m. thunderstorm advisory ng PAGASA ngayong Martes, May 19.

• Cavite (Tagaytay, Silang, Amadeo, Indang, Mendez, Alfonso)
• Pampanga (Porac, Angeles, Mabalacat)
• Zambales (Botolan, Iba, Cabangan, San Antonio, San Narciso, San Felipe, Castillejos, San Marcelino)
• Nueva Ecija (General Tinio, Gabaldon)
• Bulacan (Dona Remedios Trinidad)

Nararanasan ang naturang kondisyon sa sumusunod na lugar na maaaring magpatuloy sa susunod na dalawang oras at makaapekto sa mga kalapit na lugar.

• Tarlac (Bamban, Capas)
• Laguna (Rizal, San Pablo)
• Quezon (Dolores, Unisan, Agdangan, Macalelon, General Luna, Catanauan)
• Batangas (Calaca, Balayan, Tuy)

📸: DOST-PAGASA/X",94,4,17,Not Relevant,3,Photo; Photo,https://www.facebook.com/News5Everywhere/posts/pfbid02YWxqJ5ujHEFCjQmBjh83kAmY3Ly4fWaQZmkCzzELzbxmh7Nj1CLw5LXXDQwxC32ul; https://scontent-atl3-3.xx.fbcdn.net/v/t39.30808-6/703504102_1510159531142575_5078598774575464660_n.jpg?stp=dst-jpg_s590x590_tt6&_nc_cat=110&ccb=1-7&_nc_sid=127cfc&_nc_ohc=R2sjBIaTlMIQ7kNvwHh5An3&_nc_oc=AdqS68rN1m4I8qnkzrKU6NF7RqIgLEm7TFHtw60rR_F1FFLaypbXAyrg6BK1PKZQeqY&_nc_zt=23&_nc_ht=scontent-atl3-3.xx&_nc_gid=tLQKrONNqdoFOZvhMijnww&_nc_ss=72289&oh=00_Af6AnZAQQqwq86L43rFpT8JYFI2Tv8stOH5huNP1L5N1Jw&oe=6A1215D1; https://scontent-atl3-2.xx.fbcdn.net/v/t39.30808-6/702604206_1510159574475904_5994635827267125096_n.jpg?stp=dst-jpg_s843x403_tt6&_nc_cat=104&ccb=1-7&_nc_sid=127cfc&_nc_ohc=iAHa1onkfxYQ7kNvwFhXpTd&_nc_oc=AdoA-a7HpkbfcmvMFmoydlPVrLu_huflHRqK93CegC96QPc-faJr3JZlyCbG6BrwuI8&_nc_zt=23&_nc_ht=scontent-atl3-2.xx&_nc_gid=tLQKrONNqdoFOZvhMijnww&_nc_ss=72289&oh=00_Af7fDneOrsgFw91l9vfSOidghp1k0KgdlzXgGzw5ylNDQA&oe=6A122A84
https://www.facebook.com/reel/968680712758899/,"‘ANG UNANG SUSPENDIHIN DAPAT, SI SEN. ALAN PETER CAYETANO DAHIL COMMAND RESPONSIBILITY NIYA SI SERGEANT-AT-ARMS’

Pinalagan ni National Bureau of Investigation (NBI) Director Atty. Melvin Matibag ang apela ni Senate President Alan Peter Cayetano sa Ombudsman na patawan ito ng suspensyon tulad ng ginawa kay Senate acting sergeant-at-arms Mao Aplasca.

Giit ni Matibag, dapat si Cayetano ang patawan ng suspensyon dahil sa nangyaring gulo sa Senado. | via Gio Robles",959,296,18,Not Relevant,1,Video,https://www.facebook.com/reel/968680712758899/
https://www.facebook.com/News5Everywhere/posts/pfbid02YyPhw8ZBwfiYRg3myDnP7ThPK31TD2XoqbUGyg36Z11U1Z2xaxdVQxwrUPYvSxJSl,"BEAUTIFUL FAMILY ❤

Ibinahagi ni Jimuel Pacquiao ang ilang kuha kasama ang kaniyang partner na si Carolina anak nilang si baby Clara.

📸: pacquiao.emmanuel (Instagram)",3815,53,18,Not Relevant,6,Photo; Photo; Photo; Photo; Photo,https://www.facebook.com/News5Everywhere/posts/pfbid02YyPhw8ZBwfiYRg3myDnP7ThPK31TD2XoqbUGyg36Z11U1Z2xaxdVQxwrUPYvSxJSl; https://scontent-atl3-2.xx.fbcdn.net/v/t39.30808-6/702570433_1510140657811129_6012585487504951998_n.jpg?stp=dst-jpg_s590x590_tt6&_nc_cat=1&ccb=1-7&_nc_sid=127cfc&_nc_ohc=b6j4zlbwM_4Q7kNvwEoRAKl&_nc_oc=AdpyJOiHD2K-laAhf9URyrK7ljtF1hv6pKKkvfDVExHn4yD-hiS_-LdT8ABzItfZwfo&_nc_zt=23&_nc_ht=scontent-atl3-2.xx&_nc_gid=tLQKrONNqdoFOZvhMijnww&_nc_ss=72289&oh=00_Af4hsZHVhuTbk6pEfxCbF8GM8QzwAMBLMuwzfR9JKRxeYw&oe=6A121190; https://scontent-atl3-2.xx.fbcdn.net/v/t39.30808-6/701480572_1510140674477794_5945036636120005300_n.jpg?stp=dst-jpg_s590x590_tt6&_nc_cat=1&ccb=1-7&_nc_sid=127cfc&_nc_ohc=MVwmiFU93PEQ7kNvwFwNQZ0&_nc_oc=Adr2Bgsk5Q_YEmOU5IefI3jFdXEyZlzGwigSfTVSxs241v6OobGsQGv7WHwbV9lMYeU&_nc_zt=23&_nc_ht=scontent-atl3-2.xx&_nc_gid=tLQKrONNqdoFOZvhMijnww&_nc_ss=72289&oh=00_Af5Bx2zqvigBxrcM3Hu9IBIUnM8NjWEo8IQBY1yCW4GpBA&oe=6A122323; https://scontent-atl3-2.xx.fbcdn.net/v/t39.30808-6/702144201_1510140694477792_4698942533120655800_n.jpg?stp=dst-jpg_s590x590_tt6&_nc_cat=1&ccb=1-7&_nc_sid=127cfc&_nc_ohc=roZiOLSgKYwQ7kNvwGobCnf&_nc_oc=Adr8_KR63QcYTUJYXHLXYLdAbzG4ETJaY1ydznt4nL7-Dt0ax7cuQCP6tbzdtLmlF5Q&_nc_zt=23&_nc_ht=scontent-atl3-2.xx&_nc_gid=tLQKrONNqdoFOZvhMijnww&_nc_ss=72289&oh=00_Af53s0BR4KG9_4xOXYKX54oBGtLhGMpMIcSbOdwfGCW0LA&oe=6A121EA7; https://scontent-atl3-2.xx.fbcdn.net/v/t39.30808-6/702144202_1510140731144455_2626432131777435086_n.jpg?stp=dst-jpg_s590x590_tt6&_nc_cat=1&ccb=1-7&_nc_sid=127cfc&_nc_ohc=EgGrvOUmUzYQ7kNvwHEe6uf&_nc_oc=AdojlFnYvrfRi_A51scp4eFm8ICfGTAFwOkoLw_2G0yt4O8YgRNHGhMwo1gub3fCE08&_nc_zt=23&_nc_ht=scontent-atl3-2.xx&_nc_gid=tLQKrONNqdoFOZvhMijnww&_nc_ss=72289&oh=00_Af56rYfUgMMoUe1YMG6MSHTcg38Tc3QfCs3DVjrEoQIKtw&oe=6A121E64; https://scontent-atl3-2.xx.fbcdn.net/v/t39.30808-6/702494781_1510140774477784_3471476124659508005_n.jpg?stp=dst-jpg_s590x590_tt6&_nc_cat=1&ccb=1-7&_nc_sid=127cfc&_nc_ohc=b6Vc2lABqGwQ7kNvwG_M2nY&_nc_oc=Adr8yhYTDyeWJYk5bOZ9KYcFw7HMUV2LIALXH7cgIX8RkFIrTSP_8cgfVVQiTYxargc&_nc_zt=23&_nc_ht=scontent-atl3-2.xx&_nc_gid=tLQKrONNqdoFOZvhMijnww&_nc_ss=72289&oh=00_Af5LiN9MhnG54SPw_KHOdAH3nQPJIe4U4dG1wUAbhWEvrA&oe=6A1230A7
https://www.facebook.com/PhilippineSTAR/posts/pfbid024j2F6i2EYYXZxyAfNXHPa5gfYGPFi2jDz1D96EVJsrBfdqxPTtjCCndFJSFCGXRGl,"Manila Mayor Isko Moreno, joined by Vice Mayor Chi Atienza and Manila Police District (MPD) Director Brig. Gen. Arnold Santiago, turns over donated motorcycles to the MPD at the Manila City Hall on Tuesday.

The motorcycles will be distributed to police stations across the city to strengthen patrol mobility and improve emergency response operations. (Photos by Edd Gumban/The Philippine STAR)",491,22,24,Not Relevant,6,Photo; Photo; Photo; Photo; Photo,https://www.facebook.com/PhilippineSTAR/posts/pfbid024j2F6i2EYYXZxyAfNXHPa5gfYGPFi2jDz1D96EVJsrBfdqxPTtjCCndFJSFCGXRGl; https://scontent-atl3-3.xx.fbcdn.net/v/t39.30808-6/702309477_1489289336568274_4302622346938809528_n.jpg?stp=dst-jpg_p417x417_tt6&_nc_cat=107&ccb=1-7&_nc_sid=127cfc&_nc_ohc=psKVL3_QX_oQ7kNvwG8hKmw&_nc_oc=AdoWFlbDwLvIpKSudRNQOvbjg7faajytTx8WRknJm4SSgEgILyc75153TPOgVSShRcA&_nc_zt=23&_nc_ht=scontent-atl3-3.xx&_nc_gid=ys6_TG4W1fRySSUqL7ysgg&_nc_ss=72289&oh=00_Af7lO4Cs4OpcXypMD7FB6K3tbjhn0RGGBrfLWWv-cR5L2A&oe=6A120E22; https://scontent-atl3-2.xx.fbcdn.net/v/t39.30808-6/702625077_1489289343234940_3121017082317157214_n.jpg?stp=dst-jpg_p394x394_tt6&_nc_cat=1&ccb=1-7&_nc_sid=127cfc&_nc_ohc=jwj2-OvFHPAQ7kNvwF5Cci9&_nc_oc=Adpi1LttXKZQVI_FQz0Nq2SdJXcugMO0_lIqIZssACXw1U_Xyt8KlG4YMOwO0N779Nk&_nc_zt=23&_nc_ht=scontent-atl3-2.xx&_nc_gid=ys6_TG4W1fRySSUqL7ysgg&_nc_ss=72289&oh=00_Af5N4zIM8p6rzmYAzEBKxOCkzPPI2ehIBhe_wAPNwJgjWA&oe=6A120DFC; https://scontent-atl3-2.xx.fbcdn.net/v/t39.30808-6/702280963_1489289183234956_6996815377103841336_n.jpg?stp=dst-jpg_p394x394_tt6&_nc_cat=100&ccb=1-7&_nc_sid=127cfc&_nc_ohc=JCBpZ1N1ErYQ7kNvwF3VfR4&_nc_oc=AdoUVjXOTxK1P-91eCazCMAtcTb2a8zcZ291KHEZZvx0bta0y-jqtvpEPfizzEpxlk8&_nc_zt=23&_nc_ht=scontent-atl3-2.xx&_nc_gid=ys6_TG4W1fRySSUqL7ysgg&_nc_ss=72289&oh=00_Af48QYmlGSm-GSOoqO5u4bp9N5OgXaXwQBJ2TSfcRj_lyg&oe=6A121F35; https://scontent-atl3-2.xx.fbcdn.net/v/t39.30808-6/702612306_1489289339901607_8749622551564394571_n.jpg?stp=dst-jpg_s590x590_tt6&_nc_cat=100&ccb=1-7&_nc_sid=127cfc&_nc_ohc=5mdVKTzeelQQ7kNvwGMFut6&_nc_oc=Ado8g-fEDvnFJE8QdSFZ5VCbFqEsTc-zfAx8Enw8_zAV6v_VjLSSDm9BzoBqaKFXYpk&_nc_zt=23&_nc_ht=scontent-atl3-2.xx&_nc_gid=ys6_TG4W1fRySSUqL7ysgg&_nc_ss=72289&oh=00_Af6DT_dVD93DdlDNJKAnAS-J-DCC6iBiUUYtTP8P8SpxwQ&oe=6A122C86; https://scontent-atl3-3.xx.fbcdn.net/v/t39.30808-6/702625982_1489289193234955_684858271206945739_n.jpg?stp=dst-jpg_s590x590_tt6&_nc_cat=110&ccb=1-7&_nc_sid=127cfc&_nc_ohc=alUISB92pr4Q7kNvwGDibvF&_nc_oc=AdoMNn8ubh1QEVavii3gRVrqR5zXGznxMNko0QyFaX8nfdii-jdyw3Cz_uMKfxX1xZQ&_nc_zt=23&_nc_ht=scontent-atl3-3.xx&_nc_gid=ys6_TG4W1fRySSUqL7ysgg&_nc_ss=72289&oh=00_Af7xWSfYvbhCznEaDBlsFJpdIRJ0wBX-WP0e1gsmh_P3Ag&oe=6A12223C
https://www.facebook.com/PhilippineSTAR/posts/pfbid0bj4M4esrek2oCxbPFU6GRMezfYSMW8YMWWqYaTQmoCUxDy7g3BHy1XBLztroEnPel,"Residents of Panukulan received free medical services from the “Kalinga sa Mamamayan, Libreng Gamutan” program of the Provincial Government of Quezon on Tuesday.

The outreach program provides free medical consultation, medicines, check-ups, and other healthcare assistance to residents as part of the provincial government’s continuing effort to improve access to healthcare, especially in remote island municipalities. | via Michelle Zoleta",28,0,13,Not Relevant,6,Photo; Photo; Photo; Photo; Photo,https://www.facebook.com/PhilippineSTAR/posts/pfbid0bj4M4esrek2oCxbPFU6GRMezfYSMW8YMWWqYaTQmoCUxDy7g3BHy1XBLztroEnPel; https://scontent-atl3-1.xx.fbcdn.net/v/t39.30808-6/702397786_1489287996568408_1157299310940964381_n.jpg?stp=dst-jpg_s590x590_tt6&_nc_cat=106&ccb=1-7&_nc_sid=127cfc&_nc_ohc=ZQOO-cpY4-sQ7kNvwHX0zhe&_nc_oc=AdqmqvlbGI2d6TDKsOg__Ac1O74ruS0lBev2n8GOPe8G4Zo1Wuh9DUZjivnwiDOa66g&_nc_zt=23&_nc_ht=scontent-atl3-1.xx&_nc_gid=ys6_TG4W1fRySSUqL7ysgg&_nc_ss=72289&oh=00_Af61uaBmTImlPzmmGmtz__j3cCUrj4Js5Fe_dNaUNycSnw&oe=6A12073C; https://scontent-atl3-3.xx.fbcdn.net/v/t39.30808-6/702259743_1489287916568416_2822085354073193174_n.jpg?stp=dst-jpg_s590x590_tt6&_nc_cat=109&ccb=1-7&_nc_sid=127cfc&_nc_ohc=INCaya4gl2QQ7kNvwF0RT4Z&_nc_oc=AdorPid9_AEWivScaJme6z2lXS7vG7UJTowczMPjbkao3t-i8vzn5Yc2kbTUs4JEtt4&_nc_zt=23&_nc_ht=scontent-atl3-3.xx&_nc_gid=ys6_TG4W1fRySSUqL7ysgg&_nc_ss=72289&oh=00_Af5VSgg4MSgLoXsURiC9ob-JmfN3qGGcwOT0elyH55W3wg&oe=6A120F96; https://scontent-atl3-3.xx.fbcdn.net/v/t39.30808-6/702291749_1489287923235082_3477889569307931772_n.jpg?stp=dst-jpg_s590x590_tt6&_nc_cat=109&ccb=1-7&_nc_sid=127cfc&_nc_ohc=0z1s1yN2DFIQ7kNvwEFrTkq&_nc_oc=AdqnGkbq1X-z37aZtqbt5KCy5SG4q-OBUYYmFRRmSKgiDKNGG-bjwKAO-4NDSU2ecjU&_nc_zt=23&_nc_ht=scontent-atl3-3.xx&_nc_gid=ys6_TG4W1fRySSUqL7ysgg&_nc_ss=72289&oh=00_Af72-jrEFArer7VTCmTz_8xmY5lNBCGzUNPWNanb-oZy0g&oe=6A122C30; https://scontent-atl3-2.xx.fbcdn.net/v/t39.30808-6/702134833_1489287913235083_4070501328405460584_n.jpg?stp=dst-jpg_s590x590_tt6&_nc_cat=100&ccb=1-7&_nc_sid=127cfc&_nc_ohc=4QdHi4HL7UoQ7kNvwHbmqgH&_nc_oc=AdotCJfYeRg_EZLsxWH_WCk_yIk0OknVxz1Vxod3hIa96D6g2b-QINVOD7XjMhnlVnU&_nc_zt=23&_nc_ht=scontent-atl3-2.xx&_nc_gid=ys6_TG4W1fRySSUqL7ysgg&_nc_ss=72289&oh=00_Af6OAxegfyhYT_63rqnsQgeGTIOieGFrM_C6lMaXvRqO-A&oe=6A1239E4; https://scontent-atl3-3.xx.fbcdn.net/v/t39.30808-6/701856393_1489288039901737_5978838482933965236_n.jpg?stp=dst-jpg_s590x590_tt6&_nc_cat=109&ccb=1-7&_nc_sid=127cfc&_nc_ohc=WXvZCgRLQJgQ7kNvwGfXjIZ&_nc_oc=AdqrHFiYSrWFmXPltG3Q_et-kMA75Xv57QTgX7Zj0n9H6VZEMVM49UaSzsTMFZNGPD4&_nc_zt=23&_nc_ht=scontent-atl3-3.xx&_nc_gid=ys6_TG4W1fRySSUqL7ysgg&_nc_ss=72289&oh=00_Af68iYEHvcBz6cUdmiWc-UqJelzF8tPtZYRkNx854peIpw&oe=6A120A6E
https://www.facebook.com/PhilippineSTAR/posts/pfbid02sNp3U1LPpxiPGotyZQjS8MidnhCpmh3FkhXPpt5Vndxe1yFwGSJeVzW3ancTWR6wl,,24,0,2,Not Relevant,0,,
https://www.facebook.com/PAGASA.DOST.GOV.PH/posts/pfbid02gVo7czUbi8h7JkMDKVHmSeNLeUb6SSvLPLdS2rPcZAK8biDrCwx5pNH8iLKTJVk9l,"Dam Updates as of 8:00 AM, 14 May 2026",47,0,3,Not Relevant,1,Photo,https://www.facebook.com/photo/?fbid=1441250424713273&set=a.365711365600523
https://www.facebook.com/PAGASA.DOST.GOV.PH/posts/pfbid0Y6cNQ7W9gkfxc6EeGZuFFycVYvPu2e1EiPQg8SivjK5gisUEoZQdU4KcXYEf7uM7l,"General Flood Advisories
Issued @6AM, 14 May 2026

Region 10 (Northern Mindanao) GFA#2 Final
Region 12 (SOCCSKSARGEN) GFA#2 Final
BARMM - GFA#2 Final",67,1,13,Moderate,4,Photo; Photo; Photo,https://www.facebook.com/PAGASA.DOST.GOV.PH/posts/pfbid0Y6cNQ7W9gkfxc6EeGZuFFycVYvPu2e1EiPQg8SivjK5gisUEoZQdU4KcXYEf7uM7l; https://scontent-ord5-2.xx.fbcdn.net/v/t39.30808-6/698784106_1441170914721224_4301233037417507815_n.jpg?stp=dst-jpg_s590x590_tt6&_nc_cat=105&ccb=1-7&_nc_sid=127cfc&_nc_ohc=EX7dvsldcTAQ7kNvwGcmA09&_nc_oc=AdoGNGBx3MgA5Zs1aRK5cy7-GZq3Eeg8yfPkikS8VxXbQQmVehVmPYVpSe7dW4lLvVM&_nc_zt=23&_nc_ht=scontent-ord5-2.xx&_nc_gid=5gqd3DK7x1U7Lho4NgV2vA&_nc_ss=72289&oh=00_Af5xc22_K6qHsTR3yo0L5a0wL0vDPkFzm4RpBkp0MhhjcA&oe=6A121D79; https://scontent-ord5-3.xx.fbcdn.net/v/t39.30808-6/700005430_1441170911387891_6958607776041217347_n.jpg?stp=dst-jpg_s590x590_tt6&_nc_cat=110&ccb=1-7&_nc_sid=127cfc&_nc_ohc=Vl_aSIEBURwQ7kNvwH68kqK&_nc_oc=Adr_PWSTfLx25Y7uc0-ZnpW3vEgXK5fVukPpIBOJ3H9ptDH289wECZiiHJInefZnTDg&_nc_zt=23&_nc_ht=scontent-ord5-3.xx&_nc_gid=5gqd3DK7x1U7Lho4NgV2vA&_nc_ss=72289&oh=00_Af7V5bK9E0JEVW_7IjIjMkwor97PY_gS4QtuL7DITHhQMg&oe=6A123AEE; https://scontent-ord5-2.xx.fbcdn.net/v/t39.30808-6/700135498_1441170918054557_8362163441249951764_n.jpg?stp=dst-jpg_s590x590_tt6&_nc_cat=104&ccb=1-7&_nc_sid=127cfc&_nc_ohc=zKS7MRN68zIQ7kNvwHv5j5-&_nc_oc=AdoiD__mwGwEkn6oPyxRtLPJE0r48-QNmHn1S-gNmM1q0jdxY2DElNrTOq8QwedRFNY&_nc_zt=23&_nc_ht=scontent-ord5-2.xx&_nc_gid=5gqd3DK7x1U7Lho4NgV2vA&_nc_ss=72289&oh=00_Af70untkxneBZZcHh_XnqXhE-HcMJUe6AjBqinkiovV8iw&oe=6A123114
https://www.facebook.com/PAGASA.DOST.GOV.PH/posts/pfbid0KSwL9pqJjr4amDpumFhHDgdNeWwnbsaRT9sKTyauJNAtRhtw9xXMN6JbnfSiw1kil,"Pampanga River Basin Update as of 5:00 AM, 14 May 2026",31,0,5,Not Relevant,1,Photo,https://www.facebook.com/photo/?fbid=1441151461389836&set=a.365711365600523
https://www.facebook.com/reel/3017797798425141/,"𝗠𝗔𝗚𝗜𝗡𝗚 𝗠𝗔𝗣𝗔𝗚𝗕𝗔𝗡𝗧𝗔𝗬 — 𝗟𝗔𝗖𝗦𝗢𝗡

Sen. Panfilo Lacson, hinikayat ang publiko na maging mapagbantay matapos magtipon ng Senado bilang impeachment court. | via Nimfa Ravelo",65,14,2,Not Relevant,1,Video,https://www.facebook.com/reel/3017797798425141/
https://www.facebook.com/reel/2071013173759270/,"𝗣𝗔𝗧𝗜 𝗞𝗔𝗦𝗜 𝗞𝗔𝗠𝗔𝗥𝗔 𝗡𝗔𝗪𝗔𝗟𝗔𝗡 𝗡𝗚 𝗞𝗨𝗥𝗬𝗘𝗡𝗧𝗘

Rotational brownouts kung saan pati Kamara nawalan ng kuryente, ipinasisiyasat ni MURANG KURYENTE Party-List Rep. Arthur Yap. | via Isa Avendaño-Umali",4,2,0,Not Relevant,1,Video,https://www.facebook.com/reel/2071013173759270/
https://www.facebook.com/reel/2240862790080124/,"𝗙𝗨𝗘𝗟 𝗗𝗜𝗦𝗖𝗢𝗨𝗡𝗧 𝗦𝗨𝗕𝗦𝗜𝗗𝗬

Aabot sa 141,000 na pampasaherong jeepney at UV Express sa buong bansa, kasama sa ₱10 na fuel discount subsidy ng Land Transportation Franchising and Regulatory Board (LTFRB). | via Allan Gatus",2,0,0,Not Relevant,1,Video,https://www.facebook.com/reel/2240862790080124/
https://www.facebook.com/inquirerdotnet/videos/824354120386423/,"LIVE: NBI Director Melvin Matibag  holds a press briefing on Tuesday, May 19, 2026. | via NBI",174,34,7,Not Relevant,1,Video,https://www.facebook.com/inquirerdotnet/videos/824354120386423/
https://www.facebook.com/inquirerdotnet/posts/pfbid0zyhDKQ6j696drc8e6oR2uDpyhTS2pk8rLgTkcGhBRH11oi4wkcGZoh4rHvAcoB9Nl,Sandigan orders DPWH exec to bring sealed docs showing infra proponents,21,0,3,Not Relevant,1,GenericAttachmentMedia,https://external.fsan1-1.fna.fbcdn.net/emg1/v/t13/15223415236071315769?url=https%3A%2F%2Fnewsinfo.inquirer.net%2Ffiles%2F2026%2F05%2Fsandigan-dpwh-19may2026-scaled.jpeg&fb_obo=1&utld=inquirer.net&stp=c0.5000x0.5000f_dst-jpg_flffffff_p500x261_q75_tt6&_nc_gid=sRZ7mAMHt8H3SoPoB4a4Gg&_nc_oc=AdrizKY2X8m1rilHMv_CveTpD09T_urLaeO0OA5l9I9vBcRfbh7fxRj_mWLc7kEjjy19nZThZQ2kyDVwbe6g1oft&ccb=13-1&oh=06_Q3-_AWiMhjqLiOvd2-3z0GJADL78AbxgJIFk6pgoOOYpVpXW&oe=6A0E34B8&_nc_sid=c97757
https://www.facebook.com/inquirerdotnet/posts/pfbid032AiMnGC8PUPxhTk3jZXf9Mifk4ZdcriNEMmZPHVeMAaVukBfQJqSvzpBNnvCHx2ql,"Tom Kane, popularly known for voicing The Power Puff Girls Professor Utonium and Jedi Master Yoda from Star Wars: Clone Wars and The Clone Wars, has died. He was 64.

Visit entertainment.inquirer.net for updates, stories and more.",377,12,30,Not Relevant,1,Photo,https://www.facebook.com/photo/?fbid=1426460539664897&set=a.295125726131723
https://www.facebook.com/News5Everywhere/posts/pfbid02mjjBQFYVCeB3QRhk3385Q34kJ7iTdeG9gKCaZ95aRWS4cT3KfidPgFYX8JFiAi4cl,"NBI ANG ‘UNDER ATTACK?’

Pinabulaanan ni National Bureau of Investigation (NBI) Director Atty. Melvin Matibag ang pahayag ni Senate President Alan Peter Cayetano na “under attack” umano ang Senado matapos ang gulo rito noong May 13.

Nauna nang inamin ng sinuspendeng Senate Sergeant-at-Arms na si Mao Aplasca na siya ang unang nagpaputok ng baril matapos niyang mapansin ang isang ahente ng NBI sa ikalawang palapag ng bridgeway na nagdudugtong sa Senado at GSIS building.

Giit pa ni Atty Matibag, kung totoong inatake ang Senado, bakit hindi raw agad nag-evacuate ang mga senador. | via Gio Robles",1562,446,28,Not Relevant,1,Photo,https://www.facebook.com/photo/?fbid=1510139127811282&set=a.647063400785530
https://www.facebook.com/reel/1474463823958878/,"REKLAMO VS REP. PULONG DUTERTE

Naghain ng reklamo si House Deputy Minority Leader at ACT Teachers Party-list Rep. Antonio Tinio sa Office of the Ombudsman para imbestigahan ang umano'y mga iregularidad sa P4.4 billion flood control projects sa Davao City na nasa ilalim ng distrito ni Rep. Pulong Duterte

Batay umano sa pagsasaliksik ng grupo ni Tinio, 80 sa 121 flood control projects sa ilalim ng Department of Public Works and Highways (DPWH) mula 2019 hanggang 2022 ay kahina-hinala. | via #Vidyolante Joan Alatiit & Fred Lee, News5 Quick Reaction Team",6996,2241,115,Not Relevant,1,Video,https://www.facebook.com/reel/1474463823958878/
https://www.facebook.com/News5Everywhere/posts/pfbid03wbJkrbFcgSjhPLe8g7wTbqjy3f1ZRYJ872oN7iYmRsoxWsEJ4vom8mDA4bzAXeul,"JOHN ‘SWEET’ LAPUS AS A PLAYWRIGHT

Tampok sa Virgin Lab Fest XXI ang “Taksyapo” na isinulat ni John “Sweet” Lapus.

Mapapanood ito sa CCP Black Box Theatre.

Si Sweet ang direktor ng “My Husband Killed me Three Times” na napapanood sa Cignal Play App.",190,47,3,Not Relevant,1,Photo,https://www.facebook.com/photo/?fbid=1510117654480096&set=a.647063397452197
https://www.facebook.com/PAGASA.DOST.GOV.PH/videos/4371974783070412/,"Public Weather Forecast issued at 5:00 AM | May 14, 2026 - Thursday

DOST-PAGASA Weather Specialist: Loriedin De La Cruz-Galicia

#weatherreport  #dostpagasa 

PAGASA Weather Report (Subscribe for more weather updates)
Facebook Page (Like): / pagasa.dost.gov.ph
Twitter (Follow): / dost_pagasa
Website (Visit): http://bagong.pagasa.dost.gov.ph",225,56,114,Not Relevant,1,Video,https://www.facebook.com/PAGASA.DOST.GOV.PH/videos/4371974783070412/
https://www.facebook.com/PAGASA.DOST.GOV.PH/posts/pfbid02tPMAedsbSEHSfWyQ6b82wVyotfnwZRS3L6nGAqMtdcwHW2LLVq5YqEBW4Qz9Dv93l,"24-HOUR PUBLIC WEATHER FORECAST
Issued at 4:00 AM, 14 May 2026

SYNOPSIS: At 3:00 AM today, the Low Pressure Area (formerly ""CALOY"") was estimated based on all available data at 685 km East of Virac, Catanduanes (14.4°N, 130.5°E).

Forecast Weather Conditions

Area: Metro Manila and the rest of the country
Weather Condition: Partly cloudy to cloudy skies with isolated rainshowers or thunderstorms
Caused By: Localized Thunderstorms
Impacts: Possible flash floods or landslides during severe thunderstorms

Forecast Wind and Coastal Water Conditions

Area: Mindanao and Palawan
Wind Speed: Light to Moderate
Wind Direction: South to Southwest
Coastal Waters: Slight to Moderate / (0.6 to 1.5 meters)

Area: Visayas and the rest of Luzon
Wind Speed: Light to Moderate
Wind Direction: North to Northwest
Coastal Waters: Slight to Moderate / (0.6 to 1.5 meters)

Extremes of Temperature and Relative Humidity for The 24-hour Period Ending 8:00 PM YESTERDAY

Minimum Temperature: 27.6 °C ... 6:30 AM
Maximum Temperature: 35.3 °C... 2:00 PM

Minumum Relative Humidity: 44 % ... 12:00 PM
Maximum Relative Humidity: 82 % ... 5:00 AM

TIDES AND ASTRONOMICAL INFORMATION Over Metro Manila

sunrise today: 5:29AM
sunset today: 6:16PM
moonrise today: 2:59AM
moonset today: 3:41PM
illumination today: 8%

For other information about weather, please log on to pagasa.dost.gov.ph or bagong.pagasa.dost.gov.ph or call at (02)927-1335/(02)926-4258",127,1,67,Severe,1,Photo,https://www.facebook.com/photo/?fbid=1441114841393498&set=a.365711365600523
https://www.facebook.com/PAGASA.DOST.GOV.PH/posts/pfbid0onsp5MDfeTfKBPKgKLYipGjh5wfqtvNP9Wz3TfT5HSY8m1qxytSsvmgmTTiiXsdxl,"As of 2:00 AM today, 14 May 2026, a Low Pressure Area 05b (formerly ""Caloy"")  is being monitored inside the Philippine Area of Responsibility (PAR) and is ""UNLIKELY"" to redevelop into a tropical depression within the next 24 hours.

All are advised to monitor updates from DOST-PAGASA",326,3,114,Not Relevant,1,Photo,https://www.facebook.com/photo/?fbid=1441112464727069&set=a.365711365600523
https://www.facebook.com/PhilippineSTAR/posts/pfbid037w7dvqC34ATZnerFiXhfmfncX6ZYh5SzntPYhkbzZzz8D7xxSXaLtYxGfGAxi45ol,"WAVE TO EARTH IS COMING TO PH! 🇵🇭

Live Nation PH announced that South Korean indie rock band wave to earth is coming to the Philippines for their ""the ( ) pieces tour"" at the SM Mall of Asia Arena on November 15, 2026.

Ticket prices range from P2,950 (Box Regular) to P8,750 (VIP A Premium).

Ticket presale is to commence on May 25, 2026, while general onsale will be available on May 26, 2026. (Instagram/Live Nation PH)",714,10,154,Not Relevant,3,Photo; Photo,https://www.facebook.com/PhilippineSTAR/posts/pfbid037w7dvqC34ATZnerFiXhfmfncX6ZYh5SzntPYhkbzZzz8D7xxSXaLtYxGfGAxi45ol; https://scontent-atl3-1.xx.fbcdn.net/v/t39.30808-6/703158607_1489282013235673_3238026385651528207_n.jpg?stp=dst-jpg_s590x590_tt6&_nc_cat=1&ccb=1-7&_nc_sid=127cfc&_nc_ohc=cleNhaxDUTkQ7kNvwEum1Hg&_nc_oc=AdpGdy9eA6mipsCWipprUgIJ4B7kPoPsbpVjX0oLzTYbhcnnM8rxExUAftxRM0UMgVasrIMKv1pdpMRf0ig7Tq3B&_nc_zt=23&_nc_ht=scontent-atl3-1.xx&_nc_gid=4IU_7nrN41efajef4-6H5Q&_nc_ss=72289&oh=00_Af7b6BKj8VeDvGTI8pYVCjxA_m1gu2iJlzUfPA4nLiptKA&oe=6A122B61; https://scontent-atl3-1.xx.fbcdn.net/v/t39.30808-6/702539225_1489282113235663_279123092926302410_n.jpg?stp=dst-jpg_s590x590_tt6&_nc_cat=1&ccb=1-7&_nc_sid=127cfc&_nc_ohc=xof8QYyAJiIQ7kNvwGUZ_ni&_nc_oc=Adq-Xptmy9Ru1KO5sngnczf_fT9WQJzc7lbUJtIoHW17IMCvYGrfyPHVnfive5lKlOjp_JU4oMcoyUtAGOXoCAND&_nc_zt=23&_nc_ht=scontent-atl3-1.xx&_nc_gid=4IU_7nrN41efajef4-6H5Q&_nc_ss=72289&oh=00_Af4sobpr270ziUSGboRGwxssThytyC9Ak1CZgIr9MaUySA&oe=6A121BC8
https://www.facebook.com/PhilippineSTAR/posts/pfbid028aTzKND7zPvKkyPavvVsYJNGdW5VUM1eiQCQVgs8nRB2spcixAyQ3gcsUYu1N1Zvl,,81,1,24,Not Relevant,0,,
https://www.facebook.com/PhilippineSTAR/posts/pfbid0ZPkKCnQCF84gcNXDVrhTYTjDCc1ZJqUrSRj93Bvhf7cNX4nkLiDokB5uFdknyHiul,"'GALA BEFORE MED SCHOOL' 💖

Miss Universe Philippines 2020 Rabiya Mateo made fans gush over her Hong Kong Disneyland date pictures with actor Jake Cuenca.

""Few more gala before med school, ❤️ Jake Cuenca, thank you for this trip,"" Rabiya wrote on Monday.

Last April, Cuenca confirmed that he is dating the beauty queen. (Instagram/Rabiya Mateo)

RELATED: https://tinyurl.com/6jk5cwkx",3210,165,60,Not Relevant,6,Photo; Photo; Photo; Photo; Photo,https://www.facebook.com/PhilippineSTAR/posts/pfbid0ZPkKCnQCF84gcNXDVrhTYTjDCc1ZJqUrSRj93Bvhf7cNX4nkLiDokB5uFdknyHiul; https://scontent-atl3-1.xx.fbcdn.net/v/t39.30808-6/702291566_1489245073239367_7662231928912455486_n.jpg?stp=dst-jpg_s590x590_tt6&_nc_cat=1&ccb=1-7&_nc_sid=127cfc&_nc_ohc=BTcW942LSXgQ7kNvwH9hajb&_nc_oc=Adq2f8hlVTC--aFQS5LVi83SQ5dDKJIDoJTqHFlHI2Ct_lbawzE04IBXx6e71w_KVGDaGWhC5lvwVIM0K8c9Z0es&_nc_zt=23&_nc_ht=scontent-atl3-1.xx&_nc_gid=4IU_7nrN41efajef4-6H5Q&_nc_ss=72289&oh=00_Af50FS73SrHOdDIFrsmazylLwEQlBNvuNC8joQflv57hIQ&oe=6A123796; https://scontent-atl3-1.xx.fbcdn.net/v/t39.30808-6/702410861_1489245076572700_5049295281631991175_n.jpg?stp=dst-jpg_s590x590_tt6&_nc_cat=1&ccb=1-7&_nc_sid=127cfc&_nc_ohc=ztbuT6tprQMQ7kNvwEmFlP3&_nc_oc=Adr2TXWZDISiDkl5-KDjRv5qwEccll6z3JcBNHilhsPdBxvG42iyXLL0yCGe_uqmS4iEPEIYSa48t_0-Z9cqNq0i&_nc_zt=23&_nc_ht=scontent-atl3-1.xx&_nc_gid=4IU_7nrN41efajef4-6H5Q&_nc_ss=72289&oh=00_Af6MAM6L_hX1AQVf_27uWFqSMjD0M9u5XoJOSRbz6a3NAA&oe=6A120A00; https://scontent-atl3-1.xx.fbcdn.net/v/t39.30808-6/702612306_1489245079906033_1560992707999513913_n.jpg?stp=dst-jpg_s590x590_tt6&_nc_cat=1&ccb=1-7&_nc_sid=127cfc&_nc_ohc=mSCRGyH5J9sQ7kNvwHh4Ae2&_nc_oc=AdoGQQxj6CKLiPbUqk_77tXp_Lz7vC6lXsJF34V0XxvfVsGRyVGaM38OhcLNfYPVyUvXKR8ocPZB5Q1GUZYIx9sZ&_nc_zt=23&_nc_ht=scontent-atl3-1.xx&_nc_gid=4IU_7nrN41efajef4-6H5Q&_nc_ss=72289&oh=00_Af6U3JzQqhUE-3IiqjXVRf5RQEv9pzFcYfJ5z3DbvOdSMQ&oe=6A1218D8; https://scontent-atl3-1.xx.fbcdn.net/v/t39.30808-6/702696614_1489245149906026_4124718314875097054_n.jpg?stp=dst-jpg_s590x590_tt6&_nc_cat=1&ccb=1-7&_nc_sid=127cfc&_nc_ohc=AVjP2IRAjFEQ7kNvwEOXA0L&_nc_oc=AdoKKWcXWVJFHpXnNQ6NyonGaikFFfy-Gxu3rhPufvqXlzrgdqkJBEl4I9ll7ZBw1IgBu87fxwh4o1GFkQT1tr0d&_nc_zt=23&_nc_ht=scontent-atl3-1.xx&_nc_gid=4IU_7nrN41efajef4-6H5Q&_nc_ss=72289&oh=00_Af7mNHnpc8r6o8UTgRAgWVfsAj8rPP_G2ZQLXmQZZ_WsGg&oe=6A123AD6; https://scontent-atl3-1.xx.fbcdn.net/v/t39.30808-6/702278187_1489245153239359_6151381634556734209_n.jpg?stp=dst-jpg_s590x590_tt6&_nc_cat=1&ccb=1-7&_nc_sid=127cfc&_nc_ohc=ri5BprWff6wQ7kNvwEamoH1&_nc_oc=AdrnnpCgJSU_wqDkHPQFdVsZn-IXubHBRni3c_yBREWPuIHjzp-Hdl80p_l3H6bCW87Z3AP7iLLbdrsgvtSxnqpv&_nc_zt=23&_nc_ht=scontent-atl3-1.xx&_nc_gid=4IU_7nrN41efajef4-6H5Q&_nc_ss=72289&oh=00_Af6ksoFM58TFq-s8Rq3SRhC9g38KlVHPjkILsCkyVuEWdA&oe=6A12236D
https://www.facebook.com/inquirerdotnet/videos/26546821464960719/,"LIVE: The Senate holds its plenary session on Tuesday, May 19, 2026. | via Senate of the Philippines",766,162,70,Not Relevant,1,Video,https://www.facebook.com/inquirerdotnet/videos/26546821464960719/
https://www.facebook.com/inquirerdotnet/posts/pfbid02fWnfoCWF6qG9up9VbA738p23YubiNVrWB3BLuMk7NSurGPCx8m95Jdf3YF7uj94ml,Matibag on Cayetano’s suspension remark: He must be suspended for Aplasca’s actions,200,54,3,Not Relevant,1,GenericAttachmentMedia,https://external-det1-1.xx.fbcdn.net/emg1/v/t13/9533476675751139344?url=https%3A%2F%2Fnewsinfo.inquirer.net%2Ffiles%2F2026%2F03%2FNBI-Director-Melvin-A-Matibag-02March2026_3.jpg&fb_obo=1&utld=inquirer.net&stp=c0.5000x0.5000f_dst-jpg_flffffff_p500x261_q75_tt6&_nc_gid=0TRIJhNKrxdcXlhUf_xK6Q&_nc_oc=AdpCLUtrJNpw0TLSG2Kitv-cYcALGua6zUSmISCe0QpRxZ_rfvmZ0keTqtpLrM5gVc8&ccb=13-1&oh=06_Q3-_Aa1X-nKqaO61qTqdx0WpsqSglOtGRrZN7S183cTyBqPg&oe=6A0E4614&_nc_sid=c97757
https://www.facebook.com/inquirerdotnet/posts/pfbid05tjXLpVmQWVCfHBLaHKUpqgPgK9dwcPDRWoMuVqWE787HUrjf9PuhCGFpXQ6YNyXl,"RADIANT BINIBINIS 👑

LOOK: The 36 delegates of the #BinibiningPilipinas2026 pageant showcase their radiance in an afternoon of beauty, nutrition, wellness, confidence and science for a landmark event for the longest-running national pageant in the Philippines. | via Armin Adina, INQUIRER.net",54,7,29,Not Relevant,5,Photo; Photo; Photo; Photo,https://www.facebook.com/inquirerdotnet/posts/pfbid05tjXLpVmQWVCfHBLaHKUpqgPgK9dwcPDRWoMuVqWE787HUrjf9PuhCGFpXQ6YNyXl; https://scontent-det1-1.xx.fbcdn.net/v/t39.30808-6/701943921_1426456826331935_5497540897621824513_n.jpg?stp=cp6_dst-jpg_s590x590_tt6&_nc_cat=103&ccb=1-7&_nc_sid=127cfc&_nc_ohc=2r0aguBS2TgQ7kNvwEPZf30&_nc_oc=AdqieK2bF8zkIOmhJdBIm8HRQ-p1DRByYiJtOqceZbhFp9TlLeWvCAvyCKhbZlSG4ZY&_nc_zt=23&_nc_ht=scontent-det1-1.xx&_nc_gid=0TRIJhNKrxdcXlhUf_xK6Q&_nc_ss=72289&oh=00_Af5o4lXy580KwTIe_NpFGqchwCL5HY9dvTleTKx6iGxKcQ&oe=6A121DA8; https://scontent-det1-1.xx.fbcdn.net/v/t39.30808-6/702572653_1426456802998604_4906984232089265499_n.jpg?stp=cp6_dst-jpg_s590x590_tt6&_nc_cat=108&ccb=1-7&_nc_sid=127cfc&_nc_ohc=fqtUCjHFCRIQ7kNvwH5Zscx&_nc_oc=AdoiF9kppNN4uqUA7HuL3vybcRh2C5bxnSfKYdgSzOoUBoU6FqlmI2R0HsZSVo0e2B0&_nc_zt=23&_nc_ht=scontent-det1-1.xx&_nc_gid=0TRIJhNKrxdcXlhUf_xK6Q&_nc_ss=72289&oh=00_Af5x6OdPN1mEk2VtmoWqwSAStVWy_YhGJj9DehxA50ndZw&oe=6A123782; https://scontent-det1-1.xx.fbcdn.net/v/t39.30808-6/702569117_1426456819665269_1190084273316626884_n.jpg?stp=cp6_dst-jpg_s590x590_tt6&_nc_cat=108&ccb=1-7&_nc_sid=127cfc&_nc_ohc=DtPlvxI1alMQ7kNvwHplCtc&_nc_oc=AdqP75GwJuw80UdoKgZ_Isoo-lQSe6w_ZeGgspc4SWbMfIQnrcwJVfSCgm0ygVsjYc4&_nc_zt=23&_nc_ht=scontent-det1-1.xx&_nc_gid=0TRIJhNKrxdcXlhUf_xK6Q&_nc_ss=72289&oh=00_Af7LPIoVAXIqii6Qa1RQC1T2-nn5C0cEljUDN7LiuSMs2Q&oe=6A123591; https://scontent-det1-1.xx.fbcdn.net/v/t39.30808-6/702572656_1426456822998602_3060274642521751923_n.jpg?stp=cp6_dst-jpg_s590x590_tt6&_nc_cat=104&ccb=1-7&_nc_sid=127cfc&_nc_ohc=G9LQKn_nM_kQ7kNvwEFNOZ5&_nc_oc=AdrHLsBdlisclizyLnamXvYQ1_MdvUmEe5ZJ7ltlOi0Mx6d_EPrmqC_G-fztSneRFmE&_nc_zt=23&_nc_ht=scontent-det1-1.xx&_nc_gid=0TRIJhNKrxdcXlhUf_xK6Q&_nc_ss=72289&oh=00_Af61ZpfQHS2zmpiwxk-JFqKoVjCwvzfm7X5mv4zg2WhssQ&oe=6A12266C
https://www.facebook.com/dzbb594/videos/812155385056174/,Oras na para sa mga kuwento at awiting hatid ni Toni Aquino sa paborito n’yong #Sumasapuso.,58,39,18,Not Relevant,1,Video,https://www.facebook.com/dzbb594/videos/812155385056174/
https://www.facebook.com/reel/2567998836951746/,"𝗜𝗡𝗜𝗥𝗘𝗞𝗟𝗔𝗠𝗢 𝗗𝗔𝗛𝗜𝗟 𝗦𝗔 𝗙𝗟𝗢𝗢𝗗 𝗖𝗢𝗡𝗧𝗥𝗢𝗟

ACT Teachers Party-list Rep. Antonio Tinio, sumulat sa Office of the Ombudsman para imbestigahan si Davao City 1st District Rep. Paolo Duterte sa bilyon-bilyong pisong proyekto sa flood control. | via Allan Gatus",72,20,7,Not Relevant,1,Video,https://www.facebook.com/reel/2567998836951746/
https://www.facebook.com/reel/964525493077375/,"𝗚𝗨𝗠𝗔𝗠𝗜𝗧 𝗡𝗚 𝗕𝗔𝗞𝗔𝗟 𝗠𝗨𝗟𝗔 𝗞𝗔𝗬 𝗧𝗢𝗡𝗬 𝗬𝗔𝗡𝗚

Presidential Anti-Organized Crime Commission (PAOCC) at National Bureau of Investigation (NBI), magsasagawa ng backtracking sa mga establisimyento na gumamit ng mga bakal mula sa iligal na steel plant ni Tony Yang. | via Mark Makalalad",6,0,0,Not Relevant,1,Video,https://www.facebook.com/reel/964525493077375/
https://www.facebook.com/PAGASA.DOST.GOV.PH/posts/pfbid02GAh6QKYeFEaNSExaghfaE72qkMuqSuji3iGDMBDjmSZhLk4Wrf1DsjB7EzLiDCbVl,"As of 8:00 PM today, 13 May 2026, a Low Pressure Area (LPA 05b) is being monitored inside the Philippine Area of Responsibility (PAR) and is ""UNLIKELY"" to redevelop into a tropical depression within the next 24 hours.

All are advised to monitor updates from DOST-PAGASA",436,12,69,Not Relevant,1,Photo,https://www.facebook.com/photo/?fbid=1440869444751371&set=a.365711365600523
https://www.facebook.com/PAGASA.DOST.GOV.PH/posts/pfbid02kKGsPEieHHg91CizhwcMe8ehSHSTFbd7H1nANL8pi2ghhCKH2sGgE2ZBTEA4U8UGl,"General Flood Advisories
Issued @6PM, 13 May 2026

Region 10 (Northern Mindanao) GFA#1
Region 12 (SOCCSKSARGEN) GFA#1
BARMM - GFA#1",43,1,4,Moderate,4,Photo; Photo; Photo,https://www.facebook.com/PAGASA.DOST.GOV.PH/posts/pfbid02kKGsPEieHHg91CizhwcMe8ehSHSTFbd7H1nANL8pi2ghhCKH2sGgE2ZBTEA4U8UGl; https://scontent-lga3-1.xx.fbcdn.net/v/t39.30808-6/700334234_1440720314766284_8244226436640448547_n.jpg?stp=dst-jpg_s590x590_tt6&_nc_cat=110&ccb=1-7&_nc_sid=127cfc&_nc_ohc=TMWcUjF8PYAQ7kNvwFnr0S-&_nc_oc=AdqSqc3OVEfmZInwEN1Hl6kVY0IZY9QsCE7aIdArG-u8y1P-dxCJ2ceC1_9qLuNgvVI&_nc_zt=23&_nc_ht=scontent-lga3-1.xx&_nc_gid=8u2Ck-krZV-PDjVEWztLwg&_nc_ss=72289&oh=00_Af6ddXp85KhJ-5keILqud_Vmg11BVC28fUSiGkehYBYqnQ&oe=6A122A6C; https://scontent-lga3-3.xx.fbcdn.net/v/t39.30808-6/697384941_1440720324766283_5922739219532849703_n.jpg?stp=dst-jpg_s590x590_tt6&_nc_cat=102&ccb=1-7&_nc_sid=127cfc&_nc_ohc=BLY0e89mvAoQ7kNvwHhDUBn&_nc_oc=Adp5V5dOGRD1cpYXw7z81evqnqSmnvVDzEI7xjo7cbD0wB_a4RCARbZJpHfO_PF032c&_nc_zt=23&_nc_ht=scontent-lga3-3.xx&_nc_gid=8u2Ck-krZV-PDjVEWztLwg&_nc_ss=72289&oh=00_Af7ASrm2RiXfQFFR_AKAOcx2pCwH0GE7FPdJZ-jY4nzU8g&oe=6A1236DF; https://scontent-lga3-1.xx.fbcdn.net/v/t39.30808-6/697220415_1440720328099616_2891396108258104731_n.jpg?stp=dst-jpg_s590x590_tt6&_nc_cat=109&ccb=1-7&_nc_sid=127cfc&_nc_ohc=M3_Od0tC3w8Q7kNvwF3cYGv&_nc_oc=Adrlj9v5f6hk2qZmXiVQ3Ely3lrSJM1T4GSo7qdFnpHIoFQll5eo5tdpihdCsXmmTYQ&_nc_zt=23&_nc_ht=scontent-lga3-1.xx&_nc_gid=8u2Ck-krZV-PDjVEWztLwg&_nc_ss=72289&oh=00_Af6phOvCcGi07HUJxSvK3vh4bvUOXclEoyKIjM0n_V1Exw&oe=6A121D59
https://www.facebook.com/PAGASA.DOST.GOV.PH/posts/pfbid0YxdRiwAvssQ4gBcutsPmynQv3rFRMiDUiMg5TuautSNxMLgCJyU1HmT7Ud5igNXhl,"Highest Computed 5-day Heat Index with 2-day Forecast 
Issued as of 5:00 PM, 13 May 2026 

For more information about the heat index: 
https://www.pagasa.dost.gov.ph/weather/heat-index 

Information from the DOH Philippines about heat-related illnesses during extremely hot weather:
https://bit.ly/DOHPhPublicHealthAdvisory 

Don't forget to take necessary precautions and stay cool and hydrated everyone! ☀️🌡️ 
#HeatIndex #AngInit",184,4,116,Not Relevant,4,Photo; Photo; Photo,https://www.facebook.com/PAGASA.DOST.GOV.PH/posts/pfbid0YxdRiwAvssQ4gBcutsPmynQv3rFRMiDUiMg5TuautSNxMLgCJyU1HmT7Ud5igNXhl; https://scontent-lga3-3.xx.fbcdn.net/v/t39.30808-6/698200749_1440700421434940_3077707319066693989_n.jpg?stp=dst-jpg_s590x590_tt6&_nc_cat=102&ccb=1-7&_nc_sid=127cfc&_nc_ohc=o34znFo33xwQ7kNvwHND4Mu&_nc_oc=AdqG4ihJScyNn8dVH1MUV_m7DGBTIv-PtD6IG1tCCnagDxvbHUX8dAt_g1EfIovoU_k&_nc_zt=23&_nc_ht=scontent-lga3-3.xx&_nc_gid=8u2Ck-krZV-PDjVEWztLwg&_nc_ss=72289&oh=00_Af4-190m6jwrOJiKDa4hkwI_Uclp1ElVil0H3Ebriwle0A&oe=6A1223DF; https://scontent-lga3-3.xx.fbcdn.net/v/t39.30808-6/696447158_1440700568101592_2266188577444910570_n.jpg?stp=dst-jpg_s590x590_tt6&_nc_cat=108&ccb=1-7&_nc_sid=127cfc&_nc_ohc=F-7xxeCDTjgQ7kNvwF3uQf8&_nc_oc=AdoW9ZdQNWmw3fdE2CYNil3KfWNWbvsDcYdsZG7D1YjurknDuFDudeZIyhyPlQeYtXY&_nc_zt=23&_nc_ht=scontent-lga3-3.xx&_nc_gid=8u2Ck-krZV-PDjVEWztLwg&_nc_ss=72289&oh=00_Af6954RnijqMF7q0VVXNapo6qXh8QLXHKBDUV1Cs8G1WiQ&oe=6A121B93; https://scontent-lga3-2.xx.fbcdn.net/v/t39.30808-6/698128390_1440700751434907_7498128228279148464_n.jpg?stp=dst-jpg_p552x414_tt6&_nc_cat=107&ccb=1-7&_nc_sid=127cfc&_nc_ohc=PA3X6jqalqUQ7kNvwH134q5&_nc_oc=AdrehQVcrF2YwGGe1u3hr_D4ubw02o9rJq4iTbcsr6uwfZlFPcdMm8RFAVrUuWTy6YM&_nc_zt=23&_nc_ht=scontent-lga3-2.xx&_nc_gid=8u2Ck-krZV-PDjVEWztLwg&_nc_ss=72289&oh=00_Af7TUtNv6j05EZUDdktLP0q2OpOmTR3chkFLL0Bhqb1OlQ&oe=6A1225F8
https://www.facebook.com/News5Everywhere/posts/pfbid022Ac5sHLWtWiCCayXJmYz5dkXe9yaj2LYQCJYqm5viMBigtufiP6iybN3wFPv2wYZl,"‘WHY IS MR. TINIO SELECTIVELY BLIND?’

Kinuwestiyon ni Davao City 1st District Rep. Paolo Duterte ang hakbang ni ACT Teachers Party-list Rep. Antonio Tinio na paimbestigahan ang P4.4 na bilyong halaga ng flood control projects sa Davao City.

""'Tontong Tinio' appears more interested in recycling troll narratives and politically motivated accusations meant to demonize the Duterte family,"" giit ni Duterte.

Nagtungo si Tinio sa Office of the Ombudsman ngayong Martes, May 19, para paimbestigahan ang 80 umanong maanomalyang flood control projects sa Davao City mula 2019 hanggang 2022.",2365,776,64,Not Relevant,1,Photo,https://www.facebook.com/photo/?fbid=1510104901148038&set=a.647063400785530
https://www.facebook.com/News5Everywhere/posts/pfbid02TSXtgvnSEXZ5CfdyDsUfdvXzmmULaufXdUG2HM3KcPiQr1ih7j9c414CSLa21Ya9l,"PINAIIMBESTIGAHAN SA OMBUDSMAN

Hinimok ni House Deputy Minority Leader at ACT Teachers Party-List Rep. Antonio Tinio ang Office of the Ombudsman na imbestigahan ang P4.4 na bilyon umanong maanomalyang flood control projects sa Davao at Matina River.

Nagsumite si Rep. Tinio ng mga dokumento, materyales, at House Resolution sa Ombudsman ngayong Martes, May 19.",7007,1961,264,Not Relevant,1,Photo,https://www.facebook.com/photo/?fbid=1510102317814963&set=a.647063397452197
https://www.facebook.com/reel/1583182823406018/,"P50 PRICE CAP SA MGA IMPORTED NA BIGAS

#News5Now | Problemado ang ilang nagbebenta ng imported na bigas sa Paco Market sa Maynila matapos masita ng Department of Agriculture dahil sa pagbebenta nang higit sa ipinatutupad na P50 price cap. | via Mon Gualvez",240,52,27,Not Relevant,1,Video,https://www.facebook.com/reel/1583182823406018/
https://www.facebook.com/PhilippineSTAR/posts/pfbid0zxGsLmHf2C2QSJXMknArWropZgwmHiQJbzyrNb81Z5N9MSQP947Xas71zuz8EdKul,,17,1,2,Not Relevant,0,,
https://www.facebook.com/PhilippineSTAR/posts/pfbid031akRjEUDfNuYy8f5frswsXrakajV39KcCP6KXBth9hnS5zSFe2vzWommo4YLm78ml,,86,17,5,Not Relevant,0,,
https://www.facebook.com/PhilippineSTAR/posts/pfbid0mLaNHGoKyq35nGNJp1rZXueFDMDCfUw57kSvjGkYfnTidAfE7bxizJyJuviSRMtUl,,11,1,1,Not Relevant,0,,
https://www.facebook.com/inquirerdotnet/posts/pfbid0289g8RMtHFVgUcaA8yZt3yuEjHhNVriXYKvqi5b9tpRW8MChafekNEVh496pTQytMl,Liza Soberano credited as executive producer of thriller film ‘Imprint’,17,0,0,Not Relevant,1,GenericAttachmentMedia,https://external-iad3-1.xx.fbcdn.net/emg1/v/t13/10194447014070537664?url=https%3A%2F%2Fentertainment.inquirer.net%2Ffiles%2F2026%2F05%2FLiza-Soberano-exec-producer-05192026.png&fb_obo=1&utld=inquirer.net&stp=c0.5000x0.5000f_dst-jpg_flffffff_p500x261_q75_tt6&_nc_gid=m4FDKod3CvHg3K2jyH7z9Q&_nc_oc=Adr2Zw5EmvPhlyhu7M3HXOyGbEd0uTcIJut4bdysdZkJN__dU73W98sYOdkaQ16yoxI&ccb=13-1&oh=06_Q3-_AaA4DHRSg8CMGt8eRuyFPpfnEA10E_cTN_Twm4uRm512&oe=6A0E31CE&_nc_sid=c97757
https://www.facebook.com/inquirerdotnet/posts/pfbid0qpiRZGDbCL7PM5LysMhW71ewWCoYP6Xie6kNpsJTwHC17w4GVpDpfWT93mnU8DHcl,"Almost 24,000 aspiring principals join DepEd assessment",25,19,1,Not Relevant,1,GenericAttachmentMedia,https://external-iad3-1.xx.fbcdn.net/emg1/v/t13/9742052275706320062?url=https%3A%2F%2Fnewsinfo.inquirer.net%2Ffiles%2F2026%2F05%2FDepEd_principals.jpg&fb_obo=1&utld=inquirer.net&stp=c0.5000x0.5000f_dst-jpg_flffffff_p500x261_q75_tt6&_nc_gid=m4FDKod3CvHg3K2jyH7z9Q&_nc_oc=AdrKhFLbvAZ4speWxO8jh8LIJE10EtIMfzWdRhzskI_K4gf2GpTH2pJy2CedimYq6CA&ccb=13-1&oh=06_Q3-_AZVlBU01VwTbfrAv3gM7kfKrlOg1Irl_F-sbYfd1Vad-&oe=6A0E2CD9&_nc_sid=c97757
https://www.facebook.com/inquirerdotnet/posts/pfbid0h9uogwn798kR3rvMoQs8CdykYAPVoaEh5DHMqxEbSDqYPiFXRtcRtfCiMZ4jmUSrl,"SANA ALL MAY DISNEY DATE 🥹🎢

LOOK: Beauty queen and actress Rabiya Mateo spends quality time with actor Jake Cuenca at Hong Kong Disneyland before starting her journey in medical school at the University of Santo Tomas.

“Few more gala before med school,” Rabiya writes. | 📸: Rabiya Mateo/Instagram via Reymond Salgan, INQUIRER.net trainee

Check the full story in our comments.",1003,77,15,Not Relevant,5,Photo; Photo; Photo; Photo,https://www.facebook.com/inquirerdotnet/posts/pfbid0h9uogwn798kR3rvMoQs8CdykYAPVoaEh5DHMqxEbSDqYPiFXRtcRtfCiMZ4jmUSrl; https://scontent-iad3-1.xx.fbcdn.net/v/t39.30808-6/702540246_1426448359666115_277267276674185568_n.jpg?stp=dst-jpg_s590x590_tt6&_nc_cat=1&ccb=1-7&_nc_sid=127cfc&_nc_ohc=jmJYoE6U8aQQ7kNvwF_6xEO&_nc_oc=AdpOl8UK3xxlf_nPAYUl4VndUoLQl1C4vRY-f7DQKaVAvislmE8-XOuUeaBKWLim7hI&_nc_zt=23&_nc_ht=scontent-iad3-1.xx&_nc_gid=m4FDKod3CvHg3K2jyH7z9Q&_nc_ss=72289&oh=00_Af4pOWb7RU3j7wktLVJ4-dMTK19DxwZ5aUucQE6N8wULSg&oe=6A123292; https://scontent-iad3-1.xx.fbcdn.net/v/t39.30808-6/703070063_1426448382999446_8319065507060822234_n.jpg?stp=dst-jpg_s590x590_tt6&_nc_cat=1&ccb=1-7&_nc_sid=127cfc&_nc_ohc=FtmwKNWiqn0Q7kNvwEYZf6h&_nc_oc=AdosfGLNLljnFBU3WIplN3Wnfy-MDAXOj_8aZ0_HdYiZGFukZ8Htxu1xCFHTcWGqJdA&_nc_zt=23&_nc_ht=scontent-iad3-1.xx&_nc_gid=m4FDKod3CvHg3K2jyH7z9Q&_nc_ss=72289&oh=00_Af7crGMwanFr18tQ5TP5R-RSy1PYPl_6GItHgr8wa3zE3g&oe=6A123737; https://scontent-iad3-1.xx.fbcdn.net/v/t39.30808-6/702813002_1426448406332777_7082597186520999045_n.jpg?stp=dst-jpg_s590x590_tt6&_nc_cat=1&ccb=1-7&_nc_sid=127cfc&_nc_ohc=JKYulA3muCgQ7kNvwFCxAF8&_nc_oc=AdrelMnuw_Mq55ufH5Y4JC72u34ym4D-MUmVyWxxQcRwSI97bpd-6IVl2VWlZaLl8M0&_nc_zt=23&_nc_ht=scontent-iad3-1.xx&_nc_gid=m4FDKod3CvHg3K2jyH7z9Q&_nc_ss=72289&oh=00_Af7IVXVS4PfLz1SqfR-1q3-gOw1S5B_DPXhNYlUPxbSKsA&oe=6A121D57; https://scontent-iad3-1.xx.fbcdn.net/v/t39.30808-6/702857680_1426448379666113_875168700542110752_n.jpg?stp=dst-jpg_s590x590_tt6&_nc_cat=1&ccb=1-7&_nc_sid=127cfc&_nc_ohc=T5MhnaUhHlgQ7kNvwHf_2vJ&_nc_oc=AdofxwOzOdAjI2a9LB7yUrLwcWLnYZKPMrN9aL4qcUk-AeJatDy5ovYz1ADt7nKoS2Q&_nc_zt=23&_nc_ht=scontent-iad3-1.xx&_nc_gid=m4FDKod3CvHg3K2jyH7z9Q&_nc_ss=72289&oh=00_Af6yWTcpjsLT733oZJCSkUbJFU7fHjb5xbEtvn48e_JHwA&oe=6A1229E7
https://www.facebook.com/reel/1007527231845905/,"𝗦𝗥𝗣 𝗦𝗔 𝗟𝗢𝗞𝗔𝗟 𝗡𝗔 𝗕𝗜𝗚𝗔𝗦, 𝗕𝗔𝗟𝗔𝗞 𝗡𝗚 𝗗𝗔

₱53 na suggested retail price (SRP) sa lokal na bigas, plano ni Department of Agriculture (DA) Sec. Francisco Tiu Laurel, Junior na ipatupad. | via Allan Gatus",4,0,0,Not Relevant,1,Video,https://www.facebook.com/reel/1007527231845905/
https://www.facebook.com/dzbb594/videos/1518458823140468/,Ihahatid na nina Shirley Escalante at Orly Trinidad ang pinakamalalaking balita’t impormasyon sa #SuperBalitaSaTanghaliNationwide.,55,19,4,Not Relevant,1,Video,https://www.facebook.com/dzbb594/videos/1518458823140468/
https://www.facebook.com/reel/1343640254529472/,"𝗜𝗡𝗔𝗟𝗢𝗞 𝗡𝗚 𝗜𝗡𝗦𝗘𝗡𝗧𝗜𝗕𝗢 𝗔𝗧 𝗣𝗜𝗡𝗔𝗚𝗕𝗔𝗡𝗧𝗔𝗔𝗡 𝗡𝗚 𝗞𝗔𝗦𝗢?

Ilang miyembro ng Senate Majority bloc, inalok ng insentibo at binantaan ng kaso kung hindi kakalas, ayon kay Sen. Imee Marcos. | via Nimfa Ravelo",146,87,1,Not Relevant,1,Video,https://www.facebook.com/reel/1343640254529472/
https://www.facebook.com/PAGASA.DOST.GOV.PH/posts/pfbid02YHkPyZazwpoVQrvcymnBvsVx7YKcrvjRDXgyXqoNtsabNkerdid5ER4Xcq3m5i1gl,"Highest Computed 5-day Heat Index
Issued as of 5:00 PM, 13 May 2026 

For more information about the heat index: 
https://www.pagasa.dost.gov.ph/weather/heat-index 

Information from the DOH Philippines about heat-related illnesses during extremely hot weather:
https://bit.ly/DOHPhPublicHealthAdvisory 

Forecast for the next 2 days will be available at 6:30 PM.

Don't forget to take necessary precautions and stay cool and hydrated everyone! ☀️🌡️ 
#HeatIndex #AngInit",175,8,112,Not Relevant,3,Photo; Photo,https://www.facebook.com/PAGASA.DOST.GOV.PH/posts/pfbid02YHkPyZazwpoVQrvcymnBvsVx7YKcrvjRDXgyXqoNtsabNkerdid5ER4Xcq3m5i1gl; https://scontent-atl3-1.xx.fbcdn.net/v/t39.30808-6/699097027_1440683011436681_602106705774314706_n.jpg?stp=dst-jpg_s590x590_tt6&_nc_cat=105&ccb=1-7&_nc_sid=127cfc&_nc_ohc=-Y4NImdmPfYQ7kNvwGROxpA&_nc_oc=Adr8kQO_vU1KcdYe3IQR6fYJF7aiDslUqUbXtWbMiU7zbbHxOJhwn27R_RWBtGNjf8M&_nc_zt=23&_nc_ht=scontent-atl3-1.xx&_nc_gid=73SSp415sSVyKjeLIFzzZg&_nc_ss=72289&oh=00_Af6EJvS5fOylspsXl4ycBWWLvxibjssAd6Eg6A4a78Fnaw&oe=6A12194C; https://scontent-atl3-1.xx.fbcdn.net/v/t39.30808-6/696515572_1440683148103334_4794509540786960120_n.jpg?stp=dst-jpg_s590x590_tt6&_nc_cat=103&ccb=1-7&_nc_sid=127cfc&_nc_ohc=LIYohqc054QQ7kNvwFsjgJH&_nc_oc=AdoZSOafEz4emGcPMzWJ-7LG2Zrzj2Nh1SO_3jkZP2DkcSsvkagI042GcCYW60W4mms&_nc_zt=23&_nc_ht=scontent-atl3-1.xx&_nc_gid=73SSp415sSVyKjeLIFzzZg&_nc_ss=72289&oh=00_Af4xHIMbzKPx_xCFcybf3zeAYQ_Kx-c8NYIAcg2CbKmiMA&oe=6A121D55
https://www.facebook.com/PAGASA.DOST.GOV.PH/videos/1316372510593263/,"Public Weather Forecast issued at 5:00 PM | May 13, 2026 - Wednesday

DOST-PAGASA Weather Specialist: Benison Estareja

#weatherreport  #dostpagasa",751,88,108,Not Relevant,1,Video,https://www.facebook.com/PAGASA.DOST.GOV.PH/videos/1316372510593263/
https://www.facebook.com/PAGASA.DOST.GOV.PH/posts/pfbid0H8ibFWdBw1adAsFoMCM7Hk8hz1rHETY44hWRGDC2v8UsD5zz4Aw6FYUktGC4HgdFl,"24-HOUR PUBLIC WEATHER FORECAST
Issued at 4:00 PM, 13 May 2026

SYNOPSIS: At 3:00 PM today, the Low Pressure Area (formerly ""CALOY"") was estimated based on all available data at 555 km East of Virac, Catanduanes (14.0°N, 129.3°E).

Forecast Weather Conditions

Area: Metro Manila and the rest of the country
Weather Condition: Partly cloudy to cloudy skies with isolated rainshowers or thunderstorms
Caused By: Localized Thunderstorms
Impacts: Possible flash floods or landslides during severe thunderstorms

Forecast Wind and Coastal Water Conditions

Area: Palawan
Wind Speed: Light to Moderate
Wind Direction: North to Northeast
Coastal Waters: Slight to Moderate / (0.6 to 1.5 meters)

Area: The rest of Luzon
Wind Speed: Light to Moderate
Wind Direction: North to Northwest
Coastal Waters: Slight to Moderate / (0.6 to 1.5 meters)

Area: The rest of the country
Wind Speed: Light to Moderate
Wind Direction: South to Southwest
Coastal Waters: Slight to Moderate / (0.6 to 1.5 meters)

Extremes of Temperature and Relative Humidity for The 24-hour Period Ending 4:00 PM TODAY

Minimum Temperature: 27.6 °C ... 6:30 AM
Maximum Temperature: 35.3 °C... 2:00 PM

Minumum Relative Humidity: 44 % ... 12:00 PM
Maximum Relative Humidity: 82 % ... 5:00 AM

TIDES AND ASTRONOMICAL INFORMATION Over Metro Manila

sunrise tomorrow: 5:29AM
sunset today: 6:16PM
moonrise tomorrow: 2:59AM
moonset tomorrow: 3:41PM
illumination tomorrow: 8%

For other information about weather, please log on to pagasa.dost.gov.ph or bagong.pagasa.dost.gov.ph or call at (02)927-1335/(02)926-4258",100,0,46,Severe,1,Photo,https://www.facebook.com/photo/?fbid=1440655141439468&set=a.365711365600523
https://www.facebook.com/News5Everywhere/posts/pfbid0328CfybqK2r77ifCd3CRNZW456sPhwtfPP1yjr4yPPDLHUAP7ZXqMnUoFkBFZAAP4l,"LISTAHAN NG MEDIA PERSONNEL SA SENADO NANG MANGYARI ANG GULO, HINILING NG OMBUDSMAN

Pormal nang sumulat ang Office of the Ombudsman sa Senado para hingin ang mga pangalan ng media personnel na nasa Senate premises nang mangyari ang putukan noong Miyerkules, May 13.

Hinihingi rin ng Ombudsman ang log in at log out records ng mga tauhan ng media. | via Tirso Josef & Rod Balmes, News5 Quick Reaction Team",724,79,13,Not Relevant,1,Photo,https://www.facebook.com/photo/?fbid=1510095204482341&set=a.647063400785530
https://www.facebook.com/News5Everywhere/posts/pfbid0kspWvrXeNGL2cBbBrEBsDzqbecMX5BxgjHmvta15K3ovgSGNekBSQSKWPwPonuFil,"WEATHER UPDATE

Posibleng makaranas ng malakas na pag-ulan na may kasamang pagkidlat at malakas na bugso ng hangin ang ilang lugar sa susunod na dalawang oras, batay sa 10:14 a.m. thunderstorm advisory ng PAGASA ngayong Martes, May 19.

• Zambales (San Antonio, Subic, Olongapo)
• Cavite (Imus, General Trias, Rosario, Noveleta, Cavite City, Kawit, Bacoor, Tanza, Dasmarinas, Trece Martires, Magallanes, Maragondon, Ternate, General Emilio Aguinaldo, Naic)
• Laguna (Luisiana, Magdalena, Majayjay, Pagsanjan, Cavinti, Famy, Kalayaan, Lumban, Mabitac, Paete, Pakil, Pangil, Santa Maria, Siniloan)
• Rizal (Tanay, Pililla, Antipolo, Baras, Rodriguez)
• Metro Manila (Las Pinas, Muntinlupa)
• Nueva Ecija (General Tinio)
• Bulacan (Dona Remedios Trinidad, Norzagaray, San Jose del Monte)
• Batangas(Nasugbu)

Nararanasan ang naturang kondisyon sa Bataan (Mariveles, Limay, Orion, Bagac) at Quezon (Infanta, Real, Mauban) na maaring magpatuloy sa susunod na dalawang oras at makaapekto sa mga kalapit na lugar.

📸: DOST-PAGASA/X",168,13,23,Not Relevant,3,Photo; Photo,https://www.facebook.com/News5Everywhere/posts/pfbid0kspWvrXeNGL2cBbBrEBsDzqbecMX5BxgjHmvta15K3ovgSGNekBSQSKWPwPonuFil; https://scontent-lga3-3.xx.fbcdn.net/v/t39.30808-6/704121079_1510084537816741_2598098281297812686_n.jpg?stp=dst-jpg_s590x590_tt6&_nc_cat=106&ccb=1-7&_nc_sid=127cfc&_nc_ohc=kRQUY10xumgQ7kNvwFwFTt2&_nc_oc=AdovgO3prEPZaaSY2UoBcHULV09BD3cNP_gtH9wdT3-RfU8HEhPSdnj0y9kB9HZk1yI&_nc_zt=23&_nc_ht=scontent-lga3-3.xx&_nc_gid=lhT8bw3ow3UYKcul3z1BYw&_nc_ss=72289&oh=00_Af5dguVvpjSm2Ei15hemgC3w_xguGSjTxtdj1i9OlSKvAg&oe=6A122C8B; https://scontent-lga3-2.xx.fbcdn.net/v/t39.30808-6/702451024_1510084507816744_410736599437600312_n.jpg?stp=dst-jpg_s843x403_tt6&_nc_cat=107&ccb=1-7&_nc_sid=127cfc&_nc_ohc=1b8b5tyvq2wQ7kNvwF0MNt6&_nc_oc=Adq5IRdBdlQI0liHoxkW5UyKGAZ0ewM1h-tL-dRpkVqqJ9ief3-WWbMTPPCA6_kL7oA&_nc_zt=23&_nc_ht=scontent-lga3-2.xx&_nc_gid=lhT8bw3ow3UYKcul3z1BYw&_nc_ss=72289&oh=00_Af6s1fJCyyZROcSBUIZFZguXvDNVTlZbwqSbu220knuPlA&oe=6A1207F8
https://www.facebook.com/News5Everywhere/posts/pfbid02B4d7ctTdSL1dVWEgQRyD2oGpq5fXsbsgFxVxPWR3QkBMcmTLnyGwvqMGM2CJF3i9l,"BUWELTA KAY SEN. CAYETANO

Pumalag si National Bureau of Investigation (NBI) Director Atty. Melvin Matibag sa apela ni Senate President Alan Peter Cayetano sa Ombudsman na suspendehin si Matibag matapos mapatawan ng anim na buwang suspensyon si Senate Sergeant-at-Arms Mao Aplasca.

Matatandaan na isinailalim sa protective custody ng Senado si Sen. Bato dela Rosa pero kalaunan ay nakatakas madaling araw noong May 14.

Muling iginiit ni Matibag na tumupad sila sa ""gentleman’s agreement"" nito kay SP Cayetano na hindi nila huhulihin si dela Rosa.

""I kept my promise na 'di kami papasok. But they did not keep their promise that they will take care of Sen. Bato dela Rosa,"" saad ni Atty. Matibag. | via Gio Robles",8209,2705,326,Not Relevant,1,Photo,https://www.facebook.com/photo/?fbid=1510077831150745&set=a.647063400785530
https://www.facebook.com/PhilippineSTAR/posts/pfbid0dAGzm5z856hS7z4MtuC6CTGrbTF3EV8fpYr8v6AykMgjL9KAawFFLz14UtG187RJl,,21,1,4,Not Relevant,0,,
https://www.facebook.com/PhilippineSTAR/posts/pfbid02q4Uzcj1bwGq71QC9rQxhQC8neT4o6eDZyii1oMLRzy5qRdcx3JPMvRopjp4gCxTLl,"READ: The Office of the Ombudsman requested the Senate Public Relations Information Bureau (PRIB) to submit the list of names of the media who were at the Senate premises on May 13 and 14, 2026, covering the shooting incident.

They also requested the logbook of media personnel as part of their investigation. (Photo by Ryan Baldemor/The Philippine STAR)",359,46,8,Not Relevant,1,Photo,https://www.facebook.com/photo/?fbid=1489212833242591&set=a.602294451934438
https://www.facebook.com/PhilippineSTAR/posts/pfbid0bGr9C1jwr1rrqhXzwBoM5bDXEMRjn5tN8txVoiRTa2S6LZGBZiBRUB48i8za1Atnl,,31,1,1,Not Relevant,0,,
https://www.facebook.com/inquirerdotnet/posts/pfbid02HbXqUYFjkcFQi9qLFDeV8ATbXnj4T3SoSQ6MjXCJwkB3Z53qpGw9EC3djFW9LBRl,Xi Jinping hosts Putin in Beijing days after Trump: what to know,3,1,1,Not Relevant,1,GenericAttachmentMedia,https://external-det1-1.xx.fbcdn.net/emg1/v/t13/3159211076951764210?url=https%3A%2F%2Fglobalnation.inquirer.net%2Ffiles%2F2026%2F05%2FXi-Jinping-hosts-Putin-in-Beijing-days-after-Trump-what-to-know-scaled.jpg&fb_obo=1&utld=inquirer.net&stp=c0.5000x0.5000f_dst-jpg_flffffff_p500x261_q75_tt6&_nc_gid=3GTxn8N1zMPKKbQNbnctaQ&_nc_oc=AdrdM-qHO-oXhBwOShz_TlTJTJLWaVoUEwQHrUJSQYU1FtqgKiz6ahOygiXi4HByzU8&ccb=13-1&oh=06_Q3-_AePzvB_KhA7vf_IVMlVxOBbGOkaHx_Wa61jLsRhuiW0Q&oe=6A0E2F74&_nc_sid=c97757
https://www.facebook.com/inquirerdotnet/posts/pfbid0eGbqETXNt3WBNoWfpAGcyEkQT8nCBmHodYrELtMp4fwfn65mRJZ9eBugX3zSaqxVl,"‘JUST RIDING THE ISSUE FOR THE MEMES’

After Senator Ronald “Bato” dela Rosa’s daring escape from Senate custody on the early hours of May 14, Andrea Del Rosario drew controversy when she posted on her Instagram Story a photo of herself with the missing senator.

Check the full story in our comments.",2335,326,49,Not Relevant,1,Photo,https://www.facebook.com/photo/?fbid=1426442319666719&set=a.295125726131723
https://www.facebook.com/inquirerdotnet/posts/pfbid0xiyC6ogVq9P4CznDgmVfXpz6xEJAZPJspmCieBSsHZvEdhC49K4LGnnrQY1A8Cpql,NBI sends findings on Senate shooting to DOJ-Ombudsman probe team,49,8,1,Not Relevant,1,GenericAttachmentMedia,https://external-det1-1.xx.fbcdn.net/emg1/v/t13/6589821551235032352?url=https%3A%2F%2Fnewsinfo.inquirer.net%2Ffiles%2F2026%2F05%2Fnbi-senate-shooting-15may2026.jpg&fb_obo=1&utld=inquirer.net&stp=c0.5000x0.5000f_dst-jpg_flffffff_p500x261_q75_tt6&_nc_gid=3GTxn8N1zMPKKbQNbnctaQ&_nc_oc=AdolNhJB0N-Qra5lZEGW99I6gNgxinmUTDLpozmS0o5WfVKnzCOlDE90srcid1hzD0s&ccb=13-1&oh=06_Q3-_AdMcG2o5bZkuZygJdTDCQDKd4t0g-LGDYvap6eGjHoDe&oe=6A0E22BB&_nc_sid=c97757
https://www.facebook.com/reel/1080657568471065/,#FrontlineExpress | Umakyat na sa 105 ang bilang ng mga nasawi sa Congo dahil sa hinihinalang kaso ng Ebola.,602,121,67,Moderate,1,Video,https://www.facebook.com/reel/1080657568471065/
https://www.facebook.com/News5Everywhere/posts/pfbid025b3JRXh1jrZ2bfMHRiQ4P4mqJxDA75fpN9DDeCyHfWocq8NFFNypL9CVzjHEbmJnl,"NASAAN SI SEN. BATO?

May impormasyon ang National Bureau of Investigation (NBI) sa kinaroroonan ni Sen. Bato dela Rosa ilang araw matapos itong umalis sa Senate premises noong Huwebes, May 14.

Ayon kay NBI Director Atty. Melvin Matibag, hindi muna nila isisiwalat ang natanggap na leads tungkol dito.

“But again, sinabi ko naman ‘yun, if there's somebody who is a person that should be asked, ang unang unang dapat tanungin [ay] si Senator Robin Padilla dahil siya ‘yung huling kasama,” saad niya. | via Camille Samonte",1684,628,43,Not Relevant,1,Photo,https://www.facebook.com/photo/?fbid=1510068147818380&set=a.647063400785530
https://www.facebook.com/reel/750070304793708/,#FrontlineExpress | Tatayong lead prosecutor si House Justice Committee Chair Gerville Luistro ng House prosecutors sa Senate Impeachment Court.,1047,299,22,Not Relevant,1,Video,https://www.facebook.com/reel/750070304793708/
https://www.facebook.com/inquirerdotnet/posts/pfbid02ikQoTP943Au99hD84ejXLVKsCcrzpkGu8ASdk32i2fc1dP6avky4M4TradAXSrNrl,"FRIENDSHIP GOALS! 🖤💪

LOOK: Thai actor Mew Suppasit shows support for EXO’s Suho during the K-pop star’s concert in Thailand.

“Always got your back and HBD in advance,” Mew writes.

Suho is celebrating his birthday on May 22. | 📸: Mew/Instagram via Reymond Salgan, INQUIRER.net trainee",100,1,3,Not Relevant,5,Photo; Photo; Photo; Photo,https://www.facebook.com/inquirerdotnet/posts/pfbid02ikQoTP943Au99hD84ejXLVKsCcrzpkGu8ASdk32i2fc1dP6avky4M4TradAXSrNrl; https://scontent-iad3-1.xx.fbcdn.net/v/t39.30808-6/702103423_1426433993000885_8370565514253881854_n.jpg?stp=dst-jpg_s590x590_tt6&_nc_cat=108&ccb=1-7&_nc_sid=127cfc&_nc_aid=0&_nc_ohc=9RGnjTHQcrkQ7kNvwHAfI1Y&_nc_oc=Adq3lyuuspOvs6nUBFh9kbxPOB7k99wO0-xBnNsOP2QysqNW-_nj49GdY1ppEhUAm6o&_nc_zt=23&_nc_ht=scontent-iad3-1.xx&_nc_gid=u1Z8YMhJK_Viccf8AWT-Dw&_nc_ss=72289&oh=00_Af6lPKA4P3Sy4Egef1-N1n8l7GwYkVwOXjhMroPA8SM7pA&oe=6A12387A; https://scontent-iad6-1.xx.fbcdn.net/v/t39.30808-6/702487408_1426433996334218_8602779339602030085_n.jpg?stp=dst-jpg_s590x590_tt6&_nc_cat=109&ccb=1-7&_nc_sid=127cfc&_nc_ohc=lLlWCs5VCZgQ7kNvwGTmPa_&_nc_oc=AdqkuZl69BMuRjVZA_m1JRCgTk_123hlh5_XGueEgKV9j_rnCwdJaHmUbY7srFIEdMc&_nc_zt=23&_nc_ht=scontent-iad6-1.xx&_nc_gid=u1Z8YMhJK_Viccf8AWT-Dw&_nc_ss=72289&oh=00_Af6-unsNP5iOq3-ouw-NBIbsi_uvn17ovemxro970Jd15Q&oe=6A12091F; https://scontent-iad3-2.xx.fbcdn.net/v/t39.30808-6/702569104_1426433953000889_4226560090125607031_n.jpg?stp=dst-jpg_s590x590_tt6&_nc_cat=105&ccb=1-7&_nc_sid=127cfc&_nc_aid=0&_nc_ohc=_w9fU_oltnIQ7kNvwG9JQ5U&_nc_oc=Adoz7MZ0ijCO6XhF07eW-tt70-OQeEUXC7Wdl_stzWTGA08ersp4lIl02Kco2t27QM8&_nc_zt=23&_nc_ht=scontent-iad3-2.xx&_nc_gid=u1Z8YMhJK_Viccf8AWT-Dw&_nc_ss=72289&oh=00_Af6Py08IeToUQ_UOY3TgM4fQOmA4MabBQCObQT-623aYqg&oe=6A121AFA; https://scontent-iad6-1.xx.fbcdn.net/v/t39.30808-6/702531432_1426433989667552_8155801951689180581_n.jpg?stp=dst-jpg_s590x590_tt6&_nc_cat=109&ccb=1-7&_nc_sid=127cfc&_nc_ohc=rwafmc4R0UwQ7kNvwEqrqwp&_nc_oc=Adofzg6rWyiTnlLnsdJeEhvbF_t1As520tMGIJr01o9oaWQh_cm253I3ousXJ6C5qAM&_nc_zt=23&_nc_ht=scontent-iad6-1.xx&_nc_gid=u1Z8YMhJK_Viccf8AWT-Dw&_nc_ss=72289&oh=00_Af7vU9ub2p1r9p1vG3CynXu08KeLH-zXXgt3YzB1Rq2ZpQ&oe=6A123450
https://www.facebook.com/inquirerdotnet/posts/pfbid02FfkXxcYNE8QRG7SSdgZNpDnDrWGcuwVmxLitRgWFs4997yPfR37a53R6snvBiaLXl,Lack of flights could stop Busan’s global tourism push from taking off,5,1,0,Not Relevant,1,GenericAttachmentMedia,https://external-iad3-1.xx.fbcdn.net/emg1/v/t13/17967319569423747423?url=https%3A%2F%2Fglobalnation.inquirer.net%2Ffiles%2F2026%2F05%2Fnews-p.v1.20260518.7496dea080c940a7ae38f60c93e00356_P1.jpg&fb_obo=1&utld=inquirer.net&stp=c0.5000x0.5000f_dst-jpg_flffffff_p500x261_q75_tt6&_nc_gid=u1Z8YMhJK_Viccf8AWT-Dw&_nc_oc=AdpidI_yZZ5neIpnpXYS_qHhiwiMTdSaARB2NwsHchW3CdCkUkt6KVAp4ycxvqDM_Ho&ccb=13-1&oh=06_Q3-_ATD0KVugT0PDRcn41KT9DJyXYsD4Jr4qAPVgtKpxadsf&oe=6A0E426F&_nc_sid=c97757
https://www.facebook.com/inquirerdotnet/posts/pfbid0ku8XXHawWbWr6WSHYgsT3PXArYthomPabmnDPyNriwd2qwTEDCeuTivNxQ9F8C2fl,Maris Racal gives rice to jeepney drivers to celebrate 12 years in show biz,30,3,0,Not Relevant,1,GenericAttachmentMedia,https://external-iad3-1.xx.fbcdn.net/emg1/v/t13/8431229626726243497?url=https%3A%2F%2Fentertainment.inquirer.net%2Ffiles%2F2026%2F05%2Fmaris-racal-gives-rice-19may2026.jpeg&fb_obo=1&utld=inquirer.net&stp=c0.5000x0.5000f_dst-jpg_flffffff_p500x261_q75_tt6&_nc_gid=u1Z8YMhJK_Viccf8AWT-Dw&_nc_oc=AdqVy9_7MBReZ21EaT67Efk0Kr3mt7mPWp7UBp6WwjfUyHq6Kf3kXvzFOJxhnMN3ZLU&ccb=13-1&oh=06_Q3-_AWem-L6s4vxNumJ_tQuJypSu0rkHuhrOI6pgGU21-Oqa&oe=6A0E3A9E&_nc_sid=c97757
https://www.facebook.com/reel/993475376529078/,"BALIK SA PAGTATAGO SI SEN. BATO

Dinepensahan ni Atty. Jimmy Bondoc, legal counsel ni Sen. Bato Dela Rosa kung bakit patuloy na nagtatago ang kanyang kliyente sa gitna ng paglutang ng arrest warrant mula sa International Criminal Court (ICC).

Itinanggi rin ni Bondoc na staged o planado ang nangyaring putukan sa pagitan ng OSAA at mga tauhan ng National Bureau of Investigation (NBI) sa Senado noong May 13.",25634,22116,1710,Not Relevant,1,Video,https://www.facebook.com/reel/993475376529078/
https://www.facebook.com/reel/3268479993339762/,"PAGHAHANAP KAY SEN. BATO DELA ROSA

Tinutunton na ng National Bureau of Investigation ang posibleng kinaroroonan ni Sen. Bato Dela Rosa matapos itong lumabas sa protective custody ng Senado noong madaling araw ng May 14.

Ayon kay NBI Director Atty. Melvin Matibag, si Sen. Robin Padilla ang dapat tanungin kung saan ngayon namamalagi ang senador dahil sila ang huling magkasama.

Tumanggi namang magbigay ng impormasyon si Matibag kung aarestuhin si Dela Rosa kung sakaling matunton ito, dahil baka mabulilyaso aniya ang kanilang plano.",246,95,6,Not Relevant,1,Video,https://www.facebook.com/reel/3268479993339762/
https://www.facebook.com/News5Everywhere/posts/pfbid02teJx6QGid5c6358HpzjjhGAwYNsforuFq6ZsgWxpASjqKkWPuJ6sSe8yKToVxYaol,"LACSON SA PAG-CONVENE NG SENADO BILANG IMPEACHMENT COURT

Nanawagan si Sen. Ping Lacson sa publiko na maging mapagmatyag kasunod ng pag-convene ng Senado bilang impeachment court para sa kaso ni Vice Pres. Sara Duterte nitong Lunes, May 18.

“The stark contrast between the smell of gunpowder last week and the breath of fresh air in the Senate yesterday was evident when we convened as an impeachment court after all the parliamentary procedures were strictly followed,” saad ng Senador.

Opisyal nang iniakyat sa Senado ang Articles of Impeachment laban sa Bise noong May 13.",4107,657,23,Not Relevant,1,Photo,https://www.facebook.com/photo/?fbid=1510049161153612&set=a.647063400785530
https://www.facebook.com/inquirerdotnet/posts/pfbid02zmYb7iPaAHtsxzfp36u21UCNAKHSeZLUzmhcD9kD28QFTnQMyhP4HqCrfF6GvX5l,"Over 1,100 PNP personnel penalized in internal cleansing drive",7,2,0,Not Relevant,1,GenericAttachmentMedia,https://external-phx1-1.xx.fbcdn.net/emg1/v/t13/9431007562844403980?url=https%3A%2F%2Fnewsinfo.inquirer.net%2Ffiles%2F2024%2F10%2FPNP-headquarters-file.jpeg&fb_obo=1&utld=inquirer.net&stp=c0.5000x0.5000f_dst-jpg_flffffff_p500x261_q75_tt6&_nc_gid=FrhhxvNP39aBt2EBxij0CQ&_nc_oc=Ado8KVsXbpK95YJaGAVvq2QZjFeyAgvXxWGrAN3gxPFsyr8mN_BgURSdo3TsQ00ltSk&ccb=13-1&oh=06_Q3-_AYArlkfx3NYgkDVu5l8qPNn4vP-can2qkYNTIsHMYfZ_&oe=6A0E3293&_nc_sid=c97757
https://www.facebook.com/reel/1002499315763160/,"The International Criminal Court formalizes the appointment of British lawyer Peter Haynes as the new counsel for former President Rodrigo Duterte.

Read more: https://inqnews.net/HaynesDuterte",40,14,1,Not Relevant,1,Video,https://www.facebook.com/reel/1002499315763160/
https://www.facebook.com/inquirerdotnet/posts/pfbid0GLdZhz8JABT5PTcX7mGq1KZWkK1hTmmHgciAfJ1GWoShPYwhaqQB3qXJRx58ZddTl,"The National Bureau of Investigation (NBI) has several information on the whereabouts of Sen. Ronald “Bato” dela Rosa following his exit from the Senate building, NBI Director Melvin Matibag revealed.

Check our comments for the full story.",812,371,28,Not Relevant,1,Photo,https://www.facebook.com/photo/?fbid=1426427749668176&set=a.295125726131723
https://www.facebook.com/reel/991299140217098/,"𝗣𝗢𝗦𝗜𝗕𝗟𝗘𝗡𝗚 𝗞𝗜𝗡𝗔𝗥𝗢𝗥𝗢𝗢𝗡𝗔𝗡 𝗡𝗜 𝗗𝗘𝗟𝗔 𝗥𝗢𝗦𝗔

National Bureau of Investigation (NBI), may mga impormasyon na sa posibleng kinaroroonan ni Sen. Ronald dela Rosa. | via Manny Vargas",63,7,1,Not Relevant,1,Video,https://www.facebook.com/reel/991299140217098/
https://www.facebook.com/dzbb594/videos/2080463265867971/,Nais malaman ni Weng dela Peña ang inyong opinyon sa programang #AnongSayNyo?,52,85,1,Not Relevant,1,Video,https://www.facebook.com/dzbb594/videos/2080463265867971/
https://www.facebook.com/reel/867916366329239/,"HAYNES, PORMAL NANG ITINALAGANG ABOGADO NI FPRRD

Atty. Peter Haynes, pormal nang itinalaga bilang bagong abogado ni dating Pang. Rodrigo Duterte sa International Criminal Court (ICC). | via Christian Maño",6,0,2,Not Relevant,1,Video,https://www.facebook.com/reel/867916366329239/
https://www.facebook.com/reel/2512269062562271/,#FrontlineExpress | Ininspeksyon ng Department of Agriculture (DA) ang presyuhan ng bigas sa ilang palengke at natuklasang may mga lumalabag sa ipinatutupad na price cap. | via Mon Gualvez,73,16,9,Not Relevant,1,Video,https://www.facebook.com/reel/2512269062562271/
https://www.facebook.com/News5Everywhere/posts/pfbid0uerABVMBW2kc9FukpuzKfHSQNp5c8s1D99ytdMZWoTuDNjvg3xePYtVoFBq3HtWbl,"WORK SUSPENSION SA RTC AT MTCCs DAVAO CITY

Suspendido ang trabaho sa Regional Trial Court at Municipal Trial Courts in Cities sa Davao City dahil sa masamang panahon ngayong Martes, May 19. 

Suspendido rin ang filing ng time-bound pleadings at pag-isyu ng time-bound resolutions at decisions hanggang sa pagbabalik ng normal court operations.

Hindi kasama sa suspension ang mga kailangan ng immediate court action gaya ng applications for bail, release orders, writs of habeas corpus, at iba pa.

Magkakaroon pa rin ng sapat na staff ang mga korte para tumugon sa mga urgent request.

📸: Supreme Court PH",69,6,3,Not Relevant,1,Photo,https://www.facebook.com/photo/?fbid=1510047611153767&set=a.647063400785530
https://www.facebook.com/reel/1188620776646329/,"DIRTY JUICE DRINK

Tigil-operasyon na ang sinasabing marumi at iligal na pagawaan ng juice drink sa Barangay Baliti, San Fernando, Pampanga matapos salakayin ng mga operatiba ng Food and Drug Administration (FDA) Region 3 at ng lokal na pamahalaan sa lugar.

Batay sa imbestigasyon, walang license to operate, certificate of product registration, at business permit ang naturang pagawaan. | via Isagani Navarro",272,134,62,Not Relevant,1,Video,https://www.facebook.com/reel/1188620776646329/
https://www.facebook.com/PAGASA.DOST.GOV.PH/posts/pfbid0X4YZreQ75g1ZabdfrvZrGtCkV46sbbcRYMptAHoy5mzyWTqXHyDRDafG7APFKi2Jl,"As of 2:00 PM today, 13 May 2026, a Low Pressure Area (LPA 05b) is being monitored inside the Philippine Area of Responsibility (PAR) and is ""UNLIKELY"" to redevelop into a tropical depression within the next 24 hours.

All are advised to monitor updates from DOST-PAGASA",451,14,151,Not Relevant,1,Photo,https://www.facebook.com/photo/?fbid=1440641084774207&set=a.365711365600523
https://www.facebook.com/PAGASA.DOST.GOV.PH/posts/pfbid0vgobuX4MLU1fybrd3Y5N7Mrapo5PrELcMWzcoraskdq6MbcC8E3wLGf6jpYRnxn9l,"Ikinararangal ng DOST-PAGASA ang mga kawani nitong kinilala bilang Regional Qualifiers sa 2026 Gawad Lingkod Bayani Regional Qualifiers Awarding Ceremony ng Civil Service Commission - National Capital Region.

Kabilang dito si Ms. Ana Liza S. Solis, Chief ng Climate Monitoring and Prediction Section (CLIMPS) ng Climatology and Agrometeorology Division (CAD), bilang Gawad Lingkod Bayan ng Pangulo Regional Qualifier (Individual Category) para sa kanyang ambag sa pagbibigay ng napapanahong impormasyon ukol sa El Niño/La Niña at klima ng bansa.

Regional Qualifier din sa Gawad Pagasa Award ang PAGASA SpillDrift Development Team ng Weather Division na binubuo nina Engr. Christopher Perez, Mr. Robb Gile, at Mr. John Carlo Sugui para sa kanilang pagbuo ng SpillDrift, ang kauna-unahang operational oil spill trajectory forecasting system ng pamahalaan, na syang ginamit noong MT Terranova oil spill incident noong 2024.

Ipinapaabot ng DOST-PAGASA ang pagbati sa mga lingkod-bayang ito na patuloy na nagbibigay ng karangalan sa ahensya sa pamamagitan ng kanilang dedikasyon at mahusay na serbisyo publiko.

#OneDOST4U
#SolutionsAndOpportunitiesForAll",288,23,24,Not Relevant,5,Photo; Photo; Photo; Photo,https://www.facebook.com/PAGASA.DOST.GOV.PH/posts/pfbid0vgobuX4MLU1fybrd3Y5N7Mrapo5PrELcMWzcoraskdq6MbcC8E3wLGf6jpYRnxn9l; https://scontent-ord5-2.xx.fbcdn.net/v/t39.30808-6/698859742_1440551498116499_2803632890772109129_n.jpg?stp=dst-jpg_p552x414_tt6&_nc_cat=102&ccb=1-7&_nc_sid=127cfc&_nc_ohc=Xxs6wOX-JUUQ7kNvwFHK2q-&_nc_oc=AdrdU_q2AL6owTNm0nmLHcBX6v9IofJcAs-8na28CxO683TZrN9VmgGP0Of_atY06eY&_nc_zt=23&_nc_ht=scontent-ord5-2.xx&_nc_gid=TOOS-newJdpmTL1IYQoTsg&_nc_ss=72289&oh=00_Af7xe5qeluWahrjlRfIW8g8BebuIoVwiukrBX52vWmWwYg&oe=6A122A1B; https://scontent-ord5-2.xx.fbcdn.net/v/t39.30808-6/699227873_1440551434783172_2727654954261477628_n.jpg?stp=dst-jpg_p552x414_tt6&_nc_cat=111&ccb=1-7&_nc_sid=127cfc&_nc_ohc=Xg_zYZoAOxkQ7kNvwHxDR6G&_nc_oc=AdqHhzEwuq1GwYJKo2WtHo6UO9x5s2JeyETc_rbJzlEduSUSnapfugw_VQ_vE21isiY&_nc_zt=23&_nc_ht=scontent-ord5-2.xx&_nc_gid=TOOS-newJdpmTL1IYQoTsg&_nc_ss=72289&oh=00_Af7KSg4qcflKQD3cn8yeqF6VOebOQ1YaKrV8CxOUO-mMDw&oe=6A122DC6; https://scontent-ord5-1.xx.fbcdn.net/v/t39.30808-6/698381562_1440551501449832_4883218699214808087_n.jpg?stp=dst-jpg_p552x414_tt6&_nc_cat=106&ccb=1-7&_nc_sid=127cfc&_nc_ohc=63NNSdqfZcEQ7kNvwF0uzd_&_nc_oc=Adod6darzqm8h-fKuI9T_Ys7Wz7LysCPuVNjDomjiZctgm_W22l27GV7xRquVz1Mm3U&_nc_zt=23&_nc_ht=scontent-ord5-1.xx&_nc_gid=TOOS-newJdpmTL1IYQoTsg&_nc_ss=72289&oh=00_Af7iy-AizZXKNiZY_xHBN1rXHR_EggXnqbjcMtYZSQHMPg&oe=6A121F85; https://scontent-ord5-2.xx.fbcdn.net/v/t39.30808-6/698798718_1440551464783169_2845078157170449902_n.jpg?stp=dst-jpg_p552x414_tt6&_nc_cat=105&ccb=1-7&_nc_sid=127cfc&_nc_ohc=OquKvQ5byYYQ7kNvwGXvO4s&_nc_oc=Adr4W-W4uiO6NlPvuXxTR8o8SGlnaQfeXFPQXg9Psk7d4_36E8p4xj-TWsVj1i2Nj4c&_nc_zt=23&_nc_ht=scontent-ord5-2.xx&_nc_gid=TOOS-newJdpmTL1IYQoTsg&_nc_ss=72289&oh=00_Af6ZsgBs754K2G_I7NMiPPq7h4zuCcMGebVBKQ3u_mIjCg&oe=6A120FC3
https://www.facebook.com/PAGASA.DOST.GOV.PH/posts/pfbid02i1pUALnwyTFSgvwucszvbibbwDEx1L9QSgvtHUUg7soPsn2bRakPJgFSFNKoLx6Ll,"As of 8:00 AM today, 13 May 2026, a Low Pressure Area (LPA 05b) is being monitored inside the Philippine Area of Responsibility (PAR) and is ""UNLIKELY"" to redevelop into a tropical depression within the next 24 hours.
All are advised to monitor updates from DOST-PAGASA",521,13,165,Not Relevant,1,Photo,https://www.facebook.com/photo/?fbid=1440396578131991&set=a.365711365600523
https://www.facebook.com/inquirerdotnet/posts/pfbid0EuJadMGFpDRh6WSFuDKLwsgG8WnUG56HfM9dJoL4R3zWQu2ShAF1VCjB4WWganT8l,"NBI chief: We always listen to SC, but ICC warrant vs dela Rosa valid",461,144,9,Not Relevant,1,GenericAttachmentMedia,https://external-iad3-1.xx.fbcdn.net/emg1/v/t13/16720345335429848805?url=https%3A%2F%2Fglobalnation.inquirer.net%2Ffiles%2F2025%2F03%2Fronald-bato-dela-rosa-03132025-03.jpg&fb_obo=1&utld=inquirer.net&stp=c0.5000x0.5000f_dst-jpg_flffffff_p500x261_q75_tt6&_nc_gid=L7bjTArnDz4POlriE53pWA&_nc_oc=AdqOXEd8kfT7dYe5_cTOkO8SLN3UF1sVZznvwxItgKdd2Ai1WuLYSWGf2jWEDQ3QOZE&ccb=13-1&oh=06_Q3-_AW7ct1JBFgBXLCoRpyyGY0wFFGEYeZyS8-2pHJeQ_5JI&oe=6A0E2DE2&_nc_sid=c97757
https://www.facebook.com/reel/840175235795224/,"Senator Bato dela Rosa’s camp says any attempt to arrest or surrender the senator without a locally issued judicial warrant is an unconstitutional shortcut.

Read more: https://inqnews.net/FugitiveFromJustice",62,19,5,Not Relevant,1,Video,https://www.facebook.com/reel/840175235795224/
https://www.facebook.com/inquirerdotnet/posts/pfbid0XTv7DFYybGCnomheiun4NqZLAbT9DXSB9ksL5jgR5dQNrpBTw4hcQ3Z3p6XGp3MDl,"UP Assistant Professor Kim Robert de Leon has been appointed as the new secretary of the Department of Budget and Management. At 32, De Leon becomes the youngest member of the Cabinet.

Check our comments for the full story.",817,27,86,Not Relevant,1,Photo,https://www.facebook.com/photo/?fbid=1426425589668392&set=a.295125726131723
https://www.facebook.com/reel/1327419236150693/,"‘KUNG HINDI SIYA TUMAKBO, HINDI NATIN SIYA HAHABULIN’

Napilitang habulin ng mga tauhan ng National Bureau of Investigation (NBI) si Sen. Bato Dela Rosa dahil naunang tumakbo ang senador noong May 11, ayon kay NBI Director Atty. Melvin Matibag.

Giit ng NBI, plano lang daw sana nilang ipaalam kay Dela Rosa na may arrest warrant mula sa International Criminal Court (ICC) laban sa kanya bago nagsimula ang habulan.",556,255,10,Not Relevant,1,Video,https://www.facebook.com/reel/1327419236150693/
https://www.facebook.com/News5Everywhere/posts/pfbid02ksP6VayHPK283rMWRVNMsor1gwBcGBXhHc6Gjr7TzUFanQzrNp3iTnAe4k3EQfQql,"INTER-AGENCY PRESS CONFERENCE

Pinangunahan ng Presidential Anti-Organized Crime Commission (PAOCC) ang inter-agency press conference kasama ang iba pang ahensya ngayong Martes, May 19.

Kaugnay ito operasyon noong May 15 kung saan nasa 69 na Chinese nationals ang naaresto. | via Mac Ortiz & Eddie Mendoza, News5 Quick Reaction Team",235,20,6,Not Relevant,5,Photo; Photo; Photo; Photo,https://www.facebook.com/News5Everywhere/posts/pfbid02ksP6VayHPK283rMWRVNMsor1gwBcGBXhHc6Gjr7TzUFanQzrNp3iTnAe4k3EQfQql; https://scontent-phl2-1.xx.fbcdn.net/v/t39.30808-6/701960435_1510028161155712_3304916846095258661_n.jpg?stp=cp6_dst-jpg_s590x590_tt6&_nc_cat=111&ccb=1-7&_nc_sid=127cfc&_nc_ohc=sqnZR2KrVC4Q7kNvwEeg-FD&_nc_oc=AdrmUzC1E_PZANmngMOwVdeYyB7v4opZjJsgf9K-jIfwR5MNaX_6I_u4acaT-rROCJE&_nc_zt=23&_nc_ht=scontent-phl2-1.xx&_nc_gid=sFLtnJFrY99Qkb2w3yByqw&_nc_ss=72289&oh=00_Af6Ka7rANbp_WcBmRI-gWZwdP8NGuJfRTr9OiJQD6FqJAw&oe=6A120A42; https://scontent-phl2-1.xx.fbcdn.net/v/t39.30808-6/701465699_1510028154489046_1038831375853572456_n.jpg?stp=cp6_dst-jpg_s590x590_tt6&_nc_cat=101&ccb=1-7&_nc_sid=127cfc&_nc_ohc=qccgajPkOokQ7kNvwEe-TJ3&_nc_oc=AdrHEajNMSYvofTsoa4lsutdt4sXSzlsxS6vm95bxLWDSBbXDhvONwLzZ2MdFoYomYY&_nc_zt=23&_nc_ht=scontent-phl2-1.xx&_nc_gid=sFLtnJFrY99Qkb2w3yByqw&_nc_ss=72289&oh=00_Af76GGlBO4loMohBxUzKZNwgUAvSTM9ADUo-e3_cb0onnw&oe=6A1226A9; https://scontent-phl2-1.xx.fbcdn.net/v/t39.30808-6/701716900_1510028214489040_1210390582993106157_n.jpg?stp=cp6_dst-jpg_s590x590_tt6&_nc_cat=102&ccb=1-7&_nc_sid=127cfc&_nc_ohc=w7NATBVI5NYQ7kNvwEfhSS5&_nc_oc=AdoIz2J4t8kp5H8Ayq_wwD3SWSYUIUv2PKSmeUduOzjPwMId06IBPcw8TenGrU1VpvA&_nc_zt=23&_nc_ht=scontent-phl2-1.xx&_nc_gid=sFLtnJFrY99Qkb2w3yByqw&_nc_ss=72289&oh=00_Af7ktP6_HD5RGDpK_jJPdka2Xyd0Uk97Lgh0Ufkcf19lfQ&oe=6A121094; https://scontent-phl2-1.xx.fbcdn.net/v/t39.30808-6/702470400_1510028237822371_976009213920628633_n.jpg?stp=cp6_dst-jpg_s590x590_tt6&_nc_cat=105&ccb=1-7&_nc_sid=127cfc&_nc_ohc=a2WX-LmZY2cQ7kNvwHTH9oD&_nc_oc=AdoTNrKYEBsEUM3WvJSKmuCYNJgOHV8le1SZSBh_IAD8bBs_h4Etj662mvTpiHGxqmA&_nc_zt=23&_nc_ht=scontent-phl2-1.xx&_nc_gid=sFLtnJFrY99Qkb2w3yByqw&_nc_ss=72289&oh=00_Af5fBYSOH2NYITe0-WV8fXl8rg1aiFXjE8Xo7T_26JGymA&oe=6A121652
https://www.facebook.com/News5Everywhere/posts/pfbid0PHBQAFifyFAahGfSsQ4TH3E73f5QKiZt4iuzuDt4RCUxF5Rnh8bD9uvaGUFdJWVAl,"CYBER WARRANT VS. FRANCO MABANTA

Aprubado na ang cyber warrant para mabuksan at ma-access ang laman ng gadgets ni Peanut Gallery Media Network (PGMN) Founder Franco Mabanta, ayon kay National Bureau of Investigation (NBI) Director Atty. Melvin Matibag.

Uungkatin dito ang mga larawan, videos, text messages, at text logs at malalaman ang mga nakausap na personalidad ni Mabanta.

Naaresto si Mabanta kaugnay ng umano'y extortion plot laban kay dating House speaker Martin Romualdez.",1916,224,49,Not Relevant,1,Photo,https://www.facebook.com/photo/?fbid=1510020691156459&set=a.647063400785530
https://www.facebook.com/dzbb594/posts/pfbid02xvmDyUHzfLMy1htwp99rpW3ZF28uSPpTzmcPfsQ3bGTxd3ZPYpqzxQrZEX15DAJpl,"𝗦𝗔 𝗔𝗡𝗢𝗡𝗚 𝗦𝗔𝗬 𝗡’𝗬𝗢?

Dapat na nga bang harapin ni Vice President Sara Duterte ang impeachment court sa Senado?

Samahan si Weng dela Peña sa #AnongSayNyo mamayang 11:00 am.",97,88,1,Not Relevant,1,Photo,https://www.facebook.com/photo/?fbid=1477335837773269&set=a.604255335081328
https://www.facebook.com/dzbb594/posts/pfbid0jv85hVcauBRePKzxjyVJZ9gr3Xp3ZyPmJAEfVZjo6rDYdJHDEKkktC7RxhDXXdC5l,"“𝗪𝗔𝗟𝗔 𝗣𝗔 𝗧𝗔𝗬𝗢𝗡𝗚 𝗡𝗔𝗞𝗜𝗞𝗜𝗧𝗔𝗡𝗚 𝗘𝗕𝗜𝗗𝗘𝗡𝗦𝗜𝗬𝗔 𝗡𝗜 𝗩𝗜𝗖𝗘 𝗣𝗥𝗘𝗦𝗜𝗗𝗘𝗡𝗧.”

Kaabang-abang umano ang impeachment trial laban kay Vice President Sara Duterte.

Sa kauna-unahan kasing pagkakataon ay masasaksihan ng publiko ang paliwanag o ebidensiya ng kamo ng Bise Presidente sa mga akusasyon dito.",30,7,0,Not Relevant,1,Photo,https://www.facebook.com/photo/?fbid=1477327484440771&set=a.604255335081328
https://www.facebook.com/reel/954839244187712/,"𝗜𝗠𝗣𝗘𝗔𝗖𝗛𝗠𝗘𝗡𝗧 𝗖𝗢𝗨𝗥𝗧, 𝗣𝗔𝗧𝗨𝗟𝗢𝗬 𝗞𝗔𝗛𝗜𝗧 𝗠𝗔𝗚𝗕𝗔𝗚𝗢 𝗔𝗡𝗚 𝗟𝗜𝗗𝗘𝗥

Impeachment court, magpapatuloy kahit magkaroon ng palitan sa liderato ng Senado, ayon sa isang House prosecutor. | via Isa Avendaño-Umali",22,0,1,Not Relevant,1,Video,https://www.facebook.com/reel/954839244187712/
https://www.facebook.com/inquirerdotnet/posts/pfbid03VpSR2USX3xWDLxRr13QTDDirYaVXMpBYMHzkND7LQUbi8ZusXz5XaeJSWNbEwvdl,West PH Sea: House panel OKs hazard pay for civilian gov’t workers,13,1,0,Not Relevant,1,GenericAttachmentMedia,https://external.fglw1-1.fna.fbcdn.net/emg1/v/t13/17225642603614456953?url=https%3A%2F%2Fwww.inquirer.net%2Fwp-content%2Fuploads%2F2025%2F11%2FWPS-1200x675.png&fb_obo=1&utld=inquirer.net&stp=c0.5000x0.5000f_dst-jpg_flffffff_p500x261_q75_tt6&_nc_gid=7F_3EAJdv6w6bY-3YGGKPA&_nc_oc=AdqoMUhB-9enr_s6TjImSg5GAlVYjBvAY_PjCLFHYZP_817wLSaJVkdzmoQPnFyHJCs&ccb=13-1&oh=06_Q3-_AcRru5vEGpN0YrKBh4zIodxyXxfrFTm_ULJD-NPTsxJL&oe=6A0E2598&_nc_sid=c97757
https://www.facebook.com/inquirerdotnet/posts/pfbid02SKt2diLkoPbstEiL5Z5UTtCMQnb4EpbJx1ZjZjY7nkXSw53tBH37CmHJAtzBMnzgl,"Andrea Brillantes confirms romance with non-showbiz BF, denies she is ‘boy crazy’",13,1,1,Not Relevant,1,GenericAttachmentMedia,https://external.fglw1-1.fna.fbcdn.net/emg1/v/t13/15705814750267162314?url=https%3A%2F%2Fentertainment.inquirer.net%2Ffiles%2F2026%2F05%2FAndrea-Brillantes-not-boy-crazy-05192026.png&fb_obo=1&utld=inquirer.net&stp=c0.5000x0.5000f_dst-jpg_flffffff_p500x261_q75_tt6&_nc_gid=7F_3EAJdv6w6bY-3YGGKPA&_nc_oc=Adr_LX7_FOMHdYC5emBO4P4fLZMKs1xsugpFVjIPGI38okBezMRYcrgSOv_zOLhLAH4&ccb=13-1&oh=06_Q3-_Ab9GIssQexzrlcEgvwE0_1j4w2DQxkipNWpcw-FfVD77&oe=6A0E24E1&_nc_sid=c97757
https://www.facebook.com/inquirerdotnet/posts/pfbid0v8G3GMncX338N4CNBcEcwr1KMBnHVK4AWpwMfARNFR3mVZXtbi4F5KvD2YfhfYxtl,"‘HOLDING POWER TO ACCOUNT'

READ: The De La Salle University (DLSU) Committee on National Issues and Concerns issues a statement on the recent development in the Philippine government.

“Recent events are once again calling us to confront deep wounds in our nation’s life: the uneven hand of justice, the evasion of accountability, and the unabated greed and lust for power of the ruling few that have long deprived Filipinos of the dignity, protection, and services that we truly deserve,” it reads.

DLSU calls on Filipinos to “be critical in scrutinizing our leaders” and “speak out” for those who suffer most from the injustice, abuse of power, and corruption. | 📷: DLSU/Facebook via Hiroshi Suto, INQUIRER.net trainee",606,42,72,Not Relevant,1,Photo,https://www.facebook.com/photo/?fbid=1426422316335386&set=a.295125726131723
https://www.facebook.com/News5Everywhere/posts/pfbid06xYeaJ372HzUMiWrYFguEFP2AvxoNtjsjWMCzy2Js2Ke51BPLLxUCNDLynbrtkoTl,"BINAHANG SIMBAHAN

Pinasok ng tubig-baha ang loob ng St. Mary of the Perpetual Rosary Parish sa Buhangin, Davao City kasunod ng malakas na ulan sa lugar.

📸: St. Mary of the Perpetual Rosary Parish – Buhangin Official (Facebook)",4372,2153,504,Moderate,6,Photo; Photo; Photo; Photo; Photo,https://www.facebook.com/News5Everywhere/posts/pfbid06xYeaJ372HzUMiWrYFguEFP2AvxoNtjsjWMCzy2Js2Ke51BPLLxUCNDLynbrtkoTl; https://scontent-atl3-1.xx.fbcdn.net/v/t39.30808-6/701651593_1510018681156660_1819501030376368510_n.jpg?stp=dst-jpg_s590x590_tt6&_nc_cat=103&ccb=1-7&_nc_sid=127cfc&_nc_ohc=knk8GsTVUsIQ7kNvwEzrh7Q&_nc_oc=Adp5n3RjFAxdLKODJK7lQL4nAFbOntU78awVEqnWQgxlJI51gZ6veKdSp8-FyT0T0Fw&_nc_zt=23&_nc_ht=scontent-atl3-1.xx&_nc_gid=vmD8CFGbbh2te3RJohA-9g&_nc_ss=72289&oh=00_Af4M1M0l2l6-ByKP8lnGdkQmusVSE_65Wh8sVVsTl7LybA&oe=6A121DFB; https://scontent-atl3-1.xx.fbcdn.net/v/t39.30808-6/702545584_1510018684489993_8715584755852498687_n.jpg?stp=dst-jpg_s590x590_tt6&_nc_cat=106&ccb=1-7&_nc_sid=127cfc&_nc_ohc=lynfndz6aXUQ7kNvwE_T0TT&_nc_oc=AdqRtw0TsBlC45vkL7Q5WwJbHdTf474IbQYgkSBSANROXpwVGpc_x4oX7oqHbpV0HaE&_nc_zt=23&_nc_ht=scontent-atl3-1.xx&_nc_gid=vmD8CFGbbh2te3RJohA-9g&_nc_ss=72289&oh=00_Af6NiDyApoh6chqSW3l5yNIehW7FYHjJFRyW4wjsYJrVJw&oe=6A1229A6; https://scontent-atl3-2.xx.fbcdn.net/v/t39.30808-6/703026622_1510018654489996_6773560838250353052_n.jpg?stp=dst-jpg_s590x590_tt6&_nc_cat=104&ccb=1-7&_nc_sid=127cfc&_nc_ohc=BpWtUGFRCo8Q7kNvwFLs64P&_nc_oc=AdrNRu4S3g-BBdf2KwR6P-KkmBa7SHR0m3Jwls3El0VP-ThpCgreelwPhf9id1YNBco&_nc_zt=23&_nc_ht=scontent-atl3-2.xx&_nc_gid=vmD8CFGbbh2te3RJohA-9g&_nc_ss=72289&oh=00_Af6TPIlouoTE2Edaiij49M_67UB0TIBrr6em8xd8EP4JgQ&oe=6A1207BB; https://scontent-atl3-3.xx.fbcdn.net/v/t39.30808-6/702620964_1510018734489988_1748487831211284431_n.jpg?stp=dst-jpg_s590x590_tt6&_nc_cat=111&ccb=1-7&_nc_sid=127cfc&_nc_ohc=8IzuxTsWrRIQ7kNvwF_Guy5&_nc_oc=AdqSkPR-5yKYTXZyfkNqk8w9mVQf_4m9dxsP0dp3CPHEDdAP_PcBvc_W-GBFujZcLKY&_nc_zt=23&_nc_ht=scontent-atl3-3.xx&_nc_gid=vmD8CFGbbh2te3RJohA-9g&_nc_ss=72289&oh=00_Af5l8ZaBvEFf0F_-wTOCfY3HcMrPaPu8v-6PnFJtOeh9cQ&oe=6A1217AE; https://scontent-atl3-2.xx.fbcdn.net/v/t39.30808-6/702320793_1510018754489986_8090401229738256468_n.jpg?stp=dst-jpg_s590x590_tt6&_nc_cat=101&ccb=1-7&_nc_sid=127cfc&_nc_ohc=FIn2V3HNn6cQ7kNvwFPCrhy&_nc_oc=AdrvTZ21Od5kEgxopq_YTmAPv3RSYtEV0zpruQfr70JJsoKL7NTY6zYbSxEOSLiW5pY&_nc_zt=23&_nc_ht=scontent-atl3-2.xx&_nc_gid=vmD8CFGbbh2te3RJohA-9g&_nc_ss=72289&oh=00_Af7wiGq4gARd2Qh6NIGzddNjX521It-QRSImm5J9PyEYNw&oe=6A1220D9
https://www.facebook.com/News5Everywhere/videos/1777374540337313/,"FRONTLINE EXPRESS LIVESTREAM | May 19, 2026",79,17,15,Not Relevant,1,Video,https://www.facebook.com/News5Everywhere/videos/1777374540337313/
https://www.facebook.com/reel/2743915162656786/,"HINDI CONSISTENT ANG DAHILAN NI SEN. BATO

Pinuna ng Malacañang ang idinahilan ni Sen. Bato dela Rosa kung bakit muli itong pumasok sa Senado, kasabay ng nangyaring pagpapalit ng liderato sa mataas na kapulungan noong May 11.

Hindi raw kasi nagtutugma ang naunang dahilan ni Dela Rosa sa tila palihim na pag-alis nito sa protective custody ng Senado.

Nananatili naman ang posisyon ng Palasyo na hindi makikialam sa paglilitis ng Senado articles of impeachment laban kay Vice Pres. Sara Duterte.",712,214,20,Not Relevant,1,Video,https://www.facebook.com/reel/2743915162656786/
https://www.facebook.com/inquirerdotnet/posts/pfbid02TTQZkYpdfN3LKfJ1bNR33G55D9zA4Zw15JpMPrUvUYxFYXrhQRuA6e9teAiheEYEl,"Dani Carvajal, Real Madrid parting ways after end of season",1,0,0,Not Relevant,1,GenericAttachmentMedia,https://external-sjc3-1.xx.fbcdn.net/emg1/v/t13/17307733875775809053?url=https%3A%2F%2Fsports.inquirer.net%2Ffiles%2F2026%2F05%2FAP26134759004051-scaled.jpg&fb_obo=1&utld=inquirer.net&stp=c0.5000x0.5000f_dst-jpg_flffffff_p500x261_q75_tt6&_nc_gid=_ZiCTsLIpiKjgmrIiyIlhw&_nc_oc=AdqKZ2bmT_WXvwCUshD8pv5GyUrTovSWGDIeHZydRtDfV82Q_K1WkBe0oW1sl1f9J18&ccb=13-1&oh=06_Q3-_AVlikni_LF3_F8fQbCOj_Cp1kfQfbk_x6v7GuMpokjKP&oe=6A0E2148&_nc_sid=c97757
https://www.facebook.com/inquirerdotnet/posts/pfbid02qPA95P54goCgbEQzz6sa1sK6bqRwbyoQHBNm2kxUUm69KhDY6tFDTxmBFkpABTQwl,"For the champion wrestler, traveling to the US for training and performing in the biggest wrestling weekend of the year was an investment well worth the cost

Read more: https://lifestyle.inquirer.net/571231/super-p-filipina-wrestlers-have-a-fighting-chance-in-the-world/

(via Multisport.ph)",51,1,6,Not Relevant,0,,
https://www.facebook.com/inquirerdotnet/posts/pfbid0CoRdRAymkc12Jx5rxLhp4XPYuGNJzkmaGGoPtWa34mn76Kkaq4SgXC1DypRQbZPyl,7 Pangasinan barangays get tractors under tobacco excise tax fund,2,1,0,Not Relevant,1,GenericAttachmentMedia,https://external-sjc3-1.xx.fbcdn.net/emg1/v/t13/11984154592399960522?url=https%3A%2F%2Fnewsinfo.inquirer.net%2Ffiles%2F2026%2F05%2Fvillasis-tractors.jpg&fb_obo=1&utld=inquirer.net&stp=c0.5000x0.5000f_dst-jpg_flffffff_p500x261_q75_tt6&_nc_gid=_ZiCTsLIpiKjgmrIiyIlhw&_nc_oc=Adon6KljACC0JdBtgPhW4FlWsHReOn1Nl3S95-DubNZNo-FFtEXJvGkrJT4aPxlYuPE&ccb=13-1&oh=06_Q3-_AQg_Jdiz4qO9AeCsfnydRNs4j3kBn9re8P9daBdIhF7i&oe=6A0E3646&_nc_sid=c97757
https://www.facebook.com/reel/1637830444116869/,"𝗜𝗡𝗔𝗟𝗘𝗥𝗧𝗢 𝗗𝗔𝗛𝗜𝗟 𝗦𝗔 𝗣𝗔𝗚𝗕𝗔𝗕𝗔𝗛𝗔

Mga disaster response unit ng Philippine National Police (PNP), inalerto kasabay ng pagbaha sa Luzon at Mindanao dahil sa malakas na pag-ulan. | via Mark Makalalad",6,0,0,Moderate,1,Video,https://www.facebook.com/reel/1637830444116869/
https://www.facebook.com/dzbb594/posts/pfbid023FBaDQoNr82JpH4RFP8oeL6NmCwAG72M66TorgxANdmrwrNVQQXCRayEXRjWuUEvl,"𝗜𝗠𝗕𝗘𝗦𝗧𝗜𝗚𝗔𝗦𝗬𝗢𝗡 𝗦𝗔 𝗦𝗛𝗢𝗢𝗧𝗜𝗡𝗚 𝗜𝗡𝗖𝗜𝗗𝗘𝗡𝗧 𝗦𝗔 𝗦𝗘𝗡𝗔𝗗𝗢

Hinihingi ng Office of the Ombudsman ang listahan ng media personnel na nasa Senado noong May 13-14, 2026 para sa imbestigasyon nito ukol sa shooting incident. | via Nimfa Ravelo",33,6,1,Not Relevant,1,Photo,https://www.facebook.com/photo/?fbid=1477315294441990&set=a.604255335081328
https://www.facebook.com/reel/1001788292300876/,"Hindi lahat ng sweet ay sincere, kaya kilalanin muna bago mahulog, iba pang lucky love tips ang ibabahagi ng celebrity Feng Shui expert na si Master Hans Cua ngayong May 19, 2026, Martes.

Paalala na ang inyong kapalaran ay nakasalalay sa inyong mga sarili, dagdagan ng diskarte, pagsusumikap at magdasal sa Panginoon para magtagumpay sa buhay",6,8,5,Not Relevant,1,Video,https://www.facebook.com/reel/1001788292300876/
https://www.facebook.com/PhilippineSTAR/posts/pfbid0FVGY7cdGNpgmhMw845aqYaYBhweNo2W2JHQWcWRwEsi4NMAyBnn1W8Bkn6d5rPwrl,,306,19,57,Not Relevant,0,,
https://www.facebook.com/PhilippineSTAR/posts/pfbid02RAPW4Tv34otSixtbUZT8axKRRCrUsqS9eynLh3YCRLmW9FxxwwwZH85AazA1c2Dzl,The Philippines’ rank remained at 79th out of 116 countries and jurisdictions in the latest update of the Global Tax Expenditures Transparency Index by Council on Economic Policies and the German Institute of Development and Sustainability. https://zurl.co/IjAkY,7,0,0,Not Relevant,0,,
https://www.facebook.com/PhilippineSTAR/posts/pfbid06KXPEppc9GXijxL1Y9WB1rDqce6pG6tX7RyAH7GqFfWuYpxD84rcQxKvD1wtwaq5l,"OPINION: Supporters of Ronald “Bato” Marapon dela Rosa, 64, frame his case as an issue of sovereignty, nationalism, an assault on the integrity of the Philippine justice system and the most egregious excuse of all, an assault on the powers and independence of our Senate. https://tinyurl.com/d7dsn9tb",141,72,21,Not Relevant,1,Photo,https://www.facebook.com/photo/?fbid=1489185343245340&set=a.602294451934438
https://www.facebook.com/inquirerdotnet/posts/pfbid03376orRgzZ92gVMUSGUMt6sMkerFtdZssDVxCf6CpReeRACoZo3oTLhfgvC3nzr7vl,"What better way to end the month than starting the ANDALUCIA TOUR 

MAY 31, 2026
USeP GYMNASIUM

This May 31, IV OF SPADES kicks off a 5-city run filled with 3 hours and 30 songs of Andalucia tracks and fan favorites 

#IVOSANDALUCIATOUR TOUR DATES:

MAY 31 — DAVAO
JUNE 6 — STA. ROSA
JUNE 27 — CAGAYAN DE ORO
JULY 18 — CEBU
AUGUST 16 — BAGUIO

Get your tickets now at www.karposmm.com

#BrandRoom",2,0,0,Not Relevant,0,,
https://www.facebook.com/inquirerdotnet/posts/pfbid07C663RdA99SuGQS7dGLdQTwKeArnMc1PDbVYx797d7SWVj5mjB1o7XMdft134LMel,Climbers undeterred after recent deaths on Indonesian volcano,1,0,0,Not Relevant,1,,
https://www.facebook.com/inquirerdotnet/posts/pfbid0NoDrANWNJkLcgSoJFr2Ewz74JWX9FpzUk91cdz6YrHSDFPKzCUNdTTADuM23AWm4l,Aryna Sabalenka seeks to set down marker at French Open,1,0,0,Not Relevant,1,,
https://www.facebook.com/PAGASA.DOST.GOV.PH/posts/pfbid0A6i56LwBYY9tTgdWyjCaZabr3v8CR8C72Kc5FrAjz4627NoUtD8fZvcTXveCxDL1l,"Hydrological Forecast for Cagayan River Basin
Issued at 8:30AM, 13 May 2026",31,0,3,Mild,1,Photo,https://www.facebook.com/photo/?fbid=1440361988135450&set=a.365711365600523
https://www.facebook.com/PAGASA.DOST.GOV.PH/posts/pfbid0H9vGTjvi9QKZQ4w8iLQXRhFiZXAh76CA4EHemUCnFGQbTrJs4dLiqLHmwzfWsh7Ql,"Hydrological Forecast for Bicol River Basin    
Issued at 8:30AM, 13 May 2026",39,0,4,Mild,1,Photo,https://www.facebook.com/photo/?fbid=1440350184803297&set=a.365711365600523
https://www.facebook.com/PAGASA.DOST.GOV.PH/posts/pfbid0M91QUawpaBvEJoH1VczHq7T9axW7R4n2LuhcmT46CwxGN5fUVUCpeBKjxtvanY7Sl,"Hydrological Forecast for Agno River Basin              
Issued at 8:30AM, 13 May 2026",28,0,3,Mild,1,Photo,https://www.facebook.com/photo/?fbid=1440356384802677&set=a.365711365600523
https://www.facebook.com/News5Everywhere/posts/pfbid0YLGAggV5ZxppNBf9UEGr5mxRWUXps17meKyp3F4jqzqiU6Ru2RHwPjtxzbkz9bX5l,"'IT'S NOT ALL ABOUT HIM'

Sinagot ni National Bureau of Investigation (NBI) Director Atty. Melvin Matibag ang pahayag ni Senate President Alan Peter Cayetano na bigo umano ang NBI na tibagin ang Senado sa ilalim ng pamumuno ng senador.

“Bakit naman natin titibagin? We are there to promote law and order, not in the Senate because I have a commitment that we will not enter the Senate premises,” saad ni Atty. Matibag sa isang panayam ngayong Lunes, May 19.

“This is not about Sen. Alan Peter Cayetano or about me... This is about the rule of law and law and order,” dagdag niya.",2121,498,74,Not Relevant,1,Photo,https://www.facebook.com/photo/?fbid=1510011367824058&set=a.647063400785530
https://www.facebook.com/reel/4403533899914555/,"NBI DRIVER-VOLUNTEER, PANSAMANTALANG NAKALAYA

Iginiit ng 44-anyos na NBI driver-volunteer na hindi siya nakipagpalitan ng putok sa mga miyembro ng OSAA sa loob ng Senado noong May 13.

Depensa niya, wala siyang hawak na baril at bumalik lamang sa gusali ng GSIS gamit ang kaniyang motorsiklo para kunin ang naiwang bag ng isang kasamahan na naglalaman ng mga mahahalagang gamot.

Pansamantala siyang nakalaya matapos magpiyansa. Pinag-aaralan na rin ng kampo nila ang pagsasampa ng kaso laban sa mga umaresto sa kanya. | via Nina Ongpauco",1113,318,28,Not Relevant,1,Video,https://www.facebook.com/reel/4403533899914555/
https://www.facebook.com/News5Everywhere/posts/pfbid033AhqV7bZBvmLsaqcJ4gAay6vgktuvmT5dbzy3AQghWH1m7Ji1x3121CJ8wCxWANZl,"BANAT KAY TRILLANES

Kinuwestyon ni Sen. Rodante Marcoleta ang paliwanag ni dating senador Sonny Trillanes kung bakit siya sumama sa tangkang pagsilbi ng International Criminal Court (ICC) arrest warrant laban kay Sen. Bato dela Rosa.

Nauna nang sinabi ni Trillanes na “personal request” ni Sen. Bato na samahan niya ang mag-aaresto sa senador. | via MOJO Marymon Reyes",21359,8686,691,Not Relevant,1,Photo,https://www.facebook.com/photo/?fbid=1509994391159089&set=a.647063400785530
https://www.facebook.com/PhilippineSTAR/posts/pfbid02CTYkH4idMqXH28vhpvPdpaBhnWP9LxceG3KwncqYmHUYz3aSMHDXU3Qy7ZFapDjAl,"Agriculture Secretary Francisco Tiu Laurel Jr. and Agriculture Assistant Secretary Genevieve Guevara inspect market prices at Paco Market in Manila on Tuesday.

Monitoring teams and inspectors have intensified checks in public markets, supermarkets, and rice retail outlets nationwide amid the 30-day price ceiling on imported rice. (Photos by Edd Gumban/The Philippine STAR)

RELATED: https://tinyurl.com/bdec7uvf",49,12,7,Not Relevant,6,Photo; Photo; Photo; Photo; Photo,https://www.facebook.com/PhilippineSTAR/posts/pfbid02CTYkH4idMqXH28vhpvPdpaBhnWP9LxceG3KwncqYmHUYz3aSMHDXU3Qy7ZFapDjAl; https://scontent-lga3-3.xx.fbcdn.net/v/t39.30808-6/702306958_1489172769913264_3790167140959959876_n.jpg?stp=dst-jpg_p417x417_tt6&_nc_cat=106&ccb=1-7&_nc_sid=127cfc&_nc_ohc=JG4_9qQ2G4AQ7kNvwFh5nWw&_nc_oc=AdqW-UTqImtsBawFlWmT80isWqKg7RgH8-spQT_oVWv_0zy6gwb2PcQBVFyM1lMNu-U&_nc_zt=23&_nc_ht=scontent-lga3-3.xx&_nc_gid=WktC1ESr-8dWGZlcK9JVXw&_nc_ss=72289&oh=00_Af6HROM62Qub56BHMKQX46yGl-kxQsGtkd4jHAUD7yCIyw&oe=6A121DAE; https://scontent-lga3-2.xx.fbcdn.net/v/t39.30808-6/702678524_1489172723246602_6167061306070384168_n.jpg?stp=dst-jpg_s590x590_tt6&_nc_cat=100&ccb=1-7&_nc_sid=127cfc&_nc_ohc=g4Vv22IjBAwQ7kNvwFMI0Yx&_nc_oc=AdrT_Qdgd-WTt87o5nM0cbMx8TIGfIn2_CtVeKjZdkfUo-WOl_3jB6iNo0fpvAy0bv8&_nc_zt=23&_nc_ht=scontent-lga3-2.xx&_nc_gid=WktC1ESr-8dWGZlcK9JVXw&_nc_ss=72289&oh=00_Af7hU3elyyYL63ZWCFiEPtxRCDcFkK4TQefgHzjKJBkr-g&oe=6A122D7E; https://scontent-lga3-2.xx.fbcdn.net/v/t39.30808-6/702531372_1489172726579935_4051834210770430565_n.jpg?stp=dst-jpg_s590x590_tt6&_nc_cat=101&ccb=1-7&_nc_sid=127cfc&_nc_ohc=ARKv1uXiFCEQ7kNvwF1rILl&_nc_oc=Adp7ZzhWP8IbfQpHgY7fMdWj-yrcSZzxX-F0ibCh_mVzm4r4mE6is8qqj39aBYVeiHg&_nc_zt=23&_nc_ht=scontent-lga3-2.xx&_nc_gid=WktC1ESr-8dWGZlcK9JVXw&_nc_ss=72289&oh=00_Af7wcxVL4R9dxdXkqVQHUrCskCtF2YH_VKP6Ms5A6Dm7cg&oe=6A123D86; https://scontent-lga3-3.xx.fbcdn.net/v/t39.30808-6/702375766_1489172786579929_8205881297750339778_n.jpg?stp=dst-jpg_s590x590_tt6&_nc_cat=102&ccb=1-7&_nc_sid=127cfc&_nc_ohc=B7_sdVAQ7ZgQ7kNvwE_BF6_&_nc_oc=AdoJ3GKg_z9P-x7G8408jSBwRG22l-SL5izdsCmHHstu3mGhwKhW-91ddT6OcuNa_nY&_nc_zt=23&_nc_ht=scontent-lga3-3.xx&_nc_gid=WktC1ESr-8dWGZlcK9JVXw&_nc_ss=72289&oh=00_Af43iL1QHmALICcQRS-F95WQ24ZamxG1eK7d9jcebI5KVQ&oe=6A123814; https://scontent-lga3-2.xx.fbcdn.net/v/t39.30808-6/702572654_1489172799913261_3202201386979862860_n.jpg?stp=dst-jpg_s590x590_tt6&_nc_cat=105&ccb=1-7&_nc_sid=127cfc&_nc_ohc=LLesFoqCTu4Q7kNvwHbWFeZ&_nc_oc=AdqCdWj9SgLu_Zdti5qMokvupOcCA-7ye3jmgpIrj4AxlVaSkaMFzAOgtlkfPf7ca6I&_nc_zt=23&_nc_ht=scontent-lga3-2.xx&_nc_gid=WktC1ESr-8dWGZlcK9JVXw&_nc_ss=72289&oh=00_Af7-SuVhG8wpAQ4WRjTPUxsJ0YC8uATE3ZGPc0euwMTPMg&oe=6A120782
https://www.facebook.com/PhilippineSTAR/posts/pfbid02x5BWBTeKBbMZKW1rQCJiNcapUdbohd4ShsSx2fwh6JLa7fNg6ojXfxRuFM7UavMHl,"FINALLY, THE WAIT IS OVER! 😭🖤

The hit Korean fantasy series ""Moving"" is officially returning for a second season, with Disney+ unveiling a table of returning and new cast members.

""As the world kept moving, so did they,"" the streaming giant wrote in its Facebook post.

Based on Kang Full’s popular webtoon, “Moving” follows teenagers with hidden superpowers inherited from their parents, who are former secret agents carrying painful pasts.

Returning for Season 2 are stars Ryu Seung Ryong, Han Hyo Joo, Zo In Sung, Cha Tae Hyun, Go Youn Jung, Kim Do Hoon, and Ryu Seung Bum.

New faces include Seol Kyung Gu, Lee Hee Joon, Ryu Hye Young, Roh Yoon Seo, Kim Sung Kyu, Kim Gun Woo, Choi Yoon Ji, and rookie actor Won Gyu Bin, who is reportedly taking over the role of Kim Bong Seok following Lee Jung Ha’s military enlistment. (Facebook/Disney+)",17591,479,2985,Not Relevant,6,Photo; Photo; Photo; Photo; Photo,https://www.facebook.com/PhilippineSTAR/posts/pfbid02x5BWBTeKBbMZKW1rQCJiNcapUdbohd4ShsSx2fwh6JLa7fNg6ojXfxRuFM7UavMHl; https://scontent-lga3-3.xx.fbcdn.net/v/t39.30808-6/701296502_1489171616580046_2441861985566888199_n.jpg?stp=dst-jpg_s590x590_tt6&_nc_cat=1&ccb=1-7&_nc_sid=127cfc&_nc_ohc=_isdosYMh44Q7kNvwFcjN0Y&_nc_oc=AdrNUPs7uV-TSMaeK0VF-Wung-pxcjn37KXZJlCNdi4HMab84jqwISFZqqoOsSA2WuM&_nc_zt=23&_nc_ht=scontent-lga3-3.xx&_nc_gid=WktC1ESr-8dWGZlcK9JVXw&_nc_ss=72289&oh=00_Af7S8R5vI94SJLpzBKJ5IHW9Y9fcFOCTd77p9-X_lUAj5w&oe=6A1223BD; https://scontent-lga3-3.xx.fbcdn.net/v/t39.30808-6/701856447_1489171649913376_1437075950561983637_n.jpg?stp=dst-jpg_s590x590_tt6&_nc_cat=1&ccb=1-7&_nc_sid=127cfc&_nc_ohc=tqzFWecUcWIQ7kNvwHSKkw6&_nc_oc=AdrrFmUeZi0-itzlzNJhUsyt7TJ_tpj9LsWWtkGJ1QyZ65s-nYEi4P8fBdTnDmCaZAQ&_nc_zt=23&_nc_ht=scontent-lga3-3.xx&_nc_gid=WktC1ESr-8dWGZlcK9JVXw&_nc_ss=72289&oh=00_Af6JswKOSA4_ZjAE5aq9KJEeyDStAHrvuXOTHRF9vAK44A&oe=6A120C74; https://scontent-lga3-3.xx.fbcdn.net/v/t39.30808-6/701173704_1489171739913367_7345102934308140480_n.jpg?stp=dst-jpg_s590x590_tt6&_nc_cat=1&ccb=1-7&_nc_sid=127cfc&_nc_ohc=zw-u1ywnPO8Q7kNvwFJuI0c&_nc_oc=AdoPGNQXOaZ0f4ftSG64cOE4BtoBKV5oA6OjzWVIo1szntTgc_h-RM_VUPqG1V68erI&_nc_zt=23&_nc_ht=scontent-lga3-3.xx&_nc_gid=WktC1ESr-8dWGZlcK9JVXw&_nc_ss=72289&oh=00_Af4wTnRLlo-6Bp8e2_F8LnWQiir_UsxEfNrPgznfYvfQJA&oe=6A121ABF; https://scontent-lga3-3.xx.fbcdn.net/v/t39.30808-6/701465711_1489171809913360_3589637241052231077_n.jpg?stp=dst-jpg_s590x590_tt6&_nc_cat=1&ccb=1-7&_nc_sid=127cfc&_nc_ohc=mXevxi-ocvsQ7kNvwFeAjTP&_nc_oc=AdpGNAAs6xpV0AwmeD5QayLwYgwZgF2PCpOwvoNkJzXzUTY2RCCReZoHPjSkBCT3OWM&_nc_zt=23&_nc_ht=scontent-lga3-3.xx&_nc_gid=WktC1ESr-8dWGZlcK9JVXw&_nc_ss=72289&oh=00_Af7sMai9K4jLk8t4h2wYIkRaI1hjtnBY84eP6UIGqgBEVg&oe=6A122EB2; https://scontent-lga3-3.xx.fbcdn.net/v/t39.30808-6/701306638_1489171896580018_4061188224325088363_n.jpg?stp=dst-jpg_s590x590_tt6&_nc_cat=1&ccb=1-7&_nc_sid=127cfc&_nc_ohc=KtgxRImyr1MQ7kNvwHcLp2W&_nc_oc=AdqOqQ7ieHICpCTS7oNBrVuXTlJmxrfzgKcr9Rz-G6IJoETSuLxDl44wMT1nwpjiYvU&_nc_zt=23&_nc_ht=scontent-lga3-3.xx&_nc_gid=WktC1ESr-8dWGZlcK9JVXw&_nc_ss=72289&oh=00_Af7MQsAh1xIbf2u_pAhMByCdEULWD-eEudXERYc2mlNZ7w&oe=6A12375E
https://www.facebook.com/PhilippineSTAR/posts/pfbid0cHAbcEmbbWMHRG6zUYaWSqgtykMFcYRcRNjGxcRcFTGDb2SKUgS4VXbRTJtnutDSl,,80,14,5,Not Relevant,0,,
https://www.facebook.com/PAGASA.DOST.GOV.PH/posts/pfbid0D26PpgXdSepjZNG65m3iT2QshN4zZGqtf98NzS5Hf5TXJDnhs2Fg2LM5ofciPmGEl,"Dam Updates as of 8:00 AM, 13 May 2026",52,0,7,Not Relevant,1,Photo,https://www.facebook.com/photo/?fbid=1440353228136326&set=a.365711365600523
https://www.facebook.com/PAGASA.DOST.GOV.PH/posts/pfbid02ofT2aLzq5sbYusHGeGvVPatzipCpn9x7AmXGBNVfmfydPRKHfvpgpuRGMtenr8tKl,"General Flood Advisories
Issued @6AM,  13 May 2026

Region 3 (Central Luzon) - GFA#2 Final
BARMM - GFA#2 Final",57,0,10,Moderate,3,Photo; Photo,https://www.facebook.com/PAGASA.DOST.GOV.PH/posts/pfbid02ofT2aLzq5sbYusHGeGvVPatzipCpn9x7AmXGBNVfmfydPRKHfvpgpuRGMtenr8tKl; https://scontent-iad3-1.xx.fbcdn.net/v/t39.30808-6/699431057_1440276121477370_2610078946806095542_n.jpg?stp=dst-jpg_s590x590_tt6&_nc_cat=110&ccb=1-7&_nc_sid=127cfc&_nc_ohc=XlZbTZMX8YoQ7kNvwHkB-c5&_nc_oc=Adrz7FQXexLWSxwTnGULqY7_dK_3uHTT7D5HJlmwa3hIkSh6U9ziXyEXuhUSdX8dlaQ&_nc_zt=23&_nc_ht=scontent-iad3-1.xx&_nc_gid=yopxUUozb98yFnqEvksjeA&_nc_ss=72289&oh=00_Af5L8sqQFCLTFkJoHDJUiSXe0XvO2a4jUh-Pet_kfg-Q8A&oe=6A1232B2; https://scontent-iad3-2.xx.fbcdn.net/v/t39.30808-6/696248007_1440276134810702_9058603750415086341_n.jpg?stp=dst-jpg_s590x590_tt6&_nc_cat=105&ccb=1-7&_nc_sid=127cfc&_nc_ohc=HXENiTC70Y8Q7kNvwHvHyuo&_nc_oc=Adrz3b166CV6j5xRWqBdeumnv_KP31HbOnWL1WwAGU0UBuak60-09f0V0l_tTWGp3G4&_nc_zt=23&_nc_ht=scontent-iad3-2.xx&_nc_gid=yopxUUozb98yFnqEvksjeA&_nc_ss=72289&oh=00_Af5J3yXxP9Bs-EKhwVClCr0snxkcCNO07WzqMtPl9d4mDA&oe=6A1237F8
https://www.facebook.com/PAGASA.DOST.GOV.PH/posts/pfbid0jc6v6pSft3LTbRdFK1nGBGrcZPui1xBYqX1tgqyyYETzjN98MeZ35wLwJP8RLUC4l,"Pampanga River Basin Update as of 5:00 AM, 13 May 2026",35,0,5,Not Relevant,1,Photo,https://www.facebook.com/photo/?fbid=1440254594812856&set=a.365711365600523
https://www.facebook.com/dzbb594/videos/819007024301909/,Sali na sa kawili-wiling diskusyunan nina Mark Salazar at Susan Enriquez sa #UsapTayoSuperKuwentuhanWithMarkAndSusan.,46,15,4,Not Relevant,1,Video,https://www.facebook.com/dzbb594/videos/819007024301909/
https://www.facebook.com/dzbb594/posts/pfbid0ZVeLSVWvXx58DXVUDAx3rY4SQa96Nt2iq8a1gn4yakwRvicXXBc9Q81gaoJDTs1zl,"“𝗘𝗛 ‘𝗗𝗜 𝗙𝗨𝗚𝗜𝗧𝗜𝗩𝗘 𝗡𝗔 𝗧𝗔𝗟𝗔𝗚𝗔 ‘𝗬𝗔𝗡.”

Maituturing na umanong fugitive from justice o pugante si Sen. Ronald dela Rosa matapos nitong tumakas sa Senado na nagkaloob sa kanya ng protective custody sa gitna ng warrant of arrest mula sa International Criminal Court (ICC).",224,85,7,Not Relevant,1,Photo,https://www.facebook.com/photo/?fbid=1477308844442635&set=a.604255335081328
https://www.facebook.com/reel/1857487351587543/,"𝗬𝗘𝗟𝗟𝗢𝗪 𝗔𝗟𝗘𝗥𝗧 𝗦𝗧𝗔𝗧𝗨𝗦: 𝗩𝗜𝗦𝗔𝗬𝗔𝗦 𝗚𝗥𝗜𝗗

Visayas grid, muling isasailalim sa yellow alert status ngayong araw, May 19. | via Mark Makalalad",10,0,0,Not Relevant,1,Video,https://www.facebook.com/reel/1857487351587543/
https://www.facebook.com/reel/1317087563701709/,"NBI Director Melvin Matibag reveals that the National Bureau of Investigation (NBI) has several information on the whereabouts of Sen. Ronald “Bato” dela Rosa following his exit from the Senate building.

READ: https://newsinfo.inquirer.net/2231047/nbi-has-many-leads-on-dela-rosas-whereabouts-says-matibag",66,12,0,Not Relevant,1,Video,https://www.facebook.com/reel/1317087563701709/
https://www.facebook.com/inquirerdotnet/posts/pfbid0uczTEosusvvuzdxnKSpu2M3VF54eZpfJ1F2rqWJkujr5LmDGWpBNrscSNXwowYGsl,"Gain insights into how energy powers everyday life at Inquirer Campus Talks for “From Power Plants to Power Communities: How Energy Shapes Everyday Life, Livelihoods, and Local Economies.”

Join industry experts as they break down how energy impacts communities, drives economic growth, and shapes the future of industries—helping students connect real-world systems to future career opportunities.

June 3, 2026 | 9:00 AM
BAG Multipurpose Hall, 20th Floor, BAG Building, De La Salle University, Manila

The forum is FREE, but registration is required.

No walk-ins allowed. Please bring a valid ID.

Limited slots, secure yours now:
https://inqnews.net/ICTxDLSU

In partnership with De La Salle University, Gokongwei College of Engineering, and powered by AboitizPower.

See you there!

#InquirerCampusTalks #EnergyTalks #FutureOfEnergy #InquirerBusiness #PhilippineDailyInquirer",12,0,5,Not Relevant,1,Photo,https://www.facebook.com/photo/?fbid=1426414059669545&set=a.295125726131723
https://www.facebook.com/inquirerdotnet/posts/pfbid033sYoDgEAZZnDekRvPbE1ft5tiXmsXwsFAJYR5YwRgZo6VWt9UJDqDxvtkBh2bi4El,"HAPPY 12 YEARS, MARIS & MARIESTELLERS!

LOOK: Maris Racal gives away free rice to jeepney drivers as she celebrates her 12th year in the entertainment industry. | 📸: Screengrab from Racal/Instagram via Reymond Salgan, INQUIRER.net trainee",1439,45,18,Not Relevant,4,Photo; Photo; Photo,https://www.facebook.com/inquirerdotnet/posts/pfbid033sYoDgEAZZnDekRvPbE1ft5tiXmsXwsFAJYR5YwRgZo6VWt9UJDqDxvtkBh2bi4El; https://scontent-den2-1.xx.fbcdn.net/v/t39.30808-6/702620693_1426413139669637_3303694756252935610_n.jpg?stp=dst-jpg_s590x590_tt6&_nc_cat=1&ccb=1-7&_nc_sid=127cfc&_nc_ohc=nS51S8dLmNQQ7kNvwGfphu8&_nc_oc=Adq8LFLDfLqxvY4BpOXY_nq07E3ZOH52UU03rw8T-2mKwojeD0ZL8XAwUCbfBeR2ui0&_nc_zt=23&_nc_ht=scontent-den2-1.xx&_nc_gid=nrKCY5tg1Y2-L09THLR5aw&_nc_ss=7c289&oh=00_Af7kLhAYDEPlrv-oHWe_1LmJV3zuBnLeN4W46g1LWWTPjg&oe=6A123B30; https://scontent-den2-1.xx.fbcdn.net/v/t39.30808-6/702375676_1426413159669635_3588551851350230755_n.jpg?stp=dst-jpg_s590x590_tt6&_nc_cat=1&ccb=1-7&_nc_sid=127cfc&_nc_ohc=FCZ_ke8cQIgQ7kNvwFKLPeD&_nc_oc=AdreEEL7i0yuUCuqrKP8IOHt1y9Nu_aQGS8FGnMmFkjZZ6Sr_fh_T5nIm9c2EN70Rlk&_nc_zt=23&_nc_ht=scontent-den2-1.xx&_nc_gid=nrKCY5tg1Y2-L09THLR5aw&_nc_ss=7c289&oh=00_Af7luIPW2vRZwR1Cz_Vjn0ViChWa9He2JQDVaE0rcT8Csg&oe=6A123351; https://scontent-den2-1.xx.fbcdn.net/v/t39.30808-6/701688393_1426413143002970_848068731703918524_n.jpg?stp=dst-jpg_s590x590_tt6&_nc_cat=105&ccb=1-7&_nc_sid=127cfc&_nc_ohc=MFJ-Rf5H5fYQ7kNvwF2m-Lu&_nc_oc=AdpPHMCPpq4w_29lymcDhM9GI-SOKcKHA7YoEWzn_o9D2gb7aWCcqebXa4tPaeZOkCM&_nc_zt=23&_nc_ht=scontent-den2-1.xx&_nc_gid=nrKCY5tg1Y2-L09THLR5aw&_nc_ss=7c289&oh=00_Af6wfor7OY-1yb-RBISYgzojoBHOQsiNEfsRy06aIyzOaQ&oe=6A1207F4
https://www.facebook.com/News5Everywhere/posts/pfbid02ffk5BpPmE8s48vWJjhAgsDYaUpve7tCGJrbkDfibnajZiozLpaLbfiAmLeN7AjEHl,"YELLOW ALERT SA VISAYAS GRID

Isasailalim sa yellow alert ang Visayas grid mula 3 p.m. hanggang 9 p.m. ngayong Martes, May 19.

Itinataas ang yellow alert kapag hindi sapat ang operating margin para punan ang contingency requirement ng transmission grid.

Ayon sa National Grid Corporation of the Philippines (NGCP), kabilang sa mga dahilan ng pagdeklara ng yellow alert sa Visayas grid ang mataas na demand at unavailability ng large coal plants.

📸: NGCP/ Facebook",42,5,14,Not Relevant,1,Photo,https://www.facebook.com/photo/?fbid=1509951651163363&set=a.647063397452197
https://www.facebook.com/News5Everywhere/videos/868962242901394/,LIVE | NBI Director Melvin Matibag joins Manila City Hall Reporters’ Association forum,82,19,1,Not Relevant,1,Video,https://www.facebook.com/News5Everywhere/videos/868962242901394/
https://www.facebook.com/News5Everywhere/posts/pfbid0uqmZ2XBYVkL5dV21U4H2jbY6SE5cXMdZwdMpBdiPoXxNirgcaktfyiqz3PiGrgmjl,"SERVICE CONTRACTING PROGRAM, MATATAPOS NA SA MAY 21 — LTFRB

Inanunsyo ng Land Transportation Franchising and Regulatory Board (LTFRB) na matatapos na sa May 21 ang Land-Based Service Contracting Program. 

Kasunod nito, ihihinto na rin ang lahat ng aktibidad na may kinalaman sa implementasyon ng programa.

📸: LTFRB/Facebook",47,12,9,Not Relevant,1,Photo,https://www.facebook.com/photo/?fbid=1509949364496925&set=a.647063397452197
https://www.facebook.com/reel/995426222939267/,"The National Bureau of Investigation (NBI) volunteer driver, who was recently named a “suspect” in the recent shooting incident in the Senate shooting, could only have tested positive in paraffin test since he may have gotten the gunpowder in the Senate premises, according to NBI Director Melvin Matibag . 

READ: https://newsinfo.inquirer.net/2231027/matibag-nbi-driver-may-have-gotten-gunpowder-in-senate-premises",135,51,0,Not Relevant,1,Video,https://www.facebook.com/reel/995426222939267/
https://www.facebook.com/inquirerdotnet/posts/pfbid0n2YgPT2qmEGq8f4WKRENRGYDcnwb3RFnGs2YNCjUkBJLYAKAZjvmE1E66KLsJKZVl,Via Tech INQ,24,0,2,Not Relevant,0,,
https://www.facebook.com/inquirerdotnet/posts/pfbid029NLM6VCTuM5pHzLgd4NxbsMf8Z8phgZRouwn41BmRcmJB7Wi3KZNN4PcQD2RsaCJl,Madison Keys withdraws from French Open warmup tournament,2,0,0,Not Relevant,1,,
https://www.facebook.com/reel/2154383982011674/,"𝗔𝗞𝗦𝗜𝗗𝗘𝗡𝗧𝗘 𝗦𝗔 𝗘𝗗𝗦𝗔 𝗕𝗨𝗦𝗪𝗔𝗬 𝗦𝗔 𝗤𝗖

Hilera ng mga concrete barrier sa ilalim ng Kamuning flyover sa EDSA Busway sa Quezon City, binangga ng isang pampasaherong bus. | via Allan Gatus",13,0,0,Not Relevant,1,Video,https://www.facebook.com/reel/2154383982011674/
https://www.facebook.com/dzbb594/videos/965297742578361/,Hihimayin at bubusisiin na nina Connie Sison at Arnold Clavio ang pinaka-pinag-uusapang mga balita sa #OneOnOneWalangPersonalan.,85,61,6,Not Relevant,1,Video,https://www.facebook.com/dzbb594/videos/965297742578361/
https://www.facebook.com/dzbb594/posts/pfbid0V6rhnuMpVLAZUctBg6xkhk5p1KGEBjY13MGn6yqEQjy8nGd521SgCxctjgWogaVul,"Walang kaso ng Ebola virus at hantavirus sa Pilipinas.

Ayon kay Dr. Rontgene Solante, isang infectious disease expert, nagkaroon na noon ng kaso ng Ebola virus sa bansa pero hindi katulad ng virus na nagdudulot ngayon ng outbreak sa ilang lugar sa Africa. ",1,1,0,Not Relevant,1,GenericAttachmentMedia,https://external-ord5-2.xx.fbcdn.net/emg1/v/t13/17918259543751860782?url=https%3A%2F%2Fi.ytimg.com%2Fvi%2Fdhjw8t7UOYg%2Fmaxresdefault.jpg&fb_obo=1&utld=ytimg.com&stp=c0.5000x0.5000f_dst-jpg_flffffff_p500x261_q75_tt6&_nc_gid=Pip2oxl_Qdre8o4KcUbbTw&_nc_oc=AdqmRFBjxeeMxK6PjvdEt9DN-t0NABod9VupIZZ79xM8p6KAwU4dt9jhu4iZWDAyCVo&ccb=13-1&oh=06_Q3-_AazCbHjBowpIppV7UJrosf0ofGHYQbmU-e4shx6XmQmE&oe=6A0E4199&_nc_sid=c97757
https://www.facebook.com/PAGASA.DOST.GOV.PH/videos/1551288703230911/,"Public Weather Forecast issued at 5:00 AM | May 13, 2026 - Wednesday

DOST-PAGASA Weather Specialist: Chenel Dominguez

#weatherreport  #dostpagasa 

PAGASA Weather Report (Subscribe for more weather updates)
Facebook Page (Like): / pagasa.dost.gov.ph
Twitter (Follow): / dost_pagasa
Website (Visit): http://bagong.pagasa.dost.gov.ph",1030,131,137,Not Relevant,1,Video,https://www.facebook.com/PAGASA.DOST.GOV.PH/videos/1551288703230911/
https://www.facebook.com/PAGASA.DOST.GOV.PH/posts/pfbid0ncQH4GzyZDbkDdxWjeqSUbEcFW7LCuGTavmQadCPWqFTDwQTGsoYgkuePfAHjfjvl,"24-HOUR PUBLIC WEATHER FORECAST
Issued at 4:00 AM, 13 May 2026

SYNOPSIS: At 3:00 AM today, the Low Pressure Area (formerly ""CALOY"") was estimated based on all available data at 495 km East of Virac, Catanduanes (13.8°N, 128.8°E).

Forecast Weather Conditions

Area: Metro Manila and the rest of the country
Weather Condition: Partly cloudy to cloudy skies with isolated rainshowers or thunderstorms
Caused By: Localized Thunderstorms
Impacts: Possible flash floods or landslides during severe thunderstorms

Forecast Wind and Coastal Water Conditions

Area: Palawan
Wind Speed: Light to Moderate
Wind Direction: North to Northwest
Coastal Waters: Slight to Moderate / (0.6 to 1.5 meters)

Area: Visayas and the rest of Luzon
Wind Speed: Light to Moderate
Wind Direction: Northeast to Northwest
Coastal Waters: Slight to Moderate / (0.6 to 1.5 meters)

Area: Mindanao
Wind Speed: Light to Moderate
Wind Direction: Southwest
Coastal Waters: Slight to Moderate / (0.6 to 1.5 meters)

Extremes of Temperature and Relative Humidity for The 24-hour Period Ending 8:00 PM YESTERDAY

Minimum Temperature: 26.3 °C ... 6:30 AM
Maximum Temperature: 36.7 °C... 3:00 PM

Minumum Relative Humidity: 42 % ... 3:00 PM
Maximum Relative Humidity: 79 % ... 5:00 AM

TIDES AND ASTRONOMICAL INFORMATION Over Metro Manila

sunrise today: 5:29AM
sunset today: 6:16PM
moonrise today: 2:19AM
moonset today: 2:46PM
illumination today: 16%

For other information about weather, please log on to pagasa.dost.gov.ph or bagong.pagasa.dost.gov.ph or call at (02)927-1335/(02)926-4258",191,0,75,Severe,1,Photo,https://www.facebook.com/photo/?fbid=1440225501482432&set=a.365711365600523
https://www.facebook.com/PAGASA.DOST.GOV.PH/posts/pfbid0KTV14qcBNvD8Vm4P8JGqV4oQjbRA5saCrFw1gDHyyyx3ve4Ybt2jzz2JxVUkjgjYl,"As of 2:00 AM today, 13 May 2026, a Low Pressure Area (LPA 05b) is being monitored inside the Philippine Area of Responsibility (PAR) and is ""UNLIKELY"" to redevelop into a tropical depression within the next 24 hours.

All are advised to monitor updates from DOST-PAGASA.",370,0,143,Not Relevant,1,Photo,https://www.facebook.com/photo/?fbid=1440212031483779&set=a.365711365600523
https://www.facebook.com/News5Everywhere/posts/pfbid02ir6BMvPLK91yg5HYdNJWmVtZzXxa2bMNRQVQQj2164sArCxywT1SJteAxqTBs2Gbl,"UPDATE SA BULKANG MAYON

Nakapagtala ang PHIVOLCS ng 31 volcanic earthquakes, 21 volcanic tremors, at 287 rockfall events sa Bulkang Mayon ngayong Martes, May 19.

Naitala rin sa bulkan ang 14 na pyroclastic density current signals, lava effusion, at lava flow.

Nananatiling nakataas ang Alert Level 3 sa bulkan dahil sa patuloy na aktibidad nito.

📸: PHIVOLCS-DOST",27,0,4,Not Relevant,1,Photo,https://www.facebook.com/photo/?fbid=1509944924497369&set=a.647063397452197
https://www.facebook.com/reel/1888200931878889/,"HINDI 'UNDER ATTACK' ANG SENADO

Iginiit ni Palace Press Officer Usec. Claire Castro na ang nagyaring gulo sa Senado ay bunga ng liderato ni Senate President Alan Peter Cayetano.",469,148,20,Not Relevant,1,Video,https://www.facebook.com/reel/1888200931878889/
https://www.facebook.com/reel/3120999518094359/,"LUGI ANG MGA MAGSASAKA NG REPOLYO

Napilitan nang ibenta ng mga magsasaka sa Benguet ang kanilang pananim na repolyo sa mas mababang presyo. Mababa raw kasi ang kuha sa kanila kapag ibinenta nila ito sa bagsakan sa La Trinidad.",161,26,10,Not Relevant,1,Video,https://www.facebook.com/reel/3120999518094359/
https://www.facebook.com/PAGASA.DOST.GOV.PH/posts/pfbid0SxuNse6Wx6fp5raoLTDea9SnJCqeEHrDvxCvAPpKqd77e9kF7tkK67g1BmESSJ3Zl,"As of 8:00 PM today, 12 May 2026, a Low Pressure Area (LPA 05b) is being monitored inside the Philippine Area of Responsibility (PAR) and is ""UNLIKELY"" to redevelop into a tropical depression within the next 24 hours.

Meanwhile, the Low Pressure Area (LPA 05c) being monitored outside the PAR has dissipated.

All are advised to monitor updates from DOST-PAGASA.",683,27,122,Not Relevant,1,Photo,https://www.facebook.com/photo/?fbid=1439907981514184&set=a.365711365600523
https://www.facebook.com/PAGASA.DOST.GOV.PH/posts/pfbid02kpS6bMEUA7G1Hpi3KSnK4FYxRhMohqaQp13MECb7yDnorXzeZ7q1XueQD7Bhq63Ul,"General Flood Advisories
Issued @6PM, 12 May 2026

Region 3 (Central Luzon) - GFA#1
BARMM - GFA#1",71,1,10,Moderate,3,Photo; Photo,https://www.facebook.com/PAGASA.DOST.GOV.PH/posts/pfbid02kpS6bMEUA7G1Hpi3KSnK4FYxRhMohqaQp13MECb7yDnorXzeZ7q1XueQD7Bhq63Ul; https://scontent-ord5-3.xx.fbcdn.net/v/t39.30808-6/696772635_1439746751530307_1401239527689473504_n.jpg?stp=dst-jpg_p552x414_tt6&_nc_cat=107&ccb=1-7&_nc_sid=127cfc&_nc_ohc=PRmfJL5XQFQQ7kNvwEOY4nW&_nc_oc=AdpsID86Ua0zbA6Sjd1NKqR_F16Lb5XiI145ZBPMTtwvbUtAM_LNsvgGizKvbOLhGMQ&_nc_zt=23&_nc_ht=scontent-ord5-3.xx&_nc_gid=_dCvW5qmjoFpglxBUV1ToQ&_nc_ss=72289&oh=00_Af7aR0RLqHWJL0OB7Iss0UogqbMakAdwHWt_nvqtR1J3Lw&oe=6A1207A6; https://scontent-ord5-2.xx.fbcdn.net/v/t39.30808-6/692578701_1439746754863640_6603692211786655923_n.jpg?stp=dst-jpg_s590x590_tt6&_nc_cat=103&ccb=1-7&_nc_sid=127cfc&_nc_ohc=FzkKizj1-K4Q7kNvwHJcYPP&_nc_oc=Adr9laDhq8iNgdCcbADSiPf0Q0_jANTHDAhLbNsZt4dwzuZ3cEsfLLsIEjZ_kCjEts0&_nc_zt=23&_nc_ht=scontent-ord5-2.xx&_nc_gid=_dCvW5qmjoFpglxBUV1ToQ&_nc_ss=72289&oh=00_Af6CMFKEp4V3CYLblatw1OPiYU7lGiaNj4UlJnZj_khbaw&oe=6A1218E4
https://www.facebook.com/PAGASA.DOST.GOV.PH/posts/pfbid05UNzydC2Npu4qE87DJ3uGBJ7Xc3H6Yz4znsBrbFd2tTkWTfWY6vnh56bWmwGaVMTl,"Highest Computed 5-day Heat Index with 2-day Forecast 
Issued as of 5:00 PM, 12 May 2026 

For more information about the heat index: 
https://www.pagasa.dost.gov.ph/weather/heat-index 

Information from the DOH Philippines about heat-related illnesses during extremely hot weather:
https://bit.ly/DOHPhPublicHealthAdvisory 

Don't forget to take necessary precautions and stay cool and hydrated everyone! ☀️🌡️ 
#HeatIndex #AngInit",156,5,72,Not Relevant,4,Photo; Photo; Photo,https://www.facebook.com/PAGASA.DOST.GOV.PH/posts/pfbid05UNzydC2Npu4qE87DJ3uGBJ7Xc3H6Yz4znsBrbFd2tTkWTfWY6vnh56bWmwGaVMTl; https://scontent-ord5-3.xx.fbcdn.net/v/t39.30808-6/694880838_1439742104864105_450384733951747215_n.jpg?stp=dst-jpg_s590x590_tt6&_nc_cat=109&ccb=1-7&_nc_sid=127cfc&_nc_ohc=0xcWcO7-aMAQ7kNvwGTV4mM&_nc_oc=AdpSPIkrbvfWQUHqfYmqTdjOf9JIE-k5sclUSVIqKAuJhORIpBih5pAIbWzfrzHGm2k&_nc_zt=23&_nc_ht=scontent-ord5-3.xx&_nc_gid=_dCvW5qmjoFpglxBUV1ToQ&_nc_ss=72289&oh=00_Af4x5ntWMqBEDcIbhEAbBQZBEzJEPbhhtGP0SbKZiAwAIQ&oe=6A12174F; https://scontent-ord5-2.xx.fbcdn.net/v/t39.30808-6/694991464_1439743184863997_8925387679833734374_n.jpg?stp=dst-jpg_s590x590_tt6&_nc_cat=102&ccb=1-7&_nc_sid=127cfc&_nc_ohc=mSIOuzhsc5MQ7kNvwGQVXCr&_nc_oc=Adrzgm0tWvyGRZhhtehZxNWQ5CQAQeIu3eWibUUL81TXIaXvGw9PwebQr0iCY9K6PIk&_nc_zt=23&_nc_ht=scontent-ord5-2.xx&_nc_gid=_dCvW5qmjoFpglxBUV1ToQ&_nc_ss=72289&oh=00_Af6laJENCeUveMTo56t7HaGaxBx06AS50TG3Yu3D31ujDA&oe=6A122860; https://scontent-ord5-3.xx.fbcdn.net/v/t39.30808-6/697868962_1439743354863980_2792866603676181905_n.jpg?stp=dst-jpg_p552x414_tt6&_nc_cat=110&ccb=1-7&_nc_sid=127cfc&_nc_ohc=QlFEUHCcYPIQ7kNvwFe008b&_nc_oc=Adp70EWFBxMGiHQAuqJuU-XkhoQRx-PwUgRSv-hvuJtBf-gZFfD5hlWghD4pzoDCgFs&_nc_zt=23&_nc_ht=scontent-ord5-3.xx&_nc_gid=_dCvW5qmjoFpglxBUV1ToQ&_nc_ss=72289&oh=00_Af53SDvFLGn90ZKAMOlFTXdce0Roi8Iygbp9UDy732gjJA&oe=6A1223C6
https://www.facebook.com/reel/1990110545199746/,"WEATHER UPDATE

Mas mapapadalas na ang pag-ulan simula sa susunod na linggo dahil sa inaasahang pag-iral ng southwesterly wind. Magtutuloy-tuloy na ito hanggang sa pagpasok ng tag-ulan sa Hunyo. Sa ngayon, patuloy na nagdadala ng mainit at maalinsangang panahon ang easterlies.",456,12,16,Not Relevant,1,Video,https://www.facebook.com/reel/1990110545199746/
https://www.facebook.com/reel/2463590274090770/,"PROBLEMA SA KURYENTE

Matapos ang mga naitalang rotational brownout, inatasan ni Pres. Bongbong Marcos ang Department of Energy na siguruhing stable ang power grid.",71,16,5,Not Relevant,1,Video,https://www.facebook.com/reel/2463590274090770/
https://www.facebook.com/reel/1327031176006699/,"BREAST CANCER JOURNEY NI KAYE ABAD

Kasabay ng kanyang birthday vlog, isiniwalat ng aktres na si Kaye Abad ang pagkakaroon niya ng breast cancer.",165,0,4,Not Relevant,1,Video,https://www.facebook.com/reel/1327031176006699/
https://www.facebook.com/PhilippineSTAR/posts/pfbid023R1efej6QBWVGQAPVZvrH2XmhdD73kaKUst3EyURrpwaigN15QVtdwEFcTkgZGnJl,"Rising P-pop girl group KAIA is gaining momentum globally after their powerful live rendition of HUNTR/X’s “Take Down” went viral online, earning praise from fans and international netizens alike. https://tinyurl.com/mw2jxftf | via LatestChika.com",3910,143,171,Not Relevant,1,Photo,https://www.facebook.com/photo/?fbid=1489171973246677&set=a.602294451934438
https://www.facebook.com/PhilippineSTAR/posts/pfbid0ByvFu1fouqFy73YdSP3KNqax488hjHv3pYrkM37FsQZzWahU61vhCBChkLEBXGGWl,"ENTERTAINMENT HEADLINES (Tuesday, May 19, 2026)
Subscribe to the paper: https://philstarsubscribe.com/

Rabin Angeles and Angela Muji: ‘What You See Is What You Get’
https://tinyurl.com/n5hv25m4

There’s More To Celebrate For Cup Of Joe
https://tinyurl.com/3ayu8v7p

Inigo Pascual back to his roots with Ikaw at Ikaw under Star Music
https://tinyurl.com/2benttpd",79,2,53,Not Relevant,1,Photo,https://www.facebook.com/photo/?fbid=1489171996580008&set=a.602294451934438
https://www.facebook.com/PhilippineSTAR/posts/pfbid02wLhXhrh5tSiiqm3m8M5e4wgjJsgnmdTPw3hFhctriULu8ZE4xNwLUQJku9X9ivVql,OPM band Cup of Joe announced that their upcoming “Stardust” tour stops in Davao and Cagayan de Oro will no longer push through on their original dates. https://tinyurl.com/2czf35f5 | via LatestChika.com,703,174,31,Not Relevant,1,Photo,https://www.facebook.com/photo/?fbid=1489171186580089&set=a.602294451934438
https://www.facebook.com/PAGASA.DOST.GOV.PH/posts/pfbid0V5DfcdQ6iykadYqgiT2Gu5YxUqrCmcLGFziKaCSDLJFH3SZc1oXjFeEuZPC968Yzl,"Highest Computed 5-day Heat Index
Issued as of 5:00 PM, 12 May 2026 

For more information about the heat index: 
https://www.pagasa.dost.gov.ph/weather/heat-index 

Information from the DOH Philippines about heat-related illnesses during extremely hot weather:
https://bit.ly/DOHPhPublicHealthAdvisory 

Forecast for the next 2 days will be available at 6:30 PM.

Don't forget to take necessary precautions and stay cool and hydrated everyone! ☀️🌡️ 
#HeatIndex #AngInit",193,3,88,Not Relevant,3,Photo; Photo,https://www.facebook.com/PAGASA.DOST.GOV.PH/posts/pfbid0V5DfcdQ6iykadYqgiT2Gu5YxUqrCmcLGFziKaCSDLJFH3SZc1oXjFeEuZPC968Yzl; https://scontent-lga3-2.xx.fbcdn.net/v/t39.30808-6/695729022_1439704988201150_807219946583281045_n.jpg?stp=dst-jpg_s590x590_tt6&_nc_cat=101&ccb=1-7&_nc_sid=127cfc&_nc_ohc=uqmKKAbvkZgQ7kNvwFQAzIF&_nc_oc=AdqBXpfWnX45Kyy5crA8g86tGl-At6-hkWgJ9r9-doNoOpDTf5LR5RxUseU4We4lcgE&_nc_zt=23&_nc_ht=scontent-lga3-2.xx&_nc_gid=5xjsF4A5ZoU2attGT60rUQ&_nc_ss=7c289&oh=00_Af7Rz1FX6MKjpdXh7UyAOEcfANQnjCXVN-93C8QcHh5wgQ&oe=6A121299; https://scontent-lga3-2.xx.fbcdn.net/v/t39.30808-6/697084642_1439705191534463_6352559523370777556_n.jpg?stp=dst-jpg_s590x590_tt6&_nc_cat=100&ccb=1-7&_nc_sid=127cfc&_nc_ohc=J2cDuoVXsdMQ7kNvwH9dCVd&_nc_oc=AdrKFmcinbRynR25cvMAGlkuYFPa61Cro67HGjF6NwE-2qzf6355wNzZDND7yMBr8yM&_nc_zt=23&_nc_ht=scontent-lga3-2.xx&_nc_gid=5xjsF4A5ZoU2attGT60rUQ&_nc_ss=7c289&oh=00_Af6M0uvG3Tmfqf8k0aIJY-EkRXo4oKv-9Dfx0CgjiDVS8g&oe=6A123381
https://www.facebook.com/PAGASA.DOST.GOV.PH/videos/28835596316041021/,"Public Weather Forecast issued at 5:00 PM | May 12, 2026 - Tuesday

DOST-PAGASA Weather Specialist: Benison Estareja

#weatherreport  #dostpagasa",1258,157,135,Not Relevant,1,Video,https://www.facebook.com/PAGASA.DOST.GOV.PH/videos/28835596316041021/
https://www.facebook.com/PAGASA.DOST.GOV.PH/posts/pfbid0UUvkrE3y45FhKbUUAVkP3zuCQLeqttQfkKE7eeFhX7ZqcX7DwE7UZihft33mtNjYl,"24-HOUR PUBLIC WEATHER FORECAST
Issued at 4:00 PM, 12 May 2026

SYNOPSIS: At 3:00 PM today, the Low Pressure Area (formerly ""CALOY"") was estimated based on all available data at 490 km East of Catarman, Northern Samar (13.1°N, 129.1°E).

Forecast Weather Conditions

Area: Metro Manila and the rest of the country
Weather Condition: Partly cloudy to cloudy skies with isolated rainshowers or thunderstorms
Caused By: Localized Thunderstorms
Impacts: Possible flash floods or landslides during severe thunderstorms

Forecast Wind and Coastal Water Conditions

Area: The eastern sections of Southern Luzon and Visayas
Wind Speed: Light to Moderate
Wind Direction: Northeast to Northwest
Coastal Waters: Slight to Moderate / (0.6 to 1.8 meters)

Area: The eastern sections of Northern and Central Luzon
Wind Speed: Light to Moderate
Wind Direction: Southeast to Southwest
Coastal Waters: Slight to Moderate / (0.6 to 1.5 meters)

Area: Mindanao
Wind Speed: Light to Moderate
Wind Direction: Southwest
Coastal Waters: Slight to Moderate / (0.6 to 1.5 meters)

Area: The rest of the country
Wind Speed: Light to Moderate
Wind Direction: North to Northwest
Coastal Waters: Slight to Moderate / (0.6 to 1.2 meters)

Extremes of Temperature and Relative Humidity for The 24-hour Period Ending 4:00 PM TODAY

Minimum Temperature: 28.1 °C ... 5:00 AM
Maximum Temperature: 35.1 °C... 3:00 PM

Minumum Relative Humidity: 46 % ... 3:00 PM
Maximum Relative Humidity: 72 % ... 5:00 AM

TIDES AND ASTRONOMICAL INFORMATION Over Metro Manila

sunrise tomorrow: 5:29AM
sunset today: 6:16PM
moonrise tomorrow: 2:19AM
moonset tomorrow: 2:46PM
illumination tomorrow: 16%

For other information about weather, please log on to pagasa.dost.gov.ph or bagong.pagasa.dost.gov.ph or call at (02)927-1335/(02)926-4258",142,1,57,Severe,1,Photo,https://www.facebook.com/photo/?fbid=1439671761537806&set=a.365711365600523
https://www.facebook.com/reel/1963139027686060/,"BEAST MODE SI LOLA

Good vibes ang hatid ng isang lola sa Vietnam matapos mapagkamalan na apo niya ang kanyang pinaghahampas at sinusundo sa computer shop.",58,0,0,Not Relevant,1,Video,https://www.facebook.com/reel/1963139027686060/
https://www.facebook.com/reel/974394338666951/,"DEPENSA NG NBI DRIVER-VOLUNTEER

Itinanggi ng inarestong driver-volunteer ng NBI na namaril siya sa nangyaring putukan sa Senado noong May 13. Pinag-aaralan na ng kampo niya ang pagsasampa ng reklamo laban sa mga umaresto sa kanya.",342,63,6,Not Relevant,1,Video,https://www.facebook.com/reel/974394338666951/
https://www.facebook.com/News5Everywhere/posts/pfbid02oHprnDZTGPCdrUBVuDtrCkcVuU9VKu2NufQzDuHxMMmbC7ETFmeiVdywXncqvpQzl,"‘KIDNAPPER’ VS. ‘KILLER’

Pumalag si Palace Press Officer Usec. Claire Castro sa pahayag ni Sen. Robin Padilla na nagtatago umano si Sen. Bato dela Rosa sa mga “kidnapper” kaya ito umalis sa Senate premises noong Huwebes, May 14.

Nauna nang lumutang si Sen. Bato pagtapos ng anim na buwan para bumoto sa bagong Senate leadership noong Lunes, May 11.",8050,2652,239,Not Relevant,1,Photo,https://www.facebook.com/photo/?fbid=1509914684500393&set=a.647063397452197
https://www.facebook.com/inquirerdotnet/posts/pfbid02Pc59v6PX9PVb6sZppE4BhyTiZZhj71vz91XtDjWyj1t1eQusc3ZCMHaAwoFdjNUVl,Karate One-Youth League: PH karatekas strike gold on final day,0,0,0,Not Relevant,1,,
https://www.facebook.com/reel/802576602933629/,"The Office of the Ombudsman’s Field Investigation Bureau is asking the Senate for a list of media personnel inside the Senate premises during the shooting incident.

Read more: https://inqnews.net/OmbudsmanSenate",34,6,1,Not Relevant,1,Video,https://www.facebook.com/reel/802576602933629/
https://www.facebook.com/inquirerdotnet/posts/pfbid0GWtyh357ReejNhsGJpRtnC6orLdkUsB78rGYcBCScrjVBDHE66yTNE68ExMtU4V9l,"ACCOUNTABILITY DEMANDED

LOOK: House Deputy Minority Leader and ACT Teachers Partylist Rep. Antonio Tinio submits a letter and documents to the Office of the Ombudsman in Quezon City on Tuesday, May 19, urging the Ombudsman to investigate Davao City 1st District Rep. Paolo ""Pulong"" Duterte regarding flood control projects along the Davao and Matina Rivers from 2019 to 2022. | 📷: Grig C. Montegrande, Philippine Daily Inquirer",2826,666,58,Not Relevant,5,Photo; Photo; Photo; Photo,https://www.facebook.com/inquirerdotnet/posts/pfbid0GWtyh357ReejNhsGJpRtnC6orLdkUsB78rGYcBCScrjVBDHE66yTNE68ExMtU4V9l; https://scontent-sjc6-1.xx.fbcdn.net/v/t39.30808-6/700722975_1426406903003594_274485269401005884_n.jpg?stp=dst-jpg_s590x590_tt6&_nc_cat=107&ccb=1-7&_nc_sid=127cfc&_nc_ohc=Kd7jiTP_QXQQ7kNvwHYneg-&_nc_oc=AdpTi275RACX2Iwry6jMe9DxmF-fJGF4lw4CYtXTqNjX9DwBCRbnVzVzSYLTyQ8fpRU&_nc_zt=23&_nc_ht=scontent-sjc6-1.xx&_nc_gid=1AkoyU0WrlZnuFlOZNx4-A&_nc_ss=72289&oh=00_Af6sWFflXU_H6TZ0ezf-8bSLUhJdfrAurvb-hjD_iUFGCA&oe=6A120CB7; https://scontent-sjc6-1.xx.fbcdn.net/v/t39.30808-6/703954292_1426406899670261_3235632460487634950_n.jpg?stp=dst-jpg_s590x590_tt6&_nc_cat=111&ccb=1-7&_nc_sid=127cfc&_nc_ohc=yQG0erxjdjsQ7kNvwEYtDcZ&_nc_oc=AdoOXD-vVTZ9E6O0UZpOEik5ktnsA1ZugtLV40-Zw0DZ-HyuZYOnAOJuibGov4vMIoY&_nc_zt=23&_nc_ht=scontent-sjc6-1.xx&_nc_gid=1AkoyU0WrlZnuFlOZNx4-A&_nc_ss=72289&oh=00_Af5AQgRzirolFPNhuGWaZzW7oU3TWZzcq7OeTE1OlnLScw&oe=6A121B55; https://scontent-sjc6-1.xx.fbcdn.net/v/t39.30808-6/703897064_1426406896336928_6259371687792941140_n.jpg?stp=dst-jpg_s590x590_tt6&_nc_cat=102&ccb=1-7&_nc_sid=127cfc&_nc_ohc=ge_WHKEBvVAQ7kNvwE0s_SR&_nc_oc=AdqG6M7IKwdEU6UDVnvpZC2DUj7GV1b4WSIJTH-ZZB4dZ7omU4mhfLLAbqTLZWEKrPw&_nc_zt=23&_nc_ht=scontent-sjc6-1.xx&_nc_gid=1AkoyU0WrlZnuFlOZNx4-A&_nc_ss=72289&oh=00_Af4o_kyiyQBJfqJ2OfsCAdsX2YwU499mKoeak58NuInqHw&oe=6A123642; https://scontent-sjc6-1.xx.fbcdn.net/v/t39.30808-6/702144474_1426407233003561_455171678141400324_n.jpg?stp=dst-jpg_s590x590_tt6&_nc_cat=100&ccb=1-7&_nc_sid=127cfc&_nc_ohc=Lp5ZwXajz1wQ7kNvwHasHh3&_nc_oc=AdpKA1VaUrZLuNYDDd7jYDAAM_36H7ikJveg54q_IFqXx45HSiP-52agZpAHJxvor3M&_nc_zt=23&_nc_ht=scontent-sjc6-1.xx&_nc_gid=1AkoyU0WrlZnuFlOZNx4-A&_nc_ss=72289&oh=00_Af5sOkO2zPqjmHmyWlJuciNP4SbkrJrYX4ZAabK1jwSyUg&oe=6A122049
https://www.facebook.com/PAGASA.DOST.GOV.PH/posts/pfbid028MoDurfGJGBc3bPK6k3LmtUugwoxn38GXRywStgWxjy2z3SqB2jxcX7mrhkqNgYPl,"As of 2:00 PM today, 12 May 2026, a Low Pressure Area (LPA 05b) is being monitored inside the Philippine Area of Responsibility (PAR) and is ""UNLIKELY"" to develop into a tropical depression within the next 24 hours.

Meanwhile, a Low Pressure Area (LPA 05c) is being monitored outside the PAR and is ""UNLIKELY"" to develop into a tropical depression within the next 24 hours.

All are advised to monitor updates from DOST-PAGASA.",690,29,197,Not Relevant,1,Photo,https://www.facebook.com/photo/?fbid=1439658111539171&set=a.365711365600523
https://www.facebook.com/PAGASA.DOST.GOV.PH/posts/pfbid02qSKqBFxXcMZWVQLqHTJvhvWzZHoRPamQYxcwogrmDLD6oES6yQqt4EPawp4FGAMEl,"As of 8:00 AM today, 12 May 2026, a Low Pressure Area (LPA 05b) is being monitored inside the Philippine Area of Responsibility (PAR) and is ""UNLIKELY"" to develop into a tropical depression within the next 24 hours.

Meanwhile, a Low Pressure Area (LPA 05c) is being monitored outside the PAR and is ""UNLIKELY"" to develop into a tropical depression within the next 24 hours.

All are advised to monitor updates from DOST-PAGASA.",674,49,218,Not Relevant,1,Photo,https://www.facebook.com/photo/?fbid=1439422558229393&set=a.365711365600523
https://www.facebook.com/PAGASA.DOST.GOV.PH/posts/pfbid0VnVzKEgueYWkCnqZdf2GfQ5GMAwA2miFq4SDmRi6VSea9ugGsmcak7u8Y5TCkGkfl,"Hydrological Forecast for Cagayan River Basin    
 Issued at 8:30AM, 12 May 2026",39,0,5,Mild,1,Photo,https://www.facebook.com/photo/?fbid=1439390774899238&set=a.365711365600523
https://www.facebook.com/inquirerdotnet/posts/pfbid02pd9TohutYvhaMEY8ZQ5EpS6WtZgzPtVpk5j3irX6KRFq5NuLhtHrPRQG7Q57s5GBl,Arsenal on verge of Premier League title after beating Burnley,1,0,0,Not Relevant,1,,
https://www.facebook.com/inquirerdotnet/posts/pfbid0dhjF1TMDSZ44WJEM9N1L5rfFKWf1qzL723QkV2Ue3cH1gegea6EBYzWmTpBhQUhvl,Rico Blanco having impostor syndrome after landing first leading man role at 53,0,0,0,Not Relevant,1,,
https://www.facebook.com/inquirerdotnet/posts/pfbid0xS3NLA4L6QpGfQ3uTRzoQEgx3R6Z1Z6Anfi6uWr6qWxt68XXLU1zk2sV5dg5VD1pl,NBA: Pelicans hire ex-Magic coach Jamahl Mosley,1,0,0,Not Relevant,1,,
https://www.facebook.com/PhilippineSTAR/posts/pfbid03Ls1bAwpZ4ovvbMhRT3T8JofnMaxQ92mdrqfQLhvo1DuiV67aWK7qHMZPJs5Tzzpl,"TODAY'S EDITORIAL: The Senate convened on Monday as an impeachment court for the trial of Vice President Sara Duterte, approving the issuance of an order summoning her to appear before the chamber. https://tinyurl.com/yjtus5ya",30,1,6,Not Relevant,1,Photo,https://www.facebook.com/photo/?fbid=1489168753246999&set=a.602294451934438
https://www.facebook.com/PhilippineSTAR/posts/pfbid0jYPZ5vnLKFpHwmx2uoswPjvJKW4dr8pWkHjjX2Rf9iQxmP8U6AEYrqd3tzxXXkiAl,"HAPPY MUTYA DAY! 🩵✨

Actress-singer Ashtine Olviga is celebrating her 27th birthday today, May 19, 2026.

She is known for her roles in “Ang Mutya ng Section E,” “Manila’s Finest,” and “Minamahal.”

Aside from acting, she also released her debut single “Love Like U.”

Watch her #OnTheRise story here: https://www.youtube.com/watch?v=2UcavFc0S3U&t=143s",14793,207,493,Not Relevant,1,Photo,https://www.facebook.com/photo/?fbid=1489162643247610&set=a.602294451934438
https://www.facebook.com/PhilippineSTAR/posts/pfbid02po5se9bP2v87EX6Uqg7yAMZJBSAPHUXapgASwSGAurGitnhJBAv58EPDhEtboMJSl,"President Marcos took a swipe at Vice President Sara Duterte on Monday, stressing that his administration “never sleeps, never takes vacations” as it works to respond to the needs of the people amid their strained relationship. https://tinyurl.com/yvdpjt5k",2901,728,115,Not Relevant,1,Photo,https://www.facebook.com/photo/?fbid=1489141393249735&set=a.602294451934438
https://www.facebook.com/dzbb594/posts/pfbid02CA5H2dxgpPgeRQ7PsFW7g8YTmE1ZZfXaTXg9AYvefpPATiZVSDiDTHDnnt3NFeV9l,"Tinawag ng isang law expert na kalokohan ang sinasabi ng kampo ni Sen. Ronald dela Rosa na kailangan muna ng warrant of arrest mula sa lokal na korte bago maipatupad ang waraant of arrest ng International Criminal Court (ICC).

Ayon kay Atty. Jose Roy III, dating pangulo at law dean ng Pamantasan ng Lungsod ng Maynila (PLM), malinaw na nakasaad sa Rome Statute na maaari lang dalhin sa lokal na korte ang kaso kapag naaresto na ang indibiduwal na may ICC warrant.

Aniya, dapat magpaaresto muna si dela Rosa bago ito dumulog sa lokal na korte. ",57,34,2,Not Relevant,1,GenericAttachmentMedia,https://external-lga3-1.xx.fbcdn.net/emg1/v/t13/10270253149728115666?url=https%3A%2F%2Fi.ytimg.com%2Fvi%2Fytb67KXNSyM%2Fmaxresdefault.jpg&fb_obo=1&utld=ytimg.com&stp=c0.5000x0.5000f_dst-jpg_flffffff_p500x261_q75_tt6&_nc_gid=9a0VwbOhOVTVWkPSOTT2tw&_nc_oc=AdorqnjUY9EcJYF4VDYEIHIC9qpqfMrU34ZM27WHwh3itpg5JObdyAhZrE9ebr6Iy4s&ccb=13-1&oh=06_Q3-_AUGDrs6eSIGWUeg5hdrkCTRmPKDEDi7LXBrORbkMvDWs&oe=6A0E172B&_nc_sid=c97757
https://www.facebook.com/reel/1265559198897511/,"𝗡𝗔𝗦𝗔𝗪𝗜 𝗠𝗔𝗧𝗔𝗣𝗢𝗦 𝗠𝗔𝗞𝗨𝗥𝗬𝗘𝗡𝗧𝗘

Lalaki, patay matapos makuryente sa kasagsagan ng pagbaha sa Davao City. | via John Ryan Calonia, Super Radyo Davao",11,4,3,Severe,1,Video,https://www.facebook.com/reel/1265559198897511/
https://www.facebook.com/dzbb594/videos/980976697856822/,Hatid nina Rowena Salvacion at Joel Reyes Zobel ang mainit na talakayan sa pinakamalalaking isyu ng bansa sa #SaksiSaDobolB.,73,92,3,Not Relevant,1,Video,https://www.facebook.com/dzbb594/videos/980976697856822/
https://www.facebook.com/PAGASA.DOST.GOV.PH/posts/pfbid0cLYxUXAcNbDV5WqjrZTUmQT2PFheQjBy1PzBS9vjxUB7kr7gdDLiQjWpaHF6x91jl,"Hydrological Forecast for Agno River Basin             
Issued at 8:30AM, 12 May 2026",39,0,3,Mild,1,Photo,https://www.facebook.com/photo/?fbid=1439386218233027&set=a.365711365600523
https://www.facebook.com/PAGASA.DOST.GOV.PH/posts/pfbid07QYD7mJZp6p4tBbbY62QWqVBkVRL4AV4wFMp6GumCk1D9WVsxTsGpmnPS3kceQ6Kl,"Hydrological Forecast for Bicol River Basin   
Issued at 8:30AM, 12 May 2026",29,0,2,Mild,1,Photo,https://www.facebook.com/photo/?fbid=1439381911566791&set=a.365711365600523
https://www.facebook.com/PAGASA.DOST.GOV.PH/posts/pfbid02knU5hheXSz1JED7QqBS2PUBEtw1ShcL9LMQ6a3J5Hbcoqx5VV5Xc6gZSt9y3x569l,"Dam Updates as of 8:00 AM, 12 May 2026",54,0,10,Not Relevant,1,Photo,https://www.facebook.com/photo/?fbid=1439381024900213&set=a.365711365600523
https://www.facebook.com/PhilippineSTAR/posts/pfbid02d43uuYhuZTcNmZczsJQAZvwaxu5BgSdz1AJi23mojNorLfoAzkovetj7pLJnD9aFl,The Marcos administration has allocated P186 million to provide scholarships for students who want to enroll in state-run medical schools but are financially challenged. https://tinyurl.com/3a73uf28,821,49,69,Not Relevant,1,Photo,https://www.facebook.com/photo/?fbid=1489140953249779&set=a.602294451934438
https://www.facebook.com/PhilippineSTAR/posts/pfbid0EgrUzFDwyoNRrKVicpE9E7WhNQPFkpdzvRgqJFAoge7rpfrPgxsqrJaEHnX1nzFvl,"Five fake news purveyors inciting violence on social media following the Senate shooting will face cybercrime charges, the Philippine National Police said on Monday. https://tinyurl.com/2jydvj68",46,5,4,Not Relevant,1,Photo,https://www.facebook.com/photo/?fbid=1489140406583167&set=a.602294451934438
https://www.facebook.com/PhilippineSTAR/posts/pfbid02XsiskyYahvzkDHxABBN9xFznLv3oKCnxFqLvwcfffdzrDfws4eQycDUseB1oKtogl,British lawyer Peter Haynes has been formally appointed as the new defense counsel of former president Rodrigo Duterte at the International Criminal Court. https://tinyurl.com/yz9eay8a,237,59,2,Not Relevant,1,Photo,https://www.facebook.com/photo/?fbid=1489139866583221&set=a.602294451934438
https://www.facebook.com/dzbb594/posts/pfbid02gJ12H6xwSvKM3Zf5BHWaqkjzNAAqpsf6xNq9yCAM1hwmgTVq2pVAfJ7LHphD6Dppl,"𝗠𝗔𝗟𝗔𝗟𝗔 𝗣𝗔 𝗞𝗔𝗬 𝗛𝗨𝗗𝗔𝗦 𝗔𝗡𝗚 𝗞𝗔𝗞𝗔𝗟𝗔𝗦

Masahol pa kay hudas ang sinumang kakalas sa 13 miyembro ngayon ng Senate Majority bloc at may hawak ng liderato ng Senado.

Ito ang idiniin ni Sen. Rodante Marcoleta, na naglahad na nanggaling ang pananalitang ito kay Sen. Camille Villar na isa sa mga kasama niya noong Miyerkules ng gabi nang magkabarilan sa Senado dahil sa umano’y tangkang pag-aresto kay Sena. Ronald dela Rosa.

Ayon kay Marcoleta, nagsakripisyo si dela Rosa para makuha ng kanilang grupo ang liderato ng Senado kaya sino aniya ang walang konsensiya na babalewala rito.",2857,1206,27,Not Relevant,1,Photo,https://www.facebook.com/photo/?fbid=1477229197783933&set=a.604255335081328
https://www.facebook.com/reel/1305904354305987/,"𝗡𝗔𝗚𝗣𝗨𝗟𝗢𝗡𝗚 𝗗𝗔𝗛𝗜𝗟 𝗦𝗔 𝗣𝗨𝗧𝗨𝗞𝗔𝗡 𝗦𝗔 𝗦𝗘𝗡𝗔𝗗𝗢

Matataas na opisyal ng Philippine National Police (PNP), nag-emergency meeting sa Camp Crame kaugnay ng nangyaring gulo sa Senado. | via Mark Makalalad",26,1,3,Not Relevant,1,Video,https://www.facebook.com/reel/1305904354305987/
https://www.facebook.com/reel/4454179361504986/,"𝗠𝗔𝗦𝗔𝗛𝗢𝗟 𝗣𝗔 𝗞𝗔𝗬 𝗛𝗨𝗗𝗔𝗦?

Mga kakalas sa kasalukuyang mayorya sa Senado, masahol pa kay hudas, ayon kay Sen. Rodante Marcoleta. | via Nimfa Ravelo",124,36,6,Not Relevant,1,Video,https://www.facebook.com/reel/4454179361504986/
https://www.facebook.com/inquirerdotnet/posts/pfbid02cztDofpSe3HUn5u4PcUd6Jj9VbtCxCrQz39yMN82GU2Q1RGdWQ5hSRfsK8e1JKuRl,Brush fire near Los Angeles forces thousands to evacuate,0,0,0,Not Relevant,1,,
https://www.facebook.com/inquirerdotnet/videos/967133679292211/,"Here’s a quick roundup of today’s top stories:

Ombudsman seeks list of media personnel present during Senate shooting
Read more: https://inqnews.net/OmbudsmanSenate

Bato dela Rosa camp rejects SolGen’s ‘fugitive from justice’ tag
Read more: https://inqnews.net/FugitiveFromJustice

ICC formally recognizes new counsel for Duterte
Read more: https://inqnews.net/HaynesDuterte",41,0,2,Not Relevant,1,Video,https://www.facebook.com/inquirerdotnet/videos/967133679292211/
https://www.facebook.com/inquirerdotnet/posts/pfbid0hw1pneV2ZMcGbWZLbiXQpPTzkoprJ1G3RfzjHfgy8sd8RnudpwM7yybuDy2DJkovl,"Ruffa Gutierrez’s daughter Lorin Bektas graduates, follows her own path",37,1,1,Not Relevant,1,,
https://www.facebook.com/PAGASA.DOST.GOV.PH/posts/pfbid0AGeUvncg2SHU3iei2sDojmL74pzQJBGqpYdUPkw6HX3YUgmoHYbodVRPXAGRKg5Jl,"General Flood Advisories
Issued @6AM, 12 May 2026

Region 9 (Zamboanga Peninsula) - GFA#2 Final
Region 10 (Northern Mindanao) - GFA#2 Final",57,1,10,Moderate,3,Photo; Photo,https://www.facebook.com/PAGASA.DOST.GOV.PH/posts/pfbid0AGeUvncg2SHU3iei2sDojmL74pzQJBGqpYdUPkw6HX3YUgmoHYbodVRPXAGRKg5Jl; https://scontent-hou1-1.xx.fbcdn.net/v/t39.30808-6/689014211_1439312054907110_8310408860901798955_n.jpg?stp=dst-jpg_s590x590_tt6&_nc_cat=111&ccb=1-7&_nc_sid=127cfc&_nc_ohc=V9cvqNfiP3kQ7kNvwGPcZdO&_nc_oc=AdoXR0zN-uYtDC2puWovQ9INYuYMiuHauyRwEXpBSnBCEA8xdy1tA57iQz7UpI7E6qo&_nc_zt=23&_nc_ht=scontent-hou1-1.xx&_nc_gid=yTpPFoKkOPulNmoHLULUiw&_nc_ss=72289&oh=00_Af7Pu-WXg4Z0YnMnkjgLiHlSEiK4yFjc1TKuj-6AO9oSCQ&oe=6A1224A0; https://scontent-hou1-1.xx.fbcdn.net/v/t39.30808-6/692166099_1439312051573777_561311509797019764_n.jpg?stp=dst-jpg_s590x590_tt6&_nc_cat=102&ccb=1-7&_nc_sid=127cfc&_nc_ohc=2BbITrM67hAQ7kNvwEApdfp&_nc_oc=AdrFr3M79ncH8WDS-PGWTST2zvwf29rL95EuY5ejkGgX7IRd1-OjH_Z4ggM9kh4JvK8&_nc_zt=23&_nc_ht=scontent-hou1-1.xx&_nc_gid=yTpPFoKkOPulNmoHLULUiw&_nc_ss=72289&oh=00_Af5I8Xx9Ou-m0IUBdDCe3ZjEklINGH86VB6CT7iB3ZX2vg&oe=6A123012
https://www.facebook.com/PAGASA.DOST.GOV.PH/videos/2018198985740751/,"Public Weather Forecast issued at 5:00 AM | May 12, 2026 - Tuesday

DOST-PAGASA Weather Specialist: Veronica C. Torres

#weatherreport  #dostpagasa 

PAGASA Weather Report (Subscribe for more weather updates)
Facebook Page (Like): / pagasa.dost.gov.ph
Twitter (Follow): / dost_pagasa
Website (Visit): http://bagong.pagasa.dost.gov.ph",1176,143,175,Not Relevant,1,Video,https://www.facebook.com/PAGASA.DOST.GOV.PH/videos/2018198985740751/
https://www.facebook.com/PAGASA.DOST.GOV.PH/posts/pfbid035ykkaTmyQct2Cj4hFGtk58TBfX8FTHsNTHwh71V9Dch22Lc9NCBa4KUNBuaahgckl,"Pampanga River Basin Update as of 5:00 AM, 12 May 2026",40,0,5,Moderate,1,Photo,https://www.facebook.com/photo/?fbid=1439284974909818&set=a.365711365600523
https://www.facebook.com/News5Everywhere/posts/pfbid02gvoeHQJzJhBHZaeujVsGenu2hqjUacBKJfXjh61NW63xH6BgM5BroMfvSk1DL5uXl,"WALANG HAWAK NA BARIL?

Itinanggi ng inarestong driver-volunteer ng National Bureau of Investigation (NBI) na namaril siya nang mangyari ang gulo sa Senate premises noong Miyerkules, May 13.

“May briefing ang mga ahente so more or less mga 30 minutes may naiwang bag sa isa sa sasakyan ng mga kasamahan namin at kailangan makuha kasi may gamot na laman… Bumalik ako mag-isa dala ‘yung personal na motorsiklo papuntang GSIS building,” paliwanag ng driver.

Pinag-aaralan na ng kanyang kampo ang pagsampa ng reklamo laban sa mga umaresto sa kanya. | via Nina Ongpauco",17678,3416,515,Not Relevant,1,Photo,https://www.facebook.com/photo/?fbid=1509909684500893&set=a.647063400785530
https://www.facebook.com/News5Everywhere/posts/pfbid075D2vf5Meojyiz8EEzJSvuLy4NXWKvbLHaVZUNhpw5XrQ32au73iERZHc4ZVkCDfl,"Narito na ang #Top5Balita ngayong Martes, May 19, 2026",238,25,10,Not Relevant,1,Photo,https://www.facebook.com/photo/?fbid=1509894474502414&set=a.647063397452197
https://www.facebook.com/News5Everywhere/posts/pfbid0a8fdDCNXFaMHCPLCWFPgM9cyekQAEB9VF37AEqXr8WRmTsoVqJg9THqarUeFWz1Rl,"DAILY PRAYER

Pagkalooban Niyo po kami lagi ng malusog na pangangatawan, Ama.",2079,509,238,Not Relevant,1,Photo,https://www.facebook.com/photo/?fbid=1509858474506014&set=a.647063400785530
https://www.facebook.com/inquirerdotnet/posts/pfbid0cJUcCfptjZ8BBfpdUT7RFaQ6N2AJtWbWmjK687ojcv95NtFDeALyMT83yEMYRN61l,Via Bandera,9,0,0,Not Relevant,0,,
https://www.facebook.com/inquirerdotnet/posts/pfbid02uU2zNy6EKTt121Dqc7tox1zrR2PqzQsWTQLVQfAJUgaFRkSQMi3kxcKQRXp3M9QWl,Prosecutors raring to present evidence in Sara Duterte impeachment trial,5,1,0,Not Relevant,1,,
https://www.facebook.com/inquirerdotnet/posts/pfbid0jD4QL4CDzd43i4SqoPSABCP3RSaPRqkJhYo49Mgw2T1M5jaQrbiPruZg2GMbcpY4l,"NBA Playoffs: Knicks, Cavaliers open East finals at MSG",0,0,0,Not Relevant,1,,
https://www.facebook.com/PhilippineSTAR/posts/pfbid0GaW1Kiyg4YywXvnbewCSfYZTbJ9WV2T4zFwmciKSdX6hR5a1rthD2yyXTD2ZUsUxl,The camp of Sen. Ronald dela Rosa cried foul over the Office of the Solicitor General (OSG) labeling the lawmaker as a “fugitive” and questioned anew the legality of the International Criminal Court (ICC) arrest warrant. https://tinyurl.com/y7xv5h63,813,365,27,Not Relevant,1,Photo,https://www.facebook.com/photo/?fbid=1489139606583247&set=a.602294451934438
https://www.facebook.com/PhilippineSTAR/posts/pfbid0EaQnqXLM3hAQXD1NbPkBLfaZdc9VKhnMQ5EDBkFwNWti7Crs644VysRrxCKBnEGVl,,363,42,8,Not Relevant,0,,
https://www.facebook.com/PhilippineSTAR/posts/pfbid0LXjTq8AciFzKD7J25smuyRczdcHr4RaS3yYKJAga4kKgcQ3QAo9gcTCiALMrDTqAl,"JUST KISH, AND THEIR FRIEND AC 💗🎶

AC Bonifacio posted on Monday some fun shots of her trip to Shanghai Disneyland with fellow ex-""Pinoy Big Brother: Celebrity Collab Edition 2025"" housemates Josh Ford and Kira Balinger.

""Besties in Shanghai Disneyland,"" she captioned the shots in her Instagram post. (Instagram/AC Bonifacio)",284,1,9,Not Relevant,6,Photo; Photo; Photo; Photo; Photo,https://www.facebook.com/PhilippineSTAR/posts/pfbid0LXjTq8AciFzKD7J25smuyRczdcHr4RaS3yYKJAga4kKgcQ3QAo9gcTCiALMrDTqAl; https://scontent-lga3-1.xx.fbcdn.net/v/t39.30808-6/701200729_1489136263250248_3857141040155671737_n.jpg?stp=dst-jpg_s590x590_tt6&_nc_cat=111&ccb=1-7&_nc_sid=127cfc&_nc_ohc=cSp7xVBmmV4Q7kNvwF8eNN6&_nc_oc=Ado2N9qaoZkxAnQw7XB4okOELpvyNZw2F3_Tr8zVbavwjbPPG1Jq7liArHLNZYkGPFA&_nc_zt=23&_nc_ht=scontent-lga3-1.xx&_nc_gid=2MKEtWfgSx4KxlFORaq-pw&_nc_ss=72289&oh=00_Af5sBPRasATwf563TRXzBfR-SoGq2z93YTBravTfy4gGYQ&oe=6A12255D; https://scontent-lga3-1.xx.fbcdn.net/v/t39.30808-6/701437366_1489136296583578_6214202212276247090_n.jpg?stp=dst-jpg_s590x590_tt6&_nc_cat=110&ccb=1-7&_nc_sid=127cfc&_nc_ohc=d5jfygwtd6UQ7kNvwF5Sw9F&_nc_oc=AdomyM8wiJtVfxCsOVtMUwrGmCc3hr-8-3f39SUZ8rPEdybg-xXE_avGSPDtST8ATFk&_nc_zt=23&_nc_ht=scontent-lga3-1.xx&_nc_gid=2MKEtWfgSx4KxlFORaq-pw&_nc_ss=72289&oh=00_Af4IioJ65hv5TfXEY-WSM1KuMLFn_Sm2svLzVZOT7Xm8hA&oe=6A123CAA; https://scontent-lga3-3.xx.fbcdn.net/v/t39.30808-6/701296678_1489136173250257_2272366018454084225_n.jpg?stp=dst-jpg_s590x590_tt6&_nc_cat=108&ccb=1-7&_nc_sid=127cfc&_nc_ohc=P-9_rnjJ0HMQ7kNvwFOTSM_&_nc_oc=AdoTlLCndb3urVGZckPP9CfJodVwFKFPCr8f_3knnNjlWeko7sJnGSStwP0w8xsWQGE&_nc_zt=23&_nc_ht=scontent-lga3-3.xx&_nc_gid=2MKEtWfgSx4KxlFORaq-pw&_nc_ss=72289&oh=00_Af6XV9BWDCEpffA6E5UA33IWrWIGvU2zQA8IsG7KwRlYBA&oe=6A122F76; https://scontent-lga3-3.xx.fbcdn.net/v/t39.30808-6/701120061_1489136163250258_1146426279550152427_n.jpg?stp=dst-jpg_s590x590_tt6&_nc_cat=104&ccb=1-7&_nc_sid=127cfc&_nc_ohc=GJh2HR2-7LwQ7kNvwHYD1dw&_nc_oc=AdqlCf14-AGZtrS6PQUE_L7W4VAiMlunj8LvKlWeO11MpTF4FL2W05tHnSnONafyKlA&_nc_zt=23&_nc_ht=scontent-lga3-3.xx&_nc_gid=2MKEtWfgSx4KxlFORaq-pw&_nc_ss=72289&oh=00_Af5sP5umG2Hkbm7PO4IrLX9DtcC9Fk1feqgctol-jmcxsQ&oe=6A121CDB; https://scontent-lga3-2.xx.fbcdn.net/v/t39.30808-6/701286671_1489136166583591_9092933784394022328_n.jpg?stp=dst-jpg_s590x590_tt6&_nc_cat=101&ccb=1-7&_nc_sid=127cfc&_nc_ohc=7pe44nFFL90Q7kNvwEpiSVc&_nc_oc=AdrQcuU2dyO7On7G25TgbqNGO2O32XJSJMuCJVWY2e2HYMdveX4u0768_wCGmfFS050&_nc_zt=23&_nc_ht=scontent-lga3-2.xx&_nc_gid=2MKEtWfgSx4KxlFORaq-pw&_nc_ss=72289&oh=00_Af5uYZ7MgRwHGEdekhobJUccBZQu5b-dyrxhiuf7Fp1KVQ&oe=6A123DFB
https://www.facebook.com/reel/1529810705322803/,"𝗦𝗨𝗣𝗢𝗥𝗧𝗔𝗗𝗢 𝗔𝗡𝗚 𝗜𝗠𝗣𝗘𝗔𝗖𝗛𝗠𝗘𝗡𝗧, 𝗣𝗔𝗚-𝗔𝗥𝗘𝗦𝗧𝗢 𝗞𝗔𝗬 𝗗𝗘𝗟𝗔 𝗥𝗢𝗦𝗔

Archdiocese ng Jaro, Iloilo City, nagpahayag ng suporta sa impeachment ni Vice President Sara Duterte at pag-aresto kay Sen. Ronald dela Rosa. | via Danessa Estante, Super Radyo Iloilo",27,1,3,Not Relevant,1,Video,https://www.facebook.com/reel/1529810705322803/
https://www.facebook.com/reel/995969283121382/,"𝗪𝗘𝗟𝗖𝗢𝗠𝗘 𝗗𝗘𝗩𝗘𝗟𝗢𝗣𝗠𝗘𝗡𝗧

Pag-convene ng Senado bilang impeachment court, welcome development sa gitna ng mga agam-agam ng publiko, ayon sa isang House prosecutor. | via Isa Avendaño-Umali",17,0,0,Not Relevant,1,Video,https://www.facebook.com/reel/995969283121382/
https://www.facebook.com/dzbb594/posts/pfbid02LKPe6zyvNXN3teUgACV8pCV951vTohDaefgaMRKMF85CZEoCkfrSPCkbM5UsohUJl,"𝗛𝗢𝗨𝗦𝗘 𝗣𝗥𝗢𝗦𝗘𝗖𝗨𝗧𝗜𝗢𝗡 𝗧𝗘𝗔𝗠

Pinangalanan si House Committee on Justice chairperson Gerville Luistro bilang lead public prosecutor o siyang mangunguna sa 11 prosecution panel ng Kamara na sasabak sa paglilitis kay Vice President Sara Duterte sa impeachment court.",928,198,8,Not Relevant,1,Photo,https://www.facebook.com/photo/?fbid=1477144777792375&set=a.604255335081328
https://www.facebook.com/PAGASA.DOST.GOV.PH/posts/pfbid024KDPeXVNAJLPzk91GNB7TKTujGKSZH8UZzn1KUGAGphKbvu8XQ9NnqJ47SLNdvG2l,"24-HOUR PUBLIC WEATHER FORECAST
Issued at 4:00 AM, 12 May 2026

SYNOPSIS: At 3:00 AM today, the Low Pressure Area (formerly ""CALOY"") was estimated based on all available data at 690 km East of Catarman, Northern Samar (12.7°N, 131.0°E).

Forecast Weather Conditions

Area: Metro Manila and the rest of the country
Weather Condition: Partly cloudy to cloudy skies with isolated rainshowers or thunderstorms
Caused By: Localized Thunderstorm
Impacts: Possible flash floods or landslides during severe thunderstorms

Forecast Wind and Coastal Water Conditions

Area: The eastern section of Southern Luzon, Visayas, and the northeastern section of Mindanao
Wind Speed: Light to Moderate
Wind Direction: Northeast to Northwest
Coastal Waters: Slight to Moderate / (0.6 to 2.1 meters)

Area: The rest of Luzon
Wind Speed: Light to Moderate
Wind Direction: Southeast to Northeast
Coastal Waters: Slight to Moderate / (0.6 to 1.5 meters)

Area: The rest of Mindanao
Wind Speed: Light to Moderate
Wind Direction: Variable
Coastal Waters: Slight to Moderate / (0.6 to 1.2 meters)

Extremes of Temperature and Relative Humidity for The 24-hour Period Ending 8:00 PM YESTERDAY

Minimum Temperature: 28.1 °C ... 5:00 AM
Maximum Temperature: 35.1 °C... 3:00 PM

Minumum Relative Humidity: 46 % ... 3:00 PM
Maximum Relative Humidity: 72 % ... 5:00 AM

TIDES AND ASTRONOMICAL INFORMATION Over Metro Manila

sunrise today: 5:29AM
sunset today: 6:16PM
moonrise today: 1:41AM
moonset today: 1:53PM
illumination today: 24%

For other information about weather, please log on to pagasa.dost.gov.ph or bagong.pagasa.dost.gov.ph or call at (02)927-1335/(02)926-4258",191,1,64,Severe,1,Photo,https://www.facebook.com/photo/?fbid=1439262464912069&set=a.365711365600523
https://www.facebook.com/PAGASA.DOST.GOV.PH/posts/pfbid0TLCYXAGZyobdUrtFv3HBo8bT3EixP8wHgrv9abNcEBBz4wCQhYUdoxAy7BaZYjhnl,"As of 2:00 AM today, 12 May 2026, a Low Pressure Area (LPA 05b) is being monitored inside the Philippine Area of Responsibility (PAR) and is ""UNLIKELY"" to develop into a tropical depression within the next 24 hours.

Meanwhile, a Low Pressure Area (LPA 05c) is being monitored outside the PAR and is ""UNLIKELY"" to develop into a tropical depression within the next 24 hours.

All are advised to monitor updates from DOST-PAGASA.",1055,21,225,Not Relevant,1,Photo,https://www.facebook.com/photo/?fbid=1439256018246047&set=a.365711365600523
https://www.facebook.com/PAGASA.DOST.GOV.PH/posts/pfbid0hJRsYkeXZ747XYhjFprxqgcTJnwN5WrMCqMA4oXs6iah7CgywyqkWwtnAkc1Gx7Jl,"TROPICAL CYCLONE BULLETIN NR. 9F
Low Pressure Area (formerly #CaloyPH)
Issued at 11:00 PM, 11 May 2026

“CALOY” WEAKENED INTO A LOW PRESSURE AREA.

Location of Center (10:00 PM): The Low Pressure Area (formerly CALOY) was estimated based on all available data at 600 km East of Guiuan, Eastern Samar or 630 km East of Borongan City, Eastern Samar (11.8°N, 130.0°E). 

Intensity: Central pressure of 1004 hPa

Present Movement: East northeastward at 10 km/h

TROPICAL CYCLONE WIND SIGNALS (TCWS) IN EFFECT
No Wind Signal is currently hoisted

OTHER HAZARDS AFFECTING LAND AREAS
The Low Pressure Area is less likely to bring heavy rainfall in any parts of the country.
HAZARDS AFFECTING COASTAL WATERS
24-Hour Sea Condition Outlook

Up to moderate seas over the following coastal waters:
• Up to 2.0 m: The seaboards of Batanes, Cagayan, Isabela, Aurora, and Surigao del Sur; the northern seaboards of Camarines Norte and Camarines Sur; the northern and eastern seaboards of Quezon including Polillo Islands, Catanduanes, and Northern Samar; the eastern seaboards of Albay, Sorsogon, Eastern Samar, Dinagat Islands, and Siargao-Bucas Grande Islands.
• Mariners of motorbancas and similarly sized vessels are advised to take precautionary measures while venturing out to sea and, if possible, avoid navigation under these conditions.

TRACK AND INTENSITY OUTLOOK
CALOY weakened into a low pressure area at 8:00 PM today. The remnant low will move generally northward or northeastward over the Philippine Sea. As it moves over increasingly less favorable environmental conditions, there is a likelihood that it may dissipate within the next 5 days.

Considering these developments, the public and disaster risk reduction and management offices concerned are advised to take all necessary measures to protect life and property. Persons living in areas identified to be highly or very highly susceptible to these hazards are advised to follow evacuation and other instructions from local officials. For heavy rainfall warnings, thunderstorm/rainfall advisories, and other severe weather information specific to your area, please monitor products issued by your local PAGASA Regional Services Division.

Unless re-development occur, this is the final bulletin for this weather disturbance.
 
 
DOST-PAGASA",764,21,143,Not Relevant,3,Photo; Photo,https://www.facebook.com/PAGASA.DOST.GOV.PH/posts/pfbid0hJRsYkeXZ747XYhjFprxqgcTJnwN5WrMCqMA4oXs6iah7CgywyqkWwtnAkc1Gx7Jl; https://scontent-sjc6-1.xx.fbcdn.net/v/t39.30808-6/695927335_1439049751600007_8952185515856536473_n.jpg?stp=dst-jpg_p480x480_tt6&_nc_cat=107&ccb=1-7&_nc_sid=127cfc&_nc_ohc=WNtuhYCToRwQ7kNvwF8Zar5&_nc_oc=AdpOWg39dLVjLFoKr_x8bmWSrQZ8tvMo5HXc33cz41coRvFqrtgVN8CLcmPSskkeWLk&_nc_zt=23&_nc_ht=scontent-sjc6-1.xx&_nc_gid=jFJbzhorPZbhQT31DeCoqg&_nc_ss=72289&oh=00_Af6VsVDc9uyN1Rk6gDhtA6TP0TEjXsaLcENueL6ctT1Vyw&oe=6A12078E; https://scontent-sjc3-1.xx.fbcdn.net/v/t39.30808-6/696742726_1439049731600009_1896974708369320774_n.jpg?stp=dst-jpg_s590x590_tt6&_nc_cat=110&ccb=1-7&_nc_sid=127cfc&_nc_ohc=Cv1KPsnEtrkQ7kNvwHy55Hz&_nc_oc=Adqa-E5MkeGZpytCAIPFaZrsXGAg_jW4KfWTYUGTeZFSs1ldGDMxWUb7fLc4R5tT9kA&_nc_zt=23&_nc_ht=scontent-sjc3-1.xx&_nc_gid=jFJbzhorPZbhQT31DeCoqg&_nc_ss=72289&oh=00_Af6b-t5Mmu2uPztmdkdVVZ4nYC0K7ikqnDCr2E_Zh7lJIg&oe=6A12324F
https://www.facebook.com/PhilippineSTAR/posts/pfbid02CwwfEzb8aHnnYpmCuAfKLjVJ4dRnqFXnsiaEQY4xSCw1vKhaGFcsLmSyNVJZmzrDl,"‘NO, I WASN'T SCARED’ 

Iyan ang nasambit ng 8-year-old na si Franco matapos mag-isang bumyahe pauwi ng Pilipinas matapos ang kanyang bakasyon sa Amerika. #PhilSTARExclusives 

Panoorin ang kanyang travel journey sa videong ito: 
https://www.facebook.com/reel/2509845596102897",720,25,43,Not Relevant,0,,
https://www.facebook.com/PhilippineSTAR/posts/pfbid0faim3iaHxBuA4ZxVSXwkVH4ZkTqSo49PWgRaJWqs2SUB3nDkPaSK6bD55hmGLGc9l,"LIVIN' THE RICH NINANG DREAM! ✨

Actress Andrea Brillantes shared on Monday a glimpse of her attendance at the baptism of Hopea, the daughter of her influencer best friend Bea Borres.

""Binyag is now,"" she wrote in her Instagram post.

Borres gave birth to Hopea in December last year and announced it in late January this year. (Instagram/Andrea Brillantes)",3564,17,36,Not Relevant,5,Photo; Photo; Photo; Photo,https://www.facebook.com/PhilippineSTAR/posts/pfbid0faim3iaHxBuA4ZxVSXwkVH4ZkTqSo49PWgRaJWqs2SUB3nDkPaSK6bD55hmGLGc9l; https://scontent-iad3-1.xx.fbcdn.net/v/t39.30808-6/701255896_1489133713250503_1443245904481194731_n.jpg?stp=dst-jpg_s590x590_tt6&_nc_cat=1&ccb=1-7&_nc_sid=127cfc&_nc_ohc=s__OjG2ldlIQ7kNvwGNUNiE&_nc_oc=AdrvRvYF9Cn_VVfSIrzdY2TwSnT2lB0MO8aDupRh9-5ZRLHhdakadLJ-GSZz2k_flD0&_nc_zt=23&_nc_ht=scontent-iad3-1.xx&_nc_gid=1R7PTepUhaIkvHW3I3QFTw&_nc_ss=72289&oh=00_Af71AIq8hScDE6HCaLpmgZWQ0Xpj3RY1iQ9S-u0tuQkfXg&oe=6A1214B9; https://scontent-iad3-1.xx.fbcdn.net/v/t39.30808-6/701710549_1489133809917160_2542272714645355679_n.jpg?stp=dst-jpg_s590x590_tt6&_nc_cat=1&ccb=1-7&_nc_sid=127cfc&_nc_ohc=qmgKsoKd858Q7kNvwFVpFhu&_nc_oc=AdoufDrGy077KfqsR_j5ScQJecz8Ey98pqdS6xHCtfmk3eqgU22Jry-xBZaAEONZerw&_nc_zt=23&_nc_ht=scontent-iad3-1.xx&_nc_gid=1R7PTepUhaIkvHW3I3QFTw&_nc_ss=72289&oh=00_Af5W91n04Vc3bpjCL659U1PPcVZmp2MopBdfO3LSR8ovEw&oe=6A123297; https://scontent-iad3-1.xx.fbcdn.net/v/t39.30808-6/701260300_1489133689917172_1772448132421195168_n.jpg?stp=dst-jpg_s590x590_tt6&_nc_cat=1&ccb=1-7&_nc_sid=127cfc&_nc_ohc=TugT71dGqzgQ7kNvwHgztn4&_nc_oc=AdrSGqdGRdw9HwHTnX01xfIaOKn4cJURZdQl2hDj8FYqNYpg3iv2BUvwpb0wFHo06Zs&_nc_zt=23&_nc_ht=scontent-iad3-1.xx&_nc_gid=1R7PTepUhaIkvHW3I3QFTw&_nc_ss=72289&oh=00_Af7K7xhyZtJ2_XhyFqo9KNgkyntqBiS-E7Arkj9hYc_s9g&oe=6A123499; https://scontent-iad6-1.xx.fbcdn.net/v/t39.30808-6/701286688_1489133673250507_1165963811845091534_n.jpg?stp=dst-jpg_s590x590_tt6&_nc_cat=107&ccb=1-7&_nc_sid=127cfc&_nc_ohc=KM6yBDF9VkkQ7kNvwGph8q5&_nc_oc=Adqn9ZxRcwnG2XAcDhw0UJJ-PCC2sQSTVI-sVDTDyShR_y1R00nVflbF-taGXw30YY4&_nc_zt=23&_nc_ht=scontent-iad6-1.xx&_nc_gid=1R7PTepUhaIkvHW3I3QFTw&_nc_ss=72289&oh=00_Af5sog8cyZdMaXwGVvRFBmVgB7x7Oo4Tad5ccbddPgaYGA&oe=6A123ABA
https://www.facebook.com/PhilippineSTAR/posts/pfbid0325ZBYmgiPS7Fva5M9qsLqzUVTVvwPKRXPg82oSqvpZh8sZZXzPnqr9V7wnE9fVAl,One of the strongest scientific findings surrounding PMOS is that relatively modest lifestyle changes can significantly improve symptoms. | via Joyful Wellness,159,1,59,Not Relevant,1,GenericAttachmentMedia,https://external-iad3-1.xx.fbcdn.net/emg1/v/t13/6256178208040088384?url=https%3A%2F%2Fjoyfulwellness.ph%2Fwp-content%2Fuploads%2F2026%2F05%2FPCOS-2.jpg&fb_obo=1&utld=joyfulwellness.ph&stp=c0.5000x0.5000f_dst-jpg_flffffff_p500x261_q75_tt6&_nc_gid=1R7PTepUhaIkvHW3I3QFTw&_nc_oc=AdrAapR8NSPkoa8NGpJdbz5aYEoJwD6ff3WYGTzui1jdq1bm-J7gUuEcQHobDw326go&ccb=13-1&oh=06_Q3-_AeMHwvkJ3I99iWGC6dokCtpvWMVwWBOKyUh_sweGzRAy&oe=6A0E426F&_nc_sid=c97757
https://www.facebook.com/reel/3481153388698834/,#FrontlineTonight | Ipinagdiwang ng K-Pop sensation na 2NE1 ang kanilang 17th anniversary.,60,0,1,Not Relevant,1,Video,https://www.facebook.com/reel/3481153388698834/
https://www.facebook.com/reel/2416582088862682/,#FrontlineTonight | Itinanggi ni Sen. Robin Padilla na nagpunta sila ni Sen. Bato dela Rosa ng airport at sumakay ng yate.,1302,335,43,Not Relevant,1,Video,https://www.facebook.com/reel/2416582088862682/
https://www.facebook.com/reel/1722997922373043/,#FrontlineTonight | Kinaya ng P-Pop group na KAIA ang kantang “Takedown” sa hit Netflix animated film na “K-Pop Demon Hunters.”,563,22,82,Not Relevant,1,Video,https://www.facebook.com/reel/1722997922373043/
https://www.facebook.com/PAGASA.DOST.GOV.PH/posts/pfbid02SNB3fyC2J8E2hfjqHhk1GG5c49yEYq4g3hBk2xoHBeAeQGaUbtKn9otuhHAwHjenl,"As of 8:00 PM today, 11 May 2026, Tropical Depression ""CALOY"" {Int'l name ""HAGUPIT""} has weakened into a Low Pressure Area and is ""UNLIKELY"" to redevelop into a tropical depression within the next 24 hours.

Meanwhile, a Low Pressure Area (LPA 05c) is being monitored outside the PAR and is ""UNLIKELY"" to develop into a tropical depression within the next 24 hours.

All are advised to monitor updates from DOST-PAGASA.",866,18,164,Not Relevant,1,Photo,https://www.facebook.com/photo/?fbid=1438999774938338&set=a.365711365600523
https://www.facebook.com/PAGASA.DOST.GOV.PH/posts/pfbid02424vYhzkQUktj65tLYJd64qZKi27hpWSckBbPYwDn9UHdgvsTVqvb5bqXQeLb1Nnl,"General Flood Advisories
Issued @6PM, 11 May 2026

Region 9 (Zamboanga Peninsula)- GFA#1 
Region 10 (Northern Mindanao) -GFA#1",52,0,12,Moderate,3,Photo; Photo,https://www.facebook.com/PAGASA.DOST.GOV.PH/posts/pfbid02424vYhzkQUktj65tLYJd64qZKi27hpWSckBbPYwDn9UHdgvsTVqvb5bqXQeLb1Nnl; https://scontent-iad3-1.xx.fbcdn.net/v/t39.30808-6/696702724_1438844094953906_5473083647123140701_n.jpg?stp=dst-jpg_s590x590_tt6&_nc_cat=104&ccb=1-7&_nc_sid=127cfc&_nc_ohc=OchSItZYz68Q7kNvwGoiag6&_nc_oc=AdoRN-hRRF2JUuKFZGqyws4tgRmpag67PesDs_Ka9Tdo68H4TawHjCgk9ZMH6aBFfXg&_nc_zt=23&_nc_ht=scontent-iad3-1.xx&_nc_gid=Paeg04hhjiDIOiftUmP-CA&_nc_ss=72289&oh=00_Af5EUeQfgoh3b8IXWem5FLNWfR68NC9l67aHk7ykyfLuUA&oe=6A122BA9; https://scontent-iad6-1.xx.fbcdn.net/v/t39.30808-6/696342768_1438844091620573_221746771782139651_n.jpg?stp=dst-jpg_s590x590_tt6&_nc_cat=107&ccb=1-7&_nc_sid=127cfc&_nc_ohc=uJMtXk9HNL4Q7kNvwH_YGmg&_nc_oc=AdqHPLrjSZjDYAVsqSlWumth9xPKaSqfTF19D00aOKkkcp43kOieqtUGqiL83fqMkRY&_nc_zt=23&_nc_ht=scontent-iad6-1.xx&_nc_gid=Paeg04hhjiDIOiftUmP-CA&_nc_ss=72289&oh=00_Af6pcgja8e9_wdQ6BCyhIFVrBpRSnX0uSgbBRHsjjU-OGw&oe=6A121949
https://www.facebook.com/PAGASA.DOST.GOV.PH/posts/pfbid0gRs9JvCsie1T9YNHpNTgyoCdYHMJgqPczHXtdi94ovamq9jRhEimvYo2uiPsYyqxl,"Heat Index
Highest Computed 5-day Heat Index with 2-day Forecast as of 11 May 2026, 5:00PM 
For daily heat index information: 
https://www.pagasa.dost.gov.ph/weather/heat-index 
Information from the DOH Philippines about heat-related illnesses during extremely hot weather:
https://bit.ly/DOHPhPublicHealthAdvisory 
Don't forget to take necessary precautions and stay cool and hydrated everyone! ☀️🌡️ 
#HeatIndex #AngInit",148,2,83,Not Relevant,4,Photo; Photo; Photo,https://www.facebook.com/PAGASA.DOST.GOV.PH/posts/pfbid0gRs9JvCsie1T9YNHpNTgyoCdYHMJgqPczHXtdi94ovamq9jRhEimvYo2uiPsYyqxl; https://scontent-iad3-2.xx.fbcdn.net/v/t39.30808-6/692066789_1438841951620787_3734901941607126983_n.jpg?stp=dst-jpg_s590x590_tt6&_nc_cat=111&ccb=1-7&_nc_sid=127cfc&_nc_ohc=Tci_omWfnboQ7kNvwHt1Nyz&_nc_oc=AdrmTS_xvRiha3TAMlCy1yElt-ax_q-lHo1M46hejXF_4vzZT-TZd7sMKoFxaMPrCnA&_nc_zt=23&_nc_ht=scontent-iad3-2.xx&_nc_gid=Paeg04hhjiDIOiftUmP-CA&_nc_ss=72289&oh=00_Af7rDybpJ6Q7R7gMG08ab_Xnw4uqZdfI13_UDcKElktebw&oe=6A121DF9; https://scontent-iad6-1.xx.fbcdn.net/v/t39.30808-6/696765922_1438841928287456_1946581159121032094_n.jpg?stp=dst-jpg_s590x590_tt6&_nc_cat=102&ccb=1-7&_nc_sid=127cfc&_nc_ohc=8MhDGqX-DjAQ7kNvwHWdlzJ&_nc_oc=Adqaj-YAbQJDNV1IVaaVvYcLhfPh9b-v-08oimt3-UGMgGaJO9nz5rIcSXoIf_lm-qU&_nc_zt=23&_nc_ht=scontent-iad6-1.xx&_nc_gid=Paeg04hhjiDIOiftUmP-CA&_nc_ss=72289&oh=00_Af6cdk3kUxGOijk4AwsMel4SzlsMPpNvKmufqanPb4XceQ&oe=6A120CFA; https://scontent-iad3-2.xx.fbcdn.net/v/t39.30808-6/690828718_1438841904954125_2812221732314171567_n.jpg?stp=dst-jpg_p552x414_tt6&_nc_cat=111&ccb=1-7&_nc_sid=127cfc&_nc_ohc=6sk7SA98jQgQ7kNvwF4jTn3&_nc_oc=AdoUiE9mlAFaYeRik5RvUrY_aG4SW8MED-W6qShLovJ5dn1qzy3igvDo7u87Tw9yxRE&_nc_zt=23&_nc_ht=scontent-iad3-2.xx&_nc_gid=Paeg04hhjiDIOiftUmP-CA&_nc_ss=72289&oh=00_Af7bdrxCzby9UUjWxcqM-Q50YxTXkkmmYDYEtJNnDo0X7g&oe=6A123E7E
https://www.facebook.com/reel/1513647080404430/,#FrontlineTonight | Postponed ang Davao at Cagayan de Oro legs ng “Stardust” tour ng Cup of Joe.,871,248,9,Not Relevant,1,Video,https://www.facebook.com/reel/1513647080404430/
https://www.facebook.com/reel/3544900635668468/,#FrontlineTonight | May mensahe si Senate Pres. Alan Peter Cayetano sa gitna ng magkakahiwalay na imbestigasyon sa pamamaril sa Senate building noong nakaraang linggo. | via Dave Abuel,1208,278,47,Not Relevant,1,Video,https://www.facebook.com/reel/3544900635668468/
https://www.facebook.com/reel/858047486692182/,#FrontlineTonight | Pormal nang nagtipon ang Senado bilang impeachment court na lilitis kay Vice Pres. Sara Duterte. #VPSaraOnTrial | via Maeanne Los Baños-Oroceo,1422,235,91,Not Relevant,1,Video,https://www.facebook.com/reel/858047486692182/
https://www.facebook.com/inquirerdotnet/posts/pfbid0YUfuAHbj4AJDZERgByT6jv8DwYbbPfXjckAS3nP3cRCydmUt59Vdko9aJTSLs4wCl,"#NBAPlayoffs: Spurs take Game 1 in the Western Conference Finals. (via Inquirer Sports)

Check the full story in our comments.",56,5,3,Not Relevant,0,,
https://www.facebook.com/inquirerdotnet/posts/pfbid02c5b8zmWRbPfoSuHsgsfXWtyrxPFDmE7vp5jsw3DpF2APZkTAKGfANFHEqwuJCTaFl,"NBI has many leads on dela Rosa’s whereabouts, says Matibag",59,23,1,Not Relevant,1,,
https://www.facebook.com/inquirerdotnet/posts/pfbid02A2fftrkTbnVDLqLvBRJr2vjbpVCdAmpPjKKsvKkFarb7qkWZwn3R4hByHJrbzq1sl,NBA scores today: OKC Thunder vs San Antonio Spurs – Game 1,2,0,0,Not Relevant,1,,
https://www.facebook.com/PAGASA.DOST.GOV.PH/posts/pfbid0tz5VrJn65znR7NYQLQkouUCBieun5ecKzQKYhZNBb3KapqRFHc5YQVRpZ61akA2Fl,"TROPICAL CYCLONE BULLETIN NR. 8
Tropical Depression #CaloyPH (HAGUPIT)
Issued at 5:00 PM, 11 May 2026
Valid for broadcast until the next bulletin at 11:00 PM today.

“CALOY” MAINTAINS ITS STRENGTH AND IS MOVING NORTHWARD WHILE OVER THE SEA EAST OF EASTERN VISAYAS.

• Location of Center (4:00 PM)
 
The center of Tropical Depression CALOY was estimated based on all available data at 470 km East of Guiuan, Eastern Samar (11.8°N, 130.0°E). 

• Intensity 

Maximum sustained winds of 45 km/h near the center, gustiness of up to 55 km/h, and central pressure of 1004 hPa 

• Present Movement 
Northward at 10 km/h 

• Extent of Tropical Cyclone Winds 
Strong winds extend outwards up to 250 km from the center

OTHER HAZARDS AFFECTING LAND AREAS
➣CALOY is unlikely to directly affect the country throughout the forecast period.

HAZARDS AFFECTING COASTAL WATERS
➣24-Hour Sea Condition Outlook

Up to moderate seas over the following coastal waters:
• Up to 2.0 m: The seaboards of Batanes, Cagayan, Isabela, Aurora, and Surigao del Sur; the northern seaboards of Camarines Norte and Camarines Sur; the northern and eastern seaboards of Quezon including Polillo Islands, Catanduanes, and Northern Samar; the eastern seaboards of Albay, Sorsogon, Eastern Samar, Dinagat Islands, and Siargao-Bucas Grande Islands.
• Mariners of motorbancas and similarly sized vessels are advised to take precautionary measures while venturing out to sea and, if possible, avoid navigation under these conditions.

TRACK AND INTENSITY OUTLOOK

• CALOY will continue moving generally northwestward in the next 12 hours and will remain over the Philippine Sea, far from the Philippine landmass. 
• This weather disturbance is forecast to further weaken into a remnant low tonight or tomorrow early morning.

Considering these developments, the public and disaster risk reduction and management offices concerned are advised to take all necessary measures to protect life and property. Persons living in areas identified to be highly or very highly susceptible to these hazards are advised to follow evacuation and other instructions from local officials. For heavy rainfall warnings, thunderstorm/rainfall advisories, and other severe weather information specific to your area, please monitor products issued by your local PAGASA Regional Services Division.

The next tropical cyclone bulletin will be issued at 11:00 PM today.
 
DOST-PAGASA 

Link: tinyurl.com/CaloyPH",462,10,167,Not Relevant,4,Photo; Photo; Photo,https://www.facebook.com/PAGASA.DOST.GOV.PH/posts/pfbid0tz5VrJn65znR7NYQLQkouUCBieun5ecKzQKYhZNBb3KapqRFHc5YQVRpZ61akA2Fl; https://scontent.fsan1-1.fna.fbcdn.net/v/t39.30808-6/696225263_1438802324958083_8050858610031891256_n.jpg?stp=dst-jpg_p480x480_tt6&_nc_cat=106&ccb=1-7&_nc_sid=127cfc&_nc_ohc=ykrvFd7a5ssQ7kNvwFll4Ia&_nc_oc=Adr0uHoQSTWYCw6Zq839ra6JAY5QnOBmfeZdoYGi8EiHdFyjGJCCjD90CKIMiPToSgA&_nc_zt=23&_nc_ht=scontent.fsan1-1.fna&_nc_gid=XocbArXynXmflkEIDaOxpg&_nc_ss=72289&oh=00_Af7SFrMGLIfk1ORXvPOtt6R80OxsguWC5tfrhJs3x0j3sQ&oe=6A121BD6; https://scontent.fsan1-1.fna.fbcdn.net/v/t39.30808-6/695386129_1438802308291418_6854109134190145949_n.jpg?stp=dst-jpg_s590x590_tt6&_nc_cat=102&ccb=1-7&_nc_sid=127cfc&_nc_ohc=jaX5ClaotIwQ7kNvwEFdKLM&_nc_oc=AdraLld2BPj5YYDIuhdVku95TipvlHJuSbtnDLFCrupAIKWnSokTnZ9YNbbTxRUPrx0&_nc_zt=23&_nc_ht=scontent.fsan1-1.fna&_nc_gid=XocbArXynXmflkEIDaOxpg&_nc_ss=72289&oh=00_Af4LNGNe6xqHf5l1LAeCy6uNZg23vdvjmryDV6jHAT5SrA&oe=6A123AA0; https://scontent.fsan1-1.fna.fbcdn.net/v/t39.30808-6/696864673_1438802354958080_41792685571361709_n.jpg?stp=dst-jpg_s590x590_tt6&_nc_cat=111&ccb=1-7&_nc_sid=127cfc&_nc_ohc=9fY04GRTq34Q7kNvwF1Kihu&_nc_oc=AdpvUB6V_HPnUR6oDFF5V8XCZ1LTVx6uU_hYvfbweX09ekGOFsZF3rHn4J3H2R5nZNI&_nc_zt=23&_nc_ht=scontent.fsan1-1.fna&_nc_gid=XocbArXynXmflkEIDaOxpg&_nc_ss=72289&oh=00_Af5-lFxXpL926towDFr2UcXbrmfp36hv2D9gXJ-HbbNNNQ&oe=6A122BC7
https://www.facebook.com/PAGASA.DOST.GOV.PH/posts/pfbid02mx4vDvBvGas9ADmNTGumN7yNUsWCaQQe1u7r3BwP62eftNRG625sPK8uMCzdmBmAl,"Heat Index
Highest Computed 5-day Heat Index as of 11 May 2026, 5:00PM 
For daily heat index information: 
https://www.pagasa.dost.gov.ph/weather/heat-index 
Information from the DOH Philippines about heat-related illnesses during extremely hot weather:
https://bit.ly/DOHPhPublicHealthAdvisory 
Don't forget to take necessary precautions and stay cool and hydrated everyone! ☀️🌡️ 
#HeatIndex #AngInit",142,8,70,Not Relevant,4,Photo; Photo; Photo,https://www.facebook.com/PAGASA.DOST.GOV.PH/posts/pfbid02mx4vDvBvGas9ADmNTGumN7yNUsWCaQQe1u7r3BwP62eftNRG625sPK8uMCzdmBmAl; https://scontent.fsan1-2.fna.fbcdn.net/v/t39.30808-6/698817448_1438809621624020_8236490186033738634_n.jpg?stp=dst-jpg_s590x590_tt6&_nc_cat=105&ccb=1-7&_nc_sid=127cfc&_nc_ohc=MT-UfZURCBIQ7kNvwGDAQab&_nc_oc=Adp1zBwiu_cb6ip3r9bNUyRrqF3cQJEU5o85_ppXT-jSVQr8sbgtTPJfoRu8VeN3ZBc&_nc_zt=23&_nc_ht=scontent.fsan1-2.fna&_nc_gid=XocbArXynXmflkEIDaOxpg&_nc_ss=72289&oh=00_Af74Rv83KB5cwYeo2nrXVcdA5VXlnDxf643JAqBA7cAKSQ&oe=6A121574; https://scontent.fsan1-1.fna.fbcdn.net/v/t39.30808-6/694663150_1438809654957350_2081295109431335919_n.jpg?stp=dst-jpg_s590x590_tt6&_nc_cat=111&ccb=1-7&_nc_sid=127cfc&_nc_ohc=G-lvIyiQsC8Q7kNvwHGlD-S&_nc_oc=Adr4uSDi1dfRLK7BCdxFVmqqhMMbeNEqqhbrBN_Wmx_CC86-e9NIrxzCYSYOhHD73wY&_nc_zt=23&_nc_ht=scontent.fsan1-1.fna&_nc_gid=XocbArXynXmflkEIDaOxpg&_nc_ss=72289&oh=00_Af75gbrH75BP2aqmmYkwvEkruBV3AJGG15Er0jVvU9LJLA&oe=6A121590; https://scontent.fsan1-2.fna.fbcdn.net/v/t39.30808-6/694647271_1438809604957355_8230268798314218816_n.jpg?stp=dst-jpg_p552x414_tt6&_nc_cat=100&ccb=1-7&_nc_sid=127cfc&_nc_ohc=jRWTCEZdlWMQ7kNvwFD5IyC&_nc_oc=AdqOa3FgNVhrV3x5J1jO5vxbD3o1_Gkhfg0E2oYtMrvfe3VN4KWfS-VN0RC9F4fvTJk&_nc_zt=23&_nc_ht=scontent.fsan1-2.fna&_nc_gid=XocbArXynXmflkEIDaOxpg&_nc_ss=72289&oh=00_Af687yj0N2EV_hPgW6UUm1zmZ2UHVTswqXxVqjbtKs-2jA&oe=6A1235C0
https://www.facebook.com/PAGASA.DOST.GOV.PH/videos/997507852969859/,"Press Briefing: Tropical Depression CALOY {HAGUPIT} issued at 05:00 PM | May 11, 2026 - Monday

DOST-PAGASA Weather Specialist: Grace Castañeda

#weatherreport  #dostpagasa  #CaloyPH",1210,120,166,Not Relevant,1,Video,https://www.facebook.com/PAGASA.DOST.GOV.PH/videos/997507852969859/
https://www.facebook.com/dzbb594/videos/1682661479650252/,Huwag palagpasin ang mga balitang hatid sa inyo ng tambalang Melo del Prado at Joel Reyes Zobel sa #SuperBalitaSaUmagaNationwide.,105,44,4,Not Relevant,1,Video,https://www.facebook.com/dzbb594/videos/1682661479650252/
https://www.facebook.com/reel/821859927379805/,"𝗠𝗔𝗕𝗜𝗚𝗔𝗧 𝗡𝗔 𝗗𝗔𝗟𝗢𝗬 𝗡𝗚 𝗧𝗥𝗔𝗣𝗜𝗞𝗢

Daloy ng trapiko sa EDSA (SB), bumigat dulot ng aksidente sa Guadalupe Bridge. | via Christian Maño",17,0,0,Not Relevant,1,Video,https://www.facebook.com/reel/821859927379805/
https://www.facebook.com/reel/2031769264215251/,"FIRE UPDATE: Sunog sa Brgy. 31 sa Maypajo sa Caloocan City, naapula na. | via Allan Gatus",18,0,12,Not Relevant,1,Video,https://www.facebook.com/reel/2031769264215251/
https://www.facebook.com/inquirerdotnet/posts/pfbid0kXWMjA9Zh1Jx5LPWmfGemZrU9HD5d5bZ1rYANtguivxzzgxzZf9Tj8AVZ25jzZDPl,"Senate shooting suspect says he never held gun, cites video footage",19,9,1,Not Relevant,1,,
https://www.facebook.com/inquirerdotnet/posts/pfbid0R7LEFFKcLsybW2TxJzcd6c2SLvJJfnCGgFLYsqD7PcruYfcJpuT1uxr9v4uLLoAyl,"Rhea SyCip is a reminder that all good things come to those who wait. But you still have to take your chances and find your footing when you take that leap of faith.

Read more: https://lifestyle.inquirer.net/571080/rhea-sycip-flour-pot-raul-fores-jorge-mendez-mugen-ramenya-bboi/",7,0,0,Not Relevant,0,,
https://www.facebook.com/inquirerdotnet/posts/pfbid0GYeMFWnc7wQMvG621aDGk752Bk95kD6FhpfPVYG4G3GKiHeCgWbRnAb6D1RvgKgml,S. Korea set to roll out 2nd batch of cash aid amid Middle East crisis,1,0,0,Not Relevant,1,,
https://www.facebook.com/reel/2539109296487484/,"#FrontlineTonight | Nanatili sa puwesto si Senate Pres. Alan Peter Cayetano dahil walang nangyaring kudeta sa Senado ngayong Lunes, May 18. | via Maeanne Los Baños-Oroceo",28655,8767,697,Not Relevant,1,Video,https://www.facebook.com/reel/2539109296487484/
https://www.facebook.com/News5Everywhere/posts/pfbid018sNNt34Lwck34aQde4BGaNYkEnb3YeuLQxwpLUE2cq9g3EuiMBxVyE7enD7Kxrrl,"ONGOING INVESTIGATION

Nagpapatuloy ang imbestigasyon ng CIDG kaugnay ng insidente ng putukan sa loob ng Senado.

Kinukuhanan din ng salaysay ang ilang personnel ng NBI at ang naarestong NBI driver-volunteer.

Nakapagpiyansa na ang suspek nitong Lunes habang nagpapatuloy ang imbestigasyon. | via Nina Ongpauco",1987,413,22,Not Relevant,3,Photo; Photo,https://www.facebook.com/News5Everywhere/posts/pfbid018sNNt34Lwck34aQde4BGaNYkEnb3YeuLQxwpLUE2cq9g3EuiMBxVyE7enD7Kxrrl; https://scontent-atl3-3.xx.fbcdn.net/v/t39.30808-6/702320787_1509814314510430_5144115135097598859_n.jpg?stp=dst-jpg_s590x590_tt6&_nc_cat=110&ccb=1-7&_nc_sid=127cfc&_nc_ohc=lUnlDfuG3RQQ7kNvwFiURAC&_nc_oc=AdrnyztL_Ut19YZ76KMznEjizNZvYJle4fgihYGEg_pL7alCoaMid9xyf5JMHPg0PRY&_nc_zt=23&_nc_ht=scontent-atl3-3.xx&_nc_gid=_Y1O7wXjuEg1ywqDLmZmUw&_nc_ss=72289&oh=00_Af6Leh2XqNVG8_sTKd94V2Wswa1R1uCdGj4vTSvZQi2OPg&oe=6A122B2A; https://scontent-atl3-1.xx.fbcdn.net/v/t39.30808-6/701558085_1509814334510428_1411743563345172443_n.jpg?stp=dst-jpg_s590x590_tt6&_nc_cat=103&ccb=1-7&_nc_sid=127cfc&_nc_ohc=Vyh9heU0GA0Q7kNvwEuGCXH&_nc_oc=AdpS8hdma1sM4JrafIONjPmDXmE7f8bd4NMRGoFBJssgPKDstsOg2y4fSPF29VvLrNs&_nc_zt=23&_nc_ht=scontent-atl3-1.xx&_nc_gid=_Y1O7wXjuEg1ywqDLmZmUw&_nc_ss=72289&oh=00_Af52mDgKLGVklfv3GUelrXnBPCa8O2y6PnW6Od5JjuDexA&oe=6A120F58
https://www.facebook.com/News5Everywhere/posts/pfbid0QSZZv4kWw3irWJaDULPjQ2XGkRZWEGRRrdKdnTv3dEmu9YzEZUjrssFGwtk247zMl,"THE LIVE VOCALS? ATE AND LEFT NO CRUMBS! ✨🎶❣️

Umani ng papuri mula sa netizens at fans online ang viral na live performance ng P-pop group na KAIA ng hit song na “Take Down” mula sa HUNTR/X, at ng kanilang original track na “You Did It.”

Pinerform ito ng five-member group sa “Backyard Live Spotlight.”

Nag-debut noong 2022, binubuo ang grupo ng members na sina Angela, Charice, Sophia, Alexa, at Charlotte.

📸: KAIA Official (YouTube)",510,19,92,Not Relevant,6,Photo; Photo; Photo; Photo; Photo,https://www.facebook.com/News5Everywhere/posts/pfbid0QSZZv4kWw3irWJaDULPjQ2XGkRZWEGRRrdKdnTv3dEmu9YzEZUjrssFGwtk247zMl; https://scontent-atl3-3.xx.fbcdn.net/v/t39.30808-6/700003370_1509651861193342_9185372503036439397_n.jpg?stp=dst-jpg_s590x590_tt6&_nc_cat=108&ccb=1-7&_nc_sid=833d8c&_nc_ohc=ea5UymnRiqAQ7kNvwEVN57V&_nc_oc=AdqL3T7q7vuq3CXP3Fu0YfVAUdUT7_BsIWpkXBfv76ElziZ5aFQgkZpJn9HBjFyb2Yw&_nc_zt=23&_nc_ht=scontent-atl3-3.xx&_nc_gid=_Y1O7wXjuEg1ywqDLmZmUw&_nc_ss=72289&oh=00_Af4l0AIKOBwLjF_w95JFub__c9ZomGWFyfWyA9bNKQRBRQ&oe=6A123B22; https://scontent-atl3-2.xx.fbcdn.net/v/t39.30808-6/702589958_1509652001193328_5811719075840762362_n.jpg?stp=dst-jpg_s590x590_tt6&_nc_cat=104&ccb=1-7&_nc_sid=833d8c&_nc_ohc=uYF1BUOIBwIQ7kNvwHn6s94&_nc_oc=AdrFVK6mN80UJ-Aw35QJM6FwApLmgV5T-1b1RDgsWOOIWr1DQ-_AyYkeNDfue9KHnJA&_nc_zt=23&_nc_ht=scontent-atl3-2.xx&_nc_gid=_Y1O7wXjuEg1ywqDLmZmUw&_nc_ss=72289&oh=00_Af4y0DAxqb76JhW50TkIUVHSgrjzcpo6qunjOOYtzPhRQw&oe=6A121C9C; https://scontent-atl3-2.xx.fbcdn.net/v/t39.30808-6/700103396_1509651901193338_163784916637568453_n.jpg?stp=dst-jpg_s590x590_tt6&_nc_cat=102&ccb=1-7&_nc_sid=833d8c&_nc_ohc=9xUzBarZr7MQ7kNvwFcuGZS&_nc_oc=Adq9uvs1AJcHJbmizn6qpHEuj1s7duCUNvJyIpMNWQm2R9iqF1o4R86n6ppr-Loou5M&_nc_zt=23&_nc_ht=scontent-atl3-2.xx&_nc_gid=_Y1O7wXjuEg1ywqDLmZmUw&_nc_ss=72289&oh=00_Af7LIOLMUK9l1Rke2hsAzR3fzT9RhLRmIoMwDOFovm2Ugw&oe=6A1228EF; https://scontent-atl3-3.xx.fbcdn.net/v/t39.30808-6/700679589_1509651974526664_6482527493331188069_n.jpg?stp=dst-jpg_s590x590_tt6&_nc_cat=107&ccb=1-7&_nc_sid=833d8c&_nc_ohc=m60_rw5DaCIQ7kNvwG9-xvL&_nc_oc=AdpIqMZtliUC1kc808u-xkGgRoegDFt1fwpidt6B8hPBNDu8MuYfQCQj87MhdFY2maY&_nc_zt=23&_nc_ht=scontent-atl3-3.xx&_nc_gid=_Y1O7wXjuEg1ywqDLmZmUw&_nc_ss=72289&oh=00_Af5WG9HqyYDXX3ADvRZZDEwNzCgNFG071T1-2cqZwJKmhg&oe=6A1212D4; https://scontent-atl3-2.xx.fbcdn.net/v/t39.30808-6/701643322_1509651867860008_3682965845507421583_n.jpg?stp=dst-jpg_s590x590_tt6&_nc_cat=104&ccb=1-7&_nc_sid=833d8c&_nc_ohc=gMMQhgtpIX4Q7kNvwHk4pmb&_nc_oc=Adr6DXsDv4hTBTHIocCYUflhxOv5ChxLTrVl--ryVt4sRE8BJBHwhdRnIK_gAFJvTFI&_nc_zt=23&_nc_ht=scontent-atl3-2.xx&_nc_gid=_Y1O7wXjuEg1ywqDLmZmUw&_nc_ss=72289&oh=00_Af4NUcESsExIG8l-923fhIPP7tupDSqEJqk_eUztOcmhhw&oe=6A1236EE
https://www.facebook.com/PAGASA.DOST.GOV.PH/posts/pfbid0kcri3rVRLpMVtdmkfLoXYjyC82FNijU4i83FnzTy5DVD9kcC5op1aNgKHu1uFfMFl,"Pampanga River Basin Update as of 5:00 PM, 11 May 2026.",34,0,5,Mild,1,Photo,https://www.facebook.com/photo/?fbid=1438795361625446&set=a.365711365600523
https://www.facebook.com/PAGASA.DOST.GOV.PH/posts/pfbid0ZgtksNFiA7HSw3uRWVoGbXV9KJtcjBzuMELAYz4NttwQ9JMtisopiaGuYCWNC8Ddl,"As of 2:00 PM today, 11 May 2026, Tropical Depression ""CALOY"" {Int'l name ""HAGUPIT""} is being monitored inside the Philippine Area of Responsibility (PAR).

Meanwhile, a Low Pressure Area (LPA 05c) is being monitored outside the PAR and is ""UNLIKELY"" to develop into a tropical depression within the next 24 hours.

All are advised to monitor updates from DOST-PAGASA.",428,13,181,Not Relevant,1,Photo,https://www.facebook.com/photo/?fbid=1438769284961387&set=a.365711365600523
https://www.facebook.com/PAGASA.DOST.GOV.PH/posts/pfbid02pUJPoHn9MevmFPQVuwkRCW8f1F9eiqPRtuAN8ZaL1HhPrF5MSjJvYx4hAXuyQw1Jl,"📣𝗪𝗲 𝗮𝗿𝗲 𝗛𝗜𝗥𝗜𝗡𝗚 𝗳𝗼𝗿 𝗣𝗘𝗥𝗠𝗔𝗡𝗘𝗡𝗧 𝗣𝗢𝗦𝗜𝗧𝗜𝗢𝗡𝗦!

🏢PLACE OF ASSIGNMENT:
• PAGASA CENTRAL OFFICE, QUEZON CITY
• PAGASA REGIONAL SERVICES DIVISION
(National Capital Region and Southern Luzon)

💸 Competitive compensation benefits and allowable benefits provided under the Magna Carta for Scientists, Engineers, Researchers, and other S&T Personnel in Government (RA 8439)

🔎QUALIFICATIONS:
• For qualifications and requirements, kindly refer to this link:
https://www.pagasa.dost.gov.ph/vacancy

Deadline of Application: 21 May 2026

#JoinDOSTPAGASA
#JobOpportunity",357,0,154,Not Relevant,1,Photo,https://www.facebook.com/photo/?fbid=1438750718296577&set=a.365711365600523
https://www.facebook.com/inquirerdotnet/posts/pfbid0373tuPnDjeeBDZtnXB6YnUT37aM6kFxRGCZGwST6z7Y4d6RSjGQFo9bRMoGBBNTdil,"STAYC GIRLS, IT’S GOING DOWN 💞

K-pop girl group STAYC is coming to Manila for their “Stay Closer” concert on September 20.

Details on the venue and tickets are yet to be announced. | 📷: STAYC/X via Hannah Mallorca, INQUIRER.net",956,25,111,Not Relevant,1,Photo,https://www.facebook.com/photo/?fbid=1426389943005290&set=a.295125726131723
https://www.facebook.com/inquirerdotnet/posts/pfbid02EwACfaCGAaXnWXnXb5rjQispzD7QiW2tv32tei9dreYNPHrPnp8Zqav1w7kk2Txsl,Andrea Del Rosario’s photo with Bato dela Rosa surfaces,0,0,0,Not Relevant,1,GenericAttachmentMedia,https://external-ord5-1.xx.fbcdn.net/emg1/v/t13/13456235759698575899?url=https%3A%2F%2Fentertainment.inquirer.net%2Ffiles%2F2026%2F05%2FAndrea-del-Rosario-Bato-05192026.png&fb_obo=1&utld=inquirer.net&stp=c0.5000x0.5000f_dst-jpg_flffffff_p500x261_q75_tt6&_nc_gid=5SmgXmaeP9OwtqkZFp1PnA&_nc_oc=AdroCB7ZnISrwD72U6_4UeCGNr5gtP7j90tmQp_ssMlx9GBVAA-gslw2rvqd3xqkajo&ccb=13-1&oh=06_Q3-_AaiXgQHZdwQCR6wJqu7ua4NvCNxzyK4u48p6TTkXrfvL&oe=6A0E2B5A&_nc_sid=c97757
https://www.facebook.com/inquirerdotnet/posts/pfbid02ixXtwsv36B5jYnTuZUQqRH5MkTo7g4n5TWUFAns7DkB38hW4HnvT3UTccjxLAQ9Ll,Jannik Sinner primed for career Grand Slam at French Open,0,0,0,Not Relevant,1,,
https://www.facebook.com/reel/1722860965432313/,"SITWASYON SA MAYON

Ibinahagi ng DOST-PHIVOLCS ang sped-up camera footage ng lava effusion with collapse-fed pyroclastic density currents (PDCs) mula sa crater sa Mi-isi gully sa Mayon Volcano 9:46 p.m. ngayong Lunes, May 18.

Ayon sa ahensya, nagpapatuloy ang effusive eruption sa Mayon sa ika-133 sunod na araw.

Nananatiling nakataas ang Alert Level 3 sa bulkan at ipinagbabawal ang pagpasok sa loob ng 6-km Permanent Danger Zone (PDZ).

📸: DOST-PHIVOLCS",105,3,9,Not Relevant,1,Video,https://www.facebook.com/reel/1722860965432313/
https://www.facebook.com/News5Everywhere/posts/pfbid02Hey6pRnbfAQD24paHqF6Bgn4db2eX4Lrmo9T4iRfUwTNEJGQpKqme3Hs1qyt9YCxl,"READY FOR WAVE TO EARTH’S ‘THE PIECES TOUR’ IN MANILA? 💙

Magbabalik ang South Korean indie rock band na Wave to Earth sa bansa bilang bahagi ng kanilang “The () Pieces Tour.”

Gaganapin ito sa SM Mall of Asia Arena sa November 15.

Kilala ang banda sa ilang hit songs gaya ng “Seasons,” “Love,” at “Bad.”

📸: Wave to Earth (Facebook)",36,0,2,Not Relevant,1,Photo,https://www.facebook.com/photo/?fbid=1509606494531212&set=a.647063400785530
https://www.facebook.com/News5Everywhere/posts/pfbid0LAmJLDFtTnrxKsgD2vjs47aRDjqszGgin2a1Xb66fEkxqX3M4mGpPMqsN5Tm1V5al,"WALANG BINABANTAYANG SAMA NG PANAHON

Walang mino-monitor na low pressure area (LPA) ang DOST-PAGASA sa bansa as of 8 p.m. ngayong Lunes, May 18.

📸: DOST-PAGASA",161,21,12,Not Relevant,3,Photo; Photo,https://www.facebook.com/News5Everywhere/posts/pfbid0LAmJLDFtTnrxKsgD2vjs47aRDjqszGgin2a1Xb66fEkxqX3M4mGpPMqsN5Tm1V5al; https://scontent.fagc1-1.fna.fbcdn.net/v/t39.30808-6/703307744_1509602344531627_8586116280159373449_n.jpg?stp=dst-jpg_s590x590_tt6&_nc_cat=102&ccb=1-7&_nc_sid=127cfc&_nc_ohc=q8dw1dJpVakQ7kNvwH-VLH2&_nc_oc=AdrH2bEshx1r1lKpJ4KCrQhH-SNrazrrpvhuGTwDokOQzrKccFdKLb-d6Pzel0r-zA4&_nc_zt=23&_nc_ht=scontent.fagc1-1.fna&_nc_gid=TETqve0KaE5a8-BmIHRR5w&_nc_ss=72289&oh=00_Af4bj2lUpVdPEx0K7IzcEFc9Vo7cJ2CzvEzMledKEi07qg&oe=6A122746; https://scontent.fagc1-2.fna.fbcdn.net/v/t39.30808-6/701737498_1509602434531618_4458814037722765227_n.jpg?stp=dst-jpg_s590x590_tt6&_nc_cat=109&ccb=1-7&_nc_sid=127cfc&_nc_ohc=GiwTtuP_FCYQ7kNvwFQpNIg&_nc_oc=AdpbHQbeoOvU8sRRbBLOHzTu09_mY_SrTJriQ419CQW-HIdVrEm10N2OTT-_0zupJOo&_nc_zt=23&_nc_ht=scontent.fagc1-2.fna&_nc_gid=TETqve0KaE5a8-BmIHRR5w&_nc_ss=72289&oh=00_Af4bir4ULWFiS2Brs1KVvVnTf1hqdnZ5XQIeefBaYd5n_A&oe=6A1236AE
https://www.facebook.com/PAGASA.DOST.GOV.PH/videos/1576395050570178/,"Press Briefing: Tropical Depression CALOY {HAGUPIT} issued at 11:00 AM | May 11, 2026 - Monday

DOST-PAGASA Weather Specialist: Grace Castañeda

#weatherreport  #dostpagasa  #CaloyPH

For more detailed information please visit these links:
Tropical Cyclone Bulletin : https://bagong.pagasa.dost.gov.ph/tropical-cyclone/severe-weather-bulletin
Weather Advisory : https://bagong.pagasa.dost.gov.ph/weather/weather-advisory
Storm Surge Warning: https://bagong.pagasa.dost.gov.ph/tropical-cyclone/forecast-storm-surge
Gale Warning : https://bagong.pagasa.dost.gov.ph/marine/gale-warning

PAGASA Weather Report (Subscribe for more weather updates)
Facebook Page (Like): / pagasa.dost.gov.ph
Twitter (Follow): / dost_pagasa
Website (Visit): http://bagong.pagasa.dost.gov.ph
Customer Satisfaction Survey (Feedback): https://shorturl.at/Do3VX",90,21,16,Moderate,1,Video,https://www.facebook.com/PAGASA.DOST.GOV.PH/videos/1576395050570178/
https://www.facebook.com/PAGASA.DOST.GOV.PH/posts/pfbid0Pq4xWCTmDRBEsNRPe1ZJTu4TVfN7VNaofei9HbX8QMooaLyJQWrjAwHKbD2WLJSLl,"TROPICAL CYCLONE BULLETIN NR. 7
Tropical Depression #CaloyPH (HAGUPIT)
Issued at 11:00 AM, 11 May 2026
Valid for broadcast until the next bulletin at 5:00 PM today.

TROPICAL DEPRESSION CALOY SLOWS DOWN AS IT CONTINUES MOVING WEST-NORTHWESTWARD OVER THE PHILIPPINE SEA.

• Location of Center (10:00 AM)
 
The center of Tropical Depression CALOY was estimated based on all available data at 475 km East of Guiuan, Eastern Samar (10.9°N, 130.1°E). 

• Intensity 

Maximum sustained winds of 45 km/h near the center, gustiness of up to 55 km/h, and central pressure of 1004 hPa 

• Present Movement 
West northwestward at 10 km/h 

• Extent of Tropical Cyclone Winds 
Strong winds extend outwards up to 250 km from the center

OTHER HAZARDS AFFECTING LAND AREAS
➣CALOY is unlikely to directly affect the country throughout the forecast period.

HAZARDS AFFECTING COASTAL WATERS
➣24-Hour Sea Condition Outlook

Up to moderate seas over the following coastal waters:
• Up to 2.0 m: The seaboards of Batanes, Cagayan, Isabela, Ilocos Norte, northern Ilocos Sur, Aurora, Camarines Norte, Northern Samar, Eastern Samar, and Surigao del Sur; the western seaboard of Pangasinan; the northern seaboards of Camarines Sur; the northern and eastern seaboards of Quezon including Polillo Islands and Catanduanes; the eastern seaboards of Albay, Sorsogon, Dinagat Islands, Siargao-Bucas Grande Islands, and Davao Oriental.
• Mariners of motorbancas and similarly sized vessels are advised to take precautionary measures while venturing out to sea and, if possible, avoid navigation under these conditions.

TRACK AND INTENSITY OUTLOOK

• CALOY will continue moving west northwestward in the next 12 hours and will remain over the Philippine Sea, far from the Philippine landmass. 
• This weather disturbance is forecast to further weaken into a remnant low today (11 May).

Considering these developments, the public and disaster risk reduction and management offices concerned are advised to take all necessary measures to protect life and property. Persons living in areas identified to be highly or very highly susceptible to these hazards are advised to follow evacuation and other instructions from local officials. For heavy rainfall warnings, thunderstorm/rainfall advisories, and other severe weather information specific to your area, please monitor products issued by your local PAGASA Regional Services Division.

The next tropical cyclone bulletin will be issued at 5:00 PM today.
 
DOST-PAGASA 

Link: tinyurl.com/CaloyPH",810,24,265,Not Relevant,4,Photo; Photo; Photo,https://www.facebook.com/PAGASA.DOST.GOV.PH/posts/pfbid0Pq4xWCTmDRBEsNRPe1ZJTu4TVfN7VNaofei9HbX8QMooaLyJQWrjAwHKbD2WLJSLl; https://scontent-lax3-1.xx.fbcdn.net/v/t39.30808-6/695762578_1438580954980220_5162430427098357610_n.jpg?stp=dst-jpg_p480x480_tt6&_nc_cat=110&ccb=1-7&_nc_sid=127cfc&_nc_ohc=2yWzADPH_gAQ7kNvwFM8Gkr&_nc_oc=AdqVEi-26XUCnplvCVgomryHfvS5dEpUxUksFXjNvdHaqzK8Vqpc_50FmZjcWQoPNuk&_nc_zt=23&_nc_ht=scontent-lax3-1.xx&_nc_gid=xfKkWdRzI5AMbgOMzLu83w&_nc_ss=72289&oh=00_Af6ZvWKGmnGoSxlGp1zRwNzd_ja_hFt8aI4F44PZW4O9Ig&oe=6A123BAE; https://scontent-lax3-1.xx.fbcdn.net/v/t39.30808-6/696126879_1438580994980216_1715693166361548641_n.jpg?stp=dst-jpg_s590x590_tt6&_nc_cat=110&ccb=1-7&_nc_sid=127cfc&_nc_ohc=ly7aqoCsUVoQ7kNvwFPwv2r&_nc_oc=AdqUjwUnBSGF9OMRXcxcbuKzkS8aPausAuOYTp3NH-eYhve1aE6s9Fc8I1-f3HG1i74&_nc_zt=23&_nc_ht=scontent-lax3-1.xx&_nc_gid=xfKkWdRzI5AMbgOMzLu83w&_nc_ss=72289&oh=00_Af4_4a0DDzwCzFdi4t6tREkUyI-vSdxGGxcSPMUPkNZP3g&oe=6A123C52; https://scontent-lax3-1.xx.fbcdn.net/v/t39.30808-6/696705228_1438580934980222_1096642826795207569_n.jpg?stp=dst-jpg_s590x590_tt6&_nc_cat=108&ccb=1-7&_nc_sid=127cfc&_nc_ohc=iVAEunj7jEwQ7kNvwF87IbH&_nc_oc=AdrYrhhktKr4D9hu0lFDa2466HFSVj_Fg0aAQW0EebFvzDPL63quBSutlS1pDvJ6GdY&_nc_zt=23&_nc_ht=scontent-lax3-1.xx&_nc_gid=xfKkWdRzI5AMbgOMzLu83w&_nc_ss=72289&oh=00_Af7zOfErTMPwKD-1P2ZuXjMgY4J3bK4rf5_LoiQPQY9k4A&oe=6A120FAB
https://www.facebook.com/PAGASA.DOST.GOV.PH/posts/pfbid04Fq6FTzWp6kxGVK4cmZwoF8KuPPPtVXFeDE8Nenx5Cm27UvCKYzzwigFCfnfQ2XHl,"As of 8:00 AM today, 11 May 2026, Tropical Depression ""CALOY"" {Int'l name ""HAGUPIT""} is being monitored inside the Philippine Area of Responsibility (PAR).

Meanwhile, a Low Pressure Area (LPA 05c) is being monitored outside the PAR and is ""UNLIKELY"" to develop into a tropical depression within the next 24 hours.

All are advised to monitor updates from DOST-PAGASA.",557,14,177,Not Relevant,1,Photo,https://www.facebook.com/photo/?fbid=1438576291647353&set=a.365711365600523
https://www.facebook.com/inquirerdotnet/posts/pfbid0mZ2TvNqdp89iehEM4ugs3dB5A2F8zLzbpZqDtZsuRDZonfZA5iCWxvZ6FQhjMvKrl,Via Bandera,380,225,5,Not Relevant,0,,
https://www.facebook.com/inquirerdotnet/posts/pfbid02oZDyknygAdUfnDmm7R3kJbgiHiPJ3movSq8XYkZVkHcujYJG4bu5PgsPcpoe4evhl,"Roi Vinzon, son Anton to share screen for first time in sports drama ‘Kamao’",1,0,0,Not Relevant,1,,
https://www.facebook.com/inquirerdotnet/posts/pfbid02hn4MvohLzyHQSw6eJaDVDkGZ84DG3W9UmwRLEuXseDyea6AUuzZYCz9bXyAgiU5yl,"LOOK: Gutter-deep flooding hits BF Resort Village subdivision in Las Piñas City after heavy rains on Tuesday morning, May 19.

Metro Manila is expected to experience possible flash floods from localized thunderstorms, according to Pagasa's public weather forecast today. | 📷: BF Resort Village Talon Homeowners Association, Inc., DOST-PAGASA/Facebook via Hiroshi Suto, http://INQUIRER.net trainee",486,126,88,Severe,4,Photo; Photo; Photo,https://www.facebook.com/inquirerdotnet/posts/pfbid02hn4MvohLzyHQSw6eJaDVDkGZ84DG3W9UmwRLEuXseDyea6AUuzZYCz9bXyAgiU5yl; https://scontent-lga3-2.xx.fbcdn.net/v/t39.30808-6/702255293_1426384626339155_3328901112501721068_n.jpg?_nc_cat=107&ccb=1-7&_nc_sid=127cfc&_nc_ohc=yVrikWMExA0Q7kNvwGQYMlL&_nc_oc=AdocKUFBvAxEdWi-VTU1ME1XL_XmDCEyupTM_Yi_i8YWDjkmQtHZB8DOF5dLTy11D_CYf2ZBLqLXd4dwK61Yq38T&_nc_zt=23&_nc_ht=scontent-lga3-2.xx&_nc_gid=LTsgfctEnM7G06aubpnfLQ&_nc_ss=72289&oh=00_Af7E50QStpbXZXpatY3G7BPApiPug0qoHZBQNCwGDZSHug&oe=6A122F6A; https://scontent-lga3-3.xx.fbcdn.net/v/t39.30808-6/702857686_1426384633005821_8688245528419940849_n.jpg?stp=dst-jpg_s590x590_tt6&_nc_cat=102&ccb=1-7&_nc_sid=127cfc&_nc_ohc=dcdqH3W_tlkQ7kNvwFe0kf0&_nc_oc=AdrR_RQXfdEZsi7gf5KpR1QcXPP7DYaeJKazs-OsH_sa5tk7eWxPrxhK8fAE6o2Q5RkQ-mFB5TNIupMsWlevoDNB&_nc_zt=23&_nc_ht=scontent-lga3-3.xx&_nc_gid=LTsgfctEnM7G06aubpnfLQ&_nc_ss=72289&oh=00_Af4B789QKaORw8_8n9N-GaduNrwGK1ixz8k5Od3bITGggA&oe=6A123DD8; https://scontent-lga3-2.xx.fbcdn.net/v/t39.30808-6/702085489_1426384646339153_477142241181431266_n.jpg?stp=dst-jpg_s590x590_tt6&_nc_cat=105&ccb=1-7&_nc_sid=127cfc&_nc_ohc=wW6r-c366GYQ7kNvwHFTwcU&_nc_oc=AdoqgoaQ5_Dp_AQtNlLM_pfhmRIXkJYyoSsP6W_gqXQmJxq-25aJogkjINXt2Sxs4kOTavgB8lz1LBMaIMpWvD6t&_nc_zt=23&_nc_ht=scontent-lga3-2.xx&_nc_gid=LTsgfctEnM7G06aubpnfLQ&_nc_ss=72289&oh=00_Af6LkZkhAsDk40fU66YRtQQORw4njG9Tqah-QIJTfLoCJQ&oe=6A12072F
https://www.facebook.com/News5Everywhere/posts/pfbid06rYGX9XVxsGtVJDntCmPzx3Fk8xWBMECKC3mt63WhTr9qo35gZrAr14L2SXNawCYl,"MENSAHE NG NBI CHIEF KAY SEN. BATO

Sinabi ni National Bureau of Investigation (NBI) Director Melvin Matibag na mas maigi kung haharapin ni Sen. Bato dela Rosa ang arrest warrant laban sa kaniya.

Kasunod ito ng pagkumpirma ng International Criminal Court (ICC) sa arrest warrant laban sa senador kaugnay ng kasong crimes against humanity of murder.

Walang nakaaalam kung nasaan ang senador sa kasalukuyan matapos niyang lumabas sa Senado kasunod ng nangyaring gulo noong Miyerkules, May 13. I via Dave Abuel",3022,1468,37,Not Relevant,1,Photo,https://www.facebook.com/photo/?fbid=1509587824533079&set=a.647063400785530
https://www.facebook.com/reel/1865334787466237/,"'WE HAVE A COMMITMENT TO THE ICC'

Ito ang tugon ni National Bureau of Investigation (NBI) Director Melvin Matibag ukol sa patuloy nitong pagtugis kay Sen. Bato dela Rosa matapos umano itong mamataan sa Batangas.

Nilinaw ni Matibag na patuloy ang monitoring ng mga awtoridad sa kinaroroonan ni Senator dela Rosa lalo na't kasama na siya sa wanted list ng International Criminal Court (ICC).",3124,898,34,Not Relevant,1,Video,https://www.facebook.com/reel/1865334787466237/
https://www.facebook.com/News5Everywhere/posts/pfbid0dEY2gzRLH6a3PsPi6MuHZMHCuK2LUCW93jvW5BeoyjyFEiEoWFyKNbN2YBXmJWykl,"‘NAKITA NAMAN PO NATIN NA GUMUGULONG NA PO ANG HUSTISYA’

Ito ang komento ni 3rd District Manila Rep. Joel Chua kasunod ng pag-convene ng Senado bilang impeachment court ngayong Lunes, May 18, para sa paglilitis kay Vice Pres. Sara Duterte.

Ayon kay Chua, miyembro ng 11-member House prosecution team, nakatutuwa na nagawa na rin pati ang presentation ng articles ng impeachment at may order na para sa pag-isyu ng writ of summons laban sa bise.

Matatandaang nai-transmit sa Senado ang Articles of Impeachment laban kay VP Duterte noong Miyerkules, May 13.

#SaTotooLang",2363,550,36,Not Relevant,1,Photo,https://www.facebook.com/photo/?fbid=1509570617868133&set=a.647063400785530
https://www.facebook.com/dzbb594/videos/1444996494066163/,Narito na si Melo del Prado para sa mga balitang nakalap sa nakalipas na magdamag sa #MeloDelPradoSaSuperRadyoDZBB.,106,32,4,Not Relevant,1,Video,https://www.facebook.com/dzbb594/videos/1444996494066163/
https://www.facebook.com/reel/969697959138293/,"𝗔𝗞𝗦𝗜𝗗𝗘𝗡𝗧𝗘 𝗦𝗔 𝗚𝗨𝗔𝗗𝗔𝗟𝗨𝗣𝗘 𝗕𝗥𝗜𝗗𝗚𝗘

Aksidente sa Guadalupe Bridge, nagdulot ng matinding traffic sa EDSA (SB). | via Christian Maño",107,23,11,Not Relevant,1,Video,https://www.facebook.com/reel/969697959138293/
https://www.facebook.com/dzbb594/posts/pfbid0LpSbQ8e8kdYvEJfeCG9NQKutU6AkbNjEzJTztSLvzpsN8DqGqWJvT2oq44mTVNjol,"𝗘𝗝𝗘𝗥𝗖𝗜𝗧𝗢, 𝗭𝗨𝗕𝗜𝗥𝗜, 𝗦𝗨𝗠𝗔𝗟𝗜 𝗦𝗔 𝗠𝗜𝗡𝗢𝗥𝗜𝗧𝗬

Hindi man nagpalit ng liderato, nagpahayag sina Sen. JV Ejercito at Sen. Juan Miguel Zubiri na sasama na sila sa minorya.   

Nabatid na nag-abstain sila nang magbotohan para sa Senate President noong nakaraang linggo. 

Inamin din ni Ejercito na inalok siya ni Cayetano na maging Senate Majority Leader, kapalit ng pagsama sa mayorya.

Sa ngayon, may 13 miyembro ang mayorya, habang 11 ang minorya na pinamumunuan ni Sen. Vicente Sotto III. 

Itinanggi naman ni Sotto III na nagpulong sila ng mga kasamahan ng minorya kaugnay ng pagpalit ng liderato sa Senado.",283,78,20,Not Relevant,3,Photo; Photo,https://www.facebook.com/dzbb594/posts/pfbid0LpSbQ8e8kdYvEJfeCG9NQKutU6AkbNjEzJTztSLvzpsN8DqGqWJvT2oq44mTVNjol; https://scontent-dfw5-1.xx.fbcdn.net/v/t39.30808-6/702334550_1477155874457932_1326586721578693905_n.jpg?stp=dst-jpg_s590x590_tt6&_nc_cat=105&ccb=1-7&_nc_sid=127cfc&_nc_ohc=TEpKlL90Y6EQ7kNvwFDZ5xv&_nc_oc=Adr8tj8smUyJ9Z_bjYrRNqIXWw7B-p-O784mD-DuxYV6GRfT3bGY3rwTK2WDv5W6Rb8&_nc_zt=23&_nc_ht=scontent-dfw5-1.xx&_nc_gid=5Ar9GWtqA8S2G7IiUmeVmA&_nc_ss=7c289&oh=00_Af513J45Ppt9Nu_ZS5_U9xJav0HWzo4oUs8ZKjdO89RXfw&oe=6A123A4D; https://scontent-dfw6-1.xx.fbcdn.net/v/t39.30808-6/701487367_1477155917791261_1271453313798130871_n.jpg?stp=dst-jpg_s590x590_tt6&_nc_cat=101&ccb=1-7&_nc_sid=127cfc&_nc_ohc=MnIUUZi0VA0Q7kNvwGxFCh4&_nc_oc=Adq76fiO4qnHAdcjdJKNsB6P-B5HrH3J3Kc_5OPBPD06kmb0v8eSo8-1198YH1HHPkQ&_nc_zt=23&_nc_ht=scontent-dfw6-1.xx&_nc_gid=5Ar9GWtqA8S2G7IiUmeVmA&_nc_ss=7c289&oh=00_Af7S6IzHqTVZ5GrYwkUeUy6DFvsjuHCFrSXph6DQ8l49Iw&oe=6A120C0A
https://www.facebook.com/PAGASA.DOST.GOV.PH/posts/pfbid02fy7D43PvqcTuGwerXp5RgSi32eVhZc1Ry3h8VpSPp8bsNdXnSuZdnHXG5VzE9T3Pl,"Hydrological Forecast for Cagayan River Basin    
Issued at 8:30AM, 11 May 2026",43,0,2,Mild,1,Photo,https://www.facebook.com/photo/?fbid=1438515724986743&set=a.365711365600523
https://www.facebook.com/PAGASA.DOST.GOV.PH/posts/pfbid0LQrQiMcpDyLvw4tCsWNNgZfM73GZfoM6VY8MwcCATpUAHy8ye2jk75tS13nBuuUZl,"Hydrological Forecast for Agno River Basin            
Issued at 8:30AM, 11 May 2026",47,0,1,Mild,1,Photo,https://www.facebook.com/photo/?fbid=1438508408320808&set=a.365711365600523
https://www.facebook.com/PAGASA.DOST.GOV.PH/posts/pfbid02VZ4pm5xU2RMdG2SMcLidUvYJt7wMWie3gLZhRJvMQYeWRhaLm6UNtiWbpzoCEsA8l,"Dam Updates as of 8:00 AM, 11 May 2026",52,0,8,Not Relevant,1,Photo,https://www.facebook.com/photo/?fbid=1438507904987525&set=a.365711365600523
https://www.facebook.com/News5Everywhere/videos/1634274891175864/,"FRONTLINE TONIGHT LIVESTREAM | May 18, 2026",83,35,5,Not Relevant,1,Video,https://www.facebook.com/News5Everywhere/videos/1634274891175864/
https://www.facebook.com/News5Everywhere/posts/pfbid0sXLAo36yg5TtHSC3WaoUBw6WEcny1SfdUE6aWuEVfF9FeYAYcWQ7FweFAJuAwH55l,"‘WHAT WILL BE THE LEGAL BASIS OF THE WARRANT OF ARREST?’

Kinuwestyon ni Sen. Rodante Marcoleta kung ano ang magiging legal na basehan sa pagpapatupad ng isang warrant of arrest mula International Criminal Court (ICC) gayong wala nang membership ang bansa sa Rome Statute.

“Huwag kayong nagpapapaniwala doon sa mga dean, mga abogadong [salita] nang salita. Nililinlang lang nila kayo,” sabi ni Marcoleta ngayong Lunes, May 18.

Nito lamang nakaraang linggo nang kumpirmahin ng ICC ang arrest warrant laban kay Sen. Bato dela Rosa kaugnay ng kasong crimes against humanity of murder.",18404,7992,505,Not Relevant,1,Photo,https://www.facebook.com/photo/?fbid=1509541697871025&set=a.647063400785530
https://www.facebook.com/reel/1479551750294196/,"'SIYEMPRE GUSTO NAMING NANDITO SIYA'

'Yan ang sagot ni Sen. Robin Padilla nang tanungin ukol sa pagdalo ni Sen. Bato dela Rosa sa pag-convene ng Senado bilang impeachment court sa paglilitis kay Vice Pres. Sara Duterte.",837,203,14,Not Relevant,1,Video,https://www.facebook.com/reel/1479551750294196/
https://www.facebook.com/PAGASA.DOST.GOV.PH/posts/pfbid034JzfQu5esX1Lhtzn6q7eJYWxrMqoDnzJUniopBebgNyxVHBzJva2sUF4ev1Txivhl,"Hydrological Forecast for Bicol River Basin  
Issued at 8:30AM, 11 May 2026",37,1,3,Moderate,1,Photo,https://www.facebook.com/photo/?fbid=1438505498321099&set=a.365711365600523
https://www.facebook.com/PAGASA.DOST.GOV.PH/posts/pfbid0tg4P86tNkLkjuT9HBAe4ov9sX2WMTDR3o9bZLafwVCy5uMWkZ1BxFzRicHcLjfaJl,"General Flood Advisories
Issued @6AM, 11 May 2026

Region 10 (Northern Mindanao) GFA#2 Final
Region 13 (CARAGA) GFA#2 Final
BARMM GFA#2 Final",73,1,16,Moderate,4,Photo; Photo; Photo,https://www.facebook.com/PAGASA.DOST.GOV.PH/posts/pfbid0tg4P86tNkLkjuT9HBAe4ov9sX2WMTDR3o9bZLafwVCy5uMWkZ1BxFzRicHcLjfaJl; https://scontent-sjc6-1.xx.fbcdn.net/v/t39.30808-6/696273823_1438437734994542_3163845260177192010_n.jpg?stp=dst-jpg_s590x590_tt6&_nc_cat=109&ccb=1-7&_nc_sid=127cfc&_nc_ohc=D0vBJlFcKXEQ7kNvwFoEiGS&_nc_oc=Adq3aawWTse-VagNXnXO81OJYdwMn7q7FlDy8Nx6-PKoBBRjLiWdZjKx0ozkMAVSzVk&_nc_zt=23&_nc_ht=scontent-sjc6-1.xx&_nc_gid=pUnQvJGNqE8BWv58K5Vtlg&_nc_ss=72289&oh=00_Af70Ux98Li9TH-RC5ByZW5tkrMJf-bswJZ-WB9wU0OzWfw&oe=6A1221B8; https://scontent-sjc6-1.xx.fbcdn.net/v/t39.30808-6/698003992_1438437828327866_1925871707364595281_n.jpg?stp=dst-jpg_s590x590_tt6&_nc_cat=101&ccb=1-7&_nc_sid=127cfc&_nc_ohc=ekX6IFSUcH4Q7kNvwGdCjAW&_nc_oc=AdrAXLkk4kYJuqNqpQ3fcLyu3gyV_p0edCqLNHQMBfDW4Xu53QnWk_t7x4nlUU4u7XQ&_nc_zt=23&_nc_ht=scontent-sjc6-1.xx&_nc_gid=pUnQvJGNqE8BWv58K5Vtlg&_nc_ss=72289&oh=00_Af6e-KrQAtS2-rmVA2OpR0Q4VFQBc1ntEVh1TnxWx-2FOA&oe=6A122A4F; https://scontent-sjc3-1.xx.fbcdn.net/v/t39.30808-6/696075398_1438437871661195_8619268498245009136_n.jpg?stp=dst-jpg_s590x590_tt6&_nc_cat=105&ccb=1-7&_nc_sid=127cfc&_nc_ohc=3xIZEcyo6KwQ7kNvwGtE_Uw&_nc_oc=Adr03iOHx_TI8akzycqZFD6UdHMYpid_E3wbF8auRqre2GwCwD2dSWRoljhEUiV7U34&_nc_zt=23&_nc_ht=scontent-sjc3-1.xx&_nc_gid=pUnQvJGNqE8BWv58K5Vtlg&_nc_ss=72289&oh=00_Af6rJX2GEHbWwCmYP0IZcCOe8kppjYHVCejyweBEuu8BzA&oe=6A121FD7
https://www.facebook.com/PAGASA.DOST.GOV.PH/posts/pfbid02ifH6TrfeQbFjc2NDAR69KtamMWLBPYzvakyZfdEsSXUJ6Ntfxpg5gumk5aEoEaAsl,"TROPICAL CYCLONE BULLETIN NR. 6
Tropical Depression #CaloyPH (HAGUPIT)
Issued at 5:00 AM, 11 May 2026
Valid for broadcast until the next bulletin at 11:00 AM today.

TROPICAL DEPRESSION CALOY CONTINUES TO MOVE WEST NORTHWESTWARD WHILE OVER THE PHILIPPINE SEA.

Location of Center (4:00 AM):
The center of Tropical Depression CALOY was estimated based on all available data at 530 km East of Guiuan, Eastern Samar (10.8°N, 130.6°E).

Intensity:
Maximum sustained winds of 45 km/h near the center, gustiness of up to 55 km/h, and central pressure of 1004 hPa

Present Movement:
West northwestward at 15 km/h

Extent of Tropical Cyclone Winds:
Strong winds extend outwards up to 250 km from the center

TROPICAL CYCLONE WIND SIGNALS (TCWS) IN EFFECT

➣ No Wind Signal is currently hoisted

OTHER HAZARDS AFFECTING LAND AREAS

➣ CALOY is unlikely to directly affect the country throughout the forecast period.

HAZARDS AFFECTING COASTAL WATERS

➣ 24-Hour Sea Condition Outlook

Up to moderate seas over the following coastal waters:
• Up to 2.0 m: The seaboards of Batanes, Cagayan, Isabela, Ilocos Norte, northern Ilocos Sur, Aurora, Camarines Norte, Northern Samar, Eastern Samar, and Surigao del Sur; the western seaboard of Pangasinan; the northern seaboards of Camarines Sur; the northern and eastern seaboards of Quezon including Polillo Islands and Catanduanes; the eastern seaboards of Albay, Sorsogon, Eastern Samar, Dinagat Islands, Siargao-Bucas Grande Islands, and Davao Oriental.
• Mariners of motorbancas and similarly sized vessels are advised to take precautionary measures while venturing out to sea and, if possible, avoid navigation under these conditions.

TRACK AND INTENSITY OUTLOOK

➣ CALOY will continue moving west northwestward in the next 12 hours and will remain over the Philippine Sea, far from the Philippine landmass. This weather disturbance is forecast to further weaken into a remnant low today (11 May).

Considering these developments, the public and disaster risk reduction and management offices concerned are advised to take all necessary measures to protect life and property. Persons living in areas identified to be highly or very highly susceptible to these hazards are advised to follow evacuation and other instructions from local officials. For heavy rainfall warnings, thunderstorm/rainfall advisories, and other severe weather information specific to your area, please monitor products issued by your local PAGASA Regional Services Division.

The next tropical cyclone bulletin will be issued at 11:00 AM today.

DOST-PAGASA

Link: tinyurl.com/CaloyPH",867,23,335,Not Relevant,4,Photo; Photo; Photo,https://www.facebook.com/PAGASA.DOST.GOV.PH/posts/pfbid02ifH6TrfeQbFjc2NDAR69KtamMWLBPYzvakyZfdEsSXUJ6Ntfxpg5gumk5aEoEaAsl; https://scontent-sjc6-1.xx.fbcdn.net/v/t39.30808-6/691536742_1438401554998160_824181222645516677_n.jpg?stp=dst-jpg_p480x480_tt6&_nc_cat=100&ccb=1-7&_nc_sid=127cfc&_nc_ohc=-R_y1SzaW_UQ7kNvwECa5BT&_nc_oc=AdrT6XUSwbvBsmYkFSCnGG_hwjb2Z7Fh7rwpggaUKxQPe9R8h5wZ_8GGsa27TPq3BYk&_nc_zt=23&_nc_ht=scontent-sjc6-1.xx&_nc_gid=pUnQvJGNqE8BWv58K5Vtlg&_nc_ss=72289&oh=00_Af4cqVV2aGZAAibOBPmJJtSwwtAZhDPOXaXUHArIryxw6Q&oe=6A122A4D; https://scontent-sjc6-1.xx.fbcdn.net/v/t39.30808-6/696695576_1438401584998157_8905593785377918231_n.jpg?stp=dst-jpg_s590x590_tt6&_nc_cat=102&ccb=1-7&_nc_sid=127cfc&_nc_ohc=8e38nB5WDKQQ7kNvwHwViro&_nc_oc=AdoXe67G10bGObRv3kWczFqRiAt4zLvVwQpIzSNOoBpcjmxYiQ5U922l-PLIj2fh63c&_nc_zt=23&_nc_ht=scontent-sjc6-1.xx&_nc_gid=pUnQvJGNqE8BWv58K5Vtlg&_nc_ss=72289&oh=00_Af7Zdhfmpvz-s_I8sW3xRXgDn4gu6YsySF5oEkHvmGLdBg&oe=6A1217D7; https://scontent-sjc6-1.xx.fbcdn.net/v/t39.30808-6/690441117_1438401541664828_8088209183283375285_n.jpg?stp=dst-jpg_s590x590_tt6&_nc_cat=104&ccb=1-7&_nc_sid=127cfc&_nc_ohc=Ni9rv8xTJnwQ7kNvwEuoPJ_&_nc_oc=Adrvl02ZhX0Ua8YHfglBj6q33bI4kDdNO9dlRTydrj6_zBDjJ5NFW5LMOWveBz56ow0&_nc_zt=23&_nc_ht=scontent-sjc6-1.xx&_nc_gid=pUnQvJGNqE8BWv58K5Vtlg&_nc_ss=72289&oh=00_Af664MBhVms7X7EO8LrCd5647r6Aem_87KsggxfErZugig&oe=6A1225C2
https://www.facebook.com/PhilippineSTAR/posts/pfbid0WFFs6tbh6bz84UoK76XYHhGaYgR5vz2T19UhiDS2hty2Q1mDQTR1rxFamzXCXKTrl,"SPORTS HEADLINES (Tuesday, May 19, 2026)
Subscribe to the paper: https://philstarsubscribe.com/

Legacy versus hunger
https://tinyurl.com/2u2ahp7a

Yulo banners OAJLP Gymnastique in golden show
https://tinyurl.com/45d682du

Eala back inside WTA Top 40
https://tinyurl.com/3xc6rajr

Hoey limps to 60th, Englishman wins title
https://tinyurl.com/48d73t2j

PSA Forum resumes
https://tinyurl.com/ms8cp57z",7,0,0,Not Relevant,1,Photo,https://www.facebook.com/photo/?fbid=1489111399919401&set=a.602294451934438
https://www.facebook.com/PhilippineSTAR/posts/pfbid02UTHfCjC5rmGMN1jPCgbvmEyajhbtUjxgWu22YLhbg9ggj7Jb7iSX2VDFqhXQXBAUl,"BUSINESS HEADLINES (Tuesday, May 19, 2026)
Subscribe to the paper: https://philstarsubscribe.com/

Banks lift profit to P104.8 billion in Q1
https://tinyurl.com/mr2vmz28

Global purple craze brightens hopes for Philippines ube farmers
https://tinyurl.com/47x5fymv

NFA misses buffer stock procurement target in Q1
https://tinyurl.com/3sf9saxx

PH loses P151 billion revenue to illicit tobacco trade – report
https://tinyurl.com/4e6dzjm7

Stocks fall, peso hits fresh record low
https://tinyurl.com/mr4y54f6

DICT pushes magna carta for government IT workers
https://tinyurl.com/22m9476f

ABS-CBN banks on new film, BINI tour for revenue boost
https://tinyurl.com/26u4ttub

Over 20 firms interested in AI hub under Pax Silica
https://tinyurl.com/4nmjbvvw

Megaworld cements position as Philippine’s largest office developer
https://tinyurl.com/5n8edbp2

Metrobank sees 2026 profit staying on target
https://tinyurl.com/yzh4bmd9",14,1,2,Not Relevant,1,Photo,https://www.facebook.com/photo/?fbid=1489110609919480&set=a.602294451934438
https://www.facebook.com/PhilippineSTAR/posts/pfbid0T2qQewGQNPYLvMte9mPBxBb4YexSYHtLxpgJiwZrYgMYeFouxC8NPc3nEDqrzsscl,,119,3,7,Not Relevant,0,,
https://www.facebook.com/reel/2123934041721899/,"FIRE ALERT: Sunog, sumiklab sa isang residential area sa Brgy. 31 sa Maypajo, Caloocan City. | via Allan Gatus",23,0,2,Not Relevant,1,Video,https://www.facebook.com/reel/2123934041721899/
https://www.facebook.com/dzbb594/videos/2293836654757830/,Bagong-bagong mga balita ang inyong matutunghayan sa #BuenaManongBalita ni Orly Trinidad. Tutok na po!,148,278,8,Not Relevant,1,Video,https://www.facebook.com/dzbb594/videos/2293836654757830/
https://www.facebook.com/dzbb594/videos/1867909460549621/,"BALITANG BALITA SA DOBOL B | May 19, 2026

Radio: 594 kHz AM band
Audio Streaming: gmanetwork.com/radio/streaming/dzbb
Twitter: https://twitter.com/dzbb
YouTube: https://www.youtube.com/@dzbb594/
TikTok: https://www.tiktok.com/@dzbb",109,146,17,Not Relevant,1,Video,https://www.facebook.com/dzbb594/videos/1867909460549621/
https://www.facebook.com/PhilippineSTAR/posts/pfbid07sWkfpiu825ZmrfBXTSPr67qLqfFmc6RwimzPJ7VNSpUSRECFx4rdirpYach2NJml,"INGAT PO!

A magnitude 3.8 earthquake jolted Iba, Zambales at 8:14 AM on Tuesday, according to Phivolcs. #EarthquakePH #Lindol.",360,12,57,Not Relevant,1,Photo,https://www.facebook.com/photo/?fbid=1489104953253379&set=a.602294451934438
https://www.facebook.com/PhilippineSTAR/posts/pfbid02JghveXGRKMECBRhXVc8HMuYCXAxEtqJW245vmseZB1etN621ik7r2eFiVdDXdGUnl,,39,9,2,Not Relevant,0,,
https://www.facebook.com/PhilippineSTAR/posts/pfbid0S9Q1MUnZ7HghgTrq1zVzgzfPLCoxHz3Q94WPr8dBJTYRY9VjTksf7hovS7reMUM7l,"NATION HEADLINES (Tuesday, May 19, 2026)
Subscribe to the paper: https://philstarsubscribe.com/

Navy seizes P526 million smuggled cigarettes
https://tinyurl.com/yp98xhfe

4 dead, 7 hurt in road accidents
https://tinyurl.com/uetvccp8

President Marcos earmarks P186 million for medical school scholarships
https://tinyurl.com/yncm4fp5

Rizal landslide leaves woman dead, 2 children injured
https://tinyurl.com/mrytzpu2

Motorcycle rams truck, exposes shabu packs
https://tinyurl.com/3symrvz3",31,0,1,Not Relevant,1,Photo,https://www.facebook.com/photo/?fbid=1489094696587738&set=a.602294451934438
https://www.facebook.com/reel/1675724720341389/,"'KUNG SINABI NI BATO KUMAIN SIYA NG T*E, KAKAIN SIYA NG T*E?’

Hindi umubra kay Sen. Rodante Marcoleta ang dahilan ni dating senador Sonny Trillanes kung bakit siya kasama sa pag-serve ng arrest warrant kay Sen. Bato dela Rosa mula sa International Criminal Court (ICC) sa Senado kamakailan.

Ayon kay Trillanes, sinunod lang naman daw niya ang request ni dela Rosa kaya siya nagtungo sa Senado. | via Maeanne Los Baños",114652,29091,8080,Not Relevant,1,Video,https://www.facebook.com/reel/1675724720341389/
https://www.facebook.com/News5Everywhere/posts/pfbid02onf5qioxMcmEwakSuNx25eRNQF45nVkcWWr6NmELmRUSQVACMHxm4eM2Pqk2tKjil,"Para-paraan ang isang tirador ng motorsiklo sa Cebu City.

Kunwaring nakikipagkuwentuhan pa ang lalaki sa may barbershop bago pasimpleng tinangay ang nakaparadang motor.

Panoorin ang #FrontlinePilipinas report sa video na ito: youtu.be/bR2fLrUvnKA?t=3001",79,11,12,Not Relevant,1,Photo,https://www.facebook.com/photo/?fbid=1509522067872988&set=a.647063400785530
https://www.facebook.com/reel/985044954253940/,"'NAG-ESCORT' KANG SEN. BATO?

#News5Bisaya | Giimbestigaran sa Philippine National Police (PNP) ang gituohang pag-escort sa mga pulis kang Sen. Bato dela Rosa sa iyang paggawas sa Senado. | via Liway Abas

---
Orihinal nga caption sa Bisaya",174,19,7,Not Relevant,1,Video,https://www.facebook.com/reel/985044954253940/
https://www.facebook.com/PAGASA.DOST.GOV.PH/posts/pfbid0iCXH9Rf2PW9p4C361kwFkKRaxQkDQQ4Z3HiKRktfXDqjSnTuyxerkeiNW3UP9Sjfl,"Pampanga River Basin Update as of 5:00 AM, 11 May 2026.",42,0,9,Not Relevant,1,Photo,https://www.facebook.com/photo/?fbid=1438411421663840&set=a.365711365600523
https://www.facebook.com/PAGASA.DOST.GOV.PH/videos/946225651564458/,"Press Briefing: Tropical Depression CALOY {HAGUPIT} issued at 5:00 AM | May 11, 2026 - Monday

DOST-PAGASA Weather Specialist: Aldaczar D. Aurelio

#weatherreport  #dostpagasa  #CaloyPH

For more detailed information please visit these links:
Tropical Cyclone Bulletin : https://bagong.pagasa.dost.gov.ph/tro...
Weather Advisory : https://bagong.pagasa.dost.gov.ph/wea...
Storm Surge Warning: https://bagong.pagasa.dost.gov.ph/tro...
Gale Warning : https://bagong.pagasa.dost.gov.ph/tro...

PAGASA Weather Report (Subscribe for more weather updates)
Facebook Page (Like): / pagasa.dost.gov.ph
Twitter (Follow): / dost_pagasa
Website (Visit): http://bagong.pagasa.dost.gov.ph
Customer Satisfaction Survey (Feedback): https://shorturl.at/Do3VX",261,61,137,Moderate,1,Video,https://www.facebook.com/PAGASA.DOST.GOV.PH/videos/946225651564458/
https://www.facebook.com/PAGASA.DOST.GOV.PH/posts/pfbid0X9MGhZcBvurRhAe26K6evadQ8dCbUEvVNhnQybGXYLBXAGYeMggnt6Yg6gVkk4qZl,"As of 2:00 AM today, 11 May 2026, Tropical Depression ""CALOY"" {Int'l name ""HAGUPIT""} is being monitored inside the Philippine Area of Responsibility (PAR).

Meanwhile, a Low Pressure Area (LPA 05c) is being monitored outside the PAR and is ""UNLIKELY"" to develop into a tropical depression within the next 24 hours.

All are advised to monitor updates from DOST-PAGASA.",486,9,167,Not Relevant,1,Photo,https://www.facebook.com/photo/?fbid=1438382651666717&set=a.365711365600523
https://www.facebook.com/dzbb594/videos/993344316531064/,"UMAGA NA BALITA NA | May 19, 2026

Radio: 594 kHz AM band
Audio Streaming: gmanetwork.com/radio/streaming/dzbb
Twitter: https://twitter.com/dzbb
YouTube: https://www.youtube.com/@dzbb594/
TikTok: https://www.tiktok.com/@dzbb",50,13,2,Not Relevant,1,Video,https://www.facebook.com/dzbb594/videos/993344316531064/
https://www.facebook.com/dzbb594/videos/1016137450845096/,"MARKADO | May 19, 2026

Radio: 594 kHz AM band
Audio Streaming: gmanetwork.com/radio/streaming/dzbb
Twitter: https://twitter.com/dzbb
YouTube: https://www.youtube.com/@dzbb594/
TikTok: https://www.tiktok.com/@dzbb",32,84,2,Not Relevant,1,Video,https://www.facebook.com/dzbb594/videos/1016137450845096/
https://www.facebook.com/dzbb594/videos/926616957004109/,"SUPER BALITA SA GABI | May 18, 2026

Radio: 594 kHz AM band
Audio Streaming: gmanetwork.com/radio/streaming/dzbb
Twitter: https://twitter.com/dzbb
YouTube: https://www.youtube.com/@dzbb594/
TikTok: https://www.tiktok.com/@dzbb",35,15,7,Not Relevant,1,Video,https://www.facebook.com/dzbb594/videos/926616957004109/
https://www.facebook.com/PAGASA.DOST.GOV.PH/videos/27120702317554800/,"Press Briefing: Tropical Depression CALOY {HAGUPIT} issued at 11:00 PM | May 10, 2026 - Sunday

DOST-PAGASA Weather Specialist: Aldaczar D. Aurelio

#weatherreport  #dostpagasa  #CaloyPH

For more detailed information please visit these links:
Tropical Cyclone Bulletin : https://bagong.pagasa.dost.gov.ph/tro...
Weather Advisory : https://bagong.pagasa.dost.gov.ph/wea...
Storm Surge Warning: https://bagong.pagasa.dost.gov.ph/tro...
Gale Warning : https://bagong.pagasa.dost.gov.ph/tro...

PAGASA Weather Report (Subscribe for more weather updates)
Facebook Page (Like): / pagasa.dost.gov.ph
Twitter (Follow): / dost_pagasa
Website (Visit): http://bagong.pagasa.dost.gov.ph
Customer Satisfaction Survey (Feedback): https://shorturl.at/Do3VX",1030,59,85,Moderate,1,Video,https://www.facebook.com/PAGASA.DOST.GOV.PH/videos/27120702317554800/
https://www.facebook.com/PAGASA.DOST.GOV.PH/posts/pfbid02KdJzcczdfFhDFpYveWPgczJKTFv3Bz3Coe2ULZ5MBoRcxnrtpQUg4yamBvKkpUuUl,"TROPICAL CYCLONE BULLETIN NR. 5
Tropical Depression #CaloyPH (HAGUPIT)
Issued at 11:00 PM, 10 May 2026
Valid for broadcast until the next bulletin at 5:00 AM tomorrow.

“CALOY” MAINTAINS ITS STRENGTH AS IT MOVES WEST NORTHWESTWARD OVER THE PHILIPPINE SEA.

• Location of Center (10:00 PM):
The center of Tropical Depression CALOY was estimated based on all available data at 610 km East of Surigao City, Surigao del Norte (10.4°N, 131.0°E).

• Intensity:
Maximum sustained winds of 45 km/h near the center, gustiness of up to 55 km/h, and central pressure of 1004 hPa

• Present Movement:
West northwestward at 15 km/h

• Extent of Tropical Cyclone Winds:
Strong winds extend outwards up to 320 km from the center

TROPICAL CYCLONE WIND SIGNALS (TCWS) IN EFFECT

➣ No Wind Signal is currently hoisted

OTHER HAZARDS AFFECTING LAND AREAS

➣ CALOY is unlikely to directly affect the country throughout the forecast period.

HAZARDS AFFECTING COASTAL WATERS

➣ 24-Hour Sea Condition Outlook

Up to moderate seas over the following coastal waters:
• Up to 2.0 m: The seaboards of Batanes, Cagayan, Isabela, Ilocos Norte, northern Ilocos Sur, Aurora, Camarines Norte, Northern Samar, Eastern Samar, and Surigao del Sur; the western seaboard of Pangasinan; the northern seaboards of Camarines Sur; the northern and eastern seaboards of Quezon including Polillo Islands, and Catanduanes; the eastern seaboards of Albay, Sorsogon, Eastern Samar, Dinagat Islands, Siargao-Bucas Grande Islands, and Davao Oriental.
• Mariners of motorbancas and similarly sized vessels are advised to take precautionary measures while venturing out to sea and, if possible, avoid navigation under these conditions.

TRACK AND INTENSITY OUTLOOK

• CALOY will continue moving west northwestward in the next 12 hours and will remain over the Philippine Sea, far from the Philippine landmass. 
• This weather disturbance is forecast to further weaken into a remnant low tomorrow (11 May).

Considering these developments, the public and disaster risk reduction and management offices concerned are advised to take all necessary measures to protect life and property. Persons living in areas identified to be highly or very highly susceptible to these hazards are advised to follow evacuation and other instructions from local officials. For heavy rainfall warnings, thunderstorm/rainfall advisories, and other severe weather information specific to your area, please monitor products issued by your local PAGASA Regional Services Division.

The next tropical cyclone bulletin will be issued at 5:00 AM tomorrow.
 
 
DOST-PAGASA 

Link: tinyurl.com/CaloyPH",485,8,127,Not Relevant,4,Photo; Photo; Photo,https://www.facebook.com/PAGASA.DOST.GOV.PH/posts/pfbid02KdJzcczdfFhDFpYveWPgczJKTFv3Bz3Coe2ULZ5MBoRcxnrtpQUg4yamBvKkpUuUl; https://scontent-ord5-1.xx.fbcdn.net/v/t39.30808-6/696310347_1438123841692598_4971759901325877636_n.jpg?stp=dst-jpg_p480x480_tt6&_nc_cat=108&ccb=1-7&_nc_sid=127cfc&_nc_ohc=DlcIF-oqX38Q7kNvwEbokdo&_nc_oc=Ado6I2tfWk-zGJEgwUAa3H17yYV87RHR1TJ3eEF1Fy4m_1ifdPpgJyUBPS6lh1H6noWwFp2dF1ulwdthcGZud5k-&_nc_zt=23&_nc_ht=scontent-ord5-1.xx&_nc_gid=fYuvfhKD7JCS0zx2QsVxBQ&_nc_ss=72289&oh=00_Af67-CkY9-k7Om1NkZWMi13J8n7OkQSlbnt1zRwgNJmquw&oe=6A122688; https://scontent-ord5-2.xx.fbcdn.net/v/t39.30808-6/696179674_1438123865025929_4310991222485846988_n.jpg?stp=dst-jpg_s590x590_tt6&_nc_cat=111&ccb=1-7&_nc_sid=127cfc&_nc_ohc=rKGNgJzDGWAQ7kNvwFJgWyF&_nc_oc=Adr1nmYbed1hiLJQvNunRDnkQa5jvkTGaan6L4XV-8W0phXQzvwR_ctdL_FgPB5uO479a7rEwyFhe81ZsTQsIWcT&_nc_zt=23&_nc_ht=scontent-ord5-2.xx&_nc_gid=fYuvfhKD7JCS0zx2QsVxBQ&_nc_ss=72289&oh=00_Af6Zy6EIbJtRHzJ386j5AKOZoSKQ4Ms7qe04o8TE40iC_w&oe=6A122E42; https://scontent-ord5-2.xx.fbcdn.net/v/t39.30808-6/695291297_1438123825025933_9171362023961881560_n.jpg?stp=dst-jpg_s590x590_tt6&_nc_cat=105&ccb=1-7&_nc_sid=127cfc&_nc_ohc=1wMnYm8nhsUQ7kNvwF0IbrR&_nc_oc=Adp-GC1R7RvxtbR5T05nWmzU8jZ92PsYuwQBhmAA3-PSAepdLdauAWRcTt3JX9MKsm0q9N_OiqwXjEgWMV3LS-oe&_nc_zt=23&_nc_ht=scontent-ord5-2.xx&_nc_gid=fYuvfhKD7JCS0zx2QsVxBQ&_nc_ss=72289&oh=00_Af7x5wDp1fPJDqyGUOsRCk1gxDVJKdXKc_ilq0JroGrgkw&oe=6A12398D
https://www.facebook.com/PAGASA.DOST.GOV.PH/posts/pfbid0or3WBE78ZwKkykFBxrte65Drin6FWbrnhuRk588zGyfLyc163iFRX7mzG3Yw8yQgl,"As of 8:00 PM today, 10 May 2026, Tropical Depression ""CALOY"" {Int'l name ""HAGUPIT""} is being monitored inside the Philippine Area of Responsibility (PAR).

Meanwhile, a Low Pressure Area (LPA 05c) is being monitored outside the PAR and is ""UNLIKELY"" to develop into a tropical depression within the next 24 hours.

All are advised to monitor updates from DOST-PAGASA.",655,17,132,Not Relevant,1,Photo,https://www.facebook.com/photo/?fbid=1438077751697207&set=a.365711365600523
https://www.facebook.com/News5Everywhere/posts/pfbid025RYE7u2cyDnFJEGqgYRDh6BXSdcLvSrjt4GWCt9hmerTQvFCsmDoBP1BJ62FNPRLl,"#Top5Balita | MAY 18, 2026

• Pormal nang nagtipon ang Senado bilang impeachment court na lilitis kay Vice Pres. Sara Duterte. #VPSaraOnTrial 

WATCH: youtu.be/YHZN7ftSd94
READ: 
- https://news.tv5.com.ph/breaking/read/senate-convenes-as-impeachment-court-for-vp-duterte-trial
- https://news.tv5.com.ph/breaking/read/senate-summons-vp-duterte-as-impeachment-court-convened

• Dismayado si Pres. Bongbong Marcos sa pagpuslit ni Sen. Bato dela Rosa palabas ng Senado sa gitna ng pagpapaaresto sa kanya ng International Criminal Court (ICC).

WATCH: youtu.be/Xpuj3Ap5VcQ

•  Inirerekomenda ng Department of Justice (DOJ) sa Ombudsman na kasuhan na sina Sen. Jinggoy Estrada, dating Public Works secretary Manuel Bonoan, at iba kaugnay ng flood control scandal.

WATCH: youtu.be/eiUtSwK_izo
READ: https://news.tv5.com.ph/breaking/read/doj-recommends-plunder-charges-vs-estrada-bonoan-ombudsman

• Itinalaga bilang bagong kalihim ng Department of Budget Management (DBM) si Kim Robert de Leon.

WATCH: youtu.be/UxmzYYg0OhQ
READ: https://news.tv5.com.ph/breaking/read/palace-announces-new-budget-chief

• Hinirang si Oklahoma City Thunder ace Shai Gilgeous-Alexander bilang NBA Most Valuable Player sa ikalawang sunod na season.

READ: https://www.onesports.ph/story/?q=6a0a835d53a4970002170c67",125,11,10,Not Relevant,1,Photo,https://www.facebook.com/photo/?fbid=1509519121206616&set=a.647063400785530
https://www.facebook.com/reel/986805523857756/,"CASTRO KAY LOURD: SIKAT NA SIKAT KA, LAGI KANG BINABANGGIT NI SEN. CAYETANO

May biro si Palace Press Officer Usec. Claire Castro sa host ng programang ""Political Beat"" ng One News na si Lourd de Veyra.

📽️: Political Beat, One News",24211,7846,1095,Not Relevant,1,Video,https://www.facebook.com/reel/986805523857756/
https://www.facebook.com/reel/36669655152633749/,"DISMAYADO SI PRES. MARCOS

#News5Bisaya | Wala gikalipay ni Pres. Bongbong Marcos ang paggawas ni Sen. Bato dela Rosa sa Senado tunga-tunga sa iyang arrest warrant gikan sa International Criminal Court (ICC). | via Liway Abas

—
Orihinal nga caption sa Bisaya",303,70,13,Not Relevant,1,Video,https://www.facebook.com/reel/36669655152633749/
https://www.facebook.com/dzbb594/videos/1308175974006262/,"Narito na ang programang hitik sa mga balita at impormasyon na punto por puntong hihimayin ni Carlo Mateo sa programang Dobol B Insider.

📻: 594 kHz AM band
📡: gmanetwork.com/radio/streaming/dzbb
FB LIVE: Super Radyo dzBB",36,42,3,Not Relevant,1,Video,https://www.facebook.com/dzbb594/videos/1308175974006262/
https://www.facebook.com/reel/928999976852919/,"NBI, patuloy ang pagmo-monitor sa kinaroroonan ni Senador Ronald Bato dela Rosa bilang commitment sa International Criminal Court (ICC) | via Pamela Adriano, DZBB",53,6,2,Not Relevant,1,Video,https://www.facebook.com/reel/928999976852919/
https://www.facebook.com/reel/970945905533381/,"𝐃𝐞𝐥𝐢𝐜𝐚𝐝𝐞𝐳𝐚 𝐁𝐢𝐥𝐥 o panukalang i-ban ang kaanak ng mga opisyal o politiko na pumasok sa kontrata ng gobyerno, umusad na sa Kamara 

Umusad na sa Kamara ang panukalang i-disqualify o pagbawalan ang mga kaanak ng mga opisyal ng gobyerno o politiko na hanggang 4th degree of consanguinity o affinity o ika-apat na antas ng kadugo na pumasok o makilahok sa mga kontrata ng pamahalaan.",9,0,0,Not Relevant,1,Video,https://www.facebook.com/reel/970945905533381/
https://www.facebook.com/PAGASA.DOST.GOV.PH/posts/pfbid02d4bapZUnCj1QcC4oT8mEd4PiuYGXTY3nVsKjFDFsoFd6oqPbwrfBC2ZxhHsBedD9l,"General Flood Advisories
Issued @6PM, 10 May 2026

Region 10 (Northern Mindanao) GFA#1
Region 13 (CARAGA) GFA#1
BARMM GFA#1",90,1,18,Moderate,4,Photo; Photo; Photo,https://www.facebook.com/PAGASA.DOST.GOV.PH/posts/pfbid02d4bapZUnCj1QcC4oT8mEd4PiuYGXTY3nVsKjFDFsoFd6oqPbwrfBC2ZxhHsBedD9l; https://scontent-lax3-2.xx.fbcdn.net/v/t39.30808-6/695046233_1437898651715117_4725807927453042060_n.jpg?stp=dst-jpg_s590x590_tt6&_nc_cat=107&ccb=1-7&_nc_sid=127cfc&_nc_ohc=WE8h0EV_T18Q7kNvwHBfm7_&_nc_oc=AdrZwuXdSfeEG3F-axeiUXrVFGFW8JcUI9gcqQckd85yE4jhCTpp_0CyoDzmoF5AhI8&_nc_zt=23&_nc_ht=scontent-lax3-2.xx&_nc_gid=70LOzqQD9rYi0zf_TWH4-g&_nc_ss=72289&oh=00_Af6Ru_Dvq_RVVlWhtkPpUoFvTVUYabmU3CiCH8Vh8Isa6w&oe=6A121B2B; https://scontent-lax3-2.xx.fbcdn.net/v/t39.30808-6/690644034_1437898631715119_1683085017447557946_n.jpg?stp=dst-jpg_s590x590_tt6&_nc_cat=107&ccb=1-7&_nc_sid=127cfc&_nc_ohc=Hr59gXhGylUQ7kNvwGS5sxE&_nc_oc=AdpXXDjHMUbojIeqiekjp_o9j2YOxZ1B6Mxj9k7eUvpainnMNI-oxJhFKJxiM4nApEo&_nc_zt=23&_nc_ht=scontent-lax3-2.xx&_nc_gid=70LOzqQD9rYi0zf_TWH4-g&_nc_ss=72289&oh=00_Af6nxMFU4K8JVwqe95DRazhB0aqAlCXuQWtJOsVmy5T8cw&oe=6A123067; https://scontent-lax3-2.xx.fbcdn.net/v/t39.30808-6/696790911_1437898628381786_6383070779661548241_n.jpg?stp=dst-jpg_s590x590_tt6&_nc_cat=106&ccb=1-7&_nc_sid=127cfc&_nc_ohc=eKoVUkYuNJsQ7kNvwFJ-y5B&_nc_oc=AdrsNVJObPq71MoVEdr4v2ILnZB_O09q-UYhX3tCijBYgrXhzGBOImR7SEgeNLA22Fk&_nc_zt=23&_nc_ht=scontent-lax3-2.xx&_nc_gid=70LOzqQD9rYi0zf_TWH4-g&_nc_ss=72289&oh=00_Af7mA-hVnvuOKlBGXDIWIMu-M3e7RxRXbccqOteqKWWn1Q&oe=6A120E70
https://www.facebook.com/PAGASA.DOST.GOV.PH/posts/pfbid0fmRWZaYCw7gbcAZfVQ4D43jZCFaSkTbSbnpaTPPasMq8vUub8j76n5aWtheaihqal,"TROPICAL CYCLONE BULLETIN NR. 4
Tropical Depression #CaloyPH (HAGUPIT)
Issued at 5:00 PM, 10 May 2026
Valid for broadcast until the next bulletin at 11:00 PM today.

“CALOY” CONTINUES TO WEAKEN OVER THE PHILIPPINE SEA EAST OF CARAGA.

• Location of Center (4:00 PM)
The center of Tropical Depression CALOY was estimated based on all available data at 680 km East of Surigao City, Surigao del Norte (10.1°N, 131.7°E).

• Intensity
Maximum sustained winds of 45 km/h near the center, gustiness of up to 55 km/h, and central pressure of 1004 hPa

• Present Movement
Westward at 15 km/h

• Extent of Tropical Cyclone Winds
Strong winds extend outwards up to 320 km from the center

OTHER HAZARDS AFFECTING LAND AREAS

➣ CALOY is unlikely to directly affect the country throughout the forecast period.

HAZARDS AFFECTING COASTAL WATERS

➣ 24-Hour Sea Condition Outlook

Up to moderate seas over the following coastal waters:
• Up to 2.5 m: The eastern seaboards of Northern Samar and Eastern Samar.
• Up to 2.0 m: The seaboards of Batanes, Cagayan, Isabela, Ilocos Norte, northern Ilocos Sur, Aurora, Camarines Norte, and Surigao del Sur; the western seaboard of Pangasinan; the northern seaboards of Camarines Sur and Northern Samar; the northern and eastern seaboards of Quezon including Polillo Islands, and Catanduanes; the eastern seaboards of Albay, Sorsogon, Eastern Samar, Dinagat Islands, Siargao-Bucas Grande Islands, and Davao Oriental.
• Mariners of motorbancas and similarly vessels are advised to take precautionary measures while venturing out to sea and, if possible, avoid navigation under these conditions.

TRACK AND INTENSITY OUTLOOK

• CALOY will continue moving west northwestward in the next 12 hours and will remain over the Philippine Sea, far from the Philippine landmass. 
• This weather disturbance is forecast to further weaken into a remnant low tomorrow (11 May).

Considering these developments, the public and disaster risk reduction and management offices concerned are advised to take all necessary measures to protect life and property. Persons living in areas identified to be highly or very highly susceptible to these hazards are advised to follow evacuation and other instructions from local officials. For heavy rainfall warnings, thunderstorm/rainfall advisories, and other severe weather information specific to your area, please monitor products issued by your local PAGASA Regional Services Division.

The next tropical cyclone bulletin will be issued at 11:00 PM today.
 
DOST-PAGASA 

Link: tinyurl.com/CaloyPH",836,27,236,Not Relevant,4,Photo; Photo; Photo,https://www.facebook.com/PAGASA.DOST.GOV.PH/posts/pfbid0fmRWZaYCw7gbcAZfVQ4D43jZCFaSkTbSbnpaTPPasMq8vUub8j76n5aWtheaihqal; https://scontent-lax3-2.xx.fbcdn.net/v/t39.30808-6/695628391_1437869315051384_3970613850529722588_n.jpg?stp=dst-jpg_p480x480_tt6&_nc_cat=107&ccb=1-7&_nc_sid=127cfc&_nc_ohc=Q1-xlRNXFFMQ7kNvwEFVpdC&_nc_oc=Adp8WpKC-Qi1jMWMSs5_gV1IziI4JuAmMyCQtEIsfaHSJDKESbEcaIb137QfKzlgFXg&_nc_zt=23&_nc_ht=scontent-lax3-2.xx&_nc_gid=70LOzqQD9rYi0zf_TWH4-g&_nc_ss=72289&oh=00_Af7MiSq35EzDAnZwd3KUMIePNRrjGBkyNUpHNmJ_UbEJWA&oe=6A121602; https://scontent-lax7-1.xx.fbcdn.net/v/t39.30808-6/695165275_1437869338384715_7411267152754319187_n.jpg?stp=dst-jpg_s590x590_tt6&_nc_cat=111&ccb=1-7&_nc_sid=127cfc&_nc_ohc=lWMxPtlMejcQ7kNvwHZhPAX&_nc_oc=AdrWQuHsMj7JLC4GOod14EltI6QbqTOI4VFtj1j4IzkEy5egDoysC8I0KjGMIzgOe1A&_nc_zt=23&_nc_ht=scontent-lax7-1.xx&_nc_gid=70LOzqQD9rYi0zf_TWH4-g&_nc_ss=72289&oh=00_Af6twlPC53gli8Ya7PCY0hPOJtRrcn1M3uIClGwe1EwnaQ&oe=6A1234E4; https://scontent-lax7-1.xx.fbcdn.net/v/t39.30808-6/695565800_1437869291718053_6425603703772430009_n.jpg?stp=dst-jpg_s590x590_tt6&_nc_cat=101&ccb=1-7&_nc_sid=127cfc&_nc_ohc=QqYvWWuSKnwQ7kNvwFR-6dI&_nc_oc=AdprWC7sj_eP4gbQJWDyKBGpiG4lexz1Tv7UjQ8d3D4g2tuybrYdmLRzaU3UVvTBeNQ&_nc_zt=23&_nc_ht=scontent-lax7-1.xx&_nc_gid=70LOzqQD9rYi0zf_TWH4-g&_nc_ss=72289&oh=00_Af5RSYQgOgKzgPLivIy6V533cllEryrx_MSHrh-8tRievw&oe=6A123EC8
https://www.facebook.com/PAGASA.DOST.GOV.PH/posts/pfbid02fbp3QXDsoennAwUrZJzfTJkjC5K2JsBFrsArEw8xjPqd3s1WaSw86RSji98963kFl,"Heat Index
Highest Computed 5-day Heat Index with 2-day Forecast as of 10 May 2026, 5:00PM 

For daily heat index information: 
https://www.pagasa.dost.gov.ph/weather/heat-index 

Information from the DOH Philippines about heat-related illnesses during extremely hot weather:
https://bit.ly/DOHPhPublicHealthAdvisory 

Don't forget to take necessary precautions and stay cool and hydrated everyone! ☀️🌡️ 
#HeatIndex #AngInit",154,3,63,Not Relevant,4,Photo; Photo; Photo,https://www.facebook.com/PAGASA.DOST.GOV.PH/posts/pfbid02fbp3QXDsoennAwUrZJzfTJkjC5K2JsBFrsArEw8xjPqd3s1WaSw86RSji98963kFl; https://scontent-lax3-1.xx.fbcdn.net/v/t39.30808-6/695813754_1437922841712698_276868336350357264_n.jpg?stp=dst-jpg_s590x590_tt6&_nc_cat=104&ccb=1-7&_nc_sid=127cfc&_nc_ohc=NxyriJQsABAQ7kNvwG1EYxY&_nc_oc=AdpFE2Llj13q8IMWQCTSZ9ObRRnTrqeJaNCg9cFpCKBrNqmgmvG_DYGk3oFH4kUtJkk&_nc_zt=23&_nc_ht=scontent-lax3-1.xx&_nc_gid=70LOzqQD9rYi0zf_TWH4-g&_nc_ss=72289&oh=00_Af7GG322iza8bZSv4YIzQHCEvez0tnKD1kLtfn0z2yL_nA&oe=6A122944; https://scontent-lax3-2.xx.fbcdn.net/v/t39.30808-6/695750391_1437922858379363_3657826560652000568_n.jpg?stp=dst-jpg_s590x590_tt6&_nc_cat=106&ccb=1-7&_nc_sid=127cfc&_nc_ohc=w6tsda34FmoQ7kNvwESarU-&_nc_oc=AdqB9K3tZul0JZ-uGV1VNWpyouPlSCfYhgdimG4fJOpaf6AQZwAMlD-bFhjtcpk02IM&_nc_zt=23&_nc_ht=scontent-lax3-2.xx&_nc_gid=70LOzqQD9rYi0zf_TWH4-g&_nc_ss=72289&oh=00_Af4P6sS_IQgh3FBIQJlE52dabk0B10C6Y86wKDhkCExFUw&oe=6A121B6C; https://scontent-lax7-1.xx.fbcdn.net/v/t39.30808-6/696112367_1437922885046027_2335969382996715518_n.jpg?stp=dst-jpg_p552x414_tt6&_nc_cat=105&ccb=1-7&_nc_sid=127cfc&_nc_ohc=QfLA-caLVSMQ7kNvwFOKWd-&_nc_oc=Adq0Mrs3zDSjn71PmNlMRc6tzs_qxSMZItuMMBzL2sybvWSZ0NZGihNMgvL_YI6cDdU&_nc_zt=23&_nc_ht=scontent-lax7-1.xx&_nc_gid=70LOzqQD9rYi0zf_TWH4-g&_nc_ss=72289&oh=00_Af6uJ-4ZjMig8FDkigWaFI8nHLe0iIAkAOLKjG0oeFu8yA&oe=6A122837
https://www.facebook.com/inquirerdotnet/posts/pfbid02YM2RTeEEoChV2XzBjzyo2gMcDuFWEaTph9d5nnD5zDEtV8SGtf2JrWfcs7KuM1rhl,Indonesia heightens Ebola surveillance at border checkpoints,0,0,0,Not Relevant,1,,
https://www.facebook.com/inquirerdotnet/posts/pfbid02NufUqsVoow4qu2SZ2YWoMB2QhXWYSAaxtqFAVgZB8eu5xPTW4Q59WpoAiMhvJqnLl,Cebu court dismisses terrorism financing case vs NGO officials,0,0,1,Not Relevant,1,,
https://www.facebook.com/inquirerdotnet/posts/pfbid06FhfQVmPp64MoKCdHDajV1CtbVJYeNUisDYp5gXDXuX1qUC3HYy39Xmi46Qhb1T3l,Neymar back in Brazil squad for fourth World Cup,4,0,0,Not Relevant,1,,
https://www.facebook.com/News5Everywhere/posts/pfbid02FNpm4SCQAy58yFggMsmYpxUJTrbrPdsyxcB1Lo1Vyh6HhEcd4XzUbkFqCg4Tbe8Yl,"Lumagapak na naman sa pinakamababang halaga ang piso kontra dolyar.

Ayon sa ilang financial analyst, posibleng nakaapekto sa kumpiyansa ng mga investor ang nangyaring gulo sa Senado, kaya sumadsad ang halaga ng piso.

Panoorin ang #FrontlinePilipinas report sa video na ito: youtu.be/FrNSPVkUbag",1194,565,52,Not Relevant,1,Photo,https://www.facebook.com/photo/?fbid=1509510294540832&set=a.647063400785530
https://www.facebook.com/News5Everywhere/posts/pfbid0VUUsb2oCJbzfnb7pWZsmgxySDu5S12PoDPCqnSkoGGyZKpeWTz2L7GaSMo6HuKnLl,"DELA ROSA URGED TO SURRENDER

Minority lawmakers urged Sen. Bato Dela Rosa to surrender himself to the International Criminal Court (ICC), as they stressed the need to uphold justice for the victims of the previous administration's drug war campaign.",306,106,4,Not Relevant,1,GenericAttachmentMedia,https://external-lax3-2.xx.fbcdn.net/emg1/v/t13/18423324581749606648?url=https%3A%2F%2Fn5ecms.tv5.com.ph%2Fwp-content%2Fuploads%2F2025%2F11%2FG2AAy6bbsAAPLZN.jpg&fb_obo=1&utld=tv5.com.ph&stp=c0.5000x0.5000f_dst-jpg_flffffff_p500x261_q75_tt6&_nc_gid=oumFBAUciF2ZE1WMG2jVsQ&_nc_oc=AdoY-fva4WhXEx8t8aFIN-pQJ9L3mtn2foFYoI81F9kAC8P95VPNaS66TLdbx7TRDjo&ccb=13-1&oh=06_Q3-_AUwpjjZvwSsSh4g79l4o7wPX3AvZBPMNFTlW7Lox3pcR&oe=6A0E1BF9&_nc_sid=c97757
https://www.facebook.com/reel/819236010939391/,"HOLY '6-7'?

Naki-""6-7"" na rin si Pope Leo XIV nang turuan siya ng mga bata sa Vatican ng popular na hand gesture at online phrase. | via Reuters 

📽️: Don Roberto Fiscer",1235,36,130,Not Relevant,1,Video,https://www.facebook.com/reel/819236010939391/
https://www.facebook.com/PhilippineSTAR/posts/pfbid0XP7QNLLtk5P5SXmDuCo1KpKnwG2KV9hp6XeJMRmamqCihEAyrA9a2MVffhyQsm4el,"IT'S GIVING MIRRORBALL! 🪩✨

Music streaming platform Spotify changed its mobile app icon into a green sparkly disco ball to mark the company’s 20th anniversary.",4910,65,225,Not Relevant,1,Photo,https://www.facebook.com/photo/?fbid=1489090103254864&set=a.602294451934438
https://www.facebook.com/PhilippineSTAR/posts/pfbid0C87KcDGuYG73TYzpm1HAUK6f4zMhRAeDtKzwbxjYxoZxiQ5hFxoWLEkgoo2AfFY3l,"METRO HEADLINES (Tuesday, May 19, 2026)
Subscribe to the paper: https://philstarsubscribe.com/

PNP: Senate shooting agitators face raps
https://tinyurl.com/29c9ezbc

Ports watched amid Ebola outbreak
https://tinyurl.com/ybyd26hu

32,916 new teaching positions OK’d
https://tinyurl.com/y6xzs2ud

9 Labor Day protesters probed
https://tinyurl.com/3eb35j8h

Owl rescued in Valenzuela
https://tinyurl.com/5ha83arx

Man nabbed for stealing diesel
https://tinyurl.com/yc57htr8

Nearly 5.2 million register for BSKE
https://tinyurl.com/5f6vx95x",14,0,4,Not Relevant,1,Photo,https://www.facebook.com/photo/?fbid=1489089213254953&set=a.602294451934438
https://www.facebook.com/PhilippineSTAR/posts/pfbid0K6qpHJKg5aNUCH2RE4L1GzLnaGxqUpfMCC4NKDoJ9s19K7jqmTUxjrGaSzRn8QT3l,,659,16,14,Not Relevant,0,,
https://www.facebook.com/inquirerdotnet/posts/pfbid025HnXNk5ittvn68f4bWgTXBizrhVKW4818cYhV7dsmYbAZj8uzQ67fKyjUn79UPLjl,"Bird deaths in Singapore at record high, man-made structures top culprit",1,0,0,Not Relevant,1,,
https://www.facebook.com/inquirerdotnet/posts/pfbid02j5jxDFjAMopFxDKJ7J7xw5FxuoGWQ5gFNwNGxYaK8wLnP4ZxV8F7D3eHe97dCNPyl,"NBA score today: Spurs beat Thunder in a double-overtime classic to open the Western Conference finals. (via Inquirer Sports)

Check the full story in our comments.",253,22,9,Not Relevant,0,,
https://www.facebook.com/inquirerdotnet/posts/pfbid0U7JZcryVQ71megcma4UAw7RvLBhZRatghbvxjiYWsJL5zFiFeKcnvio7hiBqRAAjl,"From daily selfies to group photos, the classic ‘V’ hand sign may now pose a security risk, with AI technology making fingerprint theft easier than ever, according to a news report.

Check the full story in our comments.",1945,54,1138,Not Relevant,1,Photo,https://www.facebook.com/photo/?fbid=1426376386339979&set=a.295125726131723
https://www.facebook.com/dzbb594/posts/pfbid0dzL3CG4xZ6CYk24FcTT4KQB2BPFG7fJXdW7Wi8yNZk9fP4Zhfgt3aaFfrq2VhNX9l,"#𝐁𝐚𝐧𝐭𝐚𝐲𝐏𝐚𝐧𝐚𝐡𝐨𝐧:  As of 8:35PM, DOST-PAGASA, naglabas ng thunderstorm advisory na makakaapekto sa ilang lugar  a Quezon, Metro Manila, Rizal at Cavite;  may kalakasang pag-ulan na may kasamang pagkulog at pagkidlat, asahan sa susunod na dalawang oras",25,0,0,Not Relevant,1,Photo,https://www.facebook.com/photo/?fbid=1476814741158712&set=a.604255335081328
https://www.facebook.com/dzbb594/posts/pfbid04Z5tjVEuVftozJEmCE58zQijC12Xnx31aRn4UPTnbenScNWXete63mCQrgD538NTl,"NEW SENATE COMMITTEE CHAIRPERSONS

The Senate on Monday named new chairpersons for several permanent committees following last week’s leadership change in the chamber. | via GMA News  

https://www.gmanetwork.com/.../senate-names-new.../story/",410,77,15,Not Relevant,1,Photo,https://www.facebook.com/photo/?fbid=1476813837825469&set=a.604255335081328
https://www.facebook.com/dzbb594/posts/pfbid02MikdjDu7r6pDaKBriPwziMjqMMij85X5kWGukzd7K52Q8588tEjGNJ9ypHqZW9uxl,,21,11,0,Not Relevant,0,,
https://www.facebook.com/PAGASA.DOST.GOV.PH/videos/959769473581534/,"Press Briefing: Tropical Depression CALOY {HAGUPIT} issued at 05:00 PM | May 10, 2026 - Sunday

DOST-PAGASA Weather Specialist: Grace Castañeda

#weatherreport  #dostpagasa  #CaloyPH",1865,152,200,Not Relevant,1,Video,https://www.facebook.com/PAGASA.DOST.GOV.PH/videos/959769473581534/
https://www.facebook.com/PAGASA.DOST.GOV.PH/posts/pfbid0kzvDNnwtsXqXZafEXZpndbzb3fjjDGnaKYT4zQSPtAvTENeqCEzkTHq5agzPtPaGl,"As of 2:00 PM today, 10 May 2026, Tropical Depression ""CALOY"" {Int'l name ""HAGUPIT""} is being monitored inside the Philippine Area of Responsibility (PAR).

Meanwhile, a Low Pressure Area (LPA 05c) is being monitored outside the PAR and is ""UNLIKELY"" to develop into a tropical depression within the next 24 hours.

All are advised to monitor updates from DOST-PAGASA.",957,47,223,Not Relevant,1,Photo,https://www.facebook.com/photo/?fbid=1437825545055761&set=a.365711365600523
https://www.facebook.com/PAGASA.DOST.GOV.PH/videos/1526021762447053/,"Press Briefing: Tropical Depression CALOY {HAGUPIT} issued at 11:00 AM | May 10, 2026 - Sunday

DOST-PAGASA Weather Specialist: Grace Castañeda

#weatherreport  #dostpagasa  #CaloyPH",134,26,41,Not Relevant,1,Video,https://www.facebook.com/PAGASA.DOST.GOV.PH/videos/1526021762447053/
https://www.facebook.com/inquirerdotnet/posts/pfbid02eUqE5Ao5GRYHcGRUz64qwsc469R1d7rCudRbNamCpbDpgYydJz1mjw8unfKYHKiUl,Isabela textile hub launched; DOST eyes P9M annual income,0,0,0,Not Relevant,1,,
https://www.facebook.com/inquirerdotnet/posts/pfbid0gkKd1AkncfPsPY2bFMTyiVyBEdfJorfprmMtgJCqgzB5qe4zuzvn53JmYMh6bWdul,NBA Playoffs: Spurs win 2OT classic vs Thunder in West finals opener,1,0,0,Not Relevant,1,,
https://www.facebook.com/inquirerdotnet/posts/pfbid0kULeC3czvnec6wWq6a83J5hv8qVAyxBtAmZnRgPbPakgzSgv7WoTGmJxha8QKrD2l,"Skin responds to commitment more reliably than it responds to any one product or procedure, and the results I have seen are exactly the kind that accumulate steadily (via Preen Online) 

Read more: https://lifestyle.inquirer.net/570857/co2-subcision-rejuran-and-a-three-minute-mask/",0,0,2,Not Relevant,0,,
https://www.facebook.com/inquirerdotnet/posts/pfbid0oPBJ1NSaBwjRteWsJZty5LriVGWYcUAbi1Bv9ZEnUxEzEYGb6BU6YuiQUoa4fihLl,Pag-Ibig Fund net income jumps to P16.7B in Q1,1,0,0,Not Relevant,1,,
https://www.facebook.com/inquirerdotnet/posts/pfbid0rD6ubaJHfsy1Mrup1wAnkyeHU95mnoCw8zpL5zyZdVcvwKWPKqevENyqKmvRYfWUl,BIR extends AFS submission deadline to May 25,1,0,0,Not Relevant,1,,
https://www.facebook.com/inquirerdotnet/posts/pfbid0QUxvLXMZMoAAoy6j4mS1kBkhaHa5fCoHjLQVyj1Sr5oiDSfk8ocu6APMJEPGDBppl,Via Bandera,12,0,0,Not Relevant,0,,
https://www.facebook.com/PAGASA.DOST.GOV.PH/posts/pfbid032G4kyRpBiYfuChuyg3E6dHT21bcTK76GBWJndKS3pMd46JfMqJXeTWLGteAuAs74l,"TROPICAL CYCLONE BULLETIN NR. 3
Tropical Depression #CaloyPH (HAGUPIT)
Issued at 11:00 AM, 10 May 2026
Valid for broadcast until the next bulletin at 5:00 PM today.

CALOY HAS WEAKENED INTO A TROPICAL DEPRESSION WHILE MOVING OVER THE SEA EAST OF NORTHEASTERN MINDANAO.

• Location of Center (10:00 AM):
The center of Tropical Depression CALOY was estimated based on all available data at 770 km East of Surigao City, Surigao del Norte (10.1°N, 132.5°E).

• Intensity:
Maximum sustained winds of 55 km/h near the center, gustiness of up to 70 km/h, and central pressure of 1004 hPa

• Present Movement:
Northwestward at 10 km/h

• Extent of Tropical Cyclone Winds:
Strong to gale-force winds extend outwards up to 320 km from the center

TROPICAL CYCLONE WIND SIGNALS (TCWS) IN EFFECT
➣ No Wind Signal is currently hoisted

OTHER HAZARDS AFFECTING LAND AREAS

➣ CALOY is unlikely to directly affect the country throughout the forecast period.

HAZARDS AFFECTING COASTAL WATERS

➣ 24-Hour Sea Condition Outlook

Up to moderate seas over the following coastal waters:
• Up to 2.5 m: The eastern seaboards of Northern Samar, Eastern Samar, and Siargao-Bucas Grande Islands; the seaboards of Batanes.
• Up to 2.0 m: The remaining seaboards of Ilocos Norte and Babuyan Islands; the eastern seaboards of Cagayan, Isabela, Camarines Norte, Catanduanes, Albay, Sorsogon, Dinagat Islands, Surigao del Sur, and Davao Oriental; the northern seaboards of Camarines Sur, Catanduanes, and Northern Samar; the western seaboard of Babuyan Islands; the northwestern seaboard of Ilocos Norte.
• Mariners of motorbancas and similarly vessels are advised to take precautionary measures while venturing out to sea and, if possible, avoid navigation under these conditions.

TRACK AND INTENSITY OUTLOOK

• CALOY will continue moving west northwestward throughout the forecast period and will remain over the Philippine Sea, far from the Philippine landmass. 
• This weather disturbance is forecast to further weaken into a remnant low tomorrow (11 May).

Considering these developments, the public and disaster risk reduction and management offices concerned are advised to take all necessary measures to protect life and property. Persons living in areas identified to be highly or very highly susceptible to these hazards are advised to follow evacuation and other instructions from local officials. For heavy rainfall warnings, thunderstorm/rainfall advisories, and other severe weather information specific to your area, please monitor products issued by your local PAGASA Regional Services Division.

The next tropical cyclone bulletin will be issued at 5:00 PM today.
 
DOST-PAGASA 
Link: https://tinyurl.com/CaloyPH",935,33,281,Not Relevant,4,Photo; Photo; Photo,https://www.facebook.com/PAGASA.DOST.GOV.PH/posts/pfbid032G4kyRpBiYfuChuyg3E6dHT21bcTK76GBWJndKS3pMd46JfMqJXeTWLGteAuAs74l; https://scontent-lga3-1.xx.fbcdn.net/v/t39.30808-6/696141732_1437624481742534_2032788379246195128_n.jpg?stp=dst-jpg_p480x480_tt6&_nc_cat=111&ccb=1-7&_nc_sid=127cfc&_nc_ohc=SVfTlfLFvUUQ7kNvwGExsLy&_nc_oc=Adod9al-RORZl6vMZmmEWXD98O-5cfkK9oeObuBrswwYTmad7S_21BQTaq6WvMLS1htr10qDSQKNrOEGUx3lYxPt&_nc_zt=23&_nc_ht=scontent-lga3-1.xx&_nc_gid=JANTJ45Cs_8bQDqYt9r3zg&_nc_ss=72289&oh=00_Af6fSEMmRYWu_MP47OSS1fn5UPVXQwkLWJHATyAwYWbyFw&oe=6A123EFF; https://scontent-lga3-3.xx.fbcdn.net/v/t39.30808-6/695524595_1437624518409197_9143607436431083951_n.jpg?stp=dst-jpg_s590x590_tt6&_nc_cat=106&ccb=1-7&_nc_sid=127cfc&_nc_ohc=jTfL8R-ojfIQ7kNvwHLMJkC&_nc_oc=AdrjC3gkZuJnPvdBo9xAogeem5CG9EdQBmacmAZJ6xZaqsWRXgLv7zIpyXKZeaPSOoBofFB3jpn1nxOeueXs5Zq8&_nc_zt=23&_nc_ht=scontent-lga3-3.xx&_nc_gid=JANTJ45Cs_8bQDqYt9r3zg&_nc_ss=72289&oh=00_Af7cP6lSUNC_NsN8HHzLKiciYljXHPZCQo0QjnIh0D8mAA&oe=6A122065; https://scontent-lga3-3.xx.fbcdn.net/v/t39.30808-6/695658963_1437624465075869_4888993545968222598_n.jpg?stp=dst-jpg_s590x590_tt6&_nc_cat=102&ccb=1-7&_nc_sid=127cfc&_nc_ohc=Cq-YmGs1ytIQ7kNvwED4nOo&_nc_oc=Adq1DtUYPdlkygoFtboX3Zy18tXWvnx2cKbgQVnh9doKg_fyI9GBYgzpoBUFBemgWpMBdRG4m7E3Q9aKbL6SONA5&_nc_zt=23&_nc_ht=scontent-lga3-3.xx&_nc_gid=JANTJ45Cs_8bQDqYt9r3zg&_nc_ss=72289&oh=00_Af6nqiDLMYditdw3Cnb7TfER9cBdz9B1d6obCSWsZDBt6Q&oe=6A121A2C
https://www.facebook.com/PAGASA.DOST.GOV.PH/posts/pfbid02b8siDEPLUrTh9zdxvf1dNEBsNeS1Ra8kM8ett4SzDJKPoiwYM61ERS2hxqoV24xjl,"As of 8:00 AM today, 10 May 2026, ""CALOY"" {Int'l name ""HAGUPIT""} has weakened into a Tropical Depression and is being monitored inside the Philippine Area of Responsibility (PAR).

Meanwhile, a Low Pressure Area (LPA 05c) is being monitored inside the monitoring domain of PAGASA (TCID) and is ""UNLIKELY"" to develop into a tropical depression within the next 24 hours.

All are advised to monitor updates from DOST-PAGASA. See less",1023,28,247,Not Relevant,1,Photo,https://www.facebook.com/photo/?fbid=1437583295079986&set=a.365711365600523
https://www.facebook.com/PAGASA.DOST.GOV.PH/posts/pfbid02xMtdkU7qDqwoMFwSPzEWLZbrhxJixJSpVDqM8XbWr2vWYQxcZsEQfjvefC6Kukaql,"Hydrological Forecast for Cagayan River Basin   
Issued at 8:30AM, 10 May 2026",33,0,3,Mild,1,Photo,https://www.facebook.com/photo/?fbid=1437537428417906&set=a.365711365600523
https://www.facebook.com/PhilippineSTAR/posts/pfbid02uzqEL7vg7rWH2YkVHxvapviYkwz2dABaxu83wdnWqHy5bAJZ2KXpiiS1i6JCFR8pl,"CONGRATS, NOAH! 🎓👏🏻

American actor Noah Schnapp marked another milestone after he graduated from the University of Pennsylvania on Monday.

“What, like it’s hard???” he wrote.

He is known for his role as Will Byers in the hit Netflix series “Stranger Things.” (Instagram/ Noah Schnapp)",1239,7,55,Not Relevant,3,Photo; Photo,https://www.facebook.com/PhilippineSTAR/posts/pfbid02uzqEL7vg7rWH2YkVHxvapviYkwz2dABaxu83wdnWqHy5bAJZ2KXpiiS1i6JCFR8pl; https://scontent-ord5-3.xx.fbcdn.net/v/t39.30808-6/701230176_1489073723256502_6343645228254380555_n.jpg?stp=dst-jpg_s590x590_tt6&_nc_cat=109&ccb=1-7&_nc_sid=127cfc&_nc_ohc=Mf0vbKcS51UQ7kNvwH5daxj&_nc_oc=Adp_qUn3sJaVfQTYwyfZuM6ONCoszYlS9LXH4XdqR0s95tMGer-hDlvIPIJd-NpcNQs&_nc_zt=23&_nc_ht=scontent-ord5-3.xx&_nc_gid=TvbaSqXBaSCQuI-TMnxOVQ&_nc_ss=72289&oh=00_Af4XlZmT7dlvIIuWzrYiRXx-e7r5UUpnNeOJFkzQocrQiA&oe=6A12177B; https://scontent-ord5-3.xx.fbcdn.net/v/t39.30808-6/701487583_1489073696589838_6292673509623876673_n.jpg?stp=dst-jpg_s590x590_tt6&_nc_cat=100&ccb=1-7&_nc_sid=127cfc&_nc_ohc=QjrWpEW36pQQ7kNvwEvanE2&_nc_oc=AdpbGInMTyj-ELiGdnxLrGCT5pKYU48BXOMlX-AThNOdZ21eV0Cj3JD2138ttnf5WGc&_nc_zt=23&_nc_ht=scontent-ord5-3.xx&_nc_gid=TvbaSqXBaSCQuI-TMnxOVQ&_nc_ss=72289&oh=00_Af6yDkCPpSkX94J5PxLOz7xdMkm048LR3fckO3AHZz2CxQ&oe=6A121946
https://www.facebook.com/PhilippineSTAR/posts/pfbid02LQCLwvC1Dh8V1VV4LNoGonNeafom7i7n1QrpQ2kr7DUmKFFhfCiE3GPkQ74YBPWDl,"VISAYAS GRID ON YELLOW ALERT AGAIN

The Visayas grid will once again be placed under yellow alert from 3 PM to 9 PM today, May 19, 2026, due to high forecasted electricity demand and the shutdown of several coal-fired power plants. | via Brix Lelis",203,8,57,Not Relevant,1,Photo,https://www.facebook.com/photo/?fbid=1489072636589944&set=a.602294451934438
https://www.facebook.com/PhilippineSTAR/posts/pfbid02vSVmHkHiHVDhA2EepPJbP7ooNikBpdFwaEKKb9aWd4eL1QuBmaWkhU26bY6djJDGl,"Studies consistently show that green spaces, walkable streets, cleaner air, and accessible public spaces can improve health outcomes while reducing stress and chronic disease risk. | via Joyful Wellness

READ MORE: https://tinyurl.com/bdf23tcy",119,0,48,Not Relevant,0,,
https://www.facebook.com/inquirerdotnet/posts/pfbid0i4LDSE3vm2jyjmqndZcn7zQYuQJpvFvmLKo5H5XZbWAv1NfzjVMNkFuER61YhGMul,"KUYA KIM IS A PROUD PAPA OF ELIANA 🎉

LOOK: Kim Atienza celebrates daughter Eliana’s graduation as summa cum laude from the University of Pennsylvania, where she also received an award for social justice and community contribution. | 📸: Kim Atienza/Instagram via Reymond Salgan, INQUIRER.net trainee

Check the full story in our comments.",4063,56,31,Not Relevant,5,Photo; Photo; Photo; Photo,https://www.facebook.com/inquirerdotnet/posts/pfbid0i4LDSE3vm2jyjmqndZcn7zQYuQJpvFvmLKo5H5XZbWAv1NfzjVMNkFuER61YhGMul; https://scontent.fglw1-1.fna.fbcdn.net/v/t39.30808-6/700826893_1426365423007742_66445354131411050_n.jpg?stp=dst-jpg_s590x590_tt6&_nc_cat=1&ccb=1-7&_nc_sid=127cfc&_nc_ohc=PiGr3dHVJnIQ7kNvwH0GV0O&_nc_oc=AdpFtgPNjh9To1fdNigbSlPdU18EKaPe-JNczLH3tcS2hoHs1xyRy33z-9A1yYEZGI8&_nc_zt=23&_nc_ht=scontent.fglw1-1.fna&_nc_gid=dFI6e0Yemzvrh4LOfuQvsw&_nc_ss=72289&oh=00_Af5acHgmh6bk9hFBvFEIMYYOpiZQKaV0D5SB50-qYHEVOw&oe=6A123E42; https://scontent.fglw1-1.fna.fbcdn.net/v/t39.30808-6/703745392_1426365416341076_1100713338251312956_n.jpg?stp=dst-jpg_s590x590_tt6&_nc_cat=1&ccb=1-7&_nc_sid=127cfc&_nc_ohc=IJxsws0oK4AQ7kNvwFyMIso&_nc_oc=Adp-QNzrb16fdnXHRG3fK9E__vtCP88eOtZOmijhH3-24aVnOjR-TjtTdY05YC9TqSw&_nc_zt=23&_nc_ht=scontent.fglw1-1.fna&_nc_gid=dFI6e0Yemzvrh4LOfuQvsw&_nc_ss=72289&oh=00_Af7syKc9upyfQx4ARS5LpFYEfcXGK1jErXz9646M50FWEA&oe=6A12225A; https://scontent.fglw1-1.fna.fbcdn.net/v/t39.30808-6/702696580_1426365519674399_5110854586689119831_n.jpg?stp=dst-jpg_s590x590_tt6&_nc_cat=1&ccb=1-7&_nc_sid=127cfc&_nc_ohc=zK_CksmCiyEQ7kNvwHTrOKN&_nc_oc=AdrXJz8u2p1SHRcDN4XtC6_9Dd8iKQJEafMeA91hoyl7mXjJ1QaJCkipW5Mhlu0XIV4&_nc_zt=23&_nc_ht=scontent.fglw1-1.fna&_nc_gid=dFI6e0Yemzvrh4LOfuQvsw&_nc_ss=72289&oh=00_Af6Pvdia6qP9CkwxGH1rZnKeHuAyPXJr-aQ_3JLASjdI2w&oe=6A123940; https://scontent.fglw1-1.fna.fbcdn.net/v/t39.30808-6/703200872_1426365433007741_3914386195258777762_n.jpg?stp=dst-jpg_s590x590_tt6&_nc_cat=1&ccb=1-7&_nc_sid=127cfc&_nc_ohc=W-uhDPivdJYQ7kNvwEIA8d1&_nc_oc=Adqw7IdPn5PmHQBwAmrTwYoShHXkeTIha0T3uIxZyyJxm-pg4fN2TDmXkxjMMpxZ5-s&_nc_zt=23&_nc_ht=scontent.fglw1-1.fna&_nc_gid=dFI6e0Yemzvrh4LOfuQvsw&_nc_ss=72289&oh=00_Af6R3FLCKLfig1ccyAluGVBLSv-nv_PEq1QHO5h6SMmCBQ&oe=6A122911
https://www.facebook.com/inquirerdotnet/posts/pfbid02MdwuT53wAH7pVfWxJM6DZqm2tDhtR1iUTZ93FL1KS5CBZbndcuAGJ63nqsGGMZU3l,Matibag: NBI driver may have gotten gunpowder in Senate premises,218,102,9,Not Relevant,1,GenericAttachmentMedia,https://external.fglw1-1.fna.fbcdn.net/emg1/v/t13/7714654923808802758?url=https%3A%2F%2Fnewsinfo.inquirer.net%2Ffiles%2F2026%2F03%2F1196844.jpeg&fb_obo=1&utld=inquirer.net&stp=c0.5000x0.5000f_dst-jpg_flffffff_p500x261_q75_tt6&_nc_gid=dFI6e0Yemzvrh4LOfuQvsw&_nc_oc=AdoZ73TSHzqKYrNhDm0sTFRl6o3XPx4IADmvJbn994oRvRdj-PESWOOxhTF1T5ESQYE&ccb=13-1&oh=06_Q3-_AW4nLr1a5EWK3qz4A5JCeGKlBtDIRPBD9ttfPpKoyGVb&oe=6A0E41BF&_nc_sid=c97757
https://www.facebook.com/inquirerdotnet/posts/pfbid02ghosjHVoq3rBAkDHHgjxFiPtTtGSfo1Q7tL7fV1TUXyuCfWHxSuCDe3tp31yaAAVl,"NBA Playoffs: Spurs’ Fox out in Game 1, OKC’s Jalen Williams back",1,1,0,Not Relevant,1,GenericAttachmentMedia,https://external.fglw1-1.fna.fbcdn.net/emg1/v/t13/6188215431727655174?url=https%3A%2F%2Fsports.inquirer.net%2Ffiles%2F2026%2F05%2FAFP__20260510__2275522074__v2__HighRes__SanAntonioSpursVMinnesotaTimberwolvesGameFou-scaled.jpg&fb_obo=1&utld=inquirer.net&stp=c0.5000x0.5000f_dst-jpg_flffffff_p500x261_q75_tt6&_nc_gid=dFI6e0Yemzvrh4LOfuQvsw&_nc_oc=AdrlDQXJURvid95x3Z5bL7LC2yQ4NyEOugN7z8tD2kcExxrmCCWjypBBGrp66tH-hZQ&ccb=13-1&oh=06_Q3-_AanxmCS7D_6LkgpZzFu2mGYqrjwFnZb-5cLBwv08WGY_&oe=6A0E3000&_nc_sid=c97757
https://www.facebook.com/PAGASA.DOST.GOV.PH/posts/pfbid026kkXCRGPAhFzPrn5EMLkTexyrkBEnYJ2FibNEy9tVCVTs6EStFH231g41Sc8RbJ1l,"Hydrological Forecast for Agno River Basin           
Issued at 8:30AM, 10 May 2026",34,0,1,Mild,1,Photo,https://www.facebook.com/photo/?fbid=1437530881751894&set=a.365711365600523
https://www.facebook.com/PAGASA.DOST.GOV.PH/posts/pfbid0aaLAApjZRBepvGmfmNRCE3i5EUtr6THTLj6WZ28ypfRvqFWnQE7zmM9P4xwSNctMl,"Hydrological Forecast for Agno River Basin            
Issued at 8:30AM, 10 May 2026",37,0,1,Mild,1,Photo,https://www.facebook.com/photo/?fbid=1437529961751986&set=a.365711365600523
https://www.facebook.com/PAGASA.DOST.GOV.PH/posts/pfbid0mqdHYRCUmKNaUGDa2dErX7QxANGSBHiiz1csJXyeenvSas8ynasVAFr3NH7mcKS2l,"Dam Updates as of 8:00 AM, 10 May 2026",51,0,5,Not Relevant,1,Photo,https://www.facebook.com/photo/?fbid=1437529325085383&set=a.365711365600523
https://www.facebook.com/PhilippineSTAR/posts/pfbid02tWzZSphpRHt4wTanrLSh4k2RqCCtPWj2pGKVjdYkVkwgo9QDSaEzfpvbFhF5bnNfl,"A University of the Philippines assistant professor and former budget undersecretary has been named as chief of the Department of Budget and Management.

President Marcos has appointed Kim Robert de Leon, 32, as budget secretary, becoming the youngest member of his Cabinet, Presidential Communications Undersecretary Claire Castro said on Monday. https://tinyurl.com/5ekhubrw | via ONE News",1608,180,44,Not Relevant,1,Photo,https://www.facebook.com/photo/?fbid=1489057603258114&set=a.602294451934438
https://www.facebook.com/PhilippineSTAR/posts/pfbid02DuK4tWbmRHPyvEHBEdEQRRBmX2vCNx4cMP4j69h6JD5F3aK6Vqy8WoC9eBiuNvQwl,"Amid rumors of a coup against Senate President Alan Peter Cayetano’s majority, the chamber started session on Monday, with his leadership intact but with Senators Juan Miguel Zubiri and JV Ejercito formally joining the minority. https://tinyurl.com/yc8kywjc | via ONE News",931,151,16,Not Relevant,1,Photo,https://www.facebook.com/photo/?fbid=1489054859925055&set=a.602294451934438
https://www.facebook.com/PhilippineSTAR/posts/pfbid029kcXBqAVHxWUgB5i3WzSSsS5HuK3JjXxAwMyf6AFPvnYHa6zAzQRUfxEuqTyBGPVl,"Filipinos should brace for more rotational blackouts this year as yellow and red alerts are likely to persist in the coming months amid the looming threat of El Niño, according to the Department of Energy (DOE). https://tinyurl.com/3hda5czc | via ONE News",1327,136,371,Not Relevant,1,Photo,https://www.facebook.com/photo/?fbid=1489052846591923&set=a.602294451934438
https://www.facebook.com/inquirerdotnet/posts/pfbid0mnZuPWRgw6o8Xkg3CdXCNQasbAch4WuzUQwUp79WzGeBKmS1fQhyWXhpVs1vkGWKl,"Feeding our kids doesn’t need to be hard, and we certainly don’t need people in privilege telling us that we are doing it wrong—and making us feel like less of a good mother (via Nolisoli.ph) 

Read more: https://lifestyle.inquirer.net/571060/pass-the-food-not-judgment/",4,0,2,Not Relevant,0,,
https://www.facebook.com/inquirerdotnet/posts/pfbid0347XberURERx9VfHPWGnWJHkvLx5zpXte167ybyhPGGxK8hiviBbehykJEtu9xEtul,LOOK: Anne Curtis stuns at Gucci Cruise 2027 in New York,13,0,0,Not Relevant,1,GenericAttachmentMedia,https://external-det1-1.xx.fbcdn.net/emg1/v/t13/3543688277331192857?url=https%3A%2F%2Fusa.inquirer.net%2Ffiles%2F2026%2F05%2FAnne-Curtis-featured-scaled.png&fb_obo=1&utld=inquirer.net&stp=c0.5000x0.5000f_dst-jpg_flffffff_p500x261_q75_tt6&_nc_gid=C5ctxhX842H6FAsODE4xag&_nc_oc=Ado-JZyTxq6p4i8_H8cXQR7JFpoKAS2ThdMDXJAKK9AWUFK6jBHdxWcmBR3xUlJxmsw&ccb=13-1&oh=06_Q3-_AR0G-f2xpcU5hA-Qg0zRDU6CaBOliPpIpdNZp7cNYr4x&oe=6A0E3CC9&_nc_sid=c97757
https://www.facebook.com/inquirerdotnet/posts/pfbid02aby7SeA1uqPYUhy811QtAiXVcbfafRtZYq7m4AY7ibmmVowcGftNog2CsVJmXz3ol,"‘MATAAS NA ANG SINGIL, PALPAK PA ANG SERBISYO!’

LOOK: Various groups, including Bagong Alyansang Makabayan, Bayan Muna, and Anakpawis, hold a protest outside the Meralco main office on Ortigas Avenue in Pasig City to oppose rising electricity charges and address recent rotating brownouts in Metro Manila. | via Gayle Manalo, INQUIRER.net",149,25,18,Not Relevant,4,Photo; Photo; Photo,https://www.facebook.com/inquirerdotnet/posts/pfbid02aby7SeA1uqPYUhy811QtAiXVcbfafRtZYq7m4AY7ibmmVowcGftNog2CsVJmXz3ol; https://scontent-det1-1.xx.fbcdn.net/v/t39.30808-6/702278230_1426360276341590_3388426070056025269_n.jpg?stp=dst-jpg_s590x590_tt6&_nc_cat=110&ccb=1-7&_nc_sid=127cfc&_nc_ohc=9AIGww7Qa3cQ7kNvwHtUY-1&_nc_oc=Adq1UONIrMrU181hoSy-6DtdNSJvxObOTLCmh7uskBF830GUuXLAJKvvrpujcqpyBtU&_nc_zt=23&_nc_ht=scontent-det1-1.xx&_nc_gid=C5ctxhX842H6FAsODE4xag&_nc_ss=72289&oh=00_Af5I_YlCEMJgSrZ99khr1msTbV_Xmz5TRIWZMwbZHgp9eQ&oe=6A123F22; https://scontent-det1-1.xx.fbcdn.net/v/t39.30808-6/702545595_1426360909674860_5521233657626155568_n.jpg?stp=dst-jpg_s590x590_tt6&_nc_cat=105&ccb=1-7&_nc_sid=127cfc&_nc_ohc=NJxsPjmTjPQQ7kNvwELjvPQ&_nc_oc=Adr9HMd4TDzXkvSjpVILjU6jB_3EPxXWQMXVEWhkX1JcCMBgiAeFl3guSiDNq8TqFro&_nc_zt=23&_nc_ht=scontent-det1-1.xx&_nc_gid=C5ctxhX842H6FAsODE4xag&_nc_ss=72289&oh=00_Af7mWM21rtMat5kyVXDHT5czY1Qlts3cWLBTQyLr2kkTJQ&oe=6A121737; https://scontent-det1-1.xx.fbcdn.net/v/t39.30808-6/702291748_1426360259674925_3152547543932401865_n.jpg?stp=dst-jpg_p480x480_tt6&_nc_cat=104&ccb=1-7&_nc_sid=127cfc&_nc_ohc=_QkAlgJGt5cQ7kNvwGUDd-F&_nc_oc=AdpdpmNU5HIY0TgUj9Cm3rNIRx3uPbg-JgjT4Bp7gyrfxx0plg4YkLCbiGsag9Qy_xw&_nc_zt=23&_nc_ht=scontent-det1-1.xx&_nc_gid=C5ctxhX842H6FAsODE4xag&_nc_ss=72289&oh=00_Af7Dx_SmtH12MpxXHCKoH4Ea9yRH0woZYlHOXtPK6Q8P5Q&oe=6A12092D
https://www.facebook.com/reel/995458629530830/,"Bayan Sec-Gen Mong Palatino, nanawagan na bantayan ang magiging proseso sa impeachment trial. Hindi anya sila papayag na paikutin ng mga senador ang proseso at iabswelto ang pangalawang pangulo

🎥Sam Nielsen, DZBB",84,57,5,Not Relevant,1,Video,https://www.facebook.com/reel/995458629530830/
https://www.facebook.com/reel/1395606532406200/,"𝐆𝐮𝐬𝐭𝐨 𝐥𝐚𝐧𝐠 𝐧𝐚𝐦𝐢𝐧 𝐢𝐩𝐚𝐭𝐮𝐩𝐚𝐝 𝐲𝐮𝐧𝐠 𝐛𝐚𝐭𝐚𝐬

Binigyang diin ni NBI Director Atty. Melvin Matibag na wala silang balak tibagin ang Senado, ito'y sa gitna ng imbestigasyon sa nangyaring tensyon sa Senado. 

🎥Pamela Adriano, DZBB",163,44,2,Not Relevant,1,Video,https://www.facebook.com/reel/1395606532406200/
https://www.facebook.com/reel/2684006731996847/,"NBI, tiniyak na makikipag-tulungan sa DOJ at Ombudsman kaugnay sa isinasagawang imbestigasyon sa pamamaril sa Senado | via Pamela Adriano, DZBB",16,1,0,Not Relevant,1,Video,https://www.facebook.com/reel/2684006731996847/
https://www.facebook.com/PAGASA.DOST.GOV.PH/posts/pfbid0wShwnzTkYJ3rKkez8u1RukLeuwDV8ftqgPvbh9ozw38o2gs5cMzF918FaPmsbLmyl,"Hydrological Forecast for Bicol River Basin 
Issued at 8:30AM, 10 May 2026",34,0,1,Mild,1,Photo,https://www.facebook.com/photo/?fbid=1437526461752336&set=a.365711365600523
https://www.facebook.com/PAGASA.DOST.GOV.PH/posts/pfbid02scTpKLgDsikNLbvYp5Zb41wcMNsPybpgArKpYVwWYPBJCFVZ9Nx5aqrLJycGuLfol,"General Flood Advisory
Issued @6AM, 10 May 2026

BARMM GFA#4 Final",96,1,18,Severe,1,Photo,https://www.facebook.com/photo/?fbid=1437413511763631&set=a.365711365600523
https://www.facebook.com/PAGASA.DOST.GOV.PH/posts/pfbid0eiNj1XHHpBYTbWjGdiSP6MCKWENovWsX2j1vGgmKtPcZ29qKmb57Jn59tBBWC2SRl,"Pampanga River Basin Update as of 5:00 AM, 10 May 2026.",39,0,5,Not Relevant,1,Photo,https://www.facebook.com/photo/?fbid=1437409811764001&set=a.365711365600523
https://www.facebook.com/PhilippineSTAR/posts/pfbid02aVCPi5MzMQrZ2NZsxqYxfemoubyogQH6TvesaVmztEeMVnvmREyEUHQskMB2oqHXl,"Sen. Jinggoy Estrada and former officials of the Department of Public Works and Highways (DPWH) could face plunder, graft and corruption and direct bribery cases due to their alleged role in the government flood control scandal, the Office of the Ombudsman announced on Monday. https://tinyurl.com/s4ruewap | via ONE News",2964,478,93,Not Relevant,1,Photo,https://www.facebook.com/photo/?fbid=1489050846592123&set=a.602294451934438
https://www.facebook.com/PhilippineSTAR/posts/pfbid06FoznhXAjxJXRXNYrGMFBMF5QaFtjsCBiufyQVQwDDBduQQwnuMUSFLtnF36VMnel,"Contrary to claims made by Senate President Alan Peter Cayetano and other members of the new majority bloc, the Senate was not under attack, Malacañang maintained on Monday.

“Was it under attack? It was not. The Senate was not under attack. You can see that from the news, not only from the statements of the NBI (National Bureau of Investigation) and PNP (Philippine National Police),” Presidential Communications Undersecretary Claire Castro pointed out during a press briefing. https://tinyurl.com/y23886zk | via ONE News",451,128,10,Not Relevant,1,Photo,https://www.facebook.com/photo/?fbid=1489048026592405&set=a.602294451934438
https://www.facebook.com/PhilippineSTAR/posts/pfbid02ynEcPHBuDMWY8KKRZDPphbURgeXucu5WQ4Apth9X58sF1gQkYm7JEGecqB92nKaol,"Many Filipino hospitals still struggle with overcrowding, limited staffing, and outdated infrastructure. Yet behind those very real challenges, another story is unfolding quietly: medicine itself is becoming smarter, more connected, and more personalized. | via Joyful Wellness",8,0,1,Not Relevant,1,GenericAttachmentMedia,https://external-iad6-1.xx.fbcdn.net/emg1/v/t13/4219861460269678434?url=https%3A%2F%2Fjoyfulwellness.ph%2Fwp-content%2Fuploads%2F2026%2F05%2Fmodern-healthcare.jpeg&fb_obo=1&utld=joyfulwellness.ph&stp=c0.5000x0.5000f_dst-jpg_flffffff_p500x261_q75_tt6&_nc_gid=zGGxBSoN0v48RIXD8SiJRw&_nc_oc=Adr7PmkuCughjSw7xNxqP4WR1e-z3of_PEvAWo1ENa8dJnycx2N355fPeL1JH3AUlIY&ccb=13-1&oh=06_Q3-_AYari5EYOBPPehmj0ABLrO5SayZfPLSoWTUIrQh0ur7J&oe=6A0E1AA7&_nc_sid=c97757
https://www.facebook.com/inquirerdotnet/posts/pfbid0fUiNza4gtpDN5kGkcN9LEk9CVsLKWJ3ccUepm4PtVDNNCBfiRT7DQ4rpmo1qyiSUl,Thailand orders rail safety overhaul after deadly Bangkok crash,2,0,0,Not Relevant,1,GenericAttachmentMedia,https://external-lga3-2.xx.fbcdn.net/emg1/v/t13/17093319129750804920?url=https%3A%2F%2Fglobalnation.inquirer.net%2Ffiles%2F2026%2F05%2FThai-rescue-workers-search-for-victims-following-a-collision-between-a-freight-train-and-a-bus-at-the-Airport-Rail-Links-Makkasan-station-in-Bangkok-Thailand-on-May-16.-PHOTO-EPA.png&fb_obo=1&utld=inquirer.net&stp=c0.5000x0.5000f_dst-jpg_flffffff_p500x261_q75_tt6&_nc_gid=pVk1CuX1qIq060mYRgDQ-Q&_nc_oc=AdrxQRkssbQD0PrjZnZ1z-RSFm0r5SLX3WD8i-5UYDS54wN4mp1J-4mH8Bp9PqA4icvK2GykKUllyOS37d-f01HH&ccb=13-1&oh=06_Q3-_Abti5nYRiVAPRlwqBbM725c9docT9bn7YOE1gzswK2lz&oe=6A0E1800&_nc_sid=c97757
https://www.facebook.com/inquirerdotnet/posts/pfbid04QMBYWW34mh5GXjbRJejV7e1AMoxYaytc7qSvfsW25sWSTpnbjfH2ToZLv4YJo5Sl,NBA: Shai Gilgeous-Alexander receives MVP trophy before Game 1,8,4,0,Not Relevant,1,GenericAttachmentMedia,https://external-lga3-2.xx.fbcdn.net/emg1/v/t13/8111214160670481845?url=https%3A%2F%2Fsports.inquirer.net%2Ffiles%2F2026%2F05%2FAFP__20260519__2276997447__v1__HighRes__SanAntonioSpursVOklahomaCityThunderGameOne-scaled.jpg&fb_obo=1&utld=inquirer.net&stp=c0.5000x0.5000f_dst-jpg_flffffff_p500x261_q75_tt6&_nc_gid=pVk1CuX1qIq060mYRgDQ-Q&_nc_oc=AdqSqCrTjD1Sf9QAgNm5880AWcHZvIjRrkSSc81r1MNvhgObK9mQHBad_xMgXyE_e_okkcvXmXnrdoflEZpJaRqT&ccb=13-1&oh=06_Q3-_ARn1236jxq8qVtTr1op1kbcy5PIGRuQo7JMdGAHwiAJM&oe=6A0E399E&_nc_sid=c97757
https://www.facebook.com/inquirerdotnet/posts/pfbid034awUjiurFbhki6UZKQX24dxpv4R19p4c6wk4WDG97dTPh7ab3yBCudTyRiihcauGl,Oriental Mindoro gov gives IPPs until May 31 to resolve power issues,10,0,3,Not Relevant,1,GenericAttachmentMedia,https://external-lga3-2.xx.fbcdn.net/emg1/v/t13/14805478774784210044?url=https%3A%2F%2Fnewsinfo.inquirer.net%2Ffiles%2F2022%2F09%2FOriental-Mindoro-map-filephoto-091222.jpg&fb_obo=1&utld=inquirer.net&stp=c0.5000x0.5000f_dst-jpg_flffffff_p500x261_q75_tt6&_nc_gid=pVk1CuX1qIq060mYRgDQ-Q&_nc_oc=AdoeEsoONP4tEgfVDT3rWLtRAV0CcMKAfEKDYuzg-QPVbwtxxod9fNppmN2hr9YaFDIOcgt5cQk6oCDoGh61hl13&ccb=13-1&oh=06_Q3-_AdS9dn5MyWIutQurUhk-dbAgROsRTSJAvHKVbSsyClMF&oe=6A0E1BCC&_nc_sid=c97757
https://www.facebook.com/reel/835398199615849/,"Dalawang kongresista, nagbitiw bilang miyembro ng Kamara ngayong 20th Congress

Sa sesyon ngayong Lunes, inanunsyo na nagsumite ng resignation letters sina 1-Tahanan PL Rep.e Nathaniel Oducado at Pinoy Workers PL Rep. Franz Legazpi.

Wala namang binanggit na rason ng kanilang pagbibitiw.

Inatasan ang House Secretary General na tanggalin ang dalawa mula sa roll of members ng Kamara.

Inaasahan namang magkakaroon ng bagong kinatawan ang dalawang party-list sa Kapulungan.",47,3,2,Not Relevant,1,Video,https://www.facebook.com/reel/835398199615849/
https://www.facebook.com/reel/1838270703798468/,"Sen. Jinggoy Estrada, kakausapin ang kanyang mga abogado kasunod ng rekumendasyon ng DOJ na kasuhan siya kaugnay ng flood control scam.",42,2,0,Not Relevant,1,Video,https://www.facebook.com/reel/1838270703798468/
https://www.facebook.com/dzbb594/videos/977649631697251/,"Angkas na sa programang hitik sa mga balita at impormasyon kasama ang tandem na tiyak na di kayo iiwan… Henry Atuelan at Glen Juego aarangkada na sa programang Riding-In-Tandem sa Balita.

📻: 594 kHz AM band
📡: gmanetwork.com/radio/streaming/dzbb
FB LIVE:  Super Radyo dzBB",38,23,4,Not Relevant,1,Video,https://www.facebook.com/dzbb594/videos/977649631697251/
https://www.facebook.com/reel/1661656735164144/,#FrontlinePilipinas | Nakatanggap ng standing ovation ang Korean superstars na sina Ji Chang-Wook at Gianna Jun sa Cannes Film Festival. | via MJ Marfori,795,24,39,Not Relevant,1,Video,https://www.facebook.com/reel/1661656735164144/
https://www.facebook.com/reel/857602540068117/,"#FrontlinePilipinas | Lumagapak sa pinakamababang halaga ang piso kontra dolyar.

Kasunod ito ng sunod-sunod na kaguluhan sa Senado na nagpababa umano sa kumpiyansa ng mga investor.",1853,744,129,Not Relevant,1,Video,https://www.facebook.com/reel/857602540068117/
https://www.facebook.com/reel/988384537006058/,"#FrontlinePilipinas | Mga Kapatid, alam n’yo ba kung ano ang pinaka-quoted na bible verse sa buong mundo?",187399,5299,12335,Not Relevant,1,Video,https://www.facebook.com/reel/988384537006058/
https://www.facebook.com/PAGASA.DOST.GOV.PH/videos/1010680284727458/,"Press Briefing: Tropical Storm CALOY {HAGUPIT} issued at 5:00 AM | May 10, 2026 - Sunday

DOST-PAGASA Weather Specialist: Veronica C. Torres

#weatherreport  #dostpagasa  #CaloyPH

For more detailed information please visit these links:
Tropical Cyclone Bulletin : https://bagong.pagasa.dost.gov.ph/tro...
Weather Advisory : https://bagong.pagasa.dost.gov.ph/wea...
Storm Surge Warning: https://bagong.pagasa.dost.gov.ph/tro...
Gale Warning : https://bagong.pagasa.dost.gov.ph/tro...

PAGASA Weather Report (Subscribe for more weather updates)
Facebook Page (Like): / pagasa.dost.gov.ph
Twitter (Follow): / dost_pagasa
Website (Visit): http://bagong.pagasa.dost.gov.ph
Customer Satisfaction Survey (Feedback): https://shorturl.at/Do3VX",244,42,118,Moderate,1,Video,https://www.facebook.com/PAGASA.DOST.GOV.PH/videos/1010680284727458/
https://www.facebook.com/PAGASA.DOST.GOV.PH/posts/pfbid0RDEGvC5SUae61P1Qfdhm2oF2uAGniBbPkBDjeDYVkVpU44iLj68UmdwLDSGGAhSRl,"TROPICAL CYCLONE BULLETIN NR. 2
Tropical Storm #CaloyPH (HAGUPIT)
Issued at 5:00 AM, 10 May 2026
Valid for broadcast until the next bulletin at 11:00 AM today.

TROPICAL STORM CALOY SLIGHTLY DECELERATES 
WHILE MOVING OVER THE SEA EAST OF NORTHEASTERN MINDANAO.

• Location of Center (4:00 AM)
The center of Tropical Storm CALOY was estimated based on all available data at 910 km East of Northeastern Mindanao (9.9°N, 133.8°E).
• Intensity
Maximum sustained winds of 65 km/h near the center, gustiness of up to 80 km/h, and central pressure of 1002 hPa
• Present Movement
West northwestward at 15 km/h
• Extent of Tropical Cyclone Winds
Strong to gale-force winds extend outwards up to 320 km from the center

OTHER HAZARDS AFFECTING LAND AREAS
CALOY is unlikely to directly affect the country throughout the forecast period.
HAZARDS AFFECTING COASTAL WATERS

24-Hour Sea Condition Outlook

Up to moderate seas over the following coastal waters:
• Up to 2.5 m: The eastern seaboards of Northern Samar, Eastern Samar, and Siargao-Bucas Grande Islands; the seaboards of Batanes; the western seaboard of Babuyan Islands; the northwestern seaboard of Ilocos Norte.
• Up to 2.0 m: The remaining seaboards of Ilocos Norte and Babuyan Islands; the eastern seaboards of Cagayan, Isabela, Camarines Norte, Catanduanes, Albay, Sorsogon, Dinagat Islands, Surigao del Sur, and Davao Oriental; the northern seaboards of Camarines Sur, Catanduanes, and Northern Samar.
• Mariners of montorbancas and similarly vessels are advised to take precautionary measures while venturing out to sea and, if possible, avoid navigation under these conditions.

TRACK AND INTENSITY OUTLOOK
• Tropical Storm CALOY will continue moving west northwestward throughout the forecast period and will remain over the Philippine Sea, far from the Philippine landmass. 
• Weakening trend will likely begin this afternoon or evening. It is forecast to be downgraded into a tropical depression between this afternoon and evening and further weakening into a remnant low tomorrow (11 May).

Considering these developments, the public and disaster risk reduction and management offices concerned are advised to take all necessary measures to protect life and property. Persons living in areas identified to be highly or very highly susceptible to these hazards are advised to follow evacuation and other instructions from local officials. For heavy rainfall warnings, thunderstorm/rainfall advisories, and other severe weather information specific to your area, please monitor products issued by your local PAGASA Regional Services Division.

The next tropical cyclone bulletin will be issued at 11:00 AM today.
 
DOST-PAGASA

Link: https://tinyurl.com/CaloyPH",1542,41,392,Not Relevant,4,Photo; Photo; Photo,https://www.facebook.com/PAGASA.DOST.GOV.PH/posts/pfbid0RDEGvC5SUae61P1Qfdhm2oF2uAGniBbPkBDjeDYVkVpU44iLj68UmdwLDSGGAhSRl; https://scontent-phx1-1.xx.fbcdn.net/v/t39.30808-6/695748245_1437385938433055_7083875292256896445_n.jpg?stp=dst-jpg_p480x480_tt6&_nc_cat=105&ccb=1-7&_nc_sid=127cfc&_nc_ohc=3uG1hs9BOSIQ7kNvwFyfDLJ&_nc_oc=AdqLQJkFmE-OWwolCFALy5Ia2dLpOmmcjdQS_ea9pg6UbSTdvArlq48nLO0CjCEUbuU&_nc_zt=23&_nc_ht=scontent-phx1-1.xx&_nc_gid=qPtGFFQIa71_MKHf_XBvqw&_nc_ss=72289&oh=00_Af5lQPOHkkluIWfpuaPJ8_DGhzloyjBH7bhfyHULclcxlQ&oe=6A1211CD; https://scontent-phx1-1.xx.fbcdn.net/v/t39.30808-6/696328411_1437385965099719_7452603260587459023_n.jpg?stp=dst-jpg_s590x590_tt6&_nc_cat=108&ccb=1-7&_nc_sid=127cfc&_nc_ohc=ZKpKfKKK9noQ7kNvwGkPIgt&_nc_oc=AdovLVjGZUdRHOkOr_xAhuRFCCSeQ2DPodFgqxJw4r_XM7gFJbU_exCEkPO_VWOCwuI&_nc_zt=23&_nc_ht=scontent-phx1-1.xx&_nc_gid=qPtGFFQIa71_MKHf_XBvqw&_nc_ss=72289&oh=00_Af4QltIM7TaEz-31YgiCNuvchpVGiW8Oy66mYyev1IbiQg&oe=6A123A1D; https://scontent-phx1-1.xx.fbcdn.net/v/t39.30808-6/692737327_1437385918433057_7792056851829488278_n.jpg?stp=dst-jpg_s590x590_tt6&_nc_cat=105&ccb=1-7&_nc_sid=127cfc&_nc_ohc=dOdi5CQCkxsQ7kNvwFNYB5w&_nc_oc=AdqT__-oiczP0jXz-IKAnVrqlxZXDreqVBHn4N3Gi2je0FQcTBiznVNyD4u_QZyJgWQ&_nc_zt=23&_nc_ht=scontent-phx1-1.xx&_nc_gid=qPtGFFQIa71_MKHf_XBvqw&_nc_ss=72289&oh=00_Af4jq4HlfQRkD70XNtOI43gReT1RQELZ8BlsNFy7WHCZkQ&oe=6A1209EB
https://www.facebook.com/PAGASA.DOST.GOV.PH/posts/pfbid0JrD2z9BsgCa16xXkdXYFyb7NwLomj69bg5d79Mc2oJg6tZkJijqn4FphPF4G731Zl,"As of 2:00 AM today, 10 May 2026, Tropical Storm ""CALOY"" (Int'l name ""HAGUPIT"") is being monitored inside the Philippine Area of Responsibility (PAR).

Meanwhile, a Low Pressure Area (LPA 05c) is being monitored inside the monitoring domain of PAGASA (TCID) and is ""UNLIKELY"" to develop into a tropical depression within the next 24 hours.

All are advised to monitor updates from DOST-PAGASA.",558,13,165,Not Relevant,1,Photo,https://www.facebook.com/photo/?fbid=1437359488435700&set=a.365711365600523
https://www.facebook.com/PhilippineSTAR/posts/pfbid02y87ynYnZDMvYwxNPMzarPbkwsMUyX3XD6e2Fjpv1Mcmtq5ycczV5RyVNpuQ76S6ml,"The Senate has officially convened as an impeachment court to try Vice President Sara Duterte, ordering her to file her response to the Articles of Impeachment within 10 days. https://tinyurl.com/ye27y49r | via ONE News",1398,191,7,Not Relevant,1,Photo,https://www.facebook.com/photo/?fbid=1489046016592606&set=a.602294451934438
https://www.facebook.com/PhilippineSTAR/posts/pfbid022KzpniF8jHSCbxfVE6gyaqs38L1G3LbEqCgy9nqShWAVAUUzQuZLu2Wfc9F22Grvl,"TODAY’S HEADLINES (Tuesday, May 19, 2026) 
Subscribe to the paper: https://philstarsubscribe.com/

Senate impeachment court summons VP Sara Duterte
https://tinyurl.com/53uhvsnk 

Palace: Senate was never under attack
https://tinyurl.com/42rzwp4t 

DOE: More rotating power outages expected
https://tinyurl.com/mwyfcav4 

Bato dela Rosa not a fugitive, says his lawyer
https://tinyurl.com/uyettr3r 

Alan Peter Cayetano keeps Senate presidency, for now
https://tinyurl.com/4f6cexz7 

Gas, diesel prices up; kerosene down
https://tinyurl.com/4twd9hc3

President Marcos names UP professor as budget secretary
https://tinyurl.com/bdcpb7h9 

DOJ recommends plunder raps vs Jinggoy Estrada, Manuel Bonoan
https://tinyurl.com/4hxtk9cp 

Peter Haynes formally appointed as Rodrigo Duterte’s counsel
https://tinyurl.com/muf53mdy 

President Marcos: Government never sleeps, never takes vacations
https://tinyurl.com/5dvuxts8 

PCG aircraft dispatched to drive away Chinese research vessel
https://tinyurl.com/33yymvth 

Canada eyes investments in Philippine defense
https://tinyurl.com/5e8xyp9c",92,7,7,Not Relevant,1,Photo,https://www.facebook.com/photo/?fbid=1489038453260029&set=a.602294451934438
https://www.facebook.com/PhilippineSTAR/posts/pfbid02cd3PF8sWxyWfKc8LstSLBjegEDJRKev5oAsASHSGFAxoC6fYyY1M85K9Ua4cM9hXl,"Malacañang pushed back against claims that National Bureau of Investigation agents failed to serve the International Criminal Court warrant against Sen. Ronald ""Bato"" dela Rosa, pointing instead to the Senate's interruption of the arrest attempt.",36,17,4,Not Relevant,1,GenericAttachmentMedia,https://external.frkh1-1.fna.fbcdn.net/emg1/v/t13/6961700237202529578?url=https%3A%2F%2Fmedia.philstar.com%2Fphotos%2F2026%2F05%2F18%2Fclaire-castro-may18_2026-05-18_14-28-39.jpg&fb_obo=1&utld=philstar.com&stp=c0.5000x0.5000f_dst-jpg_flffffff_p500x261_q75_tt6&_nc_gid=WpB5Lf8gdMl1iV4vRDEeBA&_nc_oc=Adrq-b6z4VOffXE9zaQmV6YqFYQAJu01c6iSrlNiMnw1OTm9VLrjhNlbhOx2ToTF_3A&ccb=13-1&oh=06_Q3-_Aac8RhNuqlTpaZG88W0Zi3IFUA5rjHLWjpv_QLBpNS4Y&oe=6A0E2757&_nc_sid=c97757
https://www.facebook.com/PhilippineSTAR/posts/pfbid025opQDEzeMjRx7Udsjo3AeNcN4sQ2zKNtJyCibJyqf2BjWAqpAE7V1r72WZiZyfVpl,"'I'LL PRAY AND IF GOD TELLS ME, I'LL DO IT'

Ipinagdasal umano ni Senate President Alan Peter Cayetano ang desisyon na tanggapin ang pwesto.

""I’ll pray and if God tells me, I’ll do it. But if it’s not clearly me, why should I do it,” aniya nitong Lunes.

PANOORIN:",953,323,32,Not Relevant,1,GenericAttachmentMedia,https://external-atl3-2.xx.fbcdn.net/emg1/v/t13/2313574935102798266?url=https%3A%2F%2Fi.ytimg.com%2Fvi%2FMc6-3-e8Ufo%2Fmaxresdefault.jpg&fb_obo=1&utld=ytimg.com&stp=c0.5000x0.5000f_dst-jpg_flffffff_p500x261_q75_tt6&_nc_gid=STXEq_gQfeC7gXEesqyCSw&_nc_oc=AdqWkaBtkHyof3Rex8ax0AjbttV-zN1uGZKkaI6zKRHBSkF8UKnE987tALaOrkVN4ow&ccb=13-1&oh=06_Q3-_AcY0AssVD1Ski-yKG5AXW9hjvxYPojzVs4ShHLOPHWIE&oe=6A0E3B5F&_nc_sid=c97757
https://www.facebook.com/PhilippineSTAR/posts/pfbid02RgkQUojP9wsTvNWU1uFj1hwWXYQy4BiaSpiY35amdQjqbHxCbZGXpodfUoL5Uttql,"Itinalaga bilang committee chairs ang mga bagong miyembro ng mayorya ng Senado nitong Lunes.

Matatandaang nabakante ang mga posisyon matapos ang kudeta sa Senado nitong nakaraang linggo.

PANOORIN:",36,6,3,Not Relevant,1,GenericAttachmentMedia,https://external-atl3-2.xx.fbcdn.net/emg1/v/t13/12511253999902641690?url=https%3A%2F%2Fi.ytimg.com%2Fvi%2FIdJiu1mOdck%2Fmaxresdefault.jpg&fb_obo=1&utld=ytimg.com&stp=c0.5000x0.5000f_dst-jpg_flffffff_p500x261_q75_tt6&_nc_gid=STXEq_gQfeC7gXEesqyCSw&_nc_oc=AdqSqG-dUhdHNtSm784dBgkoo5TXYBpDtDA3rmi0wjJTn5mPysEvuwXqte2KQYb79vA&ccb=13-1&oh=06_Q3-_Ad9lqOjzbF4Xp3eKFTMaZ-Fv18t_4OaxeDpfDjFWwAoK&oe=6A0E3F9C&_nc_sid=c97757
https://www.facebook.com/PhilippineSTAR/posts/pfbid0bYnw5bw3PLGpNN2KBaqU6hAEmeqY6QWCJCDLRmmmnujQK5mqPT84rvzvLhAw1V9El,"Today's front page, Tuesday, May 19, 2026

Subscribe to the paper: https://philstarsubscribe.com/

Subscribe to our social media channels:
Facebook: facebook.com/PhilippineSTAR
X (Twitter): x.com/PhilippineStar
Instagram: instagram.com/philippinestar
TikTok: tiktok.com/@philippinestar
Reddit: reddit.com/user/philippinestar
YouTube: youtube.com/@PhilippineStar",105,5,46,Not Relevant,1,Photo,https://www.facebook.com/photo/?fbid=1488976896599518&set=a.602294451934438
https://www.facebook.com/dzbb594/posts/pfbid0phdDyEkp3qYJXzygkMQd5c7g63QE33KmngKy4wiKVX8QhsgJLMyjVBSWmMAYj8U3l,"Northbound lane ng Diokno Blvd., na malapit sa Senado, binuksan na sa mga motorista na isinara kaninang 1:00PM, bagaman normal na ang sitwasyon ay nakabantay pa rin sa lugar ang mga idineploy na pulis, walang naitalang untoward incident sa maghapon.",13,1,1,Not Relevant,5,Video; Video; Video; Video,https://www.facebook.com/dzbb594/posts/pfbid0phdDyEkp3qYJXzygkMQd5c7g63QE33KmngKy4wiKVX8QhsgJLMyjVBSWmMAYj8U3l; https://scontent-lga3-3.xx.fbcdn.net/v/t15.5256-10/700252997_1572152314956459_1196696528011018333_n.jpg?stp=dst-jpg_s590x590_tt6&_nc_cat=108&ccb=1-7&_nc_sid=5fad0e&_nc_ohc=f-tM5Kmkd_sQ7kNvwED5KXw&_nc_oc=Ado2vhFHdyC5s7vOUnSC3GLBiIARyh33on_GkpW0GXTPuqWf9-a1JN37y0J1hejSjI-OI6GDod4Rcq9KHv8LDh-m&_nc_zt=23&_nc_ht=scontent-lga3-3.xx&_nc_gid=F6WVE8kNi-5cbqAIvavcpA&_nc_ss=72289&oh=00_Af71CMR5eCSmz2dnAL8ayEDuZAHtxWz57veWvm5vA84uAw&oe=6A123925; https://scontent-lga3-3.xx.fbcdn.net/v/t15.5256-10/702265489_26718289377812714_1025766759839154619_n.jpg?stp=dst-jpg_s590x590_tt6&_nc_cat=104&ccb=1-7&_nc_sid=5fad0e&_nc_ohc=ccOOPi4_diEQ7kNvwGQY7D-&_nc_oc=AdqSX7urRQDWZQ9_-3C48Y3TEKf2kfYFoOw2UEPEbZDvExyo7WiLWZ9t2aYKmVDtfEC_xr2lj4kA0uFkio_lD4yH&_nc_zt=23&_nc_ht=scontent-lga3-3.xx&_nc_gid=F6WVE8kNi-5cbqAIvavcpA&_nc_ss=72289&oh=00_Af52xlz13FhTorlHO4v8_UMrrGoJLkQpJ-O-osX2m_rCMA&oe=6A122636; https://scontent-lga3-2.xx.fbcdn.net/v/t15.5256-10/702669874_1670685210913514_5367730542565850952_n.jpg?stp=dst-jpg_s590x590_tt6&_nc_cat=107&ccb=1-7&_nc_sid=5fad0e&_nc_ohc=NOH_5owTwVUQ7kNvwEh96TG&_nc_oc=AdpRFhXOpFA8Ikf16FQ0hXU_AgM4THZM32XkJ2EW-rsxo7xiIDboQqqEmv_oWHo_gQtC4heuv6zl7wPAwzQuti7b&_nc_zt=23&_nc_ht=scontent-lga3-2.xx&_nc_gid=F6WVE8kNi-5cbqAIvavcpA&_nc_ss=72289&oh=00_Af6dVA4zknV8475Szzy8qQCysPxLat9aByYhbW1uUrkqxQ&oe=6A122B20; https://scontent-lga3-3.xx.fbcdn.net/v/t15.5256-10/700799563_808074545501513_4566997657347866482_n.jpg?stp=dst-jpg_s590x590_tt6&_nc_cat=108&ccb=1-7&_nc_sid=5fad0e&_nc_ohc=OOEGTkCT1o8Q7kNvwHDBhwh&_nc_oc=AdpOWEI5TfVkc0QuM0bz0kjAjqgCZp4KEvDFqWiHiGHsld1V9UFAC7iqbtAZo4oyrh6rGu5Z4igFGgwPWSX7tVjd&_nc_zt=23&_nc_ht=scontent-lga3-3.xx&_nc_gid=F6WVE8kNi-5cbqAIvavcpA&_nc_ss=72289&oh=00_Af40pCzsU_IgjJLPTwr0EXL1M_Bh74U_pj_SCKGP2UnYkA&oe=6A120861
https://www.facebook.com/reel/1301969348150078/,"𝐁𝐢𝐧𝐢 𝐬𝐚 𝐊𝐚𝐦𝐚𝐫𝐚! 

Binigyang-pagkilala ng Kamara ang P-Pop sensation na BINI.

Ngayong Lunes, May 18, 2026, dumayo ang BINI sa Batasan Pambansa para personal na tanggapin ang pinagtibay na resolusyon.

Dito nakasaad na kinikilala ng Kamara ang BINI dahil sa makasaysayan nilang performance sa Coachella 2026 sa California sa Amerika, na isang “major breakthrough” para sa Original Pilipino Music o OPM at talentong Pinoy sa pandaidigang entablado.",7,1,0,Not Relevant,1,Video,https://www.facebook.com/reel/1301969348150078/
https://www.facebook.com/reel/1740378970264225/,"Malakanyang, umapela na wag kunsintihin ang mga taong nasa likod ng pagtulong kay Sen Ronald dela Rosa na takbuhan ang pananagutan sa batas. | via Tuesday Niu, DZBB",44,8,2,Not Relevant,1,Video,https://www.facebook.com/reel/1740378970264225/
https://www.facebook.com/reel/1512576713547200/,#FrontlinePilipinas | Nakisakay na rin si Pope Leo XIV sa online trend na “6-7” sa ilang bata sa Vatican.,92,9,3,Not Relevant,1,Video,https://www.facebook.com/reel/1512576713547200/
https://www.facebook.com/reel/997399666070215/,#FrontlinePilipinas | Tinambakan ng Cleveland Cavaliers ang Detroit Pistons upang makapasok sa 2026 NBA Eastern Conference finals.,407,4,13,Not Relevant,1,Video,https://www.facebook.com/reel/997399666070215/
https://www.facebook.com/News5Everywhere/posts/pfbid02Eod9Fb7p7F9JWoP8rbyNRT5Lb4TqaNcUqxX8QC3w4Eo38RkVoxvfXRDDXGrum7AUl,#TheDailyVerse | Napapawi ang lahat ng pangamba sa tuwing sa Kaniya tayo nagtitiwala.,664,22,65,Not Relevant,1,Photo,https://www.facebook.com/photo/?fbid=1509496034542258&set=a.647063400785530
https://www.facebook.com/PAGASA.DOST.GOV.PH/videos/1603830127346012/,"Press Briefing: Tropical Storm CALOY {HAGUPIT} issued at 11:00 PM | May 9, 2026 - Saturday

DOST-PAGASA Weather Specialist: Veronica C. Torres

#weatherreport  #dostpagasa  #CaloyPH

For more detailed information please visit these links:
Tropical Cyclone Bulletin : https://bagong.pagasa.dost.gov.ph/tro...
Weather Advisory : https://bagong.pagasa.dost.gov.ph/wea...
Storm Surge Warning: https://bagong.pagasa.dost.gov.ph/tro...
Gale Warning : https://bagong.pagasa.dost.gov.ph/tro...

PAGASA Weather Report (Subscribe for more weather updates)
Facebook Page (Like): / pagasa.dost.gov.ph
Twitter (Follow): / dost_pagasa
Website (Visit): http://bagong.pagasa.dost.gov.ph
Customer Satisfaction Survey (Feedback): https://shorturl.at/Do3VX",179,24,50,Moderate,1,Video,https://www.facebook.com/PAGASA.DOST.GOV.PH/videos/1603830127346012/
https://www.facebook.com/PAGASA.DOST.GOV.PH/posts/pfbid03GiK3UGPGqXvrMaCWaoz1QgD1x6nqjnamH5Xd3tYo2V7sv4LX1KLLz8iHJpvn9qSl,"TROPICAL CYCLONE BULLETIN NR. 1
Tropical Storm #CaloyPH (HAGUPIT)
Issued at 11:00 PM, 09 May 2026
Valid for broadcast until the next bulletin at 5:00 AM tomorrow.

TROPICAL STORM CALOY MAINTAINS ITS STRENGTH WHILE MOVING OVER THE PHILIPPINE SEA.

• Location of Center (10:00 PM)
The center of Tropical Storm CALOY was estimated based on all available data at 870 km East of Northeastern Mindanao (9.3°N, 134.2°E).
• Intensity
Maximum sustained winds of 65 km/h near the center, gustiness of up to 80 km/h, and central pressure of 1002 hPa
• Present Movement
West northwestward at 20 km/h
• Extent of Tropical Cyclone Winds
Strong to gale-force winds extend outwards up to 320 km from the center

TROPICAL CYCLONE WIND SIGNALS (TCWS) IN EFFECT
No Wind Signal is currently hoisted

OTHER HAZARDS AFFECTING LAND AREAS
CALOY is unlikely to directly affect the country throughout the forecast period.
HAZARDS AFFECTING COASTAL WATERS

24-Hour Sea Condition Outlook

Up to moderate seas over the following coastal waters:
• Up to 2.5 m: The eastern seaboards of Northern Samar, Eastern Samar, and Siargao-Bucas Grande Islands; the seaboards of Batanes; the western seaboard of Babuyan Islands; the northwestern seaboard of Ilocos Norte.
• Up to 2.0 m: The remaining seaboards of Ilocos Norte and Babuyan Islands; the eastern seaboards of Cagayan, Isabela, Camarines Norte, Catanduanes, Albay, Sorsogon, Dinagat Islands, Surigao del Sur, and Davao Oriental; the northern seaboards of Camarines Sur, Catanduanes, and Northern Samar.
• Mariners of montorbancas and similarly vessels are advised to take precautionary measures while venturing out to sea and, if possible, avoid navigation under these conditions.

TRACK AND INTENSITY OUTLOOK
• Tropical Storm CALOY will continue moving west northwestward throughout the forecast period and will remain over the Philippine Sea, far from the Philippine landmass. 
• In the next 12 hours, CALOY may maintain its strength. Weakening trend will likely begin tomorrow (10 May) evening. It is forecast to weaken into a tropical depression by tomorrow evening and further weakening into a remnant low on Monday (11 May).

Considering these developments, the public and disaster risk reduction and management offices concerned are advised to take all necessary measures to protect life and property. Persons living in areas identified to be highly or very highly susceptible to these hazards are advised to follow evacuation and other instructions from local officials. For heavy rainfall warnings, thunderstorm/rainfall advisories, and other severe weather information specific to your area, please monitor products issued by your local PAGASA Regional Services Division.

The next tropical cyclone bulletin will be issued at 5:00 AM tomorrow.

DOST-PAGASA

Link: https://tinyurl.com/CaloyPH",1075,12,323,Not Relevant,4,Photo; Photo; Photo,https://www.facebook.com/PAGASA.DOST.GOV.PH/posts/pfbid03GiK3UGPGqXvrMaCWaoz1QgD1x6nqjnamH5Xd3tYo2V7sv4LX1KLLz8iHJpvn9qSl; https://scontent-bos5-1.xx.fbcdn.net/v/t39.30808-6/695762617_1437174031787579_6327895026533563488_n.jpg?stp=dst-jpg_p480x480_tt6&_nc_cat=101&ccb=1-7&_nc_sid=127cfc&_nc_ohc=PrtY95VxOJgQ7kNvwFI3oQO&_nc_oc=Adr6i5qoQx34qECBS-dRFq3lNtxXnq09DOuATmFjkXiww9WPsJZG0br2anzbktJtHfg&_nc_zt=23&_nc_ht=scontent-bos5-1.xx&_nc_gid=G6VQAzRSlwvDdl0sunzZ7g&_nc_ss=72289&oh=00_Af5INjOkAh5-Wfk-j9Lu0nZtJQj_rwJh329rMDXPPuatxA&oe=6A12129D; https://scontent-bos5-1.xx.fbcdn.net/v/t39.30808-6/694443271_1437174068454242_4821897656731441262_n.jpg?stp=dst-jpg_s590x590_tt6&_nc_cat=103&ccb=1-7&_nc_sid=127cfc&_nc_ohc=qO7qGCQwid0Q7kNvwHdRWL9&_nc_oc=Adq36L2uFCWUjL5WSgpTQLOVAoGHKDB5sbyY16h-O-gGt4e_zP3-jGmEBqDGL2aJzt8&_nc_zt=23&_nc_ht=scontent-bos5-1.xx&_nc_gid=G6VQAzRSlwvDdl0sunzZ7g&_nc_ss=72289&oh=00_Af6CX3Lc3x0JTttYZNB_lQYHl3Wo2SBkTGJ8bh6z3guotg&oe=6A1214CA; https://scontent-bos5-1.xx.fbcdn.net/v/t39.30808-6/695006302_1437174011787581_3616591018880586444_n.jpg?stp=dst-jpg_s590x590_tt6&_nc_cat=101&ccb=1-7&_nc_sid=127cfc&_nc_ohc=eFDVUxtMKAUQ7kNvwHsH074&_nc_oc=AdrjYSr4hBbBpaVUIPqLTfQ1i_TZoqsgjAgEqPtf1aQWPn-XsXkezQ17hxDU3lI41_U&_nc_zt=23&_nc_ht=scontent-bos5-1.xx&_nc_gid=G6VQAzRSlwvDdl0sunzZ7g&_nc_ss=72289&oh=00_Af5gbfGn9q8dujJyVZCNfGbxbJFWCg_MXwg8CTMzEh-Dwg&oe=6A122168
https://www.facebook.com/PAGASA.DOST.GOV.PH/posts/pfbid064EaDDX4LHUDnN4KXbKugWgxiPJMku7k618mzCkfZ8wB66LvVF8bBZJ13Nqy2Xy2l,"As of 8:00 PM today, 09 May 2026, Tropical Storm ""HAGUPIT"" (formerly LPA 05b) is being monitored inside the Philippine Area of Responsibility (PAR).

Meanwhile, a Low Pressure Area (LPA 05c) is being monitored inside the monitoring domain of PAGASA (TCID) and is ""UNLIKELY"" to develop into a tropical depression within the next 24 hours.

All are advised to monitor updates from DOST-PAGASA.",1212,46,314,Not Relevant,1,Photo,https://www.facebook.com/photo/?fbid=1437115241793458&set=a.365711365600523
https://www.facebook.com/PhilippineSTAR/posts/pfbid0Mi6fTzdXsW9fHJqvNrLhpu98hec4CaV4WVemvGnXJRRsQwy5kdD8joCgYn1CWx48l,"Daily prayer (via plough)

And by him we cry, “Abba, Father.” The Spirit himself testifies with our spirit that we are God’s children. Now if we are children, then we are heirs – heirs of God and co-heirs with Christ, if indeed we share in his sufferings in order that we may also share in his glory. Romans 8:15b–17, NIV

Lord our God, Father of us all, grant that we may know something of you in our hearts. Each one of us is different, with his own particular needs, but we are all your children and should all become children of your Spirit. Then even in the difficulties of life, in the many struggles, temptations, and sorrows, we can keep up our courage and remain in the Spirit, who is victorious in every aspect of life. Protect and strengthen us on all our ways. We praise you for all you have done and for all the help you have given us. Amen.",4388,321,206,Not Relevant,1,Photo,https://www.facebook.com/photo/?fbid=1488971163266758&set=a.602294451934438
https://www.facebook.com/PhilippineSTAR/posts/pfbid02ZMtYnt2mBtZmMFxSxMgcY7PaExyZGznbesd7S1PJq7yCcjDcszdwWTRdUetGHXb5l,"The Philippine peso tumbled to a fresh all-time low on Monday, May 18, 2026, closing at 61.75 against the US dollar.",97,28,12,Not Relevant,1,GenericAttachmentMedia,https://external-hou1-1.xx.fbcdn.net/emg1/v/t13/14829947149740001306?url=https%3A%2F%2Fmedia.philstar.com%2Fphotos%2F2022%2F01%2F26%2Fbop_2022-01-26_18-35-38.jpg&fb_obo=1&utld=philstar.com&stp=c0.5000x0.5000f_dst-jpg_flffffff_p500x261_q75_tt6&_nc_gid=RXUjjpCNLYCscLx7GF7kFA&_nc_oc=Adp0bQhamjgw6Fejm57obfg3NDvwEc6uwFwZ9g0v56sPrCK2adpNWuKqtm36Guw5igs&ccb=13-1&oh=06_Q3-_ARU48-YHf1uKD2LgjSBsPQvZzqjCWwYKq4eiVzbObBKh&oe=6A0E4585&_nc_sid=c97757
https://www.facebook.com/PhilippineSTAR/posts/pfbid02e22RNg7LkaB7iaaQexQjKrPWMs5jxZqtBtCXYovCxXgGuyi8Sdqn4D1e7NK4Qxfl,"Ayon kay Palace Press Officer Usec. Claire Castro, si Senate President Alan Peter Cayetano lamang ang nagsasabing naging ""under attack"" ang Senado.

“The Senate was not under attack. You can see that from the news. Not only from the statements of the NBI and PNP. It was only the statement made by Senator Alan Cayetano,” saad niya sa press briefing nitong Lunes.

PANOORIN:",244,89,7,Not Relevant,1,GenericAttachmentMedia,https://external-hou1-1.xx.fbcdn.net/emg1/v/t13/10531294187044093075?url=https%3A%2F%2Fi.ytimg.com%2Fvi%2FuBM577_LFe4%2Fmaxresdefault.jpg&fb_obo=1&utld=ytimg.com&stp=c0.5000x0.5000f_dst-jpg_flffffff_p500x261_q75_tt6&_nc_gid=RXUjjpCNLYCscLx7GF7kFA&_nc_oc=AdpVUIfPPLMQUWvX1I2oz4OpWZXi3YBnij-CXDlwvKp-PtM8BIi0d_QH-MnQXtVz4-c&ccb=13-1&oh=06_Q3-_AScljszMQBzs95GWhHnoquKEFLpz-lukU7PGm7ixzUSd&oe=6A0E49DB&_nc_sid=c97757
https://www.facebook.com/reel/757579844012216/,"At 6:00 PM today, Tropical Storm {HAGUPIT} has entered the PAR and was assigned the domestic name CALOY. Tropical Cyclone Bulletin will be issued starting at 11:00 PM today.

All are advised to monitor updates from DOST-PAGASA.

#CaloyPH",5718,159,1286,Not Relevant,1,Video,https://scontent-lga3-2.xx.fbcdn.net/v/t15.5256-10/692894250_1466768471185682_8799817586429918553_n.jpg?stp=dst-jpg_p526x296_tt6&_nc_cat=107&ccb=1-7&_nc_sid=5fad0e&_nc_ohc=05R08ADJBaQQ7kNvwEL6OD7&_nc_oc=Adq7gbeYuZ9-c73JvtzJGgDgysoSD1yybkMTBy5IxOF4YGda7XFhwszdUIef88Va2OY&_nc_zt=23&_nc_ht=scontent-lga3-2.xx&_nc_gid=diR2-86mszQ70wau6xmllw&_nc_ss=72289&oh=00_Af4cgH4bkGqiGmut2Zkl1TVEPHNfPcQG3-n646y67MxbHg&oe=6A1209E8
https://www.facebook.com/PAGASA.DOST.GOV.PH/posts/pfbid025nBQuSK8GjK41w6qLrbp3E4EQRX1LSHHGiBHwnaAZ4kpEhG2Qo6PpATuqL4uV1dHl,"Heat Index
Highest Computed 5-day Heat Index with 2-day Forecast as of 9 May 2026, 5:00PM 

For daily heat index information: 
https://www.pagasa.dost.gov.ph/weather/heat-index 

Information from the DOH Philippines about heat-related illnesses during extremely hot weather:
https://bit.ly/DOHPhPublicHealthAdvisory 

Don't forget to take necessary precautions and stay cool and hydrated everyone! ☀️🌡️ 
#HeatIndex #AngInit",160,2,79,Not Relevant,4,Photo; Photo; Photo,https://www.facebook.com/PAGASA.DOST.GOV.PH/posts/pfbid025nBQuSK8GjK41w6qLrbp3E4EQRX1LSHHGiBHwnaAZ4kpEhG2Qo6PpATuqL4uV1dHl; https://scontent-lga3-1.xx.fbcdn.net/v/t39.30808-6/696270039_1436943265143989_3448309726331424053_n.jpg?stp=dst-jpg_s590x590_tt6&_nc_cat=111&ccb=1-7&_nc_sid=127cfc&_nc_ohc=zK9SsZza4dwQ7kNvwEkj_2C&_nc_oc=AdrYIqHCAOLEBMTwygUG-LqjPro49e_LIwNNf7c9jatMmNUNGboWw6h2gi6H88jrHe4&_nc_zt=23&_nc_ht=scontent-lga3-1.xx&_nc_gid=diR2-86mszQ70wau6xmllw&_nc_ss=72289&oh=00_Af4fXE8pX1rQtZGDcWjK1FUvaSGkLjya8zVOSHPZ9JLjZw&oe=6A123B26; https://scontent-lga3-3.xx.fbcdn.net/v/t39.30808-6/693638732_1436943281810654_2132349082650537082_n.jpg?stp=dst-jpg_s590x590_tt6&_nc_cat=104&ccb=1-7&_nc_sid=127cfc&_nc_ohc=l5nu_S0LZH8Q7kNvwGthIf8&_nc_oc=AdrdZEEOrt_5iCF1tyEQ9zQ0FPQGzefWoGA55B-9sb5N4_DP6vr90TB6MYjoRSRdzQ0&_nc_zt=23&_nc_ht=scontent-lga3-3.xx&_nc_gid=diR2-86mszQ70wau6xmllw&_nc_ss=72289&oh=00_Af5Wb7_W3UfdxiDJCtLTIkxVnSvwQaZ1DkJ2A5BIjODcOw&oe=6A1235EA; https://scontent-lga3-3.xx.fbcdn.net/v/t39.30808-6/693795296_1436943248477324_7891819548361463661_n.jpg?stp=dst-jpg_p552x414_tt6&_nc_cat=104&ccb=1-7&_nc_sid=127cfc&_nc_ohc=UWH8lfMxRdMQ7kNvwGWYX14&_nc_oc=Adocf6wGJMTF_61RS-KSBKppGZnnckFowbdplThhFR6gy-9ys1vqbkF7BEx4mHoGoOA&_nc_zt=23&_nc_ht=scontent-lga3-3.xx&_nc_gid=diR2-86mszQ70wau6xmllw&_nc_ss=72289&oh=00_Af7sfr0aM4jyef6rLzF8YbrRLvr_2FPIP37ya59KMXRz6w&oe=6A122801
https://www.facebook.com/PAGASA.DOST.GOV.PH/posts/pfbid02fNbc5zu9UUE7qMJEBznBNVQKNKLeKub3iFJpgajBzoSPvrbWv41bvRciAde8BFQNl,"General Flood Advisory
Issued @6PM, 09 May 2026

Region 11 (Davao Region) GFA#2 Final
BARMM GFA#3",61,1,10,Severe,3,Photo; Photo,https://www.facebook.com/PAGASA.DOST.GOV.PH/posts/pfbid02fNbc5zu9UUE7qMJEBznBNVQKNKLeKub3iFJpgajBzoSPvrbWv41bvRciAde8BFQNl; https://scontent-lga3-3.xx.fbcdn.net/v/t39.30808-6/689804744_1436938528477796_826275767914101182_n.jpg?stp=dst-jpg_s590x590_tt6&_nc_cat=108&ccb=1-7&_nc_sid=127cfc&_nc_ohc=mHlMZpohyzkQ7kNvwFp-wOI&_nc_oc=Adr8YitqRLizNcs5yjznYtyZPfYuEbhDkudAUJ8Q75dRoO5ddCRZDANTrjV67oh58HA&_nc_zt=23&_nc_ht=scontent-lga3-3.xx&_nc_gid=diR2-86mszQ70wau6xmllw&_nc_ss=72289&oh=00_Af7WzhyfDD5_TfP-ZZQJ3p6NCua5MJ5HYUKXuED3l1QneA&oe=6A1218C2; https://scontent-lga3-2.xx.fbcdn.net/v/t39.30808-6/689922170_1436938525144463_3247873694594955165_n.jpg?stp=dst-jpg_s590x590_tt6&_nc_cat=105&ccb=1-7&_nc_sid=127cfc&_nc_ohc=FsOmK1ICMQ4Q7kNvwFvZN9T&_nc_oc=AdphossTAJLzMSeookDOncYXcQC_OavxAyBhbXrcYTNdupSVKxBBCJG93Yg0CN5Q3T4&_nc_zt=23&_nc_ht=scontent-lga3-2.xx&_nc_gid=diR2-86mszQ70wau6xmllw&_nc_ss=72289&oh=00_Af7SicnfpezjPjxjwKjgf17r2FwB2sE2MfCMzKFTZvsmAQ&oe=6A122457
https://www.facebook.com/reel/1537938897740015/,"PUGANTE NA SI SEN. BATO?

#News5Bisaya | Usa ka kuno ka pugante si Sen. Bato dela Rosa ug kinahanglan nang dakpon sumala sa Office of the Solicitor General (OSG). | via Liway Abas

---

Orihinal nga caption sa Bisaya",78,39,0,Not Relevant,1,Video,https://www.facebook.com/reel/1537938897740015/
https://www.facebook.com/reel/959322770053323/,"#FrontlinePilipinas | Kasabay ng kanyang birthday vlog, isiniwalat ng aktres na si Kaye Abad ang pagkakaroon ng breast cancer.",1551,22,28,Not Relevant,1,Video,https://www.facebook.com/reel/959322770053323/
https://www.facebook.com/News5Everywhere/posts/pfbid036rY9ahjB6gaLUZFt8Z13PSYmjbdk5ftWxRskjdJps687dWXBWza6NanMc8XwuQ4Yl,"NAKAPAGPIYANSA

Pansamantalang nakalaya si Mel Oragon, ang sinasabing National Bureau of Investigation (NBI) driver-volunteer na inaresto dahil sa putukan sa Senado, matapos makapagpiyansa ngayong Lunes, May 18, ayon sa National Capital Region Police Office (NCRPO).

Nasa P116,000 ang halaga ng inilagak na piyansa — P80,000 para sa kasong paglabag sa Comprehensive Firearms and Ammunition Regulation Act at P36,000 para sa direct assault. | via The Philippine Star/EJ Macababbad",1140,250,27,Not Relevant,1,Photo,https://www.facebook.com/photo/?fbid=1509493941209134&set=a.647063400785530
https://www.facebook.com/inquirerdotnet/posts/pfbid026kyAXb8qBcJRQmjsyxwYmEbB5jEcktdGr25Qf1jUjNx2JcdodLDYp79r8CqYXRwol,"NEXT STOP: ANGOLA 🇦🇴

Philippine passport holders may visit Angola for up to 30 days without a visa, the Department of Tourism (DOT) said.

Check the full story in our comments.",1471,76,163,Not Relevant,1,Photo,https://www.facebook.com/photo/?fbid=1426356646341953&set=a.295125726131723
https://www.facebook.com/inquirerdotnet/posts/pfbid0BvRZeXX2CvmEJQduaWyd7Q2nZNCTNfq9sbB8XXP5BQTv7Cprbue4NzVeZCT3FFFSl,Awra Briguela slams teacher for ‘degrading’ remark; university takes action,59,41,2,Not Relevant,1,GenericAttachmentMedia,https://external-iad3-1.xx.fbcdn.net/emg1/v/t13/16783052237596906488?url=https%3A%2F%2Fentertainment.inquirer.net%2Ffiles%2F2026%2F05%2FE639ABDD-9AAE-4D68-9C5C-7A2517B7FEA0.jpeg&fb_obo=1&utld=inquirer.net&stp=c0.5000x0.5000f_dst-jpg_flffffff_p500x261_q75_tt6&_nc_gid=1h5yMq2x7lhikzzREqPbOg&_nc_oc=Adq7roqtFilbpou5ZrnlDTHglpHAZjUx7ZvGcYasHooc3zOevVs-UMgT6NsHW48J36M&ccb=13-1&oh=06_Q3-_ARYQSuJuGMrGOGRx2WISICnqHhwxfh49CmKuX33or9fr&oe=6A0E1535&_nc_sid=c97757
https://www.facebook.com/inquirerdotnet/posts/pfbid02x3sVb2b23MfGfnxAxYmntNVFPpvHkTynrXCKa81QQ2FmoodN7tgEfekujdZZypk4l,"PCSO Turns Over Rescue, Health Equipment to Puerto Galera under CSR Program

As part of the Philippine Charity Sweepstakes Office’s Corporate Social Responsibility (CSR) Program, PCSO General Manager Melquiades Robles turned over various rescue and health-related equipment to the local government unit of Puerto Galera on May 13, 2026, at the PCSO Main Office in Mandaluyong City.

The items were received by Puerto Galera Vice Mayor Rocky Ilagan during the turnover ceremony.

Among the equipment turned over were 20 trauma bags, 20 oxygen tanks, 20 handheld radios, 20 rescue helmets with headlamps, 20 rescue ropes, 25 stretchers, 20 life jackets, and 10 weighing scales.

Vice Mayor Ilagan expressed his appreciation to PCSO, noting that the rescue and health-related equipment will greatly benefit not only the residents of Puerto Galera but also the tourists visiting the municipality.

Through this initiative, PCSO continues to deliver compassionate service and implement programs that promote the safety, health, and welfare of more Filipinos.    

“PCSO, Hindi Umuurong sa Pagtulong!’’

In Partnership with Philippine Charity Sweepstakes Office 

#BrandRoom",890,6,11,Not Relevant,3,Photo; Photo,https://www.facebook.com/inquirerdotnet/posts/pfbid02x3sVb2b23MfGfnxAxYmntNVFPpvHkTynrXCKa81QQ2FmoodN7tgEfekujdZZypk4l; https://scontent-iad3-1.xx.fbcdn.net/v/t39.30808-6/701184026_1426351506342467_3148159662258238496_n.jpg?stp=cp6_dst-jpg_s590x590_tt6&_nc_cat=1&ccb=1-7&_nc_sid=127cfc&_nc_ohc=0aBAnbWSTHEQ7kNvwG-HoBr&_nc_oc=AdoP0N7gZdlgOX7SWjklSsw9jwAKZBEAnOcj7ImflmnKvk4MRW_9bCoaQry1nLilNsI&_nc_zt=23&_nc_ht=scontent-iad3-1.xx&_nc_gid=1h5yMq2x7lhikzzREqPbOg&_nc_ss=72289&oh=00_Af7tqJxy8ui0U-WWOmPCT_6K1dymsOreBxnFwEwCMNJ_Xw&oe=6A123241; https://scontent-iad6-1.xx.fbcdn.net/v/t39.30808-6/701559581_1426351539675797_9003161262060946949_n.jpg?stp=cp6_dst-jpg_s590x590_tt6&_nc_cat=102&ccb=1-7&_nc_sid=127cfc&_nc_ohc=S-wUWOk1v-gQ7kNvwH7UI0m&_nc_oc=AdqLndbb-y8mmj5RH9CaO2CR4YNNzhDTxVjBnusWdv4eK0K11RtGni3zl5uH7c4QZwM&_nc_zt=23&_nc_ht=scontent-iad6-1.xx&_nc_gid=1h5yMq2x7lhikzzREqPbOg&_nc_ss=72289&oh=00_Af5fM2bUKUSf5O-T54zHsvnPOkiq_tdgGYp9sAnA5FbF7A&oe=6A121032
https://www.facebook.com/inquirerdotnet/posts/pfbid0YRBBUZoqWJa8VTpP5GxaDu2FFTosKTSWNFjvJbC35VERnSDyZjFZv5vDvjGXTpMol,"The pilot episode of the youth debate show “YSpeak 2.0” opened with a hotly contested topic (via Scoutmagph) 

Read more: https://lifestyle.inquirer.net/571291/should-influencers-be-held-to-the-same-standards-as-journalists/",26,2,5,Not Relevant,0,,
https://www.facebook.com/inquirerdotnet/posts/pfbid035fjcR2FAEAGvmFrePFFoKtFp2q4wiCGEcYAWdhu4mxxMJKttsiokqofz6vPxjheyl,"PCSO Provides Healthcare Devices, Mobility Aids to Vulnerable Sectors in  

The Philippine Charity Sweepstakes Office (PCSO) turned over healthcare devices, mobility aids, and hygiene kits to the local government unit of Victoria, Oriental Mindoro, as part of its continuing Corporate Social Responsibility (CSR) Program.

PCSO General Manager Melquiades Robles led the turnover ceremony held on May 13, 2026, at the PCSO Main Office in Mandaluyong City. The donation was received by Victoria Mayor Richard Inciong on behalf of the municipality.

The assistance is intended to support senior citizens, persons with disabilities, and other vulnerable residents of Victoria who need basic healthcare and mobility support.

The items turned over included 150 hygiene kits, 20 blood pressure apparatus, 20 nebulizers, 20 glucometers, 20 thermal scanners, 20 pulse oximeters, 20 weighing scales, five walkers, four wheelchairs, and three canes.

Mayor Inciong expressed his appreciation to PCSO, noting that the donated items would help the municipal government provide better assistance to residents in need, particularly those requiring regular health monitoring and mobility support.

Through its CSR Program, PCSO continues to extend assistance to communities across the country by providing programs and services that promote the health, safety, and well-being of more Filipinos.

‘’PCSO, Hindi Umuurong sa Pagtulong!’’

In Partnership with Philippine Charity Sweepstakes Office

#BrandRoom",22,0,1,Not Relevant,1,Photo,https://www.facebook.com/photo/?fbid=1426347403009544&set=a.295125726131723
https://www.facebook.com/inquirerdotnet/posts/pfbid02F5MGNmoMnp27RsNHH2LTD9xJw11MHxs3z6xbV6jTTuTE4sDomtRtjr49miCcGZtxl,"Visayas thunderstorms to persist; Iloilo, Negros heat index at 36°C",5,0,1,Not Relevant,1,GenericAttachmentMedia,https://external-iad6-1.xx.fbcdn.net/emg1/v/t13/9641495330365174446?url=https%3A%2F%2Fnewsinfo.inquirer.net%2Ffiles%2F2026%2F05%2FIMG_6767-1-1-scaled.jpeg&fb_obo=1&utld=inquirer.net&stp=c0.5000x0.5000f_dst-jpg_flffffff_p500x261_q75_tt6&_nc_gid=ZQiO7SdXIpJTMN63qZ2Ntg&_nc_oc=AdrRQnbqma6T-d-6Cn-SMTogXG6RBxj77vsUtlnhGRbX3QeuLbQkQxJicaYjhTrIP2M&ccb=13-1&oh=06_Q3-_AZ2OgKScvWNbX5k82rh65lBtADvmen62fi_QseVyZzMv&oe=6A0E448A&_nc_sid=c97757
https://www.facebook.com/PAGASA.DOST.GOV.PH/videos/996660816051264/,"Public Weather Forecast issued at 5:00 PM | May 09, 2026 - Saturday

DOST-PAGASA Weather Specialist: Daniel James E. Villamil

#weatherreport  #dostpagasa",1455,165,180,Not Relevant,1,Video,https://www.facebook.com/PAGASA.DOST.GOV.PH/videos/996660816051264/
https://www.facebook.com/PAGASA.DOST.GOV.PH/posts/pfbid09Lv4b5HZGQhFseihKqe4pTJQvGaC1N3FhbasewTYUBZybYJiTA7SUMcq9b3a5foYl,"24-HOUR PUBLIC WEATHER FORECAST
Issued at 4:00 PM, 09 May 2026

SYNOPSIS: Easterlies affecting the country.

TROPICAL CYCLONE OUTSIDE PAR AS OF 3:00 PM TODAY TROPICAL STORM HAGUPIT (2605) LOCATION: 1,035 KM EAST OF NORTHEASTERN MINDANAO (9.4°N, 135.7°E) MAXIMUM SUSTAINED WINDS: 65 KM/H NEAR THE CENTER GUSTINESS: UP TO 80 KM/H MOVEMENT: NORTH NORTHWESTWARD AT 10 KM/H

Forecast Weather Conditions

Area: Metro Manila and the rest of the country
Weather Condition: Partly cloudy to cloudy skies with isolated rainshowers or thunderstorms
Caused By: Easterlies
Impacts: Possible flash floods or landslides during severe thunderstorms

Forecast Wind and Coastal Water Conditions

Area: Extreme Northern Luzon
Wind Speed: Moderate to Strong
Wind Direction: East to Northeast
Coastal Waters: Moderate to Rough / (1.2 to 2.8 meters)

Area: The eastern section of Luzon and Visayas
Wind Speed: Moderate
Wind Direction: East to Northeast
Coastal Waters: Moderate / (1.2 to 2.1 meters)

Area: The rest of the country
Wind Speed: Slight to Moderate
Wind Direction: Northeast to North
Coastal Waters: Slight to Moderate / (0.6 to 1.8 meters)

Extremes of Temperature and Relative Humidity for The 24-hour Period Ending 4:00 PM TODAY

Minimum Temperature: 26.4 °C ... 6:00 AM
Maximum Temperature: 35.6 °C... 2:00 PM

Minumum Relative Humidity: 42 % ... 11:00 AM
Maximum Relative Humidity: 74 % ... 5:00 AM

TIDES AND ASTRONOMICAL INFORMATION Over Metro Manila

sunrise tomorrow: 5:30AM
sunset today: 6:15PM
moonrise tomorrow: 12:24AM
moonset tomorrow: 12:10PM
illumination tomorrow: 44%

For other information about weather, please log on to pagasa.dost.gov.ph or bagong.pagasa.dost.gov.ph or call at (02)927-1335/(02)926-4258",197,2,64,Severe,1,Photo,https://www.facebook.com/photo/?fbid=1436919781813004&set=a.365711365600523
https://www.facebook.com/PAGASA.DOST.GOV.PH/posts/pfbid07zPnMMdbmf1xo6dZmu8ZZysNEjNQs4ftyrREyUJkdkCGyrsgpHWtCTCamMVVbfdql,"As of 2:00 PM today, 09 May 2026, Tropical Storm ""HAGUPIT"" (formerly LPA 05b) is still being monitored outside the Philippine Area of Responsibility (PAR).

All are advised to monitor updates from DOST-PAGASA.",1345,30,207,Not Relevant,1,Photo,https://www.facebook.com/photo/?fbid=1436889288482720&set=a.365711365600523
https://www.facebook.com/reel/950164194317856/,"Acting Sgt-at-Arms Mao Aplasca, hindi humingi ng clearance noong mag-warning shot siya sa mga taga-NBI noong Miyerkules ng gabi, ayon kay Senate President Alan Peter Cayetano | via Nimfa Ravelo, DZBB",14,1,0,Not Relevant,1,Video,https://www.facebook.com/reel/950164194317856/
https://www.facebook.com/dzbb594/posts/pfbid027z89e863NnAtuN7LB6Ny589PN7oJMH6S5FVMCoYqyueBrDFPCP9oGgkMpwrXEqyl,"BASAHIN: Formal Entry of Apprearance ng House Prosecutors na isinumite sa Senate impeachment court, kaugnay ng impeachment trial laban kay Vice Pres. Sara Duterte. 
 

📷: House Committee on Justice",25,1,1,Not Relevant,4,Photo; Photo; Photo,https://www.facebook.com/dzbb594/posts/pfbid027z89e863NnAtuN7LB6Ny589PN7oJMH6S5FVMCoYqyueBrDFPCP9oGgkMpwrXEqyl; https://scontent-ord5-1.xx.fbcdn.net/v/t39.30808-6/702848344_1476766377830215_9093636564179886488_n.jpg?stp=dst-jpg_p417x417_tt6&_nc_cat=106&ccb=1-7&_nc_sid=127cfc&_nc_ohc=mgyKNGGNHEQQ7kNvwH5giuT&_nc_oc=AdrxLftmVts5sRj2hZSq_5dwRrJRDFDA8Qbs02RfbNCX0CPReRcDf5YxxOqDoxv4p4w&_nc_zt=23&_nc_ht=scontent-ord5-1.xx&_nc_gid=8OlPVqsag27QOTm0xUtg5Q&_nc_ss=72289&oh=00_Af7bdKmlrBsmkT2D9SiPCKWAXNJhcRGIes56ix8rhqtQcQ&oe=6A12361C; https://scontent-ord5-2.xx.fbcdn.net/v/t39.30808-6/702857683_1476766384496881_8932106121032048000_n.jpg?stp=dst-jpg_s590x590_tt6&_nc_cat=104&ccb=1-7&_nc_sid=127cfc&_nc_ohc=ivia43Kiu9kQ7kNvwGXPHXX&_nc_oc=AdrLpfJ6WgL4Oa_1BKmXtPsw7Viqrs5MpN8KlMOWbmt5_vUOIRxD7vfdR3HUJCxJezY&_nc_zt=23&_nc_ht=scontent-ord5-2.xx&_nc_gid=8OlPVqsag27QOTm0xUtg5Q&_nc_ss=72289&oh=00_Af7j0d8G3etW7ZeUsxUUlVUgyDw9dYTbSh994gKFWz4i5Q&oe=6A123EFB; https://scontent-ord5-1.xx.fbcdn.net/v/t39.30808-6/702501947_1476766444496875_578584218659884189_n.jpg?stp=dst-jpg_s590x590_tt6&_nc_cat=106&ccb=1-7&_nc_sid=127cfc&_nc_ohc=J0Yzbdvb5sUQ7kNvwGhPwq8&_nc_oc=AdrcFJfZGj3_vM1_BLapAJhRRcnq-ceh_C4trPihyD2ojZzgJ-af_ClUGOCYe4ziQco&_nc_zt=23&_nc_ht=scontent-ord5-1.xx&_nc_gid=8OlPVqsag27QOTm0xUtg5Q&_nc_ss=72289&oh=00_Af5nrimXOoGwJhHNTtgyZXxF4lonzYHtcOL_ajjIZ9aNfA&oe=6A121C98
https://www.facebook.com/reel/1284767720391611/,"𝐈𝐦𝐛𝐞𝐬𝐭𝐢𝐠𝐚𝐬𝐲𝐨𝐧 𝐬𝐚 𝐭𝐞𝐧𝐬𝐲𝐨𝐧 𝐬𝐚 𝐒𝐞𝐧𝐚𝐝𝐨

Sinabi pa ni NBI Director Atty. Melvin Matibag na sa ngayon ay pira-pirasong detalye pa lamang ang naririnig kaugnay sa pamamaril sa Senado, kaya dapat hayaan ang DOJ at Office of the Ombudsman na mag-imbestiga rito

🎥 Pamela Adriano, DZBB",60,15,2,Not Relevant,1,Video,https://www.facebook.com/reel/1284767720391611/
https://www.facebook.com/reel/2178426492916761/,"'GOOD LUCK TO SEN. ALAN PETER CAYETANO'

Sumagot si National Bureau of Investigation (NBI) director Melvin Matibag sa pahayag ni Senate President Alan Peter Cayetano na hindi raw nagtagumpay ang NBI na tibagin ang Senado. | via Dave Abuel",1699,466,30,Not Relevant,1,Video,https://www.facebook.com/reel/2178426492916761/
https://www.facebook.com/News5Everywhere/posts/pfbid0wJqtEQ7yhGjp2xJZL4ZsN5m6mEBDso5j87VMoqZv5eqstg7F414SPT3eRVLuyekFl,"EALA SA STRASBOURG OPEN 🎾

Nagsimula na ang opening round match ni Filipina tennis star Alex Eala laban sa Ukrainian player na si Oleksandra Oliynykova sa 2026 WTA Strasbourg Open. I via One Sports

#WTA #AlexEala #IS26 #StrasbourgOpen

📸: Premier Sports 2 via One Sports (Screengrab)",115,2,2,Not Relevant,5,Photo; Photo; Photo; Photo,https://www.facebook.com/News5Everywhere/posts/pfbid0wJqtEQ7yhGjp2xJZL4ZsN5m6mEBDso5j87VMoqZv5eqstg7F414SPT3eRVLuyekFl; https://scontent-det1-1.xx.fbcdn.net/v/t39.30808-6/702280372_1509492234542638_2801050885525848051_n.jpg?stp=dst-jpg_s590x590_tt6&_nc_cat=111&ccb=1-7&_nc_sid=127cfc&_nc_ohc=NRaTL0gGUzwQ7kNvwFnTUV3&_nc_oc=AdokWY6SKfOlMt0eF3dESvPQa2Jo6OMqlXtmiFTqK5lraVz037Z9SrUp5VMEI2J-QKw&_nc_zt=23&_nc_ht=scontent-det1-1.xx&_nc_gid=-h2ix_4BBAxnOQHYw37E4g&_nc_ss=72289&oh=00_Af70LvtJwPKnhDB1T_0t_OEAEA7XMiOmVzhPUVRANdrc2A&oe=6A12106B; https://scontent-det1-1.xx.fbcdn.net/v/t39.30808-6/700763283_1509492201209308_7597938773023171091_n.jpg?stp=dst-jpg_s590x590_tt6&_nc_cat=107&ccb=1-7&_nc_sid=127cfc&_nc_ohc=ntGkEH5KC_cQ7kNvwGLnzQX&_nc_oc=AdoXeuCgL6OJcOLWw12wbxZ1sPa1xPNjgs_H__LjuQ5jgSxJZa8nQbSEfy6XfbZDmUg&_nc_zt=23&_nc_ht=scontent-det1-1.xx&_nc_gid=-h2ix_4BBAxnOQHYw37E4g&_nc_ss=72289&oh=00_Af6ljoYnPrE5qS-VIaQxi2LcDjLONXh_rNwCJW7FsxYwfw&oe=6A122C40; https://scontent-det1-1.xx.fbcdn.net/v/t39.30808-6/700889512_1509492204542641_300006546914542668_n.jpg?stp=dst-jpg_s590x590_tt6&_nc_cat=103&ccb=1-7&_nc_sid=127cfc&_nc_ohc=hq8esNHBYwgQ7kNvwFt01Po&_nc_oc=AdrVMzWybD5eTT_Ml6jdJ1bdINubRQ90AK3tEb5KEedt6niRWNBjhzMDu_Cg__KxduU&_nc_zt=23&_nc_ht=scontent-det1-1.xx&_nc_gid=-h2ix_4BBAxnOQHYw37E4g&_nc_ss=72289&oh=00_Af6_cHxbrVyi1ulIsdKWrt8Acg263Oh61Y8zFbU1zDiX8w&oe=6A1214EC; https://scontent-det1-1.xx.fbcdn.net/v/t39.30808-6/698858892_1509492224542639_8994307795962423022_n.jpg?stp=dst-jpg_s590x590_tt6&_nc_cat=107&ccb=1-7&_nc_sid=127cfc&_nc_ohc=CwXO38qUMuYQ7kNvwGQE4BM&_nc_oc=AdoOq_PXGOrI6-Q1-unpyZXubhTEzGeuGCUUSxKG1uMRv-vyTgoLotrjNpUnG8Bz6Vk&_nc_zt=23&_nc_ht=scontent-det1-1.xx&_nc_gid=-h2ix_4BBAxnOQHYw37E4g&_nc_ss=72289&oh=00_Af4gnIpdYgsjMjO2R5jRTmj6n5hhMZQ7M43ZitbKAMQ2_A&oe=6A1238FB
https://www.facebook.com/reel/1413970647165292/,"#FrontlinePilipinas | Mas mapapadalas na ang mga pag-ulan tuwing hapon at gabi dulot ng Intertropical Convergence Zone (ITCZ), localized thunderstorms, at easterlies. | via Alvin Pura",247,1,19,Not Relevant,1,Video,https://www.facebook.com/reel/1413970647165292/
https://www.facebook.com/inquirerdotnet/posts/pfbid033trop7HThitLXsPJvud5js53zCJHNU6ZChSxbS6rFvAmovRj9GMZ8PamMZ5BnL2ql,Beware of fingerprint theft: ‘Think twice before posing with hand signs’,12,1,10,Not Relevant,1,GenericAttachmentMedia,https://external-lga3-3.xx.fbcdn.net/emg1/v/t13/3207351006632494329?url=https%3A%2F%2Fglobalnation.inquirer.net%2Ffiles%2F2026%2F05%2FA-woman-takes-a-selfie-in-front-of-a-mirror-while-making-a-V-sign-with-her-hand.-Getty-Images-Bank.png&fb_obo=1&utld=inquirer.net&stp=c0.5000x0.5000f_dst-jpg_flffffff_p500x261_q75_tt6&_nc_gid=3YxFivUkS8TMEdeUMBJClQ&_nc_oc=Adpe3vgbeALrGqKc-_PLJSKAnE-Zx0bgVqfQCzMUZV82u3wVBmtv_Nr2_ZN2O98-NJg&ccb=13-1&oh=06_Q3-_AWR1RJs4E6D5M3u4WjQNvRxF6rUmzTYtE_vcY7pWubrT&oe=6A0E3123&_nc_sid=c97757
https://www.facebook.com/inquirerdotnet/posts/pfbid02SqNFzS7uTjrs3FjYmYLxQjBRrezKLRz9JFoa8ENvUNkXQBm9nbCxbSFhyhoExxPZl,"Rising prices, impeachment politics risk fueling PH unrest",4,0,0,Not Relevant,1,GenericAttachmentMedia,https://external-lga3-3.xx.fbcdn.net/emg1/v/t13/20888552775828548?url=https%3A%2F%2Fnewsinfo.inquirer.net%2Ffiles%2F2026%2F05%2Foilprice-impeachment-compositeimage-19may2026.jpg&fb_obo=1&utld=inquirer.net&stp=c0.5000x0.5000f_dst-jpg_flffffff_p500x261_q75_tt6&_nc_gid=3YxFivUkS8TMEdeUMBJClQ&_nc_oc=AdrIa-M42f-nlS0oi-w0IrfGktsrNKKcrOEBrRVgRl7SJNUCTkKyMEkKLxEYMnpUJr0&ccb=13-1&oh=06_Q3-_Afu7KdapTybeonbuMp0TdBhWqrNJiTWq9bYqhHVTtgO_&oe=6A0E3070&_nc_sid=c97757
https://www.facebook.com/inquirerdotnet/posts/pfbid0P8sydcihaN1H99R99PPepJuFv3MYfeJ9U28BA4Z5xDnmiJbvJiAv2dZhYvfYWDAVl,Bacolod taxi groups plan protest caravan over fuel subsidy,3,0,0,Not Relevant,1,GenericAttachmentMedia,https://external-lga3-3.xx.fbcdn.net/emg1/v/t13/8688223923405936645?url=https%3A%2F%2Fnewsinfo.inquirer.net%2Ffiles%2F2026%2F04%2Ffuel-oil-price-11April2026_3.jpg&fb_obo=1&utld=inquirer.net&stp=c0.5000x0.5000f_dst-jpg_flffffff_p500x261_q75_tt6&_nc_gid=3YxFivUkS8TMEdeUMBJClQ&_nc_oc=AdogR1hNpweUE10g-_cxTNpJrB1zPyGVy7p5SiuWMlNyTpOWG7_K6O9qXZHtOxlGZjw&ccb=13-1&oh=06_Q3-_AXpfIZ9idaxjYoARTfPwQjGrdxgSytqWWE10Mc05GLVt&oe=6A0E4803&_nc_sid=c97757
https://www.facebook.com/PAGASA.DOST.GOV.PH/posts/pfbid02N6hnEixicTFsGMUGP8JCTJztyDgRMzc5GxufjpUy4d9nVCGhN17XbNYGX6W5CbzWl,"TROPICAL CYCLONE ADVISORY NR. 6
Tropical Storm HAGUPIT
Issued at 11:00 AM, 09 May 2026
Valid for broadcast until the next advisory at 11:00 PM today.

“HAGUPIT” SLIGHTLY WEAKENS AS IT MOVES WESTWARD OVER THE NORTHEAST OF PALAU.

Location of Center (10:00 AM):
The center of Tropical Storm HAGUPIT was estimated based on all available data at 1,065 km East of Northeastern Mindanao (OUTSIDE PAR) (8.8°N, 136.0°E). 

Intensity: 
Maximum sustained winds of 65 km/h near the center, gustiness of up to 80 km/h, and central pressure of 1002 hPa 
Present Movement: 
Westward at 20 km/h 

Extent of Tropical Cyclone Winds:
Strong to gale-force winds extend outwards up to 320 km from the center 

GENERAL OUTLOOK FOR THE FORECAST PERIOD
• HAGUPIT is forecast to move west northwestward during the majority of the forecast period and will remain over the Philippine Sea, far from the Philippine landmass. It will enter the Philippine Area of Responsibility (PAR) today and will be given the local name CALOY. 
• In the next 12 hours, HAGUPIT may maintain its strength as it continues to move over the Philippine Sea until it enters PAR. However, it may begin weakening starting tomorrow (10 May) due to unfavorable environment. HAGUPIT will become a tropical depression tomorrow and will further weaken into a low-pressure area on Monday (11 May).
• HAGUPIT is less likely to directly affect the weather and sea conditions in the next 48 hours.

Considering these developments, the public and disaster risk reduction and management offices concerned are advised to continue monitoring for updates related to this tropical cyclone. 

Unless there is an intermediate issuance, the next tropical cyclone advisory will be issued at 11:00 PM today.
 

DOST-PAGASA",1735,59,467,Not Relevant,4,Photo; Photo; Photo,https://www.facebook.com/PAGASA.DOST.GOV.PH/posts/pfbid02N6hnEixicTFsGMUGP8JCTJztyDgRMzc5GxufjpUy4d9nVCGhN17XbNYGX6W5CbzWl; https://scontent-lga3-3.xx.fbcdn.net/v/t39.30808-6/693372323_1436719738499675_1831968801420318020_n.jpg?stp=dst-jpg_p480x480_tt6&_nc_cat=102&ccb=1-7&_nc_sid=127cfc&_nc_ohc=eVJYgm_PMf4Q7kNvwFCzS4A&_nc_oc=AdrsQeI7TdjrcstyxkUnfCQoAXprdWXueawj8wm14dTmtC0EktJexKkKSyA1AbBSWw0&_nc_zt=23&_nc_ht=scontent-lga3-3.xx&_nc_gid=F4S-hBlJVvNvss9Mwo5zcQ&_nc_ss=72289&oh=00_Af7rm11m-RwHlnGQi91rGm9WjOaamMS-dAyDlaG0Yfupgg&oe=6A120AFE; https://scontent-lga3-1.xx.fbcdn.net/v/t39.30808-6/696291599_1436719758499673_2958550302064197773_n.jpg?stp=dst-jpg_s590x590_tt6&_nc_cat=111&ccb=1-7&_nc_sid=127cfc&_nc_ohc=-Q4bSTL1tvkQ7kNvwGwLQyv&_nc_oc=AdrK1LTvyDk0zfkmJT2qNYOMqPvZPnOkR6lokGx-IktXP_3gpjnjcvRUwwpnXpGZOFI&_nc_zt=23&_nc_ht=scontent-lga3-1.xx&_nc_gid=F4S-hBlJVvNvss9Mwo5zcQ&_nc_ss=72289&oh=00_Af7XIHGKLTjKXYgF4YpB1KsYHIsbxLKP4pfdH_zJhaHR1Q&oe=6A123CB9; https://scontent-lga3-2.xx.fbcdn.net/v/t39.30808-6/693441203_1436719718499677_3364258072647555273_n.jpg?stp=dst-jpg_s590x590_tt6&_nc_cat=107&ccb=1-7&_nc_sid=127cfc&_nc_ohc=FHioYppTR1oQ7kNvwHblTi7&_nc_oc=AdrO8yMi9n0whkKPgdbPmktYbt8sMvRBtjwcDVTzDMZpdizmCNdBe0eFH9BChia2Wkw&_nc_zt=23&_nc_ht=scontent-lga3-2.xx&_nc_gid=F4S-hBlJVvNvss9Mwo5zcQ&_nc_ss=72289&oh=00_Af6nJrg-FSE5nYEw3b9eL6bWZbX2vjuzBK-13erOQzBVyQ&oe=6A121BDE
https://www.facebook.com/PAGASA.DOST.GOV.PH/posts/pfbid02utprGyR54NvDBNGhNLrm1o2eQZhqbLSYxYRf883Nz8omTFpshTQxs4Z3LdQuZNyUl,"As of 8:00 AM today, 09 May 2026, Tropical Storm ""HAGUPIT"" (formerly LPA 05b) is still being monitored outside the Philippine Area of Responsibility (PAR).

All are advised to monitor updates from DOST-PAGASA. See less",574,20,168,Not Relevant,1,Photo,https://www.facebook.com/photo/?fbid=1436678518503797&set=a.365711365600523
https://www.facebook.com/PAGASA.DOST.GOV.PH/posts/pfbid0352w1qxYDCrHjRFotNbkaWvKENLbAcwbKdN8YB5ZoAMEkTbb4WmqdinjmjKX3W98Rl,"Hydrological Forecast for Cagayan River Basin   
Issued at 8:30AM, 09 May 2026",45,0,5,Mild,1,Photo,https://www.facebook.com/photo/?fbid=1436649288506720&set=a.365711365600523
https://www.facebook.com/PhilippineSTAR/posts/pfbid02g7xH4TXg36fGioGfXVD6B8t2sHcaYFHSACFXNhJ8ZPYCNDNHjS3t8sfZLJCq7uNtl,"'EVENTS IN THE LAST FEW MONTHS WAS ALSO INTENTIONAL'

Sinabi ni Senate President Alan Peter Cayetano na ang mga kasalukuyang pangyayari sa Senado ay bahagi ng mas malawak na hakbang para sa constitutional change na posibleng magpahina sa institusyon.

Sa press briefing nitong Lunes, iginiit niyang isa itong hakbang na nagsimula pa noong 2023 upang ipakilala ang ""Regional Senate.""

""'Yung attack on the Senate started naman in 2023, nu'ng gusto nilang i-abolish ang Senate. And I really believe that the events in the last few months was also intentional na ma-weaken ang Senate because bubuhayin 'yung Constitutional change except this time around, regional Senate ang gusto nila,"" aniya.

Dagdag pa niya, bagamat maganda sa konsepto ang pagkakaroon ng regional representation, maaari umano itong magdulot ng pagiging ""rubber stamp"" kung mas dadami ang miyembro ng Senado.",628,244,27,Not Relevant,1,GenericAttachmentMedia,https://external.ftup1-1.fna.fbcdn.net/emg1/v/t13/8406413254130109977?url=https%3A%2F%2Fi.ytimg.com%2Fvi%2FdwfHWCX6Evs%2Fmaxresdefault.jpg&fb_obo=1&utld=ytimg.com&stp=c0.5000x0.5000f_dst-jpg_flffffff_p500x261_q75_tt6&_nc_gid=kks_lR2brLx6U-d9LDTF9w&_nc_oc=AdqfUXGEzFVNGkWUCKjDXN2GvJ-ZBXtkuFFtK3MNeildZxGmgbrYliJ_sryIpGcj06U&ccb=13-1&oh=06_Q3-_AVOteVBb3Vsbhtpl9geBflSftEtLN3GBrkefcyns1bs4&oe=6A0E1C5C&_nc_sid=c97757
https://www.facebook.com/PhilippineSTAR/posts/pfbid0KrdpnZyJMWXr8v9Lpr6NunDs4UWKWaXdGjTnqADmA2GXHUmvdtZ7cv31pmdtjxvbl,"Nilinaw nina Senador Migz Zubiri at JV Ejercito ang kanilang posisyon sa Senado sa pamamagitan ng pagsali sa minority bloc nitong Lunes.

Nag-convene na rin bilang impeachment court ang Senado para sa impeachment trial ni Vice President Sara Duterte.

PANOORIN:",1440,233,2,Not Relevant,1,GenericAttachmentMedia,https://external.ftup1-1.fna.fbcdn.net/emg1/v/t13/14737798357498124422?url=https%3A%2F%2Fi.ytimg.com%2Fvi%2FC7Wn9JRV844%2Fmaxresdefault.jpg&fb_obo=1&utld=ytimg.com&stp=c0.5000x0.5000f_dst-jpg_flffffff_p500x261_q75_tt6&_nc_gid=kks_lR2brLx6U-d9LDTF9w&_nc_oc=AdprTYekOZN4u1czLx-AYCNU01TiK_1LgQpy3eIHEb0jpR7QDx4CNpB8ySroPjUwbiI&ccb=13-1&oh=06_Q3-_ARUsepdKTeQUPYKz7OVXAP1a_1ZH_IiM8H-7_7sHWJme&oe=6A0E3A2A&_nc_sid=c97757
https://www.facebook.com/PhilippineSTAR/posts/pfbid02x3ypyELnyMhtor23uMf2dWGCfBkYutyV45USxePDhsU8cG7GHSUKaYZdn1DgUdxml,"Sen. Robin Padilla did not directly answer questions on Monday, May 18, 2026, about his alleged involvement in Sen. Bato Dela Rosa's evasion from arrest.",93,60,2,Not Relevant,1,GenericAttachmentMedia,https://external.ftup1-1.fna.fbcdn.net/emg1/v/t13/16050738051075712060?url=https%3A%2F%2Fmedia.philstar.com%2Fphotos%2F2026%2F05%2F18%2Frobin-padilla-may18_2026-05-18_18-25-06.jpg&fb_obo=1&utld=philstar.com&stp=c0.5000x0.5000f_dst-jpg_flffffff_p500x261_q75_tt6&_nc_gid=kks_lR2brLx6U-d9LDTF9w&_nc_oc=AdrR3A17Yvb9EV5uUip-15Mf851b9I0F-uEmRDCcVE90h5fYqpaRn6G_-l800vfYT7M&ccb=13-1&oh=06_Q3-_ASFZaVNyYQHNnj3O5jTwEfzHx8iLDwpGkBN7t9ySAVd1&oe=6A0E3AB7&_nc_sid=c97757
https://www.facebook.com/reel/2122577054953060/,#FrontlinePilipinas | Nakitaan ng gunpowder ang driver ng National Bureau of Investigation (NBI) na inaresto matapos ang barilan sa Senado. | via #MOJO Alexis,242,36,10,Not Relevant,1,Video,https://www.facebook.com/reel/2122577054953060/
https://www.facebook.com/reel/1279491854355219/,"#FrontlinePilipinas | Inirerekomenda ng Department of Justice (DOJ) sa Ombudsman na kasuhan na sina Sen. Jinggoy Estrada, dating Public Works secretary Manuel Bonoan, at iba kaugnay ng flood control scandal.",1033,225,29,Not Relevant,1,Video,https://www.facebook.com/reel/1279491854355219/
https://www.facebook.com/reel/4612163589013243/,#FrontlinePilipinas | Walang nangyaring kudeta kaya nananatiling Senate President si Alan Peter Cayetano. | via Maeanne Los Baños-Oroceo,15950,1686,387,Not Relevant,1,Video,https://www.facebook.com/reel/4612163589013243/
https://www.facebook.com/inquirerdotnet/posts/pfbid0bXhbFaPJ72H1N3ueEVnrqNFDUHxemi6qupRyxfycwooDBodJrV2ne5C1C4xuiUvml,"A further exploration beyond Barcelona reveals an underappreciated wealth of culinary, craft, coastal, and cultural traditions that would sate any traveler’s appetite (via Lifestyle.INQ) 

Read more: https://lifestyle.inquirer.net/571633/beyond-barcelona-get-off-the-beaten-track-in-catalonia/",8,0,1,Not Relevant,0,,
https://www.facebook.com/inquirerdotnet/posts/pfbid02nHqQWbo8JYwYAtMzG3qW4BKo2uhy6FX7UwhMgxTbkd7P788dzd1Gsqz25B24aYSEl,"Katseye to hold ‘WildWorld Tour’ across 3 continents, unveils dates",17,0,0,Not Relevant,1,GenericAttachmentMedia,https://external.fagc3-1.fna.fbcdn.net/emg1/v/t13/5013307174480770387?url=https%3A%2F%2Fusa.inquirer.net%2Ffiles%2F2026%2F05%2Fkatseye-wildworld.png&fb_obo=1&utld=inquirer.net&stp=c0.5000x0.5000f_dst-jpg_flffffff_p500x261_q75_tt6&_nc_gid=NXzyAZMjJxrkPdGD6JAhcw&_nc_oc=AdodaR4DqGAVfQVhyzaZEAD1udwuc5wXHjVOSxnrYOrHPlf_V1bet5YG6cdUTjp47nE&ccb=13-1&oh=06_Q3-_AbJnUctUspBcIW975WBekGkZjnY9Wpz2uQpH8S9GKXzU&oe=6A0E23FC&_nc_sid=c97757
https://www.facebook.com/inquirerdotnet/posts/pfbid03159rzJwJ5M2rrRD8mtoRvjibFMpJ6muz3EF8ySFNJqLoTAG4kj1fdJiNM9ofAKRWl,"Rabiya Mateo, Jake Cuenca enjoy Disneyland before actress enters med school",70,10,1,Not Relevant,1,GenericAttachmentMedia,https://external.fagc3-1.fna.fbcdn.net/emg1/v/t13/5653891120121646534?url=https%3A%2F%2Fentertainment.inquirer.net%2Ffiles%2F2026%2F05%2FScreenshot-2026-05-19-at-9.25.18-AM.png&fb_obo=1&utld=inquirer.net&stp=c0.5000x0.5000f_dst-jpg_flffffff_p500x261_q75_tt6&_nc_gid=NXzyAZMjJxrkPdGD6JAhcw&_nc_oc=AdrdUg_ixjsnqNzJE95s0EV-FIkR0Sj6OXJUOhAdaA9DpljyGBEQomIBj5RLxLEKxEM&ccb=13-1&oh=06_Q3-_AUWcT7zu9QkXWS527Ulh4g29u_NPkRtLeT0Wrcj96CID&oe=6A0E42B4&_nc_sid=c97757
https://www.facebook.com/inquirerdotnet/posts/pfbid027vF2LS414JYXwPcoYCnbSfCQGmmsot4WZuCBKRzr2rDYYzrXcyEFuAAAuNHTfyE9l,Filipinos can now visit Angola visa-free for 30 days,3,0,0,Not Relevant,1,GenericAttachmentMedia,https://external.fshd1-1.fna.fbcdn.net/emg1/v/t13/11226070280481978271?url=https%3A%2F%2Fglobalnation.inquirer.net%2Ffiles%2F2026%2F05%2FFilipinos-can-now-visit-Angola-visa-free-for-30-days-scaled.jpg&fb_obo=1&utld=inquirer.net&stp=c0.5000x0.5000f_dst-jpg_flffffff_p500x261_q75_tt6&_nc_gid=m2rXtnw29-0Fzk2Ucv888A&_nc_oc=AdogISfjjJWmr860MX4OYnGlCnoVlNwqPWXXB-JJh8mDShr26b9FJmbfkk4aqRiujG8&ccb=13-1&oh=06_Q3-_Ab9sd-Udtb8TrAwmIVJfZ6iyuhR8cJmMVeyNYOi8sSNz&oe=6A0E3CE6&_nc_sid=c97757
https://www.facebook.com/inquirerdotnet/posts/pfbid0235Tq9NdSDgkXTzgqZNR9fr8o5Tvz6HjRFqdTquxzbh6ZBqYpCP7foSzZRUcKLJBRl,Ombudsman seeks list of media personnel present during Senate shooting,3,0,0,Not Relevant,1,GenericAttachmentMedia,https://external.fshd1-1.fna.fbcdn.net/emg1/v/t13/17939172039906168802?url=https%3A%2F%2Fnewsinfo.inquirer.net%2Ffiles%2F2026%2F05%2FNews1223765-scaled.jpg&fb_obo=1&utld=inquirer.net&stp=c0.5000x0.5000f_dst-jpg_flffffff_p500x261_q75_tt6&_nc_gid=m2rXtnw29-0Fzk2Ucv888A&_nc_oc=AdrRerCuq_6Kg1XSqBonaJy7AVxK-FUW0X85s7LZ91tdgbhcbktCYERoqqTAC9FmaoY&ccb=13-1&oh=06_Q3-_ActSrlFpuYNl2dqozCHksf_PNpS3jVOkY0UHP7yy16TV&oe=6A0E334A&_nc_sid=c97757
https://www.facebook.com/inquirerdotnet/posts/pfbid0yZEuJPGtAsWx8RtdRJBQRBKvYip3ZLz9ePzihqpRaiySXyaKLpH22K5o21KfPSW8l,"P1.49-million illegal drugs, gun seized in Iloilo City",3,1,0,Not Relevant,1,GenericAttachmentMedia,https://external.fshd1-1.fna.fbcdn.net/emg1/v/t13/4800843365125598110?url=https%3A%2F%2Fnewsinfo.inquirer.net%2Ffiles%2F2022%2F09%2FIloilo-map-filephoto-091322.jpg&fb_obo=1&utld=inquirer.net&stp=c0.5000x0.5000f_dst-jpg_flffffff_p500x261_q75_tt6&_nc_gid=m2rXtnw29-0Fzk2Ucv888A&_nc_oc=AdqSYXNpKH1LZHW7tLK3Q-4eU2mFL7y8Krd6KdLNO0t7Bmbm4LDBTdLHyV8ZyhqIZFk&ccb=13-1&oh=06_Q3-_AZDDhquokN0vKfWICLmrCYcz0yFrDXbqaKzvsLKLywa7&oe=6A0E462E&_nc_sid=c97757
https://www.facebook.com/PhilippineSTAR/posts/pfbid02HyKF8UajdBCAprzEusGejbzTKwb8CqYZ9jUSwPU9ZCm2d1dmXuMUSJ1WCdCLCMVwl,"The Senate’s committee lineup took clearer shape on Monday, May 18, 2026, after the shakeup that shifted alliances into a new majority that installed Senate President Alan Peter Cayetano.",36,0,3,Not Relevant,1,GenericAttachmentMedia,https://external-phl2-1.xx.fbcdn.net/emg1/v/t13/17000690181332994757?url=https%3A%2F%2Fmedia.philstar.com%2Fphotos%2F2026%2F05%2F18%2Fmartin-ramos-impeachment-court_2026-05-18_18-14-15.jpg&fb_obo=1&utld=philstar.com&stp=c0.5000x0.5000f_dst-jpg_flffffff_p500x261_q75_tt6&_nc_gid=NISauUMjUoJpkEkEHTl4kw&_nc_oc=AdrMmniZLnIHzFNlxrpcPfd0NM5JsQfJ3Nga1GpmkNU2-CoxQRbRUtxCchFFpQq6pOg&ccb=13-1&oh=06_Q3-_AaM4PXP_nzSTARSfkrz4os8hpUVb4sP6kVxa9Sdo6XHq&oe=6A0E3E6E&_nc_sid=c97757
https://www.facebook.com/PhilippineSTAR/posts/pfbid0bvxmnk9Hr328aUy1AgJRq5z2tye5WWFx5MoNcWujH6fJR5J9ubcs5bfsFVwib4wHl,The Department of Justice has recommended the filing of plunder and graft charges against Sen. Jinggoy Estrada and several former public works officials over an alleged scheme involving hundreds of millions of pesos in public funds.,399,144,21,Not Relevant,1,GenericAttachmentMedia,https://external-phl2-1.xx.fbcdn.net/emg1/v/t13/6656117788862839280?url=https%3A%2F%2Fmedia.philstar.com%2Fphotos%2F2026%2F05%2F18%2Fjinggoy-senator-judge1_2026-05-18_17-59-53.jpg&fb_obo=1&utld=philstar.com&stp=c0.5000x0.5000f_dst-jpg_flffffff_p500x261_q75_tt6&_nc_gid=NISauUMjUoJpkEkEHTl4kw&_nc_oc=Adp6BbsAj-iT-ZBXXq-OghaaDWWL7kmSqM1TfLmOIeapURnEZbiW4b8Id0jbpNq3CE0&ccb=13-1&oh=06_Q3-_Aa2nDgHKp0GxazWBh5iG4GhUDyckG29lMjzfVaWSPfY2&oe=6A0E41C6&_nc_sid=c97757
https://www.facebook.com/PhilippineSTAR/posts/pfbid0dBG1Cun6RfMGxx3oJPdCYEwtJWUoHJcLb9vZBoC2HnK5EaMixeWYTQPXRZYdbp8dl,"The Senate formally convened as an impeachment court on Monday, May 18, 2026, marking the official start of the trial of cases against Vice President Sara Duterte.",126,13,2,Not Relevant,1,GenericAttachmentMedia,https://external-phl2-1.xx.fbcdn.net/emg1/v/t13/7940475977582692175?url=https%3A%2F%2Fmedia.philstar.com%2Fphotos%2F2026%2F05%2F18%2Fafp-impeachment-court-red-robes_2026-05-18_17-26-09.jpg&fb_obo=1&utld=philstar.com&stp=c0.5000x0.5000f_dst-jpg_flffffff_p500x261_q75_tt6&_nc_gid=NISauUMjUoJpkEkEHTl4kw&_nc_oc=Adrvb1_RjnYqpk9d9AiH3o1h-QJidzqGrHIkas1Y1u0wGdgLexEwfq9BmiiXniARU2c&ccb=13-1&oh=06_Q3-_AfL5O33coHx-bKybcbN3rp2KUo6QFQjhDt4TxjheF9hm&oe=6A0E2D1E&_nc_sid=c97757
https://www.facebook.com/reel/1016539020809459/,#FrontlinePilipinas | Nag-uumapaw ang pasasalamat ng Filipina-American singer na si Jessica Sanchez sa mga nakasama sa kanyang homecoming concert. | via Von Belinario,85,1,1,Not Relevant,1,Video,https://www.facebook.com/reel/1016539020809459/
https://www.facebook.com/reel/27161804996793846/,#FrontlinePilipinas | Magkakudeta man umano sa Senado o hindi ay nakahanda na ang 11 prosecutor na magdidiin laban sa impeachment ni Vice Pres. Sara Duterte. #VPSaraOnTrial | via Marianne Enriquez,8481,1090,224,Not Relevant,1,Video,https://www.facebook.com/reel/27161804996793846/
https://www.facebook.com/reel/1701822967939844/,#FrontlinePilipinas | Nagkilos-protesta ang ilang grupo upang ipanawagang ituloy ang impeachment kay Vice Pres. Sara Duterte. #VPSaraOnTrial | via Ian Suyu,400,98,29,Not Relevant,1,Video,https://www.facebook.com/reel/1701822967939844/
https://www.facebook.com/reel/1090633623915815/,"𝐔𝐬𝐚𝐩𝐚𝐧𝐠 𝐥𝐚𝐥𝐚𝐤𝐢 

Wala raw problema sina Sen Robin Padilla at Sen kiko Pangilinan, sa katunayan ay nagsusuportahan daw sila sa mga ipinapanukalang mga batas, sadyang nagkaroon lang daw ng problema ng siya ay sigawan sa plenary ng Senado.",56,4,4,Not Relevant,1,Video,https://www.facebook.com/reel/1090633623915815/
https://www.facebook.com/reel/1549993360029663/,"𝐖𝐚𝐥𝐚 𝐚𝐤𝐨𝐧𝐠 𝐫𝐞𝐜𝐨𝐫𝐝 𝐧𝐠 𝐩𝐚𝐠𝐬𝐢𝐬𝐢𝐧𝐮𝐧𝐠𝐚𝐥𝐢𝐧𝐠

'Pahayag 'yan ni Sen. Robin Padilla sa panayam ng 24 Oras kaugnay sa pagturing sa kanya ng NBI bilang person of interest sa pagtakas sa Senado ni Sen Bato, handa daw siyang maglahad ng panig sa pormal na imbestigasyon",219,75,6,Not Relevant,1,Video,https://www.facebook.com/reel/1549993360029663/
https://www.facebook.com/reel/986151270637365/,"𝐍𝐚𝐬𝐚𝐚𝐧 𝐬𝐢 𝐒𝐞𝐧 𝐁𝐚𝐭𝐨? 

Ayon kay Sen. Robin Padilla, hindi niya alam kung nasaan ngayon si Sen Bato dela Rosa.",202,63,8,Not Relevant,1,Video,https://www.facebook.com/reel/986151270637365/
https://www.facebook.com/inquirerdotnet/posts/pfbid033wDFkxkeyF28kid1Miv4gjTgsRwqE83EM1wjCCGn1yH83EomXf7q5RbG9Q7htPYl,"The runway show was inspired by Hollywood glamour, with nods to the natural beauty of California (via Lifestyle.INQ)

Read more: https://lifestyle.inquirer.net/571621/dior-nods-to-hollywoods-golden-age-with-cruise-collection/",5,11,0,Not Relevant,0,,
https://www.facebook.com/inquirerdotnet/posts/pfbid0dEePWRpD3Vxr2e2zMpu6sdWSZ36sCpckpvtzbNmr5kMFKXDAcAxS3eSSPMyoBmkAl,9 arrested in MIMAROPA anti-crime operations,8,0,0,Not Relevant,1,GenericAttachmentMedia,https://external-sjc6-1.xx.fbcdn.net/emg1/v/t13/9302900698587760044?url=https%3A%2F%2Fnewsinfo.inquirer.net%2Ffiles%2F2022%2F09%2FMIMAROPA-MAP-09082022.jpeg&fb_obo=1&utld=inquirer.net&stp=c0.5000x0.5000f_dst-jpg_flffffff_p500x261_q75_tt6&_nc_gid=oif4EC_VfSIcfL_STjKtsw&_nc_oc=AdrhgqmsEQrO_SyX8N5b57Lp4GcX9Ju3PTIXMCAJxtjFm_6V_8_ictQ81iA0e_dD35Q&ccb=13-1&oh=06_Q3-_ARm_4MImXneiV7RYGlTlgjtn81AVqawCmOb_wl3VQ1Ow&oe=6A0E2EF8&_nc_sid=c97757
https://www.facebook.com/inquirerdotnet/posts/pfbid02XpfX3JQtiDCkLK6oK9rutbXwBdxKEGTbKPKu7QGmRU7C8UErUYZGLVnycRRZuPrQl,DPWH exec: Private citizens can legally act as project proponents,4,0,0,Not Relevant,1,GenericAttachmentMedia,https://external-sjc6-1.xx.fbcdn.net/emg1/v/t13/16060772581696151903?url=https%3A%2F%2Fnewsinfo.inquirer.net%2Ffiles%2F2025%2F10%2Fdpwh-office2-24oct2025.jpg&fb_obo=1&utld=inquirer.net&stp=c0.5000x0.5000f_dst-jpg_flffffff_p500x261_q75_tt6&_nc_gid=oif4EC_VfSIcfL_STjKtsw&_nc_oc=AdqCJA0f__YuoSsYg19XPL12YMqiJQ9NXNgO9agTJ1iPgALWswITFcCbULKXIB9un80&ccb=13-1&oh=06_Q3-_AbUPYINOfjwWKB3Akx3yOYaWb1PQR3GPwb5s3TS4EAid&oe=6A0E487E&_nc_sid=c97757
https://www.facebook.com/PhilippineSTAR/posts/pfbid02ce8hdvnAQh3n5Pdt8A986v2u1nPTK3Kxg1SRfZbgrPumejhBB1h9MwtuR33tZ8xRl,"Binuo ng mga miyembro ng mayorya ang committee chairmanships sa Senado matapos ang pagbabago sa liderato nitong nakaraang linggo.

Pinalitan ni Senator Alan Peter Cayetano si Senator Vicente “Tito” Sotto III bilang Senate president noong nakaraang Lunes.

PANOORIN:",54,7,1,Not Relevant,1,GenericAttachmentMedia,https://external-msp1-1.xx.fbcdn.net/emg1/v/t13/12511253999902641690?url=https%3A%2F%2Fi.ytimg.com%2Fvi%2FIdJiu1mOdck%2Fmaxresdefault.jpg&fb_obo=1&utld=ytimg.com&stp=c0.5000x0.5000f_dst-jpg_flffffff_p500x261_q75_tt6&_nc_gid=lpnT3-P45tsP3Qca6Tuzhw&_nc_oc=Ado0ZPIhKhXDu-c-FzEEoxzhteYNJcCYvs_eGzhP5nRgdjOPskuCW0eW890RymIg-6k&ccb=13-1&oh=06_Q3-_AQGYuhCZzLSBGBxL7QvHN5bazaLmjTVGBfIpr6thQjGJ&oe=6A0E3F9C&_nc_sid=c97757
https://www.facebook.com/PhilippineSTAR/posts/pfbid0YdxHGH7U8RZLQaWhMKMkQ5zPMYiax3nN2tjThYQTj1988XbkjCk8iX8uUgrZHuaGl,Not all tattoos are meant to stand out. | via PhilSTAR Life,45,6,8,Not Relevant,1,GenericAttachmentMedia,https://external-msp1-1.xx.fbcdn.net/emg1/v/t13/12756317339524831384?url=https%3A%2F%2Fd2nnykqiaju69u.cloudfront.net%2Fpslife_photos%2Fpat_temp%2Fwhite%2520ink%2520tattoo%2520explainer%2520inner%2520image.jpg&fb_obo=1&utld=d2nnykqiaju69u.cloudfront.net&stp=c0.5000x0.5000f_dst-jpg_flffffff_p500x261_q75_tt6&_nc_gid=lpnT3-P45tsP3Qca6Tuzhw&_nc_oc=AdpeLlENloxVVebgonk5rp0y48Iae38Akm0uqrUavpalCnoAFa7q1ssy5b7fnjH0XeE&ccb=13-1&oh=06_Q3-_AbHiRrLOZhVD8NEMG5acDcMznlV-Tcl-f8SwF8p8Ld6m&oe=6A0E1EA3&_nc_sid=c97757
https://www.facebook.com/PhilippineSTAR/posts/pfbid0dchsQ8dajhhfy3rtET26wYi1hCHwvFDD5b6AuiLULuMx49rvXihHziJLiBPCqiZTl,"''YUNG ATTACK ON THE SENATE STARTED NAMAN IN 2023'

Iginiit ni Senate President Alan Peter Cayetano na may mga pagkilos na umano mula pa noong 2023 na naglalayong buwagin ang Senado at palitan ito ng ""Regional Senate.""

Sa isang press briefing nitong Lunes, sinabi niya na ang mga nagdaang kaganapan ay maaaring bahagi ng mas malawak na pagtatangkang pahinain ang institusyon kaugnay ng isinusulong na constitutional change.

""'Yung attack on the Senate started naman in 2023, nu'ng gusto nilang i-abolish ang Senate. And I really believe that the events in the last few months was also intentional na ma-weaken ang Senate because bubuhayin 'yung Constitutional change except this time around, regional Senate ang gusto nila,"" aniya.

Dagdag pa niya, bagamat maganda sa konsepto ang pagkakaroon ng regional representation, maaari umano itong magdulot ng pagiging ""rubber stamp"" kung mas dadami ang miyembro ng Senado.",465,161,22,Not Relevant,1,GenericAttachmentMedia,https://external-msp1-1.xx.fbcdn.net/emg1/v/t13/8406413254130109977?url=https%3A%2F%2Fi.ytimg.com%2Fvi%2FdwfHWCX6Evs%2Fmaxresdefault.jpg&fb_obo=1&utld=ytimg.com&stp=c0.5000x0.5000f_dst-jpg_flffffff_p500x261_q75_tt6&_nc_gid=lpnT3-P45tsP3Qca6Tuzhw&_nc_oc=Ado0g43ej38iSAlR3kl9OEP2OrcBqf_VQoLXaOInfx4wNpoNdAkAq6QFRA4Vp1V1rKY&ccb=13-1&oh=06_Q3-_AcAtbcxgtBoaMSdy4oF-WgDYXFVcK24Jg_WZWnJV6XiG&oe=6A0E1C5C&_nc_sid=c97757
https://www.facebook.com/reel/1374257654752121/,"ANDAM ANG HOUSE PROSECUTORS

#News5Bisaya | Andam kunong moatubang sa Senado ang House prosecutors oras nga sugdan na ang paghusay kang Vice Pres. Sara Duterte. | via Liway Abas

—

Orihinal nga caption sa Bisaya",42,5,0,Not Relevant,1,Video,https://www.facebook.com/reel/1374257654752121/
https://www.facebook.com/reel/1461975438460687/,"'PAGANDAHIN NIYO ANG PILIPINAS'

Nagbigay ng kanyang mensahe si Pres. Bongbong Marcos sa harap ng mga mag-aaral at bahagi ng presidential scholars sa Mandaluyong College of Science and Technology ngayong Lunes, May 18.",961,224,17,Not Relevant,1,Video,https://www.facebook.com/reel/1461975438460687/
https://www.facebook.com/News5Everywhere/posts/pfbid02AqX1gZtg2tA49h6ULgHkAyrTanWXDYnVXSb72KDN9sd3X5vktRWsiPPV6iVnxNPol,"ACQUITTED OF TAX FRAUD

Spain's High Court has acquitted ‌Colombian pop star Shakira of tax fraud and overturned the 55 million euro ($64 million) fine imposed in 2021 by the Spanish tax agency. | via Reuters",94,2,3,Not Relevant,1,GenericAttachmentMedia,https://external-ord5-3.xx.fbcdn.net/emg1/v/t13/8452739526891342284?url=https%3A%2F%2Fn5ecms.tv5.com.ph%2Fwp-content%2Fuploads%2F2026%2F05%2FDOM4ZUUMC5NMHDELYJ4KMCLEXE.jpg&fb_obo=1&utld=tv5.com.ph&stp=c0.5000x0.5000f_dst-jpg_flffffff_p500x261_q75_tt6&_nc_gid=XbsqjO2MYTdIxKR94EUF5g&_nc_oc=AdolY_zdBtkDpeF8d9QS5TYdnklMMxkm2CkdYZ-kupvbiZnkabZHZ2MM9kGiHtmYTNU&ccb=13-1&oh=06_Q3-_AQLwTqersnVrUVaXHeY_EWDy1boLkjDLxCkyq-ZbB-hh&oe=6A0E476B&_nc_sid=c97757
https://www.facebook.com/reel/1238587141685365/,"𝐓𝐚𝐭𝐥𝐨𝐧𝐠 𝐠𝐚𝐛𝐢𝐧𝐠 𝐡𝐢𝐧𝐝𝐢 𝐢𝐧𝐢𝐰𝐚𝐧 

Tatlong araw daw na sinamahan ni Sen Robin Padilla si Sen Bato dela Rosa sa Senado; ICC warrant, hindi kinikilala, tanging warrant of arrest lamang mula sa local court ang kanilang tatanggapin.",23,0,2,Not Relevant,1,Video,https://www.facebook.com/reel/1238587141685365/
https://www.facebook.com/reel/1529628765343147/,"'𝐤𝐨𝐭𝐬𝐞 𝐩𝐨'𝐲𝐚𝐧'

Puting sasakyan na nakuhanan ng GMA News na lumabas sa Senado bandang 2:30AM noong Huwebes, May 14, 2026, kinumpirmang pag-aari ni Sen Robin Padilla, pero tumangging kumpirmahin kung sakay sila rito ni Sen Bato dela Rosa, ayon sa Senador, hintayin na lang ang resulta sa isinasagawang imbestigasyon ng PNP.",151,77,4,Not Relevant,1,Video,https://www.facebook.com/reel/1529628765343147/
https://www.facebook.com/reel/822189370613465/,"𝐇𝐢𝐧𝐝𝐢 𝐢𝐧𝐚𝐭𝐚𝐤𝐞 𝐚𝐧𝐠 𝐒𝐞𝐧𝐚𝐝𝐨 

Malakanyang, kinontra ang pahayag ni Senate President Cayetano  na inatake ang Senado noong May 13, 2026.",12,1,1,Not Relevant,1,Video,https://www.facebook.com/reel/822189370613465/
https://www.facebook.com/PhilippineSTAR/posts/pfbid02Ugq6frn8ybpsMFzps2nxSp6Z5x673xb1vjVGZ1hVzHcJnLSTbL1XkDC8TB98zbzzl,"The P-pop scene welcomed a fresh new act as XONARA made their much-anticipated debut with “Tabi” at their official launch on May 16, 2026 in Escolta, Manila.

The seven-member group — Eurekah, Ella, Dominique, Tin, Megumi, Lei, and Namie — was formed under 1Z Entertainment, the agency co-founded by P-pop icons SB19.

WATCH:",45,1,5,Not Relevant,1,GenericAttachmentMedia,https://external-bos5-1.xx.fbcdn.net/emg1/v/t13/17177930470983784143?url=https%3A%2F%2Fi.ytimg.com%2Fvi%2FATxLwOz05nk%2Fmaxresdefault.jpg&fb_obo=1&utld=ytimg.com&stp=c0.5000x0.5000f_dst-jpg_flffffff_p500x261_q75_tt6&_nc_gid=7hcWGkgnUd368ZHKpVACXw&_nc_oc=AdpgC_HeDpYALNfcbje90oD_6xnD7BVksuI5OMevk5FvWi4vvhLZB3KQcgKmgUxPo-aeQG_I5UmgyAxs7Q6_m1Xf&ccb=13-1&oh=06_Q3-_AUsjG56p6FAxU0Yfa_xYL9vFazgtXPPR7r6y2lWo6673&oe=6A0E484B&_nc_sid=c97757
https://www.facebook.com/PhilippineSTAR/posts/pfbid02Hcg5nAwLAW99GJPH9AxRc9NmTC8MBFb2aMtJzg9FFTQBucVHkLiHSdagigRbC6p6l,"Isang linggo matapos mag-abstain sa pagboto sa pagbabago ng liderato sa Senado, ipinahayag nina Senador Migz Zubiri at JV Ejercito na sasama sila sa minority bloc ng Senado.

Bunsod nito, kasalukuyang 11 na ang bilang ng minorya.

PANOORIN:",1690,292,13,Not Relevant,1,GenericAttachmentMedia,https://external-bos5-1.xx.fbcdn.net/emg1/v/t13/14737798357498124422?url=https%3A%2F%2Fi.ytimg.com%2Fvi%2FC7Wn9JRV844%2Fmaxresdefault.jpg&fb_obo=1&utld=ytimg.com&stp=c0.5000x0.5000f_dst-jpg_flffffff_p500x261_q75_tt6&_nc_gid=7hcWGkgnUd368ZHKpVACXw&_nc_oc=AdpqLr5A5avWMLfOe7oexbHNQ5GpDMnGcqp4H7HH9lEAaePPqR3YNuKGsMCevi-61jI_F6ft036Awt1IG1-WZZrF&ccb=13-1&oh=06_Q3-_AWbVsTwD9WLwKSV9GAAhwgXr6bIH2LKE0F8oZens9mOQ&oe=6A0E3A2A&_nc_sid=c97757
https://www.facebook.com/PhilippineSTAR/posts/pfbid02VGU2aHEiv3uK56v2ED8M768SNapud9zdnvdB1Fw6GmhjdTSF7ojyDBi7Zsdx8QVFl,"Long lines, police intervention, and shopper brawls—Swatch was forced to shut stores after overwhelming demand for its Royal Pop collab with Audemars Piguet. | via PhilSTAR Life",16,1,1,Not Relevant,1,GenericAttachmentMedia,https://external-bos5-1.xx.fbcdn.net/emg1/v/t13/14191459020891704216?url=https%3A%2F%2Fd2nnykqiaju69u.cloudfront.net%2Fpslife_photos%2FAyie_temp%2F2026%2F5-May%2F5.18%2Fswatch%2520banner.jpg&fb_obo=1&utld=d2nnykqiaju69u.cloudfront.net&stp=c0.5000x0.5000f_dst-jpg_flffffff_p500x261_q75_tt6&_nc_gid=7hcWGkgnUd368ZHKpVACXw&_nc_oc=AdrxDgS6asAD74th_FVL_JQaeJorLlNZQTe6rsv0fd2qqKF9aAoBwlsAWtNnO9KpqhGUvGS-NdtGVCjutfHc_wwl&ccb=13-1&oh=06_Q3-_AToLEfqTuc5MLteSO4K9V8L-MoYeugwATR-9EpQZrrIV&oe=6A0E3F99&_nc_sid=c97757
https://www.facebook.com/News5Everywhere/posts/pfbid0r6mXPpXMpqbWxzMtB9hqoAZ53teSfBdfTNbzUx8omdQAWp2eNsiK1kRQ4qSG7pE6l,"SEN. BATO CAMP ANSWERS OSG REPLY ON SC PETITION VS. ICC WARRANT

Naghain na ng tugon ang kampo ni Sen. Bato dela Rosa sa komento ng Office of the Solicitor General (OSG) sa hiling ng senador sa Korte Suprema na ipatigil ang pagpapatupad ng kaniyang International Criminal Court (ICC) arrest warrant.

""We maintain that an international process, standing alone, cannot automatically operate as a Philippine warrant of arrest,"" pahayag ng legal counsel na si Atty. Israelito Torreon.

""[N]o Filipino may be arrested, surrendered, transferred, rendered, or removed from Philippine territory unless there is clear domestic legal authority and full compliance with the safeguards guaranteed by the Bill of Rights.""",1231,324,29,Not Relevant,4,Photo; Photo; Photo,https://www.facebook.com/News5Everywhere/posts/pfbid0r6mXPpXMpqbWxzMtB9hqoAZ53teSfBdfTNbzUx8omdQAWp2eNsiK1kRQ4qSG7pE6l; https://scontent-ord5-3.xx.fbcdn.net/v/t39.30808-6/702716577_1509467671211761_2543177121109996718_n.jpg?stp=dst-jpg_s590x590_tt6&_nc_cat=107&ccb=1-7&_nc_sid=127cfc&_nc_ohc=DbiXKfPGWNIQ7kNvwF5YrIo&_nc_oc=AdrfzoZJdbQXpyAP5yEz_AixfIUZE0owNCQQBFsSwkf0OHkPsRXQTkoJPQWnw-bVzgs&_nc_zt=23&_nc_ht=scontent-ord5-3.xx&_nc_gid=O27F8ZtgZ-fbJX-_DrQflg&_nc_ss=72289&oh=00_Af4AHJui9DO7pJc1x7nhDlqqx4HXliMUZ8MARUp6GPK-Mg&oe=6A1210DD; https://scontent-ord5-2.xx.fbcdn.net/v/t39.30808-6/698381765_1509467714545090_8467893352586215539_n.jpg?stp=dst-jpg_s590x590_tt6&_nc_cat=111&ccb=1-7&_nc_sid=127cfc&_nc_ohc=Y3CsHEUhiU0Q7kNvwGIVr3y&_nc_oc=AdrpgZ-pdo68BfdEM7NgEwkXa_HEKBB_R4jyM1x2orM0oybtYy7hi1TsfZYuMtP05mY&_nc_zt=23&_nc_ht=scontent-ord5-2.xx&_nc_gid=O27F8ZtgZ-fbJX-_DrQflg&_nc_ss=72289&oh=00_Af6L0x72raz8gblvkWMteLxUCEtbEJT42ZM7AzDyfKuZ0w&oe=6A122865; https://scontent-ord5-3.xx.fbcdn.net/v/t39.30808-6/703191594_1509467824545079_2988445919129409037_n.jpg?stp=dst-jpg_s590x590_tt6&_nc_cat=109&ccb=1-7&_nc_sid=127cfc&_nc_ohc=0JYsQQoMqx4Q7kNvwFsNy60&_nc_oc=AdrU0t-YXYqZjLIV6mhTKAFwv7brh820wTbVJA9i99yjSiMFkm2Ig1Pn9eNKiVETQWI&_nc_zt=23&_nc_ht=scontent-ord5-3.xx&_nc_gid=O27F8ZtgZ-fbJX-_DrQflg&_nc_ss=72289&oh=00_Af6pJiqnEykILH5Z50zG4hZuIf6elstSXtVWWo2NexOD1A&oe=6A123F04
https://www.facebook.com/reel/996891429482819/,"NAG-CONVENE NA ISIP IMPEACHMENT COURT

#News5Bisaya | Opisyal nang nagc-convene isip impeachment court ang Senado karong Lunes, May 18. Na-refer na sad sa House Committee on Rules ang articles of impeachment batok kang Vice Pres. Sara Duterte. | via Liway Abas

---

Orihinal nga caption sa Bisaya",1222,8,1,Not Relevant,1,Video,https://www.facebook.com/reel/996891429482819/
https://www.facebook.com/News5Everywhere/posts/pfbid027zW4GLVDGPbJSDReS125KBjP9LTxuQYAUit17Z4P9P3zzdT4Qur6ZrDgNY1t3ZfWl,"LEAD PROSECUTOR SA VP SARA TRIAL

Pormal nang naghain ng Entry of Appearance ang 11-member House prosecution panel sa Senate impeachment court hapon ngayong Lunes, May 18.

Sa naturang dokumento, pinangalanan si House Committee on Justice Chair and 2nd District Batangas Rep. Jinky Luistro bilang lead public prosecutor.

Kasama rin sa prosecution panel sina Reps. Terry Ridon, Rodge Gutierrez, Ysabel Zamora, Lorenz Defensor, Chel Diokno, Leila de Lima, Arlene Bag-ao, Jonathan Keith Flores, Lordan Suan, at Joel Chua. | via Marianne Enriquez",3715,650,31,Not Relevant,1,Photo,https://www.facebook.com/photo/?fbid=1509466681211860&set=a.647063400785530
https://www.facebook.com/reel/856872890295222/,"Ilang dating opisyal ng DPWH na naunang isinangkot sa flood control anomaly, inirekomenda ng DOJ na hindi na mapasama sa kaso, ayon sa Ombudsman | via Glen Juego - Reporter Dad",21,3,1,Not Relevant,1,Video,https://www.facebook.com/reel/856872890295222/
https://www.facebook.com/reel/968712315567737/,"House Speaker Faustino Dy III at House Senior Deputy Speaker Ferdinand Hernandez, pinaiimbestigahan ang NGCP dahil sa malawakang brownouts sa Luzon at Visayas.",15,10,0,Not Relevant,1,Video,https://www.facebook.com/reel/968712315567737/
https://www.facebook.com/reel/2065398004324541/,"Sen Pia Cayetano, ikinukunsidera para gawing chairman ng Blue Ribbon Committee, ayon kay Senate President Alan Peter Cayetano",43,2,0,Not Relevant,1,Video,https://www.facebook.com/reel/2065398004324541/
https://www.facebook.com/PhilippineSTAR/posts/pfbid0XByHtRinD6SUNHmgNo6W6f68ExFqgQW85tdnEnuKi1v6hxJCSd4uwas9q4sNBDDwl,"ARE YOU READY FOR THEM, FILO PLANKTON? 💙𓆝 ⋆｡𖦹°‧🫧

South Korean indie rock band Wave to Earth is set to return to Manila for the latest leg of their ""The () Pieces Tour,"" happening at the Mall of Asia Arena on November 15, 2026. 

The band last visited the country last February 28, 2025, for their ""PLAY WITH EARTH! 0.03 WORLD TOUR."" (Facebook/Wave To Earth)",515,3,81,Not Relevant,1,Photo,https://www.facebook.com/photo/?fbid=1488685053295369&set=a.602294451934438
https://www.facebook.com/PhilippineSTAR/posts/pfbid02tUhYQZrYvjXemt6RKV5v2odvG24rcmkBoSxyysrfVeYywPuTFVhxR9CnJFp7x3P6l,"The 11-member House Prosecution panel formally filed its Entry of Appearance before the Senate Impeachment Court Monday afternoon, signaling the House’s readiness to proceed with the impeachment trial of Vice President Sara Duterte.

Batangas 2nd District Rep. Gerville Luistro was named lead public prosecutor in the formal pleading submitted before the Senate after senators took their oath as impeachment judges.

The prosecution panel includes Reps. Terry Ridon, Rodge Gutierrez, Ysabel Zamora, Lorenz Defensor, Chel Diokno, Leila de Lima, Arlene Bag-ao, Jonathan Keith Flores, Lordan Suan, and Joel Chua. | via Marianne Enriquez/News5",2038,168,18,Not Relevant,3,Photo; Photo,https://www.facebook.com/PhilippineSTAR/posts/pfbid02tUhYQZrYvjXemt6RKV5v2odvG24rcmkBoSxyysrfVeYywPuTFVhxR9CnJFp7x3P6l; https://scontent.fbtr1-1.fna.fbcdn.net/v/t39.30808-6/701157140_1488683679962173_7124576585390594780_n.jpg?stp=cp6_dst-jpg_p417x417_tt6&_nc_cat=109&ccb=1-7&_nc_sid=833d8c&_nc_ohc=qkOMc9wHMj8Q7kNvwH10I8d&_nc_oc=AdoW5ja22mosQtky-xpacgtIeAITq4R8RUodgOZCYmE4CtSdgg8v3Q2Sfr7hLSz8V6M&_nc_zt=23&_nc_ht=scontent.fbtr1-1.fna&_nc_gid=1X7r3QGPgAnlR52YBNW0sA&_nc_ss=72289&oh=00_Af65yFlCIgSQ2QntRindGJ0RC94qC7ZUtjxp5B3UyWf4fw&oe=6A121228; https://scontent.fbtr1-1.fna.fbcdn.net/v/t39.30808-6/701312545_1489244833239391_8941861181600373265_n.jpg?stp=dst-jpg_s590x590_tt6&_nc_cat=101&ccb=1-7&_nc_sid=833d8c&_nc_ohc=JWg_dVSHS3UQ7kNvwHr7l0n&_nc_oc=Adq5r3dE-oUbnXTMQTp-Th6qfyk7PHf4W0Tdn-HD5f_aZbDLoCvj22dr2kxXmJchIeM&_nc_zt=23&_nc_ht=scontent.fbtr1-1.fna&_nc_gid=1X7r3QGPgAnlR52YBNW0sA&_nc_ss=72289&oh=00_Af54Hkf5ApQBJwSnhOaRGdF5iyd2pOvqpADMxLNPo_bDbg&oe=6A1226FE
https://www.facebook.com/PhilippineSTAR/posts/pfbid0KvnXLGejdb1TspVFMYmVDcfG6Pdbiqce13rpjKX13C1MgmGhFnw3qFEbYXfievJbl,"The DOJ is pushing to file plunder, graft, and bribery charges against Sen. Jinggoy Estrada, former DPWH chief Manuel Bonoan, and other officials over alleged anomalies involving flood control funds. | via PhilSTAR Life",474,107,18,Not Relevant,1,GenericAttachmentMedia,https://external.fbtr1-1.fna.fbcdn.net/emg1/v/t13/2690509559747541239?url=https%3A%2F%2Fd2nnykqiaju69u.cloudfront.net%2Fpslife_photos%2FAyie_temp%2F2026%2F5-May%2F5.18%2Fjinggoy%2520banner.jpg&fb_obo=1&utld=d2nnykqiaju69u.cloudfront.net&stp=c0.5000x0.5000f_dst-jpg_flffffff_p500x261_q75_tt6&_nc_gid=1X7r3QGPgAnlR52YBNW0sA&_nc_oc=AdpFI8qUHtOa4z_A5WKgWdj9YHJNWf5GMAitwKgkpHl4lN_WEBYLDzi_aO1S09pMyyM&ccb=13-1&oh=06_Q3-_AWCE3abq3bdd8UEE003ovAlBDiJVTRYNL2UYogt9gJaG&oe=6A0E32D5&_nc_sid=c97757
https://www.facebook.com/inquirerdotnet/posts/pfbid0inhsxrtUyAhYPbztpihEJCpWpYqRUEdMUpsG6B7au5rPcyUZ5K3imvMFWbkCVv4Vl,Shakira acquitted in a Spanish tax fraud case,7,0,1,Not Relevant,1,GenericAttachmentMedia,https://external-lga3-2.xx.fbcdn.net/emg1/v/t13/2399378461668857877?url=https%3A%2F%2Fentertainment.inquirer.net%2Ffiles%2F2026%2F05%2FAP26138334858230-scaled.jpg&fb_obo=1&utld=inquirer.net&stp=c0.5000x0.5000f_dst-jpg_flffffff_p500x261_q75_tt6&_nc_gid=Bkh2TD6GDZSCnU82Pl4tFA&_nc_oc=AdrqAa2hIlSeVcillIVaUPcqfm2SqqBrGOAIpb5RITCQlKgKvMARAbMYb0-qPzM5YZQ&ccb=13-1&oh=06_Q3-_AWvFgrkBq5IXURhVIhyqlnDFz7o1wne2fj0fVycI6U1G&oe=6A0E1EF1&_nc_sid=c97757
https://www.facebook.com/inquirerdotnet/posts/pfbid02uE4DP2V5VHdfctsAiG4RhFESyc9kJTuXKjG4vZHryZrFE4weEhAhtqJ3D1a1USMGl,"WE'RE HIRING!

Interested applicants may send their applications to hr@inquirer.net.

Visit https://www.inquirer.net/job-openings/ for more details.",40,0,16,Not Relevant,0,,
https://www.facebook.com/inquirerdotnet/posts/pfbid02q2xKFtSkwGUufCS7TxD45VtiKFoiouZSMuMGrF9vvd1Hx1AQbr6PbVEX5Pdp2vDpl,"LOOK:  The Office of the Ombudsman is requesting a list of media personnel who were at the Senate premises during the May 13 shooting incident. | via Maila Ager, INQUIRER.net",369,38,10,Not Relevant,1,Photo,https://www.facebook.com/photo/?fbid=1426317163012568&set=a.295125726131723
https://www.facebook.com/PhilippineSTAR/posts/pfbid02n4qdxUywpysKLC9PaFyGSUQJByzi4RtHFFDCY8buyxyxwJbFUrht9HWfoztH5eGol,,478,8,77,Not Relevant,0,,
https://www.facebook.com/PhilippineSTAR/posts/pfbid02VsddqYG9rEstHtvFMRyYjayFNC8WHLGPdJz48CL6xbr1c8FrQbed1N4i9efPU3Cnl,,1918,64,184,Not Relevant,0,,
https://www.facebook.com/PhilippineSTAR/posts/pfbid0T3VSPPS9nJ1XsjV9K59D9hPU81kWhJfWC8cnu6Dv5JqQFWAo2oykwHDWtW1oz85Hl,"'IT'S NOT ABOUT SENATOR ALAN PETER CAYETANO'

National Bureau of Investigation (NBI) Director Melvin Matibag fires back at newly elected Senate President Alan Peter Cayetano, rejecting claims that the bureau is trying to undermine the upper chamber.

Matibag asserts that the agency is simply enforcing the law, rather than executing a political demolition.

RELATED: https://youtu.be/dwfHWCX6Evs?si=0l05PWYfPD0jGpji",6877,1071,300,Not Relevant,1,Photo,https://www.facebook.com/photo/?fbid=1488651083298766&set=a.602294451934438
https://www.facebook.com/inquirerdotnet/posts/pfbid021PwRjdHo2Qu5UBYzK1jfo775asggBkatoyYCRtitM7dj1Qxj1cWyM13ixEvpAWkZl,6-year-old boy drowns in Samar; 2 minors rescued in Leyte,3,1,0,Not Relevant,1,GenericAttachmentMedia,https://external-lga3-3.xx.fbcdn.net/emg1/v/t13/7646978757647906340?url=https%3A%2F%2Fnewsinfo.inquirer.net%2Ffiles%2F2022%2F09%2FSamar-map-filephoto-091322.jpg&fb_obo=1&utld=inquirer.net&stp=c0.5000x0.5000f_dst-jpg_flffffff_p500x261_q75_tt6&_nc_gid=0KjVFCPXimxG7EiTFzfiWQ&_nc_oc=AdrKrAHAuPBLeN5_zJeuWprsYkt4e3hN5WuRKv1R7YtNyQ3kakiQWDMbacz7xBgpQ-k&ccb=13-1&oh=06_Q3-_AYj3eSqceRtlgkRplyr6SwwkbvfNTqAXPzpOEMOtfJmg&oe=6A0E1881&_nc_sid=c97757
https://www.facebook.com/inquirerdotnet/posts/pfbid02uqmVZJHP4eE6Tnbxshi6F7MizsC4tyJMDxHrMViHNrjMtR6F5EkjrE1ihqb8g7grl,Nicolas Cage is middle-aged Spider-Man in his first leading TV role,20,0,4,Not Relevant,1,GenericAttachmentMedia,https://external-lga3-3.xx.fbcdn.net/emg1/v/t13/12466933719556809434?url=https%3A%2F%2Fusa.inquirer.net%2Ffiles%2F2026%2F05%2Fspider-noir-collage.jpg&fb_obo=1&utld=inquirer.net&stp=c0.5000x0.5000f_dst-jpg_flffffff_p500x261_q75_tt6&_nc_gid=0KjVFCPXimxG7EiTFzfiWQ&_nc_oc=Adq4DYx58iRk7fSOVklPa-k-IUyMPc3TJXpE-oJMVseWMkaqvEcp_jO-4Bi-KsD8OM0&ccb=13-1&oh=06_Q3-_AWWUbahRa5bcSgTiXDGBNiHIB09DMmMmTIPMA4Tq2Lsr&oe=6A0E4A97&_nc_sid=c97757
https://www.facebook.com/inquirerdotnet/posts/pfbid0DhjhnFVpSdMrvyy2v6BE7GjSPqSipYQ1kHTHM5HKfBQpXNEabDHQHEYU8Tqctrtul,"LOOK: Department of Agriculture Secretary Francisco Tiu Laurel Jr. and Agriculture Assistant Secretary Genevieve Guevara conduct a joint market inspection at Paco Market on Tuesday, monitoring the prices of imported rice and other basic commodities. 

The officials checked the compliance of rice vendors with the government’s ₱50-per-kilo rice program and reminded market personnel to observe proper pricing regulations and display updated price tags as part of the Department of Agriculture’s continuing consumer protection and price stabilization efforts. | 📸: Niño Jesus Orbeta, Philippine Daily Inquirer",16,7,2,Not Relevant,5,Photo; Photo; Photo; Photo,https://www.facebook.com/inquirerdotnet/posts/pfbid0DhjhnFVpSdMrvyy2v6BE7GjSPqSipYQ1kHTHM5HKfBQpXNEabDHQHEYU8Tqctrtul; https://scontent-lga3-2.xx.fbcdn.net/v/t39.30808-6/701459409_1426310289679922_4038361050246116257_n.jpg?stp=dst-jpg_s590x590_tt6&_nc_cat=105&ccb=1-7&_nc_sid=127cfc&_nc_ohc=ngvOtpJtRAMQ7kNvwFh4yXW&_nc_oc=AdotbwGIRnmpGx9NlccY3oyO00pz_zfl9dnfqHhK4erNB0xTHpB3Lli1pthy8JcaDvc&_nc_zt=23&_nc_ht=scontent-lga3-2.xx&_nc_gid=0KjVFCPXimxG7EiTFzfiWQ&_nc_ss=72289&oh=00_Af5DcRuEBuwB07xyPE6_4MeL5NZ5TjhDlpFi3mueiR2rZA&oe=6A12238A; https://scontent-lga3-1.xx.fbcdn.net/v/t39.30808-6/702621120_1426310299679921_1367010888682253322_n.jpg?stp=dst-jpg_s590x590_tt6&_nc_cat=109&ccb=1-7&_nc_sid=127cfc&_nc_ohc=vnHwREUb9OcQ7kNvwGG2y8k&_nc_oc=AdpKkEWllPn19S4rx8oc2ZM5f_SefovyYm3qWFQA9A9JvkSPfW7DpjTlAZa0b2BtvxE&_nc_zt=23&_nc_ht=scontent-lga3-1.xx&_nc_gid=0KjVFCPXimxG7EiTFzfiWQ&_nc_ss=72289&oh=00_Af5qpd725wH11ooQTVyMKZuPrlPNEBAUAD2_fN5fB5avKA&oe=6A1234B4; https://scontent-lga3-1.xx.fbcdn.net/v/t39.30808-6/702829822_1426310303013254_1892230535481942535_n.jpg?stp=dst-jpg_s590x590_tt6&_nc_cat=111&ccb=1-7&_nc_sid=127cfc&_nc_ohc=HSDzTBdlImkQ7kNvwF3GYLA&_nc_oc=AdpKOeuaOiTNLQlcFUukAf-GSt-UoTDhQzsU3C_DiPXtu8tr2_YX8MeeG5cbXnSdXPo&_nc_zt=23&_nc_ht=scontent-lga3-1.xx&_nc_gid=0KjVFCPXimxG7EiTFzfiWQ&_nc_ss=72289&oh=00_Af6A0S7CseQj16UQ2u2LtRM409JKWTIIctD-yBzvoIkCxw&oe=6A123332; https://scontent-lga3-1.xx.fbcdn.net/v/t39.30808-6/700266735_1426310296346588_8675678484233078264_n.jpg?stp=dst-jpg_s590x590_tt6&_nc_cat=109&ccb=1-7&_nc_sid=127cfc&_nc_ohc=MQy2D3xdgkUQ7kNvwGWE1H_&_nc_oc=Adp9LUPZdIgaXVzZC2xuMqi_C8y-6a2q3R0TqZ5oTyvDOn2q9pNJ6fyNNG_pd0n0eec&_nc_zt=23&_nc_ht=scontent-lga3-1.xx&_nc_gid=0KjVFCPXimxG7EiTFzfiWQ&_nc_ss=72289&oh=00_Af4Knp4cjKzmbBybRjLSwC-9zBsM4r3ttmMFxZGCMPSiaA&oe=6A120A59
https://www.facebook.com/PhilippineSTAR/posts/pfbid0344aYt9TQKtzvYppsnBvU8c9dxxa5v5CEtrXjZugVKfLuLMqVaGXD1jpHaQ5tgciUl,,1381,121,2,Not Relevant,0,,
https://www.facebook.com/PhilippineSTAR/posts/pfbid02SkftXifbYQ6zHKgW3XvxrE837zYrkuHZ4iHJJGUekD5fvsNwvtBVnJSuyhwoWjKkl,,89,1,3,Not Relevant,0,,
https://www.facebook.com/PhilippineSTAR/posts/pfbid0xKbgBSAjA8Cr2sehfHrchGrpyqDBzZwjK9XfqZwRt8ogg6KiJ73AUFuf7xy6rN9Vl,The Perfect Crown leads IU and Byeon Woo-seok have apologized following backlash over the K-drama’s portrayal of a royal coronation scene. | via PhilSTAR Life,109,0,4,Not Relevant,1,GenericAttachmentMedia,https://external-ord5-3.xx.fbcdn.net/emg1/v/t13/551508673903132681?url=https%3A%2F%2Fd2nnykqiaju69u.cloudfront.net%2Fphotos%2FCecile%2Fiu%2520banner%2520.jpg&fb_obo=1&utld=d2nnykqiaju69u.cloudfront.net&stp=c0.5000x0.5000f_dst-jpg_flffffff_p500x261_q75_tt6&_nc_gid=wtk4XuH0p7a_aJ7ZJKFzIw&_nc_oc=Adpbl75Eh1KlU-irAqNXX3Y7tqQ5rvLJKHWZmzvMF2QTmCH9Xy9WENQlNPfgIQQqRYVbZntoNDQU2b-WUMJdN6go&ccb=13-1&oh=06_Q3-_AdGjkbFPQA0YwFMqGvSH8BTYCYoi6B94OogVA-crHLso&oe=6A0E1C0D&_nc_sid=c97757
https://www.facebook.com/inquirerdotnet/posts/pfbid021XFnwyDbPXkD52XwwYRvBiM8BeRQyPa4bxsNgadpMXGQsaKWE9A5nVhoZRNNgf8El,Kim Atienza’s daughter Eliana graduates summa cum laude,104,1,0,Not Relevant,1,GenericAttachmentMedia,https://external-lga3-1.xx.fbcdn.net/emg1/v/t13/12036091859252921496?url=https%3A%2F%2Fentertainment.inquirer.net%2Ffiles%2F2026%2F05%2Fkim-atienza-eliana-graduation-19may2026.jpeg&fb_obo=1&utld=inquirer.net&stp=c0.5000x0.5000f_dst-jpg_flffffff_p500x261_q75_tt6&_nc_gid=q4XSIgDKr7mAKO6x9OExGQ&_nc_oc=Ado9LTzdal7bWjMpYxd1jnN2AqfFLWTJ1cUTBKq_yv7vGABHVDj7jNGrDc2r_QwHeBRH5fn6Pxp2AZWXLbxJIAfX&ccb=13-1&oh=06_Q3-_ASEoclM5MQe1qZSq-pgo6z68t9dJqVHJFZ-OjAMgG70O&oe=6A0E4887&_nc_sid=c97757
https://www.facebook.com/inquirerdotnet/posts/pfbid02SPvPoDGR9bUsgqbbxmFN7K2Fb9FZYNJC65mvihPHjGYRJmGsrzGdZst5FUxMFiFQl,Visayas grid back under yellow alert – NGCP,4,1,0,Not Relevant,1,GenericAttachmentMedia,https://external-lga3-1.xx.fbcdn.net/emg1/v/t13/40972753464701381?url=https%3A%2F%2Fbusiness.inquirer.net%2Ffiles%2F2022%2F09%2FNGCP-09122022-02.png&fb_obo=1&utld=inquirer.net&stp=c0.5000x0.5000f_dst-jpg_flffffff_p500x261_q75_tt6&_nc_gid=q4XSIgDKr7mAKO6x9OExGQ&_nc_oc=AdqJ46gIfU72teDF_wpUpitq40C2vv1iuE9FrJgu775dzreOMVgpsATsnp97yKH-G-q10kSesT-pHAwpY9Zwzc-7&ccb=13-1&oh=06_Q3-_ATAYbB0kjuU0oSdU9Tw0pzBFAzi7xs3As17OQ2ZqknUg&oe=6A0E2EB5&_nc_sid=c97757
https://www.facebook.com/inquirerdotnet/posts/pfbid0V2VLUoAqMSerqGjYUzfAiG7xyub5WrWKU6mW6FHtjDWAFZjncBJ52UR2eyBe9vuPl,‘Pamatron’ fiesta tourism program launched in Samar town,21,0,25,Not Relevant,1,GenericAttachmentMedia,https://external-lga3-1.xx.fbcdn.net/emg1/v/t13/3935505694554867664?url=https%3A%2F%2Fnewsinfo.inquirer.net%2Ffiles%2F2026%2F05%2Fpamatron-1.jpg&fb_obo=1&utld=inquirer.net&stp=c0.5000x0.5000f_dst-jpg_flffffff_p500x261_q75_tt6&_nc_gid=q4XSIgDKr7mAKO6x9OExGQ&_nc_oc=Adoctyk3zV0CeE_jSi0INHwXmIyIV4WfRxzzMBzsvnrd6oGxGJ9iSg-1VvOxZ-s57bsBM6oYtccMJCzl-YiQlypQ&ccb=13-1&oh=06_Q3-_Ad1oCMtL0UQcQri702PjK6ALwqmarXfUN98Y-KqXCZW8&oe=6A0E1695&_nc_sid=c97757
https://www.facebook.com/News5Everywhere/posts/pfbid02mLFL6gGwbpmXLEWB2Ce7uFjnQZVJLJ8jEh8tmJv99V11Qy2iNEHynE9g5yfwisTLl,"‘BAKIT? GUSTO BA NAMING TIBAGIN ‘YUNG SENADO?’

Ito ang tugon ni National Bureau of Investigation (NBI) Director Melvin Matibag kasunod ng mensahe ni Senate Pres. Alan Peter Cayetano sa ahensya na hindi umano nila natibag ang Senado sa ilalim ng kaniyang leadership.

Depensa ng NBI chief, wala silang balak na gawin ang naturang bagay.

“Gusto lang naming ipatupad ‘yung batas. Saka, it's not about Sen. Alan Peter Cayetano, it's about the Senate and the judicial system,” paliwanag ni Matibag. I via Dave Abuel",3512,957,66,Not Relevant,1,Photo,https://www.facebook.com/photo/?fbid=1509456811212847&set=a.647063400785530
https://www.facebook.com/News5Everywhere/posts/pfbid07eJHv4m4x6Te8NDRaftJgXyjdccwWrGx7MkLh9cFJwEBhhCd29AFv7qsMyi3ZmCZl,"PRES. MARCOS JR. ON POSSIBLE SENATE LEADERSHIP CHANGE

May maikling sagot si Pres. Bongbong Marcos nang tanungin tungkol sa posibilidad na magkaroon na naman ng panibagong pagpapalit ng liderato sa Senado. | via Maricel Halili",3878,998,80,Not Relevant,1,Photo,https://www.facebook.com/photo/?fbid=1509479844543877&set=a.647063400785530
https://www.facebook.com/News5Everywhere/posts/pfbid02ssRbm75M4fDDkaepzj6GaSmi9W6QDFPKnZL2ALNShc9rDhe9TZQUe1KTN8T99xhvl,"FLOOD CONTROL PROBE

State prosecutors have recommended the filing of plunder, graft, and bribery charges against Sen. Jinggoy Estrada, former public works secretary Manuel Bonoan, and several others, the Ombudsman said.",301,89,15,Not Relevant,1,GenericAttachmentMedia,https://external-bos5-1.xx.fbcdn.net/emg1/v/t13/13515123607170692602?url=https%3A%2F%2Fn5ecms.tv5.com.ph%2Fwp-content%2Fuploads%2F2026%2F05%2Fthumbnail45.png&fb_obo=1&utld=tv5.com.ph&stp=c0.5000x0.5000f_dst-jpg_flffffff_p500x261_q75_tt6&_nc_gid=VS9UPAU5wxRWiuCqB-grPg&_nc_oc=AdrrX0UyenEpgnsnN7ox479pdm361zV1apdjfCFfLAiigOD3kbkkDJbcVq5s8KPWlyk&ccb=13-1&oh=06_Q3-_AV4vUKQ7-5W55PRaK6ykW1RV5StSKrQoLApZiSYdz-TA&oe=6A0E1AE9&_nc_sid=c97757
https://www.facebook.com/reel/2708921002814604/,"Department of Energy (DOE), inaalam na sa mga distribution utilities kung bakit hindi agad nakapag-ulat sa pagbagsak ng kanilang planta na nagresulta ng kawalan ng suplay sa Luzon Grid",14,0,1,Not Relevant,1,Video,https://www.facebook.com/reel/2708921002814604/
https://www.facebook.com/reel/1508037871051230/,"Sen. Migz Zubiri sa pagsapi sa minority bloc mula sa pagiging independent: 

""With the handling of shootout, 𝐧𝐚𝐭𝐚𝐮𝐡𝐚𝐧 𝐚𝐤𝐨, 𝐧𝐚𝐠𝐮𝐥𝐚𝐭 𝐚𝐤𝐨 𝐩𝐚𝐫𝐚 𝐬𝐚 𝐢𝐧𝐬𝐭𝐢𝐭𝐮𝐬𝐲𝐨𝐧 𝐧𝐚 𝐢𝐭𝐨, 𝐚𝐭 𝐧𝐚𝐩𝐚𝐢𝐬𝐢𝐩 𝐚𝐤𝐨 𝐧𝐠 𝐦𝐚𝐥𝐚𝐥𝐢𝐦.",383,231,10,Not Relevant,1,Video,https://www.facebook.com/reel/1508037871051230/
https://www.facebook.com/reel/26946663931633328/,"Pang. Bongbong Marcos, pinangunahan ang pamimigay ng benepisyo sa 'Bawat Bayan Makikinabang program sa Mandaluyong City  | Ivan Mayrina, GMA News",10,0,0,Not Relevant,1,Video,https://www.facebook.com/reel/26946663931633328/
https://www.facebook.com/PhilippineSTAR/posts/pfbid014W14mr5CyPosZZmtoF4EvGooNMRi4nx2GYRpCC53mWH7GFi6rftvT96mVUs3mUJl,,28,2,5,Not Relevant,0,,
https://www.facebook.com/PhilippineSTAR/posts/pfbid0JQSAeK54ahcAUs2EUnX7NkBDLtDBosod1uK23vKBqkp82sG4KYC4QioAn2FtYd8Tl,,3542,567,118,Not Relevant,0,,
https://www.facebook.com/PhilippineSTAR/posts/pfbid021ae9pFccAcWYpGVcySbgMrDREUbeXDesyHQ3F4aLFEmY1fP7gmuwu2tWCCcLXkeel,,2832,251,48,Not Relevant,0,,
https://www.facebook.com/inquirerdotnet/posts/pfbid02FwNKhbU8z3waN88r29n5Md2xTwwX7pm9VHL6aaU75JCUVBrrZWwuNFaHo6XFbVe2l,Marcos calls recent US-China summit ‘encouraging’,12,1,1,Not Relevant,1,GenericAttachmentMedia,https://external-atl3-2.xx.fbcdn.net/emg1/v/t13/1348333686700295141?url=https%3A%2F%2Fglobalnation.inquirer.net%2Ffiles%2F2026%2F05%2FBoth-US-and-China-have-put-in-effort-to-present-Trumps-visit-as-a-diplomatic-triumph-Image-Mark-SchiefelbeinAP-Photopicture-alliance.png&fb_obo=1&utld=inquirer.net&stp=c0.5000x0.5000f_dst-jpg_flffffff_p500x261_q75_tt6&_nc_gid=QNqIR2qKW8i7BS1gZxWz0A&_nc_oc=AdqkShT85YLmZrvDTdGxKcYYR5nG4Zlz9tLDTzILKOWGe9Oyxv3Ml1-UsL1bC9Va4W0&ccb=13-1&oh=06_Q3-_AcODtaCGE-BqffOJ3iAAbt0kVZrMaglYxIZBcAuiKm-7&oe=6A0E2C35&_nc_sid=c97757
https://www.facebook.com/inquirerdotnet/posts/pfbid0BXvinn3SxdJYWRbrzTvGT7cLX1NVSwvPNXj4BdvbgXYmQy2JG6Zyga8f9C6fhayfl,via Bandera,12,0,0,Not Relevant,0,,
https://www.facebook.com/inquirerdotnet/posts/pfbid02sysKM4c3qTS8bHqjHpavHhL3rqY334JNjQZe4HmZLg8V54Bh5rezAGoKMsXc9tGul,Voter registration ends with long queues in Negros Occidental,3,0,0,Not Relevant,1,GenericAttachmentMedia,https://external-atl3-2.xx.fbcdn.net/emg1/v/t13/3613287729147839474?url=https%3A%2F%2Fwww.inquirer.net%2Fwp-content%2Fuploads%2F2024%2F10%2FNegros-Occidental-map-filephoto-091322.jpg&fb_obo=1&utld=inquirer.net&stp=c0.5000x0.5000f_dst-jpg_flffffff_p500x261_q75_tt6&_nc_gid=QNqIR2qKW8i7BS1gZxWz0A&_nc_oc=AdpRuYuSrvq1pHT_M0uHLd-WQftKvBSKjL-HRvmz97V3xZfQPyjK1FPVWlRjJrdpaBQ&ccb=13-1&oh=06_Q3-_AS0GezS012IuXVjeTHw7AsZeA_wUoaEi73HSCG2qlDqI&oe=6A0E1441&_nc_sid=c97757
https://www.facebook.com/reel/1721864665637624/,"𝐈𝐦𝐛𝐞𝐬𝐭𝐢𝐠𝐚𝐬𝐲𝐨𝐧 𝐬𝐚 𝐭𝐞𝐧𝐬𝐲𝐨𝐧 𝐬𝐚 𝐒𝐞𝐧𝐚𝐝𝐨

Nasa tanggapan ng NBI ang mga tauhan ng PNP-CIDG para imbestigahan ang nangyaring putukan sa Senado noong Miyerkules, May 13, 2026 | via Pamela  Adriano, DZBB",16,0,1,Not Relevant,1,Video,https://www.facebook.com/reel/1721864665637624/
https://www.facebook.com/reel/2348057992391100/,"Sen Migz Zubiri at Sen JV Ejercito, nagpaliwanag sa pagsapi sa minority bloc mula sa pagiging independent | via Nimfa Ravelo, DZBB",16,2,1,Not Relevant,1,Video,https://www.facebook.com/reel/2348057992391100/
https://www.facebook.com/reel/2925386274469702/,"As of 6:00PM, dumating ang panibagong batch ng nga pulis na magbabantay sa labas ng Senado 

🎥Sam Nielsen, DZBB",125,10,2,Not Relevant,1,Video,https://www.facebook.com/reel/2925386274469702/
https://www.facebook.com/inquirerdotnet/posts/pfbid02pvqbpYBNwuJVf2tGwapBXTUEkYSB7ZTZ3rsTapBavQxcLBxagseqF9cCRFroRsQDl,Libyan ex-prison boss faces ICC war crimes hearing,114,22,5,Not Relevant,1,GenericAttachmentMedia,https://external-mia3-3.xx.fbcdn.net/emg1/v/t13/7103671295768789265?url=https%3A%2F%2Fglobalnation.inquirer.net%2Ffiles%2F2026%2F05%2FLibyan-ex-prison-boss-faces-ICC-war-crimes-hearing.jpg&fb_obo=1&utld=inquirer.net&stp=c0.5000x0.5000f_dst-jpg_flffffff_p500x261_q75_tt6&_nc_gid=AKqa8k8CKiwHiIMqb5rpdA&_nc_oc=AdpyUSW_pUbr6jTSwjRo_b9Hm-f6pwSccw1RaFdPjjOXeRwG05TJo0m99Xip3Z9Oty0&ccb=13-1&oh=06_Q3-_ASQXD_Shp41UkHsQ5YHXj0d2JaAr_gYrtcI_2WR8Q6TC&oe=6A0E1FE9&_nc_sid=c97757
https://www.facebook.com/reel/2563425174119887/,"Philippine pop sensation BINI visited the House of Representatives on Monday to receive a congressional resolution honoring its performance at the Coachella music festival.

READ: https://entertainment.inquirer.net/669896/girl-group-bini-receives-house-reso-congratulating-coachella-act",987,48,90,Not Relevant,1,Video,https://www.facebook.com/reel/2563425174119887/
https://www.facebook.com/inquirerdotnet/posts/pfbid0pMy54kuNwc8Tk5HgLZsJoEPQD2icFS9CmeyBJP3Mht1xH5gbktRvVELjmSBWPXP7l,"Marcos seeks Japan’s aid in securing stable, diversified energy supplies",77,34,1,Not Relevant,1,GenericAttachmentMedia,https://external-mia3-3.xx.fbcdn.net/emg1/v/t13/3930919360491360939?url=https%3A%2F%2Fglobalnation.inquirer.net%2Ffiles%2F2026%2F05%2F07may2026marcos-bimp.jpg&fb_obo=1&utld=inquirer.net&stp=c0.5000x0.5000f_dst-jpg_flffffff_p500x261_q75_tt6&_nc_gid=AKqa8k8CKiwHiIMqb5rpdA&_nc_oc=AdrOzr4D8MC-izYjdw7gPIDIPLBiGUsYCvandN6Kc3NLKFYslOFIvZj-dSUkfUE3J1I&ccb=13-1&oh=06_Q3-_AS2ef8v1zEkfgXbSIYg5ab2pshORAtwMAlGvZHJUe4rl&oe=6A0E26D4&_nc_sid=c97757
https://www.facebook.com/reel/1780206453353439/,"Defense team ni VP Sara Duterte, tiniyak ang pagtugon matapos mag-convene ang Senado bilang impeachment court | via Glen Juego - Reporter Dad",12,0,0,Not Relevant,1,Video,https://www.facebook.com/reel/1780206453353439/
https://www.facebook.com/reel/4447722022221356/,"𝐈 𝐩𝐨𝐥𝐢𝐭𝐞𝐥𝐲 𝐝𝐞𝐜𝐥𝐢𝐧𝐞𝐝 

Sen JV Ejercito, inalok ni Senate President Alan Peter Cayetano bilang majority leader, pero magalang daw niya itong hindi tinanggap.",142,27,0,Not Relevant,1,Video,https://www.facebook.com/reel/4447722022221356/
https://www.facebook.com/reel/3874999652794183/,"'𝐖𝐚𝐥𝐚 𝐧𝐚 𝐬𝐢𝐲𝐚𝐧𝐠 𝐭𝐢𝐦𝐞, 𝐩𝐚𝐠 𝐬𝐢𝐧𝐮𝐬𝐮𝐠𝐨𝐝 𝐤𝐚 𝐧𝐚 𝐡𝐢𝐧𝐝𝐢 𝐤𝐚 𝐧𝐚 𝐦𝐚𝐤𝐚𝐤𝐚𝐩𝐚𝐚𝐥𝐚𝐦' 

Sagot 'yan ni Senate President Peter Alan Cayetano kung humingi ba ng clearance si Acting senate SGT-at-Arms Ret. Gen. Mao Aplasca sa pagwa-warning shot noong Miyerkules, May 13, 2026. 

🎥Nimfa Ravelo, DZBB",736,236,42,Not Relevant,1,Video,https://www.facebook.com/reel/3874999652794183/
https://www.facebook.com/PhilippineSTAR/posts/pfbid0C3Qx9Vpbd1gK2w7fs6bA2BJ9YdDYvYKApKGmUwpPWCsDeAyQXVX9E4xgNZx8KKgNl,,463,16,11,Not Relevant,0,,
https://www.facebook.com/PhilippineSTAR/posts/pfbid02LiKpVZUbL7YHyf18TryqHy1n8kqtkE42fbtMs2xLVwoTczh7v6V2g41XmrvARahBl,A new lineup of Senate committee chairpersons has been released after all seats were declared vacant and reshuffled.  | via PhilSTAR Life,73,27,0,Not Relevant,1,GenericAttachmentMedia,https://external-phx1-1.xx.fbcdn.net/emg1/v/t13/8673995613672327066?url=https%3A%2F%2Fd2nnykqiaju69u.cloudfront.net%2Fpslife_photos%2FAyie_temp%2F2026%2F5-May%2F5.18%2Fsenate%2520banner.jpg&fb_obo=1&utld=d2nnykqiaju69u.cloudfront.net&stp=c0.5000x0.5000f_dst-jpg_flffffff_p500x261_q75_tt6&_nc_gid=0HdWVA4yjyfejNRJDx2wRg&_nc_oc=Adplt0yJK9e7wISXveJ8t31jgp9yKvSOU7dHjWI3m7SnEnP378YvWhJDfzSz4NmezWE&ccb=13-1&oh=06_Q3-_AadECbYeAM57jg2iR3I-Ykjizw9uXhxibq1oQdCu1ih_&oe=6A0E12BD&_nc_sid=c97757
https://www.facebook.com/PhilippineSTAR/posts/pfbid022XuFWoWZvRGn988GhgCB8JNYPVUcNbpebJKPYjNeexBMU3c1hjVogpyZFijcn7n3l,,497,43,19,Not Relevant,0,,
https://www.facebook.com/dzbb594/posts/pfbid07mqML3qX1GU2kdM1CcUgMi1ihL6igYLBVoWeECJFRLMiTRiRRenZJRw5kuV77Lt2l,BASAHIN Pahayag ni House Prosecutor at Manila Rep. Joel Chua kaugnay ng pag-convene ng Senado bilang impeachment court.,102,42,3,Not Relevant,1,Photo,https://www.facebook.com/photo/?fbid=1476700114503508&set=a.604255335081328
https://www.facebook.com/reel/4247607822049808/,"Sen. Pia Cayetano, kabilang sa ikinukunsidera na gawing chairperson ng Senate Blue Ribbon Committee",107,13,1,Not Relevant,1,Video,https://www.facebook.com/reel/4247607822049808/
https://www.facebook.com/reel/967128975955118/,"'𝐇𝐢𝐧𝐝𝐢 𝐚𝐤𝐨 𝐧𝐚𝐭𝐚𝐤𝐨𝐭, 𝐧𝐚𝐥𝐮𝐧𝐠𝐤𝐨𝐭 𝐚𝐤𝐨'

Ikinalungkot ni Sen Rodante Marcoleta ang nangyaring tensyon sa Senado noong Miyerkules, May 13, 2026; kinuwestyon din niya ang naging papel ni dating Sen. Antonio Trillanes sa paghahain ng ICC warrant kay Sen Bato dela Rosa",5162,1012,184,Not Relevant,1,Video,https://www.facebook.com/reel/967128975955118/
https://www.facebook.com/News5Everywhere/posts/pfbid0MV6tuspMPv73jZHFUDz2kJB3W6rWwNfKGrkYsrBBg3imV7mPPChGmMcZXK5qVu7el,"‘HINDI TOTOO’

Pinabulaanan ni Sen. Robin Padilla ang kumakalat na ulat na isinakay niya umano si Sen. Bato dela Rosa sa isang yate.

Wala rin umanong katotohanan na namataan siya, kasama ni dela Rosa, sa Ninoy Aquino International Airport (NAIA) umaga noong Huwebes, May 14.

Gayunman, tumanggi siyang kumpirmahin o pabulaanan kung siya ang naglabas kay dela Rosa sa Senado.

Wala rin daw siyang magagawa kung itinuturing siyang person of interest kaugnay sa usapin.

Aniya, hintayin na lamang ang isasagawang imbestigasyon sa usapin ng pag-alis ni dela Rosa sa ilalim ng protective custody ng Senado. I via #MOJO Marymon Reyes",1388,291,15,Not Relevant,1,Photo,https://www.facebook.com/photo/?fbid=1509431631215365&set=a.647063400785530
https://www.facebook.com/News5Everywhere/posts/pfbid02Q2kezfKV7hU6B7dupboZGikMri7VNUKwDhEXGa7yzRXBAyTbhc5zhBHsASZ5kT2Kl,"LUISTRO, LEAD PROSECUTOR SA VP SARA TRIAL

Pormal nang inihain ng House prosecution panel ang kanilang entry of appearance sa Senate impeachment court ngayong Lunes, May 18 para sa nakatakdang paglilitis kay Vice Pres. Sara Duterte.

Sa tatlong pahinang dokumento, pinangalanan si House Committee on Justice Chair and 2nd District Batangas Rep. Jinky Luistro bilang lead public prosecutor. | via Marianne Enriquez

📷: House Committee on Justice",2105,190,19,Not Relevant,4,Photo; Photo; Photo,https://www.facebook.com/News5Everywhere/posts/pfbid02Q2kezfKV7hU6B7dupboZGikMri7VNUKwDhEXGa7yzRXBAyTbhc5zhBHsASZ5kT2Kl; https://scontent-msp1-1.xx.fbcdn.net/v/t39.30808-6/700285716_1509427997882395_3927318173695252651_n.jpg?stp=cp6_dst-jpg_p417x417_tt6&_nc_cat=107&ccb=1-7&_nc_sid=127cfc&_nc_ohc=iyJrXUnJxHwQ7kNvwF_Fgm4&_nc_oc=Adr07Be2VZoL8UfNDnb4xZ37XKK3mhG5xCuFaOl2yzPGPTbm3Xx_Hn3rJpXd8gvCfhQ&_nc_zt=23&_nc_ht=scontent-msp1-1.xx&_nc_gid=UYC7b5jUALBot90kwLcM7w&_nc_ss=72289&oh=00_Af5amuiBE0qSNg0N6UY980U1RCF9dZz1xaHkZeV3ivjd9A&oe=6A12383B; https://scontent-msp1-1.xx.fbcdn.net/v/t39.30808-6/700418385_1509428091215719_7853059526092750137_n.jpg?stp=cp6_dst-jpg_s590x590_tt6&_nc_cat=100&ccb=1-7&_nc_sid=127cfc&_nc_ohc=4ciEYXip3hoQ7kNvwGdPRdA&_nc_oc=AdpyhFtlkFqP-0LlZdXDVnG3SwESH7oNBFIJxRdcKipz3gvqbJ5P1HMtpQFnYOgeGrg&_nc_zt=23&_nc_ht=scontent-msp1-1.xx&_nc_gid=UYC7b5jUALBot90kwLcM7w&_nc_ss=72289&oh=00_Af6gHGhsCMNgvHBXpZa9veGmvllvF7wnV12-xzgaspIYNQ&oe=6A122E3D; https://scontent-msp1-1.xx.fbcdn.net/v/t39.30808-6/703716150_1509428137882381_4339994568106160059_n.jpg?stp=cp6_dst-jpg_s590x590_tt6&_nc_cat=107&ccb=1-7&_nc_sid=127cfc&_nc_ohc=n70a-xfM5X4Q7kNvwELWFPr&_nc_oc=AdpBHck-pNYmThRq1X3zn48Km3y5H-AT_fuiqcUsEnYk6AGH8oD0B32kMz-4nHiK1MA&_nc_zt=23&_nc_ht=scontent-msp1-1.xx&_nc_gid=UYC7b5jUALBot90kwLcM7w&_nc_ss=72289&oh=00_Af7KLPqvSp9yYfEhJbrY7g4kkhngKFQGIJvJB_2eOKtCWg&oe=6A12282C
https://www.facebook.com/reel/1193519436134523/,"SEN. RODANTE MARCOLETA O SEN. PIA CAYETANO?

Tinutukoy na ni Senate President Alan Peter Cayetano kung sino ang posibleng maupo bilang Senate Blue Ribbon Committee chairperson matapos mabakante ang puwesto kasunod ng kamakailang pagbabago sa liderato ng Senado.

Ayon kay Cayetano, kabilang sa mga kinokonsidera para sa chairmanship sina Sen. Rodante Marcoleta at Sen. Pia Cayetano.",1374,136,22,Not Relevant,1,Video,https://www.facebook.com/reel/1193519436134523/
https://www.facebook.com/PhilippineSTAR/posts/pfbid022B3RQ6McbuzD5wkaPAEbhebSdjBubq2wyxqAAPfSGiEkSxTHTd78tjMBNdX9HBjol,"MAY HIS FAVOR REST ON US 🙏

May the favor of the Lord our God rest on us; establish the work of our hands for us— yes, establish the work of our hands. — Psalms 90:17 NIV",1669,72,101,Not Relevant,1,Photo,https://www.facebook.com/photo/?fbid=1488578063306068&set=a.602294451934438
https://www.facebook.com/PhilippineSTAR/posts/pfbid02Ek27cuDFUGZPAM3AwVXQCVXhLgQH7eiunP2rreQcSY7XjVanj5HEJF9hcJLrXokSl,Rising P-pop girl group KAIA is gaining momentum globally after their powerful live rendition of HUNTR/X’s “Take Down” went viral online. | via LatestChika.com,411,26,64,Not Relevant,1,GenericAttachmentMedia,https://external-bos5-1.xx.fbcdn.net/emg1/v/t13/11283025089723530500?url=https%3A%2F%2Flatestchika.com%2Fwp-content%2Fuploads%2F2026%2F05%2FFEATURED-PIC_c093q4.png&fb_obo=1&utld=latestchika.com&stp=c0.5000x0.5000f_dst-jpg_flffffff_p500x261_q75_tt6&_nc_gid=v7Fj9jBPV5E1_3mB8qK9qw&_nc_oc=AdpB60aMXON6VLkW6tYqIsTearPEYx3KdM-oQJNQ9KZoQtZg17iUbAszNRvgKY-nmKTrhe3riik4rPXeQ6Tcy5Nj&ccb=13-1&oh=06_Q3-_Ac1JfrztMaFqHl9yB8wKUvQA0umHnAvR14Akc7KlAzpn&oe=6A0E2C66&_nc_sid=c97757
https://www.facebook.com/PhilippineSTAR/posts/pfbid0xp6u6L9uTrrAdwWTfqranjSv6MftEzVe1ExSP1efp8TX3b87tY8o5KmGnhiWhVWYl,,2807,16,41,Not Relevant,0,,
https://www.facebook.com/dzbb594/posts/pfbid024NGkNCd49ym6JN89emZKMz7iQ7Rj1Pdh3ww9gppnJFSiCkc9yMWujEdbBmtoAsi9l,"'𝐍𝐚𝐭𝐚𝐮𝐡𝐚𝐧 𝐚𝐤𝐨, 𝐍𝐚𝐠𝐮𝐥𝐚𝐭 𝐚𝐤𝐨 𝐩𝐚𝐫𝐚 𝐬𝐚 𝐢𝐧𝐬𝐭𝐢𝐭𝐮𝐬𝐲𝐨𝐧 𝐧𝐚 𝐢𝐭𝐨'

Pahayag 'yan ni Sen. Migz Zubiri matapos niyang ihanay ang sarili bilang kasapi ng Senate minority.

""With the handling of shootout, natauhan ako, Nagulat ako para sa institusyon na ito, at napaisip ako ng malalim. 

Tinanong nga ako ng mga anak ko kung bakit nagkaganito sa Senado. So I prayed hard and sought for discernment, and I said it’s about time to make a stand na maiba ang pangyayari dito sa Senado, na maibalik natin ang dignidad ng Senado. 

For the first time in the history, nagkaputukan dito,  at nagkagulo-gulo. That has never happened in the history of this great body. So we made the decision, I made the decision with my family that it has to change.""",419,193,2,Not Relevant,1,Photo,https://www.facebook.com/photo/?fbid=1476689041171282&set=a.604255335081328
https://www.facebook.com/reel/1481782996158546/,"DOJ, inirekomenda na makasuhan ng plunder, graft at iba pang kaso kina Sen. Jinggoy Estrada, dating DPWH Sec. Manny Bonoan at iba pa kaugnay sa flood control anomaly. 

Kinumpirma ito ni Asst. Ombudsman Mico Clavano matapos matanggap ang resolusyon mula sa DOJ. 

Isasailalim naman ng Ombudsman sa review ang rekomendasyon ng DOJ.",62,11,1,Not Relevant,1,Video,https://www.facebook.com/reel/1481782996158546/
https://www.facebook.com/dzbb594/videos/1635689174181610/,"Mga bigtime na balita ngayong araw ng Lunes, babantayan at tututukan ni Rene Sta. Cruz sa programang Bigtime Balita mula 5:30 PM – 6:30 PM.

📻: 594 kHz AM band
📡: gmanetwork.com/radio/streaming/dzbb
FB LIVE: Bigtime Balita",36,15,5,Not Relevant,1,Video,https://www.facebook.com/dzbb594/videos/1635689174181610/
https://www.facebook.com/inquirerdotnet/posts/pfbid032UWqBJDPiEcvWCpvgDZoXkv9ECxwpzTVTzouYVPWASLFZtKvubYfFw2HnxU3Zp4Tl,via Bandera,6,0,0,Not Relevant,0,,
https://www.facebook.com/inquirerdotnet/posts/pfbid02b6N2Qa2X8WX5GnJA5P98LXpHDXoHy2HhCjhT2cvSG1L1X4cd2wXXVQDGMr3fUoobl,NBP’s lease could generate steady revenue for BuCor modernization,5,0,0,Not Relevant,1,GenericAttachmentMedia,https://external.fric1-1.fna.fbcdn.net/emg1/v/t13/7152634978705765276?url=https%3A%2F%2Fnewsinfo.inquirer.net%2Ffiles%2F2026%2F03%2F09-march-2026-catapang.jpg&fb_obo=1&utld=inquirer.net&stp=c0.5000x0.5000f_dst-jpg_flffffff_p500x261_q75_tt6&_nc_gid=1xkMqhwGeW4Gg62qhHdTJw&_nc_oc=AdrlPsTSwERMGY5EtL0HCK6kM1YC0EWZ_UI--3Zl1jeblRv4xA_ue1lnv1LoPzJK3I0&ccb=13-1&oh=06_Q3-_AYyOOtJK7fuirne5sSD1QToudsQt47IE9IUNPakxyTsp&oe=6A0E2C21&_nc_sid=c97757
https://www.facebook.com/inquirerdotnet/posts/pfbid02BmFS2HDnnjBqMxkdN3sqNpJPXJGcBBvYPH86zjfvC5iPU8jmcxgaBWFXs2R6piw9l,Jermaine Jackson ordered to pay $6.5 million in sexual assault case,27,1,2,Not Relevant,1,GenericAttachmentMedia,https://external.fric1-1.fna.fbcdn.net/emg1/v/t13/9353276745858225536?url=https%3A%2F%2Fusa.inquirer.net%2Ffiles%2F2026%2F05%2FAP26111283826494.jpg&fb_obo=1&utld=inquirer.net&stp=c0.5000x0.5000f_dst-jpg_flffffff_p500x261_q75_tt6&_nc_gid=1xkMqhwGeW4Gg62qhHdTJw&_nc_oc=AdrcfzJmNxuCCzT9ZxIG2JBAnJuUOneLjeqmHdazsT-VZLynfNboq-klIDLLWBZ-YEI&ccb=13-1&oh=06_Q3-_ASUq46Xztm_xanyOSon91saoprzHcDHY73oST3btdItA&oe=6A0E2980&_nc_sid=c97757
https://www.facebook.com/News5Everywhere/posts/pfbid0i6xG4Koct7yozdRK4SjxodWoQib8bpZi4j3fNBsH6ec1iJG8zWEmxHkaTTD4EB1xl,"NAG-RESIGN NA MGA KONGRESISTA

Inanunsyo sa plenary session ng Kamara ngayong Lunes, May 18 ang pagbibitiiw nina 1Tahanan Rep. Nathaniel Oducado at Pinoy Workers Rep. Franz Legazpi bilang House members.

Walang binanggit na rason sa resignation ng dalawang party-list representatives.

Inatsan ang House secretary-general na tanggalin sila sa roll of members ng Kamara.

Umabot na sa apat ang nag-resign na kongresista sa 20th Congress. Nauna nang nagbitiw sina Zaldy Co ng Ako Bicol Party-list, at Edvic Yap ng ACT-CIS Party-list.",5105,1412,226,Not Relevant,1,Photo,https://www.facebook.com/photo/?fbid=1509422447882950&set=a.647063400785530
https://www.facebook.com/reel/1429502508931712/,"MARCOLETA KAY BATO: HE RISKED 'YUNG BUHAY NIYA, WE OWE IT TO HIM

Muling idiniin ni Sen. Rodante Marcoleta na walang basehan ang inilabas ng International Criminal Court (ICC) na arrest warrant laban kay Sen. Bato dela Rosa.",33198,5889,811,Not Relevant,1,Video,https://www.facebook.com/reel/1429502508931712/
https://www.facebook.com/reel/2216250872511806/,#UnaSaLahat | Itinalaga bilang bagong kalihim ng Department of Budget Management (DBM) si Kim Robert de Leon.,509,150,17,Not Relevant,1,Video,https://www.facebook.com/reel/2216250872511806/
https://www.facebook.com/inquirerdotnet/posts/pfbid02sqZvFfFBH7VFgFgeod5JQmjc3pUtcSnHG86wyMHR7XzMahiPHGrZxx2dgBJ1GKJFl,"Asean survey: PH leads on sovereignty, trails on climate, tech",9,1,0,Not Relevant,1,GenericAttachmentMedia,https://external.flas1-2.fna.fbcdn.net/emg1/v/t13/14806159937501930848?url=https%3A%2F%2Fglobalnation.inquirer.net%2Ffiles%2F2026%2F05%2FAsean-survey-PH-leads-on-sovereignty-trails-on-climate-tech.png&fb_obo=1&utld=inquirer.net&stp=c0.5000x0.5000f_dst-jpg_flffffff_p500x261_q75_tt6&_nc_gid=ihoHv9Hau9QLHNjnrfze0w&_nc_oc=Ado4s1HWZT_bCtn0L6MO_QfN9nUWgiLZc4XiIgWo7EzxFtecQ-FOd2JJEeEGtaq-U3Q&ccb=13-1&oh=06_Q3-_AfGrLqLnLc1dyU5ggNDry0N6Y-qB4jefbuZihBu3V5ac&oe=6A0E1362&_nc_sid=c97757
https://www.facebook.com/inquirerdotnet/posts/pfbid0qyETyqSumZPDQFzTqLKBUD4PFUxJeFh7g4U6ZgN2bzeh9RoGiFMZHZ5dg5kjcQ6Kl,Hello Kitty shinkansen makes final run after 8 years of operation,10,0,1,Not Relevant,1,GenericAttachmentMedia,https://external.flas1-2.fna.fbcdn.net/emg1/v/t13/5944721772048584353?url=https%3A%2F%2Fglobalnation.inquirer.net%2Ffiles%2F2026%2F05%2FHello-Kitty-shinkansen-makes-final-run-after-8-years-of-operation.jpeg&fb_obo=1&utld=inquirer.net&stp=c0.5000x0.5000f_dst-jpg_flffffff_p500x261_q75_tt6&_nc_gid=ihoHv9Hau9QLHNjnrfze0w&_nc_oc=AdouIQAFJHjPfS7aLJ0CDUg-OcI5NuFHH0GAlQgcYuX6BcSQ4kMsdgbL7qThO1Y8J2w&ccb=13-1&oh=06_Q3-_AXnuyvVVfo7m0sMKcUVSTvMc6Q-0AHFy_-DZxKno3Ofq&oe=6A0E43E7&_nc_sid=c97757
https://www.facebook.com/inquirerdotnet/posts/pfbid02SX8T4b5YRTCdVJZjHwWbagtNQM2J6HzmM8jTiQsdtZDrBS7PJwzVMkoGGtdcENCal,"Japan logs 1st extremely hot day of 2026, 3rd earliest on record",8,0,0,Not Relevant,1,GenericAttachmentMedia,https://external.flas1-2.fna.fbcdn.net/emg1/v/t13/16633223763495981613?url=https%3A%2F%2Fglobalnation.inquirer.net%2Ffiles%2F2026%2F05%2FJapan-logs-1st-extremely-hot-day-of-2026-3rd-earliest-on-record-scaled.jpg&fb_obo=1&utld=inquirer.net&stp=c0.5000x0.5000f_dst-jpg_flffffff_p500x261_q75_tt6&_nc_gid=ihoHv9Hau9QLHNjnrfze0w&_nc_oc=AdrR1ui1uSCTjlibRLCRgEi1WoPVxl33_5YKKmNxcd0LCCcbX7cQCy6uZRFUfaDWa7E&ccb=13-1&oh=06_Q3-_AS1fHIc5j1lNiPVKR4ls_PKdIerlFR4cnZcZx1LZtrDF&oe=6A0E2EFB&_nc_sid=c97757
https://www.facebook.com/dzbb594/posts/pfbid0HAuGuZigVrmDumoghuPxnezCge1x6ZXvj7xtu5RQThBYeicp1qSnCansaBYGXR6rl,"BASAHIN: House Speaker Faustino Dy III at House Senior Deputy Speaker Ferdinand Hernandez, pinaiimbestigahan ang NGCP dahil sa malawakang brownouts sa Luzon at Visayas.",23,1,2,Not Relevant,3,Photo; Photo,https://www.facebook.com/dzbb594/posts/pfbid0HAuGuZigVrmDumoghuPxnezCge1x6ZXvj7xtu5RQThBYeicp1qSnCansaBYGXR6rl; https://scontent-dfw6-1.xx.fbcdn.net/v/t39.30808-6/702010032_1476676087839244_2242363286676247309_n.jpg?stp=dst-jpg_s590x590_tt6&_nc_cat=102&ccb=1-7&_nc_sid=127cfc&_nc_ohc=YKo6UCLAzAwQ7kNvwGD-n_W&_nc_oc=Adod6sWKtCLi0xHvkJAjtCBFsl8M1m5pHU4UCikvkzAAG7XK1liZ3JPxLR5rjfpMNmk&_nc_zt=23&_nc_ht=scontent-dfw6-1.xx&_nc_gid=CqCIH-Bt1M3JHlu3U8UzOA&_nc_ss=72289&oh=00_Af7B3z-6A51p1WVdwp9R-saRbBRxBA0-fk-MGjwF44zNuw&oe=6A120F8F; https://scontent-dfw5-1.xx.fbcdn.net/v/t39.30808-6/702603213_1476676171172569_218333990887711002_n.jpg?stp=dst-jpg_s590x590_tt6&_nc_cat=105&ccb=1-7&_nc_sid=127cfc&_nc_ohc=juaG8fkGeNYQ7kNvwGRc9aX&_nc_oc=AdogYx4V6SGhWqAkaY_1g0qm4LG_S_ljr0XkSSlknPzqnj_1ScSLFSrInak0GlY3ohk&_nc_zt=23&_nc_ht=scontent-dfw5-1.xx&_nc_gid=CqCIH-Bt1M3JHlu3U8UzOA&_nc_ss=72289&oh=00_Af5bMInJTpLiDdAZKeh9QibSecLxaC7mCPd9ekbjy9n2RA&oe=6A123164
https://www.facebook.com/reel/944314971917871/,"𝐀𝐍𝐎𝐓𝐇𝐄𝐑 𝐀𝐋𝐋-𝐓𝐈𝐌𝐄 𝐋𝐎𝐖

Halaga ng piso kontra dolyar, muling sumadsad sa pinakamababang halaga ngayong araw, May 18, 2026, 
₱61.75: USD $1.",12,2,2,Not Relevant,1,Video,https://scontent-dfw5-2.xx.fbcdn.net/v/t15.5256-10/702200736_2532092647224641_5097924052661673182_n.jpg?stp=dst-jpg_s526x296_tt6&_nc_cat=100&ccb=1-7&_nc_sid=5fad0e&_nc_ohc=2f0Urg1_LG8Q7kNvwGSzFAI&_nc_oc=AdrQC1T9WnqqpieWcp45dtIrYSjy7q0S_Dt8eoNFP6eg2zL3V9wnPPcdetoY14Tumgc&_nc_zt=23&_nc_ht=scontent-dfw5-2.xx&_nc_gid=CqCIH-Bt1M3JHlu3U8UzOA&_nc_ss=72289&oh=00_Af71Rfn-ZwOO1ETilO-mVSTry__geoUQObV8naw0d3fAvg&oe=6A121EB9
https://www.facebook.com/dzbb594/posts/pfbid02iXxhpH6kCyFNdYbXG5WuAKvccx8gVk8kt6ynsNfjwmAJ8rKPrfhzzb9dhpJgVUeGl,,347,79,26,Not Relevant,0,,
https://www.facebook.com/PhilippineSTAR/posts/pfbid0UxZJhVzww5qnwjfhZqzrnFrKMN2GX4axkavaLNpQbKYL6TWE35YSgzNhVXvgKgkTl,,730,212,28,Not Relevant,0,,
https://www.facebook.com/PhilippineSTAR/posts/pfbid0HG9KHHws4RLTZmjaAU14yj3dNZ4MqJcHn6oNrwM3LM96zmR8PQTYMHiMPiUVSnYol,"Despite how common PMOS is, many young women still feel ashamed, confused, or blamed for symptoms that are actually linked to hormones, metabolism, insulin resistance, and genetics. | via Joyful Wellness",6,1,1,Not Relevant,1,GenericAttachmentMedia,https://external-dfw5-3.xx.fbcdn.net/emg1/v/t13/7905629087416912600?url=https%3A%2F%2Fjoyfulwellness.ph%2Fwp-content%2Fuploads%2F2026%2F05%2Fgraphicook-studio-XXqKxBG0WjQ-unsplash-scaled.jpg&fb_obo=1&utld=joyfulwellness.ph&stp=c0.5000x0.5000f_dst-jpg_flffffff_p500x261_q75_tt6&_nc_gid=OrC3CS7RJGMoKeR1i41epg&_nc_oc=AdpnxugpKUZqUj6yuvN2Q-FtHspXojhVzywBrzTFOjHBktujsInQ30k9yGZk5R74EEc&ccb=13-1&oh=06_Q3-_AbEpO4eNpKNXh8IMNw6R5qZVRfPImpBsZa4u3Irwulfz&oe=6A0E1737&_nc_sid=c97757
https://www.facebook.com/PhilippineSTAR/posts/pfbid0uiTANwceJ8kaiqBRWc7B1VfkCqng7fk2DyaiuYF9JBVcNs7sgRTuS1QdeKv7p3ipl,"SENATE CONVENES AS IMPEACHMENT COURT

Senators take their oath as senator-judges on Monday as the Senate convened as an impeachment court to hear the complaint against Vice President Sara Duterte, who faces allegations of misuse of public funds, unexplained wealth, and threats against top government officials, all of which she has denied. (Photos by Ryan Baldemor/The Philippine STAR)",3220,308,123,Not Relevant,6,Photo; Photo; Photo; Photo; Photo,https://www.facebook.com/PhilippineSTAR/posts/pfbid0uiTANwceJ8kaiqBRWc7B1VfkCqng7fk2DyaiuYF9JBVcNs7sgRTuS1QdeKv7p3ipl; https://scontent-dfw6-1.xx.fbcdn.net/v/t39.30808-6/702320263_1488532379977303_1790822780052650411_n.jpg?stp=dst-jpg_s590x590_tt6&_nc_cat=103&ccb=1-7&_nc_sid=127cfc&_nc_ohc=ZSraVaa17uMQ7kNvwFG2PL8&_nc_oc=Adqwb8h2jPw9wZvK7_L7_fvfYdRfeh8W9-MoyKGTBGp4dW8t9KITLxbsQs70K-A5JZ8&_nc_zt=23&_nc_ht=scontent-dfw6-1.xx&_nc_gid=OrC3CS7RJGMoKeR1i41epg&_nc_ss=72289&oh=00_Af6h72dma7DRyoWlRHRR9Ni0Uk_E81FbPReYhxSj0lEFfA&oe=6A12138D; https://scontent-dfw5-1.xx.fbcdn.net/v/t39.30808-6/702465648_1488532293310645_3249505091618793785_n.jpg?stp=dst-jpg_s590x590_tt6&_nc_cat=111&ccb=1-7&_nc_sid=127cfc&_nc_ohc=8jYdqR8ACqoQ7kNvwH5-QMO&_nc_oc=AdqIpsBxjgqJVvMpSOL-0Hx8MVs4yLyGE76efC9oZtCDk_iMWksU57RdYPmz0birkLM&_nc_zt=23&_nc_ht=scontent-dfw5-1.xx&_nc_gid=OrC3CS7RJGMoKeR1i41epg&_nc_ss=72289&oh=00_Af4Vm69jt58DVZB-DteYdobWf62XSK7YImMaM1pVU5neZg&oe=6A123641; https://scontent-dfw5-1.xx.fbcdn.net/v/t39.30808-6/702625480_1488531906644017_8795468268510312216_n.jpg?stp=dst-jpg_s590x590_tt6&_nc_cat=109&ccb=1-7&_nc_sid=127cfc&_nc_ohc=QYYdRGnXXYEQ7kNvwH7P6M3&_nc_oc=AdoNEEHPpEDt3cYh7dFiBIitW5PuYJbbGCxHe4DWPwM4IXfvz9pMSKI0I3z-wTewRh0&_nc_zt=23&_nc_ht=scontent-dfw5-1.xx&_nc_gid=OrC3CS7RJGMoKeR1i41epg&_nc_ss=72289&oh=00_Af5yTn1IfvHORvQQKa6-iq59h6gJ0UwTS3vTC5UrvFb5bQ&oe=6A122D42; https://scontent-dfw5-2.xx.fbcdn.net/v/t39.30808-6/702571023_1488532439977297_8650986240225905056_n.jpg?stp=dst-jpg_s590x590_tt6&_nc_cat=100&ccb=1-7&_nc_sid=127cfc&_nc_ohc=fmHU9DBDzU8Q7kNvwHchpXX&_nc_oc=AdqcV58AXMQcUaNJZTEfCV4O7uo0GNzKexHEz8e5f9GfhY7Y6tQ3w20QAF3GrAJ15tQ&_nc_zt=23&_nc_ht=scontent-dfw5-2.xx&_nc_gid=OrC3CS7RJGMoKeR1i41epg&_nc_ss=72289&oh=00_Af7TTbIqfqkSuyd76eB9aNGq_yM0Rq5vDsyGNyXSycpYwg&oe=6A123057; https://scontent-dfw5-2.xx.fbcdn.net/v/t39.30808-6/702570436_1488532406643967_2002553099678451307_n.jpg?stp=dst-jpg_s590x590_tt6&_nc_cat=100&ccb=1-7&_nc_sid=127cfc&_nc_ohc=UwnbnxNORg4Q7kNvwEgiCt5&_nc_oc=AdoDZY4Xbbri1xsb_68205o2Gf03SVDwkOgFJB-8CsquCLWfxgUlZb3_VKdzhQVqPJc&_nc_zt=23&_nc_ht=scontent-dfw5-2.xx&_nc_gid=OrC3CS7RJGMoKeR1i41epg&_nc_ss=72289&oh=00_Af6hA3nZZkrcC-gB94ghmIdeB43KsBPXifXXb7x8oM_55Q&oe=6A12247F
https://www.facebook.com/reel/1632920864442703/,#UnaSaLahat | Iniimbestigahan ng Philippine National Police (PNP) kung mga pulis-Pasay umano ang nag-escort kay Sen. Bato dela Rosa palabas ng Senado. | via #MOJO Alexis Ebue,2798,197,66,Not Relevant,1,Video,https://www.facebook.com/reel/1632920864442703/
https://www.facebook.com/reel/1218685000217623/,#UnaSaLahat | Dismayado si Pres. Bongbong Marcos sa pagpuslit ni Sen. Bato dela Rosa palabas ng Senado sa gitna ng pagpapaaresto sa kanya ng International Criminal Court (ICC). | via Maricel Halili,39575,10240,784,Not Relevant,1,Video,https://www.facebook.com/reel/1218685000217623/
https://www.facebook.com/reel/1667816044266898/,#UnaSaLahat | Iginiit ng Solicitor General sa Korte Suprema na isang pugante si Sen. Bato dela Rosa na dapat arestuhin. | via Camille Samonte,5904,842,351,Not Relevant,1,Video,https://www.facebook.com/reel/1667816044266898/
https://www.facebook.com/PhilippineSTAR/posts/pfbid0HbuoZyZ56VNU2LbdhrKoW54f9Wj5yn3yu3pvVYZnWPFdM3gnK4q4Qwfz9kdpAkGXl,"HAWAK NILA ANG ✨ KOMITE ✨ 

Following a Senate shakeup that returned Duterte-allied lawmakers to the majority, Acting Majority Leader Senator Joel Villanueva spearheaded the motion on new committee chairmanships.

Here are the new chairs of the various Senate committees:",30044,1065,6381,Not Relevant,1,Photo,https://www.facebook.com/photo/?fbid=1488527399977801&set=a.602294451934438
https://www.facebook.com/PhilippineSTAR/posts/pfbid0P4BcAuGPepXsNGCTZDaVEQHbFhqL92bYJAC9dFWXXF2dPqP8tYMAsBT9oHqVT8dYl,,165,9,3,Not Relevant,0,,
https://www.facebook.com/PhilippineSTAR/posts/pfbid02CX3SXYsR4qeiHzFxfbMzWW8fDVUu1xowjkAFVMPto4D55E8VKQnft8EvmWBMCsKSl,"NEW DIGITAL LANDMARK IN THE CITY

On the hunt for a new picturesque spot? On May 14, Pasig City lit up as ArcoVia City unveiled its first 3D LED billboard, delivering stunning, larger-than-life visuals and immersive brand experiences along C-5, one of the metro’s busiest corridors.

For more information, visit Arcovia City on Facebook. #PartneredUp",194,1,26,Not Relevant,1,Photo,https://www.facebook.com/photo/?fbid=1488541756643032&set=a.602294435267773
https://www.facebook.com/dzbb594/posts/pfbid02nZTCFaiu4L41RNCsiX3EMqJNx2duU2zUt44QKiEYasgNuDE4yH3CCWvc2evaWyg7l,,6,0,1,Not Relevant,0,,
https://www.facebook.com/reel/2026226474986897/,"Grupong Bayan at mga kaalyadong grupo, tinapos na ang kanilang protesta sa labas ng Senado ngayong araw, May 18, 2026.  | via Sam Nielsen, DZBB",14,1,0,Not Relevant,1,Video,https://www.facebook.com/reel/2026226474986897/
https://www.facebook.com/reel/3432623696900423/,"Sen. Migz Zubiri, nagpaliwanag kaugnay sa paghanay niya bilang kasapi ng Senate minority.",95,23,1,Not Relevant,1,Video,https://www.facebook.com/reel/3432623696900423/
https://www.facebook.com/inquirerdotnet/posts/pfbid02B7FAEzDKZJFA9CDsa4cqhhCAX6yXkYerHF7GCSoUCxXrttRUirVhG33YawcFcQwZl,"President Marcos has appointed University of the Philippines (UP) professor and technocrat Kim Robert de Leon as secretary of the Department of Budget and Management (DBM).

Check the full story in our comments.",4069,196,180,Not Relevant,1,Photo,https://www.facebook.com/photo/?fbid=1426282406349377&set=a.295125726131723
https://www.facebook.com/reel/4280939792145399/,"WATCH: Lava flows from Mayon Volcano on Monday, May 18, at 9:46 p.m, as seen in this sped-up video from Phivolcs.

Hot ash and pyroclastic density currents or “uson” travelled down the Mi-isi gully and reached about 2 km from the crater, according to Phivolcs.

Mayon’s eruption has now entered its 133rd straight day. Alert Level 3 remains in effect, and entry into the 6-km danger zone is strictly prohibited. | 🎥: Phivolcs via April Benjamin, INQUIRER.net",17,3,0,Not Relevant,1,Video,https://www.facebook.com/reel/4280939792145399/
https://www.facebook.com/inquirerdotnet/posts/pfbid0371PF2MW28wnZzff9eX3Qsm4pKCwnKRxQ14JNovWMmtzqEW82BJ82rnfm4ZYNs3usl,PH ranks 15th in global index on child sexual violence response,19,4,5,Not Relevant,1,GenericAttachmentMedia,https://external.fabe1-1.fna.fbcdn.net/emg1/v/t13/7471915396688075449?url=https%3A%2F%2Fglobalnation.inquirer.net%2Ffiles%2F2026%2F05%2FAbuse-filephoto-09062022.jpeg&fb_obo=1&utld=inquirer.net&stp=c0.5000x0.5000f_dst-jpg_flffffff_p500x261_q75_tt6&_nc_gid=4W-U5gaO3qiCo6ZhxQMfVw&_nc_oc=Ado7xUQXFSe_m0V5O9o9y76Q9asa-RfwO4I0JJMv56THILalIxx0H6N2aRQ8AQF-Zhk&ccb=13-1&oh=06_Q3-_ARXHmmUegTvPTKQgDQMwB-apxhQ1yFM_ysn9hgW63z74&oe=6A0E1C8E&_nc_sid=c97757
https://www.facebook.com/inquirerdotnet/posts/pfbid03i3qrVN6f8YthHWPBjwArRqYRdPaSqVgs7JmrFDy5Hvn5s2kNsLqM9R9ApNSzuPNl,via Bandera,29,0,0,Not Relevant,0,,
https://www.facebook.com/inquirerdotnet/posts/pfbid02hpTiMGJPRYBwNFFYxqjK6Bwu1Gaumc4tf959933229EXwov2AQyV7FXjsdXbcbGSl,Hopes grow for early restart of N. Korea-bound tourism at China border,19,0,1,Not Relevant,1,GenericAttachmentMedia,https://external-ord5-2.xx.fbcdn.net/emg1/v/t13/9234466148912770167?url=https%3A%2F%2Fglobalnation.inquirer.net%2Ffiles%2F2026%2F05%2FHopes-grow-for-early-restart-of-N.-Korea-bound-tourism-at-China-border-scaled.jpg&fb_obo=1&utld=inquirer.net&stp=c0.5000x0.5000f_dst-jpg_flffffff_p500x261_q75_tt6&_nc_gid=77LQKhFR1I-JD3VhmacGQQ&_nc_oc=AdqxHcMuCpFuIhUG9amLUcbMF2tUigT06ki-RBKCovyFi5UOywSKgMKTTBs3vpAQWm4&ccb=13-1&oh=06_Q3-_AapvpkX18Cm7W3UDBiZNDlCwZ_AJee2gZV5Y01P1vod2&oe=6A0E497F&_nc_sid=c97757
https://www.facebook.com/inquirerdotnet/posts/pfbid02aaf6rD6imhW7uQEnywFyeahzRjF387FxaaGQDWibfz9o8jhVw51iXgwfGBVYiU2Yl,via Bandera,20,0,0,Not Relevant,0,,
https://www.facebook.com/PhilippineSTAR/posts/pfbid02wdBy5E1xEGtJA725YqHH3Ee9juzoePzukQ9i9niSFVpj3bzA5GRMm41MoSQrsKBHl,,13,1,2,Not Relevant,0,,
https://www.facebook.com/PhilippineSTAR/posts/pfbid026u3traz9tFddDzvSXotxTVPoCCXQomYYKoCeLEahMttrHq2bSF4FWZuy1GMCSv91l,,21,1,1,Not Relevant,0,,
https://www.facebook.com/PhilippineSTAR/posts/pfbid02cxvBUnbQ6Afv1QfJyfpZCnPJfyjpj4HZJGF57DWNrr25h3xKL7hLUWdU1kuqJi2tl,"'HUSTISYA PARA SA BAYAN!'

Members of various progressive organizations, led by Alab  ng Bayan and Bayan Muna, stage a protest in front of the Senate on Monday to call the arrest of Senator Ronald ""Bato"" dela Rosa, the impeachment trial of Vice President Sara Duterte, and the removal of Senator Alan Peter Cayetano as Senate President. (Photos by Edd Gumban/The Philippine STAR)",1172,457,44,Not Relevant,6,Photo; Photo; Photo; Photo; Photo,https://www.facebook.com/PhilippineSTAR/posts/pfbid02cxvBUnbQ6Afv1QfJyfpZCnPJfyjpj4HZJGF57DWNrr25h3xKL7hLUWdU1kuqJi2tl; https://scontent-bos5-1.xx.fbcdn.net/v/t39.30808-6/702539243_1488513706645837_8349249971935007887_n.jpg?stp=dst-jpg_s590x590_tt6&_nc_cat=106&ccb=1-7&_nc_sid=127cfc&_nc_ohc=ybXEnXp6feYQ7kNvwH48xOn&_nc_oc=AdojUK-EmnKZknJABEL2rO3g7MJ2gAAL-lGz1BJ3r7lD3Ztqp7MSQUTL6Ucxlyt_EhE&_nc_zt=23&_nc_ht=scontent-bos5-1.xx&_nc_gid=HqX1dNqWUbyi19_PKV5h_Q&_nc_ss=72289&oh=00_Af4UjkIR1GWAwp5JxLzzWqGcH3vvZCAFd1l7BwkxGN5m0g&oe=6A123E4E; https://scontent-bos5-1.xx.fbcdn.net/v/t39.30808-6/701537513_1488513689979172_3843118082385867693_n.jpg?stp=dst-jpg_s590x590_tt6&_nc_cat=106&ccb=1-7&_nc_sid=127cfc&_nc_ohc=2Sy-VJ3nEgYQ7kNvwGI5Mdm&_nc_oc=AdqW97xIX0eEcqK2qBEp-NaPciJDhIxwaAGJRwiwdL2fF0j0Ucs4lo7CvkF-Rn01tJs&_nc_zt=23&_nc_ht=scontent-bos5-1.xx&_nc_gid=HqX1dNqWUbyi19_PKV5h_Q&_nc_ss=72289&oh=00_Af4f85VZlA3DECEW1WwBMRHN8j_gwfvILN9grv_dabOqIA&oe=6A123CF5; https://scontent-bos5-1.xx.fbcdn.net/v/t39.30808-6/700482533_1488513876645820_2155048127025637853_n.jpg?stp=dst-jpg_s590x590_tt6&_nc_cat=100&ccb=1-7&_nc_sid=127cfc&_nc_ohc=67IwMGm2lDsQ7kNvwGoeTEH&_nc_oc=AdoXJyfq1hwhQdr9gOJkaY4iZvh7YL3V3kpRS0Zk2NNkf05qgKTZ6dc2VOCtg4DtPAo&_nc_zt=23&_nc_ht=scontent-bos5-1.xx&_nc_gid=HqX1dNqWUbyi19_PKV5h_Q&_nc_ss=72289&oh=00_Af76kb7FAH4tslDRR2IvO7olvq-lZyKZSUeAj8a_FK1YYQ&oe=6A12260F; https://scontent-bos5-1.xx.fbcdn.net/v/t39.30808-6/701736919_1488514019979139_2075977977159277652_n.jpg?stp=dst-jpg_s843x403_tt6&_nc_cat=109&ccb=1-7&_nc_sid=127cfc&_nc_ohc=ACql0SHTaokQ7kNvwG_Dzjr&_nc_oc=Adp63uEtS0zkykCLxmBWcFd1NW9Fmmb_Jx8QE7xwcYgiewbfn21I6yyjOJ1MMSN8egI&_nc_zt=23&_nc_ht=scontent-bos5-1.xx&_nc_gid=HqX1dNqWUbyi19_PKV5h_Q&_nc_ss=72289&oh=00_Af7MHQNRvIzK4Hc7zprse_i3OI_nNP767iilVMuigPPJUg&oe=6A120C72; https://scontent-bos5-1.xx.fbcdn.net/v/t39.30808-6/702355334_1488513863312488_338824477624512165_n.jpg?stp=dst-jpg_s590x590_tt6&_nc_cat=110&ccb=1-7&_nc_sid=127cfc&_nc_ohc=KoiiUAj8Ra0Q7kNvwFbX6jc&_nc_oc=AdrRBjsnvIkMeeB-9VT29lqOO2x7t2l0dPAX9rG5f5TYo-AFYh26JJiPvME3_6IR_7k&_nc_zt=23&_nc_ht=scontent-bos5-1.xx&_nc_gid=HqX1dNqWUbyi19_PKV5h_Q&_nc_ss=72289&oh=00_Af61HxcBBx_llh9vzj73QDysPSFR4KkbVUKw0rbN_cjVJQ&oe=6A123E5C
https://www.facebook.com/News5Everywhere/posts/pfbid02oPHZvMJBgoc9neUGToVNX4ZnHGi3NhujeRcuZyCsyqSAw8qEqagzRVt33MDbCE8Gl,"PARA PO! “THIS IS THE WAY” ✨

Isang The Mandalorian at Grogu-inspired jeep ang namataan sa mga kalsada ng Metro Manila na gawa ng mga solid Filipino Star Wars fans! 🌌🔥

Mapapanood ang “Star Wars: The Mandalorian and Grogu” sa mga sinehan simula Mayo 20. 🎬 | via Mj Marfori

Star Wars @starwarsph",450,12,136,Not Relevant,6,Photo; Photo; Photo; Photo; Photo,https://www.facebook.com/News5Everywhere/posts/pfbid02oPHZvMJBgoc9neUGToVNX4ZnHGi3NhujeRcuZyCsyqSAw8qEqagzRVt33MDbCE8Gl; https://scontent-hou1-1.xx.fbcdn.net/v/t39.30808-6/702365797_1509408894550972_5360726332826686259_n.jpg?stp=dst-jpg_s590x590_tt6&_nc_cat=111&ccb=1-7&_nc_sid=833d8c&_nc_ohc=eXv2116bTyQQ7kNvwHdx0Gp&_nc_oc=Adrte2OukVVodVPk73K2grX077eO5MzFJboqZ5Y1pzxDBTE17cHVUQ9p2E_s9W03SKk&_nc_zt=23&_nc_ht=scontent-hou1-1.xx&_nc_gid=YgP7lksPYiDvLO0uQ1-NVg&_nc_ss=72289&oh=00_Af4Q7TdwSxZVH-Wzdnwb_1w4GeFPI0_SIiI5aBw7bgGg_Q&oe=6A120B52; https://scontent-hou1-1.xx.fbcdn.net/v/t39.30808-6/700971067_1509408851217643_3634088858969099532_n.jpg?stp=dst-jpg_s590x590_tt6&_nc_cat=104&ccb=1-7&_nc_sid=833d8c&_nc_ohc=6BlXsvv4KZ4Q7kNvwFMqGLg&_nc_oc=AdpyLtkAmdIGIZohVxI9jJ77GpaiX4xIuozHCwudzoHIkIK2tLt1Xif9tkQp7xLSZWc&_nc_zt=23&_nc_ht=scontent-hou1-1.xx&_nc_gid=YgP7lksPYiDvLO0uQ1-NVg&_nc_ss=72289&oh=00_Af6Jdakr1MjmN338pLqZT-xKSmk4kAesjFjbZC0TnNKMHg&oe=6A1222C2; https://scontent-hou1-1.xx.fbcdn.net/v/t39.30808-6/700723006_1509408841217644_5136799144008312555_n.jpg?stp=dst-jpg_s590x590_tt6&_nc_cat=102&ccb=1-7&_nc_sid=833d8c&_nc_ohc=FbCRj2almfMQ7kNvwE9XF8g&_nc_oc=AdocxmRQZ-m6nIAszCY34kzYjDKgX3SmhqamWnQfjvdK9kNUUSgjsTzm2fcF_O0089k&_nc_zt=23&_nc_ht=scontent-hou1-1.xx&_nc_gid=YgP7lksPYiDvLO0uQ1-NVg&_nc_ss=72289&oh=00_Af4JmVzJ6lXXm8fmkQjMOUhzSgZY4U3-oYC433U3NTDqNA&oe=6A123B50; https://scontent-hou1-1.xx.fbcdn.net/v/t39.30808-6/700343361_1509408827884312_6473759816660780069_n.jpg?stp=dst-jpg_s590x590_tt6&_nc_cat=111&ccb=1-7&_nc_sid=833d8c&_nc_ohc=S-1SyF3-wmEQ7kNvwHf28p_&_nc_oc=AdqlqPcCs87ZV1cCMIF1_AbPKK2nHtEVrv7nCB5tb99cWW76AW1-cPhw8N8acB64t6M&_nc_zt=23&_nc_ht=scontent-hou1-1.xx&_nc_gid=YgP7lksPYiDvLO0uQ1-NVg&_nc_ss=72289&oh=00_Af6dJc98Ivnw6pQoCFwtya03FxoJhr0hsSthrbHioaBVSw&oe=6A12129C; https://scontent-hou1-1.xx.fbcdn.net/v/t39.30808-6/701216908_1509408811217647_6442667662571032576_n.jpg?stp=dst-jpg_s590x590_tt6&_nc_cat=103&ccb=1-7&_nc_sid=833d8c&_nc_ohc=H6yNDEmm4PoQ7kNvwGOsMn3&_nc_oc=AdrzzjKbD5JjIqFJT6cdVTaHgsbHLNkY_0yTeC6PmNDetv0yOCuTHP48WuI-BTJwn8s&_nc_zt=23&_nc_ht=scontent-hou1-1.xx&_nc_gid=YgP7lksPYiDvLO0uQ1-NVg&_nc_ss=72289&oh=00_Af5o_k_hylynQ6biwkn82KGZScAqQl06F1C5700dtuTC9g&oe=6A1209D7
https://www.facebook.com/reel/1496077362304956/,#UnaSaLahat | Nakahanda nang humarap sa Senado ang House prosecutors sa pagsisimula ng paglilitis kay Vice Pres. Sara Duterte. | via Marianne Enriquez,4191,303,71,Not Relevant,1,Video,https://www.facebook.com/reel/1496077362304956/
https://www.facebook.com/reel/1679247967216735/,#UnaSaLahat | Pormal nang nagtipon ang Senado bilang impeachment court na lilitis kay Vice Pres. Sara Duterte. #VPSaraOnTrial | via Maeanne Los Baños-Oroceo,2399,123,39,Not Relevant,1,Video,https://www.facebook.com/reel/1679247967216735/
https://www.facebook.com/PAGASA.DOST.GOV.PH/posts/pfbid02yp6Htj24zn7XPFspDkcP6kk85m6ofjfRtNYEnivMj7gvwt3nHV54hTb3dx8dzumZl,"Dam Updates as of 8:00 AM, 09 May 2026",53,0,10,Not Relevant,1,Photo,https://www.facebook.com/photo/?fbid=1436644788507170&set=a.365711365600523
https://www.facebook.com/PAGASA.DOST.GOV.PH/posts/pfbid02CL1gs5eBJX16eC7MeR97G6UkTSPz6MMkHeTLrXstV1dBxHNfiqU1fnNiWEjcNoJdl,"Hydrological Forecast for Agno River Basin           
Issued at 8:30AM, 09 May 2026",42,0,4,Mild,1,Photo,https://www.facebook.com/photo/?fbid=1436634985174817&set=a.365711365600523
https://www.facebook.com/PAGASA.DOST.GOV.PH/posts/pfbid02kNDsHUTTWPwJ3Ss1uf3XpFXmrBrkHGXApe9qytvHaPyFDSzpt1VtJ63beFqG7An4l,"Hydrological Forecast for Bicol River Basin           
Issued at 8:30AM, 09 May 2026",36,0,5,Mild,1,Photo,https://www.facebook.com/photo/?fbid=1436633321841650&set=a.365711365600523
https://www.facebook.com/reel/4456458387973223/,"House Prosecution team, sinigurado ang pagtalima sa lahat ng utos ng Senate impeachment court. | via Isa Avendano-Umali, DZBB",11,2,0,Not Relevant,1,Video,https://www.facebook.com/reel/4456458387973223/
https://www.facebook.com/reel/1718838509544149/,"𝐏𝐚𝐠𝐭𝐚𝐤𝐚𝐬 𝐧𝐢 𝐒𝐞𝐧 𝐁𝐚𝐭𝐨 𝐬𝐚 𝐒𝐞𝐧𝐚𝐝𝐨, 𝐢𝐤𝐢𝐧𝐚𝐝𝐢𝐬𝐦𝐚𝐲𝐚 𝐧𝐠 𝐏𝐚𝐧𝐠𝐮𝐥𝐨

Pang Bongbong Marcos, dismayado sa umano'y pagtakas ni Senador Ronald dela Rosa sa Senado.",53,8,0,Not Relevant,1,Video,https://www.facebook.com/reel/1718838509544149/
https://www.facebook.com/reel/1257658986566347/,"PANOORIN: Mga tauhan ng PNP-CIDG kasama si CIDG NCR Dir. Col. John Guiagui, dumating sa NBI para sa kanilang imbestigasyon sa insidente ng pamamaril sa loob ng Senado noong Miyerkules, May 13, 2026.

🎥Pamela Adriano, DZBB",154,6,15,Not Relevant,1,Video,https://www.facebook.com/reel/1257658986566347/
https://www.facebook.com/inquirerdotnet/posts/pfbid0CeMv5ayaYF8iEfnWc2icMvdfSjH3wP55wd5VHmyVXLwRmzL8TSQcnaB7wa1qKKcrl,DepEd prepares for class opening in Bicol amid Mayon Volcano unrest,12,1,0,Not Relevant,1,GenericAttachmentMedia,https://external-lga3-2.xx.fbcdn.net/emg1/v/t13/2100661933790938862?url=https%3A%2F%2Fnewsinfo.inquirer.net%2Ffiles%2F2026%2F05%2Fmayon-volcano-eruption-6may2026.jpg&fb_obo=1&utld=inquirer.net&stp=c0.5000x0.5000f_dst-jpg_flffffff_p500x261_q75_tt6&_nc_gid=b8TbkQT68DmypptCrNjO7A&_nc_oc=AdpU2ycGuhfiexbMtF2kVtFrFWAOtnIp_X_0tnrOvd-__0RvQWUjmWqQ_JOkHSylucY&ccb=13-1&oh=06_Q3-_Abk4cji9Fs2B110h24kdX-VBjr934oegil2Ef5DpK37r&oe=6A0E4762&_nc_sid=c97757
https://www.facebook.com/inquirerdotnet/posts/pfbid02HjZALB8EVNHhDXz4shrPdgusPxcPhfwHWG3kJjREuRXS1h3Yt3H8rmHCukDPzGMBl,via Bandera,43,3,3,Not Relevant,0,,
https://www.facebook.com/inquirerdotnet/posts/pfbid02ZevhwjQhrTpq3GxrPyLmKyW93Tp9HKNRDhYsLtEQb4WuU5hnfvtr5dmHXkddiZRWl,"Cayetano stays as Senate president, for now",34,24,1,Not Relevant,1,GenericAttachmentMedia,https://external-lga3-2.xx.fbcdn.net/emg1/v/t13/18046432208038183536?url=https%3A%2F%2Fnewsinfo.inquirer.net%2Ffiles%2F2026%2F05%2FAlan-Peter-Cayetano-19May2026.jpg&fb_obo=1&utld=inquirer.net&stp=c0.5000x0.5000f_dst-jpg_flffffff_p500x261_q75_tt6&_nc_gid=b8TbkQT68DmypptCrNjO7A&_nc_oc=Adocy3nIWsGQFADaUxk1O8jqdqV2uoUf0WZcOQdyS7EryMeQCZrsDiXITKXpl3OwYTY&ccb=13-1&oh=06_Q3-_AZjWNRSiCwAklCihGtb4lcrNx1zJNlBaPgyCtji5Rc4L&oe=6A0E1BE8&_nc_sid=c97757
https://www.facebook.com/PhilippineSTAR/posts/pfbid0BTtMdH7ncMG5nSRR3SBX6hPwxjKa6qvHk5zpAhFQ77yNhogfvjpk4iPNdUTUyi8Sl,"The Senate, now sitting as an impeachment court, has ordered VP Sara Duterte to appear before the chamber. She has 10 calendar days to respond to the summons. | via PhilSTAR Life",1412,135,8,Not Relevant,1,GenericAttachmentMedia,https://external.ffcm1-2.fna.fbcdn.net/emg1/v/t13/5254591360774281639?url=https%3A%2F%2Fd2nnykqiaju69u.cloudfront.net%2Fpslife_photos%2FAyie_temp%2F2026%2F5-May%2F5.18%2Fimpeachment%2520court%2520banner.jpg&fb_obo=1&utld=d2nnykqiaju69u.cloudfront.net&stp=c0.5000x0.5000f_dst-jpg_flffffff_p500x261_q75_tt6&_nc_gid=t9WGSEF42iSdpgdqhV1cAQ&_nc_oc=AdoIs-pfEcTsLY9DdjGHYBl09QumElSEhOUTXGzP4kRr9rlUTh-ma0j8chSBhN2OePk&ccb=13-1&oh=06_Q3-_AXFO7DgeEy5kDL7f0jljr7RmIvNUlBE6vB3rC_FHLDNl&oe=6A0E3213&_nc_sid=c97757
https://www.facebook.com/PhilippineSTAR/posts/pfbid0t1qPhw69ydb9wD1eH5Ew9umJNJZvmMsxCCga8vWPR4adJdvaYiFgTVAbcLoBqWjdl,,13,2,0,Not Relevant,0,,
https://www.facebook.com/PhilippineSTAR/posts/pfbid0zvxrkLEMsxvcJEjh6D7u994qbKvPw94cG2GoLtWM49WDpty5sXPPyZ2H6bY6uhSnl,"NEWEST GIRL GROUP IN TOWN

Rising P-pop girl group XONARA officially stepped into the spotlight with the release of their debut single “Tabi” during their launch event held on May 16, 2026 in Escolta, Manila.

Formed under 1Z Entertainment, the agency co-founded by P-pop powerhouse SB19, XONARA is composed of members Eurekah, Ella, Dominique, Tin, Megumi, Lei, and Namie.

WATCH:",56,0,0,Not Relevant,1,GenericAttachmentMedia,https://external.ffcm1-2.fna.fbcdn.net/emg1/v/t13/17177930470983784143?url=https%3A%2F%2Fi.ytimg.com%2Fvi%2FATxLwOz05nk%2Fmaxresdefault.jpg&fb_obo=1&utld=ytimg.com&stp=c0.5000x0.5000f_dst-jpg_flffffff_p500x261_q75_tt6&_nc_gid=t9WGSEF42iSdpgdqhV1cAQ&_nc_oc=Adpkkw7G9XEMLSCeqmAGDQoL6fJw4JMc3tAuKs1_eFhglVc9RZMkCl2KslXK9wAEmYY&ccb=13-1&oh=06_Q3-_AbLKTXjOI3yq2llrbQ6IOFuns8cUOWn65o0LL5jWXt-7&oe=6A0E484B&_nc_sid=c97757
https://www.facebook.com/reel/972536089072386/,"'I GUESS WE JUST HAVE TO WAIT AND SEE'

Nagbahagi si Pres. Bongbong Marcos ng kanyang reaksyon sa mga nangyari sa Senado.

Kasabay ito ng kanyang pagdalo sa isang event ng pamahalaan sa Mandaluyong ngayong Lunes, May 18.",2541,373,33,Not Relevant,1,Video,https://www.facebook.com/reel/972536089072386/
https://www.facebook.com/News5Everywhere/posts/pfbid0eRtEmggDnzT4e8JSwfi3dLrNqrsh3G2uN9UjGxKAEhywo7Tartg1SEK7rADrvFU2l,"13 MAJORITY VS. 11 MINORITY

Nadagdagan ang miyembro ng minorya ng Senado ngayong Lunes, May 18 matapos sumama sina Sen. Migz Zubiri at Sen. JV Ejercito.

Hindi naman natuloy ang umuugong na ulat na magkakaron muli ng papapalit ng liderato sa Senado.",5694,1511,245,Not Relevant,3,Photo; Photo,https://www.facebook.com/News5Everywhere/posts/pfbid0eRtEmggDnzT4e8JSwfi3dLrNqrsh3G2uN9UjGxKAEhywo7Tartg1SEK7rADrvFU2l; https://scontent-bos5-1.xx.fbcdn.net/v/t39.30808-6/701538043_1509398257885369_2048100638986138779_n.jpg?stp=dst-jpg_s590x590_tt6&_nc_cat=101&ccb=1-7&_nc_sid=127cfc&_nc_ohc=lk1rwffhQA8Q7kNvwFrXN65&_nc_oc=AdoSW7A8NTenZmKO6aNXx7d7AhEFIRyBDCb2WqO17AqsY1wYLp-4EdUXrnNZ3DNcq1M&_nc_zt=23&_nc_ht=scontent-bos5-1.xx&_nc_gid=_RMEgiezXe70u29vhfMRaA&_nc_ss=72289&oh=00_Af4GwKsWKKXBY9fvK0FFsqYVpy5B1OgoZy5_PYHMYO0KRw&oe=6A12368E; https://scontent-bos5-1.xx.fbcdn.net/v/t39.30808-6/702162248_1509398254552036_6151799265158426716_n.jpg?stp=dst-jpg_s590x590_tt6&_nc_cat=110&ccb=1-7&_nc_sid=127cfc&_nc_ohc=3PDeerfBkzsQ7kNvwFGNstE&_nc_oc=Adpw0UUYIQAsGezPSNl8s_X2-5VjbDC2MAK6WSWEXiR8AtESEwH2KPFFB9WmrfAV1YU&_nc_zt=23&_nc_ht=scontent-bos5-1.xx&_nc_gid=_RMEgiezXe70u29vhfMRaA&_nc_ss=72289&oh=00_Af6mLzEkCZzcBcqIMZtPNVpa2qtDoaYzPmWEWTI547Jn3Q&oe=6A122A36
