"attachments/0/accessibilityCaption","attachments/0/id","attachments/0/type","attachments/0/url","attachments/1/accessibilityCaption","attachments/1/id","attachments/1/type","attachments/1/url","attachments/2/accessibilityCaption","attachments/2/id","attachments/2/type","attachments/2/url","attachments/3/accessibilityCaption","attachments/3/id","attachments/3/type","attachments/3/url","attachments/4/accessibilityCaption","attachments/4/id","attachments/4/type","attachments/4/url","author/id","author/name","author/profilePicture","author/profileUrl","commentsCount","postId","postText","reactions/anger","reactions/haha","reactions/like","reactions/love","reactions/sorry","reactions/wow","reactionsCount","sharesCount","timestamp","url"
"No photo description available.","1826223264073933","photo","https://www.facebook.com/photo.php?fbid=1826223264073933&set=a.608334984668268&type=3","No photo description available.","1826223257407267","photo","https://www.facebook.com/photo.php?fbid=1826223257407267&set=a.608334984668268&type=3","No photo description available.","1826223304073929","photo","https://www.facebook.com/photo.php?fbid=1826223304073929&set=a.608334984668268&type=3","No photo description available.","1826223307407262","photo","https://www.facebook.com/photo.php?fbid=1826223307407262&set=a.608334984668268&type=3","No photo description available.","1826223260740600","photo","https://www.facebook.com/photo.php?fbid=1826223260740600&set=a.608334984668268&type=3","100064753146257","Pilipino Star Ngayon","https://scontent-iad3-1.xx.fbcdn.net/v/t39.30808-1/341210557_901742617547302_3330482047576992124_n.jpg?stp=cp0_dst-jpg_tt6&cstp=mx272x272&ctp=s40x40&_nc_cat=110&ccb=1-7&_nc_sid=2d3e12&_nc_ohc=LumBSsR_2ZoQ7kNvwFO-Ez3&_nc_oc=AdqMsJIukm5Ub6mJH1Sf5nN9E1O_QIL-cgkRNDHqpAhRG3xyNilUeG5lM6FPw_fms5Y&_nc_zt=24&_nc_ht=scontent-iad3-1.xx&_nc_gid=7L2HZNkz5P53b53Qsqfoig&_nc_ss=7c2a8&oh=00_AQDb3m2fDDqxTxZx_IWcnO_ZMc84YZF0rOW14xDmJv--tw&oe=6A5FE9A3","https://www.facebook.com/pilstarngayon","845","1826224460740480","TINGNAN: Nang dahil sa malakas na ulan at baha ay nawasak ang isang bahagi ng daan sa Brgy. Kalubkob sa Silang, Cavite. | Photos courtesy of Gerard Laureles Cortez","21","7","1095","2","422","187","1734","5366","1505184634000","https://www.facebook.com/pilstarngayon/posts/pfbid02ykQtFQtgksMaKNgqc6o7Ea35mLKmUTNxMDbFZjRcqFCbXjhCcc46SgfbjJjic5bsl"
,"10155196627049620","video",,,,,,,,,,,,,,,,,,"100064518591460","DZMM Radyo Patrol 630","https://scontent-iad6-1.xx.fbcdn.net/v/t39.30808-1/668587708_1384714187022521_8343581617824766493_n.jpg?stp=c33.0.1012.1012a_cp6_dst-jpg_tt6&cstp=mx1012x1012&ctp=s40x40&_nc_cat=1&ccb=1-7&_nc_sid=2d3e12&_nc_ohc=SNb0wvffI00Q7kNvwHXka7M&_nc_oc=Ado6KfYKvzj2ujOaEF-r1Sbf0I-eQVqofQiV0FVmGnXYpk2JklOfLff6XoaXHZDnkw8&_nc_zt=24&_nc_ht=scontent-iad6-1.xx&_nc_gid=7L2HZNkz5P53b53Qsqfoig&_nc_ss=7c2a8&oh=00_AQAUXqG7TJohSbYu1Pa6patNHxXm0iC-9WQSbh2o0MyhMw&oe=6A600C56","https://www.facebook.com/DZMMRadyo630","3","10155196627049620","Hanggang dibdib na ang baha sa ilang bahagi ng Gumamela St. sa Brgy Roxas District, Quezon City | Video mula kay Doland Castro, ABS-CBN News #FloodPatrol","1",,"49",,"6","2","58","17","1505181600000","https://www.facebook.com/DZMMRadyo630/videos/10155196627049620/"
,"10155197073184620","video",,,,,,,,,,,,,,,,,,"100064518591460","DZMM Radyo Patrol 630","https://scontent-iad6-1.xx.fbcdn.net/v/t39.30808-1/668587708_1384714187022521_8343581617824766493_n.jpg?stp=c33.0.1012.1012a_cp6_dst-jpg_tt6&cstp=mx1012x1012&ctp=s40x40&_nc_cat=1&ccb=1-7&_nc_sid=2d3e12&_nc_ohc=SNb0wvffI00Q7kNvwHXka7M&_nc_oc=Ado6KfYKvzj2ujOaEF-r1Sbf0I-eQVqofQiV0FVmGnXYpk2JklOfLff6XoaXHZDnkw8&_nc_zt=24&_nc_ht=scontent-iad6-1.xx&_nc_gid=7L2HZNkz5P53b53Qsqfoig&_nc_ss=7c2a8&oh=00_AQAUXqG7TJohSbYu1Pa6patNHxXm0iC-9WQSbh2o0MyhMw&oe=6A600C56","https://www.facebook.com/DZMMRadyo630","7","10155197073184620","#FloodPatrol Lagpas-tao na ang baha sa Don Mariano Subdivision sa Cainta, Rizal | Video mula kay Radyo Patrol 41 Jeff Hernaez","1","1","143","1","30","7","183","59","1505199830000","https://www.facebook.com/DZMMRadyo630/videos/10155197073184620/"
,"10155646979576977","video",,,,,,,,,,,,,,,,,,"100064849986224","GMA News","https://scontent-iad6-1.xx.fbcdn.net/v/t39.30808-1/658216539_1459297662908553_7892569438724908023_n.jpg?stp=cp0_dst-jpg_tt6&cstp=mx1200x1200&ctp=s40x40&_nc_cat=1&ccb=1-7&_nc_sid=2d3e12&_nc_ohc=_9Kw3PkUnsIQ7kNvwF5XCkZ&_nc_oc=Adr-92JmsT7cevEXjO3zEFfIqc2jKn_FMx_Ax_xLOLPLlDBKm9fZO0oTyK9r48dSSjI&_nc_zt=24&_nc_ht=scontent-iad6-1.xx&_nc_gid=7L2HZNkz5P53b53Qsqfoig&_nc_ss=7c2a8&oh=00_AQDbsaA3kposUl54KCSqM2GLR56TqjbQAwXFYw0xXbU8hA&oe=6A5FFBBF","https://www.facebook.com/gmanews","13","10155646979576977","Kabi-kabilang baha at landslide ang nasaksihan sa ilang lalawigan sa Southern Luzon dahil sa malakas na ulang dala ng bagyong #MaringPH. Narito ang report sa GMA News TV Quick Response Team.",,"1","980","17","122","2","1122","248","1505219820000","https://www.facebook.com/gmanews/videos/10155646979576977/"
"No photo description available.","1970938756457879","photo","https://www.facebook.com/photo.php?fbid=1970938756457879&set=a.558202206334917&type=3","No photo description available.","1970938766457878","photo","https://www.facebook.com/photo.php?fbid=1970938766457878&set=a.558202206334917&type=3","No photo description available.","1970938793124542","photo","https://www.facebook.com/photo.php?fbid=1970938793124542&set=a.558202206334917&type=3","No photo description available.","1970938809791207","photo","https://www.facebook.com/photo.php?fbid=1970938809791207&set=a.558202206334917&type=3","No photo description available.","1970938873124534","photo","https://www.facebook.com/photo.php?fbid=1970938873124534&set=a.558202206334917&type=3","100064354285183","Trending Pinoy Videos","https://scontent-iad3-2.xx.fbcdn.net/v/t39.30808-1/327437632_699013955230604_2440139704823269359_n.png?stp=c17.0.616.616a_cp0_dst-png&cstp=mx616x616&ctp=s40x40&_nc_cat=103&ccb=1-7&_nc_sid=2d3e12&_nc_ohc=bD0N0Jvsd-IQ7kNvwFU9SiH&_nc_oc=AdrCMCJuxfK2zKgg6s4y5CwDbk8-9MiwDL7kAj7G8uj46aBeMuPsIZJJPuHnyiJCdo8&_nc_zt=24&_nc_ht=scontent-iad3-2.xx&_nc_gid=7L2HZNkz5P53b53Qsqfoig&_nc_ss=7c2a8&oh=00_AQAscDZ_pUIlNbM-wNnQbXRty91EB0AaNTUgDSUwfRpjpw&oe=6A600AA6","https://www.facebook.com/trendingpinoyvideoscom","17","1970939129791175","Baha ka lang, Pinoy kami.","1","105","819","34","1","6","966","237","1505230309000","https://www.facebook.com/trendingpinoyvideoscom/posts/pfbid026aX1iUaKYhQwxv8HKw9tHWKDXNMUzHtxGyyuVd6XFv6zFnELizR7YLcGqEbhbEfQl"
"No photo description available.","1388495021185775","photo","https://www.facebook.com/photo/?fbid=1388495021185775&set=a.193410039730220",,,,,,,,,,,,,,,,,"100071836765893","Baha ka lang, Pinoy Kami","https://scontent-iad3-1.xx.fbcdn.net/v/t39.30808-1/307871368_193410053063552_3928856681465458841_n.png?stp=cp0_dst-png&cstp=mx500x500&ctp=s40x40&_nc_cat=110&ccb=1-7&_nc_sid=2d3e12&_nc_ohc=ITpO0eluTNAQ7kNvwG1MmYd&_nc_oc=Adq3axHG_o52e3zEypVrn80ikDgtbNDBqpHTjaVK6M8_snpF3T0qvuAv4e6wK54kQRk&_nc_zt=24&_nc_ht=scontent-iad3-1.xx&_nc_gid=1XMRAPtkBoqa8EAprfWuHw&_nc_ss=7c2a8&oh=00_AQD2aHO8t6mnLcr6AQX9lqNAJwB6sJoZdCRyfNP5AhI7cw&oe=6A601956","https://www.facebook.com/BKLPK.AdmeenP","8","1388495054519105","Baha ka lang, uhaw kami 😂😂😂",,"30","22",,,,"52","16","1505210291000","https://www.facebook.com/BKLPK.AdmeenP/posts/pfbid038Gv49rh6aJsCJS7878JydrkN9aj6v1QxEDgyiiGKkK9i2FQ4FjFCfKWz6Mp4iYZul"
"No photo description available.","1634189003287553","photo","https://www.facebook.com/photo.php?fbid=1634189003287553&set=a.478812837608309&type=3","No photo description available.","1634189019954218","photo","https://www.facebook.com/photo.php?fbid=1634189019954218&set=a.478812837608309&type=3","No photo description available.","1634189056620881","photo","https://www.facebook.com/photo.php?fbid=1634189056620881&set=a.478812837608309&type=3","No photo description available.","1634189076620879","photo","https://www.facebook.com/photo.php?fbid=1634189076620879&set=a.478812837608309&type=3","No photo description available.","1634189103287543","photo","https://www.facebook.com/photo.php?fbid=1634189103287543&set=a.478812837608309&type=3","100064387911673","Bob Ong Quotes","https://scontent-iad6-1.xx.fbcdn.net/v/t39.30808-1/668891779_1430312955791621_3463488002527506984_n.jpg?stp=cp6_dst-jpg_tt6&cstp=mx1024x1024&ctp=s40x40&_nc_cat=1&ccb=1-7&_nc_sid=2d3e12&_nc_ohc=KyW7Xt_snjQQ7kNvwEGNVxv&_nc_oc=AdonPehHvTFySzBRhwEmvi0K9Z0b1WrDl4v-ooGvRfKJ6FknXycpvSaN6ZZCh8SWC4Q&_nc_zt=24&_nc_ht=scontent-iad6-1.xx&_nc_gid=1XMRAPtkBoqa8EAprfWuHw&_nc_ss=7c2a8&oh=00_AQDloU95U-mLvIHpC44SHWP0CtL48i78ykvBFIctFmv7Xg&oe=6A6013C8","https://www.facebook.com/BobOngQuote","27","1634189379954182","Baha ka lang PINOY KAMI!",,"422","2073","133","2","6","2636","279","1505202996000","https://www.facebook.com/BobOngQuote/posts/pfbid02zuoufN1zGZudj3aRwuLTCNQApv9MYpy9aMNLHksecCQ17pNCvS2GAt5UBcEJSphl"
"No photo description available.","798720083640646","photo","https://www.facebook.com/photo.php?fbid=798720083640646&set=a.808670933951897&type=3","No photo description available.","798720106973977","photo","https://www.facebook.com/photo.php?fbid=798720106973977&set=a.808670933951897&type=3","No photo description available.","798720126973975","photo","https://www.facebook.com/photo.php?fbid=798720126973975&set=a.808670933951897&type=3","No photo description available.","798720163640638","photo","https://www.facebook.com/photo.php?fbid=798720163640638&set=a.808670933951897&type=3","No photo description available.","798720180307303","photo","https://www.facebook.com/photo.php?fbid=798720180307303&set=a.808670933951897&type=3","100044269937796","Philippine trends and news","https://scontent-iad3-2.xx.fbcdn.net/v/t39.30808-1/339734734_758056305998730_8353068742457012103_n.jpg?stp=c127.0.259.259a_cp0_dst-jpg_tt6&cstp=mx259x259&ctp=s40x40&_nc_cat=111&ccb=1-7&_nc_sid=2d3e12&_nc_ohc=rzT9FqwElaYQ7kNvwFeLq2V&_nc_oc=AdpO1Iik8W_WbplYcuvxlKlky-yuy6_GevKSUzU8zczlJwcZqcpb8LdTs1PqrKUempk&_nc_zt=24&_nc_ht=scontent-iad3-2.xx&_nc_gid=1XMRAPtkBoqa8EAprfWuHw&_nc_ss=7c2a8&oh=00_AQAo3DEwfwd6pFgHqKaxTBSJz_TG3wSsUSVZnkDTP02kfg&oe=6A60023B","https://www.facebook.com/philippinetrendsandnews9","8","798720240307297","Grabe na po ang baha sa Metro Manila. Hinaluan pa ng mga basura. ingat po mga kababayan.",,,"79",,"17","5","101","31","1505194647000","https://www.facebook.com/philippinetrendsandnews9/posts/pfbid0351DaDpiZzm25PrW1CEPtDo9L1Tg5Gi9CC1Sbzp92hS9Rtvk2K6mgLDqHzxs1YBLKl"
"No photo description available.","171448166754180","photo","https://www.facebook.com/photo/?fbid=171448166754180&set=a.408185797334450",,,,,,,,,,,,,,,,,"100044290993282","Manila Mayor Joseph Estrada","https://scontent-iad3-2.xx.fbcdn.net/v/t39.30808-1/324256662_1547073885774971_7105900114339122746_n.jpg?stp=c132.0.802.803a_cp0_dst-jpg_tt6&cstp=mx802x803&ctp=s40x40&_nc_cat=103&ccb=1-7&_nc_sid=2d3e12&_nc_ohc=c-8swvkBPhQQ7kNvwHNI9_C&_nc_oc=AdoPk1iLM6LgjUwAKR-X38Ra6TM525yeSlXvayCVLmq_JrihL9UyIuVN2h5Jx_owDCA&_nc_zt=24&_nc_ht=scontent-iad3-2.xx&_nc_gid=1XMRAPtkBoqa8EAprfWuHw&_nc_ss=7c2a8&oh=00_AQCFvFBO-h0tZTSMXjZMRO2I4sqJUNqyrM0lZrrZz8BkrA&oe=6A601921","https://www.facebook.com/manilacitynewsexpress","33","171448420087488","Gutter deep na po ang baha sa España Blvd. sa Manila. Iwasang dumaan dito para hindi ma-stranded. At dahil ang Espana Blvd. ay nasa ilalim ng DPWH, nakikipag-coordinate na ang Manila City Hall sa pangunguna ni Mayor Erap dito, upang malutasan ang problema sa baha. 

Ingat mga Manileño! I-like ang page na ito para maging updated sa mga balita sa Maynila!
(Photo Credit: GMA News via Maki Pulido)","2","2","755",,"29","7","795","150","1505182189000","https://www.facebook.com/manilacitynewsexpress/posts/pfbid0m14UhLbXHjgfignyfiaAbhdYiv7Qp9SZfvreyaBCYxoAJ7dwH2cWpbdQpMvvKgV7l"
"No photo description available.","171505083415155","photo","https://www.facebook.com/photo/?fbid=171505083415155&set=a.408185797334450",,,,,,,,,,,,,,,,,"100044290993282","Manila Mayor Joseph Estrada","https://scontent-iad3-2.xx.fbcdn.net/v/t39.30808-1/324256662_1547073885774971_7105900114339122746_n.jpg?stp=c132.0.802.803a_cp0_dst-jpg_tt6&cstp=mx802x803&ctp=s40x40&_nc_cat=103&ccb=1-7&_nc_sid=2d3e12&_nc_ohc=c-8swvkBPhQQ7kNvwHNI9_C&_nc_oc=AdoPk1iLM6LgjUwAKR-X38Ra6TM525yeSlXvayCVLmq_JrihL9UyIuVN2h5Jx_owDCA&_nc_zt=24&_nc_ht=scontent-iad3-2.xx&_nc_gid=1XMRAPtkBoqa8EAprfWuHw&_nc_ss=7c2a8&oh=00_AQCFvFBO-h0tZTSMXjZMRO2I4sqJUNqyrM0lZrrZz8BkrA&oe=6A601921","https://www.facebook.com/manilacitynewsexpress","11","171505096748487","Kasalukuyan pong baha sa Felix Huertas st. papuntang Chinese Cemetery gate sa Sta. Cruz, Manila. Iwasan po nating dumaan dito para hindi ma-stranded. Gayunpaman, inaaksyunan na ng lokal na pamahalaan ang problema sa baha. 

Photo Credit: Mr. Cezar Salvacion - MDRRMO",,"2","215",,"10","2","229","22","1505203880000","https://www.facebook.com/manilacitynewsexpress/posts/pfbid035UdRsTWuBKomBEaWTjW5ixzRQDsWBCTd8FvtceEUj4SYviNwrUw5KQd4WKw57sE4l"
,,,,,,,,,,,,,,,,,,,,"100064354285183","Trending Pinoy Videos","https://scontent-iad3-2.xx.fbcdn.net/v/t39.30808-1/327437632_699013955230604_2440139704823269359_n.png?stp=c17.0.616.616a_cp0_dst-png&cstp=mx616x616&ctp=s40x40&_nc_cat=103&ccb=1-7&_nc_sid=2d3e12&_nc_ohc=bD0N0Jvsd-IQ7kNvwFU9SiH&_nc_oc=AdrCMCJuxfK2zKgg6s4y5CwDbk8-9MiwDL7kAj7G8uj46aBeMuPsIZJJPuHnyiJCdo8&_nc_zt=24&_nc_ht=scontent-iad3-2.xx&_nc_gid=7IABClNa0BeY6KCZUZOkBA&_nc_ss=7c2a8&oh=00_AQAPZWb_5JxnC46u-SJEOyO-JMMH3S0gDRo-SOdCoG_rHw&oe=6A600AA6","https://www.facebook.com/trendingpinoyvideoscom","1","1799707713403336","Baha ka lang, Pinoy kami.",,"9","50","1","1","3","64","0","1505311985000","https://www.facebook.com/randompostsofficial/posts/pfbid031pKo8hx8GWmcVAbj8kWxEPsru9NF3UMCsivsszdXjE9R8cTUpZLRZGEHLDYzkFQal"
"No photo description available.","1956751641249053","photo","https://www.facebook.com/photo/?fbid=1956751641249053&set=a.324677512704390",,,,,,,,,,,,,,,,,"100054864321478","Drucylity2K","https://scontent-iad3-2.xx.fbcdn.net/v/t39.30808-1/240392891_324677546037720_4473827047872535678_n.jpg?stp=cp0_dst-jpg_tt6&cstp=mx1000x1000&ctp=s40x40&_nc_cat=105&ccb=1-7&_nc_sid=2d3e12&_nc_ohc=JDHEumgu22kQ7kNvwEO5jw4&_nc_oc=AdqF6kPzKl8LGjmd4yXKwanH88oRaG2lXnjZhWaaStTA830gbcyDKwcSDQ2RUG5s8Dc&_nc_zt=24&_nc_ht=scontent-iad3-2.xx&_nc_gid=7IABClNa0BeY6KCZUZOkBA&_nc_ss=7c2a8&oh=00_AQDjZDGyDhzL4UXDhfoT1pyoLAxktpHXG68lAtpXTJUC-g&oe=6A600D45","https://www.facebook.com/drucylity2k","7","1956751941249023","It's just flood, no one can stop me. :)
Lebron 15 Ashes
Release??
-drucylity",,,"77","13",,"9","99","2","1505226794000","https://www.facebook.com/drucylity2k/posts/pfbid0UstqjtoPfD8d9KXXNRkiL1W7oFETR4iFhNXRKzn4EZw3Ezur4ycNiGcFoqWLgJPXl"
"No photo description available.","171485040083826","photo","https://www.facebook.com/photo.php?fbid=171485040083826&set=a.408185790667784&type=3","No photo description available.","171485036750493","photo","https://www.facebook.com/photo.php?fbid=171485036750493&set=a.408185790667784&type=3",,,,,,,,,,,,,"100044290993282","Manila Mayor Joseph Estrada","https://scontent-iad3-2.xx.fbcdn.net/v/t39.30808-1/324256662_1547073885774971_7105900114339122746_n.jpg?stp=c132.0.802.803a_cp0_dst-jpg_tt6&cstp=mx802x803&ctp=s40x40&_nc_cat=103&ccb=1-7&_nc_sid=2d3e12&_nc_ohc=c-8swvkBPhQQ7kNvwHNI9_C&_nc_oc=AdoPk1iLM6LgjUwAKR-X38Ra6TM525yeSlXvayCVLmq_JrihL9UyIuVN2h5Jx_owDCA&_nc_zt=24&_nc_ht=scontent-iad3-2.xx&_nc_gid=7IABClNa0BeY6KCZUZOkBA&_nc_ss=7c2a8&oh=00_AQDffy1eL_QIYtFS9RAsB8BVtsvlAjC56cddqK-nuKodcA&oe=6A601921","https://www.facebook.com/manilacitynewsexpress","13","171485196750477","Kasalukuyan pong baha sa Bambang at Doroteo Jose. Iwasan po nating dumaan dito para hindi ma-stranded. Gayunpaman, inaaksyunan na ng lokal na pamahalaan ang problema sa baha. 

Litrato mula kay: Rosemarie Juanitas Ambat","2",,"423","1","28","13","467","112","1505195006000","https://www.facebook.com/manilacitynewsexpress/posts/pfbid02bxXKchhptyHDrfregrVBBGeTo7tmuti1nrtTEh1hZ1DxbVompwDMUDxcaQnSX6Wwl"
"No photo description available.","973180722824639","photo","https://www.facebook.com/photo/?fbid=973180722824639&set=a.575953924103931",,,,,,,,,,,,,,,,,"100050679840466","X Gaming","https://scontent-iad6-1.xx.fbcdn.net/v/t39.30808-1/460435203_1065648218467830_232456236081239997_n.jpg?stp=cp0_dst-jpg_tt6&cstp=mx2048x2048&ctp=s40x40&_nc_cat=109&ccb=1-7&_nc_sid=2d3e12&_nc_ohc=FCLqht-KH2UQ7kNvwEuYzam&_nc_oc=AdpzI81zADi4fafeZalV3JhX7IY-eydR-1LuOqeKn0Nnr67Xjio6RhdW9iwQCSy1_gw&_nc_zt=24&_nc_ht=scontent-iad6-1.xx&_nc_gid=7IABClNa0BeY6KCZUZOkBA&_nc_ss=7c2a8&oh=00_AQAfK-OU-sxEQ54VznURZ5QNDQrSQc1jXfWO-9pTH0A0Fg&oe=6A5FFFB9","https://www.facebook.com/x.gaming.cod","9","973180752824636","Ingat po baha na sa cainta",,"43","85",,"2","9","139","13","1505197342000","https://www.facebook.com/x.gaming.cod/posts/pfbid035AieXTNxmP7qQjkttDzMB58zWZ52gkHUgC9fTMB6mpQeWVggpDzAkeyN1dHpU4ncl"
"No photo description available.","1602701709804851","photo","https://www.facebook.com/photo.php?fbid=1602701709804851&set=a.437409497759621&type=3","No photo description available.","1602701743138181","photo","https://www.facebook.com/photo.php?fbid=1602701743138181&set=a.437409497759621&type=3","No photo description available.","1602701769804845","photo","https://www.facebook.com/photo.php?fbid=1602701769804845&set=a.437409497759621&type=3","No photo description available.","1602701806471508","photo","https://www.facebook.com/photo.php?fbid=1602701806471508&set=a.437409497759621&type=3","No photo description available.","1602701896471499","photo","https://www.facebook.com/photo.php?fbid=1602701896471499&set=a.437409497759621&type=3","100044717221198","JOSE Manalo and WALLY Bayola","https://scontent-iad6-1.xx.fbcdn.net/v/t39.30808-1/505377934_1267442208089675_2872672011711919942_n.jpg?stp=c21.21.333.333a_cp0_dst-jpg_tt6&cstp=mx333x333&ctp=s40x40&_nc_cat=107&ccb=1-7&_nc_sid=2d3e12&_nc_ohc=AHytSh8SxnsQ7kNvwEH2llr&_nc_oc=AdriCuh4cscX7hO-EuqhXuGvtqD-icpw8I3M_XrvO63OukvnTcTDFVTIYqZ0R8AfYRw&_nc_zt=24&_nc_ht=scontent-iad6-1.xx&_nc_gid=7IABClNa0BeY6KCZUZOkBA&_nc_ss=7c2a8&oh=00_AQAfKOfpcfTRQvIn5mYeuznE9tX26sN1yC2n-Kfqdao6Cg&oe=6A5FECDB","https://www.facebook.com/JoseManaloandWallyBayola","2","1602702179804804","Baha ka lang Pinoy kami",,"17","144","2","1","1","165","23","1505215638000","https://www.facebook.com/JoseManaloandWallyBayola/posts/pfbid02ktwhnmRysBtgZ1CobtNiaEnvyjEGGaHkGT2QkuCRi75VhM9SefZZL7sJggzi6gTSl"
"No photo description available.","1612171055469716","photo","https://www.facebook.com/photo.php?fbid=1612171055469716&set=a.553101476843217&type=3","No photo description available.","1612171108803044","photo","https://www.facebook.com/photo.php?fbid=1612171108803044&set=a.553101476843217&type=3","No photo description available.","1612171308803024","photo","https://www.facebook.com/photo.php?fbid=1612171308803024&set=a.553101476843217&type=3","No photo description available.","1612171338803021","photo","https://www.facebook.com/photo.php?fbid=1612171338803021&set=a.553101476843217&type=3",,,,,"100064301095134","DAWG x Overland & Offroad Solutions","https://scontent-iad6-1.xx.fbcdn.net/v/t39.30808-1/550223200_1186474660172559_1754646679469959463_n.jpg?stp=cp0_dst-jpg_tt6&cstp=mx1290x1290&ctp=s40x40&_nc_cat=107&ccb=1-7&_nc_sid=2d3e12&_nc_ohc=6Zu0HILgtJsQ7kNvwHE2zKs&_nc_oc=AdoZA9cD3oG0XFzQS-zRctHxDienMlNv-vmUUquoD2JGycLQczaxylCROQkNDJ4g1WQ&_nc_zt=24&_nc_ht=scontent-iad6-1.xx&_nc_gid=EMpk1wDkbd5MB9tKoA3RZA&_nc_ss=7c2a8&oh=00_AQBY0db97MdKuui2i3Hu3kq2TfdjGKTK_0-3vYwbDkWUnA&oe=6A5FFF5B","https://www.facebook.com/DAWGoverlandoutfitter","28","1612171382136350","babala po sa mga gustong lumusong sa baha...
hindi po komo mataas ang mga oto natin e baha proof na ang mga eto..
yung mga diffrential po natin ay pwedeng pasukin ng tubig at ma contaminate ang langis..
ALWAYS make sure may differential breather kayo..

let's @D.A.W.G. it!

#ARBbreatherkit

CHECK your differential oils.
sana di pa kulay gatas...",,,"67",,,,"67","2","1505206542000","https://www.facebook.com/DAWGoverlandoutfitter/posts/pfbid02J34Y5i8vgBjKyTV46HE1mNaAfYs2pcPGnz9VmXGfchdHFGgqAaDyToqEcNVUkuAfl"
"No photo description available.","1612009665485855","photo","https://www.facebook.com/photo/?fbid=1612009665485855&set=a.553101476843217",,,,,,,,,,,,,,,,,"100064301095134","DAWG x Overland & Offroad Solutions","https://scontent-iad6-1.xx.fbcdn.net/v/t39.30808-1/550223200_1186474660172559_1754646679469959463_n.jpg?stp=cp0_dst-jpg_tt6&cstp=mx1290x1290&ctp=s40x40&_nc_cat=107&ccb=1-7&_nc_sid=2d3e12&_nc_ohc=6Zu0HILgtJsQ7kNvwHE2zKs&_nc_oc=AdoZA9cD3oG0XFzQS-zRctHxDienMlNv-vmUUquoD2JGycLQczaxylCROQkNDJ4g1WQ&_nc_zt=24&_nc_ht=scontent-iad6-1.xx&_nc_gid=EMpk1wDkbd5MB9tKoA3RZA&_nc_ss=7c2a8&oh=00_AQBY0db97MdKuui2i3Hu3kq2TfdjGKTK_0-3vYwbDkWUnA&oe=6A5FFF5B","https://www.facebook.com/DAWGoverlandoutfitter","32","1612009682152520","babala po sa mga gustong lumusong sa baha...
hindi po komo mataas ang mga oto natin e baha proof na ang mga eto..
yung mga diffrential po natin ay pwedeng pasukin ng tubig at ma contaminate ang langis..
ALWAYS make sure may differential breather kayo..

let's @D.A.W.G. it!

#ARBbreatherkit",,,"99",,,"1","100","23","1505186469000","https://www.facebook.com/DAWGoverlandoutfitter/posts/pfbid0eMDoFK7mMgYXP8yNMqMX7WhJJtd1RGxnZ9QEbAZAtnMvpLs51SPPGr1tyxfUoNA5l"
"No photo description available.","1451943564860329","photo","https://www.facebook.com/photo/?fbid=1451943564860329&set=a.467341378765324",,,,,,,,,,,,,,,,,"100064683969337","The Daily Shroom","https://scontent-iad3-2.xx.fbcdn.net/v/t39.30808-1/528399804_1170427431790045_906395577298392307_n.jpg?stp=cp0_dst-jpg_tt6&cstp=mx500x500&ctp=s40x40&_nc_cat=105&ccb=1-7&_nc_sid=2d3e12&_nc_ohc=mr8SH3CQIuwQ7kNvwFEiK3x&_nc_oc=AdpX6qgkbKzjmGFyNuXVauTF-nAFdWRE27HR3mSh0h-UWUsIhcgS51m5LJY-ooW7pBI&_nc_zt=24&_nc_ht=scontent-iad3-2.xx&_nc_gid=EMpk1wDkbd5MB9tKoA3RZA&_nc_ss=7c2a8&oh=00_AQBbqrkJhJaIJURTpYCqSD05bhF2ss9RWfoCP3LFwAhlcw&oe=6A5FEBA5","https://www.facebook.com/thedailyshroom","7","1451943608193658","Baha ba di ko halata?😆",,"27","40",,,,"67","5","1505273655000","https://www.facebook.com/thedailyshroom/posts/pfbid0LH2H67AtsKN91LrhzbTY9tAQZkca1DAPCwkuADFNYk9mv4urKvD19Sfb9XK4HwUQl"
"No photo description available.","1537450019648021","photo","https://www.facebook.com/photo/?fbid=1537450019648021&set=a.503710624894275",,,,,,,,,,,,,,,,,"100057660241620","Single Goals","https://scontent-iad6-1.xx.fbcdn.net/v/t39.30808-1/293118267_503710654894272_5720211800931625309_n.jpg?stp=cp0_dst-jpg_tt6&cstp=mx1440x1440&ctp=s40x40&_nc_cat=106&ccb=1-7&_nc_sid=2d3e12&_nc_ohc=UEWjcdgBYT0Q7kNvwFZ-R5T&_nc_oc=Adri_eUZXdHba_iJy4NVTDgxkerQcLzWORUJf9Rl8ce4-b9dRkkr51U8aTQPxWncDgQ&_nc_zt=24&_nc_ht=scontent-iad6-1.xx&_nc_gid=EMpk1wDkbd5MB9tKoA3RZA&_nc_ss=7c2a8&oh=00_AQD4sUnZvd5Lm6tgj8uIbzISTQSaxbXlO3t_rEVLj25E5A&oe=6A5FF0F9","https://www.facebook.com/SingleGoalsOfficial","105","1537450116314678","Konting ulan, baha agad.
Konting landi, mahal agad. 😏😏","7","749","1740","9","39","6","2550","300","1505312100000","https://www.facebook.com/SingleGoalsOfficial/posts/pfbid01CPy8USbhVYWQnC87eyzaJB3gU92zk5mKUKuDKieThJz1cdvoH3w18pTdLJXneb3l"
,,,,,,,,,,,,,,,,,,,,"100064354285183","Trending Pinoy Videos","https://scontent-iad3-2.xx.fbcdn.net/v/t39.30808-1/327437632_699013955230604_2440139704823269359_n.png?stp=c17.0.616.616a_cp0_dst-png&cstp=mx616x616&ctp=s40x40&_nc_cat=103&ccb=1-7&_nc_sid=2d3e12&_nc_ohc=bD0N0Jvsd-IQ7kNvwFU9SiH&_nc_oc=AdrCMCJuxfK2zKgg6s4y5CwDbk8-9MiwDL7kAj7G8uj46aBeMuPsIZJJPuHnyiJCdo8&_nc_zt=24&_nc_ht=scontent-iad3-2.xx&_nc_gid=EMpk1wDkbd5MB9tKoA3RZA&_nc_ss=7c2a8&oh=00_AQAC1sd9nda-CZYO2WymKflKq2-C2pGeVtGLWAQm6BunZA&oe=6A600AA6","https://www.facebook.com/trendingpinoyvideoscom","3","1819214028369181","Baha ka lang, Pinoy kami.",,"15","145","2",,,"162","0","1505311995000","https://www.facebook.com/trendingandviralofficial/posts/pfbid02q4dFwGfEM7Ht1aiTyanVK32ZsyRBT3Zmzm2UFqz63U2sDCb1wNWVYPo2219iV4qKl"
"No photo description available.","345592442556226","photo","https://www.facebook.com/photo/?fbid=345592442556226&set=gm.1901785750150417",,,,,,,,,,,,,,,,,"100013164188505","Vicky Cazhe","https://scontent-iad3-1.xx.fbcdn.net/v/t39.30808-1/311379333_1544002476048544_3499662002782192572_n.jpg?stp=cp0_dst-jpg_tt6&cstp=mx960x960&ctp=s24x24&_nc_cat=101&ccb=1-7&_nc_sid=e99d92&_nc_ohc=IKkfJqu20h8Q7kNvwHpsp6R&_nc_oc=AdqT0_lUl8tm-8tSYZ3vdrtdwCRceP33ma9QEfRo8trhDYOwdRRXPlVFHeByfBIte84&_nc_zt=24&_nc_ht=scontent-iad3-1.xx&_nc_gid=EMpk1wDkbd5MB9tKoA3RZA&_nc_ss=7c2a8&oh=00_AQD7t5ESS-ghO_BHfcAU2squ0y3KHl-Rr8qcfz2ZjSDiPg&oe=6A5FFC20","https://www.facebook.com/rosemarie.bella.58","106","1901785750150417","Mga friendship... Baha na po samin!!!!

#help",,"92","216","2","150","4","464","32","1505206012000","https://www.facebook.com/groups/bantayanimalwelfare/permalink/1901785750150417/"
"No photo description available.","171502516748745","photo","https://www.facebook.com/photo.php?fbid=171502516748745&set=a.408185797334450&type=3","No photo description available.","171502513415412","photo","https://www.facebook.com/photo.php?fbid=171502513415412&set=a.408185797334450&type=3",,,,,,,,,,,,,"100044290993282","Manila Mayor Joseph Estrada","https://scontent-iad3-2.xx.fbcdn.net/v/t39.30808-1/324256662_1547073885774971_7105900114339122746_n.jpg?stp=c132.0.802.803a_cp0_dst-jpg_tt6&cstp=mx802x803&ctp=s40x40&_nc_cat=103&ccb=1-7&_nc_sid=2d3e12&_nc_ohc=c-8swvkBPhQQ7kNvwHNI9_C&_nc_oc=AdoPk1iLM6LgjUwAKR-X38Ra6TM525yeSlXvayCVLmq_JrihL9UyIuVN2h5Jx_owDCA&_nc_zt=24&_nc_ht=scontent-iad3-2.xx&_nc_gid=w1Tl1tCu5SWWWOOCDiqdog&_nc_ss=7c2a8&oh=00_AQDsHUINThs0A9Oc-bINJBQbUBP0ppNQUbUSGRQ_5yKSPA&oe=6A601921","https://www.facebook.com/manilacitynewsexpress","6","171502546748742","Kasalukuyan pong baha sa Felix Huertas cor. Aurora Sta. Cruz, Manila. Iwasan po nating dumaan dito para hindi ma-stranded. Gayunpaman, inaaksyunan na ng lokal na pamahalaan ang problema sa baha. 

Photo Credit: Mr. Cezar Salvacion - MDRRMO",,,"233","1","8","2","244","21","1505203074000","https://www.facebook.com/manilacitynewsexpress/posts/pfbid035wAfKwZEcWpVJdTWMVFxFks7hiwc2Grb71Q2cQcnu9oDSuu24WWLrMAWomcgRTR6l"
"No photo description available.","1489907537769214","photo","https://www.facebook.com/photo/?fbid=1489907537769214&set=a.578857227702874",,,,,,,,,,,,,,,,,"100067358067150","OPM Memes","https://scontent-iad6-1.xx.fbcdn.net/v/t39.30808-1/476485096_936824428572817_3564712185323487688_n.jpg?stp=cp0_dst-jpg_tt6&cstp=mx2048x2048&ctp=s40x40&_nc_cat=109&ccb=1-7&_nc_sid=2d3e12&_nc_ohc=F6B1EcEsugMQ7kNvwGmltXe&_nc_oc=AdoZofYkBCgEiLveGmWEohZcQyrXdlDiZlilOP1alUquig3TxB4x2vCD6_yeDscc4xs&_nc_zt=24&_nc_ht=scontent-iad6-1.xx&_nc_gid=w1Tl1tCu5SWWWOOCDiqdog&_nc_ss=7c2a8&oh=00_AQDFlWsdtl97QvD6bC1c7XFIMIsKMY9lESGPXKqrHRg7ww&oe=6A600423","https://www.facebook.com/OPMmemesPH","22","1489907561102545","Yung baha lampas hita. Yung inet abot singet. E ikaw..Hanggang Tingin na lang. Sadnu?",,"326","707","8","57","3","1101","124","1505224733000","https://www.facebook.com/OPMmemesPH/posts/pfbid02nfVWF58McDR3L6VfZcVchm2C8pAHH3F9ngtk2YM3q64qjt1CodxkkNWfL6q6YF3cl"
"No photo description available.","499190390467575","photo","https://www.facebook.com/photo/?fbid=499190390467575&set=a.503256901801152",,,,,,,,,,,,,,,,,"100063505406568","Single Attached House and lot","https://scontent-iad6-1.xx.fbcdn.net/v/t39.30808-1/532054690_1330238442436323_988238040378511900_n.jpg?stp=cp0_dst-jpg_tt6&cstp=mx1131x1120&ctp=s40x40&_nc_cat=102&ccb=1-7&_nc_sid=2d3e12&_nc_ohc=NwJ_G1p75tkQ7kNvwFXP7_U&_nc_oc=AdqQFcYhd7BWW8WMMdQtcVv5jAlVgUWgADeUPW9FRj2_Ov95y3aoI1Zc3FWpVNhCLb4&_nc_zt=24&_nc_ht=scontent-iad6-1.xx&_nc_gid=w1Tl1tCu5SWWWOOCDiqdog&_nc_ss=7c2a8&oh=00_AQCiT0y9e8ZUTWgdDi0koI1-nuakEitV-fqfKo-mVSWsPQ&oe=6A600CDD","https://www.facebook.com/Rickvitz","2","499190403800907","Ayan dahil maulan at baha s ibat ibang lugar , dito sa phase8 Vista verde executive Village mapatunayan n wala po kaung alalahaning baha mataas at matibay ang pagkakagawa ng bahay.
To prove to you tara tripping n tayo Sa Vista verde 😀",,,"64","1",,,"65","3","1505202507000","https://www.facebook.com/Rickvitz/posts/pfbid0b6wfHuxJr6Pn8P5XwWZGqNif4n5cjnj38rBLBdnHomAZre8YREEpvYdjFDk3TzpTl"
"No photo description available.","1830959506920007","photo","https://www.facebook.com/photo.php?fbid=1830959506920007&set=a.664640059037136&type=3","No photo description available.","1830959510253340","photo","https://www.facebook.com/photo.php?fbid=1830959510253340&set=a.664640059037136&type=3","No photo description available.","1830959493586675","photo","https://www.facebook.com/photo.php?fbid=1830959493586675&set=a.664640059037136&type=3","No photo description available.","1830959593586665","photo","https://www.facebook.com/photo.php?fbid=1830959593586665&set=a.664640059037136&type=3","No photo description available.","1830959620253329","photo","https://www.facebook.com/photo.php?fbid=1830959620253329&set=a.664640059037136&type=3","100064734424380","Day by Day Music Production","https://scontent-iad3-2.xx.fbcdn.net/v/t39.30808-1/359449966_664640079037134_4277042421933045764_n.jpg?stp=cp0_dst-jpg_tt6&cstp=mx970x959&ctp=s40x40&_nc_cat=111&ccb=1-7&_nc_sid=2d3e12&_nc_ohc=TL-P06rKwzUQ7kNvwEReMK5&_nc_oc=AdpwAu2SvbS84gCkFI2CIee8H4Hw8MswOGA1FIYthTN94Tn9tXdrJ7QXOgM-PzgNzxs&_nc_zt=24&_nc_ht=scontent-iad3-2.xx&_nc_gid=w1Tl1tCu5SWWWOOCDiqdog&_nc_ss=7c2a8&oh=00_AQDVD7JtFqHLLYuc7dOQihRGBYh0s-t2zcHzRqxKOI-oKQ&oe=6A600A77","https://www.facebook.com/profile.php?id=100064734424380","19","1830959973586627","NASIRANG MGA DAAN DAHIL SA BAHA SA Brgy. Kalubkob sa Silang, Cavite. SUB STANDARD ATA ANG GINAMIT TSK!

CTTO 

LIKE AND SHARE Day by Day Music Production","4","2","49","1","7","6","69","20","1505193673000","https://www.facebook.com/permalink.php?story_fbid=pfbid0jjtaDYvXHFkbATtPrmYLU2ySM7AaXbo2JDmfYFdx1dqSzVDj3xvuMMPdujeVnF3Vl&id=100064734424380"
"No photo description available.","1831216126894345","photo","https://www.facebook.com/photo/?fbid=1831216126894345&set=a.664640049037137",,,,,,,,,,,,,,,,,"100064734424380","Day by Day Music Production","https://scontent-iad3-2.xx.fbcdn.net/v/t39.30808-1/359449966_664640079037134_4277042421933045764_n.jpg?stp=cp0_dst-jpg_tt6&cstp=mx970x959&ctp=s40x40&_nc_cat=111&ccb=1-7&_nc_sid=2d3e12&_nc_ohc=TL-P06rKwzUQ7kNvwEReMK5&_nc_oc=AdpwAu2SvbS84gCkFI2CIee8H4Hw8MswOGA1FIYthTN94Tn9tXdrJ7QXOgM-PzgNzxs&_nc_zt=24&_nc_ht=scontent-iad3-2.xx&_nc_gid=w1Tl1tCu5SWWWOOCDiqdog&_nc_ss=7c2a8&oh=00_AQDVD7JtFqHLLYuc7dOQihRGBYh0s-t2zcHzRqxKOI-oKQ&oe=6A600A77","https://www.facebook.com/profile.php?id=100064734424380","15","1831216143561010","KUNG GANTO BA NAMAN ANG BAHA EH DINA KO MAGBABAYAD NG PEDICAB PARA MAKATAWID LALANGUYIN KO NALANG HAHA

CTTO

LIKE AND SHARE Day by Day Music Production",,"35","86","1",,"7","129","23","1505217117000","https://www.facebook.com/permalink.php?story_fbid=pfbid02C1NVn17fsgmQZV68Mtj9SuUvnCG4EyVAzTSLYvzVqc7wWn4McRWXS545eysynqX9l&id=100064734424380"
,,,,,,,,,,,,,,,,,,,,"100057660241620","Single Goals","https://scontent-iad6-1.xx.fbcdn.net/v/t39.30808-1/293118267_503710654894272_5720211800931625309_n.jpg?stp=cp0_dst-jpg_tt6&cstp=mx1440x1440&ctp=s40x40&_nc_cat=106&ccb=1-7&_nc_sid=2d3e12&_nc_ohc=UEWjcdgBYT0Q7kNvwFZ-R5T&_nc_oc=Adri_eUZXdHba_iJy4NVTDgxkerQcLzWORUJf9Rl8ce4-b9dRkkr51U8aTQPxWncDgQ&_nc_zt=24&_nc_ht=scontent-iad6-1.xx&_nc_gid=M5BNmU3WWx6OcNzz-Ko0sw&_nc_ss=7c2a8&oh=00_AQC3e7rUToUCWWkourRl38ID3i4pyKOGJ2EwWwiDF3UUmw&oe=6A5FF0F9","https://www.facebook.com/SingleGoalsOfficial","8","1901724983489827","Luh? Swimming sa baha un mga biig🐽",,"2","86","10","19","1","118","11","1505198596000","https://www.facebook.com/groups/bantayanimalwelfare/permalink/1901724983489827/"
"No photo description available.","799506870228634","photo","https://www.facebook.com/photo.php?fbid=799506870228634&set=a.808670933951897&type=3","No photo description available.","799506890228632","photo","https://www.facebook.com/photo.php?fbid=799506890228632&set=a.808670933951897&type=3","No photo description available.","799506900228631","photo","https://www.facebook.com/photo.php?fbid=799506900228631&set=a.808670933951897&type=3","No photo description available.","799506946895293","photo","https://www.facebook.com/photo.php?fbid=799506946895293&set=a.808670933951897&type=3","No photo description available.","799506973561957","photo","https://www.facebook.com/photo.php?fbid=799506973561957&set=a.808670933951897&type=3","100044269937796","Philippine trends and news","https://scontent-iad3-2.xx.fbcdn.net/v/t39.30808-1/339734734_758056305998730_8353068742457012103_n.jpg?stp=c127.0.259.259a_cp0_dst-jpg_tt6&cstp=mx259x259&ctp=s40x40&_nc_cat=111&ccb=1-7&_nc_sid=2d3e12&_nc_ohc=rzT9FqwElaYQ7kNvwFeLq2V&_nc_oc=AdpO1Iik8W_WbplYcuvxlKlky-yuy6_GevKSUzU8zczlJwcZqcpb8LdTs1PqrKUempk&_nc_zt=24&_nc_ht=scontent-iad3-2.xx&_nc_gid=M5BNmU3WWx6OcNzz-Ko0sw&_nc_ss=7c2a8&oh=00_AQB2yuflNJ3dTq1O9B-tG5-_lsJFnl4PvkWL2KfJxdGyHQ&oe=6A60023B","https://www.facebook.com/philippinetrendsandnews9","9","799507096895278","Kung ganito sana ang baha sa Manila, dmo n kelangan pumunta s beach db?",,"23","116","4","2","5","150","22","1505345868000","https://www.facebook.com/philippinetrendsandnews9/posts/pfbid0HM6HSkoaKmoY5S96G8eJeWmGEUazsv2ts1pAXzh2RsdBAmZCxPFH7jTpZcZ5RvVol"
,,,,,,,,,,,,,,,,,,,,"100064354285183","Trending Pinoy Videos","https://scontent-iad3-2.xx.fbcdn.net/v/t39.30808-1/327437632_699013955230604_2440139704823269359_n.png?stp=c17.0.616.616a_cp0_dst-png&cstp=mx616x616&ctp=s40x40&_nc_cat=103&ccb=1-7&_nc_sid=2d3e12&_nc_ohc=bD0N0Jvsd-IQ7kNvwFU9SiH&_nc_oc=AdrCMCJuxfK2zKgg6s4y5CwDbk8-9MiwDL7kAj7G8uj46aBeMuPsIZJJPuHnyiJCdo8&_nc_zt=24&_nc_ht=scontent-iad3-2.xx&_nc_gid=M5BNmU3WWx6OcNzz-Ko0sw&_nc_ss=7c2a8&oh=00_AQCYld_6b2UlZy8xzUa1ItgAYP-JJ5hdweG9ECaJxPdeTA&oe=6A600AA6","https://www.facebook.com/trendingpinoyvideoscom","2","1441480969300909","Baha ka lang, Pinoy kami.",,"9","94","4",,,"107","0","1505311965000","https://www.facebook.com/HokageThoughtsPage/posts/pfbid0C6WGEkVEwTXvagR2yYPdfavHJi5aRh7qte7EbFwNjmUoHPLinjv8hVM5ZuoieoPtl"
"No photo description available.","276959656152063","photo","https://www.facebook.com/photo.php?fbid=276959656152063&set=a.479338534227621&type=3","No photo description available.","276959689485393","photo","https://www.facebook.com/photo.php?fbid=276959689485393&set=a.479338534227621&type=3","No photo description available.","276959812818714","photo","https://www.facebook.com/photo.php?fbid=276959812818714&set=a.479338534227621&type=3","No photo description available.","276959922818703","photo","https://www.facebook.com/photo.php?fbid=276959922818703&set=a.479338534227621&type=3","No photo description available.","276960026152026","photo","https://www.facebook.com/photo.php?fbid=276960026152026&set=a.479338534227621&type=3","100064544360152","Bakit List.","https://scontent-iad6-1.xx.fbcdn.net/v/t39.30808-1/419991839_770928331735305_128501804191951779_n.jpg?stp=c0.0.643.643a_cp0_dst-jpg_tt6&cstp=mx643x643&ctp=s40x40&_nc_cat=106&ccb=1-7&_nc_sid=2d3e12&_nc_ohc=D9v10Wqq48YQ7kNvwH4AN_s&_nc_oc=AdqimRysaoeCeJLuPXGTn9dAZiDVPrGvDdVMJLowdRlCZYTx7IqDQVB0snknxxdFnq4&_nc_zt=24&_nc_ht=scontent-iad6-1.xx&_nc_gid=M5BNmU3WWx6OcNzz-Ko0sw&_nc_ss=7c2a8&oh=00_AQBbMxQXH2p69A6eKVENDINUs0zQF7BU20lb4A3oZ3YoEQ&oe=6A600885","https://www.facebook.com/BakitListOfficiaI","1","276960826151946","BAHA KA LANG!!
PINOY KAMI !!! 😂😎😍",,"14","56","4",,,"74","19","1505207934000","https://www.facebook.com/BakitListOfficiaI/posts/pfbid026eEQAbskx3TomvoNcrY8jNKwSeoayFoSJDpSPrgRYPHRrruENYFSPHFNXHPRCUu8l"
"No photo description available.","1876871452332925","photo","https://www.facebook.com/photo.php?fbid=1876871452332925&set=gm.1396450827139652&type=3","No photo description available.","1876871475666256","photo","https://www.facebook.com/photo.php?fbid=1876871475666256&set=gm.1396450827139652&type=3",,,,,,,,,,,,,"100000302662287","Lowie Argawanon","https://scontent-iad3-1.xx.fbcdn.net/v/t39.30808-1/605174446_26073114532281946_8142787986926276339_n.jpg?stp=c0.0.640.640a_cp0_dst-jpg_tt6&cstp=mx640x640&ctp=s24x24&_nc_cat=104&ccb=1-7&_nc_sid=1d2534&_nc_ohc=-21E2x2CxD8Q7kNvwE1HUTP&_nc_oc=Adpyc_lXapq4TgSgPb4-AfNj4FUZE-6Ac7bs29QDiU16EXn4uP9Yz-O-yB7B3ujaIoI&_nc_zt=24&_nc_ht=scontent-iad3-1.xx&_nc_gid=M5BNmU3WWx6OcNzz-Ko0sw&_nc_ss=7c2a8&oh=00_AQDnjNH4ZH9-Pmzb34Xc8owxhblEAFmZXeScq2zqoKqwXg&oe=6A5FE281","https://www.facebook.com/SoundTrip.Mode","6","1396450827139652","valenzuela baha gang tangke.  buti kinaya  ni cb may angkas pako. .  after makatawid  sa baha  kawang gawa muna sa mga kapatid natin naka motor na tumirek.  drain ang carb at punas basahan sparkplug. :D  buti dala ko mga tools ko",,,"51","2",,"2","55","0","1505207201000","https://www.facebook.com/groups/707780066006735/permalink/1396450827139652/"
,,,,,,,,,,,,,,,,,,,,"100071876800830","Luxberra.ph","https://scontent-iad3-1.xx.fbcdn.net/v/t39.30808-1/535844507_771486155257271_8088842823771829445_n.jpg?stp=c0.144.385.385a_cp0_dst-jpg_tt6&cstp=mx385x385&ctp=s40x40&_nc_cat=104&ccb=1-7&_nc_sid=2d3e12&_nc_ohc=kElum_YZcuQQ7kNvwHxBGdT&_nc_oc=AdpuvwZkkjS8TrXxNU--sdkFpMfUsX9u0frXlN7Bf1TMTTwGJbTRO3o_Lo3UqTYT1Q4&_nc_zt=24&_nc_ht=scontent-iad3-1.xx&_nc_gid=Ia9E0By-JoHgHmOTMVpzCA&_nc_ss=7c2a8&oh=00_AQCGPa_gDVxIth91IZyiiKzxRdYK6HH6B4_Mewon-qQ3YA&oe=6A5FFC5F","https://www.facebook.com/Luxberra.phShop","2","2001199550111059","KONTING ULAN, BAHA NA AGAD.💦
PARANG MGA BABAE LANG, KONTING LANDI LANG MAHAL NA AGAD. 😎😏
-Kruuuks♚","1","12","92",,"2",,"107","16","1505287460000","https://www.facebook.com/Luxberra.phShop/posts/pfbid0LtqteaiyNYhv71gA641ATNq4Bk5j5G7mRRW17Pd7rEXxAu8fdoFkA5DN8gVK1B4Bl"
,,,,,,,,,,,,,,,,,,,,"100044469604947","Happy Thoughts ツ","https://scontent-iad3-2.xx.fbcdn.net/v/t39.30808-1/311049997_640186070807041_8935268870617206765_n.jpg?stp=cp0_dst-jpg_tt6&cstp=mx805x806&ctp=s40x40&_nc_cat=105&ccb=1-7&_nc_sid=2d3e12&_nc_ohc=XTWxZJusdX0Q7kNvwGKZIvI&_nc_oc=AdoDd7uYuikIXeBj4Ly3-zibJxJRdjCMT7ZvnldkwAY3N6Nk0HenhhmGSz6dT35JjdE&_nc_zt=24&_nc_ht=scontent-iad3-2.xx&_nc_gid=Ia9E0By-JoHgHmOTMVpzCA&_nc_ss=7c2a8&oh=00_AQA1M_TGDWz5R59GwwlARq-WEgQEnYEo2b_ahDQmLk3qxA&oe=6A600C8A","https://www.facebook.com/OfficialHappyThougths","6","1992391187668823","KONTING ULAN BAHA AGAD , ☔💦
KONTING LANDI MAHAL AGAD 🙎❕

🔇 REALITY😂👌

-A❤👓","1","81","217","1","4","2","306","53","1505208035000","https://www.facebook.com/OfficialHappyThougths/posts/pfbid02AVtp9faCFaMJkQKY67FxzUsQjvQS5LSVQCog4E1ggnuQV6YzNNRQXjjrQ4HoYh67l"
,,,,,,,,,,,,,,,,,,,,"100044291241140","Madam Lucy","https://scontent-iad6-1.xx.fbcdn.net/v/t39.30808-1/391556313_903069604512739_6112327930679334397_n.jpg?stp=cp0_dst-jpg_tt6&cstp=mx960x960&ctp=s40x40&_nc_cat=1&ccb=1-7&_nc_sid=2d3e12&_nc_ohc=pzXFlyP-5cAQ7kNvwFO2hfi&_nc_oc=AdpdzvmG071T_WcicVyAY_sv9HX2q3EnyDsDQFjO2AypZXRUxMWmYJWViV5Sio1oOBU&_nc_zt=24&_nc_ht=scontent-iad6-1.xx&_nc_gid=Ia9E0By-JoHgHmOTMVpzCA&_nc_ss=7c2a8&oh=00_AQAjDBxLsLWdv4DJqu4t4FDk5L5x9sEHRyIMt0HRBleXOA&oe=6A6011F1","https://www.facebook.com/OfficialMadamLucy","36","1446424408808794","Baha na ba sainyo? Comment mo nga picture dito bilis!",,"10","194",,"2",,"206","6","1505184274000","https://www.facebook.com/OfficialMadamLucy/posts/pfbid02exw1xN1uWBn4Fii7d7vbq1c3GroGkWAkC7hcLkrNqf4NY8gJk46x2hLZmJz5gXvBl"
,,,,,,,,,,,,,,,,,,,,"100064472276039","Pak thoughts","https://scontent-iad3-1.xx.fbcdn.net/v/t39.30808-1/406083902_727035136122222_3732885423658094002_n.jpg?stp=cp0_dst-jpg_tt6&cstp=mx400x399&ctp=s40x40&_nc_cat=101&ccb=1-7&_nc_sid=2d3e12&_nc_ohc=UpcX4XppvioQ7kNvwFWNKMS&_nc_oc=Adopltoe5A2YOhwJKTLj18I7faKSX3tbcua7qo29ult97qRxK1KUBBXCfwPZW-3kUIk&_nc_zt=24&_nc_ht=scontent-iad3-1.xx&_nc_gid=Ia9E0By-JoHgHmOTMVpzCA&_nc_ss=7c2a8&oh=00_AQB_iYScdlzhGgxSrY6qjnARYjg9cH1erYbT6Q9J8NdtpQ&oe=6A5FF1DE","https://www.facebook.com/pakthoughts","4","1025187907584692","👾 Konting ulan baha agad, konting landi 'mahal' agad.",,"17","34",,,,"51","2","1505313872000","https://www.facebook.com/pakthoughts/posts/pfbid0ETLyTTXkMEzHc2KE1nvZ9Djx4EBcJtmdZzzs18TabzBH2TS98se5cXQjkXkCoNQNl"
,,,,,,,,,,,,,,,,,,,,"100043899830952","Maki Rena","https://scontent-iad6-1.xx.fbcdn.net/v/t39.30808-1/688200111_1501644924642154_7065361609815381612_n.jpg?stp=cp0_dst-jpg_tt6&cstp=mx828x828&ctp=s40x40&_nc_cat=102&ccb=1-7&_nc_sid=2d3e12&_nc_ohc=AmRknZiFTv8Q7kNvwG6hdtK&_nc_oc=AdpK3nyrfCfaZ9ewzEwgf2bZRF856fw1Mk52ffacYwhm_LYwoyWS6HgCoHBe_fM5MXs&_nc_zt=24&_nc_ht=scontent-iad6-1.xx&_nc_gid=Ia9E0By-JoHgHmOTMVpzCA&_nc_ss=7c2a8&oh=00_AQAR8yEpwFNyklWev2xxKTNjLc1OdiUNoa4KzlmyokZA4g&oe=6A6011FE","https://www.facebook.com/djmakirena","32","1970605183153135","Anong mas mahirap, MAGLIMAS NG BAHA SA BAHAY o MALIMAS ANG GAMIT NIYO SA BAHAY?

Ano? Sagot!
#MAKInerbiyos",,"15","86","1",,"1","103","2","1505182738000","https://www.facebook.com/djmakirena/posts/pfbid02MWSmyRsLb2Uc4z6otzV7gULEeSW1Z2jL88vAAvReRW4PDoJC8HaxZ5FpfmAWGYS1l"
,,,,,,,,,,,,,,,,,,,,"100070051894228","Diary ng Baby.","https://scontent-iad6-1.xx.fbcdn.net/v/t39.30808-1/326796997_1356893731792573_6567108543179126407_n.jpg?stp=cp0_dst-jpg_tt6&cstp=mx480x479&ctp=s40x40&_nc_cat=107&ccb=1-7&_nc_sid=2d3e12&_nc_ohc=9mTVc4suZncQ7kNvwFq7XRf&_nc_oc=AdqPCpiLsqpOiiJGLH3TMNDzPaPHljXEogNsfZcU0dq9wnVU4rjY0H9d87F7xlb87S8&_nc_zt=24&_nc_ht=scontent-iad6-1.xx&_nc_gid=Ia9E0By-JoHgHmOTMVpzCA&_nc_ss=7c2a8&oh=00_AQAn6mHTIDiJEuBEcO9Hcx5p1CWPjQkAHpWSvCiQwF6BpQ&oe=6A600EAF","https://www.facebook.com/OfficialDNBaby","1","476132259421498","Kapag umuulan, Hindi baha ang iniisip ko, Kundi ikaw namimiss ko bawat ngite mo at kung paano ko napapasaya ang buhay mo, Miss ko nayun, Pls balik ka na sa feeling ko :'(",,,"61","4","7",,"72","15","1505208073000","https://www.facebook.com/OfficialDNBaby/posts/pfbid022qdKTyfuoYTsLXdauLijUTbMBkaoJEx5k4Mf94L3bmThJcyi7Zn4Tc4zEDfypRA3l"
,,,,,,,,,,,,,,,,,,,,"100064753146257","Pilipino Star Ngayon","https://scontent-iad3-1.xx.fbcdn.net/v/t39.30808-1/341210557_901742617547302_3330482047576992124_n.jpg?stp=cp0_dst-jpg_tt6&cstp=mx272x272&ctp=s40x40&_nc_cat=110&ccb=1-7&_nc_sid=2d3e12&_nc_ohc=LumBSsR_2ZoQ7kNvwFO-Ez3&_nc_oc=AdqMsJIukm5Ub6mJH1Sf5nN9E1O_QIL-cgkRNDHqpAhRG3xyNilUeG5lM6FPw_fms5Y&_nc_zt=24&_nc_ht=scontent-iad3-1.xx&_nc_gid=ZnyWik_CSjelwrz3tmi5LA&_nc_ss=7c2a8&oh=00_AQA6wLgOa8LKYWnZ2gWHz1O1xaXkpYH7Vjduov77BoNP8w&oe=6A5FE9A3","https://www.facebook.com/pilstarngayon","799","888114151342267","LOOK: The aftermath of tropical storm Maring in Barangay Kalubkob in Silang, Cavite.",,,,,,,"0","1","1505185961000","https://www.facebook.com/PhilippineSTAR/posts/pfbid0pdBTDGhuUGpevw9RpZDwweerQ1VCvai6Wg1BujKd1om4BHJUnaNwcL1FfRm26Rtwl"
"No photo description available.","118207828920357","photo","https://www.facebook.com/photo.php?fbid=118207828920357&set=a.106779923396481&type=3","No photo description available.","118207945587012","photo","https://www.facebook.com/photo.php?fbid=118207945587012&set=a.106779923396481&type=3","No photo description available.","118207938920346","photo","https://www.facebook.com/photo.php?fbid=118207938920346&set=a.106779923396481&type=3","No photo description available.","118208028920337","photo","https://www.facebook.com/photo.php?fbid=118208028920337&set=a.106779923396481&type=3","No photo description available.","118208022253671","photo","https://www.facebook.com/photo.php?fbid=118208022253671&set=a.106779923396481&type=3","100021934208098","Chrisanto Sumang Olarte Chris","https://scontent-iad3-1.xx.fbcdn.net/v/t1.6435-1/30710988_233526164055189_2325732813782908928_n.jpg?stp=cp0_dst-jpg_tt6&cstp=mx410x410&ctp=s40x40&_nc_cat=110&ccb=1-7&_nc_sid=e99d92&_nc_ohc=2-Dc36WDGl8Q7kNvwEuEk6p&_nc_oc=Adrik-zaQsGy7oulaAbKh5T8g51HRMvh3BLUHt5Zzcxin_TPSa-0buNXy-9RyBMqicI&_nc_zt=24&_nc_ht=scontent-iad3-1.xx&_nc_gid=ZnyWik_CSjelwrz3tmi5LA&_nc_ss=7c2a8&oh=00_AQAb4SmPYGkq_HUIHfOIuB0Z5i9eiyPXvneo2moM17k3WA&oe=6A818FB1","https://www.facebook.com/chrisantosumangolarte.chris","0","118212942253179","idol'' buwisit talaga itong bagyo
ayun baha....perwisyong totoo
d serbisyong totoo....
isa lng ang gustong bumaha
alam na diz.....",,,"1",,,,"1","0","1505176210000","https://www.facebook.com/chrisantosumangolarte.chris/posts/pfbid02jDRFWYp8zWRqWS8tHLFrwMEzpFvC23SY6MU3U4sNHGhLzkVeCdEBcsfxRp6RhZC3l"
"No photo description available.","1628657180491789","photo","https://www.facebook.com/photo.php?fbid=1628657180491789&set=a.530185959114959&type=3","No photo description available.","1628657177158456","photo","https://www.facebook.com/photo.php?fbid=1628657177158456&set=a.530185959114959&type=3","No photo description available.","1628659547158219","photo","https://www.facebook.com/photo.php?fbid=1628659547158219&set=a.530185959114959&type=3","No photo description available.","1628659533824887","photo","https://www.facebook.com/photo.php?fbid=1628659533824887&set=a.530185959114959&type=3","No photo description available.","1628659067158267","photo","https://www.facebook.com/photo.php?fbid=1628659067158267&set=a.530185959114959&type=3","100063706792074","Xplore","https://scontent-iad6-1.xx.fbcdn.net/v/t39.30808-1/305931678_530185975781624_7766619302284152274_n.jpg?stp=cp0_dst-jpg_tt6&cstp=mx686x686&ctp=s40x40&_nc_cat=106&ccb=1-7&_nc_sid=2d3e12&_nc_ohc=skf4Kjxhx9QQ7kNvwE0ZHSB&_nc_oc=AdoQT0MOltEaCeSm-QADc_CLCBqvwaoGVykfxW7HZOHnMImJ1hSbhnsWJ2igjPXDKZE&_nc_zt=24&_nc_ht=scontent-iad6-1.xx&_nc_gid=ZnyWik_CSjelwrz3tmi5LA&_nc_ss=7c2a8&oh=00_AQCDk4rC0xu-4qaH2AzsMZbC6Nve-KZyO24MPI4ys7H7KA&oe=6A5FE8DF","https://www.facebook.com/xploreunli","7","1628660027158171","BAHA na naman!!! For SALE: Brand new Waterproof Foldable Rain Boots

--- Please read details & check prices below -----

Various kinds of Waterproof Foldable Rain Boots
--- Keep your feet & shoes Dry this rainy season.
--- Lightweight. Portable. Easy to wear. Wear over your shoes
--- Materials: Good quality PVC

Payment thru BDO or BPI deposit
Delivery thru Sonic express. SF c/o buyer.
Metro Manila add php 50

PIOG. First come first serve
Inventory on hand:

1, High cut transparent thick (unisex) - Php 250
M- 1 pair
L- 2 pairs
XL- 4 pairs
XXL- 4 pairs

2. High cut Black (unisex) - Php 220
M- 1 pair
L- 2 pairs
XL- 5 pairs
XXL- 2 pairs

3. Transparent polkadots (women & kids)- Php 120
M 24cm (size 5-7)- 9 pairs
XL 27cm (size 8-10)- 9 pairs

4. Low cut Blue (women & kids)- Php 150
XXL 28cm (size 8-10)- 1 pair
L 25cm (size 6-8)- 3pairs

5. Low cut Pink (women & kids)- Php 150
L 25cm (size 6-8)- 2pairs

6. BEARCAT Foldable Rain Boots (women & kids) - Php 550
Black Medium 25cm
Black Large 27cm
Blue Medium 25cm
Blue Large 27cm
Yellow Medium 25cm
Yellow Large 27cm",,,"17",,,,"17","2","1505187582000","https://www.facebook.com/xploreunli/posts/pfbid0pEaGyKUZJF2jd5TyPAuHkuAhkZ4vgvJJjA2K6aZUHzEYKvcGW1nz9Vn5r9JkMTBdl"
"No photo description available.","629952903841635","photo","https://www.facebook.com/photo.php?fbid=629952903841635&set=a.176640032506260&type=3","No photo description available.","629952897174969","photo","https://www.facebook.com/photo.php?fbid=629952897174969&set=a.176640032506260&type=3","No photo description available.","629952900508302","photo","https://www.facebook.com/photo.php?fbid=629952900508302&set=a.176640032506260&type=3",,,,,,,,,"100004807931607","Joy Calimag","https://scontent-iad6-1.xx.fbcdn.net/v/t39.30808-1/598983242_3003146889855546_3820126571959036286_n.jpg?stp=cp0_dst-jpg_tt6&cstp=mx2034x2048&ctp=s40x40&_nc_cat=106&ccb=1-7&_nc_sid=1d2534&_nc_ohc=zaZnigMvFosQ7kNvwFHB3qb&_nc_oc=AdpqlJjgjUPSvv_XcnMJbE2qdYDADeSLtMHs9lx162i9DRc7m9H8S7qwD7MYfxfkyN8&_nc_zt=24&_nc_ht=scontent-iad6-1.xx&_nc_gid=ZnyWik_CSjelwrz3tmi5LA&_nc_ss=7c2a8&oh=00_AQBuq5fwe6yCeZFZrmiyGjsLxYle5jkIvgXtWSdbW41YjQ&oe=6A601650","https://www.facebook.com/joy.arca.calimag","9","629954650508127","baha🏊",,,"10",,"4",,"14","1","1505187969000","https://www.facebook.com/joy.arca.calimag/posts/pfbid02mLia8bYnxryzPny1Gu257h6ZDVRGzFFn8fs2yWbPcz1FP6npGehUUyVhzoWs54oUl"
"No photo description available.","1125261024242487","photo","https://www.facebook.com/photo/?fbid=1125261024242487&set=a.456660273140228",,,,,,,,,,,,,,,,,"100063887770527","Online Shop","https://scontent-iad3-2.xx.fbcdn.net/v/t39.30808-1/656151433_1407385804734332_7490245126536617946_n.jpg?stp=c5.0.459.459a_cp0_dst-jpg_tt6&cstp=mx459x459&ctp=s40x40&_nc_cat=111&ccb=1-7&_nc_sid=2d3e12&_nc_ohc=b_pERW1GOF8Q7kNvwG-qtOE&_nc_oc=AdrQFz3h1Xsxwcp7QSoJJYSLJZdeVX5KrANwD9H2hw6xhhfA8dbkXeugpKX6gUCs9Ms&_nc_zt=24&_nc_ht=scontent-iad3-2.xx&_nc_gid=ZnyWik_CSjelwrz3tmi5LA&_nc_ss=7c2a8&oh=00_AQBqo-2nV9Awt6Ar2ECby9jcbGD8DimuEK6CVRgnR5PxzA&oe=6A6001B0","https://www.facebook.com/marklomerio.motogears","3","1125261044242485","Nakupo.. BAHA na dito saamin. Ridesafe mga paps",,"6","5",,"1",,"12","1","1505180278000","https://www.facebook.com/marklomerio.motogears/posts/pfbid026e84nQ7z2LKNS6boRbekixMcc2rQrL5HfyMwW2Qsu4qJ4MGbDFrABQjMR57cfcwsl"
"No photo description available.","1832093320139959","photo","https://www.facebook.com/photo/?fbid=1832093320139959&set=a.664640059037136",,,,,,,,,,,,,,,,,"100064734424380","Day by Day Music Production","https://scontent-iad3-2.xx.fbcdn.net/v/t39.30808-1/359449966_664640079037134_4277042421933045764_n.jpg?stp=cp0_dst-jpg_tt6&cstp=mx970x959&ctp=s40x40&_nc_cat=111&ccb=1-7&_nc_sid=2d3e12&_nc_ohc=TL-P06rKwzUQ7kNvwEReMK5&_nc_oc=AdpwAu2SvbS84gCkFI2CIee8H4Hw8MswOGA1FIYthTN94Tn9tXdrJ7QXOgM-PzgNzxs&_nc_zt=24&_nc_ht=scontent-iad3-2.xx&_nc_gid=slX68KCTwPYrrXyZN9mLmA&_nc_ss=7c2a8&oh=00_AQCK1VdNwbkslf6HuckFZyBpOvOzeVB1HFla5jGVtAqRgQ&oe=6A600A77","https://www.facebook.com/profile.php?id=100064734424380","7","1832093366806621","AHAS LUMABAS SA KASAGSAGAN NG BAHA!

CTTO

LIKE AND SHARE Day by Day Music Production",,"8","24",,"2",,"34","2","1505292612000","https://www.facebook.com/permalink.php?story_fbid=pfbid02u3Aj36uU8v6KTBaJLTktR7GkUei35z5STeDmexr6pSpTkE9GDP1g7fbBj53Pafgjl&id=100064734424380"
"No photo description available.","1804710009556372","photo","https://www.facebook.com/photo/?fbid=1804710009556372&set=a.570350685128350",,,,,,,,,,,,,,,,,"100064602702934","The Philippine Simulator - Patch Notes","https://scontent-iad6-1.xx.fbcdn.net/v/t39.30808-1/595156849_1334640885365989_6772077507122357961_n.jpg?stp=c236.233.492.492a_cp0_dst-jpg_tt6&cstp=mx492x492&ctp=s40x40&_nc_cat=102&ccb=1-7&_nc_sid=2d3e12&_nc_ohc=plGYWIes-DcQ7kNvwEyOkwb&_nc_oc=AdqDXQU0C1QAcQUNKbLnWrAecgLoCkbdGz2xWXnhFwA7_vVxPSFfmbIQK7EDO_0_T34&_nc_zt=24&_nc_ht=scontent-iad6-1.xx&_nc_gid=slX68KCTwPYrrXyZN9mLmA&_nc_ss=7c2a8&oh=00_AQCOukJRhd1IqwDOsCXkF-9so2KRVomKoo4WkqTyVLYH6Q&oe=6A5FE54E","https://www.facebook.com/phsimulatorpatchnotes","0","1804710476222992","Baha naman palagi sa Byalan.

(PS: Offline Private Server 'to. Tambayan ng mga Admin.)",,"13","24",,,,"37","2","1505185015000","https://www.facebook.com/phsimulatorpatchnotes/posts/pfbid0339KQ1b3EmWHLJ4a8JTfotuUKhq38243AE5G5ammoGDGU6h9aPPWWpZvr6Vz8eHeul"
,"1562806353762976","video",,,,,,,,,,,,,,,,,,"100064360735494","Nexthome Realty","https://scontent-iad6-1.xx.fbcdn.net/v/t39.30808-1/585324901_1258919166263429_5602388429927249596_n.jpg?stp=cp0_dst-jpg_tt6&cstp=mx1563x1563&ctp=s40x40&_nc_cat=102&ccb=1-7&_nc_sid=2d3e12&_nc_ohc=07sIYQoHt48Q7kNvwH-q6V2&_nc_oc=AdqmdHKfuMNaTet3kER3-WeR2-Hw-Ndou_Chrn092o9sNPNwepkgo6lKskvNPo0I9VE&_nc_zt=24&_nc_ht=scontent-iad6-1.xx&_nc_gid=slX68KCTwPYrrXyZN9mLmA&_nc_ss=7c2a8&oh=00_AQDrpsF1hobIzJAl6r1-NILs8vPXyW9k0a_29KqkJK5scw&oe=6A5FE8D0","https://www.facebook.com/Nexthomerealestateph","14","1562806353762976","Habang maulan at baha na sa ibang lugar ang atin pong Tradizo ay flood free simula sa magdamag na pag ulan. Time stamped around 10am. 

Hindi mo pagsisisihan ang pagkuha sa Tradizo Enclave.

Tested and proven
A Shot during Maring is moving along NCR and Cavite.
Tradizo Enclave is a flood-free Subdivision. Your family and investment is safe and secured.

Reserved now.
09176506127
Tradizo Enclave Imus Cavite",,,"38",,,,"38","1","1505273681000","https://www.facebook.com/Nexthomerealestateph/videos/1562806353762976/"
"No photo description available.","1368388849940666","photo","https://www.facebook.com/photo/?fbid=1368388849940666&set=a.498643348939976",,,,,,,,,,,,,,,,,"100063829452626","Makatawa Wagas.","https://scontent-iad6-1.xx.fbcdn.net/v/t39.30808-1/302095645_498643378939973_1223357974615803033_n.jpg?stp=cp0_dst-jpg_tt6&cstp=mx706x705&ctp=s40x40&_nc_cat=107&ccb=1-7&_nc_sid=2d3e12&_nc_ohc=PEpR0q1YptUQ7kNvwF-J4p9&_nc_oc=AdqaxTd8I9ribioiXpV3IA4VOPyjcsMNd8e7PMq7LwBV-ydxAbcS9McF8woobrgqiFg&_nc_zt=24&_nc_ht=scontent-iad6-1.xx&_nc_gid=slX68KCTwPYrrXyZN9mLmA&_nc_ss=7c2a8&oh=00_AQD0cpP4KZvpj3tvCr1ZVTLrvHyGOmXmLXm3Jbbi3eAuTA&oe=6A5FE1B9","https://www.facebook.com/profile.php?id=100063829452626","0","1368389606607257","baha nanaman mga kawagas... keep safe poh",,,"5",,,,"5","2","1505216305000","https://www.facebook.com/permalink.php?story_fbid=pfbid0jFpgqTxSgwUDMhcnhpURWnFU26edsqYHN5cLcvVW8DAPGxph34tTNbuUffMNgD9ol&id=100063829452626"
"No photo description available.","958242034315914","photo","https://www.facebook.com/photo/?fbid=958242034315914&set=a.307331427662608",,,,,,,,,,,,,,,,,"100051572583665","Yani Rip&Collects","https://scontent-iad6-1.xx.fbcdn.net/v/t1.6435-1/181140090_307333267662424_4197924621077145420_n.jpg?stp=cp0_dst-jpg_tt6&cstp=mx720x720&ctp=s40x40&_nc_cat=106&ccb=1-7&_nc_sid=2d3e12&_nc_ohc=RDZcljfL9TAQ7kNvwHChXZQ&_nc_oc=AdpLQm3cOePP0p-e8ChNAHmcCjp2LrjlX62CdOC1ijfsl5Wyo_wq0nhPb0uPMccC7-M&_nc_zt=24&_nc_ht=scontent-iad6-1.xx&_nc_gid=slX68KCTwPYrrXyZN9mLmA&_nc_ss=7c2a8&oh=00_AQBz7DV1ScV9wJgJwGcPMy76o0jPiUreIsSaO-d7Jh8U5A&oe=6A81AF01","https://www.facebook.com/pinoymuna2017","4","958242124315905","Pano kung ganito kalinis yung baha, lalangoy ka rin ba? hahaha 😂😂",,"2","20",,,"1","23","2","1505287487000","https://www.facebook.com/pinoymuna2017/posts/pfbid0U2RUmKYawngg6rmadsSkw2kjyTLqNEJ84x9SktPTCWs6ELe28wJoXXKJbFBcMcs3l"
,"1584105151611673","video",,,,,,,,,,,,,,,,,,"100064169283678","La Verdad Correspondents","https://scontent-iad3-2.xx.fbcdn.net/v/t39.30808-1/465660020_8911939895494792_7915497176835006722_n.jpg?stp=cp0_dst-jpg_tt6&cstp=mx2000x2000&ctp=s40x40&_nc_cat=105&ccb=1-7&_nc_sid=2d3e12&_nc_ohc=R0RFSxRB0V0Q7kNvwFxhARf&_nc_oc=AdqbyhwTbHfP3CvxFSexGyuYc6M2S2iBh0Pkp9YOhdqnzRYia4moQd4dk-VshIiZzFM&_nc_zt=24&_nc_ht=scontent-iad3-2.xx&_nc_gid=slX68KCTwPYrrXyZN9mLmA&_nc_ss=7c2a8&oh=00_AQDERfuPEmLHFBVJIwwA78Ome4Si4TqRqZcA0IP89K5JXA&oe=6A6004F7","https://www.facebook.com/LaVerdadCorrespondents","0","1584105151611673","Baha sa Barangay Malaban, Biñan, Laguna, lalong tumaas dahil sa patuloy na pagbuhos ng ulan.

Video by: Oscar Andaya

via Ariel Lyn Aranas /  La Verdad Correspondent",,"1","32",,,,"33","10","1505195682000","https://www.facebook.com/LaVerdadCorrespondents/videos/1584105151611673/"
"No photo description available.","1741146955904030","photo","https://www.facebook.com/photo.php?fbid=1741146955904030&set=a.355268646619606&type=3","No photo description available.","1741146949237364","photo","https://www.facebook.com/photo.php?fbid=1741146949237364&set=a.355268646619606&type=3","No photo description available.","1741146959237363","photo","https://www.facebook.com/photo.php?fbid=1741146959237363&set=a.355268646619606&type=3",,,,,,,,,"100064094196349","8 TriMedia","https://scontent-iad6-1.xx.fbcdn.net/v/t39.30808-1/277777571_355268659952938_1779255472212053927_n.png?stp=cp0_dst-png&cstp=mx400x400&ctp=s40x40&_nc_cat=102&ccb=1-7&_nc_sid=2d3e12&_nc_ohc=hznB93OfHb0Q7kNvwHQoIEi&_nc_oc=AdqzRiSQdErw9GrIewDW8on4jtP3zsjGucWx29QC3x3n9tSVR2gb-CGInzVac40E9yI&_nc_zt=24&_nc_ht=scontent-iad6-1.xx&_nc_gid=7UViXyMTh2INkHLZpWet1Q&_nc_ss=7c2a8&oh=00_AQDyuHvHlU9QGAMtemSBkmSxu3cyCMdmF4GTKXpdRFtkrg&oe=6A60095D","https://www.facebook.com/8trimedia","1","1741147169237342","TINGNAN: BAHA SA STA. ROSA LAGUNA
BY: Miguel C Cervantes
#Ka8Trimedia #MaringPH #Maring #MaringUpdates",,,"8",,,,"8","1","1505197466000","https://www.facebook.com/8trimedia/posts/pfbid0qN6nevKLKWDyFdV5ov2Sfg4SCc9D35eRXqUsWTZHGJa9c9eQ66KMKcmGHGR6hUSXl"
"No photo description available.","1494603357287384","photo","https://www.facebook.com/photo.php?fbid=1494603357287384&set=a.271345284357745&type=3","No photo description available.","1494603417287378","photo","https://www.facebook.com/photo.php?fbid=1494603417287378&set=a.271345284357745&type=3","No photo description available.","1494603450620708","photo","https://www.facebook.com/photo.php?fbid=1494603450620708&set=a.271345284357745&type=3","No photo description available.","1494603470620706","photo","https://www.facebook.com/photo.php?fbid=1494603470620706&set=a.271345284357745&type=3",,,,,"100044468258331","Tanya Chinita","https://scontent-iad3-1.xx.fbcdn.net/v/t39.30808-1/654839160_1502469481245313_6483826335014833954_n.jpg?stp=cp0_dst-jpg_tt6&cstp=mx2048x2048&ctp=s40x40&_nc_cat=104&ccb=1-7&_nc_sid=2d3e12&_nc_ohc=IuuGCPXYDMoQ7kNvwF_rIoL&_nc_oc=AdqXFVA8ZahEgS67yyBJ-kHu4t0Ve1Ev2qiW7Ctle0qY0KLMz1dgPh_xg3WFjO1_oDY&_nc_zt=24&_nc_ht=scontent-iad3-1.xx&_nc_gid=7UViXyMTh2INkHLZpWet1Q&_nc_ss=7c2a8&oh=00_AQCmDt4TTfNmhH81qTplr2sqeNlUv5iCb-qS42t6kQ8HTA&oe=6A5FF9F0","https://www.facebook.com/DJTanyaChinita","159","1494604867287233","Habang nagpapahupa ng baha naggawa ako ng school project ni Nene, eco-friendly dress dapat at sabi ni Teacher pwede daw ang eco bag, ayan 2 oras ako nagtahi kanina 😂😩💪 Tadaaa!!! Mam pls magandahan ka sana, utang na loob HAHAHAHAHAHAHAH 🤦‍♀️💯😜",,,,,,,"0","3","1505210737000","https://www.facebook.com/DJTanyaChinita/posts/pfbid0Rn8meJWMZfAZHsEEM63FFY28rYFuewEdGY811UfJxYxgLQCKrTRcSZi2XgftNsQZl"
"No photo description available.","1450435168326222","photo","https://www.facebook.com/photo/?fbid=1450435168326222&set=gm.1836471529703960",,,,,,,,,,,,,,,,,"100000792572187","Christopher Lo","https://scontent-iad6-1.xx.fbcdn.net/v/t39.30808-1/468445987_8712493445453655_8387568014166866657_n.jpg?stp=cp0_dst-jpg_tt6&cstp=mx750x746&ctp=s24x24&_nc_cat=106&ccb=1-7&_nc_sid=e99d92&_nc_ohc=X8-S6lbg8qgQ7kNvwG5PeF9&_nc_oc=AdoZeLMkEWsktNSe0zn9i5rWFqaO5lcpf0EfWRzti960SkvI0WpXidTj6zc4Q_PlG3M&_nc_zt=24&_nc_ht=scontent-iad6-1.xx&_nc_gid=7UViXyMTh2INkHLZpWet1Q&_nc_ss=7c2a8&oh=00_AQBMsGsa1rPbmO3kdXmnXUyRkAS0aVLz37hbVaJ-b2HabA&oe=6A5FFC29","https://www.facebook.com/davidickingdom777","19","1836471529703960","Question for the expert : Pag nalusong sa baha at natirik then afterwards umandar naman at nakauwi,  May dapat ba gawin sa motor para wag masira? TIA",,"1","20",,,"1","22","0","1505201556000","https://www.facebook.com/groups/761500633867727/permalink/1836471529703960/"
"No photo description available.","2040457946184559","photo","https://www.facebook.com/photo.php?fbid=2040457946184559&set=a.454081283435096&type=3","No photo description available.","2040459446184409","photo","https://www.facebook.com/photo.php?fbid=2040459446184409&set=a.454081283435096&type=3","No photo description available.","2040459829517704","photo","https://www.facebook.com/photo.php?fbid=2040459829517704&set=a.454081283435096&type=3",,,,,,,,,"100064996841040","Rent to Own /house & Lot/ Lot Only","https://scontent-iad3-2.xx.fbcdn.net/v/t39.30808-1/304869537_454081293435095_2359314154149645805_n.jpg?stp=c97.0.390.390a_cp0_dst-jpg_tt6&cstp=mx390x390&ctp=s40x40&_nc_cat=111&ccb=1-7&_nc_sid=2d3e12&_nc_ohc=64SwAumHGAIQ7kNvwFQ5d1B&_nc_oc=AdqWD9apTNDeTw-UqnDoOh5uHYOEyPx-YX1Kun8IRPE9bu0pbwDQUtmRpMsfkTAfMLo&_nc_zt=24&_nc_ht=scontent-iad3-2.xx&_nc_gid=7UViXyMTh2INkHLZpWet1Q&_nc_ss=7c2a8&oh=00_AQDzPYmK5aiTwGhFDXqbpmjoR4ysitVR1nTj__O3XlQoag&oe=6A601576","https://www.facebook.com/GODallthingsposible","5","2040459879517699","SA MANORS LAS PINAS SITE WALA PONG BAHA KAHAPON....

Kaya tara na po, pa tripping ka na!!!

Some of the reasons why choose Manors Las Pinas 

* MAY RFO NA PWEDE KA NANG MAGPASKO SA UNIT MO. Php1.7M lang!
* NON RFO Php1.4M lang! 
* THEY ALREADY LAUNCHED THE RIVER DRIVE  VIA C5 EXTENSION
* WALKING DISTANCE TO SOON LRT STATION 

Tawag na!!!
JANE PASALO
globe: 09156047746",,,"1",,,,"1","0","1505309129000","https://www.facebook.com/GODallthingsposible/posts/pfbid02gpiqMAJMxz9SnM5f1ESRKkXY4QsNbjPZXcisz7dDrH5JtYnhUgQU2nWZtQpeBAnpl"
"No photo description available.","136362963641655","photo","https://www.facebook.com/photo.php?fbid=136362963641655&set=a.479068787570675&type=3","No photo description available.","136362990308319","photo","https://www.facebook.com/photo.php?fbid=136362990308319&set=a.479068787570675&type=3","No photo description available.","136363013641650","photo","https://www.facebook.com/photo.php?fbid=136363013641650&set=a.479068787570675&type=3","No photo description available.","136363040308314","photo","https://www.facebook.com/photo.php?fbid=136363040308314&set=a.479068787570675&type=3",,,,,"100064026726343","Ate J's Food Hub","https://scontent-iad3-1.xx.fbcdn.net/v/t39.30808-1/509163362_1167638968713650_557098684740123498_n.jpg?stp=cp0_dst-jpg_tt6&cstp=mx438x432&ctp=p40x40&_nc_cat=104&ccb=1-7&_nc_sid=2d3e12&_nc_ohc=B0dpDmYihpUQ7kNvwHTxwCT&_nc_oc=Adrudi3zmi8CA7R_oNmb0Ykl4JtTCxVQBUBnlWEM05GS0sN3LDhLan3wTrfn5GfSMjE&_nc_zt=24&_nc_ht=scontent-iad3-1.xx&_nc_gid=7UViXyMTh2INkHLZpWet1Q&_nc_ss=7c2a8&oh=00_AQAhvt1DoQEuQk1xq-SyiYnE7Ttlde5kbVnpeFQVGC-D3w&oe=6A5FF9EE","https://www.facebook.com/Aldousbro","1","136363096974975","Maulan. baha. Tinatamad kaba? 
Order na kase! 😆",,,"26",,,"2","28","3","1505185196000","https://www.facebook.com/Aldousbro/posts/pfbid02mMouxd6YFBU1EXvYMhEoqAyscCKTDcnweKRM3NkipAuau5vN1aZx4he1P2cAHxAsl"
"No photo description available.","1538594082867200","photo","https://www.facebook.com/photo/?fbid=1538594082867200&set=a.413019867526421",,,,,,,,,,,,,,,,,"100064552337919","Anne Kusinera","https://scontent-iad3-2.xx.fbcdn.net/v/t39.30808-1/293675120_413019890859752_8392324020447979260_n.jpg?stp=cp0_dst-jpg_tt6&cstp=mx459x459&ctp=s40x40&_nc_cat=111&ccb=1-7&_nc_sid=2d3e12&_nc_ohc=6RPLpUreYM8Q7kNvwFjtV8l&_nc_oc=AdpbywI6jG-G2vQJs7XyVNbfns05b47houI7BHJIcTNa8YYCQhkRbmnb71kwmXyGJvM&_nc_zt=24&_nc_ht=scontent-iad3-2.xx&_nc_gid=SglXOoChIERSyO4QYqj1FQ&_nc_ss=7c2a8&oh=00_AQCNk3gbi5JHfaFMmVCCx1-vjmcb3LNbFONtQ7NNEYcaBA&oe=6A5FE45B","https://www.facebook.com/AnneKusinera","3","1538594102867198","Kamusta kayo dyan?  Baha ba sa inyo?  Keep safe and stay warm guys. 

Sarap humigop at kumain ng sopas sa ganitong panahon ano?  

Sahog ko nga pala dito ay atay ng manok at itlog. Kain na!",,,"4","3",,,"7","0","1505207830000","https://www.facebook.com/AnneKusinera/posts/pfbid032YNTWjXMh3tUBeB6MTirsqXfKjoZyivBNMLJcyjiLGENZwtWveGxAbcyrXxJtmTjl"
,,,,,,,,,,,,,,,,,,,,"100000263978283","Jr Balantac","https://scontent-iad6-1.xx.fbcdn.net/v/t39.30808-1/515370854_24762650703327053_6482425955709265775_n.jpg?stp=cp0_dst-jpg_tt6&cstp=mx1284x1284&ctp=s24x24&_nc_cat=102&ccb=1-7&_nc_sid=e99d92&_nc_ohc=1c-cvhQPok8Q7kNvwEwQ1n0&_nc_oc=AdqhdafCU7xi4VcpAuXc3aKgn7NTFeh6QO7tgm_fz4W9Nn5dybuBsbfBCmhbKk9pdrU&_nc_zt=24&_nc_ht=scontent-iad6-1.xx&_nc_gid=SglXOoChIERSyO4QYqj1FQ&_nc_ss=7c2a8&oh=00_AQDGWpa2P06_wfHtVlbq0FvREkB9tdtfl_FSFD95RXoLWw&oe=6A5FE6D1","https://www.facebook.com/jrbalantac","4","919717548196919","Mga paps tanung lang..mjo mtaas baha eh..pero d nmn abot ang tambutso at SP..pro lulubog ng unti ung pinagkakabitan ng tambutso sa makina..ok lang un?pero d q na inilusong..better be safe hehe",,,"5",,,,"5","0","1505181018000","https://www.facebook.com/groups/416364038532275/permalink/919717548196919/"
,"794038814090959","video","https://www.facebook.com/southspringsLagunaproperty/videos/794038814090959/",,,,,,,,,,,,,,,,,"100063578303974","My Dream House","https://scontent-iad3-1.xx.fbcdn.net/v/t39.30808-1/480729408_1058724132958239_283448051467459721_n.jpg?stp=cp0_dst-jpg_tt6&cstp=mx1024x1024&ctp=s40x40&_nc_cat=110&ccb=1-7&_nc_sid=2d3e12&_nc_ohc=P3Fc0zVc28YQ7kNvwHAs8SP&_nc_oc=Ado7QYdQObNs2TNKafbFZR9fzXsRXDGARmSXJy3ctsVi52Ixd5VeXClBelG3qo5ViQs&_nc_zt=24&_nc_ht=scontent-iad3-1.xx&_nc_gid=SglXOoChIERSyO4QYqj1FQ&_nc_ss=7c2a8&oh=00_AQAkdBIeEXOqQtyMaSIKw-F7FESIhiQhHZVoxIpfssUXHA&oe=6A5FF3F1","https://www.facebook.com/MakeDreamHouse","13","1337554839703602","Walang baha sa south springs
Invest na bago maubos at tumaas ulit ang presyo.
May discount pa Na 50,000
Avaialble Lot 120sqm and 150sqm
Please pm for more details",,,"12",,,,"12","0","1505194942000","https://www.facebook.com/MakeDreamHouse/posts/pfbid02Xmy6QaSNzBGSfH2cMpxPkzR9ATKCsSnomM2nQmyRLoS6DzMfBRqg5fmDbkgC251fl"
"No photo description available.","1830864163596208","photo","https://www.facebook.com/photo/?fbid=1830864163596208&set=a.664640059037136",,,,,,,,,,,,,,,,,"100064734424380","Day by Day Music Production","https://scontent-iad3-2.xx.fbcdn.net/v/t39.30808-1/359449966_664640079037134_4277042421933045764_n.jpg?stp=cp0_dst-jpg_tt6&cstp=mx970x959&ctp=s40x40&_nc_cat=111&ccb=1-7&_nc_sid=2d3e12&_nc_ohc=TL-P06rKwzUQ7kNvwEReMK5&_nc_oc=AdpwAu2SvbS84gCkFI2CIee8H4Hw8MswOGA1FIYthTN94Tn9tXdrJ7QXOgM-PzgNzxs&_nc_zt=24&_nc_ht=scontent-iad3-2.xx&_nc_gid=SglXOoChIERSyO4QYqj1FQ&_nc_ss=7c2a8&oh=00_AQBhVHY9DREj37b7t0y8Y6cuEbF0wZ8Y3WESbLjLzQnw2Q&oe=6A600A77","https://www.facebook.com/profile.php?id=100064734424380","4","1830864486929509","NILABAS NAPO ANG MATINDING SANDATA PARA SA BAHA! 50 PESOS SAKAY SA BANGKA WAG LANG MABASA NG BAHA HAHA! SINO SAINIO DUMIDISKARTE NG GANTO PAG BAHA? 

CTTO Johnlery Zmilie Manarang

LIKE AND SHARE Day by Day Music Production",,,"14",,,,"14","0","1505186401000","https://www.facebook.com/permalink.php?story_fbid=pfbid0GYMFc1n2ypMhJtSkBqwjZTtpQU81WffnRE3gpuoCKUsjbLCxWizQDDap4up52eMKl&id=100064734424380"
"No photo description available.","1478817168854340","photo","https://www.facebook.com/photo.php?fbid=1478817168854340&set=a.691775682739016&type=3","No photo description available.","1478817198854337","photo","https://www.facebook.com/photo.php?fbid=1478817198854337&set=a.691775682739016&type=3",,,,,,,,,,,,,"100057197720102","Overboard Philippines","https://scontent-iad3-1.xx.fbcdn.net/v/t39.30808-1/566217772_1355538183029426_1720358868252217706_n.jpg?stp=c0.512.1536.1536a_cp0_dst-jpg_tt6&cstp=mx1536x1536&ctp=s40x40&_nc_cat=104&ccb=1-7&_nc_sid=2d3e12&_nc_ohc=89nEXNmlEsgQ7kNvwFozHOX&_nc_oc=AdraH1szK_XdHp-R5pJS5LIiHor6iDoWTUNQkJK2knewM4p6hVWxfOCxO1elrcvlJqk&_nc_zt=24&_nc_ht=scontent-iad3-1.xx&_nc_gid=SglXOoChIERSyO4QYqj1FQ&_nc_ss=7c2a8&oh=00_AQCk8xQwLXTigOr56W80Wxf97rt0pn39LZDCvTh-zBjMPg&oe=6A5FF8DB","https://www.facebook.com/overboardphilippines","5","1478817225521001","Ingat sa ulan at baha guys. Keep it Dry.",,,"33",,,,"33","1","1505197596000","https://www.facebook.com/overboardphilippines/posts/pfbid0nHDPcx4Vefde91ktNkf28Ppu3rNeqFDdvB6FekUAP1uK7XuR6vEPefxPbLFhMc9Ml"
"No photo description available.","10203761548117310","photo","https://www.facebook.com/photo.php?fbid=10203761548117310&set=gm.1983746518562139&type=3","No photo description available.","10203761548517320","photo","https://www.facebook.com/photo.php?fbid=10203761548517320&set=gm.1983746518562139&type=3","No photo description available.","10203761549197337","photo","https://www.facebook.com/photo.php?fbid=10203761549197337&set=gm.1983746518562139&type=3","No photo description available.","10203761550037358","photo","https://www.facebook.com/photo.php?fbid=10203761550037358&set=gm.1983746518562139&type=3",,,,,"1776985459","Jayson Pimentel","https://scontent-iad3-1.xx.fbcdn.net/v/t39.30808-1/483703113_10212944616008268_5379492260694855634_n.jpg?stp=cp0_dst-jpg_tt6&cstp=mx1000x991&ctp=s24x24&_nc_cat=101&ccb=1-7&_nc_sid=1d2534&_nc_ohc=RUe2BeXm3ScQ7kNvwGTdnJb&_nc_oc=Adqs2TMzzVSTtvKtZXLDvkWyA-m8w4rg_pioZA1OiclLj68khOpXcX3gGSWmEx7e2eQ&_nc_zt=24&_nc_ht=scontent-iad3-1.xx&_nc_gid=SglXOoChIERSyO4QYqj1FQ&_nc_ss=7c2a8&oh=00_AQBG9Np92ikE8QhiByk9_6ti8i66hDoEBb0hYe9YcdzVIg&oe=6A5FFFCD","https://www.facebook.com/sonsilog","1","1983746518562139","At dahil baha na sa metro inaanyayahan ko po kayong lahat na magtanim ng puno sa Mt. Balagbag at Mt. Maranat. Yes, imbes na baha icoconvert ng mga punong yan as malinis na tubig na pwede inumin ang ulan. Budget ba? Kumuha lang sa penro ng permit kami halos 250pesos lang nagastos namin sa Mt. Maranat sa Balagbag naman kung kasama fees eh wala pang 350 pesos. Seedlings ba? Just contact sir Balong Dela Cruz and Fredd Ochavo para sa lahat ng kailangang itanim susuplayan nila kayo ng libreng seedlings di mo na kailangang gumastos. 

Tandaan lang Tree Planting is 
10% planting 90% nurturing. Wag kalimutang balikan ang mga itinanim, tangalan ng damo, diligan at lagyan ng cardboard mulch.

Nakapamundok ka na nakatulong ka pa.

P.S masarap maligo sa Maranat falls after tree planting.

#reforesttheroad #atat",,,"16",,,"2","18","0","1505264822000","https://www.facebook.com/groups/1694077254195735/permalink/1983746518562139/"
,,,,,,,,,,,,,,,,,,,,"1442081702","Dwin Junior","https://scontent-iad3-2.xx.fbcdn.net/v/t39.30808-1/448504940_10225565115821713_6808991398095386248_n.jpg?stp=cp0_dst-jpg_tt6&cstp=mx960x959&ctp=s24x24&_nc_cat=105&ccb=1-7&_nc_sid=e99d92&_nc_ohc=j16G8lidX0wQ7kNvwH7UEoK&_nc_oc=AdoyRx2M2_fkFf_Ss8Gz8MlE9cLxKXHI4K5y9-7iUes2bCQh0VVeEAKYaso0rR8WvLk&_nc_zt=24&_nc_ht=scontent-iad3-2.xx&_nc_gid=KV_k4WYCkYMkgPtkDYWCIQ&_nc_ss=7c2a8&oh=00_AQB6UuJf_k_cqMVvzNVneninKWg7O2AtjweqvX0ewA2xHA&oe=6A601086","https://www.facebook.com/spy1978","7","1512307365525194","Tanong lang po mga expert. Kanina nalusong ko sa baha yung mc. Tapos paglagpas ko sa baha, mga 2 minutes nagpugak pugak na at namatay na makina. Ano dapat ko gawin? Salamat mga idol.",,,"1",,,,"1","0","1505183871000","https://www.facebook.com/groups/philippinemotorcyclemechanics/permalink/1512307365525194/"
"No photo description available.","10203761519396592","photo","https://www.facebook.com/photo.php?fbid=10203761519396592&set=gm.680147905524844&type=3","No photo description available.","10203761522676674","photo","https://www.facebook.com/photo.php?fbid=10203761522676674&set=gm.680147905524844&type=3","No photo description available.","10203761523076684","photo","https://www.facebook.com/photo.php?fbid=10203761523076684&set=gm.680147905524844&type=3","No photo description available.","10203761523396692","photo","https://www.facebook.com/photo.php?fbid=10203761523396692&set=gm.680147905524844&type=3",,,,,"1776985459","Jayson Pimentel","https://scontent-iad3-1.xx.fbcdn.net/v/t39.30808-1/483703113_10212944616008268_5379492260694855634_n.jpg?stp=cp0_dst-jpg_tt6&cstp=mx1000x991&ctp=s24x24&_nc_cat=101&ccb=1-7&_nc_sid=1d2534&_nc_ohc=RUe2BeXm3ScQ7kNvwGTdnJb&_nc_oc=Adqs2TMzzVSTtvKtZXLDvkWyA-m8w4rg_pioZA1OiclLj68khOpXcX3gGSWmEx7e2eQ&_nc_zt=24&_nc_ht=scontent-iad3-1.xx&_nc_gid=KV_k4WYCkYMkgPtkDYWCIQ&_nc_ss=7c2a8&oh=00_AQDs1sp0Z2aGsV-n5A9nC2H_wgHf3_XfE92sblNu4aJ-8Q&oe=6A5FFFCD","https://www.facebook.com/sonsilog","5","680147905524844","At dahil baha na sa metro inaanyayahan ko po kayong lahat na magtanim ng puno sa Mt. Balagbag at Mt. Maranat. Yes, imbes na baha icoconvert ng mga punong yan as malinis na tubig na pwede inumin ang ulan. Budget ba? Kumuha lang sa penro ng permit kami halos 250pesos lang nagastos namin sa Mt. Maranat sa Balagbag naman kung kasama fees eh wala pang 350 pesos. Seedlings ba? Just contact sir Balong Dela Cruz and Fredd Ochavo para sa lahat ng kailangang itanim susuplayan nila kayo ng libreng seedlings di mo na kailangang gumastos. 

Tandaan lang Tree Planting is 
10% planting 90% nurturing. Wag kalimutang balikan ang mga itinanim, tangalan ng damo, diligan at lagyan ng cardboard mulch.

Nakapamundok ka na nakatulong ka pa.

P.S masarap maligo sa Maranat falls after tree planting.

#reforesttheroad #atat",,,"3",,,,"3","0","1505264142000","https://www.facebook.com/groups/297959473743691/permalink/680147905524844/"
,,,,,,,,,,,,,,,,,,,,"100064957951102","ABS-CBN News","https://scontent-iad6-1.xx.fbcdn.net/v/t39.30808-1/612193561_1385784586930127_8766501501849307524_n.jpg?stp=cp0_dst-jpg_tt6&cstp=mx513x511&ctp=s40x40&_nc_cat=1&ccb=1-7&_nc_sid=2d3e12&_nc_ohc=jjMlUL_Ip04Q7kNvwHKD14F&_nc_oc=AdqXwH5qIdp2bmixZjwHqWkL2_VeAmZ-AazAX7aaSeI2mOlqt0wTsbUu5L2vhGk1Kzg&_nc_zt=24&_nc_ht=scontent-iad6-1.xx&_nc_gid=KV_k4WYCkYMkgPtkDYWCIQ&_nc_ss=7c2a8&oh=00_AQCKQQ4Cu1AzC18mlOtsJTx2iQkwTSfiSnRvHR8Mjsjkqg&oe=6A600EDC","https://www.facebook.com/abscbnNEWS","26","10155514332525168","Hanggang binti na ang tubig na rumagasa sa kalsada at pumasok na rin sa ilang bahay. #MaringPH",,"1","504","1","49","5","560","25","1505206452000","https://www.facebook.com/abscbnNEWS/posts/pfbid0Rz9XkbXZgX3HrmNa6scNzWMYB2N6KScENZaBdcyqc7MbSsoeqJXV2z1hMnACpyj4l"
"No photo description available.","10154640926625356","photo","https://www.facebook.com/photo/?fbid=10154640926625356&set=a.548135920683998",,,,,,,,,,,,,,,,,"100064627846317","Chiquitos","https://scontent-iad3-2.xx.fbcdn.net/v/t39.30808-1/277296986_10158300199275356_5823058485499678970_n.jpg?stp=cp0_dst-jpg_tt6&cstp=mx1500x1500&ctp=s40x40&_nc_cat=105&ccb=1-7&_nc_sid=2d3e12&_nc_ohc=r9_H1MtAh_IQ7kNvwHNStYf&_nc_oc=Adox6xnjqw7OO2HY7Q7BtmdAiymLEC-55JY3lTOodP8ez0EYbmc0fGW4ymKBXPjJWaM&_nc_zt=24&_nc_ht=scontent-iad3-2.xx&_nc_gid=KV_k4WYCkYMkgPtkDYWCIQ&_nc_ss=7c2a8&oh=00_AQDa2nRxI4l8174nqqLuv39qgCrpgEhpiF_8xhgzdy4gRQ&oe=6A5FFF1F","https://www.facebook.com/ChiquitosPH","13","10154640926690356","Gutom no more during baha because we deliver within the vicinity 🚀 Our boys will cross the ocean for you! Don't worry, we assure that no staff will be harmed in the process 🚣 💦

Tolentino and P. Noval area only 
☎ 09171299044 🌞",,"1","56","5","4","2","68","4","1505195567000","https://www.facebook.com/ChiquitosPH/posts/pfbid0jw2fGDuXyLnwq6wS5U4Vahj25YNJEdPZgFGejYEggP7p5GMtQPeuvBpKBnk7SENcl"
,"1006662956157125","video",,,,,,,,,,,,,,,,,,"100064456281701","News5","https://scontent-iad6-1.xx.fbcdn.net/v/t39.30808-1/352531091_590012623265943_7503745415624331533_n.png?stp=cp0_dst-png&cstp=mx719x719&ctp=s40x40&_nc_cat=1&ccb=1-7&_nc_sid=2d3e12&_nc_ohc=VZI5zKGnILYQ7kNvwFQ2CA9&_nc_oc=AdqnFKo-GODbiMNW7iIMGPGfQ0tNA0DOb6NyxgW2FwVaNjKIs-vWsm1JmvjBdmeZv4M&_nc_zt=24&_nc_ht=scontent-iad6-1.xx&_nc_gid=KV_k4WYCkYMkgPtkDYWCIQ&_nc_ss=7c2a8&oh=00_AQAybk624YrrRr4VQaEBwYZ8nnxE9oUk4rHBRlfIRB6l7w&oe=6A5FE70F","https://www.facebook.com/News5Everywhere","29","1006662956157125","Bagyong #MaringPH | Lubog na sa baha ang ilang mga residential areas sa Cainta, Rizal 

For more latest stories, visit us at www.news5.com.ph","1","1","348",,"78","17","445","196","1505180053000","https://www.facebook.com/News5Everywhere/videos/1006662956157125/"
,"1603210396405064","video",,,,,,,,,,,,,,,,,,"100047374505074","Lancaster New City Cavite Hulugang Pabahay","https://scontent-iad6-1.xx.fbcdn.net/v/t39.30808-1/335405875_649641310262511_3806132304858888146_n.jpg?stp=cp0_dst-jpg_tt6&cstp=mx900x900&ctp=s40x40&_nc_cat=109&ccb=1-7&_nc_sid=2d3e12&_nc_ohc=TnWigAeaUi0Q7kNvwFn3d4T&_nc_oc=AdpxG3jIRX_Elg37uZBhu41aWmOKh4tOKPzHwQcd_Kxs5qduUTEKgdGS4hSkUuwEW3E&_nc_zt=24&_nc_ht=scontent-iad6-1.xx&_nc_gid=KV_k4WYCkYMkgPtkDYWCIQ&_nc_ss=7c2a8&oh=00_AQDUqvh4bPbpdkdEvCC6xnLDM0rNJoRtkXS8PZw3lvPMNw&oe=6A60195B","https://www.facebook.com/lancasternewcityhouseandlotcavite","7","1603210396405064","Anung Balita sa Lancaster!?  Baha ba dun?  Ito po ang video actual po.  Please watch",,"2","74","2",,"5","83","16","1505194764000","https://www.facebook.com/lancasternewcityhouseandlotcavite/videos/1603210396405064/"
,"10155196620744620","video",,,,,,,,,,,,,,,,,,"100064518591460","DZMM Radyo Patrol 630","https://scontent-iad6-1.xx.fbcdn.net/v/t39.30808-1/668587708_1384714187022521_8343581617824766493_n.jpg?stp=c33.0.1012.1012a_cp6_dst-jpg_tt6&cstp=mx1012x1012&ctp=s40x40&_nc_cat=1&ccb=1-7&_nc_sid=2d3e12&_nc_ohc=SNb0wvffI00Q7kNvwHXka7M&_nc_oc=Ado6KfYKvzj2ujOaEF-r1Sbf0I-eQVqofQiV0FVmGnXYpk2JklOfLff6XoaXHZDnkw8&_nc_zt=24&_nc_ht=scontent-iad6-1.xx&_nc_gid=n23aikSNTYWHTePWH0-mqg&_nc_ss=7c2a8&oh=00_AQBN1mE6luDfZgg6pfquDNBQfRlAtHje0wHmgd4eQKqDmw&oe=6A600C56","https://www.facebook.com/DZMMRadyo630","2","10155196620744620","PANOORIN: Baha sa Aurora underpass sa Cubao, Quezon City | Kuha ni Mike Bagtas #FloodPatrol","1",,"90","3","13","1","108","40","1505180400000","https://www.facebook.com/DZMMRadyo630/videos/10155196620744620/"
"No photo description available.","715493675312709","photo","https://www.facebook.com/photo/?fbid=715493675312709&set=a.552828580291659",,,,,,,,,,,,,,,,,"100066935666934","Judge Chewing Gum","https://scontent-iad3-1.xx.fbcdn.net/v/t39.30808-1/432584755_731747749066407_7493435431027424208_n.jpg?stp=cp0_dst-jpg_tt6&cstp=mx720x720&ctp=s40x40&_nc_cat=104&ccb=1-7&_nc_sid=2d3e12&_nc_ohc=O0svEWgt3JYQ7kNvwHUrjgw&_nc_oc=AdqkqSdlgk_5ItlxXUdNNnDb_F1Kf2DReSLiYv7Q4DNxNafGn3SrLhZZ67Jzxq7X6y8&_nc_zt=24&_nc_ht=scontent-iad3-1.xx&_nc_gid=n23aikSNTYWHTePWH0-mqg&_nc_ss=7c2a8&oh=00_AQCox7inpFEQKFgGC74HKftjY8Jb42Ls3Lonakymu6gdQA&oe=6A5FF05F","https://www.facebook.com/judgechewinggum","194","715494315312645","Chillax lang kahit baha! Got immortal stories as you brave the storm? Share your stories and tag your warrior friends in the comment section to win some chillaxing gift packs from us!","2","2807","5892","66","17","19","8803","408","1505195627000","https://www.facebook.com/judgechewinggum/posts/pfbid02VLegVZT7WrzcUusbGhGontPd6iHJYgXgGwRNKFQGr69hRz3aRnydhUDfBfcix5yVl"
"No photo description available.","1712887325390150","photo","https://www.facebook.com/photo/?fbid=1712887325390150&set=a.772924524197463",,,,,,,,,,,,,,,,,"100044397670658","Buhay Call Center Agent","https://scontent-iad3-1.xx.fbcdn.net/v/t39.30808-1/476161209_1169497351206843_3998138014349134093_n.jpg?stp=cp0_dst-jpg_tt6&cstp=mx960x960&ctp=s40x40&_nc_cat=110&ccb=1-7&_nc_sid=2d3e12&_nc_ohc=646YDFxKHTMQ7kNvwFnRTSA&_nc_oc=AdoyrD1Zw2wTKT-EMRIkIWzax-BuoG58Alt2fwPL3hiBTUpEB74_iS7Tjkl8KCjs570&_nc_zt=24&_nc_ht=scontent-iad3-1.xx&_nc_gid=n23aikSNTYWHTePWH0-mqg&_nc_ss=7c2a8&oh=00_AQAPc6rvZwQVKwNGyKbuj0KggvTW5uC27RC1GWBT6AWIRw&oe=6A5FE230","https://www.facebook.com/BuhayCallCenterAgent","73","1712887342056815","Pano kung ganito BAHA PAG OUT nyo..  MAG TEAM BUILDING PA BA keo... 

Auto in 
-kiggy",,"487","667","21",,"71","1246","69","1505239308000","https://www.facebook.com/BuhayCallCenterAgent/posts/pfbid028XzET3kA88hd7DdBpNSythL9k7wxy5c27fNJSKF9AWHXPdyZgFQSuPSdMTqucGwel"
,,,,,,,,,,,,,,,,,,,,"100068612142206","MMDA","https://scontent-iad6-1.xx.fbcdn.net/v/t39.30808-1/242803846_162321929398211_6744508622629887688_n.jpg?stp=cp0_dst-jpg_tt6&cstp=mx604x604&ctp=s40x40&_nc_cat=1&ccb=1-7&_nc_sid=2d3e12&_nc_ohc=-GxMrIa-rlcQ7kNvwHIaYop&_nc_oc=AdpGlJLKqZjV9IaLkgNr31ElXlVmcCGrUu3rCol2dQMdZr2nlaQGPXPHBk1zTN5N4HI&_nc_zt=24&_nc_ht=scontent-iad6-1.xx&_nc_gid=n23aikSNTYWHTePWH0-mqg&_nc_ss=7c2a8&oh=00_AQCOAZvGFeiWAUtzsIUSCYAGwQh9tXhPl7_-ROHeMO2eTQ&oe=6A5FF692","https://www.facebook.com/MMDAPH","6","1181000075376773","Bad news: Bahang-baha sa Pilipinas.  Good news: Nalunod si Pennywise.",,"57","31",,,,"88","0","1505260120000","https://www.facebook.com/ButthurtPhilippines/posts/pfbid0YiTutvx5gH3hnPk59xZwWZp3bwMjPhVTSoBj3Q4aaTgzhTTcYs6uaGJBNWBB9pojl"
,"10155650567536977","video",,,,,,,,,,,,,,,,,,"100064849986224","GMA News","https://scontent-iad6-1.xx.fbcdn.net/v/t39.30808-1/658216539_1459297662908553_7892569438724908023_n.jpg?stp=cp0_dst-jpg_tt6&cstp=mx1200x1200&ctp=s40x40&_nc_cat=1&ccb=1-7&_nc_sid=2d3e12&_nc_ohc=_9Kw3PkUnsIQ7kNvwF5XCkZ&_nc_oc=Adr-92JmsT7cevEXjO3zEFfIqc2jKn_FMx_Ax_xLOLPLlDBKm9fZO0oTyK9r48dSSjI&_nc_zt=24&_nc_ht=scontent-iad6-1.xx&_nc_gid=n23aikSNTYWHTePWH0-mqg&_nc_ss=7c2a8&oh=00_AQDBcG5-SmOZf6qs0nU_Xrs4hPMHtwPrhtzVMZFtocaA8A&oe=6A5FFBBF","https://www.facebook.com/gmanews","3","10155650567536977","Maging #IMReady sa baha kahit nasa loob ng bahay. Narito ang ilang tips na maaring gawin sakaling pasukin ng baha ang inyong mga tahanan.",,"3","228","4","1",,"236","54","1505278020000","https://www.facebook.com/gmanews/videos/10155650567536977/"
"No photo description available.","2111735009053799","photo","https://www.facebook.com/photo/?fbid=2111735009053799&set=a.463388885837677",,,,,,,,,,,,,,,,,"100064997071673","LCA Precious Land Realty Inc.","https://scontent-iad6-1.xx.fbcdn.net/v/t39.30808-1/307375379_463388909171008_9053645638494499566_n.png?stp=cp0_dst-png&cstp=mx360x360&ctp=s40x40&_nc_cat=106&ccb=1-7&_nc_sid=2d3e12&_nc_ohc=sny-G0Y97ZMQ7kNvwEI6mNQ&_nc_oc=Adr7-eQVbuKknmxJKnFU5Xi3xwyo6ncJt_QieaD5jMdB-2x1dyt1dh6JsD3S3Nov7uA&_nc_zt=24&_nc_ht=scontent-iad6-1.xx&_nc_gid=n23aikSNTYWHTePWH0-mqg&_nc_ss=7c2a8&oh=00_AQA5K1d9FSyGOi2sMHjMQnTHX_8mNx33l4leXP-P9qjUAg&oe=6A5FFEA4","https://www.facebook.com/lcapreciouslandrealty","40","2111736559053644","Walang baha dito,
Invest na bago maubos at tumaas ulit ang presyo. SM's Low cost Housing in Sto Tomas, Batangas
DUPLEX at 55.5sqm at P 1,872.00 lang ang monthly sa Pag-ibig
Magandang Bahay, Masarap na Buhay!
2 Rides from Alabang!
With View of Mount Makiling and Mount Maculot!
Ideal for RESIDENTIAL / VACATION HOUSE

( PAG-IBIG FINANCING )
Inner duplex house
Min. Lot area 55.5 sqm.
Floor area 21.5 sqm.
Provision for 2bedroom

Total Contract Price - P 450,000
Gross Equity/Down payment - P45,000
(14months to pay (3,036.00)
RES. FEE P2,500,00
Est. Amort. P1,872 Thru PAG-IBIG for 30yrs

REQUIREMENTS FOR RESERVATION:
1 month latest payslip
Photocopy company id & any Gov't id
OFW: job contract, Passport and latest pag ibig rcpt.
ESAV
------------------------------------------------------------------------------
For Inquiry and tripping schedule pls. call or text us.
LCA Precious Land Realty PRC No. 7850 HLURB 07-S1345
Dian Nunez
0918-5487277- Smart
09276438231-Globe
0922-8405714 Sun
manila line: 958-1903",,,"108","1",,"1","110","4","1505212934000","https://www.facebook.com/lcapreciouslandrealty/posts/pfbid02bv1dp3M1YYhyqEvWBBWcjaevYQ6wNdns6UzJo1UnkJrNFNErdxbvnY6mhUt2Fr3Xl"
,"2119636574729145","video",,,,,,,,,,,,,,,,,,"100081275292503","Better Buwis","https://scontent-iad6-1.xx.fbcdn.net/v/t39.30808-1/348422749_195903343350194_8296479464408809938_n.jpg?stp=cp0_dst-jpg_tt6&cstp=mx900x900&ctp=s40x40&_nc_cat=102&ccb=1-7&_nc_sid=2d3e12&_nc_ohc=wjCwuJlMLDgQ7kNvwH1fdgY&_nc_oc=AdqVQZ51o24es1opAYkeEOAXcHDPLQgNDleEYyxFHxRtzFVZwCcv8crXG4EoUwcJBTQ&_nc_zt=24&_nc_ht=scontent-iad6-1.xx&_nc_gid=Xr7Wzr9V6a4RlFD71epWPg&_nc_ss=7c2a8&oh=00_AQBuoob93BDggQSw8nWylU-ge9PUxTdPnDFM3bhyKNLoWA&oe=6A5FE1D8","https://www.facebook.com/betterbuwis","6","2119636574729145","Dumadali ang daloy ng ekonomiya, kung may tamang infrastructure para sa mga Pilipino.
Sa Tax Reform, binabawasan ang sanhi ng unproductivity dahil magpapatayo ng mga daanan at gusali na magpapabilis ng ating mga trabaho. Liliit pa ang chance ng baha o kalamidad dahil aayusin na ang ating flood channels.
Gusto mo ba ito? Suportahan ang #BetterBuwis sa pamamagitan ng petition na ito: http://thndr.me/VWIB6S #BetterPhilippines #TaxReformNow #TaxreformPH #ISupportTaxReformNow",,,"99","7",,,"106","88","1505199664000","https://www.facebook.com/betterbuwis/videos/2119636574729145/"
"No photo description available.","1435557323148119","photo","https://www.facebook.com/photo/?fbid=1435557323148119&set=gm.919803864854954",,,,,,,,,,,,,,,,,"100000815960376","Aljhon Discutido Anain","https://scontent-iad3-2.xx.fbcdn.net/v/t39.30808-1/594558149_25252195281057656_1810699165638697890_n.jpg?stp=cp0_dst-jpg_tt6&cstp=mx1080x1080&ctp=s24x24&_nc_cat=103&ccb=1-7&_nc_sid=1d2534&_nc_ohc=iXS2Gx2faicQ7kNvwEyJXuz&_nc_oc=AdrFbXd3tdXeLl73arWtmTMaLzg8gOC3J2KeWVD5ToN5pBj4npfu5ynIG1ECVZOZunQ&_nc_zt=24&_nc_ht=scontent-iad3-2.xx&_nc_gid=Xr7Wzr9V6a4RlFD71epWPg&_nc_ss=7c2a8&oh=00_AQCZIQNSBhXErvPRaYVbALEJ5shC1eFCFTQGNirdkL1AtA&oe=6A60086F","https://www.facebook.com/aljhon.anain","7","919803864854954","Ingat tayu mga paps wag nyu ilusong sa baha motmot nyu..","1","2","77",,"7","4","91","3","1505195565000","https://www.facebook.com/groups/416364038532275/permalink/919803864854954/"
"No photo description available.","1583945634960958","photo","https://www.facebook.com/photo.php?fbid=1583945634960958&set=a.172241164924859&type=3","No photo description available.","1583945688294286","photo","https://www.facebook.com/photo.php?fbid=1583945688294286&set=a.172241164924859&type=3","No photo description available.","1583945751627613","photo","https://www.facebook.com/photo.php?fbid=1583945751627613&set=a.172241164924859&type=3",,,,,,,,,"100064169283678","La Verdad Correspondents","https://scontent-iad3-2.xx.fbcdn.net/v/t39.30808-1/465660020_8911939895494792_7915497176835006722_n.jpg?stp=cp0_dst-jpg_tt6&cstp=mx2000x2000&ctp=s40x40&_nc_cat=105&ccb=1-7&_nc_sid=2d3e12&_nc_ohc=R0RFSxRB0V0Q7kNvwFxhARf&_nc_oc=AdqbyhwTbHfP3CvxFSexGyuYc6M2S2iBh0Pkp9YOhdqnzRYia4moQd4dk-VshIiZzFM&_nc_zt=24&_nc_ht=scontent-iad3-2.xx&_nc_gid=Xr7Wzr9V6a4RlFD71epWPg&_nc_ss=7c2a8&oh=00_AQCfev9i-HPL0CgL2qArdUEMUQG5cuBJAW6B311ZT_JzIg&oe=6A6004F7","https://www.facebook.com/LaVerdadCorrespondents","2","1583945798294275","Pahirapan ang pagdaan ng mga motorista sa España, Manila dahil sa baha.
 #MaringPH

via Driel Castillo/ La Verdad Correspondent",,,"54",,"4","2","60","31","1505179215000","https://www.facebook.com/LaVerdadCorrespondents/posts/pfbid02gvHvjy54zP2a38d5irbCx9ADMJSj7wnQCYpQrzA6BCj9hJsEn6fevtWAYc46rYfHl"
"No photo description available.","1130037530462803","photo","https://www.facebook.com/photo/?fbid=1130037530462803&set=a.226495585504251",,,,,,,,,,,,,,,,,"100044314335438","Anna Cay","https://scontent-iad3-2.xx.fbcdn.net/v/t39.30808-1/440338214_1013268686826933_5064719238668995548_n.jpg?stp=cp0_dst-jpg_tt6&cstp=mx960x960&ctp=s40x40&_nc_cat=111&ccb=1-7&_nc_sid=2d3e12&_nc_ohc=zeIlYJ_77QEQ7kNvwEobsVZ&_nc_oc=AdqZEuJSAoKXzp8AXXX69z1_RBpzkGYtHDfpwMzBztsxmOJFaKIvgNl3jzwErKWU0sY&_nc_zt=24&_nc_ht=scontent-iad3-2.xx&_nc_gid=Xr7Wzr9V6a4RlFD71epWPg&_nc_ss=7c2a8&oh=00_AQDcx2Tsv0lVmkgZBsjSs9XtzZ880C8Lt76ipmhwjmmC9Q&oe=6A5FEB9A","https://www.facebook.com/annacay22","365","1130038030462753","Find a guy who will suong the baha for you just so you can make it to Eat Bulaga 😂 Late na pero mas naawa ako kay Geloy. Hanggang baywang ang baha sa village nila. 😭

PS Oo nakuha pang mag Instagram Live ni mokong.  ( first live daw nya)",,"834","3099","1686","7","40","5666","236","1505178562000","https://www.facebook.com/annacay22/posts/pfbid0R3KmareheB5vYNYHoSGtUzff6iz12JsLeoygqpWoeqYpAdkyFXCuwtM6zAkySqQZl"
"No photo description available.","1086114301518702","photo","https://www.facebook.com/photo/?fbid=1086114301518702&set=a.263760180420789",,,,,,,,,,,,,,,,,"100003604286489","Rialyn Aguirre","https://scontent-iad6-1.xx.fbcdn.net/v/t39.30808-1/728226233_3920745134722257_2913721396079887603_n.jpg?stp=cp0_dst-jpg_tt6&cstp=mx2047x2048&ctp=s40x40&_nc_cat=106&ccb=1-7&_nc_sid=e99d92&_nc_ohc=_YgtVgDiSUIQ7kNvwHX17Km&_nc_oc=AdqTE2hvjyOtexq371gpT4y-M3xqIL0tjQLoEmSYcdGGwEjegSUub5xVl4DX4lOmNuY&_nc_zt=24&_nc_ht=scontent-iad6-1.xx&_nc_gid=Xr7Wzr9V6a4RlFD71epWPg&_nc_ss=7c2a8&oh=00_AQBOH-SwpUkgaCCdJOmmELM6j_13CZbp51R88Fn26jCCTQ&oe=6A5FF4DB","https://www.facebook.com/rialyn.aguirre.9","18","1086114348185364","baha na.....",,,"54",,"1",,"55","1","1505196277000","https://www.facebook.com/rialyn.aguirre.9/posts/pfbid02NYcuu6jA7yy5WYWsynPd7KEiYqMpKQvz2qGBY6iPPjXnUGUneJxb2iivj6tw9kgyl"
,,,,,,,,,,,,,,,,,,,,"100051498355535","Love2bike","https://scontent-iad3-2.xx.fbcdn.net/v/t39.30808-1/305465567_570821881311085_6731259432472875573_n.jpg?stp=cp0_dst-jpg_tt6&cstp=mx1417x1417&ctp=s40x40&_nc_cat=105&ccb=1-7&_nc_sid=2d3e12&_nc_ohc=WvuFnesKcAAQ7kNvwFI9RKL&_nc_oc=AdpDnx3_uz1nK_Y6nmivXtzgL5ULcWmvehrjrRAPYkPaa67o4_en526S6XuSzqOrIzU&_nc_zt=24&_nc_ht=scontent-iad3-2.xx&_nc_gid=Xr7Wzr9V6a4RlFD71epWPg&_nc_ss=7c2a8&oh=00_AQA_HPGFCFsZOUuldHF8oQIecHMzKYU3vZchXVClcMaSRA&oe=6A600CAE","https://www.facebook.com/Love2bike.network","9","1445362008881199","Sakto para sa baha ... 😎",,,"74","1",,"10","85","1","1505215810000","https://www.facebook.com/MmBikeshop88/posts/pfbid0xLccZbrYzye4vFfGpEEShKACKqeCCAEL19DxoSZRGnJ64dn8T1k6ubyjGamGvWiBl"
"No photo description available.","1467328163347841","photo","https://www.facebook.com/photo/?fbid=1467328163347841&set=a.502127251971256",,,,,,,,,,,,,,,,,"100065219557089","Promall Philippines","https://scontent-iad6-1.xx.fbcdn.net/v/t39.30808-1/326478139_1578150129279460_2993849846472599245_n.png?stp=c0.0.1200.1200a_cp0_dst-png&cstp=mx1200x1200&ctp=s40x40&_nc_cat=109&ccb=1-7&_nc_sid=2d3e12&_nc_ohc=-W6Kt4ly4uoQ7kNvwEom4U5&_nc_oc=Adqy9w64x-WkjM_ey_rrPwnjfCZKT3wLBxh2ui0b-yP8cJWLdXr8Va0z2DoWKjg7-mE&_nc_zt=24&_nc_ht=scontent-iad6-1.xx&_nc_gid=oTbdrBQ9vNwAm8PaH9ErHw&_nc_ss=7c2a8&oh=00_AQDXv2Yfm70w9CmvpHb1ZVeFBDUJn3BMV_XbF43uIepeNQ&oe=6A5FF56C","https://www.facebook.com/promallph","9","1467328213347836","Kumusta tayo paps? Gaano ba kalala ang baha sa ating mga lugar? Post lang sa comment ang lagay jan sa lugar nyo
#MaringPH
--
Online Shop for Riders
www.motobuy.com.ph
--
© Sisnarf Edniuqa",,"1","52","1","12","1","67","10","1505192409000","https://www.facebook.com/promallph/posts/pfbid02hm7Fz6A8HqKFwe36Y5jfkNGEkQkXfzahbJzT5ZBqtbog2YZ21ve56ReU2FXYBeDUl"
"No photo description available.","10155113167817029","photo","https://www.facebook.com/photo/?fbid=10155113167817029&set=a.546335647527274",,,,,,,,,,,,,,,,,"100064525311003","BLUELINE CAR ACCESSORIES","https://scontent-iad6-1.xx.fbcdn.net/v/t39.30808-1/327176942_733440144768089_4721640874266763384_n.jpg?stp=cp0_dst-jpg_tt6&cstp=mx960x960&ctp=s40x40&_nc_cat=102&ccb=1-7&_nc_sid=2d3e12&_nc_ohc=35wNjsdV4dMQ7kNvwG__c-5&_nc_oc=AdruyAyOlHHQ4qlffdwRlh-OQsYePrW8gQn30-Dpd_9ixFdpmC__SHX_kb7sBCIA9Hs&_nc_zt=24&_nc_ht=scontent-iad6-1.xx&_nc_gid=oTbdrBQ9vNwAm8PaH9ErHw&_nc_ss=7c2a8&oh=00_AQC9lPmNyZOvmJjOB9Z4vfv185XS81pgU41YmZp2zXa0Ew&oe=6A5FED39","https://www.facebook.com/bluelineoffroadph","2","10155113169217029","All the way from bataan. Thanks bossing kaht baha nka rating ka pa dn 

Ballistic offroad wheels usa 🇺🇸 razorback 
Nitto terragrappler 275/55/20 

#bluelineoffroadacc

Blueline car acc 
24 samat st corner davids salon banawe qc
Mon to sat 930am to 6pm
Look for :
mervin 09178746268
Myles 09174676392
Office 7113641

Waze : blue line car acc",,,"767","6",,"1","774","5","1505228177000","https://www.facebook.com/bluelineoffroadph/posts/pfbid0211FpcaZRa4nsHxpKek5vMET6CRR7cvzgaJVSnfy8XwmqKb3mPLb7sTUg61CsUfiAl"
"No photo description available.","1662747517091542","photo","https://www.facebook.com/photo/?fbid=1662747517091542&set=a.456825753151216",,,,,,,,,,,,,,,,,"100064713845152","My RENT to OWN HOUSE","https://scontent-iad6-1.xx.fbcdn.net/v/t39.30808-1/638973659_1342297891270660_3116055894872748298_n.jpg?stp=cp0_dst-jpg_tt6&cstp=mx2048x2048&ctp=s40x40&_nc_cat=109&ccb=1-7&_nc_sid=2d3e12&_nc_ohc=SW3xryvDfKkQ7kNvwG3dMe8&_nc_oc=AdqnFMppVHsEtM2Cb9vquzyZ8m2xWYbqrzCUVg-Ufyx1h8xQBJoh1em32D_mHub5PaY&_nc_zt=24&_nc_ht=scontent-iad6-1.xx&_nc_gid=oTbdrBQ9vNwAm8PaH9ErHw&_nc_ss=7c2a8&oh=00_AQD2bAbLJ4z9hC_rGBB1rFBjkmNvZY4-ZTNA7VEBhgAtFw&oe=6A600341","https://www.facebook.com/myrent2ownhouse","14","1662747567091537","Problema mo ba bahang lugar? dto sa Rent to Own walang Baha forever! 

call us : 0919-419-7678 / 0916-401-6256 / 0998-573-4588 

www.renttoowncavite.com",,,"80","1",,,"81","3","1505211810000","https://www.facebook.com/myrent2ownhouse/posts/pfbid0rb61Uetqm3q2vXBG5f8qBoCspLoVQ5eJKMUwF3FRYkqvhH2dy2cHxvfiPLPJWNNnl"
"No photo description available.","1891820074404026","photo","https://www.facebook.com/photo/?fbid=1891820074404026&set=a.183415144318824",,,,,,,,,,,,,,,,,"100079510184354","Pepeng Pinakamarloupet","https://scontent-iad6-1.xx.fbcdn.net/v/t39.30808-1/735210667_1001460902514240_1481621965676109618_n.jpg?stp=cp6_dst-jpg_tt6&cstp=mx960x958&ctp=s40x40&_nc_cat=102&ccb=1-7&_nc_sid=2d3e12&_nc_ohc=L-tfDUyahEMQ7kNvwGRBDoF&_nc_oc=AdqIoMIbfsTuH9CQh6VDvcYTiEkCgsho2k8U9NG4lZ_EAErDFJ0mMVXFSKSft3BGg-Y&_nc_zt=24&_nc_ht=scontent-iad6-1.xx&_nc_gid=oTbdrBQ9vNwAm8PaH9ErHw&_nc_ss=7c2a8&oh=00_AQAXUQmwwbaM0K_n_KB_cjiIz9BGmFljzJ9_ZXkn_A2-rQ&oe=6A601112","https://www.facebook.com/Marloupet94","1","1891820087737358","Okay lets go swimming na sa baha.😎",,"15","45","1",,,"61","0","1505207749000","https://www.facebook.com/Marloupet94/posts/pfbid023ET936mhzhXpPaqkJ1oqQUcxRNeWC7WNV5oss49yQMmd2bK9w78EEoFK16tCkBHGl"
,,,,,,,,,,,,,,,,,,,,"100044376731540","Ives Presko","https://scontent-iad6-1.xx.fbcdn.net/v/t39.30808-1/273533690_517072013115352_7500830515882444740_n.jpg?stp=cp0_dst-jpg_tt6&cstp=mx568x566&ctp=s40x40&_nc_cat=106&ccb=1-7&_nc_sid=2d3e12&_nc_ohc=tdlpiOh17mYQ7kNvwEnSstT&_nc_oc=AdqLrnukGRTrI1RiOsb50-keV1RqpPyo5Sd_mxVlfLs-ufJnEGB3VlaW_QFcrNKr4BM&_nc_zt=24&_nc_ht=scontent-iad6-1.xx&_nc_gid=oTbdrBQ9vNwAm8PaH9ErHw&_nc_ss=7c2a8&oh=00_AQBY6b_UbwqyEeCPKARd3BYa1JMtFT1mL3ez9Fg5coT58Q&oe=6A60024B","https://www.facebook.com/ivespreskoofficial","22","1599130010150423","Hustlin kahit baha",,"38","667","25",,"4","734","56","1505205332000","https://www.facebook.com/ivespreskoofficial/posts/pfbid0tf7JcczFstXqZm1BoYdHQ5s1xiJrzzczk6YKuRosKnAARdZBVrSx1BS6CqEK5jrMl"
,,,,,,,,,,,,,,,,,,,,"100044326724856","Aesthetic","https://scontent-iad3-1.xx.fbcdn.net/v/t39.30808-1/240732529_379021106918777_4927920341689624077_n.jpg?stp=cp0_dst-jpg_tt6&cstp=mx720x720&ctp=s40x40&_nc_cat=110&ccb=1-7&_nc_sid=2d3e12&_nc_ohc=YrAUsWPsTbQQ7kNvwEhNNSV&_nc_oc=AdqOcaQ4-fqqO3epyFlwZgLWMnMP12e2KEPWAcCQxkdDLniI0X9CuvOVDqv7dcK6yU4&_nc_zt=24&_nc_ht=scontent-iad3-1.xx&_nc_gid=oTbdrBQ9vNwAm8PaH9ErHw&_nc_ss=7c2a8&oh=00_AQDT1RhtxepgggtscPGArm7dhQXJn6IzexZjH0UjfcCVKw&oe=6A5FF143","https://www.facebook.com/aesthetic1204ph","4","1349806158465322","Kunting ulan , baha agad ? Kunting landi , mahal agad ?
-🍃😎",,"9","47",,"2",,"58","6","1505231618000","https://www.facebook.com/aesthetic1204ph/posts/pfbid02y1pXX8uUra1Gcvgkcj6EgREHfqMvdZgogkKkMpaixe2CUjRG6bbo6P1TZmKiTyNNl"
"No photo description available.","1568313963207045","photo","https://www.facebook.com/photo/?fbid=1568313963207045&set=gm.942589509215366",,,,,,,,,,,,,,,,,"100000853701362","Vince Solomon","https://scontent-iad3-2.xx.fbcdn.net/v/t39.30808-1/607440853_25800254182919685_4392948257036346245_n.jpg?stp=cp0_dst-jpg_tt6&cstp=mx1080x1080&ctp=s24x24&_nc_cat=105&ccb=1-7&_nc_sid=e99d92&_nc_ohc=qQDMUMlIsMIQ7kNvwF3PO1W&_nc_oc=AdokoyWkerXEY4KVX4iB8Ao5zZ9k7vag93gSAiPhXsq87_wJH1_eLuX2C_KLiDiV_1s&_nc_zt=24&_nc_ht=scontent-iad3-2.xx&_nc_gid=oTbdrBQ9vNwAm8PaH9ErHw&_nc_ss=7c2a8&oh=00_AQCmoF_1hJd-NXD5baxtFMC1E2aKvgc8rtSpFG71qtUJcA&oe=6A5FECF5","https://www.facebook.com/beans.solomon.baoit","0","942589509215366","Tumataas na ang baha so dapat ready din sila 😊 ctto",,"32","64","6",,"1","103","2","1505206839000","https://www.facebook.com/groups/752416584899327/permalink/942589509215366/"
,,,,,,,,,,,,,,,,,,,,"100063580060850","Kapitanga - Health Care & Fitness Tips","https://scontent-iad6-1.xx.fbcdn.net/v/t39.30808-1/305968365_500397288756269_5645189517432335637_n.jpg?stp=cp0_dst-jpg_tt6&cstp=mx500x500&ctp=s40x40&_nc_cat=102&ccb=1-7&_nc_sid=2d3e12&_nc_ohc=RIuUvU6_d9UQ7kNvwGM3agb&_nc_oc=AdopKgkniy-CO0NSO8fHrNo4KyUDzsmr9Ojk8v0fQNtYG-beYIn-U27Ke_93NT0gT9s&_nc_zt=24&_nc_ht=scontent-iad6-1.xx&_nc_gid=YXxX0ExRRvBLrU5diYYG8g&_nc_ss=7c2a8&oh=00_AQB2R4TXzoP4Qta3k9ZkOdn1KOK4H_wsTrroqMkg4QLngA&oe=6A5FEFAB","https://www.facebook.com/healthcarefitnesstips","4","511974642474269","Kamusta ka naman diyan? Balita ko baha sa inyo. Don't you worry lulutang ka bes😌

-Dazzle😘",,"22","67",,,,"89","6","1505217258000","https://www.facebook.com/healthcarefitnesstips/posts/pfbid02yQY39HtbxEvdyvEAy7rHSFaMvDEtjw1pLXqbPMdEsMtAgmjywBPEoaA1CG5tfD8Kl"
,,,,,,,,,,,,,,,,,,,,"100064571507277","𝐅𝐢𝐥𝐢𝐩𝐢𝐧𝐨 𝐒𝐩𝐨𝐤𝐞𝐧 𝐖𝐨𝐫𝐝","https://scontent-iad3-2.xx.fbcdn.net/v/t39.30808-1/298224366_3213359665580109_2827565627253524041_n.jpg?stp=cp0_dst-jpg_tt6&cstp=mx429x429&ctp=s40x40&_nc_cat=111&ccb=1-7&_nc_sid=2d3e12&_nc_ohc=mAzZhLn8WMcQ7kNvwHy1Cpf&_nc_oc=Adr_0D6O55fa6YxM4w-WyCAjAS98tvxtBaudN3u8iB2Kw2bl9OdVKwTfl66xEZDy6CU&_nc_zt=24&_nc_ht=scontent-iad3-2.xx&_nc_gid=YXxX0ExRRvBLrU5diYYG8g&_nc_ss=7c2a8&oh=00_AQCBr5ezlKC-9O7aDAxpyd6LtBz3vIN4TidtbnnoN_cJ2Q&oe=6A5FF16D","https://www.facebook.com/OfficialFSW","38","1923547137894708","""Kuya: HOYYY!! Wag ka Lumusong sa Baha baka Magka-Osteoporosis ka!""

Me: Luh? leptospirosis yun kuya!

Kalerkey

~Josh
Manatili nalang sa bahay baka daw magka Osteoporosis ka!
XD AHAHAHA..
Mag-iingat ang lahat!",,"375","565","2","7",,"949","45","1505195451000","https://www.facebook.com/OfficialFSW/posts/pfbid0PbERPZs8xayv8zqZ6uiMEWFW6241Hn1wzX6HXmP71Qqxz3TpDmhqnPgnk2f96jKKl"
,,,,,,,,,,,,,,,,,,,,"100044614385973","Mister Banatero","https://scontent-iad6-1.xx.fbcdn.net/v/t39.30808-1/292507913_605040770993064_3285384468064464901_n.png?stp=cp0_dst-png&cstp=mx960x960&ctp=s40x40&_nc_cat=109&ccb=1-7&_nc_sid=2d3e12&_nc_ohc=frJBxzUtN54Q7kNvwG1DkGd&_nc_oc=Adr5JjJAZM51OpNhYptvXGXE_LfV9mrqabCo6wAB1HSU8z5opYBDZyG8uyR5zYTZFAA&_nc_zt=24&_nc_ht=scontent-iad6-1.xx&_nc_gid=YXxX0ExRRvBLrU5diYYG8g&_nc_ss=7c2a8&oh=00_AQAMQqiJAiVLDtO5xDQbu0ezeosJ0Y7vwSD6Gv0lk_LYlg&oe=6A5FF3A3","https://www.facebook.com/MisterBanatero","5","1313225698787250","Yung kasabay ng pagtaas ng baha yung agos ng iyong mga luha. 😂

-Sue",,"12","122","1","20",,"155","5","1505186853000","https://www.facebook.com/MisterBanatero/posts/pfbid028pohQFyT6DbPkR3QEj5KD5xK7TWwjKiuHCqorMrDjifiXQMA3LzZsw2GUE2KSvJ7l"
"No photo description available.","1635285659850231","photo","https://www.facebook.com/photo.php?fbid=1635285659850231&set=a.585001442982767&type=3","No photo description available.","1635285716516892","photo","https://www.facebook.com/photo.php?fbid=1635285716516892&set=a.585001442982767&type=3",,,,,,,,,,,,,"100044187501645","Lloyd Cafe Cadena","https://scontent-iad6-1.xx.fbcdn.net/v/t39.30808-1/655448241_1464364271713142_1056302315516052767_n.jpg?stp=cp0_dst-jpg_tt6&cstp=mx1024x1024&ctp=s40x40&_nc_cat=106&ccb=1-7&_nc_sid=2d3e12&_nc_ohc=ORWf2qeADSwQ7kNvwEbqEDT&_nc_oc=AdoLLlHHYEqKOYfrMC7k-3ABo5PaU4yc2gw0tYy6tTe9BlogSjUQ0xQeNAcF-nd9Z_k&_nc_zt=24&_nc_ht=scontent-iad6-1.xx&_nc_gid=YXxX0ExRRvBLrU5diYYG8g&_nc_ss=7c2a8&oh=00_AQBfaBJft15HpoOU4qMqPPyYYfoOongf9SN9dhauAAx9lQ&oe=6A5FE8B7","https://www.facebook.com/lloydcafec","155","1635285763183554","Baha na sa amin hanggang bewang. Kumusta kayo? Stay Safe everyone!",,,,,,,"0","16","1505176084000","https://www.facebook.com/lloydcafec/posts/pfbid0a89tEXVW6dr1A3J7xeZbx4wcpEhzBgb8s5HJNm9Cpu7TFo22AXrYaHQnRft6DMx8l"
"No photo description available.","431076017287282","photo","https://www.facebook.com/photo.php?fbid=431076017287282&set=a.506680218270695&type=3","No photo description available.","431076080620609","photo","https://www.facebook.com/photo.php?fbid=431076080620609&set=a.506680218270695&type=3","No photo description available.","431076090620608","photo","https://www.facebook.com/photo.php?fbid=431076090620608&set=a.506680218270695&type=3","No photo description available.","431076120620605","photo","https://www.facebook.com/photo.php?fbid=431076120620605&set=a.506680218270695&type=3","No photo description available.","431076133953937","photo","https://www.facebook.com/photo.php?fbid=431076133953937&set=a.506680218270695&type=3","100067861624505","Ginto Luxe","https://scontent-iad3-2.xx.fbcdn.net/v/t39.30808-1/572355741_1160243706247673_2176364319729863957_n.jpg?stp=cp0_dst-jpg_tt6&cstp=mx1024x1024&ctp=s40x40&_nc_cat=111&ccb=1-7&_nc_sid=2d3e12&_nc_ohc=GZxbO-QGtagQ7kNvwFDKujV&_nc_oc=Ado01YDrrwEOqHqL9HAQCpkg2L5AN27n5GGi3J3t1PiVs3LKO55OsUwaPY1tdcASXZg&_nc_zt=24&_nc_ht=scontent-iad3-2.xx&_nc_gid=YXxX0ExRRvBLrU5diYYG8g&_nc_ss=7c2a8&oh=00_AQDG12VCNTVd6wKnFwDBsjB00fAtkebMivMDN2Cr2epgLg&oe=6A5FE8C6","https://www.facebook.com/gintoluxe","1","431076387287245","BAHA KA LANG, PINOY KAMI!",,"5","22","2",,,"29","1","1505207303000","https://www.facebook.com/gintoluxe/posts/pfbid0cXiyTY3UYwDXLKgHYkCYTzJbs5NjwzWUSxhpL9y8vBrs8UMnZ2N71CjRj3qwenXel"
"No photo description available.","1797954777177069","photo","https://www.facebook.com/photo.php?fbid=1797954777177069&set=a.524862029445037&type=3","No photo description available.","1797954787177068","photo","https://www.facebook.com/photo.php?fbid=1797954787177068&set=a.524862029445037&type=3","No photo description available.","1797954807177066","photo","https://www.facebook.com/photo.php?fbid=1797954807177066&set=a.524862029445037&type=3","No photo description available.","1797954827177064","photo","https://www.facebook.com/photo.php?fbid=1797954827177064&set=a.524862029445037&type=3","No photo description available.","1797954853843728","photo","https://www.facebook.com/photo.php?fbid=1797954853843728&set=a.524862029445037&type=3","100057637322562","Sgt.Ink Tattoo","https://scontent-iad3-1.xx.fbcdn.net/v/t39.30808-1/302481067_524862049445035_7276324530825453588_n.jpg?stp=cp0_dst-jpg_tt6&cstp=mx791x790&ctp=s40x40&_nc_cat=110&ccb=1-7&_nc_sid=2d3e12&_nc_ohc=fdn7B22gwx4Q7kNvwEKF2in&_nc_oc=AdoJCHfk-NkQ2mAxR-1GOBU8iRZ7WFNsvTHFGH4qE0NyxYI76H8BJOUkuBkrPiwvRPc&_nc_zt=24&_nc_ht=scontent-iad3-1.xx&_nc_gid=YXxX0ExRRvBLrU5diYYG8g&_nc_ss=7c2a8&oh=00_AQCucigbiwbNkjOTBoBnMlKesY4ny9QzQX_ZILc_9VEG3w&oe=6A6001A3","https://www.facebook.com/Sgt.InkShop","2","1797955247177022","good morning mga dre!!! sana ayos tayong lahat! humupa na ang baha! Resume tayo sa tatuan. lets go!!! Godbless us all! Check niyo to! 
👇👇👇💣🔥

➖➖➖➖➖➖➖➖➖➖➖➖➖➖➖➖➖

My birthmonth for you all!!! 🔥🔥🔥
500 Pesos on all minimal design/size tattoo. Applies to Black and Gray tattoo only.

Here's how to avail.

1. Like and Share our page. (especially this post)
2. Message us your preferred design.
3. If approved, bring a printed copy of your design before going to the shop.

*Extra charge will apply if you want it colored.

Find us on Waze: Puregold Tipas
instagram: instagram.com/sgt.ink2017

Promo runs from Sept. 1 to 30 only!
Book your schedule now!
Refer niyo kami ha? 😀😀😀

#WorthThePain

below are some samples para magka idea ka. Credits to google. ☺",,,"8","1",,,"9","4","1505253080000","https://www.facebook.com/Sgt.InkShop/posts/pfbid0oN7t7gngPb1Zvhj6puDN6an9zi23fS5n3dKesCaTR6u5eERsBNxLmGn4ihmue946l"
"No photo description available.","1861645147178922","photo","https://www.facebook.com/photo/?fbid=1861645147178922&set=a.104313269578794",,,,,,,,,,,,,,,,,"100000003633280","Louis John","https://scontent-iad3-1.xx.fbcdn.net/v/t39.30808-1/736273140_37335126746070645_1742375339671916162_n.jpg?stp=cp0_dst-jpg_tt6&cstp=mx339x344&ctp=p40x40&_nc_cat=108&ccb=1-7&_nc_sid=e99d92&_nc_ohc=342lfcACYCgQ7kNvwGIj7oV&_nc_oc=AdpFzNCxcICNGgq1rEI4g9nVnWOwlfwFRHJsOmu8uRhk24eFCFrgajY-o0GZKaDEnhY&_nc_zt=24&_nc_ht=scontent-iad3-1.xx&_nc_gid=YXe_3UHqwjG7wuCUzztJZw&_nc_ss=7c2a8&oh=00_AQDPpx0US9zX9SRJm1etomO38DxoDq6ds4anjA69bG4AFg&oe=6A5FF19C","https://www.facebook.com/iamkotslouisjohn","37","1861645187178918","Baha nanaman papunta sa bahay.....",,,"30",,"6","10","46","3","1505200380000","https://www.facebook.com/iamkotslouisjohn/posts/pfbid0HukELb7HkJorkYoaaj5VsiLmrHBoC79GtXjpzd2YX2pMNzJeAPaxhMPKAR5FxEpBl"
"No photo description available.","1851236058526089","photo","https://www.facebook.com/photo.php?fbid=1851236058526089&set=a.448877240595778&type=3","No photo description available.","1851236075192754","photo","https://www.facebook.com/photo.php?fbid=1851236075192754&set=a.448877240595778&type=3","No photo description available.","1851236091859419","photo","https://www.facebook.com/photo.php?fbid=1851236091859419&set=a.448877240595778&type=3","No photo description available.","1851236111859417","photo","https://www.facebook.com/photo.php?fbid=1851236111859417&set=a.448877240595778&type=3","No photo description available.","1851236121859416","photo","https://www.facebook.com/photo.php?fbid=1851236121859416&set=a.448877240595778&type=3","100064205162585","GRAB PDCom.SOG","https://scontent-iad3-2.xx.fbcdn.net/v/t39.30808-1/305493561_448877263929109_2981792387030877274_n.png?stp=cp0_dst-png&cstp=mx1638x1638&ctp=s40x40&_nc_cat=111&ccb=1-7&_nc_sid=2d3e12&_nc_ohc=ueietyM0e-gQ7kNvwHoivUj&_nc_oc=AdqVQO_nHDqhuFw4o8ektjnGsG2lBE3Tla6Jv2IGvcqPmmU3ajZhs4U4rYLn3ahschE&_nc_zt=24&_nc_ht=scontent-iad3-2.xx&_nc_gid=YXe_3UHqwjG7wuCUzztJZw&_nc_ss=7c2a8&oh=00_AQC_JYiey_Xcm158PDdHRKfqm--CHQw6uVrlu0hkogFu-w&oe=6A5FE901","https://www.facebook.com/TravelFussPH","0","1851236211859407","Baha na po sa buong kamaynilaan mag ingat po ang lahat. Maraming Salamat po.",,,"15",,,,"15","2","1505200360000","https://www.facebook.com/TravelFussPH/posts/pfbid02PvEXxqvruKY7YsUfrFDAJEkFmkbkt5rzv7YbMVYR7G6JnryES5UQ2kuhwBCG3AjWl"
"No photo description available.","893832757436604","photo","https://www.facebook.com/photo.php?fbid=893832757436604&set=a.659956002189385&type=3","No photo description available.","893832814103265","photo","https://www.facebook.com/photo.php?fbid=893832814103265&set=a.659956002189385&type=3","No photo description available.","893832850769928","photo","https://www.facebook.com/photo.php?fbid=893832850769928&set=a.659956002189385&type=3","No photo description available.","893832944103252","photo","https://www.facebook.com/photo.php?fbid=893832944103252&set=a.659956002189385&type=3","No photo description available.","893833004103246","photo","https://www.facebook.com/photo.php?fbid=893833004103246&set=a.659956002189385&type=3","100045249726643","Kit Kulit","https://scontent-iad3-2.xx.fbcdn.net/v/t39.30808-1/310297702_659956005522718_2575890144065668331_n.jpg?stp=c0.0.1324.1324a_cp0_dst-jpg_tt6&cstp=mx1324x1324&ctp=s40x40&_nc_cat=105&ccb=1-7&_nc_sid=2d3e12&_nc_ohc=y1iTB_AxDRYQ7kNvwHOjuTx&_nc_oc=AdpAlFR_yW8Xt588Kv3v71PaHPFQDPyvw7f6tbrI6wqX1x2PlRR2P3Mi0V0zcKjRT7w&_nc_zt=24&_nc_ht=scontent-iad3-2.xx&_nc_gid=YXe_3UHqwjG7wuCUzztJZw&_nc_ss=7c2a8&oh=00_AQAz5ST-hh_-V9JbK_EWq__DX9PEq8LlMxKEsX6pBOiZug&oe=6A600EE5","https://www.facebook.com/kitkitkukulit","0","893833257436554","Baha ka lang, Pinoy kami!",,"3","31",,,,"34","17","1505223470000","https://www.facebook.com/kitkitkukulit/posts/pfbid01Rq5DQGstP4KeuS4s6zDD7wqhfrKDeqF7zt3Stc1AH8PMWMBe1B2zySGtANTWNm6l"
,,,,,,,,,,,,,,,,,,,,"100064849986224","GMA News","https://scontent-iad6-1.xx.fbcdn.net/v/t39.30808-1/658216539_1459297662908553_7892569438724908023_n.jpg?stp=cp0_dst-jpg_tt6&cstp=mx1200x1200&ctp=s40x40&_nc_cat=1&ccb=1-7&_nc_sid=2d3e12&_nc_ohc=_9Kw3PkUnsIQ7kNvwF5XCkZ&_nc_oc=Adr-92JmsT7cevEXjO3zEFfIqc2jKn_FMx_Ax_xLOLPLlDBKm9fZO0oTyK9r48dSSjI&_nc_zt=24&_nc_ht=scontent-iad6-1.xx&_nc_gid=YXe_3UHqwjG7wuCUzztJZw&_nc_ss=7c2a8&oh=00_AQAS_dbCwyWshNoFKsKc_0j2-V05GYx49vKlHTB-sGnzxA&oe=6A5FFBBF","https://www.facebook.com/gmanews","1","1541170389315688","Baha sa Aguinaldo Highway, sa may Brgy. Panapaan.",,,"7",,"1","2","10","1","1505184968000","https://www.facebook.com/groups/youscoopgroup/permalink/1541170389315688/"
,"1833725639975608","video",,,,,,,,,,,,,,,,,,"100000145697417","Gna Oro","https://scontent-iad6-1.xx.fbcdn.net/v/t39.30808-1/459412463_8977948062219961_3737285873949507796_n.jpg?stp=cp0_dst-jpg_tt6&cstp=mx750x748&ctp=s24x24&_nc_cat=109&ccb=1-7&_nc_sid=1d2534&_nc_ohc=YnqOF8SrJdQQ7kNvwFVPy3y&_nc_oc=AdpPyXGrKGxYkxn7nZEdQL6JASnBsreI9ZKTXlh-VbIb6BLznIEn7h8xAS4NlK72eSk&_nc_zt=24&_nc_ht=scontent-iad6-1.xx&_nc_gid=YXe_3UHqwjG7wuCUzztJZw&_nc_ss=7c2a8&oh=00_AQCzJj3zAUChDR9qfgUGD12eRNfn4cXrS-nwCl96wnk7ow&oe=6A6003FC","https://www.facebook.com/gino.orosca","0","1541767475922646","baha sa tapat ng national museum gutter deep  until  city hall of manila as of 4:55 pm today 9.12.17",,,"8",,"1","1","10","2","1505216553000","https://www.facebook.com/groups/youscoopgroup/permalink/1541767475922646/"
,,,,,,,,,,,,,,,,,,,,"100063465439493","Antipatikoツ","https://scontent-iad3-2.xx.fbcdn.net/v/t39.30808-1/358673194_726255559499952_4442597739072152363_n.jpg?stp=cp0_dst-jpg_tt6&cstp=mx400x400&ctp=s40x40&_nc_cat=103&ccb=1-7&_nc_sid=2d3e12&_nc_ohc=9GUlY-DPfzEQ7kNvwGP4h33&_nc_oc=Adplwp4zSvnix45jAQuprW253dZ3GP5oZpZB7XfbA6B7kGek-R1uD51NVeg6OAXXxI0&_nc_zt=24&_nc_ht=scontent-iad3-2.xx&_nc_gid=YXe_3UHqwjG7wuCUzztJZw&_nc_ss=7c2a8&oh=00_AQAdaDHewYXaM_CoyDw9JkCHoIZNqLsYuemX9lvwBO9jDQ&oe=6A5FE253","https://www.facebook.com/SenpaikazuUnofficial","1","270473816792650","Sya: Yung baha abot na sa dibdib ko.
Me: Abot lang, Wala kang dibdib!😂",,"2","8",,,"1","11","0","1505218251000","https://www.facebook.com/SenpaikazuUnofficial/posts/pfbid0wsXjdLgSmSPhZCegXce5DNTfsmqbqTLbA8yBMX9B3CKjnUMBN3BZ7uckDGDJZ6Pol"
,"1511053355599470","video",,,,,,,,,,,,,,,,,,"100000844597218","Jerald Matugas Lubang","https://scontent-iad6-1.xx.fbcdn.net/v/t39.30808-1/606009560_25652973090980826_5789357318850851951_n.jpg?stp=cp0_dst-jpg_tt6&cstp=mx1440x1443&ctp=s24x24&_nc_cat=106&ccb=1-7&_nc_sid=1d2534&_nc_ohc=khCtU8OHC68Q7kNvwG5f8Zn&_nc_oc=AdpPMnp9I03-VDzy5m64huxDQ0TkjSfRf4qpNT0CPc5vGY6rqoVWZ0_vqirViWhrios&_nc_zt=24&_nc_ht=scontent-iad6-1.xx&_nc_gid=YXe_3UHqwjG7wuCUzztJZw&_nc_ss=7c2a8&oh=00_AQDOij4mfW1xC4p9CD6r48sJf838MKt3Cl_iAUpoi_EqJA&oe=6A601838","https://www.facebook.com/tinje24","5","1541092492656811","Kala ko okie na knina at wla na baha dahil medjo mahina lng ung ulan eto pla nadatnan ko!!! HUHUHUHU buti nalang nka buta ako .. Bandang Kalaw po Iyan knina bandang Alas 8 ng umaga",,,"17",,"1","3","21","1","1505181423000","https://www.facebook.com/groups/youscoopgroup/permalink/1541092492656811/"
"No photo description available.","735960576614400","photo","https://www.facebook.com/photo.php?fbid=735960576614400&set=a.482620927240296&type=3","No photo description available.","735960583281066","photo","https://www.facebook.com/photo.php?fbid=735960583281066&set=a.482620927240296&type=3",,,,,,,,,,,,,"100064771776879","Manika Clothing Online Shop","https://scontent-iad3-1.xx.fbcdn.net/v/t39.30808-1/387112537_713143080854745_7703826953308173128_n.jpg?stp=c118.79.882.883a_cp0_dst-jpg_tt6&cstp=mx882x883&ctp=s40x40&_nc_cat=104&ccb=1-7&_nc_sid=2d3e12&_nc_ohc=EfY4smNfiNEQ7kNvwES7z3-&_nc_oc=AdpCDHvZGbCGK5Ol9ANzzSniAbhpj1_soTjETkemmKsgKh2Yh0UHMuCh7cTVHy-GjXE&_nc_zt=24&_nc_ht=scontent-iad3-1.xx&_nc_gid=83bAqg0tfslYK6scbXD-uA&_nc_ss=7c2a8&oh=00_AQDfAcSk2LDgWZpMof1frl4XtGFtxv1pGcG9R7tXgPdpFw&oe=6A5FFE89","https://www.facebook.com/ManikaClothingOnlineShop","0","735961053281019","mga suki bahang baha talaga samin today re sched po lahat ng meetups and shipments :( . pero online kami today para ma sagot lahat ng inquiries salamat po :) ,#MaringPH. @ bacoor cavite",,,"34",,"3",,"37","0","1505190778000","https://www.facebook.com/ManikaClothingOnlineShop/posts/pfbid0eJi7Sekx1G7WdHZE3BPyhKYp2tVoFcL3iYk9bNDiMLXGtAH5o7hQLgWXyJbMc5U4l"
,"1584140001608188","video",,,,,,,,,,,,,,,,,,"100064169283678","La Verdad Correspondents","https://scontent-iad3-2.xx.fbcdn.net/v/t39.30808-1/465660020_8911939895494792_7915497176835006722_n.jpg?stp=cp0_dst-jpg_tt6&cstp=mx2000x2000&ctp=s40x40&_nc_cat=105&ccb=1-7&_nc_sid=2d3e12&_nc_ohc=R0RFSxRB0V0Q7kNvwFxhARf&_nc_oc=AdqbyhwTbHfP3CvxFSexGyuYc6M2S2iBh0Pkp9YOhdqnzRYia4moQd4dk-VshIiZzFM&_nc_zt=24&_nc_ht=scontent-iad3-2.xx&_nc_gid=83bAqg0tfslYK6scbXD-uA&_nc_ss=7c2a8&oh=00_AQAnJKNiWbpChJ3EH_qtWHaPa5WHLf_9NTDJWPwrQHldcg&oe=6A6004F7","https://www.facebook.com/LaVerdadCorrespondents","0","1584140001608188","Baha sa Malabon City, patuloy na tumataas dahil sa malakas na ulan. 

via Celine Quimson / La Verdad Correspondent",,,"27","1",,"1","29","10","1505199657000","https://www.facebook.com/LaVerdadCorrespondents/videos/1584140001608188/"
"No photo description available.","1466277120133962","photo","https://www.facebook.com/photo/?fbid=1466277120133962&set=a.621783952852826",,,,,,,,,,,,,,,,,"100050636792685","Brando Gusi l Love & Life Blog","https://scontent-iad3-1.xx.fbcdn.net/v/t39.30808-1/293193123_621783972852824_1784100021404110275_n.jpg?stp=cp0_dst-jpg_tt6&cstp=mx448x448&ctp=s40x40&_nc_cat=101&ccb=1-7&_nc_sid=2d3e12&_nc_ohc=kg066V1NdiAQ7kNvwHtmJrE&_nc_oc=Adrl7-A-sj5I-ZaNM8DunDzgdwyV4bWh9lokvUW0Mexri297yC5OpxGXb4X6BWlxmFI&_nc_zt=24&_nc_ht=scontent-iad3-1.xx&_nc_gid=83bAqg0tfslYK6scbXD-uA&_nc_ss=7c2a8&oh=00_AQCRpUqf76VEvriMtoIVGAuneohKkSUYawfnc77gaqiFnA&oe=6A5FE71F","https://www.facebook.com/brandogusiofficialpage","0","1466277240133950","DAHIL BAHA SA METRO MANILA..AYAN MAG RED HORSE MUNA 😂😂😂",,"5","19",,,,"24","5","1505212108000","https://www.facebook.com/brandogusiofficialpage/posts/pfbid02poLULtznNuwqKqc2coyV7Wrr6WzFRKWQL39jyk5v4xEVQPuX6G5UNqZgrwX9tqHjl"
"No photo description available.","1079771518825610","photo","https://www.facebook.com/photo/?fbid=1079771518825610&set=a.221321193599301",,,,,,,,,,,,,,,,,"100071642656523","Hashtag DREAM HOUSE in Cavite PH","https://scontent-iad3-2.xx.fbcdn.net/v/t39.30808-1/472055331_612002714531145_7552981365752344169_n.jpg?stp=cp0_dst-jpg_tt6&cstp=mx200x200&ctp=s40x40&_nc_cat=111&ccb=1-7&_nc_sid=2d3e12&_nc_ohc=wVnHaCxLoukQ7kNvwF8EHiy&_nc_oc=AdpRKRFxpWlIn1MTF_rEKN9xAqL_BICJk3XiBcw5X805h9ir-OKW2HFzQf_huZSQp2E&_nc_zt=24&_nc_ht=scontent-iad3-2.xx&_nc_gid=83bAqg0tfslYK6scbXD-uA&_nc_ss=7c2a8&oh=00_AQBQtWcd3fuXRyXGP-vSntRy16tKYbhb5Rdd7EuAZEbXGA&oe=6A5FEE0C","https://www.facebook.com/hashtagdreamhouseCPH","3","1079771705492258","Lumubog na naman ba ung Bahay mo dahil sa BAHA??

Baka pwede ko po kayo matulungan magkaroon ng bahay na AYAW SA BAHA  :D

-Yung hindi ka kakaba-kaba sa baha pag may bagyo..
-Yung mag-eenjoy ka lang sa loob ng bahay mo kahit malakas ang ulan..
-Yung HINDI KA MAKAKARANAS NG BAHA SA LOOB NG BAHAY MO..

Possible yan!
Dahil may mga matataas, accessible at maayos na lugar sa Cavite na hindi FLOOD-PRONE..

TARA NA!
Wag na magpabiktima ulit sa baha..
Umpisahan mo na habang meron pang natitira  ;)
========================
PM po tayo   <3",,,"4",,,,"4","0","1505207002000","https://www.facebook.com/hashtagdreamhouseCPH/posts/pfbid02mQDGP5haftT8MAF7KVNSXgRiA7SQ3iUZ1NAcp14U2BGtBUNhPvUz6aFVLowPZrktl"
,,,,,,,,,,,,,,,,,,,,"100064549364994","MarsiXian","https://scontent-iad3-1.xx.fbcdn.net/v/t39.30808-1/618080085_1350693077092325_1707287768883956338_n.jpg?stp=cp0_dst-jpg_tt6&cstp=mx480x481&ctp=s40x40&_nc_cat=101&ccb=1-7&_nc_sid=2d3e12&_nc_ohc=XvOnffk2VpoQ7kNvwG2cBiW&_nc_oc=AdrUfnKo0sO2xftt0ojCjXbyzl71i3t7LOgqv9bmHD5f1cNZpQ8WPfmll9dVFtcWJfc&_nc_zt=24&_nc_ht=scontent-iad3-1.xx&_nc_gid=83bAqg0tfslYK6scbXD-uA&_nc_ss=7c2a8&oh=00_AQDNUr3EfWjZ0Y4hTBS6QfhXXBUSH1WY3N5ZwP7evhR_TQ&oe=6A600F50","https://www.facebook.com/MarsiXian","2","1513877575340157","wala po tayong shipping todayAng taas ng baha dito samin sa taytay. baha na din sa labas sana hindi abutin loob ng bahay. Ingat din kayo ha wag na umalis pag hindi naman importante 😓 #taytayflood #typhoonmaring",,,"13",,"12","2","27","4","1505197987000","https://www.facebook.com/MarsiXian/posts/pfbid0AN2nd4VV14jf6ZYFq778phGhLg6416K1LzPkpDqKG9Z2b8Hw3iVXhU3WM3fda6drl"
,,,,,,,,,,,,,,,,,,,,"100064472276039","Pak thoughts","https://scontent-iad3-1.xx.fbcdn.net/v/t39.30808-1/406083902_727035136122222_3732885423658094002_n.jpg?stp=cp0_dst-jpg_tt6&cstp=mx400x399&ctp=s40x40&_nc_cat=101&ccb=1-7&_nc_sid=2d3e12&_nc_ohc=UpcX4XppvioQ7kNvwFWNKMS&_nc_oc=Adopltoe5A2YOhwJKTLj18I7faKSX3tbcua7qo29ult97qRxK1KUBBXCfwPZW-3kUIk&_nc_zt=24&_nc_ht=scontent-iad3-1.xx&_nc_gid=4BMXSOSkrqnnDZGm9cb72g&_nc_ss=7c2a8&oh=00_AQA1XsnFY_cEIIFNFETuxvZjUV3TCDIlNMXDsv_6QKryNQ&oe=6A5FF1DE","https://www.facebook.com/pakthoughts","1","1024332707670212","🍆 buti pa yung baha umaapaw, yung pag-ibig nya para Sakin hindi. 💔",,"8","20",,"1",,"29","2","1505194228000","https://www.facebook.com/pakthoughts/posts/pfbid02oattzwZ3jp8aZWhZYQpHBotF9oAGVPQ85SeiyTGphFUwoDVj9uEs8jVfaAxZ6LRsl"
,,,,,,,,,,,,,,,,,,,,"100050247109790","What's On Your Mind","https://scontent-iad6-1.xx.fbcdn.net/v/t39.30808-1/296319800_602463158105249_6228758387909383606_n.jpg?stp=c0.0.480.480a_cp0_dst-jpg_tt6&cstp=mx480x480&ctp=s40x40&_nc_cat=109&ccb=1-7&_nc_sid=2d3e12&_nc_ohc=iMNsA8S3pp8Q7kNvwHIqnc1&_nc_oc=AdpFzNhjnB2c5iWyOlyIWemTO7aqoTbkhEX4dp61wLEzQt0PYiS105EnTprgqiLHWsU&_nc_zt=24&_nc_ht=scontent-iad6-1.xx&_nc_gid=4BMXSOSkrqnnDZGm9cb72g&_nc_ss=7c2a8&oh=00_AQCtOhfW4_kGJ4fia4Qf8Ak3iJ4RwBQG_7TxgNPLRT4yvg&oe=6A601974","https://www.facebook.com/WOYM13","3","169400700279610","BLESSING DAW ANG ULAN?
E, ANG BAHA PO??😖💦💦",,"9","30",,"1",,"40","2","1505187109000","https://www.facebook.com/WOYM13/posts/pfbid02cPCr8WGti1248qLUnLMgjesZgG1xjLPcTjxx9rVCBHhsKyNCnoSCJvM6oGhD6AMBl"
,,,,,,,,,,,,,,,,,,,,"100057528786560","Diary Ng Single","https://scontent-iad6-1.xx.fbcdn.net/v/t39.30808-1/327060999_512263460995338_2874568515495796583_n.jpg?stp=cp0_dst-jpg_tt6&cstp=mx542x540&ctp=s40x40&_nc_cat=109&ccb=1-7&_nc_sid=2d3e12&_nc_ohc=-mls_wK5j_QQ7kNvwEmQ0sa&_nc_oc=AdolVkKUG02SpopbEUdAn5ZwnykgYAJHW8iGKJ3asoSVulwI9aESOmBgGE74sITOIqw&_nc_zt=24&_nc_ht=scontent-iad6-1.xx&_nc_gid=4BMXSOSkrqnnDZGm9cb72g&_nc_ss=7c2a8&oh=00_AQCNhu7-lcfd5uMGRbmFQM5kNKOLuaOJ0rMk3cvVEtTrWQ&oe=6A5FE8C5","https://www.facebook.com/DiaryNgSingle0fficial","2","860823140764478","🌹Isama mo na sa baha yung feelings mo para sa kanya. Para mawala na.",,"2","40","1","1",,"44","5","1505193857000","https://www.facebook.com/DiaryNgSingle0fficial/posts/pfbid02DPy6rLUFB1TeWSiVbNmXWYBWwRXz4yUx9sf6njQzRfAQHr5K6AziTouZJ4shYZUNl"
"No photo description available.","10207971212596581","photo","https://www.facebook.com/photo.php?fbid=10207971212596581&set=gm.1541118175987576&type=3","No photo description available.","10207971213196596","photo","https://www.facebook.com/photo.php?fbid=10207971213196596&set=gm.1541118175987576&type=3","No photo description available.","10207971213676608","photo","https://www.facebook.com/photo.php?fbid=10207971213676608&set=gm.1541118175987576&type=3","No photo description available.","10207971214036617","photo","https://www.facebook.com/photo.php?fbid=10207971214036617&set=gm.1541118175987576&type=3","No photo description available.","10207971214196621","photo","https://www.facebook.com/photo.php?fbid=10207971214196621&set=gm.1541118175987576&type=3","1785684882","Pamela Menil Gonzales","https://scontent-iad6-1.xx.fbcdn.net/v/t1.6435-1/38750978_10209870030065831_2939551157267202048_n.jpg?stp=c0.22.459.459a_cp0_dst-jpg_tt6&cstp=mx459x459&ctp=s24x24&_nc_cat=107&ccb=1-7&_nc_sid=1d2534&_nc_ohc=OZRAuSSTM6oQ7kNvwH1Z0wc&_nc_oc=Adrq1A6QbmxIay2ahhiCtrJu0BUgCDWIWnDnvr2QPVaeKdbbP47l2M2tkn0zq-etgfw&_nc_zt=24&_nc_ht=scontent-iad6-1.xx&_nc_gid=4BMXSOSkrqnnDZGm9cb72g&_nc_ss=7c2a8&oh=00_AQDy1CXRPNOXQCJsbV6Q2cKued2o9V4Nmd-SvO8cPzN_LQ&oe=6A819275","https://www.facebook.com/PopSon042513","2","1541118175987576","PTPA:
Kaya pala super duper Trapik, baha bandang UNITED SAN PEDRO, Laguna (Sarimanok)... Yun ibang pasahero bumaba at naglakad na lang. Yun iba naman kahit bawal sumabit napilitan sumabit makarating lang sa pupuntahan... Paglampas ng Stoplight ng United San Pedro wala ng baha (papuntang Tunasan, Muntinlupa). Ingat po ang lahat! God bless!",,,"4",,,,"4","0","1505182611000","https://www.facebook.com/groups/youscoopgroup/permalink/1541118175987576/"
,,,,,,,,,,,,,,,,,,,,"100064456281701","News5","https://scontent-iad6-1.xx.fbcdn.net/v/t39.30808-1/352531091_590012623265943_7503745415624331533_n.png?stp=cp0_dst-png&cstp=mx719x719&ctp=s40x40&_nc_cat=1&ccb=1-7&_nc_sid=2d3e12&_nc_ohc=VZI5zKGnILYQ7kNvwFQ2CA9&_nc_oc=AdqnFKo-GODbiMNW7iIMGPGfQ0tNA0DOb6NyxgW2FwVaNjKIs-vWsm1JmvjBdmeZv4M&_nc_zt=24&_nc_ht=scontent-iad6-1.xx&_nc_gid=4BMXSOSkrqnnDZGm9cb72g&_nc_ss=7c2a8&oh=00_AQBj1aM7qFex69pS0nGGoN9dUv_qS1cpznqcor2hHJ_iiQ&oe=6A5FE70F","https://www.facebook.com/News5Everywhere","14","1938848193038748","Kasalan yan nino?","1",,"36",,"6","1","44","0","1505195786000","https://www.facebook.com/permalink.php?story_fbid=pfbid0wa4GNuvWE3mxoRuqXakARi3Nu3oeJ5jcJCiQzjiYUjQc4y5EN3Aq4zJDVKqJVvPml&id=100063652879778"
,"1006770312813056","video",,,,,,,,,,,,,,,,,,"100064456281701","News5","https://scontent-iad6-1.xx.fbcdn.net/v/t39.30808-1/352531091_590012623265943_7503745415624331533_n.png?stp=cp0_dst-png&cstp=mx719x719&ctp=s40x40&_nc_cat=1&ccb=1-7&_nc_sid=2d3e12&_nc_ohc=VZI5zKGnILYQ7kNvwFQ2CA9&_nc_oc=AdqnFKo-GODbiMNW7iIMGPGfQ0tNA0DOb6NyxgW2FwVaNjKIs-vWsm1JmvjBdmeZv4M&_nc_zt=24&_nc_ht=scontent-iad6-1.xx&_nc_gid=4BMXSOSkrqnnDZGm9cb72g&_nc_ss=7c2a8&oh=00_AQBj1aM7qFex69pS0nGGoN9dUv_qS1cpznqcor2hHJ_iiQ&oe=6A5FE70F","https://www.facebook.com/News5Everywhere","85","1006770312813056","#MaringPH | Mga batang nagtatampisaw sa baha sa isang kalsada sa España, Maynila | via Jay-Vee Lim Arcena

For more latest stories, visit us at www.news5.com.ph","5","33","164","5","25","7","239","32","1505187840000","https://www.facebook.com/News5Everywhere/videos/1006770312813056/"
,"10155645564816977","video",,,,,,,,,,,,,,,,,,"100064849986224","GMA News","https://scontent-iad6-1.xx.fbcdn.net/v/t39.30808-1/658216539_1459297662908553_7892569438724908023_n.jpg?stp=cp0_dst-jpg_tt6&cstp=mx1200x1200&ctp=s40x40&_nc_cat=1&ccb=1-7&_nc_sid=2d3e12&_nc_ohc=_9Kw3PkUnsIQ7kNvwF5XCkZ&_nc_oc=Adr-92JmsT7cevEXjO3zEFfIqc2jKn_FMx_Ax_xLOLPLlDBKm9fZO0oTyK9r48dSSjI&_nc_zt=24&_nc_ht=scontent-iad6-1.xx&_nc_gid=o_EW5Ka5RXg6MXH5v446Pw&_nc_ss=7c2a8&oh=00_AQDfzcVaBIGljvJvLbf4eoNgVT_6Ckg5THKHTGaCZeOLrw&oe=6A5FFBBF","https://www.facebook.com/gmanews","70","10155645564816977","YouScoop: Mabagal ang daloy ng trapiko dahil sa baha sa Aguinaldo Highway malapit sa Panapaan, Bacoor, Cavite, ulat ni YouScooper Aljeanz Ybanez.

Ibahagi ang inyong ulat sa YouScoop:
Facebook: facebook.com/youscoop
Twitter: twitter.com/youscoop
Instagram: instagram.com/youscoop
Email: youscoop@gmanews.tv
Official Facebook group: gmane.ws/YouScoopFBGroup",,"2","609","1","67","23","702","222","1505184407000","https://www.facebook.com/gmanews/videos/10155645564816977/"
,"1007190599437694","video",,,,,,,,,,,,,,,,,,"100064456281701","News5","https://scontent-iad6-1.xx.fbcdn.net/v/t39.30808-1/352531091_590012623265943_7503745415624331533_n.png?stp=cp0_dst-png&cstp=mx719x719&ctp=s40x40&_nc_cat=1&ccb=1-7&_nc_sid=2d3e12&_nc_ohc=VZI5zKGnILYQ7kNvwFQ2CA9&_nc_oc=AdqnFKo-GODbiMNW7iIMGPGfQ0tNA0DOb6NyxgW2FwVaNjKIs-vWsm1JmvjBdmeZv4M&_nc_zt=24&_nc_ht=scontent-iad6-1.xx&_nc_gid=o_EW5Ka5RXg6MXH5v446Pw&_nc_ss=7c2a8&oh=00_AQAh473eyq2nX3morYloqowceUFCUwIPIBy3yxwMe8sHIQ&oe=6A5FE70F","https://www.facebook.com/News5Everywhere","107","1007190599437694","#WordOfTheLourd | Maihi lang ang kambing, baha na sa amin

For more latest stories, visit us at www.news5.com.ph","52","70","373","8","1","3","507","83","1505219482000","https://www.facebook.com/News5Everywhere/videos/1007190599437694/"
"No photo description available.","1488697037834784","photo","https://www.facebook.com/photo/?fbid=1488697037834784&set=a.361929705963117",,,,,,,,,,,,,,,,,"100064382721603","YouScoop","https://scontent-iad3-1.xx.fbcdn.net/v/t39.30808-1/672686201_1384438830378861_7963717717836307265_n.jpg?stp=c0.135.1080.1080a_cp0_dst-jpg_tt6&cstp=mx1080x1080&ctp=s40x40&_nc_cat=110&ccb=1-7&_nc_sid=2d3e12&_nc_ohc=7c3sa59BRfEQ7kNvwHrfkvX&_nc_oc=AdrLqsGiEDr_McPd4I2JALYAWglG3niUNRXNIvXQ0UkhvnvnSmTqGcBTTtkJUVUnILE&_nc_zt=24&_nc_ht=scontent-iad3-1.xx&_nc_gid=o_EW5Ka5RXg6MXH5v446Pw&_nc_ss=7c2a8&oh=00_AQBlPh-C2iInn36BqlegrsHsfmcSK3kFomJXWnDDcivREA&oe=6A600ECF","https://www.facebook.com/youscoop","1","1488697697834718","Dahil sa pagtaas ng tubig- baha, napilitan na lamang ang mga residente ng Brgy. Callios sa Sta. Cruz, Laguna na buhatin ang kabaong ng isang patay patungo sa isang sementaryo.",,,"39","1","19",,"59","4","1505211201000","https://www.facebook.com/youscoop/posts/pfbid0Ai1y7PFLjK4q49uejNd6qeiKdNaX1Wzey9g1GDXbAQGpU3MNfP1T1Qry4GpExyPel"
,"1006891082800979","video",,,,,,,,,,,,,,,,,,"100064456281701","News5","https://scontent-iad6-1.xx.fbcdn.net/v/t39.30808-1/352531091_590012623265943_7503745415624331533_n.png?stp=cp0_dst-png&cstp=mx719x719&ctp=s40x40&_nc_cat=1&ccb=1-7&_nc_sid=2d3e12&_nc_ohc=VZI5zKGnILYQ7kNvwFQ2CA9&_nc_oc=AdqnFKo-GODbiMNW7iIMGPGfQ0tNA0DOb6NyxgW2FwVaNjKIs-vWsm1JmvjBdmeZv4M&_nc_zt=24&_nc_ht=scontent-iad6-1.xx&_nc_gid=o_EW5Ka5RXg6MXH5v446Pw&_nc_ss=7c2a8&oh=00_AQAh473eyq2nX3morYloqowceUFCUwIPIBy3yxwMe8sHIQ&oe=6A5FE70F","https://www.facebook.com/News5Everywhere","1","1006891082800979","Baha dala ng Bagyong ""Maring,"" lalong nagpa-traffic sa Pasay 

For more latest stories, visit us at www.news5.com.ph",,,"89",,"3",,"92","11","1505194618000","https://www.facebook.com/News5Everywhere/videos/1006891082800979/"
"No photo description available.","1787977227929606","photo","https://www.facebook.com/photo.php?fbid=1787977227929606&set=a.188831410030803&type=3","No photo description available.","1787977234596272","photo","https://www.facebook.com/photo.php?fbid=1787977234596272&set=a.188831410030803&type=3","No photo description available.","1787977231262939","photo","https://www.facebook.com/photo.php?fbid=1787977231262939&set=a.188831410030803&type=3","No photo description available.","1787977321262930","photo","https://www.facebook.com/photo.php?fbid=1787977321262930&set=a.188831410030803&type=3","No photo description available.","1787977334596262","photo","https://www.facebook.com/photo.php?fbid=1787977334596262&set=a.188831410030803&type=3","100067118364824","PTV","https://scontent-iad6-1.xx.fbcdn.net/v/t39.30808-1/469778811_1010174501229819_6318900398083369956_n.jpg?stp=cp0_dst-jpg_tt6&cstp=mx768x768&ctp=s40x40&_nc_cat=1&ccb=1-7&_nc_sid=2d3e12&_nc_ohc=FaGq-qwGxNAQ7kNvwFw57wE&_nc_oc=AdoA74FeTljdazcUvqYFBmERFVQd9_1c8lLifLMiulWeZLnVrO9ChX8xKs3977ViPME&_nc_zt=24&_nc_ht=scontent-iad6-1.xx&_nc_gid=o_EW5Ka5RXg6MXH5v446Pw&_nc_ss=7c2a8&oh=00_AQAhR4yGf37K35J5RH4plstswu-YLlYqiNhgACkVdTt13A&oe=6A6006A5","https://www.facebook.com/PTVph","4","1787977531262909","IN PHOTOS: Side streets na baha sa Maynila
R. Cristobal Street
M. Dela Fuente Street
Piy Margal Street corner Lacson Avenue
Dapitan Street
Fugoso Street
Alfonso Mendoza Street",,,"80","1","13","1","95","22","1505181830000","https://www.facebook.com/PTVph/posts/pfbid02d9DXQBS4qpjLTRpF97tZaoMryWL7mcApoz6C8xmUL8Q6hZbDS31G1NmwDaGYMkPBl"
"No photo description available.","10155006127091801","photo","https://www.facebook.com/photo/?fbid=10155006127091801&set=a.286737319479002",,,,,,,,,,,,,,,,,"100044282083741","TV5","https://scontent-iad6-1.xx.fbcdn.net/v/t39.30808-1/683597965_1534368864715835_2015622518251875151_n.jpg?stp=cp0_dst-jpg_tt6&cstp=mx1200x1200&ctp=s40x40&_nc_cat=1&ccb=1-7&_nc_sid=2d3e12&_nc_ohc=ON20i0DpB3MQ7kNvwEcER8q&_nc_oc=AdoLWvIYZFvi9PfLeCyYPG-Iw-3W4r70pcaOG2xAlwSUQ_RwdRxKAa7vobPRBKRKVm0&_nc_zt=24&_nc_ht=scontent-iad6-1.xx&_nc_gid=o_EW5Ka5RXg6MXH5v446Pw&_nc_ss=7c2a8&oh=00_AQAJJ5DmPf9NK-c-5zQC4nAP4i4jDJ-D3uiab_3bcOGGWA&oe=6A6018E6","https://www.facebook.com/TV5manila","6","10155006127531801","Sumugod sa baha para makauwi? Maging ligtas! #MaringPH",,,"100","2",,,"102","3","1505390400000","https://www.facebook.com/TV5manila/posts/pfbid02zFnknhGxeY9WQobrjhgtYxFAqn3kD8U2DttVvadBt82ENUdwWcJpzuoFxUM7uf3nl"
"No photo description available.","1823859344572871","photo","https://www.facebook.com/photo.php?fbid=1823859344572871&set=a.1404985366460273&type=3","No photo description available.","1823859454572860","photo","https://www.facebook.com/photo.php?fbid=1823859454572860&set=a.1404985366460273&type=3","No photo description available.","1823859504572855","photo","https://www.facebook.com/photo.php?fbid=1823859504572855&set=a.1404985366460273&type=3",,,,,,,,,"100008464684531","Franco Rosal","https://scontent-iad3-2.xx.fbcdn.net/v/t39.30808-1/650884643_4128660960759353_6357735579685872899_n.jpg?stp=cp0_dst-jpg_tt6&cstp=mx1950x1960&ctp=s40x40&_nc_cat=111&ccb=1-7&_nc_sid=1d2534&_nc_ohc=PJ1_YPEx6FAQ7kNvwEOZAfS&_nc_oc=Ado7KZ0s-Kv4z_0v_6xvHP11raonuvO13dZGdfzsQWiq6TgH6G9vvvpnNhtN-V891AA&_nc_zt=24&_nc_ht=scontent-iad3-2.xx&_nc_gid=x9VkGa6hhnJpeIBGHpoWnw&_nc_ss=7c2a8&oh=00_AQD6vZlGe8ioLtK7YiXomENkTswyzKDs1mJ0LsBgsq9z_w&oe=6A6006C5","https://www.facebook.com/franco.rosal.290224","4","1823859517906187","BAHA Alert along brgy sikatuna.",,,"65","1","2",,"68","0","1505174892000","https://www.facebook.com/franco.rosal.290224/posts/pfbid0BQyGE9dj2fWYfL66jT99cJvuRiHqvWUPnrhJckBZ7wv6PYLAKTmq5aT2547LDfozl"
"No photo description available.","1965500893704070","photo","https://www.facebook.com/photo.php?fbid=1965500893704070&set=a.1566833923570771&type=3","No photo description available.","1965500870370739","photo","https://www.facebook.com/photo.php?fbid=1965500870370739&set=a.1566833923570771&type=3","No photo description available.","1965500900370736","photo","https://www.facebook.com/photo.php?fbid=1965500900370736&set=a.1566833923570771&type=3",,,,,,,,,"100007325354924","Or Lhand Do","https://scontent-iad3-2.xx.fbcdn.net/v/t39.30808-1/502941295_3984890905098382_4856092099898416885_n.jpg?stp=cp0_dst-jpg_tt6&cstp=mx864x864&ctp=s40x40&_nc_cat=111&ccb=1-7&_nc_sid=1d2534&_nc_ohc=L7-htvfHutsQ7kNvwEBLfxA&_nc_oc=AdpOayQre-uVNCs2rn1V62-BKzOdk6e1baNcfAnoETEekbN7CS36kCtMWiwcZM2uCYo&_nc_zt=24&_nc_ht=scontent-iad3-2.xx&_nc_gid=x9VkGa6hhnJpeIBGHpoWnw&_nc_ss=7c2a8&oh=00_AQDvf48VugzO0p0laCsGT1P_8rYWNq4Q7f3qF44lbMpqew&oe=6A5FE708","https://www.facebook.com/or.lhand.do","4","1965500920370734","Baha npud",,,"51",,,,"51","0","1505199385000","https://www.facebook.com/or.lhand.do/posts/pfbid02oaTauNB3sBeGZ4HLCX1ZrXDN6Wpnw82E9dHEyfupnKautaHe7E7S3WfDt2wCwYB6l"
"No photo description available.","10155766534982010","photo","https://www.facebook.com/photo.php?fbid=10155766534982010&set=gm.1901858913476434&type=3","No photo description available.","10155766535102010","photo","https://www.facebook.com/photo.php?fbid=10155766535102010&set=gm.1901858913476434&type=3","No photo description available.","10155766535187010","photo","https://www.facebook.com/photo.php?fbid=10155766535187010&set=gm.1901858913476434&type=3","No photo description available.","10155766535267010","photo","https://www.facebook.com/photo.php?fbid=10155766535267010&set=gm.1901858913476434&type=3",,,,,"610917009","Abby Dador","https://scontent-iad6-1.xx.fbcdn.net/v/t39.30808-1/728544143_10164906418207010_6796333621960415932_n.jpg?stp=cp0_dst-jpg_tt6&cstp=mx662x660&ctp=s24x24&_nc_cat=109&ccb=1-7&_nc_sid=e99d92&_nc_ohc=L6M1ejSkXBkQ7kNvwHZ8YU-&_nc_oc=Adq0zzJfw41HgAj5D_z46kV3f8ed7fku5vbN0-CLFtheR40iquTvZbP96XlQu5Tj6ss&_nc_zt=24&_nc_ht=scontent-iad6-1.xx&_nc_gid=x9VkGa6hhnJpeIBGHpoWnw&_nc_ss=7c2a8&oh=00_AQBHUM_C2BO1YhtRbhqpHLkvXlvPzrXpUPCyWgUlLJ5xWA&oe=6A6017DB","https://www.facebook.com/abygail.dador","17","1901858913476434","MARKUS : umaygadzzz mama dito lang ako sa table bahaaaa naaa....
.... anong baha ihi mo yan... saway ka tlga! 
MARKUS :  kaya pala mapanghe... eeeeewww!",,"25","61","9",,,"95","0","1505217916000","https://www.facebook.com/groups/bantayanimalwelfare/permalink/1901858913476434/"
"No photo description available.","1240231542749017","photo","https://www.facebook.com/photo/?fbid=1240231542749017&set=a.103429646429218",,,,,,,,,,,,,,,,,"100002865493303","Sandy Odo","https://scontent-iad3-2.xx.fbcdn.net/v/t39.30808-1/454232703_7521056457999796_1319285994075665550_n.jpg?stp=cp0_dst-jpg_tt6&cstp=mx719x718&ctp=s40x40&_nc_cat=111&ccb=1-7&_nc_sid=1d2534&_nc_ohc=LaiqEjdF6DYQ7kNvwGg8ypg&_nc_oc=Adq2FU3GQKwmwWmGlxsb1k7Td1Xljya14_PQ6JTaRBwS-35wOaVhLwz04C8NeS-R-kw&_nc_zt=24&_nc_ht=scontent-iad3-2.xx&_nc_gid=x9VkGa6hhnJpeIBGHpoWnw&_nc_ss=7c2a8&oh=00_AQArzANu-1wtrYJsithb98g9x9WSi4ADJW4htqBcVyYJiA&oe=6A6013D7","https://www.facebook.com/sandy.odo","7","1240231599415678","Baha na peru tuloy p din ang trabaho💋❤️🙏#icanseeyourvoicetapingtoday#thankyoulordalways",,"1","93","4",,,"98","0","1505180278000","https://www.facebook.com/sandy.odo/posts/pfbid0EWjLKjvm8LYABvWpVTMwQPqm3ccw8yTyran2jskRjhfgyiBc7D4HcGya1c8uLBbcl"
"No photo description available.","271951506632111","photo","https://www.facebook.com/photo/?fbid=271951506632111&set=gm.919865958182078",,,,,,,,,,,,,,,,,"100014517916371","Spotytv Henson Jhake","https://scontent-iad6-1.xx.fbcdn.net/v/t39.30808-1/462333076_1878756972618215_5107401898100383206_n.jpg?stp=cp0_dst-jpg_tt6&cstp=mx540x547&ctp=s24x24&_nc_cat=109&ccb=1-7&_nc_sid=1d2534&_nc_ohc=qQLsdoHGRroQ7kNvwHWdc6o&_nc_oc=Ado3u7CKSm-AZAqQI0aNPiyxXHFKWVnjvmzbkoopbaiBPTh6crNFxWouHXZlOiss7Y0&_nc_zt=24&_nc_ht=scontent-iad6-1.xx&_nc_gid=x9VkGa6hhnJpeIBGHpoWnw&_nc_ss=7c2a8&oh=00_AQAyB4nDHesSrQ8egcW3o6QPkh2LY7Wzk_FBnMQ47QbDNw&oe=6A5FE9DF","https://www.facebook.com/jharilboy.jharilboy","92","919865958182078","Mga boss konting help... Na drain n nmin ung oil gatas n lumabas nalubog kc sa baha... Anu nxt n gagawin lalagyan b ng oil to at papadyakan pra malinis ung loob? Tnx mga bossing...",,,"63",,"3",,"66","0","1505208771000","https://www.facebook.com/groups/416364038532275/permalink/919865958182078/"
,,,,,,,,,,,,,,,,,,,,"100071706700225","Estudyante 101","https://scontent-iad3-1.xx.fbcdn.net/v/t39.30808-1/308550074_192246876508868_851697830419359644_n.jpg?stp=cp0_dst-jpg_tt6&cstp=mx960x960&ctp=s40x40&_nc_cat=110&ccb=1-7&_nc_sid=2d3e12&_nc_ohc=-DwBDrCnqwwQ7kNvwFsoGkx&_nc_oc=Adqh9Q7GNywV9hfogz8sMYVbENVG3n33N6ssL08v2uSQ5_fJT-LEe1axvOy-K-lahD4&_nc_zt=24&_nc_ht=scontent-iad3-1.xx&_nc_gid=QLwgw-DVK748Atrkmz9_CQ&_nc_ss=7c2a8&oh=00_AQAQyCCOVduMhLCbfmEf-nxBWqWsTEWOaqj9ixkAjF-KmA&oe=6A5FEEEF","https://www.facebook.com/OfficialEstudyante101","14","1907309969534283","Konting ulan baha agad. 
Konting lande kayo na agad.
Hustisya💔😿

-neechan",,"183","707","3","20","1","914","52","1505296809000","https://www.facebook.com/OfficialEstudyante101/posts/pfbid0inxUfcHtJqor1LY1sXaqNpWabmYS78f8dUr3vXw3AdrBScHAQnvnyBT8cFEFTbDgl"
,,,,,,,,,,,,,,,,,,,,"100064606333179","Hugot Diser","https://scontent-iad3-2.xx.fbcdn.net/v/t39.30808-1/309302271_454084150088459_4210987381108880221_n.jpg?stp=cp0_dst-jpg_tt6&cstp=mx878x880&ctp=s40x40&_nc_cat=111&ccb=1-7&_nc_sid=2d3e12&_nc_ohc=tlpT8sE8AT0Q7kNvwFV5E2F&_nc_oc=AdoxNcSZyEoCDbf5_Uw4dW1CJeLcR1z_JH5IGka-rkV_J5WnccMUPSO6qZy8VokfezY&_nc_zt=24&_nc_ht=scontent-iad3-2.xx&_nc_gid=QLwgw-DVK748Atrkmz9_CQ&_nc_ss=7c2a8&oh=00_AQDsgluU8LyOSu1zcg9Ez0zMjhLER0XwS-9OWiJjECfZzw&oe=6A600F9B","https://www.facebook.com/HugotDiserPH","10","1564822190241812","Dahil Sa Ulan ngayon Sumistema na naman yung Kaibigan kong diser. Baha daw Hanggang Ulo!  ""ULO NG DAGA"" hype nayan!
-chay.",,"53","121","1",,,"175","25","1505210766000","https://www.facebook.com/HugotDiserPH/posts/pfbid0XWgNHRg6Sr5dKmEVCHkM82raCbv6StX9hEvAhEMW6DaPAUDrniiLH1KnS153sgGGl"
"No photo description available.","1718154184881607","photo","https://www.facebook.com/photo.php?fbid=1718154184881607&set=gm.2228065313886330&type=3","No photo description available.","1718154251548267","photo","https://www.facebook.com/photo.php?fbid=1718154251548267&set=gm.2228065313886330&type=3",,,,,,,,,,,,,"100000611251604","Mak de Silva","https://scontent-iad3-2.xx.fbcdn.net/v/t39.30808-1/732986483_28003264369277230_6198289915119370661_n.jpg?stp=cp0_dst-jpg_tt6&cstp=mx2048x2048&ctp=s24x24&_nc_cat=111&ccb=1-7&_nc_sid=1d2534&_nc_ohc=uj7S9MUoJOoQ7kNvwEKFVzG&_nc_oc=AdoVEI3nE00N1HYV6o7Jiq_L-fEMykcnhPKU7PDzrZRs2BGsfZEZ6arf2rwnNHpihY4&_nc_zt=24&_nc_ht=scontent-iad3-2.xx&_nc_gid=QLwgw-DVK748Atrkmz9_CQ&_nc_ss=7c2a8&oh=00_AQByzUUqNUqJ6LWRrhNaPS46DNCm7PljiK7p-z3uBP4bGQ&oe=6A60030D","https://www.facebook.com/mak.desilva","8","2228065313886330","Special thanks kay manong na nag guide samin sa karuhatan valenzuela. Sobrang baha lagpas ng paso de blas kaya sinamahan nya kami sa alternate route para makadaan kami di ko kasi alam daan papuntang marulas..kada traffic nghintay pa din imbis na makasingit na sila. Hehe. Salute sa mga kagulong natin!👍",,,"299","3",,"1","303","2","1505217902000","https://www.facebook.com/groups/mcrightsorg/permalink/2228065313886330/"
,,,,,,,,,,,,,,,,,,,,"100081757014116","Charot lang","https://scontent-iad3-2.xx.fbcdn.net/v/t39.30808-1/310623755_145901044811795_8150626248719429109_n.jpg?stp=cp0_dst-jpg_tt6&cstp=mx535x533&ctp=s40x40&_nc_cat=111&ccb=1-7&_nc_sid=2d3e12&_nc_ohc=2J7C-R5as6sQ7kNvwGxPJBw&_nc_oc=AdqjMBHnsyibh4QR60t48F0Mpih1xrubqFZNCuCQeGFt0tGmFLkEt3SGEu8SaCKmAXg&_nc_zt=24&_nc_ht=scontent-iad3-2.xx&_nc_gid=QLwgw-DVK748Atrkmz9_CQ&_nc_ss=7c2a8&oh=00_AQBnfpb2jDzj5udnDkU4zEazG6yJktoBSspWsplgcpHBAw&oe=6A60090E","https://www.facebook.com/Charlangbes","29","948562558616850","Buti naman, tumigil na ang ulan at wala ng baha. Worried kasi ako dun sa mga workmates kong kinapos sa height eh. 😄 #TalongCares",,"59","142","1","7","1","210","12","1505302789000","https://www.facebook.com/Charlangbes/posts/pfbid035Y8AzQwtZhzsCj9HGzr4S2aCGGu9nCabuaysWWWtLwcfnQxzYvuKKcXUocR7nR5Fl"
,,,,,,,,,,,,,,,,,,,,"100044291241140","Madam Lucy","https://scontent-iad6-1.xx.fbcdn.net/v/t39.30808-1/391556313_903069604512739_6112327930679334397_n.jpg?stp=cp0_dst-jpg_tt6&cstp=mx960x960&ctp=s40x40&_nc_cat=1&ccb=1-7&_nc_sid=2d3e12&_nc_ohc=pzXFlyP-5cAQ7kNvwFO2hfi&_nc_oc=AdpdzvmG071T_WcicVyAY_sv9HX2q3EnyDsDQFjO2AypZXRUxMWmYJWViV5Sio1oOBU&_nc_zt=24&_nc_ht=scontent-iad6-1.xx&_nc_gid=QLwgw-DVK748Atrkmz9_CQ&_nc_ss=7c2a8&oh=00_AQAndj87JU8nVcpOtXPEOaRm_nJe_q0KDfufYSStxn2nsw&oe=6A6011F1","https://www.facebook.com/OfficialMadamLucy","13","1446479955469906","Wag ka na pumasok. Nakakasira lang ng ganda ang baha. 🙄",,"95","250",,"1",,"346","9","1505190336000","https://www.facebook.com/OfficialMadamLucy/posts/pfbid02QXwqaMNGKScJGtmEvHbBLxG7zuK6EFo3JBmi8uPMAh6soQ5vb1ELVRY5o8Cmu1Zol"
,,,,,,,,,,,,,,,,,,,,"100044249418386","wansapunataym","https://scontent-iad6-1.xx.fbcdn.net/v/t39.30808-1/311825067_675200050631636_2365072683055053280_n.jpg?stp=cp0_dst-jpg_tt6&cstp=mx581x581&ctp=s40x40&_nc_cat=106&ccb=1-7&_nc_sid=2d3e12&_nc_ohc=PXKo98JsRf8Q7kNvwEXan6U&_nc_oc=AdrstfItyGJsyRhBilcjyW_hpV7wKd7DsjoWu4hprwVqw19KVy9w3vM5oLWtiEcbcwg&_nc_zt=24&_nc_ht=scontent-iad6-1.xx&_nc_gid=QLwgw-DVK748Atrkmz9_CQ&_nc_ss=7c2a8&oh=00_AQDNmTsndySshLV2v9B_I5Vu_cXEjU3LtY4LE9UgZ8yuTA&oe=6A5FE1C2","https://www.facebook.com/wansapunataym","4","1432838970165043","e kung hinde,
paano na?

ewan mo ba,
baha 'la na?",,"2","42",,"11",,"55","4","1505183103000","https://www.facebook.com/wansapunataym/posts/pfbid031JQEFB9strL85Kc5BtQe38a1kmAXnwSoMd3Bnb9zRtq9bkEikzJyYxXcX1bqvY2Sl"
,,,,,,,,,,,,,,,,,,,,"100063591796706","The Ginebra Kings Authority","https://scontent-iad3-1.xx.fbcdn.net/v/t39.30808-1/261236704_298210322308692_1905142484046400821_n.jpg?stp=cp0_dst-jpg_tt6&cstp=mx1280x1280&ctp=s40x40&_nc_cat=104&ccb=1-7&_nc_sid=2d3e12&_nc_ohc=flqfElHUSnsQ7kNvwH9a3rB&_nc_oc=AdqQLyINRmfj1y7xIZKDwAC2KSbW-broc6LfHC4ab7YUWmPbKsN9qy2vZAwTU0x9cuc&_nc_zt=24&_nc_ht=scontent-iad3-1.xx&_nc_gid=8DAE1tjp9VBafBTZYE1gfw&_nc_ss=7c2a8&oh=00_AQDCnpg58NjuVDpdcphE4GSOcegUPCyEhAcDW7cBeRyXww&oe=6A5FE417","https://www.facebook.com/ginebrakingsauthority","87","1942838032597454","Kung sakali may nakita kang nalulunod sa baha na SMB fan at Star fan sino una mong ililigtas ?

#SagipKapamilya","2","62","178",,"2",,"244","13","1505175717000","https://www.facebook.com/ginebrakingsauthority/posts/pfbid0Qqe1dAtpJkdPB9sZRpPbQQEwXzfvPH3m4KnrboPMGzH45pZs3DaFceZ8RFzJ5Fa9l"
,,,,,,,,,,,,,,,,,,,,"100001480022423","Garner Ted Abalos Macaraeg","https://scontent-iad6-1.xx.fbcdn.net/v/t39.30808-1/581010010_25280766398222680_2138207443643425486_n.jpg?stp=cp0_dst-jpg_tt6&cstp=mx1080x1075&ctp=s24x24&_nc_cat=102&ccb=1-7&_nc_sid=1d2534&_nc_ohc=q80hku0wLtIQ7kNvwErWq-P&_nc_oc=AdoR5YuMlkC63jEdaLukgSscGyl1u3MdbjT_-mhXfTbLpwVIdei4TNh_xyVq1m22w_4&_nc_zt=24&_nc_ht=scontent-iad6-1.xx&_nc_gid=8DAE1tjp9VBafBTZYE1gfw&_nc_ss=7c2a8&oh=00_AQCS3Or2NnIJIPxA1J_B8Irx3TJj2AtpvxYrhRdgmlpnrw&oe=6A600982","https://www.facebook.com/garnerted.macaraeg","37","1239454922866511","Dahil hanggang binte ang baha sa tindahan ko, maraming akay-akay na Honda wave,xrm, yamaha mio,Raider 150....tumirik...at iba pa...

Pero may duaaman Rusi Mojo..at korak... parang walang nangyari..takbo pa rin..hehehe",,"11","52","1",,"2","66","1","1505198003000","https://www.facebook.com/groups/763714447107230/permalink/1239454922866511/"
,"1673715222652891","video","https://www.facebook.com/cath.batac/videos/1673715222652891/","No photo description available.","1673715292652884","photo","https://www.facebook.com/photo.php?fbid=1673715292652884&set=a.181163601908068&type=3",,,,,,,,,,,,,"100000432891085","Cath Batac","https://scontent-iad6-1.xx.fbcdn.net/v/t39.30808-1/374730889_6924975817526779_3574505125954268773_n.jpg?stp=c0.0.720.720a_cp0_dst-jpg_tt6&cstp=mx720x720&ctp=s40x40&_nc_cat=107&ccb=1-7&_nc_sid=e99d92&_nc_ohc=9pcyC2C3ckoQ7kNvwFe_hH2&_nc_oc=AdoSF8qEV8jOlAfVrCtw8FdnBNBg-aJb3kI4XDB5O-tswOPaKArHUogjvQ63ZYKe0w4&_nc_zt=24&_nc_ht=scontent-iad6-1.xx&_nc_gid=8DAE1tjp9VBafBTZYE1gfw&_nc_ss=7c2a8&oh=00_AQD01bGWouIFqYiO7Je786U5lC7Q1M0GGIBxWgUXdWdc9A&oe=6A6002D6","https://www.facebook.com/cath.batac","10","1673716852652728","Susuungin ang baha para sa milk tea.🤣 milk tea pa more besh!! Hahaha",,"9","25",,"1","4","39","0","1505200193000","https://www.facebook.com/cath.batac/posts/pfbid02zhEcyv8SxbqasUGS7Mb4rtW6kwP6wXeQyYmaQ9E7UzBvbSxqbSyVeHX1J7dWCHnLl"
"No photo description available.","1069507619818254","photo","https://www.facebook.com/photo.php?fbid=1069507619818254&set=a.458787599595975&type=3","No photo description available.","1069508569818159","photo","https://www.facebook.com/photo.php?fbid=1069508569818159&set=a.458787599595975&type=3","No photo description available.","1069509146484768","photo","https://www.facebook.com/photo.php?fbid=1069509146484768&set=a.458787599595975&type=3","No photo description available.","1069509789818037","photo","https://www.facebook.com/photo.php?fbid=1069509789818037&set=a.458787599595975&type=3","No photo description available.","1069510629817953","photo","https://www.facebook.com/photo.php?fbid=1069510629817953&set=a.458787599595975&type=3","100063942150462","JBLAZE of BlueBandanaPro.","https://scontent-iad3-1.xx.fbcdn.net/v/t39.30808-1/299861329_458787636262638_5463920527427912094_n.jpg?stp=cp0_dst-jpg_tt6&cstp=mx1080x1080&ctp=s40x40&_nc_cat=110&ccb=1-7&_nc_sid=2d3e12&_nc_ohc=DhpGu6SZitoQ7kNvwEaAxVE&_nc_oc=AdosvniH1sD3V9TQoeRcKvmk-mVG6-DDOog4jeQA4s-3-sP4y0JDZXisNJjVgAoQvvY&_nc_zt=24&_nc_ht=scontent-iad3-1.xx&_nc_gid=8DAE1tjp9VBafBTZYE1gfw&_nc_ss=7c2a8&oh=00_AQCxI3euFCSt8IHcmKSzNNgjLIxmVfXzheZ2nEPM_4NSPg&oe=6A6014DF","https://www.facebook.com/jblazeofficialpage","0","1069513603150989","dahil baha at walang mapuntahan, dito nalang iinom hahaha 😇😇
#JblazeYo
#CrazyFamily
JBLAZE of BlueBandanaPro.",,,"7",,,,"7","1","1505207891000","https://www.facebook.com/jblazeofficialpage/posts/pfbid02XfR21BWoSm7pmoVpV7Y8UqJbUvVknQSFDhL2xatxggx9PtnttsoEEsXGUjdi5nZRl"
"No photo description available.","867277580105749","photo","https://www.facebook.com/photo.php?fbid=867277580105749&set=a.315353495298163&type=3","No photo description available.","867277673439073","photo","https://www.facebook.com/photo.php?fbid=867277673439073&set=a.315353495298163&type=3","No photo description available.","867277796772394","photo","https://www.facebook.com/photo.php?fbid=867277796772394&set=a.315353495298163&type=3","No photo description available.","867277860105721","photo","https://www.facebook.com/photo.php?fbid=867277860105721&set=a.315353495298163&type=3","No photo description available.","867277923439048","photo","https://www.facebook.com/photo.php?fbid=867277923439048&set=a.315353495298163&type=3","100004705455440","Prince Reggie","https://scontent-iad3-2.xx.fbcdn.net/v/t39.30808-1/463465848_2852355594931261_4795187081609754528_n.jpg?stp=cp0_dst-jpg_tt6&cstp=mx1199x1200&ctp=s40x40&_nc_cat=103&ccb=1-7&_nc_sid=e99d92&_nc_ohc=cmduJrd2VXwQ7kNvwEoP6-x&_nc_oc=AdpHuVHm6h_HtGueWDF6VMevpvm-zHAaYmrGbsVHrFhEZejXfa5mcum2i1EG_QkuPJg&_nc_zt=24&_nc_ht=scontent-iad3-2.xx&_nc_gid=8DAE1tjp9VBafBTZYE1gfw&_nc_ss=7c2a8&oh=00_AQCHG88Fu9qdDCVkaArRTVZPkuGheJ8t30VWDT0isG-tEQ&oe=6A5FEE73","https://www.facebook.com/profile.php?id=100004705455440","17","867277946772379","Picture sa Baha .",,,"23",,,,"23","0","1505192878000","https://www.facebook.com/permalink.php?story_fbid=pfbid02voPXLoLX6G6oVH2JPReasZ2PkKwHMamvckNsfYn7E5uYit6iKPkGczFvXT93mgN5l&id=100004705455440"
"No photo description available.","1583936928295162","photo","https://www.facebook.com/photo/?fbid=1583936928295162&set=a.172241164924859",,,,,,,,,,,,,,,,,"100064169283678","La Verdad Correspondents","https://scontent-iad3-2.xx.fbcdn.net/v/t39.30808-1/465660020_8911939895494792_7915497176835006722_n.jpg?stp=cp0_dst-jpg_tt6&cstp=mx2000x2000&ctp=s40x40&_nc_cat=105&ccb=1-7&_nc_sid=2d3e12&_nc_ohc=R0RFSxRB0V0Q7kNvwFxhARf&_nc_oc=AdqbyhwTbHfP3CvxFSexGyuYc6M2S2iBh0Pkp9YOhdqnzRYia4moQd4dk-VshIiZzFM&_nc_zt=24&_nc_ht=scontent-iad3-2.xx&_nc_gid=8DAE1tjp9VBafBTZYE1gfw&_nc_ss=7c2a8&oh=00_AQA-0gJodp8PAS5ULRwvuMT4wUitVfxVzNO06x7Wl_Fz-Q&oe=6A6004F7","https://www.facebook.com/LaVerdadCorrespondents","0","1583936948295160","LOOK: Abot tuhod na baha sa España, Manila. 

via Driel Castillo/ La Verdad Correspondent 
#MaringPH",,,"35",,"3",,"38","8","1505178036000","https://www.facebook.com/LaVerdadCorrespondents/posts/pfbid02Ej537RK8btHRZBE5wyqZrreAJrrBMUdtjgJXhhZ5pu2yBt5qRnnoR9cxhb27HWMMl"
"No photo description available.","2094650567485323","photo","https://www.facebook.com/photo/?fbid=2094650567485323&set=a.219581729724982",,,,,,,,,,,,,,,,,"100050194702444","ALOG TV","https://scontent-iad6-1.xx.fbcdn.net/v/t39.30808-1/516468200_1268814514801693_8189832122496213394_n.jpg?stp=cp0_dst-jpg_tt6&cstp=mx1500x1500&ctp=s40x40&_nc_cat=109&ccb=1-7&_nc_sid=2d3e12&_nc_ohc=7CsUq_BbMtoQ7kNvwGJHH0f&_nc_oc=AdrvyJ0_0SsgfckN3a7hrvU177_Wb0imAZKbMIuf8DK4tnqR8eyt3xGgarOYl2p-8vI&_nc_zt=24&_nc_ht=scontent-iad6-1.xx&_nc_gid=i6YvrwEY-2B9xZ-GhIf49Q&_nc_ss=7c2a8&oh=00_AQCBUZV0mRaWDzj2Um8lUvookz5DShM3RIBRiYFrPvRpTg&oe=6A5FEF0F","https://www.facebook.com/amatsnialogtv","0","2094650644151982","Ang saya!  Lumusong ka sa baha.  Nabasa ka ng ulan.  Natalsikan ka ng putik.  Muntik ka ng masagasaan.  Pagod ka na, gutom na gutom pa.  Pagdating ng opisina...WALANG PASOK! Di ba nakaka-blur ng paningin? Relate ka?  Hahahaa🤣",,,"15",,"1",,"16","0","1505209942000","https://www.facebook.com/amatsnialogtv/posts/pfbid02yZGmmWGaE14tZt6KJGxst1JyTKQbqDNmb7xM5L9YAXBncrGKyoyLxtWdMJSq5APPl"
"No photo description available.","170457943513083","photo","https://www.facebook.com/photo/?fbid=170457943513083&set=a.497870405677691",,,,,,,,,,,,,,,,,"100063642084161","Sleepspace - Female Bedspace/Condoshare in Ortigas","https://scontent-iad3-1.xx.fbcdn.net/v/t39.30808-1/513249307_1271186071679450_5489439668561048726_n.jpg?stp=c11.0.980.980a_cp0_dst-jpg_tt6&cstp=mx980x980&ctp=s40x40&_nc_cat=101&ccb=1-7&_nc_sid=2d3e12&_nc_ohc=FCycfsQe5twQ7kNvwFCoeAg&_nc_oc=Ado88GSzD6lprQ2aw_f4qE6u_6WmN0_WE9SOnCKKVWCzp-kO1K7JTJoMgEukuvZCw4c&_nc_zt=24&_nc_ht=scontent-iad3-1.xx&_nc_gid=i6YvrwEY-2B9xZ-GhIf49Q&_nc_ss=7c2a8&oh=00_AQCknaXwKpF8YE6FCu-P0-uGD5XeQQ0V4PW4GlBmtnilkw&oe=6A5FEC44","https://www.facebook.com/sleepspaceortigas","2","170457960179748","Isa ka ba sa nahirapang umuwi o pumasok kahapon? Lumusong ka din ba sa baha? O di ka nakapasok?
Kung sa ortigas ka lang naman nagtatrabaho dito ka na magrent! Lalakarin mo lang ang opisina mo! Kapitbahay mo pa ang Robinson's Galleria pati Podium, St Francis at Megamall!",,,,,,,"0","0","1505264728000","https://www.facebook.com/sleepspaceortigas/posts/pfbid036ytUAdBvnXssNoEaBP7RLf6W2PjvYKCSGFi1ohJ1zFGnASVCvDVjDoRkkLKFh8FNl"
,"1244098565735594","video","https://www.facebook.com/arjay.portinto.9/videos/1244098565735594/","No photo description available.","1244098485735602","photo","https://www.facebook.com/photo.php?fbid=1244098485735602&set=a.354001191412007&type=3","No photo description available.","1244098515735599","photo","https://www.facebook.com/photo.php?fbid=1244098515735599&set=a.354001191412007&type=3","No photo description available.","1244098549068929","photo","https://www.facebook.com/photo.php?fbid=1244098549068929&set=a.354001191412007&type=3",,,,,"100004063863467","Arjay Portinto","https://scontent-iad3-1.xx.fbcdn.net/v/t39.30808-1/346871561_1309315900007328_8071480592280563945_n.jpg?stp=cp0_dst-jpg_tt6&cstp=mx950x960&ctp=s40x40&_nc_cat=108&ccb=1-7&_nc_sid=1d2534&_nc_ohc=gyndooOjSGgQ7kNvwF2M7sz&_nc_oc=AdqpeokfNtpxhnHIGogJuRRq_hGxWpI-5gn2pBwjCevfQFrFp84TVPBb3XaoQeb-Ngw&_nc_zt=24&_nc_ht=scontent-iad3-1.xx&_nc_gid=i6YvrwEY-2B9xZ-GhIf49Q&_nc_ss=7c2a8&oh=00_AQAxER1sgYJj7F5A1ykoVu0IfpCSXRiDcdB6TVlN2Q2mWg&oe=6A600E62","https://www.facebook.com/arjay.portinto.9","7","1244100655735385","lalim ng baha d2.di pko makatawid!",,,"19",,"2",,"21","1","1505174963000","https://www.facebook.com/arjay.portinto.9/posts/pfbid02u6SkXBYhzN1oGcMwJ2AZpRffeknPPkNa2EWvRxG6gbByuoc3Ua6VsMvPsGsNk3xVl"
"No photo description available.","1773173666043259","photo","https://www.facebook.com/photo.php?fbid=1773173666043259&set=a.456640739809782&type=3","No photo description available.","1773173712709921","photo","https://www.facebook.com/photo.php?fbid=1773173712709921&set=a.456640739809782&type=3","No photo description available.","1773173756043250","photo","https://www.facebook.com/photo.php?fbid=1773173756043250&set=a.456640739809782&type=3","No photo description available.","1773173792709913","photo","https://www.facebook.com/photo.php?fbid=1773173792709913&set=a.456640739809782&type=3","No photo description available.","1773173836043242","photo","https://www.facebook.com/photo.php?fbid=1773173836043242&set=a.456640739809782&type=3","100063915797784","JF-JR Japan Surplus Bike","https://scontent-iad3-2.xx.fbcdn.net/v/t39.30808-1/300514406_456640773143112_3885094940337384915_n.jpg?stp=cp0_dst-jpg_tt6&cstp=mx582x589&ctp=p40x40&_nc_cat=105&ccb=1-7&_nc_sid=2d3e12&_nc_ohc=LgBbpB6iBPQQ7kNvwFF1Eis&_nc_oc=Adr7c3EOJy-yS3uYDy7r_xeBv8yQ2GPCYlvB3M94WootZrnG9aNVvKZNOXxpWwQZjfY&_nc_zt=24&_nc_ht=scontent-iad3-2.xx&_nc_gid=i6YvrwEY-2B9xZ-GhIf49Q&_nc_ss=7c2a8&oh=00_AQBfu0Ku3Xh1A6k3rmkVlrht3CWDj11_RcBXdi1X3-8RaA&oe=6A5FF048","https://www.facebook.com/profile.php?id=100063915797784","1","1773175262709766","Japan bike   surplus
Wala pong baha dito pasyal po kayo
09284662227",,,"4",,,,"4","0","1505184732000","https://www.facebook.com/permalink.php?story_fbid=pfbid02XaifyhhbNBHyoGibqfhTBTuumPrFfCmy7b2gJVPgMXX8ACn6bJTAcJ138dCr4Rbvl&id=100063915797784"
"No photo description available.","1688713677837027","photo","https://www.facebook.com/photo/?fbid=1688713677837027&set=gm.485767378446871",,,,,,,,,,,,,,,,,"100000952322032","Jhez J Her","https://scontent-iad3-1.xx.fbcdn.net/v/t1.6435-1/34396688_2047711385270586_4464379278808580096_n.jpg?stp=cp0_dst-jpg_tt6&cstp=mx665x670&ctp=s24x24&_nc_cat=104&ccb=1-7&_nc_sid=e99d92&_nc_ohc=v2Gjj-rB1G8Q7kNvwE4CLsd&_nc_oc=AdqZlczjsw_kKdq3d5tEVOJJK98ytXtykaOxOFry_7Vlw1mR7b06U-eOTV0svOgpOiQ&_nc_zt=24&_nc_ht=scontent-iad3-1.xx&_nc_gid=i6YvrwEY-2B9xZ-GhIf49Q&_nc_ss=7c2a8&oh=00_AQCAHB3Ub4IErltzrU_SNE5nVM-_osvcaNr8h7Ngn636bw&oe=6A81A631","https://www.facebook.com/herjhez","2","485767378446871","Ptp... Kuhol kayo dyan bagong huli sa baha",,"1","4",,,,"5","0","1505266538000","https://www.facebook.com/groups/148624155494530/permalink/485767378446871/"
"No photo description available.","486022601770818","photo","https://www.facebook.com/photo/?fbid=486022601770818&set=a.205823161776576",,,,,,,,,,,,,,,,,"100070466790716","Br-natics","https://scontent-iad3-1.xx.fbcdn.net/v/t39.30808-1/300838059_205823198443239_169156112289003773_n.jpg?stp=cp0_dst-jpg_tt6&cstp=mx957x959&ctp=s40x40&_nc_cat=101&ccb=1-7&_nc_sid=2d3e12&_nc_ohc=gTqdX6olFjYQ7kNvwGxtR7d&_nc_oc=AdozrczhiOhrsEBNeeBBZrFhFOzMJ70hWPiboweBZLTLYQyNGC6eKrj5vHlF-M9b9rY&_nc_zt=24&_nc_ht=scontent-iad3-1.xx&_nc_gid=i6YvrwEY-2B9xZ-GhIf49Q&_nc_ss=7c2a8&oh=00_AQB6r55x9lavG-JJLS7W7ADCaps-0bn9wCUN6bUsQdh84g&oe=6A5FF6DD","https://www.facebook.com/BRnatics","3","486023601770718","Ang sarap mayakap sa mga panahong ganito. Palagan lang natin nang palagan ang ulan, bagyo at baha mga Bro. Di tayo matitinag ng lamig dahil sa init ng yakap ng mga mahal natin. 

Abangan natin ang Bro ng Bayan sa Sabagay Life Season 2!
 
Like and Share Bro! Wag kang like lang ng like, pusuan mo, ishare mo, ikuwento mo si Brian Matthew Sy sa tropa ng pangatlong tito ng ate ng nanay mo. Sabihin mo ilike niya ang Br-natics

#BroNgBayan #SabagayLife #SabagayLifeSeason2",,,"6","4",,,"10","0","1505194172000","https://www.facebook.com/BRnatics/posts/pfbid0vYs8u4rf3wkb94pEE64UzzYbZ78qA1sZUon4KnbmmCJrF6Sb3uFgzWFZrxjTN9cZl"
,,,,,,,,,,,,,,,,,,,,"100064040015459","DT","https://scontent-iad6-1.xx.fbcdn.net/v/t39.30808-1/255565095_282154447262554_6958505263163703241_n.jpg?stp=cp0_dst-jpg_tt6&cstp=mx900x900&ctp=s40x40&_nc_cat=109&ccb=1-7&_nc_sid=2d3e12&_nc_ohc=juq1irhrWM0Q7kNvwGYocMa&_nc_oc=AdoF1Y_fOMdIUfvUkt6RmcvtWwoSRJlTpVXUiL6M6A6k32qdckta-JG53go4rtHOwP8&_nc_zt=24&_nc_ht=scontent-iad6-1.xx&_nc_gid=i6YvrwEY-2B9xZ-GhIf49Q&_nc_ss=7c2a8&oh=00_AQA1qBXc1QOy9mwXcQv2Agl-D7lBRvg_Obn2liVyYHFX2w&oe=6A601224","https://www.facebook.com/dtguild","1","1910893045841794","Natatakot ka sa baha? eh lulutang ka namang plastik ka. POWER!",,"8","13","1",,"1","23","0","1505213999000","https://www.facebook.com/dtguild/posts/pfbid028qF2w4zYoaCreBRWhL1RnSfnNK3RSe9fyBfKsYa3mCLECyLKqsXVnvqFoBGsdiKGl"
