url,twitterUrl,id,text,SEVERITY LEVEL
https://x.com/gkweb3/status/1816013386972553304,https://twitter.com/gkweb3/status/1816013386972553304,1816013386972553304,baha along rockwell #makati (parang mag-overflow na rin pasig river??) #carinaph (stay safe and dry 🙏🏽) https://t.co/gYblfgyVWm,MODERATE
https://x.com/AttackPig00/status/1816639007494930567,https://twitter.com/AttackPig00/status/1816639007494930567,1816639007494930567,"OFW PARTY LIST HELPS AFFECTED FAMILIES AND COMMUNITIES OF OFWS IN NCR AND NEARBY PROVINCES
 
In response to the devastation caused by Super Typhoon Carina, OFW Party List Representative Marissa ""Del Mar"" Magsino has spearheaded a relief operation to aid affected families and communities of Overseas Filipino Workers (OFWs).
 
The OFW Party List distributed essential goods, including boxes of mineral water, biscuits, and toiletry kits to OFWs, their families, and communities in Makati, Mandaluyong, Marikina, Quezon City, Caloocan, Manila, and Pateros.
 
OFW Party List Leader Kateh Baluyot Zafe’s home was inundated by floodwaters in Mandaluyong during the peak of rainfall yesterday. She asked help from the OFW Party List and immediately received boxes of goods to share with her family and neighbors. She said, “Marami po sa mga kapamilya ng ating OFWs ang apektado ng bagyo. Binaha po ang aming bahay at wala kaming makain lalo’t pagod sa paglilinis ng mga nasirang gamit. Kaya’t humingi po kami ng tulong sa OFW Party List at nagpapasalamat sa agarang tulong nila sa amin pati sa mga kapitbahay namin.”
 
In Marikina, Ms. Pureza Aganan, a sibling of a Filipino seafarer, also received help from OFW Party List. Two floors of her home in Barangay Sto. Nino, Marikina City, was submerged in floodwater.
 
“Naiyak na ako sa pagod. Kinailangan isalba ang mga kapamilya at mga gamit sa mabilis na pagtaas ng baha sa amin. Nagpapasalamat ako na kaagapay namin sa pagbangon sa sakuna ang OFW Party List.”, said Pureza Aganan.
 
Recognizing the widespread impact of the calamity, the OFW Party List and Rep. Marissa ""Del Mar"" Magsino also plan to extend their relief distribution to Bulacan, Laguna, and Cavite in coordination with other government agencies.
 
OFW Party List Representative Marissa ""Del Mar"" Magsino has been in touch with OFW communities for the groundwork necessary for the proper distribution of goods and help to those affected by the typhoon.
 
“Inaalagaan natin ang mga kapamilya at komunidad ng ating mga OFWs ayon sa ating mandato. Subalit gusto din natin na lahat ng pwedeng matulungang komunidad ay marating ng ating kalinga.”, said Rep. Marissa ""Del Mar"" Magsino.
 
Rep. Marissa ""Del Mar"" Magsino also commends the government for its speedy action to help around one million people affected by the typhoon.
 
“Lahat po ngayon na nasa gobyerno ay tulung-tulong sa pagsasaayos at pag-aalaga sa mga nasalanta. Bagama’t may mga naiulat na nasawi, marami pa rin sa atin ang nasa ligtas na kalagayan dahil sa naging aksyon ng ating pamahalaan at pagtutulungan ng mga kababayan.”, added Rep. Marissa ""Del Mar"" Magsino.
 
Meanwhile, Super Typhoon Carina, with the international name Gaemi, has been reported to have entered Taiwan and will soon batter China. Rep. Marissa ""Del Mar"" Magsino calls on the OFWs in Taiwan and China to remain vigilant amidst the typhoon.

“Sa mga OFWs po na nasa Taiwan, protektahan po ninyo ang inyong mga sarili. Maging handa at buksan ang communication channels sa ating Manila Economic and Cultural Office at sa ating Migrant Workers Office. Sa ating mga kababayan sa China, seryoso po ang pinsalang dala ng bagyo. Mag-ingat po at magdasal.”, said Rep. Marissa ""Del Mar"" Magsino.",NOT RELEVANT
https://x.com/DrayyRaymond/status/1816003538906161426,https://twitter.com/DrayyRaymond/status/1816003538906161426,1816003538906161426,"‼️‼️‼️UPDATE AS OF NOW IN MARIKINA RIVER!

The Marikina River reached a water level of 20.2 meters at 2:20 PM on Wednesday.

#CarinaPH #Baha #MarikinaRiver #Typhoon

Cttto https://t.co/ysp1kPLKu0",SEVERE
https://x.com/tribunephl/status/1817501821721804979,https://twitter.com/tribunephl/status/1817501821721804979,1817501821721804979,"TUGBOATS ALONG PASIG

LOOK: Three tugboats pull a barge over the Pasig River on Sunday, 28 July 2024. A recent incident at the F. Manalo Bridge in Pasig City, damaged by the collision of wayward barges and boats during Typhoon Carina, was ruled an accident by Grecile Christopher Damo, project manager of the DPWH Unified Project Management Office - Flood Control Management Cluster. He stated that the barges were tied according to standard operating procedure, but the incident is still being investigated. KING RODRIGUEZ

For more photos: https://t.co/ooiPzHoPp4",SEVERE
https://x.com/MasungiGeo/status/1817175614207447313,https://twitter.com/MasungiGeo/status/1817175614207447313,1817175614207447313,"WHAT ABOUT OUR GREEN INFRASTRUCTURE? 🌳

 Unsustainable developments and human activities such as quarrying and land-use conversion, have led to severe deforestation of the Upper Marikina Watershed.

 Deforestation has increased flood and disaster risk in downstream cities such as Pasig, Quezon City, and Marikina, as water flows from these mountains all the way to Manila Bay. Unfortunately, studies have cited continued deforestation despite its protected status since 1904. 

What bold actions do you think need to happen to reverse this? As we talk about solutions in grey infrastructure, what about our green infrastructure? 🌊",NOT RELEVANT
https://x.com/PAGASAFFWS/status/1816814900414706047,https://twitter.com/PAGASAFFWS/status/1816814900414706047,1816814900414706047,"NCR/Pasig Marikina Laguna De Bay River Basin
Flood Bulletin #9 Final
Issued at 9PM, 26 July 2024 https://t.co/WDyJnz9SM1",NOT RELEVANT
https://x.com/randomran___/status/1816467628103467459,https://twitter.com/randomran___/status/1816467628103467459,1816467628103467459,"@goodkidbikecity DPWH abandoned using UST open field as the stormwater basin and used the whole Blumentritt Street (from Rizal Avenue to España) to be a flood control catchment/diversion system from nearby hilly barangays of QC to esteros of Manila &amp; Pasig River.
 https://t.co/fGdhti9NJ5 https://t.co/a04r4VwujT",NOT RELEVANT
https://x.com/PAGASAFFWS/status/1816457267736408466,https://twitter.com/PAGASAFFWS/status/1816457267736408466,1816457267736408466,"NCR/Pasig Marikina Laguna De Bay River Basin
Flood Bulletin #7
Issued at 9:00 PM, 25 July 2024 https://t.co/oj9IqbpNIk",NOT RELEVANT
https://x.com/Gelo_Arciaga/status/1816381553343357440,https://twitter.com/Gelo_Arciaga/status/1816381553343357440,1816381553343357440,"I emphasize the importance of understanding flood control management in Metro Manila. The MMDA leads these efforts, with the Department of Public Works and Highways handling the Pasig-Marikina Flood control program. https://t.co/ExdYP9uq4d",NOT RELEVANT
https://x.com/heritageispeopl/status/1816197769864044710,https://twitter.com/heritageispeopl/status/1816197769864044710,1816197769864044710,"Flooding at Bilibid Viejo, Quiapo, Manila 1915. Quiapo has since been flood-prone, being a ""River delta"". A land mass with many esteros feeding flood water from the north to the Pasig River.

Nowadays those floodways are gone, replaced by roads.

#CarinaPH #HeritageisPeople https://t.co/9CKAgVJGW9",MILD
https://x.com/PAGASAFFWS/status/1816102661198078136,https://twitter.com/PAGASAFFWS/status/1816102661198078136,1816102661198078136,"NCR/Pasig Marikina Laguna De Bay River Basin
Flood Bulletin #5
Issued at 9:00 PM, 24 July 2024 https://t.co/mAVBWbcWEB",NOT RELEVANT
https://x.com/kiranjoshi235/status/1816066117120712792,https://twitter.com/kiranjoshi235/status/1816066117120712792,1816066117120712792,"Situation in Metro Manila during typhoon Carina.  It is known that vehicles cannot cross the ocean due to the flood and the water level in the Pasig River is rising.

 #Philippine #Flooding
 #CarinaPH
#Carina
#TyphoonCarina #TyphoonGaemi 
#TyphoonGaemi #세븐틴  #Flood https://t.co/ANx8K2Ovx0",SEVERE
https://x.com/kiranjoshi235/status/1816066013219405956,https://twitter.com/kiranjoshi235/status/1816066013219405956,1816066013219405956,"Situation in Metro Manila during typhoon Carina.  It is known that vehicles cannot cross the ocean due to the flood and the water level in the Pasig River is rising.

 #Philippine #Flooding
 #CarinaPH
#Carina
#TyphoonCarina #TyphoonGaemi 
#TyphoonGaemi #세븐틴  #Flood https://t.co/H9D63FoEju",SEVERE
https://x.com/tribunephl/status/1816042094957584871,https://twitter.com/tribunephl/status/1816042094957584871,1816042094957584871,"FLOOD UPDATE AS OF 4:03 PM, 24 JULY 2024

MANILA:
Vito Cruz St. to Taft Ave.: Knee deep (19 inches)
España-Antipolo St: Above knee deep (24 inches)
Recto Ave. - Mendiola: Above knee deep (20 inches)

Source: CCTV/Metrobase/DOEs

| via Alvin Murcia

#CarinaPH #DailyTribune",MODERATE
https://x.com/alwaysrenjunph/status/1816040392405684400,https://twitter.com/alwaysrenjunph/status/1816040392405684400,1816040392405684400,"[ADMIN POST]

IN CASE OF EMERGENCY, PLEASE CALL THE HOTLINES BELOW! #CarinaPH 🚨

NATIONAL HOTLINE - 911

NDRRMC - 0917-891-6322

Philippine Coast Guard
0917-PCG-DOTC (0917-724-3682)
0918-967-4697

Rescue PH
09051456217 (GLOBE)
09293510068 (SMART)
0932360863 (SUN)

NDRRMC: 
(02) 8911-5061 to 65 local 100
(02) 8911-1406
(02) 8912-2665
(02) 8912-5668
(02) 8911-1873

Red Cross Hotlines - 143
(02) 8527-8385 to 95
(02) 8527-0000
(02) 8790-2300
134 (Staff), 132 (Manager), 133 (Radio Room)
(02) 8790-2300 local 604
(02) 8527-0864 (Telefax)

Muntinlupa Emergency Hotline: 137-175

Caloocan Emergency Hotline: 888-25664

Pasig Emergency Hotline: 8643-0000

Marikina Emergency Hotline: 161

Pasay Emergency Hotline: 888-72729

Las Piñas Emergency Hotline: 8290-6500

Taguig Emergency Hotline: 0919-070-3112

Valenzuela Emergency Hotline: 8352500
8292-1405 
0917-630-0255

San Juan Emergency Hotline: 137135 

Makati Emergency Hotline: 168
8870-1191

Malabon Emergency Hotlines:
0942-372-9891 
8921-6009 / 8921-6029
0917-689-8657

Mandaluyong Emergency Hotlines:
8533-1897 • 0956-4273727

Quezon City Emergency Hotlines:  122
0977 031 2892 (GLOBE)
0947 885 9929 (SMART)
8988 4242 local 7245

QC Emergency Medical Services or Urban Search and Rescue: 
0947 884 7498 (SMART) 
8928 4396

Pasig Emergency Hotline: 8643-0000

Pateros Emergency Hotline:
8-642-5159
0949-811-5332 
0949-811-5332

Manila Emergency Hotline:
0966-405-8897 
0932-062-2322
8568-6909

Metro Manila Development Authority (MMDA) Hotline: 136
Trunkline: (02) 882-4150-77
loc. 337 (Rescue)
255 (Metrobase)
319 (Road Safety)
374 (Public Safety)
320 (Road Emergency)
(02) 882-0925 (Flood Control)

Philippine Coast Guard
(02) 527-8481 to 89
Action Center: (02) 527-3877
0917-PCG-DOTC 
0917-724-3682 (Globe)
0918-967-4697

Bureau of Fire Protection (NCR) 
(02) 426-0219
02)426-3812
(02) 426-0246",NOT RELEVANT
https://x.com/Bingoplusph/status/1816012560308842591,https://twitter.com/Bingoplusph/status/1816012560308842591,1816012560308842591,"𝗖𝗔𝗟𝗟 𝗜𝗙 𝗬𝗢𝗨 𝗡𝗘𝗘𝗗 𝗛𝗘𝗟𝗣, 𝗠𝗚𝗔 𝗞𝗔-𝗕𝗣! 🚨

𝗡𝗔𝗧𝗜𝗢𝗡𝗔𝗟 𝗘𝗠𝗘𝗥𝗚𝗘𝗡𝗖𝗬 𝗛𝗢𝗧𝗟𝗜𝗡𝗘 - 911

𝗣𝗛𝗜𝗟𝗜𝗣𝗣𝗜𝗡𝗘 𝗥𝗘𝗗 𝗖𝗥𝗢𝗦𝗦
Hotline: 143, (02) 527-0000, (02) 527-8385 to 95
Disaster Management Office: 143(Staff), 132(Manager),133(Radio Room)

𝗡𝗔𝗧𝗜𝗢𝗡𝗔𝗟 𝗗𝗜𝗦𝗔𝗦𝗧𝗘𝗥 𝗥𝗜𝗦𝗞 𝗥𝗘𝗗𝗨𝗖𝗧𝗜𝗢𝗡 𝗔𝗡𝗗 𝗠𝗔𝗡𝗔𝗚𝗘𝗠𝗘𝗡𝗧 𝗖𝗢𝗨𝗡𝗖𝗜𝗟 (𝗡𝗗𝗥𝗥𝗠𝗖)
Trunkline: 911-5061 to 65
Phone Number: (+632) 91114016, (+632) 9122665

𝗣𝗔𝗚-𝗔𝗦𝗔
Hotline: (02) 824-0800

𝗗𝗘𝗣𝗔𝗥𝗧𝗠𝗘𝗡𝗧 𝗢𝗙 𝗦𝗢𝗖𝗜𝗔𝗟 𝗪𝗘𝗟𝗙𝗔𝗥𝗘 𝗔𝗡𝗗 𝗗𝗘𝗩𝗘𝗟𝗢𝗣𝗠𝗘𝗡𝗧
GLOBE: 09171105686 at 09178272543
SMART: 09199116200
inquiry@dswd.gov.ph

𝗣𝗛𝗜𝗟𝗜𝗣𝗣𝗜𝗡𝗘 𝗡𝗔𝗧𝗜𝗢𝗡𝗔𝗟 𝗣𝗢𝗟𝗜𝗖𝗘 𝗛𝗢𝗧𝗟𝗜𝗡𝗘 𝗣𝗔𝗧𝗥𝗢𝗟
Hotline: 117, 722-0650
Text Hotline: 0917-847-5757

𝗕𝗨𝗥𝗘𝗔𝗨 𝗢𝗙 𝗙𝗜𝗥𝗘 𝗣𝗥𝗢𝗧𝗘𝗧𝗜𝗢𝗡 (𝗡𝗖𝗥)
Direct Hotline: (02) 426-0219, (02)426-3812, (02) 426-0246

𝗣𝗛𝗜𝗟𝗜𝗣𝗣𝗜𝗡𝗘 𝗖𝗢𝗔𝗦𝗧 𝗚𝗨𝗔𝗥𝗗
Trunkline: (02) 527-8481 to 89
Action Center: (02) 527-3877
0917-PCG-DOTC 0917-724-3682(Globe)
0918-967-4697

𝗠𝗘𝗧𝗥𝗢 𝗠𝗔𝗡𝗜𝗟𝗔 𝗗𝗘𝗩𝗘𝗟𝗢𝗣𝗠𝗘𝗡𝗧 𝗔𝗨𝗧𝗛𝗢𝗥𝗜𝗧𝗬
Hotline:136
Trunkline: (02) 882-4150-77
loc. 337 (Rescue)
255 (Metrobase)
319 (Road Safety)
374 (Public Safety)
320 (Road Emergency)
(02) 882-0925 (Flood Control)

𝗗𝗘𝗣𝗔𝗥𝗧𝗠𝗘𝗡𝗧 𝗢𝗙 𝗖𝗢𝗠𝗠𝗨𝗡𝗜𝗖𝗔𝗧𝗜𝗢𝗡
(DOTC) Central Hotline
Public Assiatnce Center: 7890

𝗠𝗔𝗡𝗜𝗟𝗔 𝗜𝗡𝗧𝗘𝗥𝗡𝗔𝗧𝗜𝗢𝗡𝗔𝗟 𝗔𝗜𝗥𝗣𝗢𝗥𝗧 𝗔𝗨𝗧𝗛𝗢𝗥𝗜𝗧𝗬
Text Hotline: 0917-839-6462 (TEXTNAIA)
Terminals 1,2,and 4: 877-1109 and loc. 2444
Terminal 3: 887-7888 loc. 8046

𝗠𝗘𝗧𝗥𝗢 𝗠𝗔𝗡𝗜𝗟𝗔 𝗘𝗠𝗘𝗥𝗚𝗘𝗡𝗖𝗬 𝗛𝗢𝗧𝗟𝗜𝗡𝗘𝗦
Metro Manila:
San Juan City: 238-43-33
Paranaque City: 829-09-22
Muntinlupa City: 137-175 / 8373-51-65 Landline / 0921-542-7123 Smart / 0927-257-9322 Globe
Valenzuela City: 292-14-05/0915-2598376
Makati City: 870-11-91/870-14-60
Caloocan City (south): 288-77-17
Caloocan City (north): 277-28-85
Mandaluyong City: 532-21-89/532-24-02
Marikina City: 646-24-36/646-24-26
Pasig City: 8643-0000
Pateros: 642-51-59
Manila City: 927-13-35/978-53-12
Taguig City: 0917-550-3727
Las Piñas City: 02-8290-6500

#BingoPlusPH",NOT RELEVANT
https://x.com/newswatchplusph/status/1815895097181090288,https://twitter.com/newswatchplusph/status/1815895097181090288,1815895097181090288,"LOOK: Flood situation at F. Manalo St., Bambang, Pasig City. https://t.co/YvlEeyPirO https://t.co/GC8j8xK6IK",MILD
https://x.com/PAGASAFFWS/status/1815750410843639886,https://twitter.com/PAGASAFFWS/status/1815750410843639886,1815750410843639886,"NCR/Pasig Marikina Laguna De Bay River Basin
Flood Bulletin #3
Issued at 10:00 PM, 23 July 2024 https://t.co/E1o65DWJoS",NOT RELEVANT
https://x.com/gkweb3/status/1816013386972553304,https://twitter.com/gkweb3/status/1816013386972553304,1816013386972553304,baha along rockwell #makati (parang mag-overflow na rin pasig river??) #carinaph (stay safe and dry 🙏🏽) https://t.co/gYblfgyVWm,MODERATE
https://x.com/historyphils/status/1816330299749683622,https://twitter.com/historyphils/status/1816330299749683622,1816330299749683622,"What changed and what has yet to change in disaster risk reduction and response measures in the Philippines, particularly Mega Manila?

https://t.co/mn2MfSh7Kp

#FilipinoHistorian #History #Storm #Typhoon #Bagyo #Flood #Baha #Carina #CarinaPH #DRRM #DisasterResponse #MetroManila https://t.co/2XjueIBXZN",SEVERE
https://x.com/AttackPig00/status/1816639007494930567,https://twitter.com/AttackPig00/status/1816639007494930567,1816639007494930567,"OFW PARTY LIST HELPS AFFECTED FAMILIES AND COMMUNITIES OF OFWS IN NCR AND NEARBY PROVINCES
 
In response to the devastation caused by Super Typhoon Carina, OFW Party List Representative Marissa ""Del Mar"" Magsino has spearheaded a relief operation to aid affected families and communities of Overseas Filipino Workers (OFWs).
 
The OFW Party List distributed essential goods, including boxes of mineral water, biscuits, and toiletry kits to OFWs, their families, and communities in Makati, Mandaluyong, Marikina, Quezon City, Caloocan, Manila, and Pateros.
 
OFW Party List Leader Kateh Baluyot Zafe’s home was inundated by floodwaters in Mandaluyong during the peak of rainfall yesterday. She asked help from the OFW Party List and immediately received boxes of goods to share with her family and neighbors. She said, “Marami po sa mga kapamilya ng ating OFWs ang apektado ng bagyo. Binaha po ang aming bahay at wala kaming makain lalo’t pagod sa paglilinis ng mga nasirang gamit. Kaya’t humingi po kami ng tulong sa OFW Party List at nagpapasalamat sa agarang tulong nila sa amin pati sa mga kapitbahay namin.”
 
In Marikina, Ms. Pureza Aganan, a sibling of a Filipino seafarer, also received help from OFW Party List. Two floors of her home in Barangay Sto. Nino, Marikina City, was submerged in floodwater.
 
“Naiyak na ako sa pagod. Kinailangan isalba ang mga kapamilya at mga gamit sa mabilis na pagtaas ng baha sa amin. Nagpapasalamat ako na kaagapay namin sa pagbangon sa sakuna ang OFW Party List.”, said Pureza Aganan.
 
Recognizing the widespread impact of the calamity, the OFW Party List and Rep. Marissa ""Del Mar"" Magsino also plan to extend their relief distribution to Bulacan, Laguna, and Cavite in coordination with other government agencies.
 
OFW Party List Representative Marissa ""Del Mar"" Magsino has been in touch with OFW communities for the groundwork necessary for the proper distribution of goods and help to those affected by the typhoon.
 
“Inaalagaan natin ang mga kapamilya at komunidad ng ating mga OFWs ayon sa ating mandato. Subalit gusto din natin na lahat ng pwedeng matulungang komunidad ay marating ng ating kalinga.”, said Rep. Marissa ""Del Mar"" Magsino.
 
Rep. Marissa ""Del Mar"" Magsino also commends the government for its speedy action to help around one million people affected by the typhoon.
 
“Lahat po ngayon na nasa gobyerno ay tulung-tulong sa pagsasaayos at pag-aalaga sa mga nasalanta. Bagama’t may mga naiulat na nasawi, marami pa rin sa atin ang nasa ligtas na kalagayan dahil sa naging aksyon ng ating pamahalaan at pagtutulungan ng mga kababayan.”, added Rep. Marissa ""Del Mar"" Magsino.
 
Meanwhile, Super Typhoon Carina, with the international name Gaemi, has been reported to have entered Taiwan and will soon batter China. Rep. Marissa ""Del Mar"" Magsino calls on the OFWs in Taiwan and China to remain vigilant amidst the typhoon.

“Sa mga OFWs po na nasa Taiwan, protektahan po ninyo ang inyong mga sarili. Maging handa at buksan ang communication channels sa ating Manila Economic and Cultural Office at sa ating Migrant Workers Office. Sa ating mga kababayan sa China, seryoso po ang pinsalang dala ng bagyo. Mag-ingat po at magdasal.”, said Rep. Marissa ""Del Mar"" Magsino.",NOT RELEVANT
https://x.com/pinoyanghang/status/1816297613643456981,https://twitter.com/pinoyanghang/status/1816297613643456981,1816297613643456981,"Senator Zubiri blames yesterday's flooding in Pasay City to the ongoing reclamation activities in Manila Bay.

Question is, what is he going to do about it? Will he initiate a senate inquiry? Or look away, since the senate will eventually move to BGC with a P20B+ building?

#Baha https://t.co/nWZrHFy3aL",NOT RELEVANT
https://x.com/aoih1na/status/1815884371855041023,https://twitter.com/aoih1na/status/1815884371855041023,1815884371855041023,"Metro Manila is under water again for 100th times once typhoon hit the land. #Baha 
Hot ☕️ &amp; food 🍜🍲 is a must. BE SAFE. Stay home 
Good morning 😀. CTTO 😝 https://t.co/ZEZHVfyREp",NOT RELEVANT
https://x.com/pinoyanghang/status/1815885205380686133,https://twitter.com/pinoyanghang/status/1815885205380686133,1815885205380686133,"Memes like this never fail to amuse ourselves even in the midst of inclement weather and perennial flooding in Metro Manila.

#Baha
#MetroManilaFlood https://t.co/UvsBzJtaaC",NOT RELEVANT
https://x.com/senatePH/status/1817844392813830413,https://twitter.com/senatePH/status/1817844392813830413,1817844392813830413,@jvejercito Sen. Joel Villanueva laments “Unli-baha” in Metro Manila and nearby provinces during the onslaught of intensified monsoon rains due to Super Typhoon “Carina.” He urged the gov’t to come up with comprehensive plan to address flooding. #SenatePH #SenadoNgPilipino @senatorjoelv https://t.co/K7Y4c2dpVf,NOT RELEVANT
https://x.com/iMPACTPH2019/status/1817131211376214514,https://twitter.com/iMPACTPH2019/status/1817131211376214514,1817131211376214514,"INANOD NA RIN BA NG BAHA ANG BILYON-BILYONG PONDO PARA SA FLOOD MITIGATION?'

Sen. Grace Poe criticized the current flood control budget, saying the worsening flooding in Metro Manila does not reflect the increasing funds allocated for flood control projects annually. https://t.co/i7GmVmKnX4",NOT RELEVANT
https://x.com/xlovruii/status/1815881790336426394,https://twitter.com/xlovruii/status/1815881790336426394,1815881790336426394,"#haonotice — hello! regarding this, i will have to reschedule my mass shipment schedule once again due to the heavy rainfall dito sa manila, baha na din po kasi sa surrounding areas namin. for the safety of the riders and your items lang po ito. i’ll post another notice+ https://t.co/RWtKxrLkOY",MILD
https://x.com/MariaelinorMd/status/1816672662321791331,https://twitter.com/MariaelinorMd/status/1816672662321791331,1816672662321791331,First time to see Baha in Manila and wants to have floatie floatie it looked like she is on vacation tour ? When so many lives and pets are in danger and have to be https://t.co/CQgDyn8geU insensitive . The husband too . @CatArambulo https://t.co/afwQO34t4k,NOT RELEVANT
https://x.com/PhilstarNews/status/1816634218543480959,https://twitter.com/PhilstarNews/status/1816634218543480959,1816634218543480959,"MALAWAKANG BAHA SA MAYNILA, IIMBESTIGAHAN NG KAMARA

The House committee on Metro Manila development is set to investigate the massive flooding brought about by Typhoon Carina that submerged the whole metropolis and nearby provinces on July 31.

Read: https://t.co/RYBiClcOvM https://t.co/kTHU76Xsb4",SEVERE
https://x.com/Politiko_Ph/status/1816319062458392876,https://twitter.com/Politiko_Ph/status/1816319062458392876,1816319062458392876,"Bayan Muna chairperson Neri Colmenares called on the government to stop all reclamation projects in Manila Bay amid extreme flooding in the National Capital Region (NCR).

READ: https://t.co/gDxt9JRm3f https://t.co/VfLlsGce6t",NOT RELEVANT
https://x.com/DrayyRaymond/status/1816003538906161426,https://twitter.com/DrayyRaymond/status/1816003538906161426,1816003538906161426,"‼️‼️‼️UPDATE AS OF NOW IN MARIKINA RIVER!

The Marikina River reached a water level of 20.2 meters at 2:20 PM on Wednesday.

#CarinaPH #Baha #MarikinaRiver #Typhoon

Cttto https://t.co/ysp1kPLKu0",SEVERE
https://x.com/newswatchplusph/status/1815895097181090288,https://twitter.com/newswatchplusph/status/1815895097181090288,1815895097181090288,"LOOK: Flood situation at F. Manalo St., Bambang, Pasig City. https://t.co/YvlEeyPirO https://t.co/GC8j8xK6IK",MILD
https://x.com/Gelo_Arciaga/status/1816381553343357440,https://twitter.com/Gelo_Arciaga/status/1816381553343357440,1816381553343357440,"I emphasize the importance of understanding flood control management in Metro Manila. The MMDA leads these efforts, with the Department of Public Works and Highways handling the Pasig-Marikina Flood control program. https://t.co/ExdYP9uq4d",NOT RELEVANT
https://x.com/PAGASAFFWS/status/1816814900414706047,https://twitter.com/PAGASAFFWS/status/1816814900414706047,1816814900414706047,"NCR/Pasig Marikina Laguna De Bay River Basin
Flood Bulletin #9 Final
Issued at 9PM, 26 July 2024 https://t.co/WDyJnz9SM1",NOT RELEVANT
https://x.com/PAGASAFFWS/status/1816102661198078136,https://twitter.com/PAGASAFFWS/status/1816102661198078136,1816102661198078136,"NCR/Pasig Marikina Laguna De Bay River Basin
Flood Bulletin #5
Issued at 9:00 PM, 24 July 2024 https://t.co/mAVBWbcWEB",NOT RELEVANT
https://x.com/randomran___/status/1816467628103467459,https://twitter.com/randomran___/status/1816467628103467459,1816467628103467459,"@goodkidbikecity DPWH abandoned using UST open field as the stormwater basin and used the whole Blumentritt Street (from Rizal Avenue to España) to be a flood control catchment/diversion system from nearby hilly barangays of QC to esteros of Manila &amp; Pasig River.
 https://t.co/fGdhti9NJ5 https://t.co/a04r4VwujT",NOT RELEVANT
https://x.com/kiranjoshi235/status/1816066013219405956,https://twitter.com/kiranjoshi235/status/1816066013219405956,1816066013219405956,"Situation in Metro Manila during typhoon Carina.  It is known that vehicles cannot cross the ocean due to the flood and the water level in the Pasig River is rising.

 #Philippine #Flooding
 #CarinaPH
#Carina
#TyphoonCarina #TyphoonGaemi 
#TyphoonGaemi #세븐틴  #Flood https://t.co/H9D63FoEju",SEVERE
https://x.com/carlLeiforever/status/1817205817940041766,https://twitter.com/carlLeiforever/status/1817205817940041766,1817205817940041766,My ❤️ full of tnx to my new found family @kimpauinternational for dis help dt they gave to my parents hu suffer flood in Marikina during bagyong carina.dis bring so much happiness 4 dem🥺 natouch po aq subra I ddn't expect I see my parents smiling aftr a hard tyms🥺thankUsomuch🙏 https://t.co/w3hM29OBnA,NOT RELEVANT
https://x.com/MasungiGeo/status/1817175614207447313,https://twitter.com/MasungiGeo/status/1817175614207447313,1817175614207447313,"WHAT ABOUT OUR GREEN INFRASTRUCTURE? 🌳

 Unsustainable developments and human activities such as quarrying and land-use conversion, have led to severe deforestation of the Upper Marikina Watershed.

 Deforestation has increased flood and disaster risk in downstream cities such as Pasig, Quezon City, and Marikina, as water flows from these mountains all the way to Manila Bay. Unfortunately, studies have cited continued deforestation despite its protected status since 1904. 

What bold actions do you think need to happen to reverse this? As we talk about solutions in grey infrastructure, what about our green infrastructure? 🌊",NOT RELEVANT
https://x.com/AttackPig00/status/1817129792342544480,https://twitter.com/AttackPig00/status/1817129792342544480,1817129792342544480,"Tingog Party-list distribute relief goods to Carina victims in Marikina, Quezon City

THE office of Speaker Ferdinand Martin G. Romualdez on Friday distributed relief goods to typhoon victims in two barangays in Quezon and Marikina Cities.

Personnel of the Speaker’s office were joined by the staff of Tingog Party-list Reps. Yedda K. Romualdez and Jude Acidre in the distribution.

Some 531 families in low-lying Barangay Tumana in Marikina each received food packages consisting of rice, canned goods, blanket, and coffee. 

In Barangay Batasan Hills in Quezon City, 222 families received the same food packs.

The offices of Speaker Romualdez and Tingog Party-list said the assistance is their way of showing empathy and solidarity with victims of super typhoon Carina.

Speaker Romualdez earlier personally inspected flood control infrastructures Navotas and distributed relief good. He also visited San Juan and Quezon Cities to provide assistance. 

He has called for updating flood control masterplans in Metro Manila to prevent similar flooding caused by the recent typhoon.",NOT RELEVANT
https://x.com/IKOT_PH/status/1816753750104826231,https://twitter.com/IKOT_PH/status/1816753750104826231,1816753750104826231,"TINGOG TO THE RESCUE SA MGA BIKTIMA NG BAGYONG CARINA!

After Typhoon Carina and the southwest monsoon, the Offices of House Speaker and Tingog Partylist launched relief operations for flood victims, starting in Marikina City.

READ MORE: https://t.co/hDmWHvQY21 https://t.co/L8veVIRnjO",NOT RELEVANT
https://x.com/pupcocdakom/status/1816667879913455953,https://twitter.com/pupcocdakom/status/1816667879913455953,1816667879913455953,"𝗜𝗡 𝗣𝗛𝗢𝗧𝗢𝗦 | Mud accumulated the flood-stricken Barangay Malanday in Marikina City following the joint onslaught of Habagat and Typhoon Carina.
 
The Marikina River reached its third alarm, peaking at 20.7 meters during the heavy flooding on Wednesday, July 24. https://t.co/LgEF1t51nh",SEVERE
https://x.com/ABSCBNNews/status/1816666694099829180,https://twitter.com/ABSCBNNews/status/1816666694099829180,1816666694099829180,LOOK: Flood-stricken residents of Barangay Industrial Valley Complex in Marikina line up for relief goods | via @benisenavidad https://t.co/cRNKl9RaOS,MILD
https://x.com/jxndeukix/status/1816665630151766312,https://twitter.com/jxndeukix/status/1816665630151766312,1816665630151766312,"hi, everyone! in light of the recent super typhoon that hit the ph, trining's (in partnership w @angatbuhay_ph) is holding relief operations for those affected by the flood around marikina area. they're open for volunteers for those willing to lend an extra hand! 💗 https://t.co/JndOBf7IeT",NOT RELEVANT
https://x.com/ABSCBNNews/status/1816648160783335886,https://twitter.com/ABSCBNNews/status/1816648160783335886,1816648160783335886,"The Senate Spouses Foundation, Inc. (SSFI) will be distributing relief goods for over 2,000 flood-stricken evacuees in Marikina City.

The operation will be led by SSFI President Heart Evangelista, SSFI VP Kat Pimentel, and Nancy dela Rosa. | via @annacerezo_ https://t.co/KO5BTeB8v0",NOT RELEVANT
https://x.com/TheGUIDON/status/1816394858401259649,https://twitter.com/TheGUIDON/status/1816394858401259649,1816394858401259649,"FLOOD UPDATE: As of July 25, 3:00 PM, the Marikina River water level has returned to normal at 14.9 meters.

All alarms have been lifted, according to the Marikina Disaster Risk Reduction and Management Office. 

#Voyager https://t.co/vArzJsR7Ho",NOT RELEVANT
https://x.com/Gelo_Arciaga/status/1816381553343357440,https://twitter.com/Gelo_Arciaga/status/1816381553343357440,1816381553343357440,"I emphasize the importance of understanding flood control management in Metro Manila. The MMDA leads these efforts, with the Department of Public Works and Highways handling the Pasig-Marikina Flood control program. https://t.co/ExdYP9uq4d",NOT RELEVANT
https://x.com/TheManilaTimes/status/1816380737509330945,https://twitter.com/TheManilaTimes/status/1816380737509330945,1816380737509330945,"AFTER THE STORM

Residents of Barangay Malanday in Marikina City clean and sort their mud-covered belongings on July 25, 2024, a day after their homes were submerged in flood waters caused by the monsoon rains enhanced by Typhoon 'Carina.' PHOTOS BY ISMAEL DE JUAN https://t.co/83sx4k4IGk",SEVERE
https://x.com/tribunephl/status/1816373807596396629,https://twitter.com/tribunephl/status/1816373807596396629,1816373807596396629,"CARINA' AFTERMATH

LOOK: Typhoon Carina left a significant area of Marikina with trash and debris on Thursday, 25 July 2024, following a day of flooding from heavy rain. Here, flood victims in Marikina start cleaning their houses. | via KING RODRIGUEZ

#CarinaPH
#DailyTribune

For more photos: https://t.co/PRzOVVfiS5",SEVERE
https://x.com/tribunephl/status/1816368700490154459,https://twitter.com/tribunephl/status/1816368700490154459,1816368700490154459,"MARIKINA FLOOD EVACUEES

LOOK: Thousands of Marikina residents were evacuated on Thursday, 25 July 2024, as the water level at the Marikina River reached the third alarm during the onslaught of Typhoon Carina. Flood evacuees are currently staying at Malanday Elementary School in Marikina City. | via KING RODRIGUEZ

#CarinaPH
#DailyTribune

For more photos: https://t.co/dHAxEydYHE",NOT RELEVANT
https://x.com/raoulesperas/status/1816288014513103123,https://twitter.com/raoulesperas/status/1816288014513103123,1816288014513103123,"Wrath of Typhoon Carina, Marikina residents along marikina river removes Tons of mud after the flood subsides @dwiz882newsroom , @dwiz882 , @agilapaliparan https://t.co/Jq22nUMnvH",MILD
https://x.com/dswdserves/status/1816124074147680565,https://twitter.com/dswdserves/status/1816124074147680565,1816124074147680565,"𝗟𝗢𝗢𝗞: The DSWD Field Office - National Capital Region provides Family Food Packs (FFPs) to the flood-affected families of Typhoon #CarinaPH and the ""Habagat” on Wednesday (July 24).

As of July 24, 2024, 3,700 FFPs have been distributed to the Local Government Units (LGUs) of Manila and Marikina City as part of the Department's ongoing disaster operations.

The Field Office is also working closely with LGUs to monitor the situation and ensure the timely delivery of relief assistance to affected individuals and families.

#BawatBuhayMahalagaSaDSWD ❤️",NOT RELEVANT
https://x.com/rapplerdotcom/status/1816113332316954704,https://twitter.com/rapplerdotcom/status/1816113332316954704,1816113332316954704,"People shelter in a school temporarily converted into an evacuation center in Marikina City on Wednesday, July 24, following heavy rain and flood brought by the enhanced southwest monsoon. #HabagatPH 📷 Lisa Marie David/Reuters

UPDATES: https://t.co/7W47lTnu2Y https://t.co/3uG6WyIqaN",NOT RELEVANT
https://x.com/yoong28429/status/1816067627544109371,https://twitter.com/yoong28429/status/1816067627544109371,1816067627544109371,"NEW GUINESS WORLD RECORD for the Most Number of Flood Control Projects ever done by a PRESIDENT 

@bongbongmarcos 

Marikina River
Ondoy
#CarinaPH #HabagatPH 
#NasaanAngPangulo ? https://t.co/QjHrk1ZU5y",NOT RELEVANT
https://x.com/JoshuaCAgar/status/1816049258547798200,https://twitter.com/JoshuaCAgar/status/1816049258547798200,1816049258547798200,"The current situation on the Marikina River brings forth the question on whether the recently inaugurated Upper Wawa Dam, in exchange for the displacement of the Dumagat river folks and river livelihoods, has helped in reducing the flood hazard downstream. https://t.co/5EssCBVxl2",MODERATE
https://x.com/tribunephl/status/1816042094957584871,https://twitter.com/tribunephl/status/1816042094957584871,1816042094957584871,"FLOOD UPDATE AS OF 4:03 PM, 24 JULY 2024

MANILA:
Vito Cruz St. to Taft Ave.: Knee deep (19 inches)
España-Antipolo St: Above knee deep (24 inches)
Recto Ave. - Mendiola: Above knee deep (20 inches)

Source: CCTV/Metrobase/DOEs

| via Alvin Murcia

#CarinaPH #DailyTribune",MODERATE
https://x.com/alwaysrenjunph/status/1816040392405684400,https://twitter.com/alwaysrenjunph/status/1816040392405684400,1816040392405684400,"[ADMIN POST]

IN CASE OF EMERGENCY, PLEASE CALL THE HOTLINES BELOW! #CarinaPH 🚨

NATIONAL HOTLINE - 911

NDRRMC - 0917-891-6322

Philippine Coast Guard
0917-PCG-DOTC (0917-724-3682)
0918-967-4697

Rescue PH
09051456217 (GLOBE)
09293510068 (SMART)
0932360863 (SUN)

NDRRMC: 
(02) 8911-5061 to 65 local 100
(02) 8911-1406
(02) 8912-2665
(02) 8912-5668
(02) 8911-1873

Red Cross Hotlines - 143
(02) 8527-8385 to 95
(02) 8527-0000
(02) 8790-2300
134 (Staff), 132 (Manager), 133 (Radio Room)
(02) 8790-2300 local 604
(02) 8527-0864 (Telefax)

Muntinlupa Emergency Hotline: 137-175

Caloocan Emergency Hotline: 888-25664

Pasig Emergency Hotline: 8643-0000

Marikina Emergency Hotline: 161

Pasay Emergency Hotline: 888-72729

Las Piñas Emergency Hotline: 8290-6500

Taguig Emergency Hotline: 0919-070-3112

Valenzuela Emergency Hotline: 8352500
8292-1405 
0917-630-0255

San Juan Emergency Hotline: 137135 

Makati Emergency Hotline: 168
8870-1191

Malabon Emergency Hotlines:
0942-372-9891 
8921-6009 / 8921-6029
0917-689-8657

Mandaluyong Emergency Hotlines:
8533-1897 • 0956-4273727

Quezon City Emergency Hotlines:  122
0977 031 2892 (GLOBE)
0947 885 9929 (SMART)
8988 4242 local 7245

QC Emergency Medical Services or Urban Search and Rescue: 
0947 884 7498 (SMART) 
8928 4396

Pasig Emergency Hotline: 8643-0000

Pateros Emergency Hotline:
8-642-5159
0949-811-5332 
0949-811-5332

Manila Emergency Hotline:
0966-405-8897 
0932-062-2322
8568-6909

Metro Manila Development Authority (MMDA) Hotline: 136
Trunkline: (02) 882-4150-77
loc. 337 (Rescue)
255 (Metrobase)
319 (Road Safety)
374 (Public Safety)
320 (Road Emergency)
(02) 882-0925 (Flood Control)

Philippine Coast Guard
(02) 527-8481 to 89
Action Center: (02) 527-3877
0917-PCG-DOTC 
0917-724-3682 (Globe)
0918-967-4697

Bureau of Fire Protection (NCR) 
(02) 426-0219
02)426-3812
(02) 426-0246",NOT RELEVANT
https://x.com/senatePH/status/1817844392813830413,https://twitter.com/senatePH/status/1817844392813830413,1817844392813830413,@jvejercito Sen. Joel Villanueva laments “Unli-baha” in Metro Manila and nearby provinces during the onslaught of intensified monsoon rains due to Super Typhoon “Carina.” He urged the gov’t to come up with comprehensive plan to address flooding. #SenatePH #SenadoNgPilipino @senatorjoelv https://t.co/K7Y4c2dpVf,NOT RELEVANT
https://x.com/iMPACTPH2019/status/1817131211376214514,https://twitter.com/iMPACTPH2019/status/1817131211376214514,1817131211376214514,"INANOD NA RIN BA NG BAHA ANG BILYON-BILYONG PONDO PARA SA FLOOD MITIGATION?'

Sen. Grace Poe criticized the current flood control budget, saying the worsening flooding in Metro Manila does not reflect the increasing funds allocated for flood control projects annually. https://t.co/i7GmVmKnX4",NOT RELEVANT
https://x.com/MnM_PH/status/1817092560093086006,https://twitter.com/MnM_PH/status/1817092560093086006,1817092560093086006,"Senator Grace Poe on Friday, July 26, 2024, questioned the allocation of the budget for flood control following the recent flooding in several areas in Metro Manila caused by Typhoon Carina.

Read: https://t.co/NOkam7mYrS

#MaharlikaNuMedia https://t.co/5fPDEPBTlK",NOT RELEVANT
https://x.com/MariaelinorMd/status/1816672662321791331,https://twitter.com/MariaelinorMd/status/1816672662321791331,1816672662321791331,First time to see Baha in Manila and wants to have floatie floatie it looked like she is on vacation tour ? When so many lives and pets are in danger and have to be https://t.co/CQgDyn8geU insensitive . The husband too . @CatArambulo https://t.co/afwQO34t4k,NOT RELEVANT
https://x.com/AttackPig00/status/1816639007494930567,https://twitter.com/AttackPig00/status/1816639007494930567,1816639007494930567,"OFW PARTY LIST HELPS AFFECTED FAMILIES AND COMMUNITIES OF OFWS IN NCR AND NEARBY PROVINCES
 
In response to the devastation caused by Super Typhoon Carina, OFW Party List Representative Marissa ""Del Mar"" Magsino has spearheaded a relief operation to aid affected families and communities of Overseas Filipino Workers (OFWs).
 
The OFW Party List distributed essential goods, including boxes of mineral water, biscuits, and toiletry kits to OFWs, their families, and communities in Makati, Mandaluyong, Marikina, Quezon City, Caloocan, Manila, and Pateros.
 
OFW Party List Leader Kateh Baluyot Zafe’s home was inundated by floodwaters in Mandaluyong during the peak of rainfall yesterday. She asked help from the OFW Party List and immediately received boxes of goods to share with her family and neighbors. She said, “Marami po sa mga kapamilya ng ating OFWs ang apektado ng bagyo. Binaha po ang aming bahay at wala kaming makain lalo’t pagod sa paglilinis ng mga nasirang gamit. Kaya’t humingi po kami ng tulong sa OFW Party List at nagpapasalamat sa agarang tulong nila sa amin pati sa mga kapitbahay namin.”
 
In Marikina, Ms. Pureza Aganan, a sibling of a Filipino seafarer, also received help from OFW Party List. Two floors of her home in Barangay Sto. Nino, Marikina City, was submerged in floodwater.
 
“Naiyak na ako sa pagod. Kinailangan isalba ang mga kapamilya at mga gamit sa mabilis na pagtaas ng baha sa amin. Nagpapasalamat ako na kaagapay namin sa pagbangon sa sakuna ang OFW Party List.”, said Pureza Aganan.
 
Recognizing the widespread impact of the calamity, the OFW Party List and Rep. Marissa ""Del Mar"" Magsino also plan to extend their relief distribution to Bulacan, Laguna, and Cavite in coordination with other government agencies.
 
OFW Party List Representative Marissa ""Del Mar"" Magsino has been in touch with OFW communities for the groundwork necessary for the proper distribution of goods and help to those affected by the typhoon.
 
“Inaalagaan natin ang mga kapamilya at komunidad ng ating mga OFWs ayon sa ating mandato. Subalit gusto din natin na lahat ng pwedeng matulungang komunidad ay marating ng ating kalinga.”, said Rep. Marissa ""Del Mar"" Magsino.
 
Rep. Marissa ""Del Mar"" Magsino also commends the government for its speedy action to help around one million people affected by the typhoon.
 
“Lahat po ngayon na nasa gobyerno ay tulung-tulong sa pagsasaayos at pag-aalaga sa mga nasalanta. Bagama’t may mga naiulat na nasawi, marami pa rin sa atin ang nasa ligtas na kalagayan dahil sa naging aksyon ng ating pamahalaan at pagtutulungan ng mga kababayan.”, added Rep. Marissa ""Del Mar"" Magsino.
 
Meanwhile, Super Typhoon Carina, with the international name Gaemi, has been reported to have entered Taiwan and will soon batter China. Rep. Marissa ""Del Mar"" Magsino calls on the OFWs in Taiwan and China to remain vigilant amidst the typhoon.

“Sa mga OFWs po na nasa Taiwan, protektahan po ninyo ang inyong mga sarili. Maging handa at buksan ang communication channels sa ating Manila Economic and Cultural Office at sa ating Migrant Workers Office. Sa ating mga kababayan sa China, seryoso po ang pinsalang dala ng bagyo. Mag-ingat po at magdasal.”, said Rep. Marissa ""Del Mar"" Magsino.",NOT RELEVANT
https://x.com/PhilstarNews/status/1816634218543480959,https://twitter.com/PhilstarNews/status/1816634218543480959,1816634218543480959,"MALAWAKANG BAHA SA MAYNILA, IIMBESTIGAHAN NG KAMARA

The House committee on Metro Manila development is set to investigate the massive flooding brought about by Typhoon Carina that submerged the whole metropolis and nearby provinces on July 31.

Read: https://t.co/RYBiClcOvM https://t.co/kTHU76Xsb4",SEVERE
https://x.com/historyphils/status/1816330299749683622,https://twitter.com/historyphils/status/1816330299749683622,1816330299749683622,"What changed and what has yet to change in disaster risk reduction and response measures in the Philippines, particularly Mega Manila?

https://t.co/mn2MfSh7Kp

#FilipinoHistorian #History #Storm #Typhoon #Bagyo #Flood #Baha #Carina #CarinaPH #DRRM #DisasterResponse #MetroManila https://t.co/2XjueIBXZN",SEVERE
https://x.com/Politiko_Ph/status/1816319062458392876,https://twitter.com/Politiko_Ph/status/1816319062458392876,1816319062458392876,"Bayan Muna chairperson Neri Colmenares called on the government to stop all reclamation projects in Manila Bay amid extreme flooding in the National Capital Region (NCR).

READ: https://t.co/gDxt9JRm3f https://t.co/VfLlsGce6t",NOT RELEVANT
https://x.com/pinoyanghang/status/1816297613643456981,https://twitter.com/pinoyanghang/status/1816297613643456981,1816297613643456981,"Senator Zubiri blames yesterday's flooding in Pasay City to the ongoing reclamation activities in Manila Bay.

Question is, what is he going to do about it? Will he initiate a senate inquiry? Or look away, since the senate will eventually move to BGC with a P20B+ building?

#Baha https://t.co/nWZrHFy3aL",NOT RELEVANT
https://x.com/Infinite_Phils/status/1816269572644986974,https://twitter.com/Infinite_Phils/status/1816269572644986974,1816269572644986974,"Good morning, INSPIRITs and OVEs!
Nawa'y ligtas ang lahat at humupa na ang baha sa inyo.

Quick update: as of 7:45am today, there are still 1,427 available tickets for #KIMMYUNGSOOREBOOTMNL.

SVIP - 48
VIP - 328
ORCH - 681
LOGE - 75
BAL - 295
 https://t.co/sT2QwcwJB5 https://t.co/rpzXf4Fz5O",NOT RELEVANT
https://x.com/Michael550265/status/1815965032624316471,https://twitter.com/Michael550265/status/1815965032624316471,1815965032624316471,It's working today sa Metro Manila Baha 🤣🤣🤣 https://t.co/I0a43VvJWm,NOT RELEVANT
https://x.com/mslizueli/status/1815898335812935762,https://twitter.com/mslizueli/status/1815898335812935762,1815898335812935762,"Stay safe again everyone! Weather's rough out there. Sending prayers for homeless peoples, and hoping stray animals find shelter too. 🙏🏻 #WeatherAlert

Marami na ring lugar na baha dito sa amin sa Metro Manila. Patuloy pa rin ang paglakas ng ulan kaya ingat sa lahat https://t.co/HKKyOA4RTv",NOT RELEVANT
https://x.com/pinoyanghang/status/1815885205380686133,https://twitter.com/pinoyanghang/status/1815885205380686133,1815885205380686133,"Memes like this never fail to amuse ourselves even in the midst of inclement weather and perennial flooding in Metro Manila.

#Baha
#MetroManilaFlood https://t.co/UvsBzJtaaC",NOT RELEVANT
https://x.com/aoih1na/status/1815884371855041023,https://twitter.com/aoih1na/status/1815884371855041023,1815884371855041023,"Metro Manila is under water again for 100th times once typhoon hit the land. #Baha 
Hot ☕️ &amp; food 🍜🍲 is a must. BE SAFE. Stay home 
Good morning 😀. CTTO 😝 https://t.co/ZEZHVfyREp",NOT RELEVANT
https://x.com/xlovruii/status/1815881790336426394,https://twitter.com/xlovruii/status/1815881790336426394,1815881790336426394,"#haonotice — hello! regarding this, i will have to reschedule my mass shipment schedule once again due to the heavy rainfall dito sa manila, baha na din po kasi sa surrounding areas namin. for the safety of the riders and your items lang po ito. i’ll post another notice+ https://t.co/RWtKxrLkOY",MILD
https://x.com/AttackPig00/status/1816639007494930567,https://twitter.com/AttackPig00/status/1816639007494930567,1816639007494930567,"OFW PARTY LIST HELPS AFFECTED FAMILIES AND COMMUNITIES OF OFWS IN NCR AND NEARBY PROVINCES
 
In response to the devastation caused by Super Typhoon Carina, OFW Party List Representative Marissa ""Del Mar"" Magsino has spearheaded a relief operation to aid affected families and communities of Overseas Filipino Workers (OFWs).
 
The OFW Party List distributed essential goods, including boxes of mineral water, biscuits, and toiletry kits to OFWs, their families, and communities in Makati, Mandaluyong, Marikina, Quezon City, Caloocan, Manila, and Pateros.
 
OFW Party List Leader Kateh Baluyot Zafe’s home was inundated by floodwaters in Mandaluyong during the peak of rainfall yesterday. She asked help from the OFW Party List and immediately received boxes of goods to share with her family and neighbors. She said, “Marami po sa mga kapamilya ng ating OFWs ang apektado ng bagyo. Binaha po ang aming bahay at wala kaming makain lalo’t pagod sa paglilinis ng mga nasirang gamit. Kaya’t humingi po kami ng tulong sa OFW Party List at nagpapasalamat sa agarang tulong nila sa amin pati sa mga kapitbahay namin.”
 
In Marikina, Ms. Pureza Aganan, a sibling of a Filipino seafarer, also received help from OFW Party List. Two floors of her home in Barangay Sto. Nino, Marikina City, was submerged in floodwater.
 
“Naiyak na ako sa pagod. Kinailangan isalba ang mga kapamilya at mga gamit sa mabilis na pagtaas ng baha sa amin. Nagpapasalamat ako na kaagapay namin sa pagbangon sa sakuna ang OFW Party List.”, said Pureza Aganan.
 
Recognizing the widespread impact of the calamity, the OFW Party List and Rep. Marissa ""Del Mar"" Magsino also plan to extend their relief distribution to Bulacan, Laguna, and Cavite in coordination with other government agencies.
 
OFW Party List Representative Marissa ""Del Mar"" Magsino has been in touch with OFW communities for the groundwork necessary for the proper distribution of goods and help to those affected by the typhoon.
 
“Inaalagaan natin ang mga kapamilya at komunidad ng ating mga OFWs ayon sa ating mandato. Subalit gusto din natin na lahat ng pwedeng matulungang komunidad ay marating ng ating kalinga.”, said Rep. Marissa ""Del Mar"" Magsino.
 
Rep. Marissa ""Del Mar"" Magsino also commends the government for its speedy action to help around one million people affected by the typhoon.
 
“Lahat po ngayon na nasa gobyerno ay tulung-tulong sa pagsasaayos at pag-aalaga sa mga nasalanta. Bagama’t may mga naiulat na nasawi, marami pa rin sa atin ang nasa ligtas na kalagayan dahil sa naging aksyon ng ating pamahalaan at pagtutulungan ng mga kababayan.”, added Rep. Marissa ""Del Mar"" Magsino.
 
Meanwhile, Super Typhoon Carina, with the international name Gaemi, has been reported to have entered Taiwan and will soon batter China. Rep. Marissa ""Del Mar"" Magsino calls on the OFWs in Taiwan and China to remain vigilant amidst the typhoon.

“Sa mga OFWs po na nasa Taiwan, protektahan po ninyo ang inyong mga sarili. Maging handa at buksan ang communication channels sa ating Manila Economic and Cultural Office at sa ating Migrant Workers Office. Sa ating mga kababayan sa China, seryoso po ang pinsalang dala ng bagyo. Mag-ingat po at magdasal.”, said Rep. Marissa ""Del Mar"" Magsino.",NOT RELEVANT
https://x.com/rapplerdotcom/status/1816113332316954704,https://twitter.com/rapplerdotcom/status/1816113332316954704,1816113332316954704,"People shelter in a school temporarily converted into an evacuation center in Marikina City on Wednesday, July 24, following heavy rain and flood brought by the enhanced southwest monsoon. #HabagatPH 📷 Lisa Marie David/Reuters

UPDATES: https://t.co/7W47lTnu2Y https://t.co/3uG6WyIqaN",NOT RELEVANT
https://x.com/rapplerdotcom/status/1816473561575334174,https://twitter.com/rapplerdotcom/status/1816473561575334174,1816473561575334174,"Some residents of Barangay Malanday in Marikina City on Thursday, July 25, recounted how the heavy downpour and massive flooding on Wednesday wiped out their belongings in an instant. https://t.co/MYP21Y7G6S https://t.co/RaarCO2zbw",SEVERE
https://x.com/ABSCBNNews/status/1816095719369146833,https://twitter.com/ABSCBNNews/status/1816095719369146833,1816095719369146833,"Placed in a basin with a supplemental oxygen device attached, a baby was rescued from the floodwaters that engulfed homes in Marikina.

READ: https://t.co/LcyOY8rVwn https://t.co/TWS3tViFXK",MILD
https://x.com/ABSCBNNews/status/1816666694099829180,https://twitter.com/ABSCBNNews/status/1816666694099829180,1816666694099829180,LOOK: Flood-stricken residents of Barangay Industrial Valley Complex in Marikina line up for relief goods | via @benisenavidad https://t.co/cRNKl9RaOS,MILD
https://x.com/TheGUIDON/status/1815936073685688396,https://twitter.com/TheGUIDON/status/1815936073685688396,1815936073685688396,"FLOOD UPDATE: As of July 24, 10:00 AM, the Marikina River water level has reached the third alarm, with a water level of 18.00 meters above the normal.

The third alarm is raised when water levels reach 18 meters, resulting in expected forced evacuations. As of writing, however, the Marikina Local Government Unit is yet to announce any forced evacuation protocols.

#Voyager",NOT RELEVANT
https://x.com/raoulesperas/status/1816288014513103123,https://twitter.com/raoulesperas/status/1816288014513103123,1816288014513103123,"Wrath of Typhoon Carina, Marikina residents along marikina river removes Tons of mud after the flood subsides @dwiz882newsroom , @dwiz882 , @agilapaliparan https://t.co/Jq22nUMnvH",MILD
https://x.com/ABSCBNNews/status/1816648160783335886,https://twitter.com/ABSCBNNews/status/1816648160783335886,1816648160783335886,"The Senate Spouses Foundation, Inc. (SSFI) will be distributing relief goods for over 2,000 flood-stricken evacuees in Marikina City.

The operation will be led by SSFI President Heart Evangelista, SSFI VP Kat Pimentel, and Nancy dela Rosa. | via @annacerezo_ https://t.co/KO5BTeB8v0",NOT RELEVANT
https://x.com/TheManilaTimes/status/1816380737509330945,https://twitter.com/TheManilaTimes/status/1816380737509330945,1816380737509330945,"AFTER THE STORM

Residents of Barangay Malanday in Marikina City clean and sort their mud-covered belongings on July 25, 2024, a day after their homes were submerged in flood waters caused by the monsoon rains enhanced by Typhoon 'Carina.' PHOTOS BY ISMAEL DE JUAN https://t.co/83sx4k4IGk",SEVERE
https://x.com/TheGUIDON/status/1816002261480530420,https://twitter.com/TheGUIDON/status/1816002261480530420,1816002261480530420,"FLOOD UPDATE: The Marikina River water level has reached 20 meters, maintaining its third alarm status as of July 24, 1:50 PM. 

Forced evacuation procedures are currently being implemented by the Marikina Local Government Unit.

#Voyager https://t.co/Skovzrgxn0",NOT RELEVANT
https://x.com/pupcocdakom/status/1816667879913455953,https://twitter.com/pupcocdakom/status/1816667879913455953,1816667879913455953,"𝗜𝗡 𝗣𝗛𝗢𝗧𝗢𝗦 | Mud accumulated the flood-stricken Barangay Malanday in Marikina City following the joint onslaught of Habagat and Typhoon Carina.
 
The Marikina River reached its third alarm, peaking at 20.7 meters during the heavy flooding on Wednesday, July 24. https://t.co/LgEF1t51nh",SEVERE
https://x.com/mysummitexpress/status/1815995470390649009,https://twitter.com/mysummitexpress/status/1815995470390649009,1815995470390649009,"FLOOD ALERT: Marikina River reaches 𝟑𝒓𝒅 𝒂𝒍𝒂𝒓𝒎
Keep safe, everyone! #CarinaPH https://t.co/bP1bD5DCNW",SEVERE
https://x.com/TheGUIDON/status/1816394858401259649,https://twitter.com/TheGUIDON/status/1816394858401259649,1816394858401259649,"FLOOD UPDATE: As of July 25, 3:00 PM, the Marikina River water level has returned to normal at 14.9 meters.

All alarms have been lifted, according to the Marikina Disaster Risk Reduction and Management Office. 

#Voyager https://t.co/vArzJsR7Ho",NOT RELEVANT
https://x.com/MasungiGeo/status/1817175614207447313,https://twitter.com/MasungiGeo/status/1817175614207447313,1817175614207447313,"WHAT ABOUT OUR GREEN INFRASTRUCTURE? 🌳

 Unsustainable developments and human activities such as quarrying and land-use conversion, have led to severe deforestation of the Upper Marikina Watershed.

 Deforestation has increased flood and disaster risk in downstream cities such as Pasig, Quezon City, and Marikina, as water flows from these mountains all the way to Manila Bay. Unfortunately, studies have cited continued deforestation despite its protected status since 1904. 

What bold actions do you think need to happen to reverse this? As we talk about solutions in grey infrastructure, what about our green infrastructure? 🌊",NOT RELEVANT
https://x.com/JoshuaCAgar/status/1816049258547798200,https://twitter.com/JoshuaCAgar/status/1816049258547798200,1816049258547798200,"The current situation on the Marikina River brings forth the question on whether the recently inaugurated Upper Wawa Dam, in exchange for the displacement of the Dumagat river folks and river livelihoods, has helped in reducing the flood hazard downstream. https://t.co/5EssCBVxl2",MODERATE
https://x.com/tribunephl/status/1816368700490154459,https://twitter.com/tribunephl/status/1816368700490154459,1816368700490154459,"MARIKINA FLOOD EVACUEES

LOOK: Thousands of Marikina residents were evacuated on Thursday, 25 July 2024, as the water level at the Marikina River reached the third alarm during the onslaught of Typhoon Carina. Flood evacuees are currently staying at Malanday Elementary School in Marikina City. | via KING RODRIGUEZ

#CarinaPH
#DailyTribune

For more photos: https://t.co/dHAxEydYHE",NOT RELEVANT
https://x.com/PAGASAFFWS/status/1816102661198078136,https://twitter.com/PAGASAFFWS/status/1816102661198078136,1816102661198078136,"NCR/Pasig Marikina Laguna De Bay River Basin
Flood Bulletin #5
Issued at 9:00 PM, 24 July 2024 https://t.co/mAVBWbcWEB",NOT RELEVANT
https://x.com/IKOT_PH/status/1816753750104826231,https://twitter.com/IKOT_PH/status/1816753750104826231,1816753750104826231,"TINGOG TO THE RESCUE SA MGA BIKTIMA NG BAGYONG CARINA!

After Typhoon Carina and the southwest monsoon, the Offices of House Speaker and Tingog Partylist launched relief operations for flood victims, starting in Marikina City.

READ MORE: https://t.co/hDmWHvQY21 https://t.co/L8veVIRnjO",NOT RELEVANT
https://x.com/PAGASAFFWS/status/1816814900414706047,https://twitter.com/PAGASAFFWS/status/1816814900414706047,1816814900414706047,"NCR/Pasig Marikina Laguna De Bay River Basin
Flood Bulletin #9 Final
Issued at 9PM, 26 July 2024 https://t.co/WDyJnz9SM1",NOT RELEVANT
https://x.com/kiranjoshi235/status/1815956253564121203,https://twitter.com/kiranjoshi235/status/1815956253564121203,1815956253564121203,"Marikit and the height of flood water in the Marikina River. 😭😱
STAY safe 🙏
#MARKINA #MarkinaRiver #Flood #Markit #typhooncarina #Typhoon #TyphoonGaemi #Gaemi #typhooncarina #CarinaPH #CarinaPH #BREAKING #Philippines https://t.co/Q8vHMmkC7I",SEVERE
https://x.com/carlLeiforever/status/1817205817940041766,https://twitter.com/carlLeiforever/status/1817205817940041766,1817205817940041766,My ❤️ full of tnx to my new found family @kimpauinternational for dis help dt they gave to my parents hu suffer flood in Marikina during bagyong carina.dis bring so much happiness 4 dem🥺 natouch po aq subra I ddn't expect I see my parents smiling aftr a hard tyms🥺thankUsomuch🙏 https://t.co/w3hM29OBnA,NOT RELEVANT
https://x.com/iMPACTPH2019/status/1817131211376214514,https://twitter.com/iMPACTPH2019/status/1817131211376214514,1817131211376214514,"INANOD NA RIN BA NG BAHA ANG BILYON-BILYONG PONDO PARA SA FLOOD MITIGATION?'

Sen. Grace Poe criticized the current flood control budget, saying the worsening flooding in Metro Manila does not reflect the increasing funds allocated for flood control projects annually. https://t.co/i7GmVmKnX4",NOT RELEVANT
https://x.com/MnM_PH/status/1817092560093086006,https://twitter.com/MnM_PH/status/1817092560093086006,1817092560093086006,"Senator Grace Poe on Friday, July 26, 2024, questioned the allocation of the budget for flood control following the recent flooding in several areas in Metro Manila caused by Typhoon Carina.

Read: https://t.co/NOkam7mYrS

#MaharlikaNuMedia https://t.co/5fPDEPBTlK",NOT RELEVANT
https://x.com/AttackPig00/status/1816639007494930567,https://twitter.com/AttackPig00/status/1816639007494930567,1816639007494930567,"OFW PARTY LIST HELPS AFFECTED FAMILIES AND COMMUNITIES OF OFWS IN NCR AND NEARBY PROVINCES
 
In response to the devastation caused by Super Typhoon Carina, OFW Party List Representative Marissa ""Del Mar"" Magsino has spearheaded a relief operation to aid affected families and communities of Overseas Filipino Workers (OFWs).
 
The OFW Party List distributed essential goods, including boxes of mineral water, biscuits, and toiletry kits to OFWs, their families, and communities in Makati, Mandaluyong, Marikina, Quezon City, Caloocan, Manila, and Pateros.
 
OFW Party List Leader Kateh Baluyot Zafe’s home was inundated by floodwaters in Mandaluyong during the peak of rainfall yesterday. She asked help from the OFW Party List and immediately received boxes of goods to share with her family and neighbors. She said, “Marami po sa mga kapamilya ng ating OFWs ang apektado ng bagyo. Binaha po ang aming bahay at wala kaming makain lalo’t pagod sa paglilinis ng mga nasirang gamit. Kaya’t humingi po kami ng tulong sa OFW Party List at nagpapasalamat sa agarang tulong nila sa amin pati sa mga kapitbahay namin.”
 
In Marikina, Ms. Pureza Aganan, a sibling of a Filipino seafarer, also received help from OFW Party List. Two floors of her home in Barangay Sto. Nino, Marikina City, was submerged in floodwater.
 
“Naiyak na ako sa pagod. Kinailangan isalba ang mga kapamilya at mga gamit sa mabilis na pagtaas ng baha sa amin. Nagpapasalamat ako na kaagapay namin sa pagbangon sa sakuna ang OFW Party List.”, said Pureza Aganan.
 
Recognizing the widespread impact of the calamity, the OFW Party List and Rep. Marissa ""Del Mar"" Magsino also plan to extend their relief distribution to Bulacan, Laguna, and Cavite in coordination with other government agencies.
 
OFW Party List Representative Marissa ""Del Mar"" Magsino has been in touch with OFW communities for the groundwork necessary for the proper distribution of goods and help to those affected by the typhoon.
 
“Inaalagaan natin ang mga kapamilya at komunidad ng ating mga OFWs ayon sa ating mandato. Subalit gusto din natin na lahat ng pwedeng matulungang komunidad ay marating ng ating kalinga.”, said Rep. Marissa ""Del Mar"" Magsino.
 
Rep. Marissa ""Del Mar"" Magsino also commends the government for its speedy action to help around one million people affected by the typhoon.
 
“Lahat po ngayon na nasa gobyerno ay tulung-tulong sa pagsasaayos at pag-aalaga sa mga nasalanta. Bagama’t may mga naiulat na nasawi, marami pa rin sa atin ang nasa ligtas na kalagayan dahil sa naging aksyon ng ating pamahalaan at pagtutulungan ng mga kababayan.”, added Rep. Marissa ""Del Mar"" Magsino.
 
Meanwhile, Super Typhoon Carina, with the international name Gaemi, has been reported to have entered Taiwan and will soon batter China. Rep. Marissa ""Del Mar"" Magsino calls on the OFWs in Taiwan and China to remain vigilant amidst the typhoon.

“Sa mga OFWs po na nasa Taiwan, protektahan po ninyo ang inyong mga sarili. Maging handa at buksan ang communication channels sa ating Manila Economic and Cultural Office at sa ating Migrant Workers Office. Sa ating mga kababayan sa China, seryoso po ang pinsalang dala ng bagyo. Mag-ingat po at magdasal.”, said Rep. Marissa ""Del Mar"" Magsino.",NOT RELEVANT
https://x.com/PhilstarNews/status/1816634218543480959,https://twitter.com/PhilstarNews/status/1816634218543480959,1816634218543480959,"MALAWAKANG BAHA SA MAYNILA, IIMBESTIGAHAN NG KAMARA

The House committee on Metro Manila development is set to investigate the massive flooding brought about by Typhoon Carina that submerged the whole metropolis and nearby provinces on July 31.

Read: https://t.co/RYBiClcOvM https://t.co/kTHU76Xsb4",NOT RELEVANT
https://x.com/Politiko_Ph/status/1816319062458392876,https://twitter.com/Politiko_Ph/status/1816319062458392876,1816319062458392876,"Bayan Muna chairperson Neri Colmenares called on the government to stop all reclamation projects in Manila Bay amid extreme flooding in the National Capital Region (NCR).

READ: https://t.co/gDxt9JRm3f https://t.co/VfLlsGce6t",NOT RELEVANT
https://x.com/Infinite_Phils/status/1816269572644986974,https://twitter.com/Infinite_Phils/status/1816269572644986974,1816269572644986974,"Good morning, INSPIRITs and OVEs!
Nawa'y ligtas ang lahat at humupa na ang baha sa inyo.

Quick update: as of 7:45am today, there are still 1,427 available tickets for #KIMMYUNGSOOREBOOTMNL.

SVIP - 48
VIP - 328
ORCH - 681
LOGE - 75
BAL - 295
 https://t.co/sT2QwcwJB5 https://t.co/rpzXf4Fz5O",NOT RELEVANT
https://x.com/Michael550265/status/1815965032624316471,https://twitter.com/Michael550265/status/1815965032624316471,1815965032624316471,It's working today sa Metro Manila Baha 🤣🤣🤣 https://t.co/I0a43VvJWm,NOT RELEVANT
https://x.com/mslizueli/status/1815898335812935762,https://twitter.com/mslizueli/status/1815898335812935762,1815898335812935762,"Stay safe again everyone! Weather's rough out there. Sending prayers for homeless peoples, and hoping stray animals find shelter too. 🙏🏻 #WeatherAlert

Marami na ring lugar na baha dito sa amin sa Metro Manila. Patuloy pa rin ang paglakas ng ulan kaya ingat sa lahat https://t.co/HKKyOA4RTv",NOT RELEVANT
https://x.com/xlovruii/status/1815881790336426394,https://twitter.com/xlovruii/status/1815881790336426394,1815881790336426394,"#haonotice — hello! regarding this, i will have to reschedule my mass shipment schedule once again due to the heavy rainfall dito sa manila, baha na din po kasi sa surrounding areas namin. for the safety of the riders and your items lang po ito. i’ll post another notice+ https://t.co/RWtKxrLkOY",MILD
https://x.com/realGebriel990/status/1818424829223354531,https://twitter.com/realGebriel990/status/1818424829223354531,1818424829223354531,"Aquino Gov't 2012 Flood Control Master Plan Will Continue By BBM Admin

Floods can be reduced by 70% -80% in Metro Manila if the drainage master plan is implemented.
This is under the 2012 flood control masterplan of the PNoy admin w/c  is only being resumed, as per DPWH. 
🧐 https://t.co/7RwmAspfdz",NOT RELEVANT
https://x.com/tribunephl/status/1818419592412512560,https://twitter.com/tribunephl/status/1818419592412512560,1818419592412512560,"There were cries of indignation from many quarters at what so obviously was the dismal failure of the flood control system in Metro Manila last 24 July. At the Senate, Francis Escudero, Imee Marcos, JV Ejercito, and Nancy Binay gave it their best shot.

Read more at: https://t.co/fsOF7L3Ay4",NOT RELEVANT
https://x.com/SaitamaClassA69/status/1818308553909862565,https://twitter.com/SaitamaClassA69/status/1818308553909862565,1818308553909862565,"Did you know why Tokyo doesn't flood as much as Manila? 🇯🇵

Japan has built the world's largest underground flood water diversion facility in Tokyo, the Metropolitan Area Outer Underground Discharge Channel , https://t.co/7kw57ThHdv",NOT RELEVANT
https://x.com/freenstulips/status/1818226925149859912,https://twitter.com/freenstulips/status/1818226925149859912,1818226925149859912,"Becky asking how was the flood in Manila

🦦: ""I'm glad you guys are okay, if u need anything please let me know."" 

OH THAT'S SO ATTRACTIVE OF HER 

#beckysangels https://t.co/h747mI4Qhg",NOT RELEVANT
https://x.com/inquirerdotnet/status/1818137281460572301,https://twitter.com/inquirerdotnet/status/1818137281460572301,1818137281460572301,READ: Makabayan bloc lawmakers filed a resolution seeking a House of Representatives probe on the probable impact of reclamation projects on flood-prone areas in NCR and nearby areas after torrential rains from Typhoon Carina and enhanced habagat submerged Metro Manila in floodwater last week. | @jiandradeINQ  /PDI,NOT RELEVANT
https://x.com/jiandrade1og/status/1818133381525471356,https://twitter.com/jiandrade1og/status/1818133381525471356,1818133381525471356,Makabayan bloc lawmakers file resolution seeking a House of Representatives probe on probable impact of reclamation projects to flood-prone areas in NCR &amp; nearby areas after torrential rains from ST Carina &amp; enhanced habagat submerge Metro Manila in floodwater last week https://t.co/sB9EZDJirs,NOT RELEVANT
https://x.com/laiteranidaddy/status/1817925331581595768,https://twitter.com/laiteranidaddy/status/1817925331581595768,1817925331581595768,"PRESS RELEASE
Office of Speaker Ferdinand Martin G. Romualdez
July 28

PBBM submits P6.352-trillion 2025 national budget to House tomorrow

PRESIDENT Ferdinand “Bongbong” R. Marcos Jr. is set to submit his proposed P6.352-trillion national budget for next year to the House of Representatives tomorrow.

The President will make the submission through Budget Secretary Amenah Pangandaman, who will present the proposed outlay and other related documents, including his budget message, to Speaker Ferdinand Martin G. Romualdez and other officials of the House of Representatives.

The turnover will take place at 10 a.m. at the Romualdez Hall of the House at the Batasang Pambansa complex in Quezon City.

On the eve of the submission of the proposed budget to Congress, Speaker Romualdez said the House is ready to receive it and to start committee deliberations as soon as possible.

“We will make sure that enough funds will be allocated for social services and for programs that will sustain our economic growth,” he said.

He said the House would scrutinize budget proposal and would continue to exercise its oversight function to ensure that agencies are judiciously spending the money allocated to them. 

He added that the House would align its version of the 2025 budget with President Marcos’ spending priorities and his Agenda for Prosperity.

The leader of the 300-plus-strong House reiterated his commitment to approve the proposed budget before the first recess of Congress in October.

This week, after inspecting flooded areas in Metro Manila, Speaker Romualdez vowed to initiate a review and an updating of flood control projects in the metropolis and other flood-prone parts of the country.

The President is presenting the budget to Congress exactly a week from the opening of the third and last regular session of the legislature, or three weeks ahead of his constitutional deadline.

The President’s proposal is known as the National Expenditure Program (NEP). The Congress’ version of the budget is called the General Appropriations Bill (GAB). When the President signs the bill into law, it becomes the General Appropriations Act (GAA).

The proposed budget for next year is about P585 billion more than this year’s P5.767 trillion outlay. (END)",NOT RELEVANT
https://x.com/AttackPig00/status/1817886261300076669,https://twitter.com/AttackPig00/status/1817886261300076669,1817886261300076669,"PBBM submits P6.352-trillion 2025 national budget to House tomorrow

PRESIDENT Ferdinand “Bongbong” R. Marcos Jr. is set to submit his proposed P6.352-trillion national budget for next year to the House of Representatives tomorrow.

The President will make the submission through Budget Secretary Amenah Pangandaman, who will present the proposed outlay and other related documents, including his budget message, to Speaker Ferdinand Martin G. Romualdez and other officials of the House of Representatives.

The turnover will take place at 10 a.m. at the Romualdez Hall of the House at the Batasang Pambansa complex in Quezon City.

On the eve of the submission of the proposed budget to Congress, Speaker Romualdez said the House is ready to receive it and to start committee deliberations as soon as possible.

“We will make sure that enough funds will be allocated for social services and for programs that will sustain our economic growth,” he said.

He said the House would scrutinize budget proposal and would continue to exercise its oversight function to ensure that agencies are judiciously spending the money allocated to them. 

He added that the House would align its version of the 2025 budget with President Marcos’ spending priorities and his Agenda for Prosperity.

The leader of the 300-plus-strong House reiterated his commitment to approve the proposed budget before the first recess of Congress in October.

This week, after inspecting flooded areas in Metro Manila, Speaker Romualdez vowed to initiate a review and an updating of flood control projects in the metropolis and other flood-prone parts of the country.

The President is presenting the budget to Congress exactly a week from the opening of the third and last regular session of the legislature, or three weeks ahead of his constitutional deadline.

The President’s proposal is known as the National Expenditure Program (NEP). The Congress’ version of the budget is called the General Appropriations Bill (GAB). When the President signs the bill into law, it becomes the General Appropriations Act (GAA).

The proposed budget for next year is about P585 billion more than this year’s P5.767 trillion outlay.",NOT RELEVANT
https://x.com/anthropam/status/1817783153580474848,https://twitter.com/anthropam/status/1817783153580474848,1817783153580474848,"My dissertation chapter on flood infrastucture in Manila Bay, the basis of the thread below, just passed peer review at Southeast Asia journal (Emerald, Scopus).
Perfect timing!

This will be open access soon. Those who want the draft copy now, just dm me
#NoNaturalDisasters https://t.co/7XaYD6tzZN",NOT RELEVANT
https://x.com/firehorse249791/status/1817646870212272312,https://twitter.com/firehorse249791/status/1817646870212272312,1817646870212272312,[Typhoon Gaemi] Philippines: Oil Spill Spreads as Second Tanker Sinks in Manila Bay https://t.co/LiMLRcIg4m #GlobalWarming #ClimateEmergency #ClimateCrisis #SevereWeather #Landslide #Storm #Flood #TyphoonGaemi #OilSpill #MarineLife #Quezon #ManilaBay #Manila #Taiwan #Philippines https://t.co/qnYmQVjAVC,NOT RELEVANT
https://x.com/laiteranidaddy/status/1817535520093929925,https://twitter.com/laiteranidaddy/status/1817535520093929925,1817535520093929925,"PRESS RELEASE
Office of Speaker Ferdinand Martin G. Romualdez
July 28

PBBM submits P6.352-trillion 2025 national budget to House tomorrow

PRESIDENT Ferdinand “Bongbong” R. Marcos Jr. is set to submit his proposed P6.352-trillion national budget for next year to the House of Representatives tomorrow.

The President will make the submission through Budget Secretary Amenah Pangandaman, who will present the proposed outlay and other related documents, including his budget message, to Speaker Ferdinand Martin G. Romualdez and other officials of the House of Representatives.

The turnover will take place at 10 a.m. at the Romualdez Hall of the House at the Batasang Pambansa complex in Quezon City.

On the eve of the submission of the proposed budget to Congress, Speaker Romualdez said the House is ready to receive it and to start committee deliberations as soon as possible.

“We will make sure that enough funds will be allocated for social services and for programs that will sustain our economic growth,” he said.

He said the House would scrutinize budget proposal and would continue to exercise its oversight function to ensure that agencies are judiciously spending the money allocated to them. 

He added that the House would align its version of the 2025 budget with President Marcos’ spending priorities and his Agenda for Prosperity.

The leader of the 300-plus-strong House reiterated his commitment to approve the proposed budget before the first recess of Congress in October.

This week, after inspecting flooded areas in Metro Manila, Speaker Romualdez vowed to initiate a review and an updating of flood control projects in the metropolis and other flood-prone parts of the country.

The President is presenting the budget to Congress exactly a week from the opening of the third and last regular session of the legislature, or three weeks ahead of his constitutional deadline.

The President’s proposal is known as the National Expenditure Program (NEP). The Congress’ version of the budget is called the General Appropriations Bill (GAB). When the President signs the bill into law, it becomes the General Appropriations Act (GAA).

The proposed budget for next year is about P585 billion more than this year’s P5.767 trillion outlay. (END)",NOT RELEVANT
https://x.com/ABSCBNNews/status/1817532565953434104,https://twitter.com/ABSCBNNews/status/1817532565953434104,1817532565953434104,"LOOK: Trash and flood debris pile up along Kaliraya St. Bgy. Tatalon, Quezon City, on Sunday, July 28, four days after the enhanced southwest monsoon caused massive flooding in Metro Manila.

Residents are appealing for the immediate collection of the debris, which occupies half of the street, making it impassable to four-wheel vehicles. | via Maria Tan, ABS-CBN News",MILD
https://x.com/AttackPig00/status/1817509755210072543,https://twitter.com/AttackPig00/status/1817509755210072543,1817509755210072543,"PBBM submits P6.352-trillion 2025 national budget to House tomorrow

PRESIDENT Ferdinand “Bongbong” R. Marcos Jr. is set to submit his proposed P6.352-trillion national budget for next year to the House of Representatives tomorrow.

The President will make the submission through Budget Secretary Amenah Pangandaman, who will present the proposed outlay and other related documents, including his budget message, to Speaker Ferdinand Martin G. Romualdez and other officials of the House of Representatives.

The turnover will take place at 10 a.m. at the Romualdez Hall of the House at the Batasang Pambansa complex in Quezon City.

On the eve of the submission of the proposed budget to Congress, Speaker Romualdez said the House is ready to receive it and to start committee deliberations as soon as possible.

“We will make sure that enough funds will be allocated for social services and for programs that will sustain our economic growth,” he said.

He said the House would scrutinize budget proposal and would continue to exercise its oversight function to ensure that agencies are judiciously spending the money allocated to them. 

He added that the House would align its version of the 2025 budget with President Marcos’ spending priorities and his Agenda for Prosperity.

The leader of the 300-plus-strong House reiterated his commitment to approve the proposed budget before the first recess of Congress in October.

This week, after inspecting flooded areas in Metro Manila, Speaker Romualdez vowed to initiate a review and an updating of flood control projects in the metropolis and other flood-prone parts of the country.

The President is presenting the budget to Congress exactly a week from the opening of the third and last regular session of the legislature, or three weeks ahead of his constitutional deadline.

The President’s proposal is known as the National Expenditure Program (NEP). The Congress’ version of the budget is called the General Appropriations Bill (GAB). When the President signs the bill into law, it becomes the General Appropriations Act (GAA).

The proposed budget for next year is about P585 billion more than this year’s P5.767 trillion outlay.",NOT RELEVANT
https://x.com/tribunephl/status/1817388146285539756,https://twitter.com/tribunephl/status/1817388146285539756,1817388146285539756,"Navotas Representative Toby Tiangco supported the call of President Ferdinand Marcos Jr. to develop a National Flood Control Plan in the aftermath of typhoon “Carina” and the massive flooding experienced in Metro Manila and other parts of Luzon.

Read more at: https://t.co/PgnplZsxfa",NOT RELEVANT
https://x.com/PNPAbra1stPMFC/status/1817377635376476479,https://twitter.com/PNPAbra1stPMFC/status/1817377635376476479,1817377635376476479,𝐅𝐨𝐫 𝐈𝐧𝐟𝐨! The Metropolitan Manila Development Authority (MMDA) released a flood gauge that's complete with standard measurements and road accessibility to help the public determine how high the different water levels could get and make informed decisions from it. https://t.co/KJV3vilPZX,NOT RELEVANT
https://x.com/PhilippineStar/status/1817360573530816696,https://twitter.com/PhilippineStar/status/1817360573530816696,1817360573530816696,Senators on Saturday demanded answers from the Department of Public Works and Highways (DPWH) and the Metropolitan Manila Development Authority (MMDA) for the failure of flood control projects to curb flooding in Metro Manila. https://t.co/O4zqp3xNar https://t.co/kH0RdymmDS,NOT RELEVANT
https://x.com/Rolandpapa01/status/1817328286453616946,https://twitter.com/Rolandpapa01/status/1817328286453616946,1817328286453616946,"@MamaPiaya P27B metro manila flood control project

IMPLEMENTATION/END Date: 2017 to 2024 https://t.co/E8lkknvO7q",NOT RELEVANT
https://x.com/News5PH/status/1817175729315983655,https://twitter.com/News5PH/status/1817175729315983655,1817175729315983655,"Super Typhoon #CarinaPH and the southwest monsoon submerged Metro Manila and nearby provinces in massive flooding, raising questions about the 5,500 flood control projects that were touted by Pres. #BongbongMarcos Jr. during his third #SONA. #News5

READ: https://t.co/ugyHKFHPls https://t.co/R9spKSDgkv",NOT RELEVANT
https://x.com/MasungiGeo/status/1817175614207447313,https://twitter.com/MasungiGeo/status/1817175614207447313,1817175614207447313,"WHAT ABOUT OUR GREEN INFRASTRUCTURE? 🌳

 Unsustainable developments and human activities such as quarrying and land-use conversion, have led to severe deforestation of the Upper Marikina Watershed.

 Deforestation has increased flood and disaster risk in downstream cities such as Pasig, Quezon City, and Marikina, as water flows from these mountains all the way to Manila Bay. Unfortunately, studies have cited continued deforestation despite its protected status since 1904. 

What bold actions do you think need to happen to reverse this? As we talk about solutions in grey infrastructure, what about our green infrastructure? 🌊",NOT RELEVANT
https://x.com/hoonierei/status/1817173733238620297,https://twitter.com/hoonierei/status/1817173733238620297,1817173733238620297,"@anyawillshareit @KardasBrad @Softytwins @mskrissant thaank youu so mucch for all sponsors🥹 so kind and generous, im not good at english sorryy😭✨

i will use sa naisend ni ate since hindi me malam sa edit eh🥹

Little anger because of some people and fear for what’s happening now in manila a big flood 😭 and also big joy💗 https://t.co/qFmyliTh9W",NOT RELEVANT
https://x.com/ABSCBNNews/status/1817532565953434104,https://twitter.com/ABSCBNNews/status/1817532565953434104,1817532565953434104,"LOOK: Trash and flood debris pile up along Kaliraya St. Bgy. Tatalon, Quezon City, on Sunday, July 28, four days after the enhanced southwest monsoon caused massive flooding in Metro Manila.

Residents are appealing for the immediate collection of the debris, which occupies half of the street, making it impassable to four-wheel vehicles. | via Maria Tan, ABS-CBN News",MILD
https://x.com/iMPACTPH2019/status/1817131211376214514,https://twitter.com/iMPACTPH2019/status/1817131211376214514,1817131211376214514,"INANOD NA RIN BA NG BAHA ANG BILYON-BILYONG PONDO PARA SA FLOOD MITIGATION?'

Sen. Grace Poe criticized the current flood control budget, saying the worsening flooding in Metro Manila does not reflect the increasing funds allocated for flood control projects annually. https://t.co/i7GmVmKnX4",NOT RELEVANT
https://x.com/manilabulletin/status/1817495125549035791,https://twitter.com/manilabulletin/status/1817495125549035791,1817495125549035791,"LOOK: A massive pile of rubbish from the recent flood now covers three-fourths of Kaliraya Street in Barangay Tatalon, Quezon City, causing the street to have limited access to just two and three-wheeled vehicles on Sunday, July 28, four days after the onslaught of Typhoon Carina and enhanced southwest monsoon. 

📷: Noel B. Pabalate | MB",SEVERE
https://x.com/manilabulletin/status/1816697844495188307,https://twitter.com/manilabulletin/status/1816697844495188307,1816697844495188307,"Flood control should be a national plan, President Marcos stressed as he dwelled on the impacts of super typhoon Carina and enhanced southwest monsoon or habagat in various parts of Luzon this week.

READ: https://t.co/yoxe8mhTpQ https://t.co/Bt2ltYWadd",NOT RELEVANT
https://x.com/gmanews/status/1815836370004316547,https://twitter.com/gmanews/status/1815836370004316547,1815836370004316547,"Heavy Rainfall Warning No. 19-A
Weather System: Enhanced Southwest Monsoon (Habagat)
Issued at: 3:00 AM, 24 July 2024(Wednesday)

RED WARNING LEVEL:
- Metro Manila
- Cavite
- Bataan

ASSOCIATED HAZARD: Serious flooding is expected in flood-prone areas.

ORANGE WARNING LEVEL:
- Rizal
- Laguna
- Batangas
- Pampanga
- Bulacan
- Zambales

ASSOCIATED HAZARD: Flooding is still threatening.

YELLOW WARNING LEVEL:
- Tarlac

ASSOCIATED HAZARD: Flooding in flood-prone areas.

Meanwhile, light to moderate with occasional heavy rains will affect Nueva Ecija and Quezon, which may persist within 3 hours.

Source: PAGASA",NOT RELEVANT
https://x.com/cebudailynews/status/1816296134597317042,https://twitter.com/cebudailynews/status/1816296134597317042,1816296134597317042,"DONATION DRIVES FOR TYPHOON CARINA VICTIMS

LOOK: Here are some donation drives and relief operations by various non-government and non-profit groups to support flood victims in Metro Manila and parts of Luzon. https://t.co/g86qntiwyu",NOT RELEVANT
https://x.com/manilabulletin/status/1816046001662353554,https://twitter.com/manilabulletin/status/1816046001662353554,1816046001662353554,"LOOK: The PCG rescues more than 40 residents trapped in chest-deep flood in Novaliches, Quezon City and North Caloocan on Wednesday, July 24. #CarinaPH (Photo courtesy of PCG) via Martin Sadongdong https://t.co/BrAO0MFAmo",SEVERE
https://x.com/PhilippineStar/status/1816262965043339643,https://twitter.com/PhilippineStar/status/1816262965043339643,1816262965043339643,Farmers’ group Kilusang Magbubukid ng Pilipinas (KMP) said on Wednesday that the Department of Public Works and Highways (DPWH) should explain what happened to the multibillion-peso budget for flood control amid the flooding in Metro Manila and nearby provinces. https://t.co/g68PIl30tT | via @onenewsph,SEVERE
https://x.com/anthropam/status/1817783153580474848,https://twitter.com/anthropam/status/1817783153580474848,1817783153580474848,"My dissertation chapter on flood infrastucture in Manila Bay, the basis of the thread below, just passed peer review at Southeast Asia journal (Emerald, Scopus).
Perfect timing!

This will be open access soon. Those who want the draft copy now, just dm me
#NoNaturalDisasters https://t.co/7XaYD6tzZN",NOT RELEVANT
https://x.com/mnlstandardph/status/1816373811534799091,https://twitter.com/mnlstandardph/status/1816373811534799091,1816373811534799091,"LOOK | Volunteers clean the San Antonio De Padua Parish in Brgy San Antonio, Quezon City, after it was devastated by a flood over 10 feet high caused by Typhoon Carina and the southwest monsoon (Habagat) yesterday. https://t.co/IhMNg4upos",MILD
https://x.com/anthropam/status/1816133782182977667,https://twitter.com/anthropam/status/1816133782182977667,1816133782182977667,"City of Manila DRRM Office includes animals in flood rescue ops 😊 
Many pet &amp; livestock owners risk their lives to save their animals. 
By including animals in response plans we indirectly save human lives.

Hard yes to more-than-human disaster response 🦺❤️🐶

📷 Manila DRRM https://t.co/ipYHTI0ATs",SEVERE
https://x.com/rapplerdotcom/status/1816119763422306320,https://twitter.com/rapplerdotcom/status/1816119763422306320,1816119763422306320,"Arlegui Street in Quiapo, Manila, is submerged in flood on Wednesday, July 24, following heavy rain from the enhanced southwest monsoon. #HabagatPH 📷 Alecs Ongcal/Rappler

UPDATES: https://t.co/7W47lTnu2Y https://t.co/aCjkeBE35o",MILD
https://x.com/rapplerdotcom/status/1816006303992479748,https://twitter.com/rapplerdotcom/status/1816006303992479748,1816006303992479748,The entire Metro Manila has been placed under a state of calamity due to heavy rain and flood brought by the southwest monsoon or #HabagatPH enhanced by #CarinaPH. https://t.co/Gk0X1DL9pG https://t.co/tWFJw4mCYT,SEVERE
https://x.com/ABSCBNNews/status/1816153247419359481,https://twitter.com/ABSCBNNews/status/1816153247419359481,1816153247419359481,"Residents affected by flooding and torrential rains took shelter at the Holy Family Parish in Novaliches, Quezon City.

The typhoon-enhanced southwest monsoon submerged many areas in Metro Manila and nearby provinces under flood.

The parish also offered food for the evacuees and thanked those who donated for the residents.

📷: Holy Family Parish - Gulod, Diocese of Novaliches",NOT RELEVANT
https://x.com/ABSCBNNews/status/1816351212880683450,https://twitter.com/ABSCBNNews/status/1816351212880683450,1816351212880683450,"Manila Archbishop Jose Cardinal Advincula directs all parish priests, team ministry moderators and members to conduct second collection during masses to help flood victims. | via @sherieanntorres https://t.co/1BrZnWgiOZ",NOT RELEVANT
https://x.com/PhilippineStar/status/1816039995842650463,https://twitter.com/PhilippineStar/status/1816039995842650463,1816039995842650463,"#CARINAPH NOW A SUPER TYPHOON

PAGASA declared #CarinaPH a supertyphoon after heavy rains and flood on Wednesday. According to their 5 PM weather bulletin, #CarinaPH has a maximum sustained winds of 185 km/h with a gustiness of up to 230 km/h.

Metro Manila has been declared under a state of calamity due to the effects of #CarinaPH and southwest monsoon.",NOT RELEVANT
https://x.com/manilabulletin/status/1816062118736936971,https://twitter.com/manilabulletin/status/1816062118736936971,1816062118736936971,"#WalangPasok: Mayor Jeannie Sandoval announced the suspension of classes in all levels on Thursday, July 25, due to flood and heavy rains. l via Allysa Nievera https://t.co/Gy4Bp9eZU4",NOT RELEVANT
https://x.com/rapplerdotcom/status/1816657895012094068,https://twitter.com/rapplerdotcom/status/1816657895012094068,1816657895012094068,"WHAT WILL IT TAKE TO STOP METRO MANILA FLOODING?

We talk to Guillermo Tabios III, professor emeritus at UP Institute of Civil Engineering and an expert on flood control systems, and Pamela Cajilig, design anthropologist, about infrastructure and community efforts that help lessen the damage of flooding. Did government flood control projects help during #HabagatPH? What else should we be doing?

Catch the interview at 7 pm on Friday, July 26. Watch the episode here: https://t.co/bxI8DxsIfG

#BeTheGood #MakeManilaLiveable #Agos",NOT RELEVANT
https://x.com/PhilippineStar/status/1816322485618631132,https://twitter.com/PhilippineStar/status/1816322485618631132,1816322485618631132,"A man was found floating in the floodwaters of Tondo, Manila on Wednesday after he was reportedly electrocuted. https://t.co/OausM8hRay https://t.co/bYUhB0U28w",MILD
https://x.com/anakbayan_ph/status/1816330234830151855,https://twitter.com/anakbayan_ph/status/1816330234830151855,1816330234830151855,"[ENGLISH TRANSLATION] Days after 2024 SONA, #CarinaPH debunks Marcos’ empty rhetoric and exposes the real state of the nation.

Marcos, Duterte and their so-called flood control projects are nowhere to be found as Metro Manila is now in a state of calamity. https://t.co/PYEPQ8QvMl",SEVERE
https://x.com/AttackPig00/status/1816639007494930567,https://twitter.com/AttackPig00/status/1816639007494930567,1816639007494930567,"OFW PARTY LIST HELPS AFFECTED FAMILIES AND COMMUNITIES OF OFWS IN NCR AND NEARBY PROVINCES
 
In response to the devastation caused by Super Typhoon Carina, OFW Party List Representative Marissa ""Del Mar"" Magsino has spearheaded a relief operation to aid affected families and communities of Overseas Filipino Workers (OFWs).
 
The OFW Party List distributed essential goods, including boxes of mineral water, biscuits, and toiletry kits to OFWs, their families, and communities in Makati, Mandaluyong, Marikina, Quezon City, Caloocan, Manila, and Pateros.
 
OFW Party List Leader Kateh Baluyot Zafe’s home was inundated by floodwaters in Mandaluyong during the peak of rainfall yesterday. She asked help from the OFW Party List and immediately received boxes of goods to share with her family and neighbors. She said, “Marami po sa mga kapamilya ng ating OFWs ang apektado ng bagyo. Binaha po ang aming bahay at wala kaming makain lalo’t pagod sa paglilinis ng mga nasirang gamit. Kaya’t humingi po kami ng tulong sa OFW Party List at nagpapasalamat sa agarang tulong nila sa amin pati sa mga kapitbahay namin.”
 
In Marikina, Ms. Pureza Aganan, a sibling of a Filipino seafarer, also received help from OFW Party List. Two floors of her home in Barangay Sto. Nino, Marikina City, was submerged in floodwater.
 
“Naiyak na ako sa pagod. Kinailangan isalba ang mga kapamilya at mga gamit sa mabilis na pagtaas ng baha sa amin. Nagpapasalamat ako na kaagapay namin sa pagbangon sa sakuna ang OFW Party List.”, said Pureza Aganan.
 
Recognizing the widespread impact of the calamity, the OFW Party List and Rep. Marissa ""Del Mar"" Magsino also plan to extend their relief distribution to Bulacan, Laguna, and Cavite in coordination with other government agencies.
 
OFW Party List Representative Marissa ""Del Mar"" Magsino has been in touch with OFW communities for the groundwork necessary for the proper distribution of goods and help to those affected by the typhoon.
 
“Inaalagaan natin ang mga kapamilya at komunidad ng ating mga OFWs ayon sa ating mandato. Subalit gusto din natin na lahat ng pwedeng matulungang komunidad ay marating ng ating kalinga.”, said Rep. Marissa ""Del Mar"" Magsino.
 
Rep. Marissa ""Del Mar"" Magsino also commends the government for its speedy action to help around one million people affected by the typhoon.
 
“Lahat po ngayon na nasa gobyerno ay tulung-tulong sa pagsasaayos at pag-aalaga sa mga nasalanta. Bagama’t may mga naiulat na nasawi, marami pa rin sa atin ang nasa ligtas na kalagayan dahil sa naging aksyon ng ating pamahalaan at pagtutulungan ng mga kababayan.”, added Rep. Marissa ""Del Mar"" Magsino.
 
Meanwhile, Super Typhoon Carina, with the international name Gaemi, has been reported to have entered Taiwan and will soon batter China. Rep. Marissa ""Del Mar"" Magsino calls on the OFWs in Taiwan and China to remain vigilant amidst the typhoon.

“Sa mga OFWs po na nasa Taiwan, protektahan po ninyo ang inyong mga sarili. Maging handa at buksan ang communication channels sa ating Manila Economic and Cultural Office at sa ating Migrant Workers Office. Sa ating mga kababayan sa China, seryoso po ang pinsalang dala ng bagyo. Mag-ingat po at magdasal.”, said Rep. Marissa ""Del Mar"" Magsino.",NOT RELEVANT
https://x.com/iMPACTPH2019/status/1817131211376214514,https://twitter.com/iMPACTPH2019/status/1817131211376214514,1817131211376214514,"INANOD NA RIN BA NG BAHA ANG BILYON-BILYONG PONDO PARA SA FLOOD MITIGATION?'

Sen. Grace Poe criticized the current flood control budget, saying the worsening flooding in Metro Manila does not reflect the increasing funds allocated for flood control projects annually. https://t.co/i7GmVmKnX4",NOT RELEVANT
https://x.com/xlovruii/status/1815881790336426394,https://twitter.com/xlovruii/status/1815881790336426394,1815881790336426394,"#haonotice — hello! regarding this, i will have to reschedule my mass shipment schedule once again due to the heavy rainfall dito sa manila, baha na din po kasi sa surrounding areas namin. for the safety of the riders and your items lang po ito. i’ll post another notice+ https://t.co/RWtKxrLkOY",MILD
https://x.com/MnM_PH/status/1817092560093086006,https://twitter.com/MnM_PH/status/1817092560093086006,1817092560093086006,"Senator Grace Poe on Friday, July 26, 2024, questioned the allocation of the budget for flood control following the recent flooding in several areas in Metro Manila caused by Typhoon Carina.

Read: https://t.co/NOkam7mYrS

#MaharlikaNuMedia https://t.co/5fPDEPBTlK",NOT RELEVANT
https://x.com/PhilstarNews/status/1816634218543480959,https://twitter.com/PhilstarNews/status/1816634218543480959,1816634218543480959,"MALAWAKANG BAHA SA MAYNILA, IIMBESTIGAHAN NG KAMARA

The House committee on Metro Manila development is set to investigate the massive flooding brought about by Typhoon Carina that submerged the whole metropolis and nearby provinces on July 31.

Read: https://t.co/RYBiClcOvM https://t.co/kTHU76Xsb4",NOT RELEVANT
https://x.com/Infinite_Phils/status/1816269572644986974,https://twitter.com/Infinite_Phils/status/1816269572644986974,1816269572644986974,"Good morning, INSPIRITs and OVEs!
Nawa'y ligtas ang lahat at humupa na ang baha sa inyo.

Quick update: as of 7:45am today, there are still 1,427 available tickets for #KIMMYUNGSOOREBOOTMNL.

SVIP - 48
VIP - 328
ORCH - 681
LOGE - 75
BAL - 295
 https://t.co/sT2QwcwJB5 https://t.co/rpzXf4Fz5O",NOT RELEVANT
https://x.com/Politiko_Ph/status/1816319062458392876,https://twitter.com/Politiko_Ph/status/1816319062458392876,1816319062458392876,"Bayan Muna chairperson Neri Colmenares called on the government to stop all reclamation projects in Manila Bay amid extreme flooding in the National Capital Region (NCR).

READ: https://t.co/gDxt9JRm3f https://t.co/VfLlsGce6t",NOT RELEVANT
https://x.com/Michael550265/status/1815965032624316471,https://twitter.com/Michael550265/status/1815965032624316471,1815965032624316471,It's working today sa Metro Manila Baha 🤣🤣🤣 https://t.co/I0a43VvJWm,NOT RELEVANT
https://x.com/AttackPig00/status/1816639007494930567,https://twitter.com/AttackPig00/status/1816639007494930567,1816639007494930567,"OFW PARTY LIST HELPS AFFECTED FAMILIES AND COMMUNITIES OF OFWS IN NCR AND NEARBY PROVINCES
 
In response to the devastation caused by Super Typhoon Carina, OFW Party List Representative Marissa ""Del Mar"" Magsino has spearheaded a relief operation to aid affected families and communities of Overseas Filipino Workers (OFWs).
 
The OFW Party List distributed essential goods, including boxes of mineral water, biscuits, and toiletry kits to OFWs, their families, and communities in Makati, Mandaluyong, Marikina, Quezon City, Caloocan, Manila, and Pateros.
 
OFW Party List Leader Kateh Baluyot Zafe’s home was inundated by floodwaters in Mandaluyong during the peak of rainfall yesterday. She asked help from the OFW Party List and immediately received boxes of goods to share with her family and neighbors. She said, “Marami po sa mga kapamilya ng ating OFWs ang apektado ng bagyo. Binaha po ang aming bahay at wala kaming makain lalo’t pagod sa paglilinis ng mga nasirang gamit. Kaya’t humingi po kami ng tulong sa OFW Party List at nagpapasalamat sa agarang tulong nila sa amin pati sa mga kapitbahay namin.”
 
In Marikina, Ms. Pureza Aganan, a sibling of a Filipino seafarer, also received help from OFW Party List. Two floors of her home in Barangay Sto. Nino, Marikina City, was submerged in floodwater.
 
“Naiyak na ako sa pagod. Kinailangan isalba ang mga kapamilya at mga gamit sa mabilis na pagtaas ng baha sa amin. Nagpapasalamat ako na kaagapay namin sa pagbangon sa sakuna ang OFW Party List.”, said Pureza Aganan.
 
Recognizing the widespread impact of the calamity, the OFW Party List and Rep. Marissa ""Del Mar"" Magsino also plan to extend their relief distribution to Bulacan, Laguna, and Cavite in coordination with other government agencies.
 
OFW Party List Representative Marissa ""Del Mar"" Magsino has been in touch with OFW communities for the groundwork necessary for the proper distribution of goods and help to those affected by the typhoon.
 
“Inaalagaan natin ang mga kapamilya at komunidad ng ating mga OFWs ayon sa ating mandato. Subalit gusto din natin na lahat ng pwedeng matulungang komunidad ay marating ng ating kalinga.”, said Rep. Marissa ""Del Mar"" Magsino.
 
Rep. Marissa ""Del Mar"" Magsino also commends the government for its speedy action to help around one million people affected by the typhoon.
 
“Lahat po ngayon na nasa gobyerno ay tulung-tulong sa pagsasaayos at pag-aalaga sa mga nasalanta. Bagama’t may mga naiulat na nasawi, marami pa rin sa atin ang nasa ligtas na kalagayan dahil sa naging aksyon ng ating pamahalaan at pagtutulungan ng mga kababayan.”, added Rep. Marissa ""Del Mar"" Magsino.
 
Meanwhile, Super Typhoon Carina, with the international name Gaemi, has been reported to have entered Taiwan and will soon batter China. Rep. Marissa ""Del Mar"" Magsino calls on the OFWs in Taiwan and China to remain vigilant amidst the typhoon.

“Sa mga OFWs po na nasa Taiwan, protektahan po ninyo ang inyong mga sarili. Maging handa at buksan ang communication channels sa ating Manila Economic and Cultural Office at sa ating Migrant Workers Office. Sa ating mga kababayan sa China, seryoso po ang pinsalang dala ng bagyo. Mag-ingat po at magdasal.”, said Rep. Marissa ""Del Mar"" Magsino.",NOT RELEVANT
https://x.com/PAGASAFFWS/status/1816457267736408466,https://twitter.com/PAGASAFFWS/status/1816457267736408466,1816457267736408466,"NCR/Pasig Marikina Laguna De Bay River Basin
Flood Bulletin #7
Issued at 9:00 PM, 25 July 2024 https://t.co/oj9IqbpNIk",NOT RELEVANT
https://x.com/kiranjoshi235/status/1816066117120712792,https://twitter.com/kiranjoshi235/status/1816066117120712792,1816066117120712792,"Situation in Metro Manila during typhoon Carina.  It is known that vehicles cannot cross the ocean due to the flood and the water level in the Pasig River is rising.

 #Philippine #Flooding
 #CarinaPH
#Carina
#TyphoonCarina #TyphoonGaemi 
#TyphoonGaemi #세븐틴  #Flood https://t.co/ANx8K2Ovx0",SEVERE
https://x.com/heritageispeopl/status/1816197769864044710,https://twitter.com/heritageispeopl/status/1816197769864044710,1816197769864044710,"Flooding at Bilibid Viejo, Quiapo, Manila 1915. Quiapo has since been flood-prone, being a ""River delta"". A land mass with many esteros feeding flood water from the north to the Pasig River.

Nowadays those floodways are gone, replaced by roads.

#CarinaPH #HeritageisPeople https://t.co/9CKAgVJGW9",MILD
https://x.com/PAGASAFFWS/status/1816814900414706047,https://twitter.com/PAGASAFFWS/status/1816814900414706047,1816814900414706047,"NCR/Pasig Marikina Laguna De Bay River Basin
Flood Bulletin #9 Final
Issued at 9PM, 26 July 2024 https://t.co/WDyJnz9SM1",NOT RELEVANT
https://x.com/MasungiGeo/status/1816028212109140161,https://twitter.com/MasungiGeo/status/1816028212109140161,1816028212109140161,"The onset of Typhoon #CarinaPH affecting Rizal and Metro Manila highlights the urgent need for ecosystem-based disaster risk mitigation systems, especially in areas like the Upper Marikina Watershed.

By leveraging natural processes such as reforestation and water flow regulation, we can reduce flood risks and erosion, providing cost-effective alternatives to traditional infrastructure. These strategies not only protect downstream communities but also enhance climate resilience, according to the World Bank's Modeling Study for the Philippines.

👣 Request a private trail visit at least four days before your intended date of visit through https://t.co/UwO4do5APb. Conservation fees go to the upkeep of the georeserve and the restoration of surrounding watersheds.

🦋 Join our Shared Trail experience every Thursday and Friday at 8:00 AM. Request your spot by emailing programs@masungigeoreserve.com at least three days before your planned visit.

🌳 Stand with us by signing the petition to safeguard the Masungi Geopark Project: https://t.co/VsbfIksKYc

📨 Express your support for the MGP directly to the DENR Secretary Yulo-Loyzaga: osec@denr.gov.ph and President Bong Bong Marcos Jr.: pace@op.gov.ph and cc: communications@masungigeoreserve.com

Your voices matter. #SaveMasungi",NOT RELEVANT
https://x.com/realGebriel990/status/1816021310570406362,https://twitter.com/realGebriel990/status/1816021310570406362,1816021310570406362,"Marikina River Is In Critical Level

The Marikina River is measured about 18.5 meters - 20 meters w/c  means at a critical level, this will be a warning in Metro Manila.

The worst part to be worried there's a high tide, the water is stuck &amp; the bridge will reached by the flood. https://t.co/epAxUsXkJ6",SEVERE
https://x.com/Bingoplusph/status/1816012560308842591,https://twitter.com/Bingoplusph/status/1816012560308842591,1816012560308842591,"𝗖𝗔𝗟𝗟 𝗜𝗙 𝗬𝗢𝗨 𝗡𝗘𝗘𝗗 𝗛𝗘𝗟𝗣, 𝗠𝗚𝗔 𝗞𝗔-𝗕𝗣! 🚨

𝗡𝗔𝗧𝗜𝗢𝗡𝗔𝗟 𝗘𝗠𝗘𝗥𝗚𝗘𝗡𝗖𝗬 𝗛𝗢𝗧𝗟𝗜𝗡𝗘 - 911

𝗣𝗛𝗜𝗟𝗜𝗣𝗣𝗜𝗡𝗘 𝗥𝗘𝗗 𝗖𝗥𝗢𝗦𝗦
Hotline: 143, (02) 527-0000, (02) 527-8385 to 95
Disaster Management Office: 143(Staff), 132(Manager),133(Radio Room)

𝗡𝗔𝗧𝗜𝗢𝗡𝗔𝗟 𝗗𝗜𝗦𝗔𝗦𝗧𝗘𝗥 𝗥𝗜𝗦𝗞 𝗥𝗘𝗗𝗨𝗖𝗧𝗜𝗢𝗡 𝗔𝗡𝗗 𝗠𝗔𝗡𝗔𝗚𝗘𝗠𝗘𝗡𝗧 𝗖𝗢𝗨𝗡𝗖𝗜𝗟 (𝗡𝗗𝗥𝗥𝗠𝗖)
Trunkline: 911-5061 to 65
Phone Number: (+632) 91114016, (+632) 9122665

𝗣𝗔𝗚-𝗔𝗦𝗔
Hotline: (02) 824-0800

𝗗𝗘𝗣𝗔𝗥𝗧𝗠𝗘𝗡𝗧 𝗢𝗙 𝗦𝗢𝗖𝗜𝗔𝗟 𝗪𝗘𝗟𝗙𝗔𝗥𝗘 𝗔𝗡𝗗 𝗗𝗘𝗩𝗘𝗟𝗢𝗣𝗠𝗘𝗡𝗧
GLOBE: 09171105686 at 09178272543
SMART: 09199116200
inquiry@dswd.gov.ph

𝗣𝗛𝗜𝗟𝗜𝗣𝗣𝗜𝗡𝗘 𝗡𝗔𝗧𝗜𝗢𝗡𝗔𝗟 𝗣𝗢𝗟𝗜𝗖𝗘 𝗛𝗢𝗧𝗟𝗜𝗡𝗘 𝗣𝗔𝗧𝗥𝗢𝗟
Hotline: 117, 722-0650
Text Hotline: 0917-847-5757

𝗕𝗨𝗥𝗘𝗔𝗨 𝗢𝗙 𝗙𝗜𝗥𝗘 𝗣𝗥𝗢𝗧𝗘𝗧𝗜𝗢𝗡 (𝗡𝗖𝗥)
Direct Hotline: (02) 426-0219, (02)426-3812, (02) 426-0246

𝗣𝗛𝗜𝗟𝗜𝗣𝗣𝗜𝗡𝗘 𝗖𝗢𝗔𝗦𝗧 𝗚𝗨𝗔𝗥𝗗
Trunkline: (02) 527-8481 to 89
Action Center: (02) 527-3877
0917-PCG-DOTC 0917-724-3682(Globe)
0918-967-4697

𝗠𝗘𝗧𝗥𝗢 𝗠𝗔𝗡𝗜𝗟𝗔 𝗗𝗘𝗩𝗘𝗟𝗢𝗣𝗠𝗘𝗡𝗧 𝗔𝗨𝗧𝗛𝗢𝗥𝗜𝗧𝗬
Hotline:136
Trunkline: (02) 882-4150-77
loc. 337 (Rescue)
255 (Metrobase)
319 (Road Safety)
374 (Public Safety)
320 (Road Emergency)
(02) 882-0925 (Flood Control)

𝗗𝗘𝗣𝗔𝗥𝗧𝗠𝗘𝗡𝗧 𝗢𝗙 𝗖𝗢𝗠𝗠𝗨𝗡𝗜𝗖𝗔𝗧𝗜𝗢𝗡
(DOTC) Central Hotline
Public Assiatnce Center: 7890

𝗠𝗔𝗡𝗜𝗟𝗔 𝗜𝗡𝗧𝗘𝗥𝗡𝗔𝗧𝗜𝗢𝗡𝗔𝗟 𝗔𝗜𝗥𝗣𝗢𝗥𝗧 𝗔𝗨𝗧𝗛𝗢𝗥𝗜𝗧𝗬
Text Hotline: 0917-839-6462 (TEXTNAIA)
Terminals 1,2,and 4: 877-1109 and loc. 2444
Terminal 3: 887-7888 loc. 8046

𝗠𝗘𝗧𝗥𝗢 𝗠𝗔𝗡𝗜𝗟𝗔 𝗘𝗠𝗘𝗥𝗚𝗘𝗡𝗖𝗬 𝗛𝗢𝗧𝗟𝗜𝗡𝗘𝗦
Metro Manila:
San Juan City: 238-43-33
Paranaque City: 829-09-22
Muntinlupa City: 137-175 / 8373-51-65 Landline / 0921-542-7123 Smart / 0927-257-9322 Globe
Valenzuela City: 292-14-05/0915-2598376
Makati City: 870-11-91/870-14-60
Caloocan City (south): 288-77-17
Caloocan City (north): 277-28-85
Mandaluyong City: 532-21-89/532-24-02
Marikina City: 646-24-36/646-24-26
Pasig City: 8643-0000
Pateros: 642-51-59
Manila City: 927-13-35/978-53-12
Taguig City: 0917-550-3727
Las Piñas City: 02-8290-6500

#BingoPlusPH",NOT RELEVANT
https://x.com/jiehobi_bts/status/1816005997649092969,https://twitter.com/jiehobi_bts/status/1816005997649092969,1816005997649092969,"not bts related but, Am asking for your help through prayers. Marikina are experiencing unexpected  high flood :((. The entire places look like a river now :(. I hope rain will stop https://t.co/xCr3TNCdQE",MILD
https://x.com/TheGUIDON/status/1816002261480530420,https://twitter.com/TheGUIDON/status/1816002261480530420,1816002261480530420,"FLOOD UPDATE: The Marikina River water level has reached 20 meters, maintaining its third alarm status as of July 24, 1:50 PM. 

Forced evacuation procedures are currently being implemented by the Marikina Local Government Unit.

#Voyager https://t.co/Skovzrgxn0",NOT RELEVANT
https://x.com/mysummitexpress/status/1815995470390649009,https://twitter.com/mysummitexpress/status/1815995470390649009,1815995470390649009,"FLOOD ALERT: Marikina River reaches 𝟑𝒓𝒅 𝒂𝒍𝒂𝒓𝒎
Keep safe, everyone! #CarinaPH https://t.co/bP1bD5DCNW",NOT RELEVANT
https://x.com/kiranjoshi235/status/1815963531269005585,https://twitter.com/kiranjoshi235/status/1815963531269005585,1815963531269005585,"The water level in the Marikina River has risen to 19-meters (11:50am).
😱😱😱😱😱😱😱😱😱😱😱😱😱😱
#Marikina #MarkinaRiver #Philippine 
#typhooncarina #CarinaPH #Carina #TyphoonGaemi #Gaemi #typhooncarina #TyphoonGaemi #Philippines #Flood #Flooding https://t.co/heZ2iir3CJ",SEVERE
https://x.com/kiranjoshi235/status/1815956253564121203,https://twitter.com/kiranjoshi235/status/1815956253564121203,1815956253564121203,"Marikit and the height of flood water in the Marikina River. 😭😱
STAY safe 🙏
#MARKINA #MarkinaRiver #Flood #Markit #typhooncarina #Typhoon #TyphoonGaemi #Gaemi #typhooncarina #CarinaPH #CarinaPH #BREAKING #Philippines https://t.co/Q8vHMmkC7I",SEVERE
https://x.com/TheGUIDON/status/1815936073685688396,https://twitter.com/TheGUIDON/status/1815936073685688396,1815936073685688396,"FLOOD UPDATE: As of July 24, 10:00 AM, the Marikina River water level has reached the third alarm, with a water level of 18.00 meters above the normal.

The third alarm is raised when water levels reach 18 meters, resulting in expected forced evacuations. As of writing, however, the Marikina Local Government Unit is yet to announce any forced evacuation protocols.

#Voyager",NOT RELEVANT
https://x.com/TheGUIDON/status/1815911620721402216,https://twitter.com/TheGUIDON/status/1815911620721402216,1815911620721402216,"FLOOD UPDATE: As of July 24, 8:30 AM, the Marikina River water level has reached the second alarm with an above normal water level of 16.7 meters. Consequently, all of the Manggahan flood gates have been opened.

A second alarm is raised once water levels reach past 16 meters, indicating that residents must begin their evacuation. Once the water level reaches 18 meters, a forced evacuation will be imposed under the third alarm. 

#Voyager",NOT RELEVANT
https://x.com/imdantemaglaqui/status/1815622544390865366,https://twitter.com/imdantemaglaqui/status/1815622544390865366,1815622544390865366,"LOOK: 14meters close to 15meters. Rapid rise in Marikina River water as of 12:10 today July 23, 2024. 

Be prepared for possible flooding.

#MarikinaCity #Marikina #MarikinaWaterLevel 
#MarikinaRiver #CarinaPH #flood #highlightseveryone #everyone #followers #highlights https://t.co/rFU7a8Wj6p",SEVERE
https://x.com/Gelo_Arciaga/status/1816381553343357440,https://twitter.com/Gelo_Arciaga/status/1816381553343357440,1816381553343357440,"I emphasize the importance of understanding flood control management in Metro Manila. The MMDA leads these efforts, with the Department of Public Works and Highways handling the Pasig-Marikina Flood control program. https://t.co/ExdYP9uq4d",NOT RELEVANT
https://x.com/TheGUIDON/status/1815911620721402216,https://twitter.com/TheGUIDON/status/1815911620721402216,1815911620721402216,"FLOOD UPDATE: As of July 24, 8:30 AM, the Marikina River water level has reached the second alarm with an above normal water level of 16.7 meters. Consequently, all of the Manggahan flood gates have been opened.

A second alarm is raised once water levels reach past 16 meters, indicating that residents must begin their evacuation. Once the water level reaches 18 meters, a forced evacuation will be imposed under the third alarm. 

#Voyager",NOT RELEVANT
https://x.com/dswdserves/status/1816124074147680565,https://twitter.com/dswdserves/status/1816124074147680565,1816124074147680565,"𝗟𝗢𝗢𝗞: The DSWD Field Office - National Capital Region provides Family Food Packs (FFPs) to the flood-affected families of Typhoon #CarinaPH and the ""Habagat” on Wednesday (July 24).

As of July 24, 2024, 3,700 FFPs have been distributed to the Local Government Units (LGUs) of Manila and Marikina City as part of the Department's ongoing disaster operations.

The Field Office is also working closely with LGUs to monitor the situation and ensure the timely delivery of relief assistance to affected individuals and families.

#BawatBuhayMahalagaSaDSWD ❤️",NOT RELEVANT
https://x.com/imdantemaglaqui/status/1815622544390865366,https://twitter.com/imdantemaglaqui/status/1815622544390865366,1815622544390865366,"LOOK: 14meters close to 15meters. Rapid rise in Marikina River water as of 12:10 today July 23, 2024. 

Be prepared for possible flooding.

#MarikinaCity #Marikina #MarikinaWaterLevel 
#MarikinaRiver #CarinaPH #flood #highlightseveryone #everyone #followers #highlights https://t.co/rFU7a8Wj6p",SEVERE
https://x.com/tribunephl/status/1816042094957584871,https://twitter.com/tribunephl/status/1816042094957584871,1816042094957584871,"FLOOD UPDATE AS OF 4:03 PM, 24 JULY 2024

MANILA:
Vito Cruz St. to Taft Ave.: Knee deep (19 inches)
España-Antipolo St: Above knee deep (24 inches)
Recto Ave. - Mendiola: Above knee deep (20 inches)


Source: CCTV/Metrobase/DOEs

| via Alvin Murcia

#CarinaPH #DailyTribune",MODERATE
https://x.com/kiranjoshi235/status/1815963531269005585,https://twitter.com/kiranjoshi235/status/1815963531269005585,1815963531269005585,"The water level in the Marikina River has risen to 19-meters (11:50am).
😱😱😱😱😱😱😱😱😱😱😱😱😱😱
#Marikina #MarkinaRiver #Philippine 
#typhooncarina #CarinaPH #Carina #TyphoonGaemi #Gaemi #typhooncarina #TyphoonGaemi #Philippines #Flood #Flooding https://t.co/heZ2iir3CJ",SEVERE
https://x.com/MasungiGeo/status/1816028212109140161,https://twitter.com/MasungiGeo/status/1816028212109140161,1816028212109140161,"The onset of Typhoon #CarinaPH affecting Rizal and Metro Manila highlights the urgent need for ecosystem-based disaster risk mitigation systems, especially in areas like the Upper Marikina Watershed.

By leveraging natural processes such as reforestation and water flow regulation, we can reduce flood risks and erosion, providing cost-effective alternatives to traditional infrastructure. These strategies not only protect downstream communities but also enhance climate resilience, according to the World Bank's Modeling Study for the Philippines.

👣 Request a private trail visit at least four days before your intended date of visit through https://t.co/UwO4do5APb. Conservation fees go to the upkeep of the georeserve and the restoration of surrounding watersheds.

🦋 Join our Shared Trail experience every Thursday and Friday at 8:00 AM. Request your spot by emailing programs@masungigeoreserve.com at least three days before your planned visit.

🌳 Stand with us by signing the petition to safeguard the Masungi Geopark Project: https://t.co/VsbfIksKYc

📨 Express your support for the MGP directly to the DENR Secretary Yulo-Loyzaga: osec@denr.gov.ph and President Bong Bong Marcos Jr.: pace@op.gov.ph and cc: communications@masungigeoreserve.com

Your voices matter. #SaveMasungi",NOT RELEVANT
https://x.com/realGebriel990/status/1816021310570406362,https://twitter.com/realGebriel990/status/1816021310570406362,1816021310570406362,"Marikina River Is In Critical Level

The Marikina River is measured about 18.5 meters - 20 meters w/c  means at a critical level, this will be a warning in Metro Manila.

The worst part to be worried there's a high tide, the water is stuck &amp; the bridge will reached by the flood. https://t.co/epAxUsXkJ6",SEVERE
https://x.com/jiehobi_bts/status/1816005997649092969,https://twitter.com/jiehobi_bts/status/1816005997649092969,1816005997649092969,"not bts related but, Am asking for your help through prayers. Marikina are experiencing unexpected  high flood :((. The entire places look like a river now :(. I hope rain will stop https://t.co/xCr3TNCdQE",MILD
https://x.com/tribunephl/status/1816373807596396629,https://twitter.com/tribunephl/status/1816373807596396629,1816373807596396629,"CARINA' AFTERMATH

LOOK: Typhoon Carina left a significant area of Marikina with trash and debris on Thursday, 25 July 2024, following a day of flooding from heavy rain. Here, flood victims in Marikina start cleaning their houses. | via KING RODRIGUEZ

#CarinaPH
#DailyTribune

For more photos: https://t.co/PRzOVVfiS5",SEVERE
https://x.com/alwaysrenjunph/status/1816040392405684400,https://twitter.com/alwaysrenjunph/status/1816040392405684400,1816040392405684400,"[ADMIN POST]

IN CASE OF EMERGENCY, PLEASE CALL THE HOTLINES BELOW! #CarinaPH 🚨

NATIONAL HOTLINE - 911

NDRRMC - 0917-891-6322

Philippine Coast Guard
0917-PCG-DOTC (0917-724-3682)
0918-967-4697

Rescue PH
09051456217 (GLOBE)
09293510068 (SMART)
0932360863 (SUN)

NDRRMC: 
(02) 8911-5061 to 65 local 100
(02) 8911-1406
(02) 8912-2665
(02) 8912-5668
(02) 8911-1873

Red Cross Hotlines - 143
(02) 8527-8385 to 95
(02) 8527-0000
(02) 8790-2300
134 (Staff), 132 (Manager), 133 (Radio Room)
(02) 8790-2300 local 604
(02) 8527-0864 (Telefax)

Muntinlupa Emergency Hotline: 137-175

Caloocan Emergency Hotline: 888-25664

Pasig Emergency Hotline: 8643-0000

Marikina Emergency Hotline: 161

Pasay Emergency Hotline: 888-72729

Las Piñas Emergency Hotline: 8290-6500

Taguig Emergency Hotline: 0919-070-3112

Valenzuela Emergency Hotline: 8352500
8292-1405 
0917-630-0255

San Juan Emergency Hotline: 137135 

Makati Emergency Hotline: 168
8870-1191

Malabon Emergency Hotlines:
0942-372-9891 
8921-6009 / 8921-6029
0917-689-8657

Mandaluyong Emergency Hotlines:
8533-1897 • 0956-4273727

Quezon City Emergency Hotlines:  122
0977 031 2892 (GLOBE)
0947 885 9929 (SMART)
8988 4242 local 7245

QC Emergency Medical Services or Urban Search and Rescue: 
0947 884 7498 (SMART) 
8928 4396

Pasig Emergency Hotline: 8643-0000

Pateros Emergency Hotline:
8-642-5159
0949-811-5332 
0949-811-5332

Manila Emergency Hotline:
0966-405-8897 
0932-062-2322
8568-6909

Metro Manila Development Authority (MMDA) Hotline: 136
Trunkline: (02) 882-4150-77
loc. 337 (Rescue)
255 (Metrobase)
319 (Road Safety)
374 (Public Safety)
320 (Road Emergency)
(02) 882-0925 (Flood Control)

Philippine Coast Guard
(02) 527-8481 to 89
Action Center: (02) 527-3877
0917-PCG-DOTC 
0917-724-3682 (Globe)
0918-967-4697

Bureau of Fire Protection (NCR) 
(02) 426-0219
02)426-3812
(02) 426-0246",NOT RELEVANT
https://x.com/AttackPig00/status/1817129792342544480,https://twitter.com/AttackPig00/status/1817129792342544480,1817129792342544480,"Tingog Party-list distribute relief goods to Carina victims in Marikina, Quezon City

THE office of Speaker Ferdinand Martin G. Romualdez on Friday distributed relief goods to typhoon victims in two barangays in Quezon and Marikina Cities.

Personnel of the Speaker’s office were joined by the staff of Tingog Party-list Reps. Yedda K. Romualdez and Jude Acidre in the distribution.

Some 531 families in low-lying Barangay Tumana in Marikina each received food packages consisting of rice, canned goods, blanket, and coffee. 

In Barangay Batasan Hills in Quezon City, 222 families received the same food packs.

The offices of Speaker Romualdez and Tingog Party-list said the assistance is their way of showing empathy and solidarity with victims of super typhoon Carina.

Speaker Romualdez earlier personally inspected flood control infrastructures Navotas and distributed relief good. He also visited San Juan and Quezon Cities to provide assistance. 

He has called for updating flood control masterplans in Metro Manila to prevent similar flooding caused by the recent typhoon.",NOT RELEVANT
https://x.com/jxndeukix/status/1816665630151766312,https://twitter.com/jxndeukix/status/1816665630151766312,1816665630151766312,"hi, everyone! in light of the recent super typhoon that hit the ph, trining's (in partnership w @angatbuhay_ph) is holding relief operations for those affected by the flood around marikina area. they're open for volunteers for those willing to lend an extra hand! 💗 https://t.co/JndOBf7IeT",NOT RELEVANT
https://x.com/Bingoplusph/status/1816012560308842591,https://twitter.com/Bingoplusph/status/1816012560308842591,1816012560308842591,"𝗖𝗔𝗟𝗟 𝗜𝗙 𝗬𝗢𝗨 𝗡𝗘𝗘𝗗 𝗛𝗘𝗟𝗣, 𝗠𝗚𝗔 𝗞𝗔-𝗕𝗣! 🚨

𝗡𝗔𝗧𝗜𝗢𝗡𝗔𝗟 𝗘𝗠𝗘𝗥𝗚𝗘𝗡𝗖𝗬 𝗛𝗢𝗧𝗟𝗜𝗡𝗘 - 911

𝗣𝗛𝗜𝗟𝗜𝗣𝗣𝗜𝗡𝗘 𝗥𝗘𝗗 𝗖𝗥𝗢𝗦𝗦
Hotline: 143, (02) 527-0000, (02) 527-8385 to 95
Disaster Management Office: 143(Staff), 132(Manager),133(Radio Room)

𝗡𝗔𝗧𝗜𝗢𝗡𝗔𝗟 𝗗𝗜𝗦𝗔𝗦𝗧𝗘𝗥 𝗥𝗜𝗦𝗞 𝗥𝗘𝗗𝗨𝗖𝗧𝗜𝗢𝗡 𝗔𝗡𝗗 𝗠𝗔𝗡𝗔𝗚𝗘𝗠𝗘𝗡𝗧 𝗖𝗢𝗨𝗡𝗖𝗜𝗟 (𝗡𝗗𝗥𝗥𝗠𝗖)
Trunkline: 911-5061 to 65
Phone Number: (+632) 91114016, (+632) 9122665

𝗣𝗔𝗚-𝗔𝗦𝗔
Hotline: (02) 824-0800

𝗗𝗘𝗣𝗔𝗥𝗧𝗠𝗘𝗡𝗧 𝗢𝗙 𝗦𝗢𝗖𝗜𝗔𝗟 𝗪𝗘𝗟𝗙𝗔𝗥𝗘 𝗔𝗡𝗗 𝗗𝗘𝗩𝗘𝗟𝗢𝗣𝗠𝗘𝗡𝗧
GLOBE: 09171105686 at 09178272543
SMART: 09199116200
inquiry@dswd.gov.ph

𝗣𝗛𝗜𝗟𝗜𝗣𝗣𝗜𝗡𝗘 𝗡𝗔𝗧𝗜𝗢𝗡𝗔𝗟 𝗣𝗢𝗟𝗜𝗖𝗘 𝗛𝗢𝗧𝗟𝗜𝗡𝗘 𝗣𝗔𝗧𝗥𝗢𝗟
Hotline: 117, 722-0650
Text Hotline: 0917-847-5757

𝗕𝗨𝗥𝗘𝗔𝗨 𝗢𝗙 𝗙𝗜𝗥𝗘 𝗣𝗥𝗢𝗧𝗘𝗧𝗜𝗢𝗡 (𝗡𝗖𝗥)
Direct Hotline: (02) 426-0219, (02)426-3812, (02) 426-0246

𝗣𝗛𝗜𝗟𝗜𝗣𝗣𝗜𝗡𝗘 𝗖𝗢𝗔𝗦𝗧 𝗚𝗨𝗔𝗥𝗗
Trunkline: (02) 527-8481 to 89
Action Center: (02) 527-3877
0917-PCG-DOTC 0917-724-3682(Globe)
0918-967-4697

𝗠𝗘𝗧𝗥𝗢 𝗠𝗔𝗡𝗜𝗟𝗔 𝗗𝗘𝗩𝗘𝗟𝗢𝗣𝗠𝗘𝗡𝗧 𝗔𝗨𝗧𝗛𝗢𝗥𝗜𝗧𝗬
Hotline:136
Trunkline: (02) 882-4150-77
loc. 337 (Rescue)
255 (Metrobase)
319 (Road Safety)
374 (Public Safety)
320 (Road Emergency)
(02) 882-0925 (Flood Control)

𝗗𝗘𝗣𝗔𝗥𝗧𝗠𝗘𝗡𝗧 𝗢𝗙 𝗖𝗢𝗠𝗠𝗨𝗡𝗜𝗖𝗔𝗧𝗜𝗢𝗡
(DOTC) Central Hotline
Public Assiatnce Center: 7890

𝗠𝗔𝗡𝗜𝗟𝗔 𝗜𝗡𝗧𝗘𝗥𝗡𝗔𝗧𝗜𝗢𝗡𝗔𝗟 𝗔𝗜𝗥𝗣𝗢𝗥𝗧 𝗔𝗨𝗧𝗛𝗢𝗥𝗜𝗧𝗬
Text Hotline: 0917-839-6462 (TEXTNAIA)
Terminals 1,2,and 4: 877-1109 and loc. 2444
Terminal 3: 887-7888 loc. 8046

𝗠𝗘𝗧𝗥𝗢 𝗠𝗔𝗡𝗜𝗟𝗔 𝗘𝗠𝗘𝗥𝗚𝗘𝗡𝗖𝗬 𝗛𝗢𝗧𝗟𝗜𝗡𝗘𝗦
Metro Manila:
San Juan City: 238-43-33
Paranaque City: 829-09-22
Muntinlupa City: 137-175 / 8373-51-65 Landline / 0921-542-7123 Smart / 0927-257-9322 Globe
Valenzuela City: 292-14-05/0915-2598376
Makati City: 870-11-91/870-14-60
Caloocan City (south): 288-77-17
Caloocan City (north): 277-28-85
Mandaluyong City: 532-21-89/532-24-02
Marikina City: 646-24-36/646-24-26
Pasig City: 8643-0000
Pateros: 642-51-59
Manila City: 927-13-35/978-53-12
Taguig City: 0917-550-3727
Las Piñas City: 02-8290-6500

#BingoPlusPH",NOT RELEVANT
https://x.com/citunited/status/1817145810645323883,https://twitter.com/citunited/status/1817145810645323883,1817145810645323883,"𝙁𝙡𝙤𝙤𝙙𝙨 𝙍𝙖𝙜𝙚, 𝙌𝙪𝙚𝙨𝙩𝙞𝙤𝙣𝙨 𝙎𝙪𝙧𝙜𝙚: 𝙒𝙝𝙖𝙩 𝙃𝙖𝙥𝙥𝙚𝙣𝙚𝙙 𝙩𝙤 𝙩𝙝𝙚 𝙁𝙡𝙤𝙤𝙙 𝘾𝙤𝙣𝙩𝙧𝙤𝙡 𝙁𝙪𝙣𝙙𝙨?

Metro Manila and surrounding provinces grapple with severe flooding from Typhoon Carina, prompting a surge of questions about the flood control — https://t.co/vJwWhwFbJx",NOT RELEVANT
https://x.com/BearwithMeproj/status/1817140328580939904,https://twitter.com/BearwithMeproj/status/1817140328580939904,1817140328580939904,@bongbongmarcos @IDF Please we need 40 of these in all high flood zones.  There will be no flooding in Manila. @flyPAL @PhilippineStar @newswatchplusph Double pay allowance custodian and Police for the flood Prevention team.  Mobilize all engineer to develope drainage/filters. https://t.co/bQ3ftHtKmZ,NOT RELEVANT
https://x.com/iMPACTPH2019/status/1817131211376214514,https://twitter.com/iMPACTPH2019/status/1817131211376214514,1817131211376214514,"INANOD NA RIN BA NG BAHA ANG BILYON-BILYONG PONDO PARA SA FLOOD MITIGATION?'

Sen. Grace Poe criticized the current flood control budget, saying the worsening flooding in Metro Manila does not reflect the increasing funds allocated for flood control projects annually. https://t.co/i7GmVmKnX4",NOT RELEVANT
https://x.com/AttackPig00/status/1817129792342544480,https://twitter.com/AttackPig00/status/1817129792342544480,1817129792342544480,"Tingog Party-list distribute relief goods to Carina victims in Marikina, Quezon City

THE office of Speaker Ferdinand Martin G. Romualdez on Friday distributed relief goods to typhoon victims in two barangays in Quezon and Marikina Cities.

Personnel of the Speaker’s office were joined by the staff of Tingog Party-list Reps. Yedda K. Romualdez and Jude Acidre in the distribution.

Some 531 families in low-lying Barangay Tumana in Marikina each received food packages consisting of rice, canned goods, blanket, and coffee. 

In Barangay Batasan Hills in Quezon City, 222 families received the same food packs.

The offices of Speaker Romualdez and Tingog Party-list said the assistance is their way of showing empathy and solidarity with victims of super typhoon Carina.

Speaker Romualdez earlier personally inspected flood control infrastructures Navotas and distributed relief good. He also visited San Juan and Quezon Cities to provide assistance. 

He has called for updating flood control masterplans in Metro Manila to prevent similar flooding caused by the recent typhoon.",NOT RELEVANT
https://x.com/MnM_PH/status/1817092560093086006,https://twitter.com/MnM_PH/status/1817092560093086006,1817092560093086006,"Senator Grace Poe on Friday, July 26, 2024, questioned the allocation of the budget for flood control following the recent flooding in several areas in Metro Manila caused by Typhoon Carina.

Read: https://t.co/NOkam7mYrS

#MaharlikaNuMedia https://t.co/5fPDEPBTlK",NOT RELEVANT
https://x.com/DemyZagala/status/1816945316534559067,https://twitter.com/DemyZagala/status/1816945316534559067,1816945316534559067,"With typhoon Carina flooding metro manila because of garbage making flood control systems infective due to improper garbage disposal, time to revisit and study waste to energy concept. This could be the solution. 
https://t.co/dgD2LvTBvz https://t.co/FtCq2fqR3e",NOT RELEVANT
https://x.com/ALPH4X0MEGA/status/1816787792569205243,https://twitter.com/ALPH4X0MEGA/status/1816787792569205243,1816787792569205243,"METRO MANILA SUBWAY IS FLOOD-PROOF 🇵🇭🇯🇵

The Metro Manila Subway remained unaffected by floods brought by Typhoon #CarinaPh. The Metro Manila Subway following Japanese standards is designed to prevent flooding. https://t.co/IKb8RGBm03",NOT RELEVANT
https://x.com/doubletree108/status/1816757019782840448,https://twitter.com/doubletree108/status/1816757019782840448,1816757019782840448,"@wokeinamm 10,000  flood control projects won't solve the flooding problem of Metro Manila until WE LEARN PROPER WASTE DISPOSAL https://t.co/SFFFAEzw6M",NOT RELEVANT
https://x.com/nowyouknowph/status/1816756056426795233,https://twitter.com/nowyouknowph/status/1816756056426795233,1816756056426795233,"The flood management master plan for Metro Manila must not only be implemented but also updated to avoid a repetition of the severe flooding in the region recently, House Speaker Ferdinand Martin Romualdez https://t.co/pNehFhxtD8",NOT RELEVANT
https://x.com/ricemodiha/status/1816731285219668135,https://twitter.com/ricemodiha/status/1816731285219668135,1816731285219668135,Davao City with relief goods is now on its way to help flood victims in Metro Manila. Tatak Duterte! 🇵🇭💚 https://t.co/2xwSzSD3FC,NOT RELEVANT
https://x.com/JCruz6258/status/1816708609126072473,https://twitter.com/JCruz6258/status/1816708609126072473,1816708609126072473,"Two days after Marcos Jr. boasted that 5,500 flood control projects had been completed, several areas in Metro Manila, including neighboring provinces, were flooded and a state of disaster was declared. Where did the money go? https://t.co/iODcjekY6h",SEVERE
https://x.com/IvanAtHome/status/1816692302808777144,https://twitter.com/IvanAtHome/status/1816692302808777144,1816692302808777144,"Good afternoon. Here are the Philippine frontpages for June 26, 2024.

ICC prosecutor tags Bato dela Rosa, 4 National Police execs as ‘suspects’. Possible arrest warrant soon.

The Office of the Prosecutor of the International Criminal Court (ICC) has tagged as “suspects” former national police chief and now Sen. Ronald “Bato” dela Rosa and four other retired and current police officers for alleged involvement in the deaths of thousands of people in former President Rodrigo Duterte’s drug war.

In a July 3 ICC document shared by former Sen. Antonio Trillanes IV on Thursday, the prosecutor of The Hague-based tribunal found “reasonable grounds to believe” that the five former and current Philippine National Police officials had “concrete involvement” in the systematic killings in the ruthless implementation of Duterte’s anti-drug campaign.

In addition to Dela Rosa, the others named by the ICC prosecutor’s office were retired PNP chief Oscar Albayalde, former Criminal Investigation and Detection Group chief Romeo Caramat Jr., former National Police Commission chief Edilberto Leonardo, and former PNP chief intelligence officer Eleazar Mata.

PNP: 21 dead, 5 missing due to 'Carina

At least 21 people died while five others were reported missing during the onslaught of typhoon “Carina”, the Philippine National Police (PNP) reported on Thursday, July 25, citing reports from its regional offices.'

https://t.co/ZGETgBtLYX

Agri damage of southwest monsoon, Typhoon Carina reached ₱203.38 M

The agricultural damage wrought by the southwest monsoon and Typhoon Carina reached ₱203.38 million, the Department of Agriculture (DA) disclosed on Thursday, July 25.

A total of 9,198 farmers were affected by the typhoon and the southwest monsoon, the agency added.

https://t.co/hRukizYGFm

Flood-damaged schools to defer class opening

Schools damaged by Typhoon Carina or still with numerous concerns to address might have to postpone the opening of classes on Monday, Education Secretary Sonny Angara said yesterday.

“Some schools will really have to postpone their openings kasi maraming aayusin at lilinisin (because they would have plenty of concerns to address),” Angara said.

“But those with none or with minimal damage, they would push through with the opening,” he added.

The Department of Education (DepEd) reported yesterday that about 90 schools all over the country suffered damage placed at P600 million, with reconstruction estimated to cost P630 million.

https://t.co/dUnsqPMhcC

Imee: VP Sara didn't know there was a storm 🤡

Sen. Imee Marcos defended Vice President Sara Duterte for criticism after she traveled to Germany with her family despite Typhoon Carina battering residents of Metro Manila and other areas of Luzon.

""Matagal ng plano ‘yun at hindi naman niya alam na may bagyo. Pambihira naman,” Sen. Marcos said Thursday.

The senator also mentioned that the Vice President's family trip was personal to relax.

https://t.co/CGZDUSAxxU

China vessels spotted off Manila Bay, El Nido

Two China Coast Guard (CCG) ships were spotted off Manila Bay, conducting “intrusive patrol” in the area and in some parts of Luzon waters in the past days, according to defense and maritime security expert Ray Powell.

“China’s intrusive patrol continues with China Coast Guard 3301 cruising outside Manila Bay this morning,” Powell, director of SeaLight and a former US Air Force official, said in a post on X yesterday.

He reported that another CCG ship, with bow number 3105, has been “AIS-dark since 22 July.” AIS refers to the automatic identification system that large ships are required to activate for safety and security purposes.

Philippine Coast Guard (PCG) spokesman Commodore Jay Tarriela confirmed the presence of the two CCG vessels in the area.

https://t.co/0Voxnr4SaZ",NOT RELEVANT
https://x.com/whatalifePH/status/1816682123920896449,https://twitter.com/whatalifePH/status/1816682123920896449,1816682123920896449,"President Marcos has ordered a reexamination of the flood control designs following his assessment of the conditions in Metro Manila and its surrounding provinces.

READ full story here: https://t.co/JdHOZjahl8

#TyphoonCarina https://t.co/35MpTA6tEd",NOT RELEVANT
https://x.com/radyopilipinas1/status/1816668440868061332,https://twitter.com/radyopilipinas1/status/1816668440868061332,1816668440868061332,"Presidential Communications Office
July 25, 2024

𝐑𝐞𝐩𝐚𝐢𝐫 𝐝𝐚𝐦𝐚𝐠𝐞𝐝 𝐍𝐚𝐯𝐨𝐭𝐚𝐬 𝐟𝐥𝐨𝐨𝐝 𝐠𝐚𝐭𝐞 𝐀𝐒𝐀𝐏 – 𝐏𝐁𝐁𝐌 𝐭𝐞𝐥𝐥𝐬 𝐃𝐏𝐖𝐇

President Ferdinand R. Marcos Jr. on Thursday ordered the immediate repair of the damaged navigation gate in Navotas City.

The damage has been causing severe flooding in the Caloocan, Malabon, Navotas and Valenzuela (CAMANAVA ) area, officials pointed out.

Amid the bad weather, the President proceeded to inspect the site and ordered Department of Public Works and Highways (DPWH) Secretary Manuel Bonoan to get the ground running on the gate’s repair and rehabilitation.

This developed after the President, during a situation briefing in Malacañang, instructed the DPWH engineers to find a quick fix to the damaged flood gate.

“Anong remedyo d’yan? Paano ba natin puwedeng harangin man lang or is there something we can do? At least as an emergency measure and then we can go back and repair it properly,” President Marcos said during the Palace briefing.

“I know the design. Yeah, that’s why we’ll just have to figure out something, I don’t know what it will be but we have to figure out something. Magpatulong din tayo sa AFP (Armed Forces of the Philippines) kasi mayroon silang mga pang… how do you call this? Iyong mga instant na kapag may nasira, mayroon silang kapalit kaagad eh baka magamit natin,” the President said in referring to Army engineers.

According to Metropolitan Manila Development Authority (MMDA) acting chairman Romando Artes, they had a talk with CAMANAVA local officials and the DPWH for the repair.

“May schedule na po na ma-repair iyon within one month. Ang concern na lang po ay habang niri-repair po siya naka-open po iyong floodgate. So tuluy-tuloy po iyong pagpasok ng tubig. Even po ‘pag walang bagyo, magkakaroon po ng pagbaha sa limang barangay sa Malabon at tatlo po sa Navotas,” Artes told the President.

The MMDA said several barangays in Malabon are getting flooded anew especially during high tide due to the damaged flood gate in Barangay Tanza Uno in Navotas City.

The flood gate was damaged after a barge forcefully entered the channel from the sea going to the shipyard.

Artes said a crane will be used to temporarily lift the gate. | PND

#RP1News
#BagongPilipinas",NOT RELEVANT
https://x.com/rapplerdotcom/status/1816657895012094068,https://twitter.com/rapplerdotcom/status/1816657895012094068,1816657895012094068,"WHAT WILL IT TAKE TO STOP METRO MANILA FLOODING?

We talk to Guillermo Tabios III, professor emeritus at UP Institute of Civil Engineering and an expert on flood control systems, and Pamela Cajilig, design anthropologist, about infrastructure and community efforts that help lessen the damage of flooding. Did government flood control projects help during #HabagatPH? What else should we be doing?

Catch the interview at 7 pm on Friday, July 26. Watch the episode here: https://t.co/bxI8DxsIfG

#BeTheGood #MakeManilaLiveable #Agos",NOT RELEVANT
https://x.com/TheManilaTimes/status/1816651714852016185,https://twitter.com/TheManilaTimes/status/1816651714852016185,1816651714852016185,"PRESIDENT Ferdinand Marcos Jr. said Thursday he is open to a review of flood control projects after Metro Manila and other parts of the country suffered heavy flooding caused by torrential rains brought by Typhoon ""Carina.""

READ: https://t.co/sW4bd05AxL https://t.co/EN7CtKxfIw",NOT RELEVANT
https://x.com/Politiko_Ph/status/1816648958665728234,https://twitter.com/Politiko_Ph/status/1816648958665728234,1816648958665728234,Senator Ramon Revilla Jr. said he would investigate why there was heavy flooding in Metro Manila and nearby areas during the onslaught of Typhoon Carina despite the Department of Public Works and Highways’ (DPWH) multibillion-peso budget for flood control. https://t.co/kjcgcBnYp7,NOT RELEVANT
https://x.com/DOTrPH/status/1816640228037476480,https://twitter.com/DOTrPH/status/1816640228037476480,1816640228037476480,"𝐃𝐎𝐓𝐫 𝐒𝐄𝐂𝐑𝐄𝐓𝐀𝐑𝐘 𝐈𝐍𝐒𝐏𝐄𝐂𝐓𝐒 ""𝐅𝐋𝐎𝐎𝐃 𝐑𝐄𝐒𝐈𝐋𝐈𝐄𝐍𝐓"" 𝐌𝐄𝐓𝐑𝐎 𝐌𝐀𝐍𝐈𝐋𝐀 𝐒𝐔𝐁𝐖𝐀𝐘 𝐏𝐑𝐎𝐉𝐄𝐂𝐓 𝟐𝟕 𝐌𝐄𝐓𝐄𝐑𝐒 𝐁𝐄𝐋𝐎𝐖 𝐆𝐑𝐎𝐔𝐍𝐃

Read full: https://t.co/bskoKYtIyF https://t.co/3ZcYHPTY6N",NOT RELEVANT
https://x.com/ALPH4X0MEGA/status/1816488688312074422,https://twitter.com/ALPH4X0MEGA/status/1816488688312074422,1816488688312074422,"Do you know why #Tokyo doesn't flood as much as #Manila? 

#Japan has built the world's largest underground flood diversion facility in Tokyo, mitigating the overflowing of the city's major waterways and rivers during rain and typhoon seasons. https://t.co/gWAELWRtS5",NOT RELEVANT
https://x.com/Joseph_Morong/status/1816417816708542947,https://twitter.com/Joseph_Morong/status/1816417816708542947,1816417816708542947,"Transportation Sec. Jaime Bautista visits the North Avenue and Shaw Blvd stations and the East Valenzuela depot near Tullahan River of the under construction Metro Manila Subway, Thursday. 

Sec. Bautista noted the flood resiliency of the subway project, the @DOTrPH says. (Photos: @DOTrPH)  @gmanews @24OrasGMA",NOT RELEVANT
https://x.com/manilabulletin/status/1815970263839957232,https://twitter.com/manilabulletin/status/1815970263839957232,1815970263839957232,"LOOK: As of Wednesday morning, July 24, the De Lasalle University campus experiences intense flood due to the heavy rainfall caused by #CarinaPH. 

Photo courtesy: Richie Yap/Facebook https://t.co/IWJQub2xpD",MILD
https://x.com/manilabulletin/status/1816023141669560597,https://twitter.com/manilabulletin/status/1816023141669560597,1816023141669560597,"#WalangPasok: Mayor Dale “Along” Malapitan suspends classes in all levels for public and private schools, and government work in Caloocan City on Thursday, July 25, due to flood and heavy rains brought by Typhoon #CarinaPH. https://t.co/skrc7COmpc",NOT RELEVANT
https://x.com/manilabulletin/status/1815970420291690785,https://twitter.com/manilabulletin/status/1815970420291690785,1815970420291690785,"Heads up, everyone! 

The Lagusnilad underpass in Manila is no longer passable due to the flood from the continuous downpour brought by Typhoon #CarinaPH and the southwest monsoon on Wednesday, July 24.

📷: Noel B. Pabalate | MB https://t.co/L5djqk6pOz",MILD
https://x.com/manilabulletin/status/1816043972898521219,https://twitter.com/manilabulletin/status/1816043972898521219,1816043972898521219,"LOOK: Train passengers at LRT 1 Balintawak Station in Quezon City are stranded due to a waist-deep flood along EDSA on Wednesday, July 24. The station has temporarily closed its operation due to continuous heavy rainfall. #CarinaPH

📷: Noel B. Pabalate | MB https://t.co/DDIwEx4LT0",NOT RELEVANT
https://x.com/manilabulletin/status/1818136679741628666,https://twitter.com/manilabulletin/status/1818136679741628666,1818136679741628666,"LOOK: President Ferdinand R. Marcos Jr. presides over a sectoral meeting on Preparing for La Niña and Ensuring Effective Flood Measures in Flood Risk Areas on Tuesday, July 30, at the State Dining Room of Malacañang Palace. (Photos by Yummie Dingding/PPA POOL) https://t.co/g3bAT1imyl",NOT RELEVANT
https://x.com/manilabulletin/status/1816366120858968459,https://twitter.com/manilabulletin/status/1816366120858968459,1816366120858968459,"President Marcos appealed to the public to dispose of their trash properly as he noted that the government's flood control infrastructures did not work as intended due to the garbage that blocked them.

READ: https://t.co/FY606oXUeo https://t.co/eRnaofZt77",NOT RELEVANT
https://x.com/manilabulletin/status/1815975383575191616,https://twitter.com/manilabulletin/status/1815975383575191616,1815975383575191616,"LOOK: Personnel of the Manila Disaster Risk Reduction and Management Office (DRRMO) conduct rescue operations in Damka, Sta. Mesa on Wednesday, July 24, as the flood in the area reached around seven feet. 

Manila Mayor Honey Lacuna-Pangan also conducts roving operations to check the flood situation in the city due to the heavy rains brought about by Typhoon #CarinaPH. (Photos from the Manila DRRMO) via Richielyn Canlas",SEVERE
https://x.com/manilabulletin/status/1816726394665337110,https://twitter.com/manilabulletin/status/1816726394665337110,1816726394665337110,"Some senators lamented how the billions worth of flood control projects were not felt despite its increasing budget allocation every year.

READ: https://t.co/F6IBlBUCZz https://t.co/VQ83bC2rgW",MILD
https://x.com/manilabulletin/status/1815973112485405127,https://twitter.com/manilabulletin/status/1815973112485405127,1815973112485405127,"LOOK: Residents of Malabon City walk in an almost knee-deep flood in Barangay Flores as of 12:00 p.m. on Wednesday, July 24, due to heavy rains brought about by the enhanced Habagat and Typhoon #CarinaPH. (Photo courtesy of Richielyn Canlas) https://t.co/xz9KbcLtxi",MILD
https://x.com/manilabulletin/status/1816035639059767363,https://twitter.com/manilabulletin/status/1816035639059767363,1816035639059767363,"LOOK: LRT 1 passengers in Balintawak Station in Quezon City ride a makeshift boat while others wade through the waist-deep flood on Wednesday, July 24. 

Due to non-stop downpour, the Metro Manila Council (MMC) and the Department of the Interior and Local Government (DILG) declared Metro Manila under the State of Calamity. #CarinaPH

📷: Noel B. Pabalate | MB",MODERATE
https://x.com/manilabulletin/status/1817814975882358902,https://twitter.com/manilabulletin/status/1817814975882358902,1817814975882358902,"LOOK: Grade school students of Mines Elementary School in Quezon City attend the first day of school year 2024-2025 on Monday, July 29.

The school opted to start classes even though they experienced an ankle-to-knee-deep flood during the onslaught of typhoon Carina since they were able to clear all mud and trash immediately. #BalikEskwela

📷: Noel B. Pabalate | MB",MILD
https://x.com/jeck_batallones/status/1815986334043103535,https://twitter.com/jeck_batallones/status/1815986334043103535,1815986334043103535,"LOOK: Dogs being rescued by members of the Manila Disaster Risk Reduction and Management Office amid the flood being experienced due to continuous downpour since early this morning @ABSCBNNews 

📸Manila DRRMO FB page https://t.co/lqvI26p4rP",SEVERE
https://x.com/rapplerdotcom/status/1815986738357231897,https://twitter.com/rapplerdotcom/status/1815986738357231897,1815986738357231897,"Residents and vehicles wade through the flood in the City of Manila amid heavy rain brought by the enhanced southwest monsoon on Wednesday, July 24. 📸 Lisa Marie David/Reuters https://t.co/4eQTGoF4j8",MODERATE
https://x.com/TheGUIDON/status/1815969181936017695,https://twitter.com/TheGUIDON/status/1815969181936017695,1815969181936017695,"FLOOD UPDATE: As of July 24, 11:50 AM, the water level at La Mesa Dam sits at 79.41 meters, raising the ""alarm"" level. Water supply company Manila Water reports that the dam will overflow once it reaches 80.15 meters.

An overflow of the dam is expected to affect low-lying areas along the Tullahan River in Quezon City, Valenzuela, and Malabon. Manila Water advises residents to ready emergency go bags and stay alert for possible flooding or evacuation of their areas.

#Voyager",NOT RELEVANT
https://x.com/PhilippineStar/status/1815998321368129640,https://twitter.com/PhilippineStar/status/1815998321368129640,1815998321368129640,JUST IN: Metro Manila declared under a state of calamity following the heavy flood and rainfall caused by #CarinaPH and southwest monsoon on Wednesday. https://t.co/oOf1kgC6gS,NOT RELEVANT
https://x.com/News5PH/status/1817175729315983655,https://twitter.com/News5PH/status/1817175729315983655,1817175729315983655,"Super Typhoon #CarinaPH and the southwest monsoon submerged Metro Manila and nearby provinces in massive flooding, raising questions about the 5,500 flood control projects that were touted by Pres. #BongbongMarcos Jr. during his third #SONA. #News5

READ: https://t.co/ugyHKFHPls https://t.co/R9spKSDgkv",NOT RELEVANT
https://x.com/PIA_NCR/status/1815949655487963576,https://twitter.com/PIA_NCR/status/1815949655487963576,1815949655487963576,"PAGASA (11AM): Red Rainfall Warning is still raised over Metro Manila.  

Serious FLOODING in flood-prone areas.
#CarinaPH https://t.co/PTxx17An6W",NOT RELEVANT
https://x.com/manilabulletin/status/1816051053382754588,https://twitter.com/manilabulletin/status/1816051053382754588,1816051053382754588,"#WalangPasok: The Quezon City government announced the suspension of classes in all levels on Thursday, July 25, due to flood and heavy rains brought by Typhoon #CarinaPH. | via Allysa Nievera https://t.co/pSXtzTdKxa",NOT RELEVANT
https://x.com/mkule/status/1815981910822428766,https://twitter.com/mkule/status/1815981910822428766,1815981910822428766,"NEWS UPDATE: UP Manila constituents exposed to leptospirosis may receive free treatment at the Philippine General Hospital (PGH).

Students and faculty who have been exposed, such as by wading through flood waters, or infected with leptospirosis may receive prophylaxis at the PGH Emergency Room by presenting their UPM ID.

Family members are not eligible for free treatment due to the limited supply of medicine.

#CarinaPH",NOT RELEVANT
https://x.com/PAGASAFFWS/status/1815750410843639886,https://twitter.com/PAGASAFFWS/status/1815750410843639886,1815750410843639886,"NCR/Pasig Marikina Laguna De Bay River Basin
Flood Bulletin #3
Issued at 10:00 PM, 23 July 2024 https://t.co/E1o65DWJoS",NOT RELEVANT
https://x.com/rapplerdotcom/status/1816473561575334174,https://twitter.com/rapplerdotcom/status/1816473561575334174,1816473561575334174,"Some residents of Barangay Malanday in Marikina City on Thursday, July 25, recounted how the heavy downpour and massive flooding on Wednesday wiped out their belongings in an instant. https://t.co/MYP21Y7G6S https://t.co/RaarCO2zbw",SEVERE
https://x.com/PAGASAFFWS/status/1816457267736408466,https://twitter.com/PAGASAFFWS/status/1816457267736408466,1816457267736408466,"NCR/Pasig Marikina Laguna De Bay River Basin
Flood Bulletin #7
Issued at 9:00 PM, 25 July 2024 https://t.co/oj9IqbpNIk",NOT RELEVANT
https://x.com/TheGUIDON/status/1816394858401259649,https://twitter.com/TheGUIDON/status/1816394858401259649,1816394858401259649,"FLOOD UPDATE: As of July 25, 3:00 PM, the Marikina River water level has returned to normal at 14.9 meters.

All alarms have been lifted, according to the Marikina Disaster Risk Reduction and Management Office. 

#Voyager https://t.co/vArzJsR7Ho",NOT RELEVANT
https://x.com/Gelo_Arciaga/status/1816381553343357440,https://twitter.com/Gelo_Arciaga/status/1816381553343357440,1816381553343357440,"I emphasize the importance of understanding flood control management in Metro Manila. The MMDA leads these efforts, with the Department of Public Works and Highways handling the Pasig-Marikina Flood control program. https://t.co/ExdYP9uq4d",NOT RELEVANT
https://x.com/TheManilaTimes/status/1816380737509330945,https://twitter.com/TheManilaTimes/status/1816380737509330945,1816380737509330945,"AFTER THE STORM

Residents of Barangay Malanday in Marikina City clean and sort their mud-covered belongings on July 25, 2024, a day after their homes were submerged in flood waters caused by the monsoon rains enhanced by Typhoon 'Carina.' PHOTOS BY ISMAEL DE JUAN https://t.co/83sx4k4IGk",SEVERE
https://x.com/777_C0UPS/status/1816374108415766851,https://twitter.com/777_C0UPS/status/1816374108415766851,1816374108415766851,"this is the situation of our house in tumana, marikina after the flood has subsided. puti yung tiles namin pero naging brown siya dahil sa putik.

it kinda hurt to say that my fam is already used to this kind of situation; every year kami nagpupundar ng gamit kasi binabaha. https://t.co/OHkK5FMH8P",NOT RELEVANT
https://x.com/tribunephl/status/1816373807596396629,https://twitter.com/tribunephl/status/1816373807596396629,1816373807596396629,"CARINA' AFTERMATH

LOOK: Typhoon Carina left a significant area of Marikina with trash and debris on Thursday, 25 July 2024, following a day of flooding from heavy rain. Here, flood victims in Marikina start cleaning their houses. | via KING RODRIGUEZ

#CarinaPH
#DailyTribune

For more photos: https://t.co/PRzOVVfiS5",SEVERE
https://x.com/tribunephl/status/1816368700490154459,https://twitter.com/tribunephl/status/1816368700490154459,1816368700490154459,"MARIKINA FLOOD EVACUEES

LOOK: Thousands of Marikina residents were evacuated on Thursday, 25 July 2024, as the water level at the Marikina River reached the third alarm during the onslaught of Typhoon Carina. Flood evacuees are currently staying at Malanday Elementary School in Marikina City. | via KING RODRIGUEZ

#CarinaPH
#DailyTribune

For more photos: https://t.co/dHAxEydYHE",NOT RELEVANT
https://x.com/raoulesperas/status/1816288014513103123,https://twitter.com/raoulesperas/status/1816288014513103123,1816288014513103123,"Wrath of Typhoon Carina, Marikina residents along marikina river removes Tons of mud after the flood subsides @dwiz882newsroom , @dwiz882 , @agilapaliparan https://t.co/Jq22nUMnvH",MILD
https://x.com/rapplerdotcom/status/1816113332316954704,https://twitter.com/rapplerdotcom/status/1816113332316954704,1816113332316954704,"People shelter in a school temporarily converted into an evacuation center in Marikina City on Wednesday, July 24, following heavy rain and flood brought by the enhanced southwest monsoon. #HabagatPH 📷 Lisa Marie David/Reuters

UPDATES: https://t.co/7W47lTnu2Y https://t.co/3uG6WyIqaN",NOT RELEVANT
https://x.com/PAGASAFFWS/status/1816102661198078136,https://twitter.com/PAGASAFFWS/status/1816102661198078136,1816102661198078136,"NCR/Pasig Marikina Laguna De Bay River Basin
Flood Bulletin #5
Issued at 9:00 PM, 24 July 2024 https://t.co/mAVBWbcWEB",NOT RELEVANT
https://x.com/PAGASAFFWS/status/1816457267736408466,https://twitter.com/PAGASAFFWS/status/1816457267736408466,1816457267736408466,"NCR/Pasig Marikina Laguna De Bay River Basin
Flood Bulletin #7
Issued at 9:00 PM, 25 July 2024 https://t.co/oj9IqbpNIk",NOT RELEVANT
https://x.com/777_C0UPS/status/1816374108415766851,https://twitter.com/777_C0UPS/status/1816374108415766851,1816374108415766851,"this is the situation of our house in tumana, marikina after the flood has subsided. puti yung tiles namin pero naging brown siya dahil sa putik.

it kinda hurt to say that my fam is already used to this kind of situation; every year kami nagpupundar ng gamit kasi binabaha. https://t.co/OHkK5FMH8P",NOT RELEVANT
https://x.com/randomran___/status/1816467628103467459,https://twitter.com/randomran___/status/1816467628103467459,1816467628103467459,"@goodkidbikecity DPWH abandoned using UST open field as the stormwater basin and used the whole Blumentritt Street (from Rizal Avenue to España) to be a flood control catchment/diversion system from nearby hilly barangays of QC to esteros of Manila &amp; Pasig River.
 https://t.co/fGdhti9NJ5 https://t.co/a04r4VwujT",NOT RELEVANT
https://x.com/philstarlife/status/1816438403870937449,https://twitter.com/philstarlife/status/1816438403870937449,1816438403870937449,"Senate President Francis ""Chiz"" Escudero urged the Department of Public Works and Highways (DPWH) and the Metropolitan Manila Development Authority (MMDA) to get their ""acts together"" and called for a senate investigation on ""the failure of billions worth of flood control projects to curb the effect"" of Carina.

READ: https://t.co/uwXFfIqKhO",NOT RELEVANT
https://x.com/justinmaniluh/status/1816437529819943135,https://twitter.com/justinmaniluh/status/1816437529819943135,1816437529819943135,"#CarinaPh

I followed the activities of the President all day, from his inter-agency briefing up to the ocular and the ambush media interview. I find it comforting that his experience in local governance prepared him for situations like this.

I like what the President said that he needs more granular reports from the heads of the agencies to know where to give the resources the government has at the moment. Being data driven has always been one of the things I admire about President Marcos -he asked the cabinet members present to identify places still in rescue mode and those already in relief (but also pointed that LGUs can actually be doing both at this point).

Where do we go now? Which places need our help immediately? How do we prioritize our assets? How much help the provinces need because each province is different.

“I am not great believer of the shotgun approach, we have to assess exactly what we need to do” -President Marcos

The ever reliable DSWD Secretary Rex Gatchalian reported that 360,228 family food packs were released as of 12mn and more were requested after that cut off time (I missed the exact number). Imagine that! I remember the time when food packs were still being prepared around this point of the typhoon aftermath. The good secretary assured the President that the DSWD is ready for the LGU augmentation in the coming days.

The President insisted on an ocular because he wanted to see the actual situation compared to what is submitted on paper.

Several factors should be considered on why we have this much flood despite having more flood control projects and we basically have all 71 working pumping stations (only Libertad is not working because of a fire). Some were mentioned during the briefing but I think I will wait for the much thorough assessments.

Critics of the administration are quick to call out the SONA speech of the President saying we have 5,500 flood control projects. First… These are projects all over the country and not just Metro Manila like in Pampanga bay, Cagayan De Oro River (this I saw personally just recently), Abra river basin, Ranao river basin, Tagum-Libuganon etc.

Also, basing from the Senate Committee hearing re: flood control projects last year… supporters of the Dutertes should be careful with what they say in social media regarding #CarinaPh flood  because they might find out that it is first and foremost a problem of the previous administration to begin with. And so, I support the Senate President to have an investigation on this… let’s go!

@bongbongmarcos 
@rex_gatchalian",NOT RELEVANT
https://x.com/Joseph_Morong/status/1816417816708542947,https://twitter.com/Joseph_Morong/status/1816417816708542947,1816417816708542947,"Transportation Sec. Jaime Bautista visits the North Avenue and Shaw Blvd stations and the East Valenzuela depot near Tullahan River of the under construction Metro Manila Subway, Thursday. 

Sec. Bautista noted the flood resiliency of the subway project, the @DOTrPH says. (Photos: @DOTrPH)  @gmanews @24OrasGMA",NOT RELEVANT
https://x.com/Markuuuus_/status/1816417194877624723,https://twitter.com/Markuuuus_/status/1816417194877624723,1816417194877624723,"The Floodway came into fruition, making the Manila residents think their flood woes are finally put to an end.

Or so they thought. https://t.co/umQsBOEiXJ",NOT RELEVANT
https://x.com/philstarlife/status/1816415728670781870,https://twitter.com/philstarlife/status/1816415728670781870,1816415728670781870,"The Metropolitan Manila Development Authority (MMDA) released a flood gauge that's complete with standard measurements and road accessibility to help the public determine how high the different water levels could get and make informed decisions from it.

READ: https://t.co/3UyFH70RH4",NOT RELEVANT
https://x.com/Markuuuus_/status/1816415023847067830,https://twitter.com/Markuuuus_/status/1816415023847067830,1816415023847067830,"Given that Manila is a low-lying city situated nearajor bodies of water (Laguna de Bay and Manila Bay), Manila could have been developed as a city of waterways and rivers. The canals could have been a boon not only to the city's economy but also to its flood woes. https://t.co/OygDBccHRs",NOT RELEVANT
https://x.com/dost_pagasa/status/1816396568460943480,https://twitter.com/dost_pagasa/status/1816396568460943480,1816396568460943480,"Heavy Rainfall Warning No. 32 #NCR_PRSD
Weather System: Enhanced Southwest Monsoon (Habagat)
Issued at: 5:00 PM, 25 July 2024(Thursday)

YELLOW WARNING LEVEL: Zambales, Bataan, Pampanga and Tarlac.
ASSOCIATED HAZARD: FLOODING in flood-prone areas.
Meanwhile, expect light to moderate with occasional heavy rains over Bulacan, Metro Manila, Rizal, Cavite, Batangas, Laguna and Quezon within the next 3 hours.
Light to moderate with occasional heavy rains affecting Nueva Ecija which may persist within 3 hours.

The public and the Disaster Risk Reduction and Management Offices concerned are advised to MONITOR the weather condition and watch for the next warning to be issued at 8:00 PM today.
For more information and queries, please call telephone numbers 8927-1335 and 8927-2877 or log on to https://t.co/59mTpZJq1n.",NOT RELEVANT
https://x.com/Gelo_Arciaga/status/1816381553343357440,https://twitter.com/Gelo_Arciaga/status/1816381553343357440,1816381553343357440,"I emphasize the importance of understanding flood control management in Metro Manila. The MMDA leads these efforts, with the Department of Public Works and Highways handling the Pasig-Marikina Flood control program. https://t.co/ExdYP9uq4d",NOT RELEVANT
https://x.com/dost_pagasa/status/1816352474330194221,https://twitter.com/dost_pagasa/status/1816352474330194221,1816352474330194221,"Heavy Rainfall Warning No. 31 #NCR_PRSD
Weather System: Enhanced Southwest Monsoon (Habagat)
Issued at: 2:00 PM, 25 July 2024(Thursday)

YELLOW WARNING LEVEL: Zambales, Bataan, Tarlac and Pampanga.
ASSOCIATED HAZARD: FLOODING in flood-prone areas.
Meanwhile, expect light to moderate with occasional heavy rains over Cavite, Batangas and Laguna within the next 3 hours.
Light to moderate with occasional heavy rains affecting Nueva Ecija, Bulacan, Metro Manila, Rizal and Quezon(General Nakar, Infanta, Real) which may persist within 3 hours and may affect nearby areas.

The public and the Disaster Risk Reduction and Management Offices concerned are advised to MONITOR the weather condition and watch for the next warning to be issued at 5:00 PM today.
For more information and queries, please call telephone numbers 8927-1335 and 8927-2877 or log on to https://t.co/59mTpZJq1n.",NOT RELEVANT
https://x.com/AnnaMalindogUy/status/1816351359148740826,https://twitter.com/AnnaMalindogUy/status/1816351359148740826,1816351359148740826,"EDCA bases/sites were justified by Marcos Jr. administration as important for disaster response... So what happened to that??? Another deception??? What now??
Give me a break! Duh! 🙄🙄

By the way, what happened to the billions and billions of flood control projects that were reported during the SONA last Monday??? The whole National Capital Region (NCR), Manila, and many parts of Luzon are submerged under water.. This is one of the worst flood ever..
What now?? My god...🙄🤔😭😱🙄

There you go... 👇",NOT RELEVANT
https://x.com/ABSCBNNews/status/1816351212880683450,https://twitter.com/ABSCBNNews/status/1816351212880683450,1816351212880683450,"Manila Archbishop Jose Cardinal Advincula directs all parish priests, team ministry moderators and members to conduct second collection during masses to help flood victims. | via @sherieanntorres https://t.co/1BrZnWgiOZ",NOT RELEVANT
https://x.com/TheManilaTimes/status/1816342684774342881,https://twitter.com/TheManilaTimes/status/1816342684774342881,1816342684774342881,"MANILA, Philippines — President Ferdinand Marcos Jr. on Thursday conducted an ocular inspection and visited flood victims in Valenzuela City following the heavy rains brought by Typhoon Carina and the southwest monsoon.

READ: https://t.co/1PmZZUT4YZ https://t.co/aMYwdvvweJ",NOT RELEVANT
https://x.com/historyphils/status/1816330299749683622,https://twitter.com/historyphils/status/1816330299749683622,1816330299749683622,"What changed and what has yet to change in disaster risk reduction and response measures in the Philippines, particularly Mega Manila?

https://t.co/mn2MfSh7Kp

#FilipinoHistorian #History #Storm #Typhoon #Bagyo #Flood #Baha #Carina #CarinaPH #DRRM #DisasterResponse #MetroManila https://t.co/2XjueIBXZN",NOT RELEVANT
https://x.com/anakbayan_ph/status/1816330234830151855,https://twitter.com/anakbayan_ph/status/1816330234830151855,1816330234830151855,"[ENGLISH TRANSLATION] Days after 2024 SONA, #CarinaPH debunks Marcos’ empty rhetoric and exposes the real state of the nation.

Marcos, Duterte and their so-called flood control projects are nowhere to be found as Metro Manila is now in a state of calamity. https://t.co/PYEPQ8QvMl",SEVERE
https://x.com/BangkokPostNews/status/1816315686450504049,https://twitter.com/BangkokPostNews/status/1816315686450504049,1816315686450504049,"#BangkokPost: Heavy rain from Typhoon Gaemi has flooded the Philippine capital Manila and nearby cities, forcing authorities to shut schools, offices and cancel flights on Wednesday and declare a state of calamity in a region that is home to 13 million people. - REUTERS #video #Heavyrain #flood #Typhoon #Gaemi #Philippine #transport #airport #ฝนตกหนัก #ไต้ฝุ่นเกมี #น้ำท่วม #ฟิลิปปินส์ #ปิดโรงเรียน #ยกเลิกเที่ยวบิน #ประกาศภาวะภัยพิบัติ
https://t.co/i8IptHKduT",SEVERE
https://x.com/Greenpeace/status/1816304789900386547,https://twitter.com/Greenpeace/status/1816304789900386547,1816304789900386547,"Typhoon #Gaemi has caused severe flooding in multiple parts of the Philippines, where at least 12 people have died and over 600,000 are displaced from their homes.

And while many Filipinos are suffering through this calamity, fossil fuel giants who are worsening the climate crisis are still making billions in profit.

#ExtremeWeather #Flood #Typhoon #Manila #Carina",MODERATE
https://x.com/radyopilipinas1/status/1816296675704779133,https://twitter.com/radyopilipinas1/status/1816296675704779133,1816296675704779133,"CAAP MEDIA ADVISORY 
As of 6:30am | July 25, 2024

𝐒𝐢𝐭𝐮𝐚𝐭𝐢𝐨𝐧𝐚𝐥 𝐫𝐞𝐩𝐨𝐫𝐭 𝐟𝐫𝐨𝐦 𝐂𝐀𝐀𝐏-𝐨𝐩𝐞𝐫𝐚𝐭𝐞𝐝 𝐚𝐢𝐫𝐩𝐨𝐫𝐭𝐬 𝐝𝐮𝐞 𝐭𝐨 𝐢𝐧𝐜𝐥𝐞𝐦𝐞𝐧𝐭 𝐰𝐞𝐚𝐭𝐡𝐞𝐫

Laguindingan Airport
- CAAP Malasakit Health Care Unit personnel provided breakfast meals to 20 passengers that stayed overnight at the terminal building and was affected by the flight cancellations due to the adverse weather in Manila. These passengers are hoping to be accommodated first on the “wait list-chance passenger” for the early morning flights to Manila.

Tacloban Airport
- 6 flight cancellations due to weather condition in Manila

Siargao Airport
- 2 flight cancellations due to weather condition in Manila

San Jose Airport
- 2 flight cancellations due to heavy rainfall in Manila

Sangley Airport
- flood at the runway has subsided
- clearing operations of debris brought by floods will commence

Romblon Airport
- no cancellation of scheduled flights, but several flights are delayed

Iba Airport
- no general aviation operations
- mostly cloudy skies with scattered rainfall and moderate to heavy rain

Marinduque Airport
- no damage incurred from Typhoon

Calapan Airport
- no general aviation operations
- no reported damages

Plaridel Airport
- airport operations suspended due to stagnant flood water at apron and taxiway

#CAAPhilippines✈️",NOT RELEVANT
https://x.com/cebudailynews/status/1816296134597317042,https://twitter.com/cebudailynews/status/1816296134597317042,1816296134597317042,"DONATION DRIVES FOR TYPHOON CARINA VICTIMS

LOOK: Here are some donation drives and relief operations by various non-government and non-profit groups to support flood victims in Metro Manila and parts of Luzon. https://t.co/g86qntiwyu",NOT RELEVANT
https://x.com/zryanverse/status/1816285549868769377,https://twitter.com/zryanverse/status/1816285549868769377,1816285549868769377,"There is no simple or simplistic answer to why flood control in Manila, failed. Corruption? People jamming trash in water pumps? NIMBYs? Failure to engineer? Is it terrain, and climate change? 

Is it lack of imagination and ability to talk more, &amp; problem solve less?

All of it? https://t.co/tKjJQriqjX",NOT RELEVANT
https://x.com/PAGASAFFWS/status/1815750410843639886,https://twitter.com/PAGASAFFWS/status/1815750410843639886,1815750410843639886,"NCR/Pasig Marikina Laguna De Bay River Basin
Flood Bulletin #3
Issued at 10:00 PM, 23 July 2024 https://t.co/E1o65DWJoS",NOT RELEVANT
https://x.com/mnlstandardph/status/1815912025555624127,https://twitter.com/mnlstandardph/status/1815912025555624127,1815912025555624127,"#CarinaPH | “In view of the forecasted continuous rainfall brought about by the Southwest Monsoon and Typhoon ‘Carina,’ work in government offices and classes at all levels in the National Capital Region are hereby suspended at 5:00 a.m---

More info: https://t.co/BSVQNUrhj5 https://t.co/1i7kHCPNGv",NOT RELEVANT
https://x.com/radyopilipinas1/status/1815994099641770131,https://twitter.com/radyopilipinas1/status/1815994099641770131,1815994099641770131,"Army ready to assist flood victims in Metro Manila

July 24, 2024

FORT  BONIFACIO, Taguig City – The 525th Engineer ""Forerunner"" Battalion of the Combat Engineer Regiment marshalled two light Urban Search and Rescue (USAR) teams composed of 52 personnel and rescue assets that will be deployed amid the massive flooding in Metro Manila on July 24, 2024.

The two USAR teams as well as four military trucks and four rubber boats were deployed under the AFP’s Joint Task Force National Capital Region (JTF-NCR) that will determine their area of assignment. 

Meanwhile, the Philippine Army leadership assures the public of the HADR teams’ operational readiness in assisting typhoon-affected families in close cooperation with national government agencies, local government units, and other responders. 

Photos from the 525th Engineer ""Forerunner"" Battalion, Combat Engineer Regiment

#MatatagNaHukbongKatihan
#StrongerArmyStrongerCountry
#ServingthePeopleSecuringtheLand
#PhilippineArmy 
#BagongPilipinas 
#CarinaPH",NOT RELEVANT
https://x.com/mnlstandardph/status/1815910426355630507,https://twitter.com/mnlstandardph/status/1815910426355630507,1815910426355630507,"Heavy rains, flood wake up Metro Manila as ‘Carina’ intensifies

Read more: https://t.co/BSVQNUrhj5 https://t.co/ffrOQZivvp",NOT RELEVANT
https://x.com/gmanews/status/1815858111221010936,https://twitter.com/gmanews/status/1815858111221010936,1815858111221010936,"Heavy Rainfall Warning No. 20
Weather System: Enhanced Southwest Monsoon (Habagat)
Issued at: 5:00 AM, 24 July 2024(Wednesday)

RED WARNING LEVEL:
- Metro Manila
- Rizal
- Bataan

ASSOCIATED HAZARD: Serious flooding is expected in flood-prone areas.

ORANGE WARNING LEVEL:
- Bulacan
- Pampanga
- Cavite
- Zambales

ASSOCIATED HAZARD: Flooding is threatening.

YELLOW WARNING LEVEL:
- Tarlac
- Laguna
- Batangas
- Quezon(General Nakar, Infanta, Real, Mauban, Sampaloc)

ASSOCIATED HAZARD: Possible flooding in flood-prone areas.

Meanwhile, light to moderate with occasional heavy rains affect Nueva Ecija and other areas of Quezon, which may persist within 3 hours.

Source: PAGASA",NOT RELEVANT
https://x.com/manilabulletin/status/1815938744232599855,https://twitter.com/manilabulletin/status/1815938744232599855,1815938744232599855,LOOK: Members of the San Juan City Fire Station conduct rescue operations for people trapped in their homes due to flood brought about by heavy rains caused by the enhanced Habagat and Typhoon #CarinaPH. (Photos from BFP-San Juan) | via Patrick Ely Garcia https://t.co/LeCb3bIt7a,SEVERE
https://x.com/realGebriel990/status/1815710264727421430,https://twitter.com/realGebriel990/status/1815710264727421430,1815710264727421430,"Weather Update: Flood Different Cities In Metro Manila due To Habagat 

Widespread flooding was reported in different parts of Metro Manila as #HabagatPH dumped more rain today.

 Commuters stranded

Gutter-deep flooding was reported in Maysilo Circle Mandaluyong...
(1/3) https://t.co/NWu05CIGLy",MILD
https://x.com/FEUAdvocate/status/1815984442273587502,https://twitter.com/FEUAdvocate/status/1815984442273587502,1815984442273587502,"LOOK: Flood levels rose at Castaños Street caused by #CarinaPH and the Habagat as PAGASA declared a red rainfall warning in Metro Manila today, July 24.

Flooding in other areas pushed DILG Secretary Benhur Abalos to recommend the declaration of state of calamity in the region. https://t.co/WnCINhvCHx",MILD
https://x.com/Gelo_Arciaga/status/1816381553343357440,https://twitter.com/Gelo_Arciaga/status/1816381553343357440,1816381553343357440,"I emphasize the importance of understanding flood control management in Metro Manila. The MMDA leads these efforts, with the Department of Public Works and Highways handling the Pasig-Marikina Flood control program. https://t.co/ExdYP9uq4d",NOT RELEVANT
https://x.com/PeninsulaQatar/status/1816443282039198071,https://twitter.com/PeninsulaQatar/status/1816443282039198071,1816443282039198071,"Despite having experienced flooding in the past, Manila street vendor Zenaida Cuerda thought she would avoid it this time.

""Everything was so sudden. We're now back to zero. It's always like this."" Photos: AFP

Read here: https://t.co/sbrYSgPHh5
#TyphoonCarina #Manila https://t.co/dKX3MZuA8T",MILD
https://x.com/ABSCBNNews/status/1815987350448791560,https://twitter.com/ABSCBNNews/status/1815987350448791560,1815987350448791560,"LOOK: Dogs were rescued by members of the Manila Disaster Risk Reduction and Management Office amid the flood being experienced in the area due to continuous downpours since early Wednesday morning. | via @jeck_batallones #FloodPatrol #CarinaPH 

(📸: Manila DRRMO/ Facebook) https://t.co/XTmEGKeLwU",SEVERE
https://x.com/manilabulletin/status/1815944408577237195,https://twitter.com/manilabulletin/status/1815944408577237195,1815944408577237195,"LOOK: A boy unclogs a drainage along Visayas Avenue in Quezon City, where heavy rain caused knee-deep flood on Wednesday, July 24. According to PAGASA, Typhoon #CarinaPH intensified further as it headed towards Taiwan. 

📷: Noel B. Pabalate | MB https://t.co/44mxbbu4vY",MILD
https://x.com/rapplerdotcom/status/1816473561575334174,https://twitter.com/rapplerdotcom/status/1816473561575334174,1816473561575334174,"Some residents of Barangay Malanday in Marikina City on Thursday, July 25, recounted how the heavy downpour and massive flooding on Wednesday wiped out their belongings in an instant. https://t.co/MYP21Y7G6S https://t.co/RaarCO2zbw",SEVERE
https://x.com/manilabulletin/status/1815957464136974629,https://twitter.com/manilabulletin/status/1815957464136974629,1815957464136974629,"Thank you, animal heroes! 

Malabon City fire station personnel came to rescue a dog stranded due to the flood caused by Typhoon #CarinaPH along Pascual St., Brgy. San Agustin, Malabon City on Wednesday, July 24. 

📸BFP NCR Malabon City/FB https://t.co/qTba41jf9k",MILD
https://x.com/manilabulletin/status/1815950660921352383,https://twitter.com/manilabulletin/status/1815950660921352383,1815950660921352383,"LOOK: Flood situation at Taft Avenue and UN Avenue in Manila as of 9:00 a.m. on Wednesday, July 24.

📷: Noel B. Pabalate | MB https://t.co/mDVwXHX32J",MILD
https://x.com/TheManilaTimes/status/1816342684774342881,https://twitter.com/TheManilaTimes/status/1816342684774342881,1816342684774342881,"MANILA, Philippines — President Ferdinand Marcos Jr. on Thursday conducted an ocular inspection and visited flood victims in Valenzuela City following the heavy rains brought by Typhoon Carina and the southwest monsoon.

READ: https://t.co/1PmZZUT4YZ https://t.co/aMYwdvvweJ",NOT RELEVANT
https://x.com/manilabulletin/status/1815921984745922866,https://twitter.com/manilabulletin/status/1815921984745922866,1815921984745922866,"LOOK: Residents wade through the almost knee-deep flood in Kalentong, Mandaluyong City on Wednesday, July 24, due to heavy to torrential rains brought about by Typhoon #CarinaPH and the enhanced Habagat. l via Patrick Ely Garcia

(Photos from ELYSE Fire Rescue Volunteer) https://t.co/soePQckRGb",MILD
https://x.com/inquirerdotnet/status/1815906123649847545,https://twitter.com/inquirerdotnet/status/1815906123649847545,1815906123649847545,"[WEATHER UPDATE]

Red rainfall warning is raised over Metro Manila, Rizal, Bataan, Pampanga and Bulacan as of 8 a.m. on Wednesday, July 24. These areas are forecast to experience over 30 millimeters (mm) of rain in the next two hours, with possible flooding in flood-prone areas. | 📷: Pagasa NCR PRSD/Facebook

Follow live updates for #CarinaPH: https://t.co/I2ZTlF78te",NOT RELEVANT
https://x.com/TheManilaTimes/status/1816651714852016185,https://twitter.com/TheManilaTimes/status/1816651714852016185,1816651714852016185,"PRESIDENT Ferdinand Marcos Jr. said Thursday he is open to a review of flood control projects after Metro Manila and other parts of the country suffered heavy flooding caused by torrential rains brought by Typhoon ""Carina.""

READ: https://t.co/sW4bd05AxL https://t.co/EN7CtKxfIw",NOT RELEVANT
https://x.com/radyopilipinas1/status/1815901980721832275,https://twitter.com/radyopilipinas1/status/1815901980721832275,1815901980721832275,"Heavy Rainfall Warning No. 21 #NCR_PRSD
Weather System: Enhanced Southwest Monsoon (Habagat)
Issued at: 8:00 AM, 24 July 2024(Wednesday)

RED WARNING LEVEL: Metro Manila, Rizal, Bataan, Pampanga and Bulacan.

ASSOCIATED HAZARD: Serious FLOODING in flood-prone areas.

ORANGE WARNING LEVEL: Cavite and Zambales.
ASSOCIATED HAZARD: FLOODING is still THREATENING.

YELLOW WARNING LEVEL: Laguna, Batangas, Tarlac and Quezon(General Nakar, Infanta, Real, Mauban, Sampaloc).
ASSOCIATED HAZARD: FLOODING in flood-prone areas.

Meanwhile, light to moderate with occasional heavy rains affecting Nueva Ecija and Quezon(Candelaria, Dolores, San Antonio, Sariaya, Tiaong, Tayabas, Lucban, Lucena, Pagbilao, Agdangan, Alabat, Atimonan, Buenavista, Burdeos, Calauag, Catanauan, General Luna, Guinayangan, Gumaca, Jomalig, Lopez, Macalelon, Mulanay, Padre Burgos, Panukulan, Patnanungan, Perez, Pitogo, Plaridel, Polillo, Quezon, San Andres, San Francisco, San Narciso, Tagkawayan, Unisan) which may persist within 3 hours.

The public and the Disaster Risk Reduction and Management Offices concerned are advised to MONITOR the weather condition and watch for the next warning to be issued at 11:00 AM today.

For more information and queries, please call telephone numbers 8927-1335 and 8927-2877 or log on to https://t.co/9cXJyll5gt.

| @MerryAnnBastasa 

#RP1News
#BagongPilipinas",NOT RELEVANT
https://x.com/ROVIMAX/status/1816276863662317718,https://twitter.com/ROVIMAX/status/1816276863662317718,1816276863662317718,"Ctto:
Flood prone Manila https://t.co/uMpDajvmIA",NOT RELEVANT
https://x.com/radyopilipinas1/status/1816263292031222101,https://twitter.com/radyopilipinas1/status/1816263292031222101,1816263292031222101,"Heavy Rainfall Warning No. 29 #NCR_PRSD
Weather System: Enhanced Southwest Monsoon (Habagat)
Issued at: 8:00 AM, 25 July 2024(Thursday)

ORANGE WARNING LEVEL: Zambales and Bataan.
ASSOCIATED HAZARD: FLOODING is still THREATENING.

YELLOW WARNING LEVEL: Tarlac and Pampanga.
ASSOCIATED HAZARD: FLOODING in flood-prone areas.

Meanwhile, expect light to moderate with occasional heavy rains over Laguna within the next 3 hours.

Light to moderate with occasional heavy rains affecting Bulacan, Metro Manila, Nueva Ecija, Cavite, Batangas, Rizal and Quezon(General Nakar, Infanta, Real) which may persist within 3 hours and may affect nearby areas.

The public and the Disaster Risk Reduction and Management Offices concerned are advised to MONITOR the weather condition and watch for the next warning to be issued at 11:00 AM today.

For more information and queries, please call telephone numbers 8927-1335 and 8927-2877 or log on to https://t.co/9cXJyll5gt.",NOT RELEVANT
https://x.com/PhilippineStar/status/1816262965043339643,https://twitter.com/PhilippineStar/status/1816262965043339643,1816262965043339643,Farmers’ group Kilusang Magbubukid ng Pilipinas (KMP) said on Wednesday that the Department of Public Works and Highways (DPWH) should explain what happened to the multibillion-peso budget for flood control amid the flooding in Metro Manila and nearby provinces. https://t.co/g68PIl30tT | via @onenewsph,MODERATE
https://x.com/dost_pagasa/status/1816261682421006411,https://twitter.com/dost_pagasa/status/1816261682421006411,1816261682421006411,"Heavy Rainfall Warning No. 29 #NCR_PRSD
Weather System: Enhanced Southwest Monsoon (Habagat)
Issued at: 8:00 AM, 25 July 2024(Thursday)

ORANGE WARNING LEVEL: Zambales and Bataan.
ASSOCIATED HAZARD: FLOODING is still THREATENING.

YELLOW WARNING LEVEL: Tarlac and Pampanga.
ASSOCIATED HAZARD: FLOODING in flood-prone areas.
Meanwhile, expect light to moderate with occasional heavy rains over Laguna within the next 3 hours.
Light to moderate with occasional heavy rains affecting Bulacan, Metro Manila, Nueva Ecija, Cavite, Batangas, Rizal and Quezon(General Nakar, Infanta, Real) which may persist within 3 hours and may affect nearby areas.

The public and the Disaster Risk Reduction and Management Offices concerned are advised to MONITOR the weather condition and watch for the next warning to be issued at 11:00 AM today.
For more information and queries, please call telephone numbers 8927-1335 and 8927-2877 or log on to https://t.co/59mTpZJq1n.",NOT RELEVANT
https://x.com/radyopilipinas1/status/1816227396284211421,https://twitter.com/radyopilipinas1/status/1816227396284211421,1816227396284211421,"Heavy Rainfall Warning No. 28 #NCR_PRSD
Weather System: Enhanced Southwest Monsoon (Habagat)
Issued at: 5:00 AM, 25 July 2024(Thursday)

ORANGE WARNING LEVEL: Zambales, Bataan, Pampanga and Tarlac.
ASSOCIATED HAZARD: FLOODING is still THREATENING.

YELLOW WARNING LEVEL: Nueva Ecija, Bulacan and Metro Manila.
ASSOCIATED HAZARD: FLOODING in flood-prone areas.

Meanwhile, expect light to moderate with occasional heavy rains over Cavite, Batangas and Laguna within the next 3 hours.

Light to moderate with occasional heavy rains affecting Rizal and Quezon(General Nakar, Infanta) which may persist within 3 hours and may affect nearby areas.

The public and the Disaster Risk Reduction and Management Offices concerned are advised to MONITOR the weather condition and watch for the next warning to be issued at 8:00 AM today.
For more information and queries, please call telephone numbers 8927-1335 and 8927-2877 or log on to https://t.co/9cXJyll5gt.",NOT RELEVANT
https://x.com/dost_pagasa/status/1816221643771109691,https://twitter.com/dost_pagasa/status/1816221643771109691,1816221643771109691,"Heavy Rainfall Warning No. 28 #NCR_PRSD
Weather System: Enhanced Southwest Monsoon (Habagat)
Issued at: 5:00 AM, 25 July 2024(Thursday)

ORANGE WARNING LEVEL: Zambales, Bataan, Pampanga and Tarlac.
ASSOCIATED HAZARD: FLOODING is still THREATENING.

YELLOW WARNING LEVEL: Nueva Ecija, Bulacan and Metro Manila.
ASSOCIATED HAZARD: FLOODING in flood-prone areas.
Meanwhile, expect light to moderate with occasional heavy rains over Cavite, Batangas and Laguna within the next 3 hours.
Light to moderate with occasional heavy rains affecting Rizal and Quezon(General Nakar, Infanta) which may persist within 3 hours and may affect nearby areas.

The public and the Disaster Risk Reduction and Management Offices concerned are advised to MONITOR the weather condition and watch for the next warning to be issued at 8:00 AM today.
For more information and queries, please call telephone numbers 8927-1335 and 8927-2877 or log on to https://t.co/59mTpZJq1n.",NOT RELEVANT
https://x.com/BilianaBibishi/status/1816221257546834271,https://twitter.com/BilianaBibishi/status/1816221257546834271,1816221257546834271,"Streets flood from monsoon rains worsened by offshore typhoon Gaemi on Wednesday, July 24, 2024, in Manila, Philippines. Joeal Capulitan/AP https://t.co/W4a8YzUWuj",MILD
https://x.com/radyopilipinas1/status/1816209140811018695,https://twitter.com/radyopilipinas1/status/1816209140811018695,1816209140811018695,"Heavy Rainfall Warning No. 27 #NCR_PRSD
Weather System: Enhanced Southwest Monsoon (Habagat)
Issued at: 2:00 AM, 25 July 2024(Thursday)

ORANGE WARNING LEVEL: Zambales, Bataan, Tarlac, Pampanga, Nueva Ecija and Bulacan.
ASSOCIATED HAZARD: FLOODING is THREATENING.

YELLOW WARNING LEVEL: Metro Manila, Rizal and Quezon(General Nakar).
ASSOCIATED HAZARD: Possible FLOODING in flood-prone areas.

Meanwhile, expect light to moderate with occasional heavy rains over Laguna, Batangas and Quezon(Candelaria, Dolores, San Antonio, Sariaya, Tiaong, Tayabas, Infanta, Lucban, Lucena, Mauban, Pagbilao, Real, Sampaloc, Agdangan, Alabat, Atimonan, Buenavista, Burdeos, Calauag, Catanauan, General Luna, Guinayangan, Gumaca, Jomalig, Lopez, Macalelon, Mulanay, Padre Burgos, Panukulan, Patnanungan, Perez, Pitogo, Plaridel, Polillo, Quezon, San Andres, San Francisco, San Narciso, Tagkawayan, Unisan) within the next 3 hours.

Light to moderate with occasional heavy rains affecting Cavite which may persist within 3 hours.

The public and the Disaster Risk Reduction and Management Offices concerned are advised to MONITOR the weather condition and watch for the next warning to be issued at 5:00 AM today.

For more information and queries, please call telephone numbers 8927-1335 and 8927-2877 or log on to https://t.co/9cXJyll5gt.",NOT RELEVANT
https://x.com/heritageispeopl/status/1816197769864044710,https://twitter.com/heritageispeopl/status/1816197769864044710,1816197769864044710,"Flooding at Bilibid Viejo, Quiapo, Manila 1915. Quiapo has since been flood-prone, being a ""River delta"". A land mass with many esteros feeding flood water from the north to the Pasig River.

Nowadays those floodways are gone, replaced by roads.

#CarinaPH #HeritageisPeople https://t.co/9CKAgVJGW9",MILD
https://x.com/dost_pagasa/status/1816169211116544101,https://twitter.com/dost_pagasa/status/1816169211116544101,1816169211116544101,"Heavy Rainfall Warning No. 27 #NCR_PRSD
Weather System: Enhanced Southwest Monsoon (Habagat)
Issued at: 2:00 AM, 25 July 2024(Thursday)

ORANGE WARNING LEVEL: Zambales, Bataan, Tarlac, Pampanga, Nueva Ecija and Bulacan.
ASSOCIATED HAZARD: FLOODING is THREATENING.

YELLOW WARNING LEVEL: Metro Manila, Rizal and Quezon(General Nakar).
ASSOCIATED HAZARD: Possible FLOODING in flood-prone areas.
Meanwhile, expect light to moderate with occasional heavy rains over Laguna, Batangas and Quezon(Candelaria, Dolores, San Antonio, Sariaya, Tiaong, Tayabas, Infanta, Lucban, Lucena, Mauban, Pagbilao, Real, Sampaloc, Agdangan, Alabat, Atimonan, Buenavista, Burdeos, Calauag, Catanauan, General Luna, Guinayangan, Gumaca, Jomalig, Lopez, Macalelon, Mulanay, Padre Burgos, Panukulan, Patnanungan, Perez, Pitogo, Plaridel, Polillo, Quezon, San Andres, San Francisco, San Narciso, Tagkawayan, Unisan) within the next 3 hours.
Light to moderate with occasional heavy rains affecting Cavite which may persist within 3 hours.

The public and the Disaster Risk Reduction and Management Offices concerned are advised to MONITOR the weather condition and watch for the next warning to be issued at 5:00 AM today.
For more information and queries, please call telephone numbers 8927-1335 and 8927-2877 or log on to https://t.co/59mTpZJq1n.",NOT RELEVANT
https://x.com/ANCALERTS/status/1816153805517644059,https://twitter.com/ANCALERTS/status/1816153805517644059,1816153805517644059,"Residents affected by flooding and torrential rains took shelter at the Holy Family Parish in Novaliches, Quezon City.  

The typhoon-enhanced southwest monsoon submerged many areas in Metro Manila and nearby provinces under flood.  

The parish also offered food for the evacuees and thanked those who donated for the residents.  

📷: Holy Family Parish - Gulod, Diocese of Novaliches",NOT RELEVANT
https://x.com/WorschesterS/status/1816153647115558985,https://twitter.com/WorschesterS/status/1816153647115558985,1816153647115558985,"@RichHeydarian @RolandPhilipGo Meanwhile a BGC resident.. 

If you think there's nothing wrong with you being able to live there
✅ your privilege

Disgusting, while most people in Manila are either stranded or submerged in flood

#justmy2cents https://t.co/hfruYEIA6d",NOT RELEVANT
https://x.com/ABSCBNNews/status/1816153247419359481,https://twitter.com/ABSCBNNews/status/1816153247419359481,1816153247419359481,"Residents affected by flooding and torrential rains took shelter at the Holy Family Parish in Novaliches, Quezon City.

The typhoon-enhanced southwest monsoon submerged many areas in Metro Manila and nearby provinces under flood.

The parish also offered food for the evacuees and thanked those who donated for the residents.

📷: Holy Family Parish - Gulod, Diocese of Novaliches",NOT RELEVANT
https://x.com/anthropam/status/1816133782182977667,https://twitter.com/anthropam/status/1816133782182977667,1816133782182977667,"City of Manila DRRM Office includes animals in flood rescue ops 😊 
Many pet &amp; livestock owners risk their lives to save their animals. 
By including animals in response plans we indirectly save human lives.

Hard yes to more-than-human disaster response 🦺❤️🐶

📷 Manila DRRM https://t.co/ipYHTI0ATs",SEVERE
https://x.com/US_ATIN/status/1816125151760580713,https://twitter.com/US_ATIN/status/1816125151760580713,1816125151760580713,"Sending thoughts and prayers to those impacted by Typhoon Carina and the Southwest Monsoon. Stay safe, everyone.

Here are some emergency contacts to keep handy:

𝗡𝗔𝗧𝗜𝗢𝗡𝗔𝗟 𝗘𝗠𝗘𝗥𝗚𝗘𝗡𝗖𝗬 𝗛𝗢𝗧𝗟𝗜𝗡𝗘 - 911

𝗨𝗡𝗧𝗩 𝗡𝗲𝘄𝘀 𝗮𝗻𝗱 𝗥𝗲𝘀𝗰𝘂𝗲
09235445376 - SUN
09154605540 - GLOBE

𝗣𝗛𝗜𝗟𝗜𝗣𝗣𝗜𝗡𝗘 𝗥𝗘𝗗 𝗖𝗥𝗢𝗦𝗦
Hotline: 143, (02) 527-0000, (02) 527-8385 to 95
Disaster Management Office: 143(Staff), 132(Manager),133(Radio Room)

𝗡𝗔𝗧𝗜𝗢𝗡𝗔𝗟 𝗗𝗜𝗦𝗔𝗦𝗧𝗘𝗥 𝗥𝗜𝗦𝗞 𝗥𝗘𝗗𝗨𝗖𝗧𝗜𝗢𝗡 𝗔𝗡𝗗 𝗠𝗔𝗡𝗔𝗚𝗘𝗠𝗘𝗡𝗧 𝗖𝗢𝗨𝗡𝗖𝗜𝗟 (𝗡𝗗𝗥𝗥𝗠𝗖)
Trunkline: 911-5061 to 65
Phone Number: (+632) 91114016, (+632) 9122665

𝗣𝗔𝗚-𝗔𝗦𝗔
Hotline: (02) 824-0800

𝗗𝗘𝗣𝗔𝗥𝗧𝗠𝗘𝗡𝗧 𝗢𝗙 𝗦𝗢𝗖𝗜𝗔𝗟 𝗪𝗘𝗟𝗙𝗔𝗥𝗘 𝗔𝗡𝗗 𝗗𝗘𝗩𝗘𝗟𝗢𝗣𝗠𝗘𝗡𝗧
Text Hotline: 0918-912-2813
Trunkline: (02) 931-81-01
Disaster Response Unit: 856-3665, 852-8081

𝗣𝗛𝗜𝗟𝗜𝗣𝗣𝗜𝗡𝗘 𝗡𝗔𝗧𝗜𝗢𝗡𝗔𝗟 𝗣𝗢𝗟𝗜𝗖𝗘 𝗛𝗢𝗧𝗟𝗜𝗡𝗘 𝗣𝗔𝗧𝗥𝗢𝗟
Hotline: 117, 722-0650
Text Hotline: 0917-847-5757

𝗕𝗨𝗥𝗘𝗔𝗨 𝗢𝗙 𝗙𝗜𝗥𝗘 𝗣𝗥𝗢𝗧𝗘𝗧𝗜𝗢𝗡 (𝗡𝗖𝗥)
Direct Hotline: (02) 426-0219, (02) 426-3812, (02) 426-0246

𝗣𝗛𝗜𝗟𝗜𝗣𝗣𝗜𝗡𝗘 𝗖𝗢𝗔𝗦𝗧 𝗚𝗨𝗔𝗥𝗗
Trunkline: (02) 527-8481 to 89
Action Center: (02) 527-3877
0917-PCG-DOTC 0917-724-3682(Globe)
0918-967-4697

𝗠𝗘𝗧𝗥𝗢 𝗠𝗔𝗡𝗜𝗟𝗔 𝗗𝗘𝗩𝗘𝗟𝗢𝗣𝗠𝗘𝗡𝗧 𝗔𝗨𝗧𝗛𝗢𝗥𝗜𝗧𝗬
Hotline:136
Trunkline: (02) 882-4150-77
loc. 337 (Rescue)
255 (Metrobase)
319 (Road Safety)
374 (Public Safety)
320 (Road Emergency)
(02) 882-0925 (Flood Control)

𝗗𝗘𝗣𝗔𝗥𝗧𝗠𝗘𝗡𝗧 𝗢𝗙 𝗖𝗢𝗠𝗠𝗨𝗡𝗜𝗖𝗔𝗧𝗜𝗢𝗡
(DOTC) Central Hotline
Public Assistance Center: 7890 

𝗠𝗔𝗡𝗜𝗟𝗔 𝗜𝗡𝗧𝗘𝗥𝗡𝗔𝗧𝗜𝗢𝗡𝗔𝗟 𝗔𝗜𝗥𝗣𝗢𝗥𝗧 𝗔𝗨𝗧𝗛𝗢𝗥𝗜𝗧𝗬
Text Hotline: 0917-839-6462 (TEXTNAIA)
Terminals 1,2,and 4: 877-1109 and loc. 2444
Terminal 3: 887-7888 loc. 8046

📷Courtesy: Philippine Red Cross/X

#CarinaPH",NOT RELEVANT
https://x.com/dswdserves/status/1816124074147680565,https://twitter.com/dswdserves/status/1816124074147680565,1816124074147680565,"𝗟𝗢𝗢𝗞: The DSWD Field Office - National Capital Region provides Family Food Packs (FFPs) to the flood-affected families of Typhoon #CarinaPH and the ""Habagat” on Wednesday (July 24).

As of July 24, 2024, 3,700 FFPs have been distributed to the Local Government Units (LGUs) of Manila and Marikina City as part of the Department's ongoing disaster operations.

The Field Office is also working closely with LGUs to monitor the situation and ensure the timely delivery of relief assistance to affected individuals and families.

#BawatBuhayMahalagaSaDSWD ❤️",NOT RELEVANT
https://x.com/diazmineren/status/1816123473271329202,https://twitter.com/diazmineren/status/1816123473271329202,1816123473271329202,"Just two days after President Marcos Jr. boasted to the nation that over 5,500 flood control works have been completed under his administration, Metro Manila was declared under state of calamity due to massive flooding. #SONA2024 #CarinaPH

CTTO: Front Page https://t.co/L0yIuNPLDg",NOT RELEVANT
https://x.com/rapplerdotcom/status/1816119763422306320,https://twitter.com/rapplerdotcom/status/1816119763422306320,1816119763422306320,"Arlegui Street in Quiapo, Manila, is submerged in flood on Wednesday, July 24, following heavy rain from the enhanced southwest monsoon. #HabagatPH 📷 Alecs Ongcal/Rappler

UPDATES: https://t.co/7W47lTnu2Y https://t.co/aCjkeBE35o",MILD
https://x.com/TheLaSallian/status/1816112042258096182,https://twitter.com/TheLaSallian/status/1816112042258096182,1816112042258096182,"NatSit: Meralco shut down power in areas around Metro Manila and nearby provinces with high water levels to avoid electrocution. As of 10 pm, some customers are still without power despite the flood subsiding. https://t.co/SSOamxEW6E",NOT RELEVANT
https://x.com/PlanetPHGlobal/status/1816109309119365503,https://twitter.com/PlanetPHGlobal/status/1816109309119365503,1816109309119365503,"Rundown: Malls offering shelter in Metro Manila, other provinces amid flood, heavy downpour
Article Url : https://t.co/Pn6yFlnD3p https://t.co/c2RbFB1SeE",NOT RELEVANT
https://x.com/manilabulletin/status/1815658951704485978,https://twitter.com/manilabulletin/status/1815658951704485978,1815658951704485978,"LOOK: Motorists and pedestrians in Manila experience a gutter-deep flood due to heavy rainfall on Tuesday, July 23. Severe tropical storm #CarinaPH has intensified into a typhoon and is expected to maintain strength until it leaves the PAR on Thursday, according to PAGASA. 

📷: Arnold Quizol | MB",MILD
https://x.com/manilabulletin/status/1815669025164460200,https://twitter.com/manilabulletin/status/1815669025164460200,1815669025164460200,"STAY SAFE, EVERYONE 🙏

LOOK: Residents wade through an almost knee-deep flood at Brgy. Tañong in Malabon City on Tuesday, July 23. PAGASA, as of 2:00 p.m., raised the orange rainfall warning over Cavite, Metro Manila, Bataan, Zambales, and Batangas. 

📷: Arnold Quizol | MB https://t.co/uyAwwbUn6p",MILD
https://x.com/manilabulletin/status/1815931137837174997,https://twitter.com/manilabulletin/status/1815931137837174997,1815931137837174997,"LOOK: Residents of F. Cayco Street in Sampaloc, Manila were greeted with an ankle-deep flood on Wednesday morning, July 24, due to heavy rains brought about by the enhanced Habagat and Typhoon #CarinaPH.

(Photo by Patrick Ely Garcia) https://t.co/0HEE7rO8qQ",MILD
https://x.com/ABSCBNNews/status/1815901010403197124,https://twitter.com/ABSCBNNews/status/1815901010403197124,1815901010403197124,"LOOK: Motorists brave the flood along Andrews Avenue near Airport Road in Pasay City amid continuous heavy rainfall in several parts of Metro Manila this Wednesday morning. | via Gigie Cruz, ABS-CBN News #FloodPatrol #CarinaPH #WeatherPatrol https://t.co/75ZlYrfdNr",MILD
https://x.com/indiohistorian/status/1815966317188378906,https://twitter.com/indiohistorian/status/1815966317188378906,1815966317188378906,"I have always argued how HISTORY provides insight into disaster preparedness. Most of the flood-prone areas in Metro Manila today have been flood-prone since colonial times, but having been unaddressed, it continues to worsen due to climate change &amp; other man-made problems. 1/ https://t.co/TZd2OJx8oW",NOT RELEVANT
https://x.com/ABSCBNNews/status/1815914813077500000,https://twitter.com/ABSCBNNews/status/1815914813077500000,1.81591E+18,"LOOK: Residents wade through a knee-to-wrist-deep flood on and around Araneta Avenue in Quezon City on Wednesday.

Metro Manila woke up to floods in various areas of the capital region as the red warning level was raised by the weather bureau PAGASA due to intense rainfall brought about by the southwest monsoon enhanced by typhoon #CarinaPH. #FloodPatrol #WeatherPatrol 

Maria Tan, ABS-CBN News

READ MORE: https://t.co/VLtVcaJPif",MILD
https://x.com/TheManilaTimes/status/1816380737509330945,https://twitter.com/TheManilaTimes/status/1816380737509330945,1816380737509330945,"AFTER THE STORM

Residents of Barangay Malanday in Marikina City clean and sort their mud-covered belongings on July 25, 2024, a day after their homes were submerged in flood waters caused by the monsoon rains enhanced by Typhoon 'Carina.' PHOTOS BY ISMAEL DE JUAN https://t.co/83sx4k4IGk",SEVERE
https://x.com/Syjphfanbase/status/1816039602982986062,https://twitter.com/Syjphfanbase/status/1816039602982986062,1816039602982986062,"The onset of typhoon #CarinaPH has brought torrential rains and dangerous flooding in Metro Manila and other regions in the country. 
Here's a guide to flood safety to help everyone esp those which are hardest hit. 

Always be safe and dry. 🤍💙❤ https://t.co/0gajiFJXze",NOT RELEVANT
https://x.com/zryanverse/status/1816285549868769377,https://twitter.com/zryanverse/status/1816285549868769377,1816285549868769377,"There is no simple or simplistic answer to why flood control in Manila, failed. Corruption? People jamming trash in water pumps? NIMBYs? Failure to engineer? Is it terrain, and climate change? 

Is it lack of imagination and ability to talk more, &amp; problem solve less?

All of it? https://t.co/tKjJQriqjX",NOT RELEVANT
https://x.com/ALPH4X0MEGA/status/1816787792569205243,https://twitter.com/ALPH4X0MEGA/status/1816787792569205243,1816787792569205243,"METRO MANILA SUBWAY IS FLOOD-PROOF 🇵🇭🇯🇵

The Metro Manila Subway remained unaffected by floods brought by Typhoon #CarinaPh. The Metro Manila Subway following Japanese standards is designed to prevent flooding. https://t.co/IKb8RGBm03",NOT RELEVANT
https://x.com/realGebriel990/status/1818424829223354531,https://twitter.com/realGebriel990/status/1818424829223354531,1818424829223354531,"Aquino Gov't 2012 Flood Control Master Plan Will Continue By BBM Admin

Floods can be reduced by 70% -80% in Metro Manila if the drainage master plan is implemented.
This is under the 2012 flood control masterplan of the PNoy admin w/c  is only being resumed, as per DPWH. 
🧐 https://t.co/7RwmAspfdz",NOT RELEVANT
https://x.com/TheLaSallian/status/1815975423580463489,https://twitter.com/TheLaSallian/status/1815975423580463489,1815975423580463489,"BREAKING: Flooding has slightly calmed in the portion of Taft Ave. fronting the Manila Campus as of 12:55 pm, while Pablo Ocampo St. and nearby streets remain to be submerged in a thigh-deep flood. The downpour, however, has since strengthened. https://t.co/1UBtlkFnbL",MILD
https://x.com/TheAnimoSHS/status/1816024922667508058,https://twitter.com/TheAnimoSHS/status/1816024922667508058,1816024922667508058,"NEWS UPDATE: Taft Avenue has been submerged with flood as a result of the continuous rainfall across Metro Manila due to Typhoon Carina and the intensifying Southwest Monsoon.

Photos by Codyvann Arcega https://t.co/Z5fIJhTUxH",MILD
https://x.com/philstarlife/status/1815958604681236736,https://twitter.com/philstarlife/status/1815958604681236736,1815958604681236736,"Residents wade through knee-high flood in Villamor, Pasay City.

As of 11 a.m., red rainfall warning is up in Metro Manila, Rizal, Zambales, Bataan, Pampanga, and Bulacan due to heavy rainfall brought about by Typhoon Carina and habagat.

Photo courtesy: Ronna Katrizza Cagas https://t.co/DX8QDoQviv",MILD
https://x.com/TrendrodPH/status/1815847264818192639,https://twitter.com/TrendrodPH/status/1815847264818192639,1815847264818192639,"WEATHER ALERT: PAGASA hoisted Red Rainfall Warning over Metro Manila, Bataan, and Cavite at 3:00 am today.

This means that serious flooding is expected in flood-prone areas. https://t.co/p8ClUJ2i7K",NOT RELEVANT
https://x.com/8ListPH/status/1816009256849793369,https://twitter.com/8ListPH/status/1816009256849793369,1816009256849793369,"(1/6) As heavy rains plague Metro Manila and other parts of Luzon, traveling can be difficult without the possibility of getting stranded or having your car submerged in flood waters. https://t.co/ya9sAHbwGl",NOT RELEVANT
https://x.com/dost_pagasa/status/1815831293797740830,https://twitter.com/dost_pagasa/status/1815831293797740830,1815831293797740830,"Heavy Rainfall Warning No. 19-A #NCR_PRSD
Weather System: Enhanced Southwest Monsoon (Habagat)
Issued at: 3:00 AM, 24 July 2024(Wednesday)

RED WARNING LEVEL: Metro Manila, Cavite and Bataan.
ASSOCIATED HAZARD: Serious FLOODING is expected in flood-prone areas.

ORANGE WARNING LEVEL: Rizal, Laguna, Batangas, Pampanga, Bulacan and Zambales.
ASSOCIATED HAZARD: FLOODING is still THREATENING.

YELLOW WARNING LEVEL: Tarlac.
ASSOCIATED HAZARD: FLOODING in flood-prone areas.
Meanwhile, light to moderate with occasional heavy rains affecting Nueva Ecija and Quezon which may persist within 3 hours.
The public and the Disaster Risk Reduction and Management Offices concerned are advised to MONITOR the weather condition and watch for the next warning to be issued at 5:00 AM today.

For more information and queries, please call telephone numbers 8927-1335 and 8927-2877 or log on to https://t.co/59mTpZJq1n.",NOT RELEVANT
https://x.com/historyphils/status/1816330299749683622,https://twitter.com/historyphils/status/1816330299749683622,1816330299749683622,"What changed and what has yet to change in disaster risk reduction and response measures in the Philippines, particularly Mega Manila?

https://t.co/mn2MfSh7Kp

#FilipinoHistorian #History #Storm #Typhoon #Bagyo #Flood #Baha #Carina #CarinaPH #DRRM #DisasterResponse #MetroManila https://t.co/2XjueIBXZN",NOT RELEVANT
https://x.com/tribunephl/status/1817388146285539756,https://twitter.com/tribunephl/status/1817388146285539756,1817388146285539756,"Navotas Representative Toby Tiangco supported the call of President Ferdinand Marcos Jr. to develop a National Flood Control Plan in the aftermath of typhoon “Carina” and the massive flooding experienced in Metro Manila and other parts of Luzon.

Read more at: https://t.co/PgnplZsxfa",NOT RELEVANT
https://x.com/tribunephl/status/1816068504921256300,https://twitter.com/tribunephl/status/1816068504921256300,1816068504921256300,"SEVERE FLASH FLOOD HITS MAKATI, MANILA

LOOK: Zobel Roxas, Florida, Filmore, and Dian Streets in Makati, along with Singalong Street, Pedro Gil Street, and Lacson Avenue in Manila, have been severely affected by a significant flash flood caused by Typhoon Carina. | via Larry Cruz

See more photos at: https://t.co/PiAdF6HAFO

#CarinaPH #DailyTribune",MILD
https://x.com/PHILREMUKdeals/status/1816109302924386560,https://twitter.com/PHILREMUKdeals/status/1816109302924386560,1816109302924386560,"Rundown: Malls offering shelter in Metro Manila, other provinces amid flood, heavy downpour
Article Url : https://t.co/L6cLI4Z2Hz https://t.co/hTiOCDC9Ds",NOT RELEVANT
https://x.com/connectXIUns/status/1816098324791058513,https://twitter.com/connectXIUns/status/1816098324791058513,1816098324791058513,"Sorry non-Xiumin post for now.

The Lamesa Dam is reported to be overflowing and possibly affected areas:

•Quezon City: Fairview, Forest Hills subdivision, Quirino Highway, Sta. Quiteria, and San Bartolome
•Valenzuela: Barangay Ligon, North Expressway, and La Huerta Subdivision
•Malabon City

Also flood warnings are still in Pampanga, Bulacan, Metro Manila, Rizal, Zambales, and Bataan.

If you aren’t in affected areas but know someone who are, please make sure to check on them and ask if they need some help. Below are emergency numbers you can reach out to.

Some admins of Xiu accounts live in affected areas, please pray for their and everyone‘s safety here in the PH🙏🏼",NOT RELEVANT
https://x.com/kimpau_squad/status/1816089280915333221,https://twitter.com/kimpau_squad/status/1816089280915333221,1816089280915333221,"Due to Typhoon #CarinaPh most places in Metro Manila Submerged in  Flood water. KIMPAU SQUAD FAMILY, will be having  a food distribution or Ready to eat in Some affected area this coming Friday. #KimPau #KimChiu #PauloAvelino https://t.co/9EKi8G0ffk",NOT RELEVANT
https://x.com/dost_pagasa/status/1816080577470320913,https://twitter.com/dost_pagasa/status/1816080577470320913,1816080577470320913,"Heavy Rainfall Warning No. 25 #NCR_PRSD
Weather System: Enhanced Southwest Monsoon (Habagat)
Issued at: 8:00 PM, 24 July 2024(Wednesday)

ORANGE WARNING LEVEL: Pampanga, Bulacan, Metro Manila, Rizal, Zambales and Bataan.
ASSOCIATED HAZARD: FLOODING is still THREATENING.

YELLOW WARNING LEVEL: Tarlac.
ASSOCIATED HAZARD: FLOODING in flood-prone areas.
Meanwhile, expect light to moderate with occasional heavy rains over Cavite, Batangas, Laguna and Quezon within the next 3 hours.
Light to moderate rains affecting Nueva Ecija which may persist within 3 hours.

The public and the Disaster Risk Reduction and Management Offices concerned are advised to MONITOR the weather condition and watch for the next warning to be issued at 11:00 PM today.
For more information and queries, please call telephone numbers 8927-1335 and 8927-2877 or log on to https://t.co/59mTpZJq1n.",NOT RELEVANT
https://x.com/kiranjoshi235/status/1816077358899888384,https://twitter.com/kiranjoshi235/status/1816077358899888384,1816077358899888384,"Widespread flooding reported in Metro Manila. Churches was not spared either. Here are some images and reports of inundated churches in the Diocese of Cubao
Benches have floated inside as flood rose to a high level submerging the altar and main parts of the church
#CarinaPH https://t.co/Mpesnzbhly",MILD
https://x.com/jolomon/status/1816075028427059403,https://twitter.com/jolomon/status/1816075028427059403,1816075028427059403,"Gawad Kalinga is activating Operation Walang Iwanan : Carina. A relief operation to help families in need after being displaced or inundated by flood waters in Metro Manila and neighboring Provinces.  

For donations in kind, please stay tuned. We will announce drop off venue soon.",NOT RELEVANT
https://x.com/hanbinchapters/status/1816072731424895304,https://twitter.com/hanbinchapters/status/1816072731424895304,1816072731424895304,Lee Gwan Hee witnessing flood in Manila. Welcome to the Philippines ig.😭😭😭 https://t.co/NtvAGwjZlC,MILD
https://x.com/tribunephl/status/1816068504921256300,https://twitter.com/tribunephl/status/1816068504921256300,1816068504921256300,"SEVERE FLASH FLOOD HITS MAKATI, MANILA

LOOK: Zobel Roxas, Florida, Filmore, and Dian Streets in Makati, along with Singalong Street, Pedro Gil Street, and Lacson Avenue in Manila, have been severely affected by a significant flash flood caused by Typhoon Carina. | via Larry Cruz

See more photos at: https://t.co/PiAdF6HAFO

#CarinaPH #DailyTribune",MILD
https://x.com/kiranjoshi235/status/1816066117120712792,https://twitter.com/kiranjoshi235/status/1816066117120712792,1816066117120712792,"Situation in Metro Manila during typhoon Carina.  It is known that vehicles cannot cross the ocean due to the flood and the water level in the Pasig River is rising.

 #Philippine #Flooding
 #CarinaPH
#Carina
#TyphoonCarina #TyphoonGaemi 
#TyphoonGaemi #세븐틴  #Flood https://t.co/ANx8K2Ovx0",SEVERE
https://x.com/kiranjoshi235/status/1816066013219405956,https://twitter.com/kiranjoshi235/status/1816066013219405956,1816066013219405956,"Situation in Metro Manila during typhoon Carina.  It is known that vehicles cannot cross the ocean due to the flood and the water level in the Pasig River is rising.

 #Philippine #Flooding
 #CarinaPH
#Carina
#TyphoonCarina #TyphoonGaemi 
#TyphoonGaemi #세븐틴  #Flood https://t.co/H9D63FoEju",SEVERE
https://x.com/adycots/status/1816061196547809494,https://twitter.com/adycots/status/1816061196547809494,1816061196547809494,"Situation in New Manila, Quezon City area since 5:30AM. Now, it’s 6:30PM and flood is starting to subside. Let’s hope for the best. 🙏🏻

Praying for those mostly affected 🫶🏻 https://t.co/t11CIgQaZT",MILD
https://x.com/2sunlatte_/status/1816055264463970499,https://twitter.com/2sunlatte_/status/1816055264463970499,1816055264463970499,I just DO NOT care about hate tweets RIGHT NOW. There are countless of alarms for landslide and flood. we've been praying non stop for people in manila as well as in my location 🥹 Praying for everyone's safety and xlean water 🙏🙏 https://t.co/Rhu1Ve1dlI,NOT RELEVANT
https://x.com/kate_quiapos/status/1816053367539655170,https://twitter.com/kate_quiapos/status/1816053367539655170,1816053367539655170,"Due to Typhoon #Carina  most places in Metro Manila Submerged in  Flood water..  In behalf of KIMPAU SQUAD FAMILY, will be having  food distribution/Ready to eat,in Some affected area this coming Friday. #KimChiu #PauloAvelino @kimpau_squad @Mabeth0721 @ravenwolfbird https://t.co/4q0m5Ibpfh",NOT RELEVANT
https://x.com/PandaySiningPH/status/1816052648904438256,https://twitter.com/PandaySiningPH/status/1816052648904438256,1816052648904438256,"Two days after the State of the Nation Address (SONA), where President Marcos flaunted his 5,500 flood control projects, various areas in the Philippines, especially Metro Manila, are now under a state of calamity due to heavy rains and floods caused by #CarinaPH. https://t.co/2hkmuvuhMo",NOT RELEVANT
https://x.com/sliceofdpie6557/status/1816051098530046050,https://twitter.com/sliceofdpie6557/status/1816051098530046050,1816051098530046050,"President Ferdinand Marcos Jr. @bongbongmarcos has proposed the implementation of ten flood control projects from 2024 to 2037.

In the President’s Report to the People released Tuesday, Marcos said these ten projects would cost over P500 billion. These are:

•Integrated Flood Resilience and Adaptation (InFRA) Project 2
•Central Luzon-Pampanga River Floodway Project
•Parañaque Spillway/Tunnel Project
•Ambal-Simuay River and Rio Grande de Mindanao River Flood Control and Riverbank Protection
•Davao City Flood Control and Drainage Project
•Integrated Disaster Risk Reduction and Climate Change Adaptation Measures in the LowLying Areas of Pampanga Bay, Stage II
•InFRA 3 Project (Aklan, Allah, and Ilog-Hilabangan)
•InFRA 4 Project (Agno, Cadac-an, and Mag-asawang Tubig)
•Flood Control Projects for Pampanga and Bicol River Basins-Package I
•Flood Control Projects for Panay and Agusan River Basins-Package II

———

A according to a public revelation in 2009, by Felino Palafox, an urban planner who helped to design the flood-control projects and policies in the 1970s for President Marcos, said that these plans, if fully implemented, would have largely prevented the devastation visited on the people of the Philippines by Typhoon Ondoy, which struck Manila on Sept. 26, 2009 - a devastation which continued for months in the form of disease and mass dislocation of the wretched poor of Manila.

——-

https://t.co/K9p1nrI5m9

https://t.co/rAtHMEqWbB",NOT RELEVANT
https://x.com/joveemarie/status/1816050135023198248,https://twitter.com/joveemarie/status/1816050135023198248,1816050135023198248,"A man picks up medical books soaked by the flood. He said he will dry them and try to sell them. Tondo, Manila is submerged by a flood due to super typhoon Carina and southwest moonson (habagat) @BusinessMirror https://t.co/j3FjUfo54V",MILD
https://x.com/joveemarie/status/1816050057759568304,https://twitter.com/joveemarie/status/1816050057759568304,1816050057759568304,"A man picks up medical books soaked by the flood. He said he will dry them and try to sell them. Tondo, Manila is submerged by a flood due to super typhoon Carina and southwest moonson (habagat) @BusinessMirror https://t.co/tl8WXP0q87",MILD
https://x.com/tribunephl/status/1816042094957584871,https://twitter.com/tribunephl/status/1816042094957584871,1816042094957584871,"FLOOD UPDATE AS OF 4:03 PM, 24 JULY 2024

MANILA:
Vito Cruz St. to Taft Ave.: Knee deep (19 inches)
España-Antipolo St: Above knee deep (24 inches)
Recto Ave. - Mendiola: Above knee deep (20 inches)

Source: CCTV/Metrobase/DOEs

| via Alvin Murcia

#CarinaPH #DailyTribune",MODERATE
https://x.com/ALPH4X0MEGA/status/1816488688312074422,https://twitter.com/ALPH4X0MEGA/status/1816488688312074422,1816488688312074422,"Do you know why #Tokyo doesn't flood as much as #Manila? 

#Japan has built the world's largest underground flood diversion facility in Tokyo, mitigating the overflowing of the city's major waterways and rivers during rain and typhoon seasons. https://t.co/gWAELWRtS5",NOT RELEVANT
https://x.com/PIA_NCR/status/1816718738064048396,https://twitter.com/PIA_NCR/status/1816718738064048396,1816718738064048396,"The decision was made after heavy rainfall from the southwest monsoon, strengthened by Typhoon Carina, combined with high tide to inundate various parts of the city.

#CarinaPH #Malabon 
READ: https://t.co/iqrhSJaCae https://t.co/iWne1ea3ch",NOT RELEVANT
https://x.com/pnagovph/status/1815664534545486248,https://twitter.com/pnagovph/status/1815664534545486248,1815664534545486248,"Motorists and pedestrians brave the gutter-deep flood along the corner of Taft and UN Avenues in Manila following a heavy downpour brought by #CarinaPH and the enhanced southwest monsoon on Tuesday afternoon (July 23, 2024). | PNA photos by Yancy Lim https://t.co/YB5U3vWvoe",MILD
https://x.com/PIA_NCR/status/1815913927043342413,https://twitter.com/PIA_NCR/status/1815913927043342413,1815913927043342413,"PAGASA (8AM): Red Rainfall Warning is raised over Metro Manila.

Serious FLOODING in flood-prone areas.
#CarinaPH https://t.co/5Ma4TWGafD",NOT RELEVANT
https://x.com/EPA_Images/status/1816000008862281979,https://twitter.com/EPA_Images/status/1816000008862281979,1816000008862281979,"A resident carries a dog while walking in flood water in Quezon City, Metro Manila, Philippines. 

📸: EPA / Rolex Dela Pena

#philippines #floods #EPAImages https://t.co/g6ZN3oqr6O",MILD
https://x.com/PHILREMUKdeals/status/1816109302924386560,https://twitter.com/PHILREMUKdeals/status/1816109302924386560,1816109302924386560,"Rundown: Malls offering shelter in Metro Manila, other provinces amid flood, heavy downpour
Article Url : https://t.co/L6cLI4Z2Hz https://t.co/hTiOCDC9Ds",NOT RELEVANT
https://x.com/inquirerdotnet/status/1815882441258852756,https://twitter.com/inquirerdotnet/status/1815882441258852756,1815882441258852756,"FLOOD UPDATES IN METRO MANILA
(as of 6:31 a.m.)

MANILA:
Bonifacio Drive-25th Street (both lanes): Gutter deep (8 inches)
Dimasalang cor. Becerra St., Sta. Cruz: Gutter deep (8 inches)
España-Lacson Ave. Intersection: Gutter deep (8 inches)
Roxas Ave.-Kalaw St.: Gutter deep (8 inches)
Vito Cruz to Taft Ave.: Knee deep (19 inches)
España-R. Magsaysay: below gutter deep (7 inches)
España-Antipolo St.: Half-tire (24 inches)
España-P.Margal/Blumentritt: Half knee deep (9-10 inches)
España-M. Dela Fuente: Half tire (13-14 inches)

| via @MMDA",MILD
https://x.com/SouthSnippets/status/1815841876853022867,https://twitter.com/SouthSnippets/status/1815841876853022867,1815841876853022867,"RAINFALL WARNING as of 3AM, 24 July 2024: RED and ORANGE Levels raised in certain areas due to heavy rains brought about by the Southwest Monsoon enhanced by TC Carina.

🔴 RED WARNING LEVEL (Serious FLOODING is expected in flood-prone areas.): Metro Manila, Cavite and Bataan. https://t.co/w8X7fvMo4Y",NOT RELEVANT
https://x.com/bworldph/status/1815629105926459744,https://twitter.com/bworldph/status/1815629105926459744,1815629105926459744,"Flood water rising at Taft Ave., Manila near PGH https://t.co/BPVMxdDpmQ",MILD
https://x.com/inquirerdotnet/status/1815911906638717380,https://twitter.com/inquirerdotnet/status/1815911906638717380,1815911906638717380,"LOOK: Here is the flood situation around the University of Santo Tomas in Sampaloc, Manila, on Wednesday morning. | 📷: RAHA Volunteers Fire Department/Facebook

Follow live updates for #CarinaPH: https://t.co/GiNsbtFFV2 https://t.co/cDJcKmgWhi",MILD
https://x.com/PIA_NCR/status/1816701542373925125,https://twitter.com/PIA_NCR/status/1816701542373925125,1816701542373925125,"After leading a situation briefing at the Presidential Security Command Headquarters in Manila, Marcos traveled to Valenzuela, one of the cities that was submerged in floodwaters after the La Mesa Dam

#CarinaPH #PBBM 
READ: https://t.co/luMqUmHEnw https://t.co/mTk4rRSC42",NOT RELEVANT
https://x.com/DZAR1026/status/1815867545431466028,https://twitter.com/DZAR1026/status/1815867545431466028,1815867545431466028,"@MMDA FLOOD UPDATE as of 5:40 AM

via @AdmarVilando 

#Habagat #CarinaPH https://t.co/mANTOn9Pcv",NOT RELEVANT
https://x.com/ANCALERTS/status/1816153805517644059,https://twitter.com/ANCALERTS/status/1816153805517644059,1816153805517644059,"Residents affected by flooding and torrential rains took shelter at the Holy Family Parish in Novaliches, Quezon City.  

The typhoon-enhanced southwest monsoon submerged many areas in Metro Manila and nearby provinces under flood.  

The parish also offered food for the evacuees and thanked those who donated for the residents.  

📷: Holy Family Parish - Gulod, Diocese of Novaliches",NOT RELEVANT
https://x.com/PIA_NCR/status/1816039451107455140,https://twitter.com/PIA_NCR/status/1816039451107455140,1816039451107455140,"PAGASA (5PM): Red Rainfall Warning is still raised over Metro Manila.      

Serious FLOODING in flood-prone areas.  
#CarinaPH https://t.co/zeZ6fMRKaH",NOT RELEVANT
https://x.com/PhilippineStar/status/1817360573530816696,https://twitter.com/PhilippineStar/status/1817360573530816696,1817360573530816696,Senators on Saturday demanded answers from the Department of Public Works and Highways (DPWH) and the Metropolitan Manila Development Authority (MMDA) for the failure of flood control projects to curb flooding in Metro Manila. https://t.co/O4zqp3xNar https://t.co/kH0RdymmDS,SEVERE
https://x.com/kiranjoshi235/status/1816066013219405956,https://twitter.com/kiranjoshi235/status/1816066013219405956,1816066013219405956,"Situation in Metro Manila during typhoon Carina.  It is known that vehicles cannot cross the ocean due to the flood and the water level in the Pasig River is rising.

 #Philippine #Flooding
 #CarinaPH
#Carina
#TyphoonCarina #TyphoonGaemi 
#TyphoonGaemi #세븐틴  #Flood https://t.co/H9D63FoEju",SEVERE
https://x.com/untalansherylin/status/1815953113964228665,https://twitter.com/untalansherylin/status/1815953113964228665,1815953113964228665,"LOOK: Flood situation in España, Manila as of 11 AM on Wednesday. 

@gmanews https://t.co/mVbrZIRHD3",MODERATE
https://x.com/inquirerdotnet/status/1815885597694910854,https://twitter.com/inquirerdotnet/status/1815885597694910854,1815885597694910854,"FLOOD UPDATES IN MANILA CITY
(as of 6:26 a.m.)

Here are the roads in the city of Manila that have reported flooding due to #CarinaPH, according to the Manila DRRMO.

Finance St.-Taft Ave.: Not passable to all types of vehicles
Nakpil St.-Taft Ave: Not passable to all types of vehicles
Pedro Gil-Taft Ave.: Not passable to all types of vehicles
Padre Faura-Taft Ave.- Not passable to all types of vehicles
UN Ave.: Not passable to all types of vehicles
T.M. Kalaw-Taft Ave.: Not passable to all types of vehicles
Ayala Blvd.: Not passable to all types of vehicles
España: Not passable to all types of vehicles

| 📷: via Manila PIO/Facebook

Follow live updates for #CarinaPH: https://t.co/I2ZTlF78te",MODERATE
https://x.com/mendesbigwins24/status/1816040478627738018,https://twitter.com/mendesbigwins24/status/1816040478627738018,1816040478627738018,@JamesB_65 Thank you tito James several areas im Manila are flooded already like here near our School its submerged on flood https://t.co/r7dbhOiqt9,MILD
https://x.com/alwaysrenjunph/status/1816040392405684400,https://twitter.com/alwaysrenjunph/status/1816040392405684400,1816040392405684400,"[ADMIN POST]

IN CASE OF EMERGENCY, PLEASE CALL THE HOTLINES BELOW! #CarinaPH 🚨

NATIONAL HOTLINE - 911

NDRRMC - 0917-891-6322

Philippine Coast Guard
0917-PCG-DOTC (0917-724-3682)
0918-967-4697

Rescue PH
09051456217 (GLOBE)
09293510068 (SMART)
0932360863 (SUN)

NDRRMC: 
(02) 8911-5061 to 65 local 100
(02) 8911-1406
(02) 8912-2665
(02) 8912-5668
(02) 8911-1873

Red Cross Hotlines - 143
(02) 8527-8385 to 95
(02) 8527-0000
(02) 8790-2300
134 (Staff), 132 (Manager), 133 (Radio Room)
(02) 8790-2300 local 604
(02) 8527-0864 (Telefax)

Muntinlupa Emergency Hotline: 137-175

Caloocan Emergency Hotline: 888-25664

Pasig Emergency Hotline: 8643-0000

Marikina Emergency Hotline: 161

Pasay Emergency Hotline: 888-72729

Las Piñas Emergency Hotline: 8290-6500

Taguig Emergency Hotline: 0919-070-3112

Valenzuela Emergency Hotline: 8352500
8292-1405 
0917-630-0255

San Juan Emergency Hotline: 137135 

Makati Emergency Hotline: 168
8870-1191

Malabon Emergency Hotlines:
0942-372-9891 
8921-6009 / 8921-6029
0917-689-8657

Mandaluyong Emergency Hotlines:
8533-1897 • 0956-4273727

Quezon City Emergency Hotlines:  122
0977 031 2892 (GLOBE)
0947 885 9929 (SMART)
8988 4242 local 7245

QC Emergency Medical Services or Urban Search and Rescue: 
0947 884 7498 (SMART) 
8928 4396

Pasig Emergency Hotline: 8643-0000

Pateros Emergency Hotline:
8-642-5159
0949-811-5332 
0949-811-5332

Manila Emergency Hotline:
0966-405-8897 
0932-062-2322
8568-6909

Metro Manila Development Authority (MMDA) Hotline: 136
Trunkline: (02) 882-4150-77
loc. 337 (Rescue)
255 (Metrobase)
319 (Road Safety)
374 (Public Safety)
320 (Road Emergency)
(02) 882-0925 (Flood Control)

Philippine Coast Guard
(02) 527-8481 to 89
Action Center: (02) 527-3877
0917-PCG-DOTC 
0917-724-3682 (Globe)
0918-967-4697

Bureau of Fire Protection (NCR) 
(02) 426-0219
02)426-3812
(02) 426-0246",NOT RELEVANT
https://x.com/PhilippineStar/status/1816039995842650463,https://twitter.com/PhilippineStar/status/1816039995842650463,1816039995842650463,"#CARINAPH NOW A SUPER TYPHOON

PAGASA declared #CarinaPH a supertyphoon after heavy rains and flood on Wednesday. According to their 5 PM weather bulletin, #CarinaPH has a maximum sustained winds of 185 km/h with a gustiness of up to 230 km/h.

Metro Manila has been declared under a state of calamity due to the effects of #CarinaPH and southwest monsoon.",NOT RELEVANT
https://x.com/TheManilaTimes/status/1816039699317940636,https://twitter.com/TheManilaTimes/status/1816039699317940636,1816039699317940636,"List of emergency hotlines in Metro Manila.

For real-time flood monitoring updates visit:  https://t.co/kQ4Bf883ot

#CarinaPH https://t.co/g93YFx2onb",NOT RELEVANT
https://x.com/Syjphfanbase/status/1816039602982986062,https://twitter.com/Syjphfanbase/status/1816039602982986062,1816039602982986062,"The onset of typhoon #CarinaPH has brought torrential rains and dangerous flooding in Metro Manila and other regions in the country. 
Here's a guide to flood safety to help everyone esp those which are hardest hit. 

Always be safe and dry. 🤍💙❤ https://t.co/0gajiFJXze",NOT RELEVANT
https://x.com/PIA_NCR/status/1816039451107455140,https://twitter.com/PIA_NCR/status/1816039451107455140,1816039451107455140,"PAGASA (5PM): Red Rainfall Warning is still raised over Metro Manila.      

Serious FLOODING in flood-prone areas.  
#CarinaPH https://t.co/zeZ6fMRKaH",NOT RELEVANT
https://x.com/manilabulletin/status/1816035639059767363,https://twitter.com/manilabulletin/status/1816035639059767363,1816035639059767363,"LOOK: LRT 1 passengers in Balintawak Station in Quezon City ride a makeshift boat while others wade through the waist-deep flood on Wednesday, July 24. 

Due to non-stop downpour, the Metro Manila Council (MMC) and the Department of the Interior and Local Government (DILG) declared Metro Manila under the State of Calamity. #CarinaPH

📷: Noel B. Pabalate | MB",MODERATE
https://x.com/dost_pagasa/status/1816034756523614706,https://twitter.com/dost_pagasa/status/1816034756523614706,1816034756523614706,"Heavy Rainfall Warning No. 24 #NCR_PRSD
Weather System: Enhanced Southwest Monsoon (Habagat)
Issued at: 5:00 PM, 24 July 2024(Wednesday)

RED WARNING LEVEL: Metro Manila, Rizal, Bataan, Zambales, Bulacan and Pampanga.
ASSOCIATED HAZARD: Serious FLOODING in flood-prone areas.

ORANGE WARNING LEVEL: Tarlac.
ASSOCIATED HAZARD: FLOODING is still THREATENING.

YELLOW WARNING LEVEL: Cavite, Batangas, Laguna, Nueva Ecija and Quezon(General Nakar, Real, Infanta, Mauban, Sampaloc).
ASSOCIATED HAZARD: FLOODING in flood-prone areas.
Meanwhile, light to moderate with occasional heavy rains affecting Quezon(Candelaria, Dolores, San Antonio, Sariaya, Tiaong, Tayabas, Lucban, Lucena, Pagbilao, Agdangan, Alabat, Atimonan, Buenavista, Burdeos, Calauag, Catanauan, General Luna, Guinayangan, Gumaca, Jomalig, Lopez, Macalelon, Mulanay, Padre Burgos, Panukulan, Patnanungan, Perez, Pitogo, Plaridel, Polillo, Quezon, San Andres, San Francisco, San Narciso, Tagkawayan, Unisan) which may persist within 3 hours.
The public and the Disaster Risk Reduction and Management Offices concerned are advised to MONITOR the weather condition and watch for the next warning to be issued at 8:00 PM today.

For more information and queries, please call telephone numbers 8927-1335 and 8927-2877 or log on to https://t.co/59mTpZJq1n.",NOT RELEVANT
https://x.com/MasungiGeo/status/1816028212109140161,https://twitter.com/MasungiGeo/status/1816028212109140161,1816028212109140161,"The onset of Typhoon #CarinaPH affecting Rizal and Metro Manila highlights the urgent need for ecosystem-based disaster risk mitigation systems, especially in areas like the Upper Marikina Watershed.

By leveraging natural processes such as reforestation and water flow regulation, we can reduce flood risks and erosion, providing cost-effective alternatives to traditional infrastructure. These strategies not only protect downstream communities but also enhance climate resilience, according to the World Bank's Modeling Study for the Philippines.

👣 Request a private trail visit at least four days before your intended date of visit through https://t.co/UwO4do5APb. Conservation fees go to the upkeep of the georeserve and the restoration of surrounding watersheds.

🦋 Join our Shared Trail experience every Thursday and Friday at 8:00 AM. Request your spot by emailing programs@masungigeoreserve.com at least three days before your planned visit.

🌳 Stand with us by signing the petition to safeguard the Masungi Geopark Project: https://t.co/VsbfIksKYc

📨 Express your support for the MGP directly to the DENR Secretary Yulo-Loyzaga: osec@denr.gov.ph and President Bong Bong Marcos Jr.: pace@op.gov.ph and cc: communications@masungigeoreserve.com

Your voices matter. #SaveMasungi",NOT RELEVANT
https://x.com/ABSCBNNews/status/1816025600114790792,https://twitter.com/ABSCBNNews/status/1816025600114790792,1816025600114790792,LOOK: Some roads near the Manila-Quezon City border have been rendered impassable due to waist to knee-deep flood levels brought by the typhoon #CarinaPH-induced habagat. #FloodPatrol | via @KevAlabaso https://t.co/kYZwfi4S7T,MILD
https://x.com/TheAnimoSHS/status/1816024922667508058,https://twitter.com/TheAnimoSHS/status/1816024922667508058,1816024922667508058,"NEWS UPDATE: Taft Avenue has been submerged with flood as a result of the continuous rainfall across Metro Manila due to Typhoon Carina and the intensifying Southwest Monsoon.

Photos by Codyvann Arcega https://t.co/Z5fIJhTUxH",MILD
https://x.com/KevAlabaso/status/1816024767885107494,https://twitter.com/KevAlabaso/status/1816024767885107494,1816024767885107494,LOOK: Some roads near the Manila-Quezon City border have been rendered impassable due to waist to knee-deep flood levels brought by the typhoon Carina-induced habagat. @ABSCBNNews https://t.co/rsK7TciuKW,MILD
https://x.com/realGebriel990/status/1816021310570406362,https://twitter.com/realGebriel990/status/1816021310570406362,1816021310570406362,"Marikina River Is In Critical Level

The Marikina River is measured about 18.5 meters - 20 meters w/c  means at a critical level, this will be a warning in Metro Manila.

The worst part to be worried there's a high tide, the water is stuck &amp; the bridge will reached by the flood. https://t.co/epAxUsXkJ6",SEVERE
https://x.com/NingYizhuo_GMIT/status/1816017424426353057,https://twitter.com/NingYizhuo_GMIT/status/1816017424426353057,1816017424426353057,"GM web3 ☀️

Metro Manila the capital of my country which is the Philippines 🇵🇭 is under state of Calamity, because of the Super typhoon happening at the moment.

There are like floods everywhere, and even buses can’t pass through the flood. Its been raining for almost 48 hours nonstop. Please pray for everyone safety here, pray for my country.",NOT RELEVANT
https://x.com/chloemarihufana/status/1816013511853760887,https://twitter.com/chloemarihufana/status/1816013511853760887,1816013511853760887,"@bworldph UPDATE: MMDA update on flood situation across NCR.

The Metro Manila Council just declared the capital region under a state of calamity.

@bworldph https://t.co/VE4xf5t9SN",NOT RELEVANT
https://x.com/Bingoplusph/status/1816012560308842591,https://twitter.com/Bingoplusph/status/1816012560308842591,1816012560308842591,"𝗖𝗔𝗟𝗟 𝗜𝗙 𝗬𝗢𝗨 𝗡𝗘𝗘𝗗 𝗛𝗘𝗟𝗣, 𝗠𝗚𝗔 𝗞𝗔-𝗕𝗣! 🚨

𝗡𝗔𝗧𝗜𝗢𝗡𝗔𝗟 𝗘𝗠𝗘𝗥𝗚𝗘𝗡𝗖𝗬 𝗛𝗢𝗧𝗟𝗜𝗡𝗘 - 911

𝗣𝗛𝗜𝗟𝗜𝗣𝗣𝗜𝗡𝗘 𝗥𝗘𝗗 𝗖𝗥𝗢𝗦𝗦
Hotline: 143, (02) 527-0000, (02) 527-8385 to 95
Disaster Management Office: 143(Staff), 132(Manager),133(Radio Room)

𝗡𝗔𝗧𝗜𝗢𝗡𝗔𝗟 𝗗𝗜𝗦𝗔𝗦𝗧𝗘𝗥 𝗥𝗜𝗦𝗞 𝗥𝗘𝗗𝗨𝗖𝗧𝗜𝗢𝗡 𝗔𝗡𝗗 𝗠𝗔𝗡𝗔𝗚𝗘𝗠𝗘𝗡𝗧 𝗖𝗢𝗨𝗡𝗖𝗜𝗟 (𝗡𝗗𝗥𝗥𝗠𝗖)
Trunkline: 911-5061 to 65
Phone Number: (+632) 91114016, (+632) 9122665

𝗣𝗔𝗚-𝗔𝗦𝗔
Hotline: (02) 824-0800

𝗗𝗘𝗣𝗔𝗥𝗧𝗠𝗘𝗡𝗧 𝗢𝗙 𝗦𝗢𝗖𝗜𝗔𝗟 𝗪𝗘𝗟𝗙𝗔𝗥𝗘 𝗔𝗡𝗗 𝗗𝗘𝗩𝗘𝗟𝗢𝗣𝗠𝗘𝗡𝗧
GLOBE: 09171105686 at 09178272543
SMART: 09199116200
inquiry@dswd.gov.ph

𝗣𝗛𝗜𝗟𝗜𝗣𝗣𝗜𝗡𝗘 𝗡𝗔𝗧𝗜𝗢𝗡𝗔𝗟 𝗣𝗢𝗟𝗜𝗖𝗘 𝗛𝗢𝗧𝗟𝗜𝗡𝗘 𝗣𝗔𝗧𝗥𝗢𝗟
Hotline: 117, 722-0650
Text Hotline: 0917-847-5757

𝗕𝗨𝗥𝗘𝗔𝗨 𝗢𝗙 𝗙𝗜𝗥𝗘 𝗣𝗥𝗢𝗧𝗘𝗧𝗜𝗢𝗡 (𝗡𝗖𝗥)
Direct Hotline: (02) 426-0219, (02)426-3812, (02) 426-0246

𝗣𝗛𝗜𝗟𝗜𝗣𝗣𝗜𝗡𝗘 𝗖𝗢𝗔𝗦𝗧 𝗚𝗨𝗔𝗥𝗗
Trunkline: (02) 527-8481 to 89
Action Center: (02) 527-3877
0917-PCG-DOTC 0917-724-3682(Globe)
0918-967-4697

𝗠𝗘𝗧𝗥𝗢 𝗠𝗔𝗡𝗜𝗟𝗔 𝗗𝗘𝗩𝗘𝗟𝗢𝗣𝗠𝗘𝗡𝗧 𝗔𝗨𝗧𝗛𝗢𝗥𝗜𝗧𝗬
Hotline:136
Trunkline: (02) 882-4150-77
loc. 337 (Rescue)
255 (Metrobase)
319 (Road Safety)
374 (Public Safety)
320 (Road Emergency)
(02) 882-0925 (Flood Control)

𝗗𝗘𝗣𝗔𝗥𝗧𝗠𝗘𝗡𝗧 𝗢𝗙 𝗖𝗢𝗠𝗠𝗨𝗡𝗜𝗖𝗔𝗧𝗜𝗢𝗡
(DOTC) Central Hotline
Public Assiatnce Center: 7890

𝗠𝗔𝗡𝗜𝗟𝗔 𝗜𝗡𝗧𝗘𝗥𝗡𝗔𝗧𝗜𝗢𝗡𝗔𝗟 𝗔𝗜𝗥𝗣𝗢𝗥𝗧 𝗔𝗨𝗧𝗛𝗢𝗥𝗜𝗧𝗬
Text Hotline: 0917-839-6462 (TEXTNAIA)
Terminals 1,2,and 4: 877-1109 and loc. 2444
Terminal 3: 887-7888 loc. 8046

𝗠𝗘𝗧𝗥𝗢 𝗠𝗔𝗡𝗜𝗟𝗔 𝗘𝗠𝗘𝗥𝗚𝗘𝗡𝗖𝗬 𝗛𝗢𝗧𝗟𝗜𝗡𝗘𝗦
Metro Manila:
San Juan City: 238-43-33
Paranaque City: 829-09-22
Muntinlupa City: 137-175 / 8373-51-65 Landline / 0921-542-7123 Smart / 0927-257-9322 Globe
Valenzuela City: 292-14-05/0915-2598376
Makati City: 870-11-91/870-14-60
Caloocan City (south): 288-77-17
Caloocan City (north): 277-28-85
Mandaluyong City: 532-21-89/532-24-02
Marikina City: 646-24-36/646-24-26
Pasig City: 8643-0000
Pateros: 642-51-59
Manila City: 927-13-35/978-53-12
Taguig City: 0917-550-3727
Las Piñas City: 02-8290-6500

#BingoPlusPH",NOT RELEVANT
https://x.com/8ListPH/status/1816009256849793369,https://twitter.com/8ListPH/status/1816009256849793369,1816009256849793369,"(1/6) As heavy rains plague Metro Manila and other parts of Luzon, traveling can be difficult without the possibility of getting stranded or having your car submerged in flood waters. https://t.co/ya9sAHbwGl",NOT RELEVANT
https://x.com/rapplerdotcom/status/1816006303992479748,https://twitter.com/rapplerdotcom/status/1816006303992479748,1816006303992479748,The entire Metro Manila has been placed under a state of calamity due to heavy rain and flood brought by the southwest monsoon or #HabagatPH enhanced by #CarinaPH. https://t.co/Gk0X1DL9pG https://t.co/tWFJw4mCYT,SEVERE
https://x.com/EPA_Images/status/1816000008862281979,https://twitter.com/EPA_Images/status/1816000008862281979,1816000008862281979,"A resident carries a dog while walking in flood water in Quezon City, Metro Manila, Philippines. 

📸: EPA / Rolex Dela Pena

#philippines #floods #EPAImages https://t.co/g6ZN3oqr6O",MILD
https://x.com/PhilippineStar/status/1815998321368129640,https://twitter.com/PhilippineStar/status/1815998321368129640,1815998321368129640,JUST IN: Metro Manila declared under a state of calamity following the heavy flood and rainfall caused by #CarinaPH and southwest monsoon on Wednesday. https://t.co/oOf1kgC6gS,NOT RELEVANT
https://x.com/SaitamaClassA69/status/1818308553909862565,https://twitter.com/SaitamaClassA69/status/1818308553909862565,1818308553909862565,"Did you know why Tokyo doesn't flood as much as Manila? 🇯🇵

Japan has built the world's largest underground flood water diversion facility in Tokyo, the Metropolitan Area Outer Underground Discharge Channel , https://t.co/7kw57ThHdv",NOT RELEVANT
https://x.com/BilianaBibishi/status/1816221257546834271,https://twitter.com/BilianaBibishi/status/1816221257546834271,1816221257546834271,"Streets flood from monsoon rains worsened by offshore typhoon Gaemi on Wednesday, July 24, 2024, in Manila, Philippines. Joeal Capulitan/AP https://t.co/W4a8YzUWuj",MILD
https://x.com/PlanetPHGlobal/status/1816109309119365503,https://twitter.com/PlanetPHGlobal/status/1816109309119365503,1816109309119365503,"Rundown: Malls offering shelter in Metro Manila, other provinces amid flood, heavy downpour
Article Url : https://t.co/Pn6yFlnD3p https://t.co/c2RbFB1SeE",NOT RELEVANT
https://x.com/tribunephl/status/1815650428698366053,https://twitter.com/tribunephl/status/1815650428698366053,1815650428698366053,"FLOOD ADVISORY: As of 3:15 p.m. today, here are the following flooding conditions across areas in Metro Manila. The advisories indicate the depth of flooding.

MANILA:
Bonifacio Drive and 25th Street northbound and southbound: Gutter deep (8 inches)

Source: CCTV/Metrobase/DOEs

via Alvin Murcia

#CarinaPH
#DailyTribune",MILD
https://x.com/firehorse249791/status/1817646870212272312,https://twitter.com/firehorse249791/status/1817646870212272312,1817646870212272312,[Typhoon Gaemi] Philippines: Oil Spill Spreads as Second Tanker Sinks in Manila Bay https://t.co/LiMLRcIg4m #GlobalWarming #ClimateEmergency #ClimateCrisis #SevereWeather #Landslide #Storm #Flood #TyphoonGaemi #OilSpill #MarineLife #Quezon #ManilaBay #Manila #Taiwan #Philippines https://t.co/qnYmQVjAVC,NOT RELEVANT
https://x.com/TheLaSallian/status/1816112042258096182,https://twitter.com/TheLaSallian/status/1816112042258096182,1816112042258096182,"NatSit: Meralco shut down power in areas around Metro Manila and nearby provinces with high water levels to avoid electrocution. As of 10 pm, some customers are still without power despite the flood subsiding. https://t.co/SSOamxEW6E",NOT RELEVANT
https://x.com/nowyouknowph/status/1816756056426795233,https://twitter.com/nowyouknowph/status/1816756056426795233,1816756056426795233,"The flood management master plan for Metro Manila must not only be implemented but also updated to avoid a repetition of the severe flooding in the region recently, House Speaker Ferdinand Martin Romualdez https://t.co/pNehFhxtD8",NOT RELEVANT
https://x.com/kate_quiapos/status/1816053367539655170,https://twitter.com/kate_quiapos/status/1816053367539655170,1816053367539655170,"Due to Typhoon #Carina  most places in Metro Manila Submerged in  Flood water..  In behalf of KIMPAU SQUAD FAMILY, will be having  food distribution/Ready to eat,in Some affected area this coming Friday. #KimChiu #PauloAvelino @kimpau_squad @Mabeth0721 @ravenwolfbird https://t.co/4q0m5Ibpfh",NOT RELEVANT
https://x.com/tribunephl/status/1815892427565326634,https://twitter.com/tribunephl/status/1815892427565326634,1815892427565326634,"METRO MANILA FLOOD ADVISORY

As of 6:31 AM, the Metro Manila Crisis Monitoring and Management Center has released the following flood advisory for various areas:
Manila City:

Bonifacio Drive, 25th Street NB and SB: Gutter deep (8 inches)
Dimasalang cor. Becerra St., Sta. Cruz: Gutter deep (8 inches)
España - Lacson Ave. Intersection: Gutter deep (8 inches)
Roxas Ave. - Kalaw: Gutter deep (8 inches)
Vito Cruz to Taft Ave.: Knee deep (19 inches)
España - R. Magsaysay: Below gutter deep (7 inches)
España - Antipolo St.: Half tire deep (24 inches)
España - P. Margal/Blumentritt: Half knee deep (9-10 inches)
 España - M. Dela Fuente: Half tire deep (13-14 inches)

Quezon City:
G. Araneta Ma. Clara SB: Gutter deep (8 inches)
E. Rodriguez Araneta: Gutter deep (8 inches)
Balintawak NB: Gutter deep (8 inches)
Camp Aguinaldo, Gate 2 and Gate 3: Knee deep (19 inches)

Pasay City:
Andrew Tramo: Gutter deep (8 inches)
Roxas Blvd., Edsa NB Service Rd.: Gutter deep (8 inches)
Airport Rd. - Domestic Rd.: Half tire deep (13 inches)
EDSA Taft NB/SB: Knee deep (19 inches)

Makati City:
Orense Guadalupe NB: Knee deep (19 inches)

Motorists and residents are advised to take necessary precautions and avoid these areas if possible.

#CarinaPH #DailyTribune",MODERATE
https://x.com/KevAlabaso/status/1816024767885107494,https://twitter.com/KevAlabaso/status/1816024767885107494,1816024767885107494,LOOK: Some roads near the Manila-Quezon City border have been rendered impassable due to waist to knee-deep flood levels brought by the typhoon Carina-induced habagat. @ABSCBNNews https://t.co/rsK7TciuKW,MILD
https://x.com/silentmax/status/1815986531158614326,https://twitter.com/silentmax/status/1815986531158614326,1815986531158614326,i wonder what happend to all the flood control projects in manila. there needs to be a root cause analysis and plan this out much further.... but knowing the philippines..... man..... https://t.co/E6FdbgorU3,SEVERE
https://x.com/TheManilaTimes/status/1816039699317940636,https://twitter.com/TheManilaTimes/status/1816039699317940636,1816039699317940636,"List of emergency hotlines in Metro Manila.

For real-time flood monitoring updates visit:  https://t.co/kQ4Bf883ot

#CarinaPH https://t.co/g93YFx2onb",NOT RELEVANT
https://x.com/philstarlife/status/1816415728670781870,https://twitter.com/philstarlife/status/1816415728670781870,1816415728670781870,"The Metropolitan Manila Development Authority (MMDA) released a flood gauge that's complete with standard measurements and road accessibility to help the public determine how high the different water levels could get and make informed decisions from it.

READ: https://t.co/3UyFH70RH4",NOT RELEVANT
https://x.com/jiandrade1og/status/1818133381525471356,https://twitter.com/jiandrade1og/status/1818133381525471356,1818133381525471356,Makabayan bloc lawmakers file resolution seeking a House of Representatives probe on probable impact of reclamation projects to flood-prone areas in NCR &amp; nearby areas after torrential rains from ST Carina &amp; enhanced habagat submerge Metro Manila in floodwater last week https://t.co/sB9EZDJirs,NOT RELEVANT
https://x.com/kimpau_squad/status/1816089280915333221,https://twitter.com/kimpau_squad/status/1816089280915333221,1816089280915333221,"Due to Typhoon #CarinaPh most places in Metro Manila Submerged in  Flood water. KIMPAU SQUAD FAMILY, will be having  a food distribution or Ready to eat in Some affected area this coming Friday. #KimPau #KimChiu #PauloAvelino https://t.co/9EKi8G0ffk",NOT RELEVANT
https://x.com/tribunephl/status/1815872808704172251,https://twitter.com/tribunephl/status/1815872808704172251,1815872808704172251,"Flood Alert: Key Areas to Avoid and Safety Tips

Alert:

As Metro Manila experiences heavy rainfall, the Metropolitan Manila Development Authority (MMDA) has identified key flood-prone areas to avoid. With ongoing adverse weather conditions, car owners should be cautious of the following high-risk zones: 

Passable Areas:

- Manila City: Bonifacio Drive 25th Street NB/SB, Dimasalang cor. Becerra St., España-Lacson Ave. Intersection, Roxas Ave.-Kalaw (all gutter deep, 8 inches)
- Quezon City: G. Araneta Ma. Clara SB, E-rod Araneta (gutter deep, 8 inches)
- Pasay City: Andrew Tramo, Roxas Blvd. EDSA NB Service Rd. (gutter deep, 8 inches)
- Taguig City: C5-Kalayaan U-turn (gutter deep, 8 inches)

Non-Passable Areas:

- Pasay City: Airport Rd.-Domestic Rd. (half tire deep, 13 inches)
- Makati City: Orense Guadalupe NB (knee deep, 19 inches)
- Manila City: Vito Cruz to Taft Ave. (knee deep, 19 inches)

Refer to the MMDA Flood Gauge for up-to-date information and ensure your safety by avoiding flood-prone areas. For more details, visit MMDA's official site (https://t.co/swNpqlCl7a) or follow their updates on social media.",MILD
https://x.com/ROVIMAX/status/1816276863662317718,https://twitter.com/ROVIMAX/status/1816276863662317718,1816276863662317718,"Ctto:
Flood prone Manila https://t.co/uMpDajvmIA",NOT RELEVANT
https://x.com/hanbinchapters/status/1816072731424895304,https://twitter.com/hanbinchapters/status/1816072731424895304,1816072731424895304,Lee Gwan Hee witnessing flood in Manila. Welcome to the Philippines ig.😭😭😭 https://t.co/NtvAGwjZlC,MILD
https://x.com/tribunephl/status/1815901480425292001,https://twitter.com/tribunephl/status/1815901480425292001,1815901480425292001,"WEATHER UPDATE:

As of 8:00 AM on July 24, 2024, PAGASA reports that Habagat is bringing heavy rainfall across several areas. They have issued the following warnings:

RED WARNING LEVEL: Metro Manila, Rizal, Bataan, Pampanga, and Bulacan. Expect serious flooding in flood-prone areas.

ORANGE WARNING LEVEL: Cavite and Zambales. Flooding remains a threat.

YELLOW WARNING LEVEL: Laguna, Batangas, Tarlac, and Quezon (General Nakar, Infanta, Real, Mauban, Sampaloc). Flooding is possible in flood-prone areas.

Additionally, light to moderate with occasional heavy rains are affecting Nueva Ecija and Quezon, which may persist within the next three hours.

The public and Disaster Risk Reduction and Management Offices are advised to monitor weather conditions and await the next warning at 11:00 AM today.

#CarinaPH #DailyTribune",NOT RELEVANT
https://x.com/freenstulips/status/1818226925149859912,https://twitter.com/freenstulips/status/1818226925149859912,1818226925149859912,"Becky asking how was the flood in Manila

🦦: ""I'm glad you guys are okay, if u need anything please let me know."" 

OH THAT'S SO ATTRACTIVE OF HER 

#beckysangels https://t.co/h747mI4Qhg",NOT RELEVANT
https://x.com/radyopilipinas1/status/1815994099641770131,https://twitter.com/radyopilipinas1/status/1815994099641770131,1815994099641770131,"Army ready to assist flood victims in Metro Manila

July 24, 2024

FORT  BONIFACIO, Taguig City – The 525th Engineer ""Forerunner"" Battalion of the Combat Engineer Regiment marshalled two light Urban Search and Rescue (USAR) teams composed of 52 personnel and rescue assets that will be deployed amid the massive flooding in Metro Manila on July 24, 2024.

The two USAR teams as well as four military trucks and four rubber boats were deployed under the AFP’s Joint Task Force National Capital Region (JTF-NCR) that will determine their area of assignment. 

Meanwhile, the Philippine Army leadership assures the public of the HADR teams’ operational readiness in assisting typhoon-affected families in close cooperation with national government agencies, local government units, and other responders. 

Photos from the 525th Engineer ""Forerunner"" Battalion, Combat Engineer Regiment

#MatatagNaHukbongKatihan
#StrongerArmyStrongerCountry
#ServingthePeopleSecuringtheLand
#PhilippineArmy 
#BagongPilipinas 
#CarinaPH",NOT RELEVANT
https://x.com/PIA_NCR/status/1815993913179791515,https://twitter.com/PIA_NCR/status/1815993913179791515,1815993913179791515,"PAGASA (2PM): Red Rainfall Warning is still raised over Metro Manila.    

Serious FLOODING in flood-prone areas. 
#CarinaPH https://t.co/HV82IQ71xX",NOT RELEVANT
https://x.com/updatesmanila/status/1815990370721051044,https://twitter.com/updatesmanila/status/1815990370721051044,1815990370721051044,"INQToday: Carina intensifies further, may become super typhoon; Flood hits Metro Manila roads https://t.co/CHYJYlOERO https://t.co/Ou1BpoRb54",SEVERE
https://x.com/dost_pagasa/status/1815989898438140305,https://twitter.com/dost_pagasa/status/1815989898438140305,1815989898438140305,"Heavy Rainfall Warning No. 23 #NCR_PRSD
Weather System: Enhanced Southwest Monsoon (Habagat)
Issued at: 2:00 PM, 24 July 2024(Wednesday)

RED WARNING LEVEL: Zambales, Bataan, Metro Manila, Rizal, Bulacan, Pampanga and Tarlac.
ASSOCIATED HAZARD: Serious FLOODING in flood-prone areas.

YELLOW WARNING LEVEL: Cavite, Batangas, Laguna, Nueva Ecija and Quezon(General Nakar, Infanta, Real, Mauban, Sampaloc).
ASSOCIATED HAZARD: FLOODING in flood-prone areas.
Meanwhile, light to moderate with occasional heavy rains affecting Quezon(Candelaria, Dolores, San Antonio, Sariaya, Tiaong, Tayabas, Lucban, Lucena, Pagbilao, Agdangan, Alabat, Atimonan, Buenavista, Burdeos, Calauag, Catanauan, General Luna, Guinayangan, Gumaca, Jomalig, Lopez, Macalelon, Mulanay, Padre Burgos, Panukulan, Patnanungan, Perez, Pitogo, Plaridel, Polillo, Quezon, San Andres, San Francisco, San Narciso, Tagkawayan, Unisan) which may persist within 3 hours.
The public and the Disaster Risk Reduction and Management Offices concerned are advised to MONITOR the weather condition and watch for the next warning to be issued at 5:00 PM today.

For more information and queries, please call telephone numbers 8927-1335 and 8927-2877 or log on to https://t.co/59mTpZJq1n.",NOT RELEVANT
https://x.com/31milmovement/status/1815988418767401380,https://twitter.com/31milmovement/status/1815988418767401380,1815988418767401380,"Heavy Rainfall Warning No. 22 
#NCR_PRSD

Weather System: Enhanced Southwest Monsoon (Habagat)
Issued at: 11:00 AM, 24 July 2024(Wednesday)

#CarinaPH 

RED WARNING LEVEL: Metro Manila, Rizal, Bataan, Bulacan, Pampanga and Zambales.
ASSOCIATED HAZARD: Serious FLOODING in flood-prone areas.

ORANGE WARNING LEVEL: Tarlac.
ASSOCIATED HAZARD: FLOODING is still THREATENING.

YELLOW WARNING LEVEL: Cavite, Batangas, Laguna, Nueva Ecija and Quezon(General Nakar, Infanta, Real, Mauban, Sampaloc).
ASSOCIATED HAZARD: FLOODING in flood-prone areas.

Meanwhile, light to moderate with occasional heavy rains affecting Quezon(Candelaria, Dolores, San Antonio, Sariaya, Tiaong, Tayabas, Lucban, Lucena, Pagbilao, Agdangan, Alabat, Atimonan, Buenavista, Burdeos, Calauag, Catanauan, General Luna, Guinayangan, Gumaca, Jomalig, Lopez, Macalelon, Mulanay, Padre Burgos, Panukulan, Patnanungan, Perez, Pitogo, Plaridel, Polillo, Quezon, San Andres, San Francisco, San Narciso, Tagkawayan, Unisan) which may persist within 3 hours.

The public and the Disaster Risk Reduction and Management Offices concerned are advised to MONITOR the weather condition and watch for the next warning to be issued at 2:00 PM today.

For more information and queries, please call telephone numbers 8927-1335 and 8927-2877 or log on to https://t.co/APlM9nzrjf.",NOT RELEVANT
https://x.com/ABSCBNNews/status/1815987350448791560,https://twitter.com/ABSCBNNews/status/1815987350448791560,1815987350448791560,"LOOK: Dogs were rescued by members of the Manila Disaster Risk Reduction and Management Office amid the flood being experienced in the area due to continuous downpours since early Wednesday morning. | via @jeck_batallones #FloodPatrol #CarinaPH 

(📸: Manila DRRMO/ Facebook) https://t.co/XTmEGKeLwU",SEVERE
https://x.com/rapplerdotcom/status/1815986738357231897,https://twitter.com/rapplerdotcom/status/1815986738357231897,1815986738357231897,"Residents and vehicles wade through the flood in the City of Manila amid heavy rain brought by the enhanced southwest monsoon on Wednesday, July 24. 📸 Lisa Marie David/Reuters https://t.co/4eQTGoF4j8",MODERATE
https://x.com/silentmax/status/1815986531158614326,https://twitter.com/silentmax/status/1815986531158614326,1815986531158614326,i wonder what happend to all the flood control projects in manila. there needs to be a root cause analysis and plan this out much further.... but knowing the philippines..... man..... https://t.co/E6FdbgorU3,SEVERE
https://x.com/jeck_batallones/status/1815986334043103535,https://twitter.com/jeck_batallones/status/1815986334043103535,1815986334043103535,"LOOK: Dogs being rescued by members of the Manila Disaster Risk Reduction and Management Office amid the flood being experienced due to continuous downpour since early this morning @ABSCBNNews 

📸Manila DRRMO FB page https://t.co/lqvI26p4rP",SEVERE
https://x.com/FEUAdvocate/status/1815984442273587502,https://twitter.com/FEUAdvocate/status/1815984442273587502,1815984442273587502,"LOOK: Flood levels rose at Castaños Street caused by #CarinaPH and the Habagat as PAGASA declared a red rainfall warning in Metro Manila today, July 24.

Flooding in other areas pushed DILG Secretary Benhur Abalos to recommend the declaration of state of calamity in the region. https://t.co/WnCINhvCHx",MILD
https://x.com/mkule/status/1815981910822428766,https://twitter.com/mkule/status/1815981910822428766,1815981910822428766,"NEWS UPDATE: UP Manila constituents exposed to leptospirosis may receive free treatment at the Philippine General Hospital (PGH).

Students and faculty who have been exposed, such as by wading through flood waters, or infected with leptospirosis may receive prophylaxis at the PGH Emergency Room by presenting their UPM ID.

Family members are not eligible for free treatment due to the limited supply of medicine.

#CarinaPH",NOT RELEVANT
https://x.com/TheLaSallian/status/1815975423580463489,https://twitter.com/TheLaSallian/status/1815975423580463489,1815975423580463489,"BREAKING: Flooding has slightly calmed in the portion of Taft Ave. fronting the Manila Campus as of 12:55 pm, while Pablo Ocampo St. and nearby streets remain to be submerged in a thigh-deep flood. The downpour, however, has since strengthened. https://t.co/1UBtlkFnbL",MILD
https://x.com/manilabulletin/status/1815975383575191616,https://twitter.com/manilabulletin/status/1815975383575191616,1815975383575191616,"LOOK: Personnel of the Manila Disaster Risk Reduction and Management Office (DRRMO) conduct rescue operations in Damka, Sta. Mesa on Wednesday, July 24, as the flood in the area reached around seven feet. 

Manila Mayor Honey Lacuna-Pangan also conducts roving operations to check the flood situation in the city due to the heavy rains brought about by Typhoon #CarinaPH. (Photos from the Manila DRRMO) via Richielyn Canlas",SEVERE
https://x.com/manilabulletin/status/1815970420291690785,https://twitter.com/manilabulletin/status/1815970420291690785,1815970420291690785,"Heads up, everyone! 

The Lagusnilad underpass in Manila is no longer passable due to the flood from the continuous downpour brought by Typhoon #CarinaPH and the southwest monsoon on Wednesday, July 24.

📷: Noel B. Pabalate | MB https://t.co/L5djqk6pOz",MILD
https://x.com/TheGUIDON/status/1815969181936017695,https://twitter.com/TheGUIDON/status/1815969181936017695,1815969181936017695,"FLOOD UPDATE: As of July 24, 11:50 AM, the water level at La Mesa Dam sits at 79.41 meters, raising the ""alarm"" level. Water supply company Manila Water reports that the dam will overflow once it reaches 80.15 meters.

An overflow of the dam is expected to affect low-lying areas along the Tullahan River in Quezon City, Valenzuela, and Malabon. Manila Water advises residents to ready emergency go bags and stay alert for possible flooding or evacuation of their areas.

#Voyager",NOT RELEVANT
https://x.com/inquirerdotnet/status/1815967305203093506,https://twitter.com/inquirerdotnet/status/1815967305203093506,1815967305203093506,"LOOK: Here is the current flood situation at the grandstand and open field at the University of Santo Tomas in Sampaloc, Manila. | 📷: @dnvrdelrosario 

•⁠ ⁠Visit https://t.co/GiNsbtFFV2 to stay updated with the latest #CarinaPH news and stories. https://t.co/ZV2mjMwyec",MILD
https://x.com/indiohistorian/status/1815966317188378906,https://twitter.com/indiohistorian/status/1815966317188378906,1815966317188378906,"I have always argued how HISTORY provides insight into disaster preparedness. Most of the flood-prone areas in Metro Manila today have been flood-prone since colonial times, but having been unaddressed, it continues to worsen due to climate change &amp; other man-made problems. 1/ https://t.co/TZd2OJx8oW",NOT RELEVANT
https://x.com/TheManilaTimes/status/1815926936914518367,https://twitter.com/TheManilaTimes/status/1815926936914518367,1815926936914518367,"MANILA, Philippines — President Ferdinand Marcos Jr. on Wednesday instructed all frontline government agencies to ensure timely assistance to those affected by the southwest monsoon and Typhoon ""Carina.""

READ: https://t.co/7MnTrVAszw https://t.co/guPji3e3Ga",NOT RELEVANT
https://x.com/inquirerdotnet/status/1815967305203093506,https://twitter.com/inquirerdotnet/status/1815967305203093506,1815967305203093506,"LOOK: Here is the current flood situation at the grandstand and open field at the University of Santo Tomas in Sampaloc, Manila. | 📷: @dnvrdelrosario 

•⁠ ⁠Visit https://t.co/GiNsbtFFV2 to stay updated with the latest #CarinaPH news and stories. https://t.co/ZV2mjMwyec",MILD
https://x.com/EdTheUnworthy/status/1815879200118862223,https://twitter.com/EdTheUnworthy/status/1815879200118862223,1815879200118862223,"MY GOD, I BELIEVE, I ADORE, I HOPE AND LOVE YOU.

I came across St. Anthony of Padua Parish in Singalong, Manila to check our area during the flood.  Mass continued there despite no mass goers. I decided to join Fr. Bipin to attend his Mass. 

#CarinaPH #Habagat https://t.co/n0iHAyLCz7",MILD
https://x.com/PandaySiningPH/status/1816052648904438256,https://twitter.com/PandaySiningPH/status/1816052648904438256,1816052648904438256,"Two days after the State of the Nation Address (SONA), where President Marcos flaunted his 5,500 flood control projects, various areas in the Philippines, especially Metro Manila, are now under a state of calamity due to heavy rains and floods caused by #CarinaPH. https://t.co/2hkmuvuhMo",MODERATE
https://x.com/lonlonjau/status/1815920604010479753,https://twitter.com/lonlonjau/status/1815920604010479753,1815920604010479753,Vito Cruz-Taft area in Manila not passable as of the posting with knee-deep to waist-deep flood. https://t.co/BRcjBJ64BX,MODERATE
https://x.com/tribunephl/status/1816042094957584871,https://twitter.com/tribunephl/status/1816042094957584871,1816042094957584871,"FLOOD UPDATE AS OF 4:03 PM, 24 JULY 2024

MANILA:
Vito Cruz St. to Taft Ave.: Knee deep (19 inches)
España-Antipolo St: Above knee deep (24 inches)
Recto Ave. - Mendiola: Above knee deep (20 inches)

Source: CCTV/Metrobase/DOEs

| via Alvin Murcia

#CarinaPH #DailyTribune",MODERATE
https://x.com/DemyZagala/status/1816945316534559067,https://twitter.com/DemyZagala/status/1816945316534559067,1816945316534559067,"With typhoon Carina flooding metro manila because of garbage making flood control systems infective due to improper garbage disposal, time to revisit and study waste to energy concept. This could be the solution. 
https://t.co/dgD2LvTBvz https://t.co/FtCq2fqR3e",NOT RELEVANT
https://x.com/adycots/status/1816061196547809494,https://twitter.com/adycots/status/1816061196547809494,1816061196547809494,"Situation in New Manila, Quezon City area since 5:30AM. Now, it’s 6:30PM and flood is starting to subside. Let’s hope for the best. 🙏🏻

Praying for those mostly affected 🫶🏻 https://t.co/t11CIgQaZT",MILD
https://x.com/jolomon/status/1816075028427059403,https://twitter.com/jolomon/status/1816075028427059403,1816075028427059403,"Gawad Kalinga is activating Operation Walang Iwanan : Carina. A relief operation to help families in need after being displaced or inundated by flood waters in Metro Manila and neighboring Provinces.  

For donations in kind, please stay tuned. We will announce drop off venue soon.",NOT RELEVANT
https://x.com/tribunephl/status/1818419592412512560,https://twitter.com/tribunephl/status/1818419592412512560,1818419592412512560,"There were cries of indignation from many quarters at what so obviously was the dismal failure of the flood control system in Metro Manila last 24 July. At the Senate, Francis Escudero, Imee Marcos, JV Ejercito, and Nancy Binay gave it their best shot.

Read more at: https://t.co/fsOF7L3Ay4",NOT RELEVANT
https://x.com/NingYizhuo_GMIT/status/1816017424426353057,https://twitter.com/NingYizhuo_GMIT/status/1816017424426353057,1816017424426353057,"GM web3 ☀️

Metro Manila the capital of my country which is the Philippines 🇵🇭 is under state of Calamity, because of the Super typhoon happening at the moment.

There are like floods everywhere, and even buses can’t pass through the flood. Its been raining for almost 48 hours nonstop. Please pray for everyone safety here, pray for my country.",NOT RELEVANT
https://x.com/PNPAbra1stPMFC/status/1817377635376476479,https://twitter.com/PNPAbra1stPMFC/status/1817377635376476479,1817377635376476479,𝐅𝐨𝐫 𝐈𝐧𝐟𝐨! The Metropolitan Manila Development Authority (MMDA) released a flood gauge that's complete with standard measurements and road accessibility to help the public determine how high the different water levels could get and make informed decisions from it. https://t.co/KJV3vilPZX,NOT RELEVANT
https://x.com/sweeterth4n/status/1816473150903001096,https://twitter.com/sweeterth4n/status/1816473150903001096,1816473150903001096,time to swim sa manila flood 🙏🏻 https://t.co/gHkeH7OlmX,NOT RELEVANT
https://x.com/Politiko_Ph/status/1816648958665728234,https://twitter.com/Politiko_Ph/status/1816648958665728234,1816648958665728234,Senator Ramon Revilla Jr. said he would investigate why there was heavy flooding in Metro Manila and nearby areas during the onslaught of Typhoon Carina despite the Department of Public Works and Highways’ (DPWH) multibillion-peso budget for flood control. https://t.co/kjcgcBnYp7,NOT RELEVANT
https://x.com/kiranjoshi235/status/1816077358899888384,https://twitter.com/kiranjoshi235/status/1816077358899888384,1816077358899888384,"Widespread flooding reported in Metro Manila. Churches was not spared either. Here are some images and reports of inundated churches in the Diocese of Cubao
Benches have floated inside as flood rose to a high level submerging the altar and main parts of the church
#CarinaPH https://t.co/Mpesnzbhly",MILD
https://x.com/realGebriel990/status/1816021310570406362,https://twitter.com/realGebriel990/status/1816021310570406362,1816021310570406362,"Marikina River Is In Critical Level

The Marikina River is measured about 18.5 meters - 20 meters w/c  means at a critical level, this will be a warning in Metro Manila.

The worst part to be worried there's a high tide, the water is stuck &amp; the bridge will reached by the flood. https://t.co/epAxUsXkJ6",SEVERE
https://x.com/joveemarie/status/1816050135023198248,https://twitter.com/joveemarie/status/1816050135023198248,1816050135023198248,"A man picks up medical books soaked by the flood. He said he will dry them and try to sell them. Tondo, Manila is submerged by a flood due to super typhoon Carina and southwest moonson (habagat) @BusinessMirror https://t.co/j3FjUfo54V",MILD
https://x.com/philstarlife/status/1816438403870937449,https://twitter.com/philstarlife/status/1816438403870937449,1816438403870937449,"Senate President Francis ""Chiz"" Escudero urged the Department of Public Works and Highways (DPWH) and the Metropolitan Manila Development Authority (MMDA) to get their ""acts together"" and called for a senate investigation on ""the failure of billions worth of flood control projects to curb the effect"" of Carina.

READ: https://t.co/uwXFfIqKhO",NOT RELEVANT
https://x.com/philstarlife/status/1815958604681236736,https://twitter.com/philstarlife/status/1815958604681236736,1815958604681236736,"Residents wade through knee-high flood in Villamor, Pasay City.

As of 11 a.m., red rainfall warning is up in Metro Manila, Rizal, Zambales, Bataan, Pampanga, and Bulacan due to heavy rainfall brought about by Typhoon Carina and habagat.

Photo courtesy: Ronna Katrizza Cagas https://t.co/DX8QDoQviv",MILD
https://x.com/bluewaterdayspa/status/1815955214538801275,https://twitter.com/bluewaterdayspa/status/1815955214538801275,1815955214538801275,"Please be advised that all #bluewaterdayspa branches today due to the heavy rains and flood in Metro Manila. Stay safe, everyone! https://t.co/GPPV2WOmIT",NOT RELEVANT
https://x.com/untalansherylin/status/1815953113964228665,https://twitter.com/untalansherylin/status/1815953113964228665,1815953113964228665,"LOOK: Flood situation in España, Manila as of 11 AM on Wednesday. 

@gmanews https://t.co/mVbrZIRHD3",MODERATE
https://x.com/manilabulletin/status/1815950660921352383,https://twitter.com/manilabulletin/status/1815950660921352383,1815950660921352383,"LOOK: Flood situation at Taft Avenue and UN Avenue in Manila as of 9:00 a.m. on Wednesday, July 24.

📷: Noel B. Pabalate | MB https://t.co/mDVwXHX32J",MILD
https://x.com/PIA_NCR/status/1815949655487963576,https://twitter.com/PIA_NCR/status/1815949655487963576,1815949655487963576,"PAGASA (11AM): Red Rainfall Warning is still raised over Metro Manila.  

Serious FLOODING in flood-prone areas.
#CarinaPH https://t.co/PTxx17An6W",NOT RELEVANT
https://x.com/dost_pagasa/status/1815944942755446822,https://twitter.com/dost_pagasa/status/1815944942755446822,1815944942755446822,"Heavy Rainfall Warning No. 22 #NCR_PRSD
Weather System: Enhanced Southwest Monsoon (Habagat)
Issued at: 11:00 AM, 24 July 2024(Wednesday)

RED WARNING LEVEL: Metro Manila, Rizal, Bataan, Bulacan, Pampanga and Zambales.
ASSOCIATED HAZARD: Serious FLOODING in flood-prone areas.

ORANGE WARNING LEVEL: Tarlac.
ASSOCIATED HAZARD: FLOODING is still THREATENING.

YELLOW WARNING LEVEL: Cavite, Batangas, Laguna, Nueva Ecija and Quezon(General Nakar, Infanta, Real, Mauban, Sampaloc).

ASSOCIATED HAZARD: FLOODING in flood-prone areas.
Meanwhile, light to moderate with occasional heavy rains affecting other areas of Quezon which may persist within 3 hours.

The public and the Disaster Risk Reduction and Management Offices concerned are advised to MONITOR the weather condition and watch for the next warning to be issued at 2:00 PM today.

For more information and queries, please call telephone numbers 8927-1335 and 8927-2877 or log on to https://t.co/59mTpZJq1n.",NOT RELEVANT
https://x.com/manilabulletin/status/1815931137837174997,https://twitter.com/manilabulletin/status/1815931137837174997,1815931137837174997,"LOOK: Residents of F. Cayco Street in Sampaloc, Manila were greeted with an ankle-deep flood on Wednesday morning, July 24, due to heavy rains brought about by the enhanced Habagat and Typhoon #CarinaPH.

(Photo by Patrick Ely Garcia) https://t.co/0HEE7rO8qQ",MILD
https://x.com/lonlonjau/status/1815920604010479753,https://twitter.com/lonlonjau/status/1815920604010479753,1815920604010479753,Vito Cruz-Taft area in Manila not passable as of the posting with knee-deep to waist-deep flood. https://t.co/BRcjBJ64BX,MODERATE
https://x.com/ABSCBNNews/status/1815914813077500000,https://twitter.com/ABSCBNNews/status/1815914813077500000,1.81591E+18,"LOOK: Residents wade through a knee-to-wrist-deep flood on and around Araneta Avenue in Quezon City on Wednesday.

Metro Manila woke up to floods in various areas of the capital region as the red warning level was raised by the weather bureau PAGASA due to intense rainfall brought about by the southwest monsoon enhanced by typhoon #CarinaPH. #FloodPatrol #WeatherPatrol 

Maria Tan, ABS-CBN News

READ MORE: https://t.co/VLtVcaJPif",MODERATE
https://x.com/PIA_NCR/status/1815913927043342413,https://twitter.com/PIA_NCR/status/1815913927043342413,1815913927043342413,"PAGASA (8AM): Red Rainfall Warning is raised over Metro Manila.

Serious FLOODING in flood-prone areas.
#CarinaPH https://t.co/5Ma4TWGafD",NOT RELEVANT
https://x.com/inquirerdotnet/status/1815911906638717380,https://twitter.com/inquirerdotnet/status/1815911906638717380,1815911906638717380,"LOOK: Here is the flood situation around the University of Santo Tomas in Sampaloc, Manila, on Wednesday morning. | 📷: RAHA Volunteers Fire Department/Facebook

Follow live updates for #CarinaPH: https://t.co/GiNsbtFFV2 https://t.co/cDJcKmgWhi",MODERATE
https://x.com/mnlstandardph/status/1815910426355630507,https://twitter.com/mnlstandardph/status/1815910426355630507,1815910426355630507,"Heavy rains, flood wake up Metro Manila as ‘Carina’ intensifies

Read more: https://t.co/BSVQNUrhj5 https://t.co/ffrOQZivvp",NOT RELEVANT
https://x.com/inquirerdotnet/status/1815906123649847545,https://twitter.com/inquirerdotnet/status/1815906123649847545,1815906123649847545,"[WEATHER UPDATE]

Red rainfall warning is raised over Metro Manila, Rizal, Bataan, Pampanga and Bulacan as of 8 a.m. on Wednesday, July 24. These areas are forecast to experience over 30 millimeters (mm) of rain in the next two hours, with possible flooding in flood-prone areas. | 📷: Pagasa NCR PRSD/Facebook

Follow live updates for #CarinaPH: https://t.co/I2ZTlF78te",NOT RELEVANT
https://x.com/radyopilipinas1/status/1815901980721832275,https://twitter.com/radyopilipinas1/status/1815901980721832275,1815901980721832275,"Heavy Rainfall Warning No. 21 #NCR_PRSD
Weather System: Enhanced Southwest Monsoon (Habagat)
Issued at: 8:00 AM, 24 July 2024(Wednesday)

RED WARNING LEVEL: Metro Manila, Rizal, Bataan, Pampanga and Bulacan.

ASSOCIATED HAZARD: Serious FLOODING in flood-prone areas.

ORANGE WARNING LEVEL: Cavite and Zambales.
ASSOCIATED HAZARD: FLOODING is still THREATENING.

YELLOW WARNING LEVEL: Laguna, Batangas, Tarlac and Quezon(General Nakar, Infanta, Real, Mauban, Sampaloc).
ASSOCIATED HAZARD: FLOODING in flood-prone areas.

Meanwhile, light to moderate with occasional heavy rains affecting Nueva Ecija and Quezon(Candelaria, Dolores, San Antonio, Sariaya, Tiaong, Tayabas, Lucban, Lucena, Pagbilao, Agdangan, Alabat, Atimonan, Buenavista, Burdeos, Calauag, Catanauan, General Luna, Guinayangan, Gumaca, Jomalig, Lopez, Macalelon, Mulanay, Padre Burgos, Panukulan, Patnanungan, Perez, Pitogo, Plaridel, Polillo, Quezon, San Andres, San Francisco, San Narciso, Tagkawayan, Unisan) which may persist within 3 hours.

The public and the Disaster Risk Reduction and Management Offices concerned are advised to MONITOR the weather condition and watch for the next warning to be issued at 11:00 AM today.

For more information and queries, please call telephone numbers 8927-1335 and 8927-2877 or log on to https://t.co/9cXJyll5gt.

| @MerryAnnBastasa 

#RP1News
#BagongPilipinas",NOT RELEVANT
https://x.com/tribunephl/status/1815901480425292001,https://twitter.com/tribunephl/status/1815901480425292001,1815901480425292001,"WEATHER UPDATE:

As of 8:00 AM on July 24, 2024, PAGASA reports that Habagat is bringing heavy rainfall across several areas. They have issued the following warnings:

RED WARNING LEVEL: Metro Manila, Rizal, Bataan, Pampanga, and Bulacan. Expect serious flooding in flood-prone areas.

ORANGE WARNING LEVEL: Cavite and Zambales. Flooding remains a threat.

YELLOW WARNING LEVEL: Laguna, Batangas, Tarlac, and Quezon (General Nakar, Infanta, Real, Mauban, Sampaloc). Flooding is possible in flood-prone areas.

Additionally, light to moderate with occasional heavy rains are affecting Nueva Ecija and Quezon, which may persist within the next three hours.

The public and Disaster Risk Reduction and Management Offices are advised to monitor weather conditions and await the next warning at 11:00 AM today.

#CarinaPH #DailyTribune",NOT RELEVANT
https://x.com/ABSCBNNews/status/1815901010403197124,https://twitter.com/ABSCBNNews/status/1815901010403197124,1815901010403197124,"LOOK: Motorists brave the flood along Andrews Avenue near Airport Road in Pasay City amid continuous heavy rainfall in several parts of Metro Manila this Wednesday morning. | via Gigie Cruz, ABS-CBN News #FloodPatrol #CarinaPH #WeatherPatrol https://t.co/75ZlYrfdNr",MILD
https://x.com/updatesmanila/status/1815900860557504878,https://twitter.com/updatesmanila/status/1815900860557504878,1815900860557504878,Flood hits Metro Manila roads on Wednesday https://t.co/FtFHKzCZ0U https://t.co/HxcdK4hXkW,NOT RELEVANT
https://x.com/dost_pagasa/status/1815898866354643052,https://twitter.com/dost_pagasa/status/1815898866354643052,1815898866354643052,"Heavy Rainfall Warning No. 21 #NCR_PRSD
Weather System: Enhanced Southwest Monsoon (Habagat)
Issued at: 8:00 AM, 24 July 2024(Wednesday)

RED WARNING LEVEL: Metro Manila, Rizal, Bataan, Pampanga and Bulacan.
ASSOCIATED HAZARD: Serious FLOODING in flood-prone areas.

ORANGE WARNING LEVEL: Cavite and Zambales.
ASSOCIATED HAZARD: FLOODING is still THREATENING.

YELLOW WARNING LEVEL: Laguna, Batangas, Tarlac and Quezon(General Nakar, Infanta, Real, Mauban, Sampaloc).
ASSOCIATED HAZARD: FLOODING in flood-prone areas.
Meanwhile, light to moderate with occasional heavy rains affecting Nueva Ecija and Quezon(Candelaria, Dolores, San Antonio, Sariaya, Tiaong, Tayabas, Lucban, Lucena, Pagbilao, Agdangan, Alabat, Atimonan, Buenavista, Burdeos, Calauag, Catanauan, General Luna, Guinayangan, Gumaca, Jomalig, Lopez, Macalelon, Mulanay, Padre Burgos, Panukulan, Patnanungan, Perez, Pitogo, Plaridel, Polillo, Quezon, San Andres, San Francisco, San Narciso, Tagkawayan, Unisan) which may persist within 3 hours.
The public and the Disaster Risk Reduction and Management Offices concerned are advised to MONITOR the weather condition and watch for the next warning to be issued at 11:00 AM today.

For more information and queries, please call telephone numbers 8927-1335 and 8927-2877 or log on to https://t.co/59mTpZJq1n.",NOT RELEVANT
https://x.com/tribunephl/status/1815892427565326634,https://twitter.com/tribunephl/status/1815892427565326634,1815892427565326634,"METRO MANILA FLOOD ADVISORY

As of 6:31 AM, the Metro Manila Crisis Monitoring and Management Center has released the following flood advisory for various areas:
Manila City:

Bonifacio Drive, 25th Street NB and SB: Gutter deep (8 inches)
Dimasalang cor. Becerra St., Sta. Cruz: Gutter deep (8 inches)
España - Lacson Ave. Intersection: Gutter deep (8 inches)
Roxas Ave. - Kalaw: Gutter deep (8 inches)
Vito Cruz to Taft Ave.: Knee deep (19 inches)
España - R. Magsaysay: Below gutter deep (7 inches)
España - Antipolo St.: Half tire deep (24 inches)
España - P. Margal/Blumentritt: Half knee deep (9-10 inches)
 España - M. Dela Fuente: Half tire deep (13-14 inches)

Quezon City:
G. Araneta Ma. Clara SB: Gutter deep (8 inches)
E. Rodriguez Araneta: Gutter deep (8 inches)
Balintawak NB: Gutter deep (8 inches)
Camp Aguinaldo, Gate 2 and Gate 3: Knee deep (19 inches)

Pasay City:
Andrew Tramo: Gutter deep (8 inches)
Roxas Blvd., Edsa NB Service Rd.: Gutter deep (8 inches)
Airport Rd. - Domestic Rd.: Half tire deep (13 inches)
EDSA Taft NB/SB: Knee deep (19 inches)

Makati City:
Orense Guadalupe NB: Knee deep (19 inches)

Motorists and residents are advised to take necessary precautions and avoid these areas if possible.

#CarinaPH #DailyTribune",MILD
https://x.com/inquirerdotnet/status/1815885597694910854,https://twitter.com/inquirerdotnet/status/1815885597694910854,1815885597694910854,"FLOOD UPDATES IN MANILA CITY
(as of 6:26 a.m.)

Here are the roads in the city of Manila that have reported flooding due to #CarinaPH, according to the Manila DRRMO.

Finance St.-Taft Ave.: Not passable to all types of vehicles
Nakpil St.-Taft Ave: Not passable to all types of vehicles
Pedro Gil-Taft Ave.: Not passable to all types of vehicles
Padre Faura-Taft Ave.- Not passable to all types of vehicles
UN Ave.: Not passable to all types of vehicles
T.M. Kalaw-Taft Ave.: Not passable to all types of vehicles
Ayala Blvd.: Not passable to all types of vehicles
España: Not passable to all types of vehicles

| 📷: via Manila PIO/Facebook

Follow live updates for #CarinaPH: https://t.co/I2ZTlF78te",MODERATE
https://x.com/bluewaterdayspa/status/1815955214538801275,https://twitter.com/bluewaterdayspa/status/1815955214538801275,1815955214538801275,"Please be advised that all #bluewaterdayspa branches today due to the heavy rains and flood in Metro Manila. Stay safe, everyone! https://t.co/GPPV2WOmIT",NOT RELEVANT
https://x.com/heritageispeopl/status/1816197769864044710,https://twitter.com/heritageispeopl/status/1816197769864044710,1816197769864044710,"Flooding at Bilibid Viejo, Quiapo, Manila 1915. Quiapo has since been flood-prone, being a ""River delta"". A land mass with many esteros feeding flood water from the north to the Pasig River.

Nowadays those floodways are gone, replaced by roads.

#CarinaPH #HeritageisPeople https://t.co/9CKAgVJGW9",MILD
https://x.com/HENERALuis/status/1816524987593031846,https://twitter.com/HENERALuis/status/1816524987593031846,1816524987593031846,"Quoting to share data from UP NOAH Know Your Hazards:

This has a HIGH flood hazard level and since parts of Metro Manila recorded historical rainfall, it is not surprising this was flooded. https://t.co/VXr7hJHlRZ",MILD
https://x.com/inquirerdotnet/status/1815882441258852756,https://twitter.com/inquirerdotnet/status/1815882441258852756,1815882441258852756,"FLOOD UPDATES IN METRO MANILA
(as of 6:31 a.m.)

Here are the major roads in Metro Manila that have reported flooding due to #CarinaPH, according to the MMDA.

MANILA:
Bonifacio Drive-25th Street (both lanes): Gutter deep (8 inches)
Dimasalang cor. Becerra St., Sta. Cruz: Gutter deep (8 inches)
España-Lacson Ave. Intersection: Gutter deep (8 inches)
Roxas Ave.-Kalaw St.: Gutter deep (8 inches)
Vito Cruz to Taft Ave.: Knee deep (19 inches)
España-R. Magsaysay: below gutter deep (7 inches)
España-Antipolo St.: Half-tire (24 inches)
España-P.Margal/Blumentritt: Half knee deep (9-10 inches)
España-M. Dela Fuente: Half tire (13-14 inches)

QUEZON CITY:
G. Araneta Ma. Clara SB: Gutter deep (8 inches)
E-rod Araneta: Gutter deep (8 inches)
Balintawak NB: Gutter deep (8 inches)
Camp Aguinaldo Gate 2 and Gate 3: Knee Deep (19 inches)

PASAY:
Andrews-Tramo: Gutter deep (8 inches)
Roxas Blvd.-Edsa Service Road (northbound): Gutter deep (8 inches)
Airport Road-Domestic Road: Half-tire (13 inches)
Edsa Taft (both lanes): Knee deep (19 inches)

MAKATI:
Orense Guadalupe NB: Knee deep (19 inches) 

| via @MMDA",MILD
https://x.com/EdTheUnworthy/status/1815879200118862223,https://twitter.com/EdTheUnworthy/status/1815879200118862223,1815879200118862223,"MY GOD, I BELIEVE, I ADORE, I HOPE AND LOVE YOU.

I came across St. Anthony of Padua Parish in Singalong, Manila to check our area during the flood.  Mass continued there despite no mass goers. I decided to join Fr. Bipin to attend his Mass. 

#CarinaPH #Habagat https://t.co/n0iHAyLCz7",MILD
https://x.com/tribunephl/status/1815872808704172251,https://twitter.com/tribunephl/status/1815872808704172251,1815872808704172251,"Flood Alert: Key Areas to Avoid and Safety Tips

Alert:

As Metro Manila experiences heavy rainfall, the Metropolitan Manila Development Authority (MMDA) has identified key flood-prone areas to avoid. With ongoing adverse weather conditions, car owners should be cautious of the following high-risk zones: 

Passable Areas:

- Manila City: Bonifacio Drive 25th Street NB/SB, Dimasalang cor. Becerra St., España-Lacson Ave. Intersection, Roxas Ave.-Kalaw (all gutter deep, 8 inches)
- Quezon City: G. Araneta Ma. Clara SB, E-rod Araneta (gutter deep, 8 inches)
- Pasay City: Andrew Tramo, Roxas Blvd. EDSA NB Service Rd. (gutter deep, 8 inches)
- Taguig City: C5-Kalayaan U-turn (gutter deep, 8 inches)

Non-Passable Areas:

- Pasay City: Airport Rd.-Domestic Rd. (half tire deep, 13 inches)
- Makati City: Orense Guadalupe NB (knee deep, 19 inches)
- Manila City: Vito Cruz to Taft Ave. (knee deep, 19 inches)

Refer to the MMDA Flood Gauge for up-to-date information and ensure your safety by avoiding flood-prone areas. For more details, visit MMDA's official site (https://t.co/swNpqlCl7a) or follow their updates on social media.",MILD
https://x.com/gmanews/status/1815858111221010936,https://twitter.com/gmanews/status/1815858111221010936,1815858111221010936,"Heavy Rainfall Warning No. 20
Weather System: Enhanced Southwest Monsoon (Habagat)
Issued at: 5:00 AM, 24 July 2024(Wednesday)

RED WARNING LEVEL:
- Metro Manila
- Rizal
- Bataan

ASSOCIATED HAZARD: Serious flooding is expected in flood-prone areas.

ORANGE WARNING LEVEL:
- Bulacan
- Pampanga
- Cavite
- Zambales

ASSOCIATED HAZARD: Flooding is threatening.

YELLOW WARNING LEVEL:
- Tarlac
- Laguna
- Batangas
- Quezon(General Nakar, Infanta, Real, Mauban, Sampaloc)

ASSOCIATED HAZARD: Possible flooding in flood-prone areas.

Meanwhile, light to moderate with occasional heavy rains affect Nueva Ecija and other areas of Quezon, which may persist within 3 hours.

Source: PAGASA",NOT RELEVANT
https://x.com/dost_pagasa/status/1815855375293506014,https://twitter.com/dost_pagasa/status/1815855375293506014,1815855375293506014,"Heavy Rainfall Warning No. 20 #NCR_PRSD
Weather System: Enhanced Southwest Monsoon (Habagat)
Issued at: 5:00 AM, 24 July 2024(Wednesday)

RED WARNING LEVEL: Metro Manila, Rizal and Bataan.
ASSOCIATED HAZARD: Serious FLOODING is expected in flood-prone areas.

ORANGE WARNING LEVEL: Bulacan, Pampanga, Cavite and Zambales.
ASSOCIATED HAZARD: FLOODING is THREATENING.

YELLOW WARNING LEVEL: Tarlac, Laguna, Batangas and Quezon(General Nakar, Infanta, Real, Mauban, Sampaloc).
ASSOCIATED HAZARD: Possible FLOODING in flood-prone areas.

Meanwhile, light to moderate with occasional heavy rains affecting Nueva Ecija and other areas of Quezon which may persist within 3 hours.

The public and the Disaster Risk Reduction and Management Offices concerned are advised to MONITOR the weather condition and watch for the next warning to be issued at 8:00 AM today.

For more information and queries, please call telephone numbers 8927-1335 and 8927-2877 or log on to https://t.co/59mTpZJq1n.",NOT RELEVANT
https://x.com/tribunephl/status/1815853797341814833,https://twitter.com/tribunephl/status/1815853797341814833,1815853797341814833,"WEATHER UPDATE: Severe Weather Alert: Heavy Rainfall Warning Issued for Metro Manila and Surrounding Areas

Announcement:

Severe Weather Warning: Red Alert for Metro Manila and Nearby Regions
As of 3:00 AM on 24 July 2024, PAGASA has issued a Red Warning Level for Metro Manila, Cavite, and Bataan due to the Enhanced Southwest Monsoon (Habagat), signaling serious flooding in flood-prone areas. An Orange Warning Level has been declared for Rizal, Laguna, Batangas, Pampanga, Bulacan, and Zambales, indicating continued flooding risks. Tarlac remains under a Yellow Warning Level with potential flooding in vulnerable areas. Residents are advised to stay vigilant, monitor updates, and prepare for severe weather conditions.
For more details and updates, visit [PAGASA’s website](https://t.co/u5rk1ijScb) or call 8927-1335 and 8927-2877.

#CarinaPH #DailyTribune",NOT RELEVANT
https://x.com/TrendrodPH/status/1815847264818192639,https://twitter.com/TrendrodPH/status/1815847264818192639,1815847264818192639,"WEATHER ALERT: PAGASA hoisted Red Rainfall Warning over Metro Manila, Bataan, and Cavite at 3:00 am today.

This means that serious flooding is expected in flood-prone areas. https://t.co/p8ClUJ2i7K",NOT RELEVANT
https://x.com/radyopilipinas1/status/1815842482837766520,https://twitter.com/radyopilipinas1/status/1815842482837766520,1815842482837766520,"Heavy Rainfall Warning No. 19-A #NCR_PRSD
Weather System: Enhanced Southwest Monsoon (Habagat)
Issued at: 3:00 AM, 24 July 2024(Wednesday)

RED WARNING LEVEL: Metro Manila, Cavite and Bataan.
ASSOCIATED HAZARD: Serious FLOODING is expected in flood-prone areas.

ORANGE WARNING LEVEL: Rizal, Laguna, Batangas, Pampanga, Bulacan and Zambales.
ASSOCIATED HAZARD: FLOODING is still THREATENING.

YELLOW WARNING LEVEL: Tarlac.
ASSOCIATED HAZARD: FLOODING in flood-prone areas.

Meanwhile, light to moderate with occasional heavy rains affecting Nueva Ecija and Quezon which may persist within 3 hours.

The public and the Disaster Risk Reduction and Management Offices concerned are advised to MONITOR the weather condition and watch for the next warning to be issued at 5:00 AM today.

For more information and queries, please call telephone numbers 8927-1335 and 8927-2877 or log on to https://t.co/9cXJyll5gt",NOT RELEVANT
https://x.com/SouthSnippets/status/1815841876853022867,https://twitter.com/SouthSnippets/status/1815841876853022867,1815841876853022867,"RAINFALL WARNING as of 3AM, 24 July 2024: RED and ORANGE Levels raised in certain areas due to heavy rains brought about by the Southwest Monsoon enhanced by TC Carina.

🔴 RED WARNING LEVEL (Serious FLOODING is expected in flood-prone areas.): Metro Manila, Cavite and Bataan. https://t.co/w8X7fvMo4Y",NOT RELEVANT
https://x.com/gmanews/status/1815836370004316547,https://twitter.com/gmanews/status/1815836370004316547,1815836370004316547,"Heavy Rainfall Warning No. 19-A
Weather System: Enhanced Southwest Monsoon (Habagat)
Issued at: 3:00 AM, 24 July 2024(Wednesday)

RED WARNING LEVEL:
- Metro Manila
- Cavite
- Bataan

ASSOCIATED HAZARD: Serious flooding is expected in flood-prone areas.

ORANGE WARNING LEVEL:
- Rizal
- Laguna
- Batangas
- Pampanga
- Bulacan
- Zambales

ASSOCIATED HAZARD: Flooding is still threatening.

YELLOW WARNING LEVEL:
- Tarlac

ASSOCIATED HAZARD: Flooding in flood-prone areas.

Meanwhile, light to moderate with occasional heavy rains will affect Nueva Ecija and Quezon, which may persist within 3 hours.

Source: PAGASA",NOT RELEVANT
https://x.com/dost_pagasa/status/1815831293797740830,https://twitter.com/dost_pagasa/status/1815831293797740830,1815831293797740830,"Heavy Rainfall Warning No. 19-A #NCR_PRSD
Weather System: Enhanced Southwest Monsoon (Habagat)
Issued at: 3:00 AM, 24 July 2024(Wednesday)

RED WARNING LEVEL: Metro Manila, Cavite and Bataan.
ASSOCIATED HAZARD: Serious FLOODING is expected in flood-prone areas.

ORANGE WARNING LEVEL: Rizal, Laguna, Batangas, Pampanga, Bulacan and Zambales.
ASSOCIATED HAZARD: FLOODING is still THREATENING.

YELLOW WARNING LEVEL: Tarlac.
ASSOCIATED HAZARD: FLOODING in flood-prone areas.
Meanwhile, light to moderate with occasional heavy rains affecting Nueva Ecija and Quezon which may persist within 3 hours.
The public and the Disaster Risk Reduction and Management Offices concerned are advised to MONITOR the weather condition and watch for the next warning to be issued at 5:00 AM today.

For more information and queries, please call telephone numbers 8927-1335 and 8927-2877 or log on to https://t.co/59mTpZJq1n.",NOT RELEVANT
https://x.com/dost_pagasa/status/1815807085592150507,https://twitter.com/dost_pagasa/status/1815807085592150507,1815807085592150507,"Heavy Rainfall Warning No. 19 #NCR_PRSD
Weather System: Enhanced Southwest Monsoon (Habagat)
Issued at: 2:00 AM, 24 July 2024(Wednesday)

YELLOW WARNING LEVEL: Zambales, Bataan, Cavite, Batangas, Metro Manila and Laguna.
ASSOCIATED HAZARD: FLOODING in flood-prone areas.
Meanwhile, expect light to moderate with occasional heavy rains over Nueva Ecija within the next 3 hours.
Light to moderate with occasional heavy rains affecting Tarlac, Pampanga, Bulacan, Quezon and Rizal which may persist within 3 hours.

The public and the Disaster Risk Reduction and Management Offices concerned are advised to MONITOR the weather condition and watch for the next warning to be issued at 5:00 AM today.
For more information and queries, please call telephone numbers 8927-1335 and 8927-2877 or log on to https://t.co/59mTpZJq1n.",NOT RELEVANT
https://x.com/tribunephl/status/1815768023535649114,https://twitter.com/tribunephl/status/1815768023535649114,1815768023535649114,"HEAVY RAINFALL WARNING ISSUED FOR SEVERAL REGIONS IN THE PHILIPPINES 

PAGASA-DOST has issued Heavy Rainfall Warning No. 18 due to the enhanced southwest monsoon (Habagat). As of 11:00 PM on July 23, Batangas is under an Orange Warning Level, indicating a significant threat of flooding. A Yellow Warning Level has been issued for Zambales, Bataan, Pampanga, Tarlac, Metro Manila, Cavite, Laguna, and parts of Quezon, with possible flooding in flood-prone areas.

Residents and local Disaster Risk Reduction and Management Offices are advised to monitor weather conditions closely. For more information, visit [PAGASA](https://t.co/u5rk1ijScb) or call 8927-1335.

#CarinaPH #DailyTribune",NOT RELEVANT
https://x.com/dost_pagasa/status/1815757667618681287,https://twitter.com/dost_pagasa/status/1815757667618681287,1815757667618681287,"Heavy Rainfall Warning No. 18 #NCR_PRSD
Weather System: Enhanced Southwest Monsoon (Habagat)
Issued at: 11:00 PM, 23 July 2024(Tuesday)

ORANGE WARNING LEVEL: Batangas.
ASSOCIATED HAZARD: FLOODING is still THREATENING.

YELLOW WARNING LEVEL: Zambales, Bataan, Pampanga, Tarlac, Metro Manila, Cavite, Laguna and Quezon(Lucban, Tayabas, Pagbilao, Lucena, Sariaya, Candelaria, Tiaong, Dolores, San Antonio).
ASSOCIATED HAZARD: FLOODING in flood-prone areas.
Meanwhile, light to moderate with occasional heavy rains affecting Bulacan, Nueva Ecija, Rizal and other areas of Quezon which may persist within 3 hours.

The public and the Disaster Risk Reduction and Management Offices concerned are advised to MONITOR the weather condition and watch for the next warning to be issued at 2:00 AM tomorrow.

For more information and queries, please call telephone numbers 8927-1335 and 8927-2877 or log on to https://t.co/59mTpZJq1n.",NOT RELEVANT
https://x.com/dost_pagasa/status/1815716928733974553,https://twitter.com/dost_pagasa/status/1815716928733974553,1815716928733974553,"Heavy Rainfall Warning No. 17 #NCR_PRSD
Weather System: Enhanced Southwest Monsoon (Habagat)
Issued at: 8:00 PM, 23 July 2024(Tuesday)

ORANGE WARNING LEVEL: Bataan, Cavite, Batangas and Metro Manila.
ASSOCIATED HAZARD: FLOODING is still THREATENING.

YELLOW WARNING LEVEL: Pampanga, Bulacan, Rizal, Laguna, Zambales and Quezon(San Antonio, Tiaong, Dolores, Lucban, Tayabas, Lucena, Sariaya, Candelaria, Pagbilao).
ASSOCIATED HAZARD: FLOODING in flood-prone areas.
Meanwhile, expect light to moderate rains over Nueva Ecija within the next 3 hours.

Light to moderate with occasional heavy rains affecting Tarlac and other areas of Quezon which may persist within 3 hours.

The public and the Disaster Risk Reduction and Management Offices concerned are advised to MONITOR the weather condition and watch for the next warning to be issued at 11:00 PM today.
For more information and queries, please call telephone numbers 8927-1335 and 8927-2877 or log on to https://t.co/59mTpZJq1n.",NOT RELEVANT
https://x.com/realGebriel990/status/1815710264727421430,https://twitter.com/realGebriel990/status/1815710264727421430,1815710264727421430,"Weather Update: Flood Different Cities In Metro Manila due To Habagat 

Widespread flooding was reported in different parts of Metro Manila as #HabagatPH dumped more rain today.

 Commuters stranded

Gutter-deep flooding was reported in Maysilo Circle Mandaluyong...
(1/3) https://t.co/NWu05CIGLy",MILD
https://x.com/PhilstarNews/status/1815680282982498306,https://twitter.com/PhilstarNews/status/1815680282982498306,1815680282982498306,"#WeatherUpdate: PAGASA raised the orange and yellow rainfall warnings over areas affected by #CarinaPH.

Areas under the Orange rainfall warning:
*Metro Manila
*Cavite
*Bataan
*Batangas
*Zambales
*Rizal
*Laguna

Areas under Yellow rainfall warning:
*Tarlac
*Pampanga
*Bulacan
*Portions of Quezon

Those under Orange rainfall warning must take precautionary measures in dealing with floods, while those that are under Yellow rainfall warning must avoid flood-prone areas.

Other areas in Luzon not under these designations should expect light to moderate rains.

📸dost_pagasa",NOT RELEVANT
https://x.com/dost_pagasa/status/1815673047229321407,https://twitter.com/dost_pagasa/status/1815673047229321407,1815673047229321407,"Heavy Rainfall Warning No. 16 #NCR_PRSD
Weather System: Enhanced Southwest Monsoon (Habagat)
Issued at: 5:00 PM, 23 July 2024(Tuesday)

ORANGE WARNING LEVEL: Metro Manila, Cavite, Bataan, Batangas, Zambales, Rizal and Laguna.
ASSOCIATED HAZARD: FLOODING is still THREATENING.

YELLOW WARNING LEVEL: Tarlac, Pampanga, Bulacan and Quezon(General Nakar, Infanta, Real, Mauban, Sampaloc, Tayabas, Lucban, Sariaya, Candelaria, Dolores, Tiaong, San Antonio, Lucena, Pagbilao).
ASSOCIATED HAZARD: FLOODING in flood-prone areas.
Meanwhile, expect light to moderate rains over Nueva Ecija within the next 3 hours.
Light to moderate with occasional heavy rains affecting Quezon(Agdangan, Alabat, Atimonan, Buenavista, Burdeos, Calauag, Catanauan, General Luna, Guinayangan, Gumaca, Jomalig, Lopez, Macalelon, Mulanay, Padre Burgos, Panukulan, Patnanungan, Perez, Pitogo, Plaridel, Polillo, Quezon, San Andres, San Francisco, San Narciso, Tagkawayan, Unisan) which may persist within 3 hours.

The public and the Disaster Risk Reduction and Management Offices concerned are advised to MONITOR the weather condition and watch for the next warning to be issued at 8:00 PM today.
For more information and queries, please call telephone numbers 8927-1335 and 8927-2877 or log on to https://t.co/59mTpZJq1n.",NOT RELEVANT
https://x.com/manilabulletin/status/1815669025164460200,https://twitter.com/manilabulletin/status/1815669025164460200,1815669025164460200,"STAY SAFE, EVERYONE 🙏

LOOK: Residents wade through an almost knee-deep flood at Brgy. Tañong in Malabon City on Tuesday, July 23. PAGASA, as of 2:00 p.m., raised the orange rainfall warning over Cavite, Metro Manila, Bataan, Zambales, and Batangas. 

📷: Arnold Quizol | MB https://t.co/uyAwwbUn6p",MILD
https://x.com/pnagovph/status/1815664534545486248,https://twitter.com/pnagovph/status/1815664534545486248,1815664534545486248,"Motorists and pedestrians brave the gutter-deep flood along the corner of Taft and UN Avenues in Manila following a heavy downpour brought by #CarinaPH and the enhanced southwest monsoon on Tuesday afternoon (July 23, 2024). | PNA photos by Yancy Lim https://t.co/YB5U3vWvoe",MILD
https://x.com/realGebriel990/status/1818424829223354531,https://twitter.com/realGebriel990/status/1818424829223354531,1818424829223354531,"Aquino Gov't 2012 Flood Control Master Plan Will Continue By BBM Admin

Floods can be reduced by 70% -80% in Metro Manila if the drainage master plan is implemented.
This is under the 2012 flood control masterplan of the PNoy admin w/c  is only being resumed, as per DPWH. 
🧐 https://t.co/7RwmAspfdz",NOT RELEVANT
https://x.com/tribunephl/status/1818419592412512560,https://twitter.com/tribunephl/status/1818419592412512560,1818419592412512560,"There were cries of indignation from many quarters at what so obviously was the dismal failure of the flood control system in Metro Manila last 24 July. At the Senate, Francis Escudero, Imee Marcos, JV Ejercito, and Nancy Binay gave it their best shot.

Read more at: https://t.co/fsOF7L3Ay4",NOT RELEVANT
https://x.com/SaitamaClassA69/status/1818308553909862565,https://twitter.com/SaitamaClassA69/status/1818308553909862565,1818308553909862565,"Did you know why Tokyo doesn't flood as much as Manila? 🇯🇵

Japan has built the world's largest underground flood water diversion facility in Tokyo, the Metropolitan Area Outer Underground Discharge Channel , https://t.co/7kw57ThHdv",NOT RELEVANT
https://x.com/freenstulips/status/1818226925149859912,https://twitter.com/freenstulips/status/1818226925149859912,1818226925149859912,"Becky asking how was the flood in Manila

🦦: ""I'm glad you guys are okay, if u need anything please let me know."" 

OH THAT'S SO ATTRACTIVE OF HER 

#beckysangels https://t.co/h747mI4Qhg",NOT RELEVANT
https://x.com/inquirerdotnet/status/1818137281460572301,https://twitter.com/inquirerdotnet/status/1818137281460572301,1818137281460572301,READ: Makabayan bloc lawmakers filed a resolution seeking a House of Representatives probe on the probable impact of reclamation projects on flood-prone areas in NCR and nearby areas after torrential rains from Typhoon Carina and enhanced habagat submerged Metro Manila in floodwater last week. | @jiandradeINQ  /PDI,NOT RELEVANT
https://x.com/jiandrade1og/status/1818133381525471356,https://twitter.com/jiandrade1og/status/1818133381525471356,1818133381525471356,Makabayan bloc lawmakers file resolution seeking a House of Representatives probe on probable impact of reclamation projects to flood-prone areas in NCR &amp; nearby areas after torrential rains from ST Carina &amp; enhanced habagat submerge Metro Manila in floodwater last week https://t.co/sB9EZDJirs,NOT RELEVANT
https://x.com/Larry_Acper/status/1815664070907093439,https://twitter.com/Larry_Acper/status/1815664070907093439,1815664070907093439,"Most areas within Metro Manila are flooded as of this time.

Hopefully, people will post flood situation in their areas with timeline. https://t.co/lZL7eNjpRp",NOT RELEVANT
https://x.com/manilabulletin/status/1815658951704485978,https://twitter.com/manilabulletin/status/1815658951704485978,1815658951704485978,"LOOK: Motorists and pedestrians in Manila experience a gutter-deep flood due to heavy rainfall on Tuesday, July 23. Severe tropical storm #CarinaPH has intensified into a typhoon and is expected to maintain strength until it leaves the PAR on Thursday, according to PAGASA. 

📷: Arnold Quizol | MB",MILD
https://x.com/tribunephl/status/1815650428698366053,https://twitter.com/tribunephl/status/1815650428698366053,1815650428698366053,"FLOOD ADVISORY: As of 3:15 p.m. today, here are the following flooding conditions across areas in Metro Manila. The advisories indicate the depth of flooding.

MANILA:
Bonifacio Drive and 25th Street northbound and southbound: Gutter deep (8 inches)

PASAY CITY:
Andrews-Tramo intersection: Gutter deep (8 inches)
Edsa-Taft northbound: Gutter Deep (8 inches)

QUEZON CITY:
NS Amoranto cor. Don Jose St.: Above gutter deep  (10-13 inches)

Source: CCTV/Metrobase/DOEs

via Alvin Murcia

#CarinaPH
#DailyTribune",MILD
https://x.com/bworldph/status/1815629105926459744,https://twitter.com/bworldph/status/1815629105926459744,1815629105926459744,"Flood water rising at Taft Ave., Manila near PGH https://t.co/BPVMxdDpmQ",MILD
https://x.com/dost_pagasa/status/1815627315839373822,https://twitter.com/dost_pagasa/status/1815627315839373822,1815627315839373822,"Heavy Rainfall Warning No. 15 #NCR_PRSD
Weather System: Enhanced Southwest Monsoon (Habagat)
Issued at: 2:00 PM, 23 July 2024(Tuesday)

ORANGE WARNING LEVEL: Cavite, Metro Manila, Bataan, Zambales and Batangas(Tuy, Nasugbu, Lian, Calatagan, Balayan).
ASSOCIATED HAZARD: FLOODING is THREATENING.

YELLOW WARNING LEVEL: Rizal, Bulacan, Pampanga, Tarlac, Laguna and Batangas(Agoncillo, Alitagtag, Balete, Batangas City, Bauan, Calaca, Tanauan, Cuenca, Ibaan, Laurel, Lemery, Lipa, Lobo, Mabini, Malvar, Mataasnakahoy, Padre Garcia, Rosario, San Jose, San Juan, San Luis, San Nicolas, San Pascual, Santa Teresita, Santo Tomas, Taal, Talisay, Taysan, Tingloy).
ASSOCIATED HAZARD: FLOODING in flood-prone areas.
Meanwhile, expect light to moderate rains over Nueva Ecija within the next 3 hours.
Light to moderate with occasional heavy rains affecting Quezon which may persist within 3 hours.

The public and the Disaster Risk Reduction and Management Offices concerned are advised to MONITOR the weather condition and watch for the next warning to be issued at 5:00 PM today.
For more information and queries, please call telephone numbers 8927-1335 and 8927-2877 or log on to https://t.co/59mTpZJq1n.",NOT RELEVANT
https://x.com/TheGUIDON/status/1815619860014997743,https://twitter.com/TheGUIDON/status/1815619860014997743,1815619860014997743,"FLOOD UPDATE: Following recent heavy rains, the Metropolitan Manila Development Authority reported gutter-deep flooding in several areas in Metro Manila. 

As of 12:18 PM, Quezon City Balintawak Northbound and Southbound, Dario Bridge Northbound, and E-Road Araneta Northbound and Southbound are submerged in 8 inches of gutter-deep flood. 

Similar situations are reported in Shaw EDSA Southbound in Mandaluyong City, McArthur Calle Uno Southbound in Caloocan City, Andrews Tramo intersection in Pasay City, and España M. Dela Fuente in Manila City.

#Voyager",MILD
https://x.com/PhilstarNews/status/1815618507008307215,https://twitter.com/PhilstarNews/status/1815618507008307215,1815618507008307215,"FLOOD UPDATE AS OF 12:08PM: MMDA reports flooding in the following areas:

QUEZON CITY:
Balintawak: Gutter deep (8inches)
Dario bridge: Gutter deep (8inches)
E-Road Araneta: Gutter deep (8 inches)

MANDALUYONG CITY:
Shaw Edsa: Gutter deep (8inches)

CALOOCAN CITY:
Mc Arthur Calle Uno: Gutter deep (8 inches)

PASAY CITY:
Andrews Tramo intersection: Gutter deep (8 inches)

MANILA CITY
España, M. Dela Fuente: Gutter deep (8 inches)

For the latest on #CarinaPH, check out https://t.co/F0D9PGrv7A",MILD
https://x.com/dost_pagasa/status/1815582184985784619,https://twitter.com/dost_pagasa/status/1815582184985784619,1815582184985784619,"Heavy Rainfall Warning No. 14 #NCR_PRSD
Weather System: Enhanced Southwest Monsoon (Habagat)
Issued at: 11:00 AM, 23 July 2024(Tuesday)

YELLOW WARNING LEVEL: Zambales, Bataan, Pampanga, Bulacan, Metro Manila, Cavite, Batangas and Tarlac.
ASSOCIATED HAZARD: FLOODING in flood-prone areas.
Meanwhile, light to moderate with occasional heavy rains affecting Nueva Ecija, Rizal, Quezon and Laguna which may persist within 3 hours.
The public and the Disaster Risk Reduction and Management Offices concerned are advised to MONITOR the weather condition and watch for the next warning to be issued at 2:00 PM today.

For more information and queries, please call telephone numbers 8927-1335 and 8927-2877 or log on to https://t.co/59mTpZJq1n.",NOT RELEVANT
https://x.com/dost_pagasa/status/1815538367305785805,https://twitter.com/dost_pagasa/status/1815538367305785805,1815538367305785805,"Heavy Rainfall Warning No. 13 #NCR_PRSD
Weather System: Enhanced Southwest Monsoon (Habagat)
Issued at: 8:00 AM, 23 July 2024(Tuesday)

YELLOW WARNING LEVEL: Zambales, Bataan, Metro Manila, Cavite and Batangas.
ASSOCIATED HAZARD: Possible FLOODING in flood-prone areas.
Meanwhile, light to moderate with occasional heavy rains affecting Laguna, Tarlac, Pampanga, Bulacan, Rizal, Quezon and Nueva Ecija which may persist within 3 hours.
The public and the Disaster Risk Reduction and Management Offices concerned are advised to MONITOR the weather condition and watch for the next warning to be issued at 11:00 AM today.

For more information and queries, please call telephone numbers 8927-1335 and 8927-2877 or log on to https://t.co/59mTpZJq1n.",NOT RELEVANT
https://x.com/anthropam/status/1817783153580474848,https://twitter.com/anthropam/status/1817783153580474848,1817783153580474848,"My dissertation chapter on flood infrastucture in Manila Bay, the basis of the thread below, just passed peer review at Southeast Asia journal (Emerald, Scopus).
Perfect timing!

This will be open access soon. Those who want the draft copy now, just dm me
#NoNaturalDisasters https://t.co/7XaYD6tzZN",NOT RELEVANT
https://x.com/firehorse249791/status/1817646870212272312,https://twitter.com/firehorse249791/status/1817646870212272312,1817646870212272312,[Typhoon Gaemi] Philippines: Oil Spill Spreads as Second Tanker Sinks in Manila Bay https://t.co/LiMLRcIg4m #GlobalWarming #ClimateEmergency #ClimateCrisis #SevereWeather #Landslide #Storm #Flood #TyphoonGaemi #OilSpill #MarineLife #Quezon #ManilaBay #Manila #Taiwan #Philippines https://t.co/qnYmQVjAVC,NOT RELEVANT
https://x.com/ABSCBNNews/status/1817532565953434104,https://twitter.com/ABSCBNNews/status/1817532565953434104,1817532565953434104,"LOOK: Trash and flood debris pile up along Kaliraya St. Bgy. Tatalon, Quezon City, on Sunday, July 28, four days after the enhanced southwest monsoon caused massive flooding in Metro Manila.

Residents are appealing for the immediate collection of the debris, which occupies half of the street, making it impassable to four-wheel vehicles. | via Maria Tan, ABS-CBN News",MILD
https://x.com/tribunephl/status/1817388146285539756,https://twitter.com/tribunephl/status/1817388146285539756,1817388146285539756,"Navotas Representative Toby Tiangco supported the call of President Ferdinand Marcos Jr. to develop a National Flood Control Plan in the aftermath of typhoon “Carina” and the massive flooding experienced in Metro Manila and other parts of Luzon.

Read more at: https://t.co/PgnplZsxfa",NOT RELEVANT
https://x.com/PNPAbra1stPMFC/status/1817377635376476479,https://twitter.com/PNPAbra1stPMFC/status/1817377635376476479,1817377635376476479,𝐅𝐨𝐫 𝐈𝐧𝐟𝐨! The Metropolitan Manila Development Authority (MMDA) released a flood gauge that's complete with standard measurements and road accessibility to help the public determine how high the different water levels could get and make informed decisions from it. https://t.co/KJV3vilPZX,NOT RELEVANT
https://x.com/sachithedogg/status/1817363232417542421,https://twitter.com/sachithedogg/status/1817363232417542421,1817363232417542421,"Please do your research first, ang hina talaga ng reading comprehension of this generation. So you guys are expecting that there will be 5,500 flood control projects for Metro Manila? Damn, it’s for the whole Country! the budget was approved 2 years ago, so expect na its on going https://t.co/s6LvbEZqHM",NOT RELEVANT
https://x.com/PhilippineStar/status/1817360573530816696,https://twitter.com/PhilippineStar/status/1817360573530816696,1817360573530816696,Senators on Saturday demanded answers from the Department of Public Works and Highways (DPWH) and the Metropolitan Manila Development Authority (MMDA) for the failure of flood control projects to curb flooding in Metro Manila. https://t.co/O4zqp3xNar https://t.co/kH0RdymmDS,NOT RELEVANT
https://x.com/Rolandpapa01/status/1817328286453616946,https://twitter.com/Rolandpapa01/status/1817328286453616946,1817328286453616946,"@MamaPiaya P27B metro manila flood control project

IMPLEMENTATION/END Date: 2017 to 2024 https://t.co/E8lkknvO7q",NOT RELEVANT
https://x.com/News5PH/status/1817175729315983655,https://twitter.com/News5PH/status/1817175729315983655,1817175729315983655,"Super Typhoon #CarinaPH and the southwest monsoon submerged Metro Manila and nearby provinces in massive flooding, raising questions about the 5,500 flood control projects that were touted by Pres. #BongbongMarcos Jr. during his third #SONA. #News5

READ: https://t.co/ugyHKFHPls https://t.co/R9spKSDgkv",NOT RELEVANT
https://x.com/hoonierei/status/1817173733238620297,https://twitter.com/hoonierei/status/1817173733238620297,1817173733238620297,"@anyawillshareit @KardasBrad @Softytwins @mskrissant thaank youu so mucch for all sponsors🥹 so kind and generous, im not good at english sorryy😭✨

i will use sa naisend ni ate since hindi me malam sa edit eh🥹

Little anger because of some people and fear for what’s happening now in manila a big flood 😭 and also big joy💗 https://t.co/qFmyliTh9W",NOT RELEVANT
https://x.com/citunited/status/1817145810645323883,https://twitter.com/citunited/status/1817145810645323883,1817145810645323883,"𝙁𝙡𝙤𝙤𝙙𝙨 𝙍𝙖𝙜𝙚, 𝙌𝙪𝙚𝙨𝙩𝙞𝙤𝙣𝙨 𝙎𝙪𝙧𝙜𝙚: 𝙒𝙝𝙖𝙩 𝙃𝙖𝙥𝙥𝙚𝙣𝙚𝙙 𝙩𝙤 𝙩𝙝𝙚 𝙁𝙡𝙤𝙤𝙙 𝘾𝙤𝙣𝙩𝙧𝙤𝙡 𝙁𝙪𝙣𝙙𝙨?

Metro Manila and surrounding provinces grapple with severe flooding from Typhoon Carina, prompting a surge of questions about the flood control — https://t.co/vJwWhwFbJx",NOT RELEVANT
https://x.com/BearwithMeproj/status/1817140328580939904,https://twitter.com/BearwithMeproj/status/1817140328580939904,1817140328580939904,@bongbongmarcos @IDF Please we need 40 of these in all high flood zones.  There will be no flooding in Manila. @flyPAL @PhilippineStar @newswatchplusph Double pay allowance custodian and Police for the flood Prevention team.  Mobilize all engineer to develope drainage/filters. https://t.co/bQ3ftHtKmZ,NOT RELEVANT