"attachments/0/accessibilityCaption","attachments/0/id","attachments/0/type","attachments/0/url","attachments/1/accessibilityCaption","attachments/1/id","attachments/1/type","attachments/1/url","attachments/2/accessibilityCaption","attachments/2/id","attachments/2/type","attachments/2/url","attachments/3/accessibilityCaption","attachments/3/id","attachments/3/type","attachments/3/url","attachments/4/accessibilityCaption","attachments/4/id","attachments/4/type","attachments/4/url","author/id","author/name","author/profilePicture","author/profileUrl","commentsCount","postId","postText","reactions/anger","reactions/haha","reactions/like","reactions/love","reactions/sorry","reactions/support","reactions/wow","reactionsCount","sharesCount","timestamp","url"
,"397135608313153","video",,,,,,,,,,,,,,,,,,"100064957951102","ABS-CBN News","https://scontent-iad3-2.xx.fbcdn.net/v/t39.30808-1/612193561_1385784586930127_8766501501849307524_n.jpg?stp=cp0_dst-jpg_tt6&cstp=mx513x511&ctp=s40x40&_nc_cat=1&ccb=1-7&_nc_sid=2d3e12&_nc_ohc=jjMlUL_Ip04Q7kNvwEk60m5&_nc_oc=AdoAE3CyuykMvw1toGpOHANyY21RajbqXJroVXXnCVqGVyDDfbN0eQo4i-8MM0woA5I&_nc_zt=24&_nc_ht=scontent-iad3-2.xx&_nc_gid=0uBusSw3d-b6Au2aeQXHgA&_nc_ss=7c2a8&oh=00_AQCrOH8EsjUVfcpxr-30u4rfySAhGVQg9r1yyZwL7MZrMg&oe=6A5F9E5C","https://www.facebook.com/abscbnNEWS","2142","10158944436205168","Dahil sa lakas ng ulan at hangin dulot ng Super Typhoon #RollyPH, bumigay at tuluyang nagiba umano ang dike sa Ilawod, Camalig, Albay na siyang dahilan ng pagbaha ngayong Linggo ng umaga. (Video mula sa SK Barangay ILAWOD-Camalig FB page)

BASAHIN: https://bit.ly/2TGqlp7","7","9","3871","46","5847","69","151","10000","11699","1604196907000","https://www.facebook.com/abscbnNEWS/videos/397135608313153/"
,"3423532977714021","video",,,,,,,,,,,,,,,,,,"100064957951102","ABS-CBN News","https://scontent-iad3-2.xx.fbcdn.net/v/t39.30808-1/612193561_1385784586930127_8766501501849307524_n.jpg?stp=cp0_dst-jpg_tt6&cstp=mx513x511&ctp=s40x40&_nc_cat=1&ccb=1-7&_nc_sid=2d3e12&_nc_ohc=jjMlUL_Ip04Q7kNvwEk60m5&_nc_oc=AdoAE3CyuykMvw1toGpOHANyY21RajbqXJroVXXnCVqGVyDDfbN0eQo4i-8MM0woA5I&_nc_zt=24&_nc_ht=scontent-iad3-2.xx&_nc_gid=0uBusSw3d-b6Au2aeQXHgA&_nc_ss=7c2a8&oh=00_AQCrOH8EsjUVfcpxr-30u4rfySAhGVQg9r1yyZwL7MZrMg&oe=6A5F9E5C","https://www.facebook.com/abscbnNEWS","1354","10158944304905168","Tila rumaragasang ilog na ang baha sa Ilawod, Camalig, Albay ngayong Linggo ng umaga dahil sa walang tigil na pag-ulan na dulot ng super typhoon #RollyPH. (Video mula kay Bryll Czysr Vibar)

BASAHIN: https://bit.ly/2TGqlp7","8","5","3477","53","6242","94","121","10000","11265","1604193979000","https://www.facebook.com/abscbnNEWS/videos/3423532977714021/"
"No photo description available.","10158945019380168","photo","https://www.facebook.com/photo.php?fbid=10158945019380168&set=a.650104283831498&type=3","No photo description available.","10158945020105168","photo","https://www.facebook.com/photo.php?fbid=10158945020105168&set=a.650104283831498&type=3","No photo description available.","10158945019185168","photo","https://www.facebook.com/photo.php?fbid=10158945019185168&set=a.650104283831498&type=3","No photo description available.","10158945019075168","photo","https://www.facebook.com/photo.php?fbid=10158945019075168&set=a.650104283831498&type=3","No photo description available.","10158945018645168","photo","https://www.facebook.com/photo.php?fbid=10158945018645168&set=a.650104283831498&type=3","100064957951102","ABS-CBN News","https://scontent-iad3-2.xx.fbcdn.net/v/t39.30808-1/612193561_1385784586930127_8766501501849307524_n.jpg?stp=cp0_dst-jpg_tt6&cstp=mx513x511&ctp=s40x40&_nc_cat=1&ccb=1-7&_nc_sid=2d3e12&_nc_ohc=jjMlUL_Ip04Q7kNvwEk60m5&_nc_oc=AdoAE3CyuykMvw1toGpOHANyY21RajbqXJroVXXnCVqGVyDDfbN0eQo4i-8MM0woA5I&_nc_zt=24&_nc_ht=scontent-iad3-2.xx&_nc_gid=0uBusSw3d-b6Au2aeQXHgA&_nc_ss=7c2a8&oh=00_AQCrOH8EsjUVfcpxr-30u4rfySAhGVQg9r1yyZwL7MZrMg&oe=6A5F9E5C","https://www.facebook.com/abscbnNEWS","9467","10158945020715168","Umabot hanggang bubong ang baha sa Brgy Busay sa Daraga, Albay na dulot ng pananalasa ng typhoon #RollyPH ngayong Linggo. Sa kuha ni AJ Miraflor kanina alas-9 ng umaga, rumaragasang tubig at abot bubong na baha ang naranasan ng mga residente malapit sa Cagsawa Ruins. 

Ang ibang bahay at tindahan naman ay lumubog sa buhangin na tinangay dahil din sa bagyong Rolly. | Kuha ni AJ Miraflor

BASAHIN: https://bit.ly/2HT1YlN","3","10","2708","66","7014","151","48","10000","48801","1604212275000","https://www.facebook.com/abscbnNEWS/posts/pfbid022dHXmqkH4R3qmK6WSvg6nsfi5EBCv5BACdaZRnduDEZPvkk6vdaVVFhmGYt4DLr3l"
,"1780682655422023","video",,,,,,,,,,,,,,,,,,"100064849986224","GMA News","https://scontent-iad3-2.xx.fbcdn.net/v/t39.30808-1/658216539_1459297662908553_7892569438724908023_n.jpg?stp=cp0_dst-jpg_tt6&cstp=mx1200x1200&ctp=s40x40&_nc_cat=1&ccb=1-7&_nc_sid=2d3e12&_nc_ohc=_9Kw3PkUnsIQ7kNvwGpyVjd&_nc_oc=Ado8luoMoYyeAgOo9uxgV6lE58M9xqY6erKuvrGw_DDKkt2BVpC3qxx6RSDv8tP1_aw&_nc_zt=24&_nc_ht=scontent-iad3-2.xx&_nc_gid=0uBusSw3d-b6Au2aeQXHgA&_nc_ss=7c2a8&oh=00_AQCVcA99kmBhcMwO6Y1INnH0c-8snJ1PtxP2a9R_rxOv1w&oe=6A5FC37F","https://www.facebook.com/gmanews","165","10159408927066977","Lubog sa baha ang ilang bahagi ng probinsya ng Albay matapos dumaan doon ang Bagyong #RollyPH. 

Bisitahin ang www.gmanews.tv para sa latest na balita tungkol sa bagyo.","17","10","5999","129","2746","74","35","9010","1318","1604224656000","https://www.facebook.com/gmanews/videos/1780682655422023/"
,"400584944606439","video",,,,,,,,,,,,,,,,,,"100069804660667","One PH","https://scontent-iad3-2.xx.fbcdn.net/v/t39.30808-1/352501237_782570273579321_6360131420091538342_n.png?stp=cp0_dst-png&cstp=mx1638x1638&ctp=s40x40&_nc_cat=1&ccb=1-7&_nc_sid=2d3e12&_nc_ohc=l9ABQ7r1D0AQ7kNvwHhiNrH&_nc_oc=AdpxSbzPXkVBUG8ag3Yjdm8HWZyACi160DZWmdO4ouz0BI4s_pdbamoaehnwI0thtQI&_nc_zt=24&_nc_ht=scontent-iad3-2.xx&_nc_gid=0uBusSw3d-b6Au2aeQXHgA&_nc_ss=7c2a8&oh=00_AQAMkFRHkWb431_b0fQZs4WjVvjZ2lsHskfRQlJHO2HHhQ&oe=6A5FB96E","https://www.facebook.com/OnePHonCignal","345","885696545505410","Pagragasa ng baha sa Ilawod, Camalig sa Albay ngayong 10 a.m. kasabay ng pananalasa ng bagyong #RollyPH.

📹 Bryll Czysr Vibar","4","1","1709","19","2571","48","38","4390","2171","1604198375000","https://www.facebook.com/OnePHonCignal/videos/400584944606439/"
,"660233331361438","video",,,,,,,,,,,,,,,,,,"100064957951102","ABS-CBN News","https://scontent-iad3-2.xx.fbcdn.net/v/t39.30808-1/612193561_1385784586930127_8766501501849307524_n.jpg?stp=cp0_dst-jpg_tt6&cstp=mx513x511&ctp=s40x40&_nc_cat=1&ccb=1-7&_nc_sid=2d3e12&_nc_ohc=jjMlUL_Ip04Q7kNvwEk60m5&_nc_oc=AdoAE3CyuykMvw1toGpOHANyY21RajbqXJroVXXnCVqGVyDDfbN0eQo4i-8MM0woA5I&_nc_zt=24&_nc_ht=scontent-iad3-2.xx&_nc_gid=mJcDlDMwYMV4lRlsZfKaSg&_nc_ss=7c2a8&oh=00_AQBrVgyV0A_8UAfNAY75cuKfyp19typ1VTbKh4U6ludjSQ&oe=6A5F9E5C","https://www.facebook.com/abscbnNEWS","8","10158949418915168","Matinding takot ang idinulot sa mga residente ng Batangas City ng biglaang pagtaas ng baha bunsod ng malakas pag-ulan dulot ng bagyong Rolly.

Sa Tierra Verde subdivision, napilitan nang umakyat sa bubong ng mga residente dahil umabot hanggang dibdib ang taas ng baha nitong Linggo nang gabi. 

Sumama sa ating patuloy na pagpa-Patrol sa news.abs-cbn.com/tvpatrol, fb.com/tvpatrol.abscbn/, at youtube.com/ABSCBNNews.","1","3","650","30","166","13",,"863","79","1604328319000","https://www.facebook.com/abscbnNEWS/videos/660233331361438/"
,"402361797834835","video",,,,,,,,,,,,,,,,,,"100064957951102","ABS-CBN News","https://scontent-iad3-2.xx.fbcdn.net/v/t39.30808-1/612193561_1385784586930127_8766501501849307524_n.jpg?stp=cp0_dst-jpg_tt6&cstp=mx513x511&ctp=s40x40&_nc_cat=1&ccb=1-7&_nc_sid=2d3e12&_nc_ohc=jjMlUL_Ip04Q7kNvwEk60m5&_nc_oc=AdoAE3CyuykMvw1toGpOHANyY21RajbqXJroVXXnCVqGVyDDfbN0eQo4i-8MM0woA5I&_nc_zt=24&_nc_ht=scontent-iad3-2.xx&_nc_gid=mJcDlDMwYMV4lRlsZfKaSg&_nc_ss=7c2a8&oh=00_AQBrVgyV0A_8UAfNAY75cuKfyp19typ1VTbKh4U6ludjSQ&oe=6A5F9E5C","https://www.facebook.com/abscbnNEWS","341","10158945269930168","TINGNAN: Tuluyang nalubog sa baha ang ilang bahay sa Magurang, Polangui, Albay sa gitna ng malakas na pagbuhos ng ulan dahil sa Typhoon #RollyPH. (📹:Lea Salalima) | via Anjo Bagaoisan, ABS-CBN News

BASAHIN DITO ang kaugnay na ulat: https://bit.ly/34KYv18","5","6","1838","29","5888","77","33","7876","2496","1604219963000","https://www.facebook.com/abscbnNEWS/videos/402361797834835/"
"No photo description available.","2257704944386247","photo","https://www.facebook.com/photo.php?fbid=2257704944386247&set=a.647063397452197&type=3","No photo description available.","2257704941052914","photo","https://www.facebook.com/photo.php?fbid=2257704941052914&set=a.647063397452197&type=3","No photo description available.","2257704931052915","photo","https://www.facebook.com/photo.php?fbid=2257704931052915&set=a.647063397452197&type=3","No photo description available.","2257704934386248","photo","https://www.facebook.com/photo.php?fbid=2257704934386248&set=a.647063397452197&type=3","No photo description available.","2257704924386249","photo","https://www.facebook.com/photo.php?fbid=2257704924386249&set=a.647063397452197&type=3","100064456281701","News5","https://scontent-iad3-2.xx.fbcdn.net/v/t39.30808-1/352531091_590012623265943_7503745415624331533_n.png?stp=cp0_dst-png&cstp=mx719x719&ctp=s40x40&_nc_cat=1&ccb=1-7&_nc_sid=2d3e12&_nc_ohc=VZI5zKGnILYQ7kNvwE6CjAd&_nc_oc=AdqbJ7t5nKR3v_dNUMOruAMRNBzCJ88Jhhwy-64xwbE-Iz_e2HjeTAAtb14tb8JpoDM&_nc_zt=24&_nc_ht=scontent-iad3-2.xx&_nc_gid=mJcDlDMwYMV4lRlsZfKaSg&_nc_ss=7c2a8&oh=00_AQBvwJqkiTk_gNFXYnGdpAIr520PGwhH892C6ArOmeV9qg&oe=6A5FAECF","https://www.facebook.com/News5Everywhere","545","2257705137719561","Netflix and chill ang ginawa ng netizen na si Victor Tadia habang binabaha ang kanilang bahay sa Batangas City kahapon.

“Napag-tripan lang namin kasi bumaha sa lugar namin,” ayon kay Victor.

Nasa 50,000 na ang shares ng post sa Facebook. Pero mga kapatid, ingat-ingat din sa mga kable ng kuryente kapag baha.

📷: Victor Jose Tadia/Gino Lontoc","8","2595","1034","29","8","5","77","3756","573","1604282851000","https://www.facebook.com/News5Everywhere/posts/pfbid03STz3rLBPHgCjxW5uvLEia7m5ZB2qk1WmJ1i4xuw5JWgEggXJ7PqipZU86Ybh5FDl"
,"3694765923953318","video",,,,,,,,,,,,,,,,,,"100064957951102","ABS-CBN News","https://scontent-iad3-2.xx.fbcdn.net/v/t39.30808-1/612193561_1385784586930127_8766501501849307524_n.jpg?stp=cp0_dst-jpg_tt6&cstp=mx513x511&ctp=s40x40&_nc_cat=1&ccb=1-7&_nc_sid=2d3e12&_nc_ohc=jjMlUL_Ip04Q7kNvwEk60m5&_nc_oc=AdoAE3CyuykMvw1toGpOHANyY21RajbqXJroVXXnCVqGVyDDfbN0eQo4i-8MM0woA5I&_nc_zt=24&_nc_ht=scontent-iad3-2.xx&_nc_gid=mJcDlDMwYMV4lRlsZfKaSg&_nc_ss=7c2a8&oh=00_AQBrVgyV0A_8UAfNAY75cuKfyp19typ1VTbKh4U6ludjSQ&oe=6A5F9E5C","https://www.facebook.com/abscbnNEWS","22","10158945935575168","PANOORIN: Mas maraming residente pa ng Tierra Verde Subdivision, Barangay Pallocan West, Batangas City ang nailikas matapos tumaas ang nibel ng baha sa lugar.

Umabot hanggang dibdib ang baha sa naturang lugar dahil sa tuloy-tuloy na pag-ulan dulot ng typhoon. #RollyPH | via Jeck Batallones, ABS-CBN News 

BASAHIN ang buong ulat dito: https://bit.ly/3kQtKxq","1",,"391","27","322","25",,"766","136","1604238446000","https://www.facebook.com/abscbnNEWS/videos/3694765923953318/"
"No photo description available.","10158614673621066","photo","https://www.facebook.com/photo.php?fbid=10158614673621066&set=a.554632122685656&type=3","No photo description available.","10158614673786066","photo","https://www.facebook.com/photo.php?fbid=10158614673786066&set=a.554632122685656&type=3","No photo description available.","10158614674151066","photo","https://www.facebook.com/photo.php?fbid=10158614674151066&set=a.554632122685656&type=3","No photo description available.","10158614674106066","photo","https://www.facebook.com/photo.php?fbid=10158614674106066&set=a.554632122685656&type=3","No photo description available.","10158614673876066","photo","https://www.facebook.com/photo.php?fbid=10158614673876066&set=a.554632122685656&type=3","100044166202847","GMA Public Affairs","https://scontent-iad3-2.xx.fbcdn.net/v/t39.30808-1/376885946_912466956902169_1886388560392625402_n.jpg?stp=cp0_dst-jpg_tt6&cstp=mx484x484&ctp=s40x40&_nc_cat=1&ccb=1-7&_nc_sid=2d3e12&_nc_ohc=U0QjaWhxGrMQ7kNvwHjJDIU&_nc_oc=Adp6weCZojKTsBfimDnWs25XAWy15us4OYFAA86kWZnvHD6E_EdbTzJ2n46uk0zsg5M&_nc_zt=24&_nc_ht=scontent-iad3-2.xx&_nc_gid=mJcDlDMwYMV4lRlsZfKaSg&_nc_ss=7c2a8&oh=00_AQCgf33SmVw3ytcFhkDiLDXCkn106NGpzEuoTLFWFo5N4w&oe=6A5FA87D","https://www.facebook.com/gmapublicaffairs","3687","10158614692526066","BARANGAY SA ALBAY, TILA NILAMON NG PUTIK AT BAHA DAHIL SA BAGYO

Nagmistulang nabaon sa putik ang ilang bahagi ng Brgy. Ilawod, Camalig, Albay matapos umapaw ang tubig sa mega dike sa lugar. At ang baha, may kasama umanong lahar mula sa Mayon Volcano, ayon kay Rich Mortel Nopia! 

Wala pa raw silang nababalitaang nasawi sa trahedya, pero natabunan daw ng putik ang kanilang mga taniman ng palay habang lubog naman sa hanggang bewang na baha ang ilang bahay.

📸: Rich Mortel Nopia, Ryan Mortel Navales

Bisitahin ang www.gmanews.tv para sa iba pang mga balita.","7","8","3438","63","6363","100","21","10000","18779","1604208087000","https://www.facebook.com/gmapublicaffairs/posts/pfbid02aah1MKMURBfsWDKJi1GRkfq24hb8C9arQ5q28tHUderhMPrTAk976fzC5eN1MvENl"
"No photo description available.","10158947965135168","photo","https://www.facebook.com/photo.php?fbid=10158947965135168&set=a.650104283831498&type=3","No photo description available.","10158947965155168","photo","https://www.facebook.com/photo.php?fbid=10158947965155168&set=a.650104283831498&type=3","No photo description available.","10158947965215168","photo","https://www.facebook.com/photo.php?fbid=10158947965215168&set=a.650104283831498&type=3","No photo description available.","10158947965250168","photo","https://www.facebook.com/photo.php?fbid=10158947965250168&set=a.650104283831498&type=3",,,,,"100064957951102","ABS-CBN News","https://scontent-iad3-2.xx.fbcdn.net/v/t39.30808-1/612193561_1385784586930127_8766501501849307524_n.jpg?stp=cp0_dst-jpg_tt6&cstp=mx513x511&ctp=s40x40&_nc_cat=1&ccb=1-7&_nc_sid=2d3e12&_nc_ohc=jjMlUL_Ip04Q7kNvwEk60m5&_nc_oc=AdoAE3CyuykMvw1toGpOHANyY21RajbqXJroVXXnCVqGVyDDfbN0eQo4i-8MM0woA5I&_nc_zt=24&_nc_ht=scontent-iad3-2.xx&_nc_gid=mJcDlDMwYMV4lRlsZfKaSg&_nc_ss=7c2a8&oh=00_AQBrVgyV0A_8UAfNAY75cuKfyp19typ1VTbKh4U6ludjSQ&oe=6A5F9E5C","https://www.facebook.com/abscbnNEWS","43","10158947967115168","Mga residente ng Tierra Verde subdivision sa Batangas City, nagbalikan na sa kanilang mga bahay matapos lumubog sa baha ang mga kabahayan doon sa pag-landfall sa Batangas ng Bagyong #RollyPH. Jeck Batallones, ABS-CBN News","5","1","914","24","870","24","3","1841","170","1604282597000","https://www.facebook.com/abscbnNEWS/posts/pfbid0auFuLECRWmchuCtTbrZFG7yjxZiwqTMrBCgWRMgdJVBPa8Awk8Tm1KC9cXsNUZh3l"
"No photo description available.","10159408855866977","photo","https://www.facebook.com/photo.php?fbid=10159408855866977&set=a.649184583919869&type=3","No photo description available.","10159408855891977","photo","https://www.facebook.com/photo.php?fbid=10159408855891977&set=a.649184583919869&type=3","No photo description available.","10159408855876977","photo","https://www.facebook.com/photo.php?fbid=10159408855876977&set=a.649184583919869&type=3",,,,,,,,,"100064849986224","GMA News","https://scontent-iad3-2.xx.fbcdn.net/v/t39.30808-1/658216539_1459297662908553_7892569438724908023_n.jpg?stp=cp0_dst-jpg_tt6&cstp=mx1200x1200&ctp=s40x40&_nc_cat=1&ccb=1-7&_nc_sid=2d3e12&_nc_ohc=_9Kw3PkUnsIQ7kNvwGpyVjd&_nc_oc=Ado8luoMoYyeAgOo9uxgV6lE58M9xqY6erKuvrGw_DDKkt2BVpC3qxx6RSDv8tP1_aw&_nc_zt=24&_nc_ht=scontent-iad3-2.xx&_nc_gid=-SFq5CecOOz5L6s35e9tWA&_nc_ss=7c2a8&oh=00_AQADwMbnCAknKg8SrXBwZblCN3rmMET2scD6qRUSHB589Q&oe=6A5FC37F","https://www.facebook.com/gmanews","213","10159408864831977","Rumagasa ang baha na may kasamang putik nung nanalasa ang Bagyong #RollyPH sa bayan ng San Andres sa Quezon province kahapon ng tanghali.  

Courtesy: Jancy Sierra 

Kung mayroon kayong mga larawan o video ng hagupit ang bagyo, maaaring sumali at ipadala ang mga ito sa GMA Public Affairs Online Community ng GMA Public Affairs.

Bisitahin ang www.gmanews.tv para sa iba pang mga balita.",,"5","1450","17","2176","46","14","3708","327","1604249100000","https://www.facebook.com/gmanews/posts/pfbid02TLtPrG9omJTnV5vyyN9Ue79mUh9PnLGP13kDtVLjWAmLmoKXqxo8S1q3j8pLiSoMl"
,"365466954561895","video",,,,,,,,,,,,,,,,,,"100064849986224","GMA News","https://scontent-iad3-2.xx.fbcdn.net/v/t39.30808-1/658216539_1459297662908553_7892569438724908023_n.jpg?stp=cp0_dst-jpg_tt6&cstp=mx1200x1200&ctp=s40x40&_nc_cat=1&ccb=1-7&_nc_sid=2d3e12&_nc_ohc=_9Kw3PkUnsIQ7kNvwGpyVjd&_nc_oc=Ado8luoMoYyeAgOo9uxgV6lE58M9xqY6erKuvrGw_DDKkt2BVpC3qxx6RSDv8tP1_aw&_nc_zt=24&_nc_ht=scontent-iad3-2.xx&_nc_gid=-SFq5CecOOz5L6s35e9tWA&_nc_ss=7c2a8&oh=00_AQADwMbnCAknKg8SrXBwZblCN3rmMET2scD6qRUSHB589Q&oe=6A5FC37F","https://www.facebook.com/gmanews","31","10159413301376977","Sa lungsod ng Batangas, umabot sa lampas-tao ang baha sa isang subdivision. Naperwisyo ang aabot sa 500 pamilya. Marami ang kinailangang sagipin kagaya ng mga senior citizen, mga bata at mga may sakit. 

Balikan ang 24 Oras via livestream:
Facebook: https://bit.ly/3jQbLWK
YouTube: https://bit.ly/2JilWXp","3","4","900","27","451","14","2","1401","154","1604331912000","https://www.facebook.com/gmanews/videos/365466954561895/"
"No photo description available.","1380514388956917","photo","https://www.facebook.com/photo.php?fbid=1380514388956917&set=a.643888557755015&type=3","No photo description available.","1380514485623574","photo","https://www.facebook.com/photo.php?fbid=1380514485623574&set=a.643888557755015&type=3","No photo description available.","1380514428956913","photo","https://www.facebook.com/photo.php?fbid=1380514428956913&set=a.643888557755015&type=3","No photo description available.","1380514458956910","photo","https://www.facebook.com/photo.php?fbid=1380514458956910&set=a.643888557755015&type=3","No photo description available.","1380514372290252","photo","https://www.facebook.com/photo.php?fbid=1380514372290252&set=a.643888557755015&type=3","100064016281529","Be An INQUIRER","https://scontent-iad3-2.xx.fbcdn.net/v/t39.30808-1/348467524_257389896694682_6029433849170778479_n.png?stp=cp0_dst-png&cstp=mx1127x1127&ctp=s40x40&_nc_cat=1&ccb=1-7&_nc_sid=2d3e12&_nc_ohc=98Avd8mqqkAQ7kNvwGAWM4D&_nc_oc=AdpVzg3hrIY28Jyv6thgQTqLx26i5cLMiUCxbbpZ2FnBwEAgtPMvpe52TrOyoMGwP24&_nc_zt=24&_nc_ht=scontent-iad3-2.xx&_nc_gid=-SFq5CecOOz5L6s35e9tWA&_nc_ss=7c2a8&oh=00_AQBmUsr-LdD-9qQjXhc3gtnQ7E0qwUbjbeFHceFXqMMtEw&oe=6A5FA77E","https://www.facebook.com/officialbeaninquirer","7","1380515028956853","TINGNAN: Nalubog na sa baha ang mga kabahayan sa Barangay Bariw, Camalig, Albay matapos umapaw ang tubig sa dike bunsod ng tuluy-tuloy na pagbuhos ng ulan dahil sa Super Typhoon #RollyPH.

Sa huling tala ng PAGASA ngayong Linggo ng umaga, nakataas na ang Tropical Cyclone Wind Signal No. 5 sa mga lalawigan ng Albay at Camarines Sur.

📸: Renz Adrian Ronda

Ibahagi sa amin ang inyong sitwasyon at lokasyon sa: inq.news/BAI. Mag-ingat po tayo! #BeAnINQUIRER",,,"36","1","106","2","1","146","186","1604202594000","https://www.facebook.com/officialbeaninquirer/posts/pfbid02P98Ws9DwV7BstaGWbkXGAktU3gTmPFcj2HPENyRkkraWfBKeZQMSid6tXBsXxashl"
"No photo description available.","4021754824551824","photo","https://www.facebook.com/photo.php?fbid=4021754824551824&set=a.188831410030803&type=3","No photo description available.","4021754837885156","photo","https://www.facebook.com/photo.php?fbid=4021754837885156&set=a.188831410030803&type=3","No photo description available.","4021754844551822","photo","https://www.facebook.com/photo.php?fbid=4021754844551822&set=a.188831410030803&type=3","No photo description available.","4021754937885146","photo","https://www.facebook.com/photo.php?fbid=4021754937885146&set=a.188831410030803&type=3","No photo description available.","4021754924551814","photo","https://www.facebook.com/photo.php?fbid=4021754924551814&set=a.188831410030803&type=3","100067118364824","PTV","https://scontent-iad3-2.xx.fbcdn.net/v/t39.30808-1/469778811_1010174501229819_6318900398083369956_n.jpg?stp=cp0_dst-jpg_tt6&cstp=mx768x768&ctp=s40x40&_nc_cat=1&ccb=1-7&_nc_sid=2d3e12&_nc_ohc=FaGq-qwGxNAQ7kNvwGYb9O9&_nc_oc=Ado6rVsXYTo5M7Pt97Y3zPDWMZtPLJ2sJoIZr5Lr7f_RT1nV7Tri_uR86HBkACc9r0Q&_nc_zt=24&_nc_ht=scontent-iad3-2.xx&_nc_gid=-SFq5CecOOz5L6s35e9tWA&_nc_ss=7c2a8&oh=00_AQC-4V0JGm6qloz01h9J8NnnK9JDEc-a7bXzqUmkWAkuVg&oe=6A5F9625","https://www.facebook.com/PTVph","2857","4021755104551796","𝐓𝐈𝐍𝐆𝐍𝐀𝐍: Aerial inspection 

Personal na nais makita ni Pangulong Rodrigo #Duterte kasama si Senador Christopher Bong Go ang pinsalang idinulot ng bagyong #RollyPH. 

Kuha ito sa Catanduanes sakay ng chopper, makikita ang ilang bahagi ng nasabing probinsya na lubog pa rin sa baha. | via Eunice Samonte","5","19","7558","580","1664","128","46","10000","1931","1604302377000","https://www.facebook.com/PTVph/posts/pfbid03jq6UqhFA2ekfS96tWAbDEFN5xRJKD8jovnA8nysUeJ5BSJk2HvT2Dg5E2woyFj1l"
,"389724905712669","video",,,,,,,,,,,,,,,,,,"100064849986224","GMA News","https://scontent-iad3-2.xx.fbcdn.net/v/t39.30808-1/658216539_1459297662908553_7892569438724908023_n.jpg?stp=cp0_dst-jpg_tt6&cstp=mx1200x1200&ctp=s40x40&_nc_cat=1&ccb=1-7&_nc_sid=2d3e12&_nc_ohc=_9Kw3PkUnsIQ7kNvwGpyVjd&_nc_oc=Ado8luoMoYyeAgOo9uxgV6lE58M9xqY6erKuvrGw_DDKkt2BVpC3qxx6RSDv8tP1_aw&_nc_zt=24&_nc_ht=scontent-iad3-2.xx&_nc_gid=-SFq5CecOOz5L6s35e9tWA&_nc_ss=7c2a8&oh=00_AQADwMbnCAknKg8SrXBwZblCN3rmMET2scD6qRUSHB589Q&oe=6A5FC37F","https://www.facebook.com/gmanews","132","10159408733831977","PANOORIN: Halos umabot na sa baywang ang baha sa Camalig, Albay sa gitna ng paghagupit ng #RollyPH. 

For more updates, visit www.gmanews.tv.",,,"179",,"487","3","4","673","374","1604219963000","https://www.facebook.com/gmanews/videos/389724905712669/"
,"363367371385607","video",,,,,,,,,,,,,,,,,,"100064957951102","ABS-CBN News","https://scontent-iad3-2.xx.fbcdn.net/v/t39.30808-1/612193561_1385784586930127_8766501501849307524_n.jpg?stp=cp0_dst-jpg_tt6&cstp=mx513x511&ctp=s40x40&_nc_cat=1&ccb=1-7&_nc_sid=2d3e12&_nc_ohc=jjMlUL_Ip04Q7kNvwEk60m5&_nc_oc=AdoAE3CyuykMvw1toGpOHANyY21RajbqXJroVXXnCVqGVyDDfbN0eQo4i-8MM0woA5I&_nc_zt=24&_nc_ht=scontent-iad3-2.xx&_nc_gid=-SFq5CecOOz5L6s35e9tWA&_nc_ss=7c2a8&oh=00_AQCbb4qaPaawQhYmYeXL4u8Gdlh5Lit7HgzOB2M-YoUoMA&oe=6A5F9E5C","https://www.facebook.com/abscbnNEWS","45","10158945342490168","TINGNAN: Malakas na ang ulan at nag-umpisa nang bahain ang bahaging ito ng Concepcion sa Batangas City, Linggo ng hapon. #RollyPH (Video courtesy: Irish Untalan)

BASAHIN DITO ang kaugnay na ulat: https://bit.ly/3jHV1Rj",,"1","605","7","602","16","7","1238","181","1604221899000","https://www.facebook.com/abscbnNEWS/videos/363367371385607/"
"No photo description available.","10158948233265168","photo","https://www.facebook.com/photo/?fbid=10158948233265168&set=a.650104283831498",,,,,,,,,,,,,,,,,"100064957951102","ABS-CBN News","https://scontent-iad3-2.xx.fbcdn.net/v/t39.30808-1/612193561_1385784586930127_8766501501849307524_n.jpg?stp=cp0_dst-jpg_tt6&cstp=mx513x511&ctp=s40x40&_nc_cat=1&ccb=1-7&_nc_sid=2d3e12&_nc_ohc=jjMlUL_Ip04Q7kNvwEk60m5&_nc_oc=AdoAE3CyuykMvw1toGpOHANyY21RajbqXJroVXXnCVqGVyDDfbN0eQo4i-8MM0woA5I&_nc_zt=24&_nc_ht=scontent-iad3-2.xx&_nc_gid=9Omzh-SMPPgcc6DSV6l_Qg&_nc_ss=7c2a8&oh=00_AQDToxBJzhExJ6iIrp2i4rgtBUAOqEkg50US-Qu2aR6HRA&oe=6A5F9E5C","https://www.facebook.com/abscbnNEWS","387","10158948233495168","Nakatitig na lang ang lalaking ito sa kanyang bahay na nalubog sa lahar at baha sa Daraga, Albay matapos ang hagupit ng super typhoon #RollyPH. Nino N. Luces, Reuters","2","7","1352","36","8450","139","14","10000","542","1604291100000","https://www.facebook.com/abscbnNEWS/posts/pfbid02F6asXLzjVUC65E8Zo8B3LvV6mwJ7LnuREh9vD5xygpiKVSjenUrhJXUqS8H6ELnel"
,"1552355008299324","video",,,,,,,,,,,,,,,,,,"100064849986224","GMA News","https://scontent-iad3-2.xx.fbcdn.net/v/t39.30808-1/658216539_1459297662908553_7892569438724908023_n.jpg?stp=cp0_dst-jpg_tt6&cstp=mx1200x1200&ctp=s40x40&_nc_cat=1&ccb=1-7&_nc_sid=2d3e12&_nc_ohc=_9Kw3PkUnsIQ7kNvwGpyVjd&_nc_oc=Ado8luoMoYyeAgOo9uxgV6lE58M9xqY6erKuvrGw_DDKkt2BVpC3qxx6RSDv8tP1_aw&_nc_zt=24&_nc_ht=scontent-iad3-2.xx&_nc_gid=9Omzh-SMPPgcc6DSV6l_Qg&_nc_ss=7c2a8&oh=00_AQB1iVIJulXBdnMc8S7h2mbQl_VVqjDnYzYYO41pmHokwQ&oe=6A5FC37F","https://www.facebook.com/gmanews","40","10159412251081977","PANUORIN: Baha sa Maharlika Highway sa Nabua, Camarines Sur, hindi pa humuhupa; Mga sasakyan, pahirapan ang pagdaan. | via Mark Makalalad, Super Radyo DZBB 594khz",,,"321","3","212","6","4","546","74","1604299201000","https://www.facebook.com/gmanews/videos/1552355008299324/"
,"1033461317081898","video",,,,,,,,,,,,,,,,,,"100064849986224","GMA News","https://scontent-iad3-2.xx.fbcdn.net/v/t39.30808-1/658216539_1459297662908553_7892569438724908023_n.jpg?stp=cp0_dst-jpg_tt6&cstp=mx1200x1200&ctp=s40x40&_nc_cat=1&ccb=1-7&_nc_sid=2d3e12&_nc_ohc=_9Kw3PkUnsIQ7kNvwGpyVjd&_nc_oc=Ado8luoMoYyeAgOo9uxgV6lE58M9xqY6erKuvrGw_DDKkt2BVpC3qxx6RSDv8tP1_aw&_nc_zt=24&_nc_ht=scontent-iad3-2.xx&_nc_gid=9Omzh-SMPPgcc6DSV6l_Qg&_nc_ss=7c2a8&oh=00_AQB1iVIJulXBdnMc8S7h2mbQl_VVqjDnYzYYO41pmHokwQ&oe=6A5FC37F","https://www.facebook.com/gmanews","18","10159413297621977","Matinding pinsala rin ang inabot ng lalawigan ng Albay. Sa bayan ng Caraga, may halo pang lahar ang baha na naminsala hanggang sa tanyag na Cagsawa ruins. Matapos naman ang pananalasa ng bagyo sa lalawigan, tumambad ang ilang bangkay. 

Balikan ang 24 Oras via livestream:
Facebook: https://bit.ly/3jQbLWK
YouTube: https://bit.ly/2JilWXp","1",,"268","3","171","2","3","448","48","1604331312000","https://www.facebook.com/gmanews/videos/1033461317081898/"
"No photo description available.","10158945644250168","photo","https://www.facebook.com/photo.php?fbid=10158945644250168&set=a.650104283831498&type=3","No photo description available.","10158945644195168","photo","https://www.facebook.com/photo.php?fbid=10158945644195168&set=a.650104283831498&type=3","No photo description available.","10158945644230168","photo","https://www.facebook.com/photo.php?fbid=10158945644230168&set=a.650104283831498&type=3","No photo description available.","10158945644175168","photo","https://www.facebook.com/photo.php?fbid=10158945644175168&set=a.650104283831498&type=3",,,,,"100064957951102","ABS-CBN News","https://scontent-iad3-2.xx.fbcdn.net/v/t39.30808-1/612193561_1385784586930127_8766501501849307524_n.jpg?stp=cp0_dst-jpg_tt6&cstp=mx513x511&ctp=s40x40&_nc_cat=1&ccb=1-7&_nc_sid=2d3e12&_nc_ohc=jjMlUL_Ip04Q7kNvwEk60m5&_nc_oc=AdoAE3CyuykMvw1toGpOHANyY21RajbqXJroVXXnCVqGVyDDfbN0eQo4i-8MM0woA5I&_nc_zt=24&_nc_ht=scontent-iad3-2.xx&_nc_gid=9Omzh-SMPPgcc6DSV6l_Qg&_nc_ss=7c2a8&oh=00_AQDToxBJzhExJ6iIrp2i4rgtBUAOqEkg50US-Qu2aR6HRA&oe=6A5F9E5C","https://www.facebook.com/abscbnNEWS","329","10158945650205168","TINGNAN: Isang rescue mission ang isinagawa ng Philippine Red Cross sa Tierra Verde Subdivision sa Batangas City nitong Linggo nang gabi sa gitna ng pagtaas ng baha sa lugar dahil sa pag-ulan dala ng typhoon #RollyPH.

Ayon sa PAGASA, naitala ika-4 na landfall ng bagyo sa Lobo, Batangas. (Photos courtesy: Philippine Red Cross - Batangas Chapter) 

BASAHIN DITO ang kaugnay na ulat: https://bit.ly/3kI2G3s","1","4","4580","196","4808","170","22","9781","1837","1604230918000","https://www.facebook.com/abscbnNEWS/posts/pfbid0N4fPwCmv3sYSbQyEk1yJJ2cyBts524LfxETKkqoBnTtP9hyUa8TA1favAMe4znsZl"
,"857659305045643","video",,,,,,,,,,,,,,,,,,"100064456281701","News5","https://scontent-iad3-2.xx.fbcdn.net/v/t39.30808-1/352531091_590012623265943_7503745415624331533_n.png?stp=cp0_dst-png&cstp=mx719x719&ctp=s40x40&_nc_cat=1&ccb=1-7&_nc_sid=2d3e12&_nc_ohc=VZI5zKGnILYQ7kNvwE6CjAd&_nc_oc=AdqbJ7t5nKR3v_dNUMOruAMRNBzCJ88Jhhwy-64xwbE-Iz_e2HjeTAAtb14tb8JpoDM&_nc_zt=24&_nc_ht=scontent-iad3-2.xx&_nc_gid=9Omzh-SMPPgcc6DSV6l_Qg&_nc_ss=7c2a8&oh=00_AQArGmHltz6DJ2OA1icsU3szUCpaR2k5QVhWewwI2PD56w&oe=6A5FAECF","https://www.facebook.com/News5Everywhere","7","2258627000960708","#FrontlinePilipinas | Nalubog sa baha at putik ang mga tirahan sa Tierra Verde Subdivision sa Batangas City matapos umapaw ang katabing creek. | via Gary de Leon

For more latest stories, visit us at www.news5.com.ph",,,"46",,"10",,,"56","9","1604321400000","https://www.facebook.com/News5Everywhere/videos/857659305045643/"
"No photo description available.","887308202010911","photo","https://www.facebook.com/photo.php?fbid=887308202010911&set=a.560986126238205&type=3","No photo description available.","887308155344249","photo","https://www.facebook.com/photo.php?fbid=887308155344249&set=a.560986126238205&type=3","No photo description available.","887308172010914","photo","https://www.facebook.com/photo.php?fbid=887308172010914&set=a.560986126238205&type=3","No photo description available.","887308288677569","photo","https://www.facebook.com/photo.php?fbid=887308288677569&set=a.560986126238205&type=3","No photo description available.","887308212010910","photo","https://www.facebook.com/photo.php?fbid=887308212010910&set=a.560986126238205&type=3","100069804660667","One PH","https://scontent-iad3-2.xx.fbcdn.net/v/t39.30808-1/352501237_782570273579321_6360131420091538342_n.png?stp=cp0_dst-png&cstp=mx1638x1638&ctp=s40x40&_nc_cat=1&ccb=1-7&_nc_sid=2d3e12&_nc_ohc=l9ABQ7r1D0AQ7kNvwHhiNrH&_nc_oc=AdpxSbzPXkVBUG8ag3Yjdm8HWZyACi160DZWmdO4ouz0BI4s_pdbamoaehnwI0thtQI&_nc_zt=24&_nc_ht=scontent-iad3-2.xx&_nc_gid=YwZ_8BU7E6WsXGhPJyTiwA&_nc_ss=7c2a8&oh=00_AQBA13pBW0CSyPAVkewsmaF0GLKY4kdLasWOl2_008aMYA&oe=6A5FB96E","https://www.facebook.com/OnePHonCignal","163","887308362010895","LOOK | Lubog pa rin sa baha ang ilang barangay sa Milaor, Camarines Sur matapos masalanta ng bagyong #RollyPH. 

📷 Philippine Star",,"1","2728","34","2589","67","18","5437","523","1604309062000","https://www.facebook.com/OnePHonCignal/posts/pfbid02wATzngMvRhJVmx8tgMoKDGLgQDeRXdHTfD5KCdiVeRJP8yb5HMAisLoL4wxTKEv4l"
"No photo description available.","1627225797476889","photo","https://www.facebook.com/photo.php?fbid=1627225797476889&set=a.225352872960467&type=3","No photo description available.","1627225814143554","photo","https://www.facebook.com/photo.php?fbid=1627225814143554&set=a.225352872960467&type=3","No photo description available.","1627225850810217","photo","https://www.facebook.com/photo.php?fbid=1627225850810217&set=a.225352872960467&type=3",,,,,,,,,"100064572676856","Radyo Pilipinas","https://scontent-iad3-2.xx.fbcdn.net/v/t39.30808-1/472338136_1072438948251851_5903027363962695168_n.jpg?stp=cp0_dst-jpg_tt6&cstp=mx1080x1080&ctp=s40x40&_nc_cat=1&ccb=1-7&_nc_sid=2d3e12&_nc_ohc=yPkD3I_xwpcQ7kNvwEIhwGL&_nc_oc=AdphBeQ-xjTXZ3BA9nI0KWYoEA3VQal04i3XBsDARoxcyMhfGzAasDrc9QMGlUQa3yg&_nc_zt=24&_nc_ht=scontent-iad3-2.xx&_nc_gid=YwZ_8BU7E6WsXGhPJyTiwA&_nc_ss=7c2a8&oh=00_AQB5G4r7SwDWeTIR1K3XJVOGkRrCt8GNox71G5tDYy-I8Q&oe=6A5FA4C0","https://www.facebook.com/RadyoPilipinas","15","1627226080810194","TINGNAN | Nasirang bahay at mataaa na tubig-baha sa Brgy Cadlit, Buenavista Quezon dahil sa bagyong #RollyPH. | via Mae Formaran | RP1 Lucena

Photos: Dennis Dy Parraba",,,"191","1","121","4",,"317","26","1604206487000","https://www.facebook.com/RadyoPilipinas/posts/pfbid02pTTeg1doQwTBNNA1NT9k3Mcmxj2xAVnZZevnqFjA9p58xsvQ9edaV3UFdvpUurovl"
"No photo description available.","5347552418603461","photo","https://www.facebook.com/photo.php?fbid=5347552418603461&set=a.600474168787982&type=3","No photo description available.","5347552411936795","photo","https://www.facebook.com/photo.php?fbid=5347552411936795&set=a.600474168787982&type=3","No photo description available.","5347552421936794","photo","https://www.facebook.com/photo.php?fbid=5347552421936794&set=a.600474168787982&type=3","No photo description available.","5347552501936786","photo","https://www.facebook.com/photo.php?fbid=5347552501936786&set=a.600474168787982&type=3",,,,,"100064762115861","UNTV News and Rescue","https://scontent-iad3-2.xx.fbcdn.net/v/t39.30808-1/339057996_229585659732134_7363939708771708088_n.jpg?stp=cp0_dst-jpg_tt6&cstp=mx600x600&ctp=s40x40&_nc_cat=1&ccb=1-7&_nc_sid=2d3e12&_nc_ohc=2-4kWekjZ00Q7kNvwGavGzV&_nc_oc=AdrQc_OgVPE3auOgYxQ_mOzJad829m1-B2Mw0COdgA7apCh80UA_sSoag7eIz4BkS-Y&_nc_zt=24&_nc_ht=scontent-iad3-2.xx&_nc_gid=YwZ_8BU7E6WsXGhPJyTiwA&_nc_ss=7c2a8&oh=00_AQB1QQSH9IAAu5f9hIuWnixwz038RDF-plqTvkpn5Rf0cg&oe=6A5FB30B","https://www.facebook.com/UNTVNewsRescue","214","5347552858603417","TINGNAN: Halos umabot sa bubong ng mga bahay ang iniwang baha ng bagyong #RollyPH sa Oas, Albay. 

📸 Fhiljun Rafallo",,"4","2035","22","2390","64","40","4555","1124","1604209888000","https://www.facebook.com/UNTVNewsRescue/posts/pfbid02w75fMdc1VJDFToKJEMqsM53YRCJY5pWHKiCmSZCR5k8yVk73e7CE2cL6PAGUCrH2l"
,"356083692140992","video",,,,,,,,,,,,,,,,,,"100057310035159","Zyrhil Wertzner","https://scontent-iad3-1.xx.fbcdn.net/v/t39.30808-1/499887381_1205073534746303_7478178146644227290_n.jpg?stp=cp0_dst-jpg_tt6&cstp=mx1660x1660&ctp=s40x40&_nc_cat=108&ccb=1-7&_nc_sid=2d3e12&_nc_ohc=yVktyndj_JwQ7kNvwHwArgW&_nc_oc=AdoowASD63O8t0fUz4SF_uf1jyyv0KPavTdatGNsumSDP6nKMhiE8fxSd6KV0WPk2i4&_nc_zt=24&_nc_ht=scontent-iad3-1.xx&_nc_gid=YwZ_8BU7E6WsXGhPJyTiwA&_nc_ss=7c2a8&oh=00_AQBbkZH7bLWzAlHwpweYF7CRyXpnzv2_igsz9tQ7c9seFQ&oe=6A5FAACE","https://www.facebook.com/zyrhilwertzner","2","359011258766423","Panoorin:

Naputol ang tulay na komokonekta sa Binitayan at Kilicao, Daraga, Albay dahil sa rumaragasang baha

Video ni Jeff Malejana Rabulan

Typhoon Rolly Phil.",,,"42",,"59",,"2","103","65","1604215559000","https://www.facebook.com/zyrhilwertzner/videos/356083692140992/"
"No photo description available.","5351704224854947","photo","https://www.facebook.com/photo.php?fbid=5351704224854947&set=a.600474168787982&type=3","No photo description available.","5351704241521612","photo","https://www.facebook.com/photo.php?fbid=5351704241521612&set=a.600474168787982&type=3","No photo description available.","5351704228188280","photo","https://www.facebook.com/photo.php?fbid=5351704228188280&set=a.600474168787982&type=3",,,,,,,,,"100064762115861","UNTV News and Rescue","https://scontent-iad3-2.xx.fbcdn.net/v/t39.30808-1/339057996_229585659732134_7363939708771708088_n.jpg?stp=cp0_dst-jpg_tt6&cstp=mx600x600&ctp=s40x40&_nc_cat=1&ccb=1-7&_nc_sid=2d3e12&_nc_ohc=2-4kWekjZ00Q7kNvwGavGzV&_nc_oc=AdrQc_OgVPE3auOgYxQ_mOzJad829m1-B2Mw0COdgA7apCh80UA_sSoag7eIz4BkS-Y&_nc_zt=24&_nc_ht=scontent-iad3-2.xx&_nc_gid=YwZ_8BU7E6WsXGhPJyTiwA&_nc_ss=7c2a8&oh=00_AQB1QQSH9IAAu5f9hIuWnixwz038RDF-plqTvkpn5Rf0cg&oe=6A5FB30B","https://www.facebook.com/UNTVNewsRescue","28","5351705021521534","TINGNAN: Lubog pa rin sa baha ang ilang bahagi ng bayan ng Oas, Albay, isang araw matapos ang pananalasa ng bagyong #RollyPH sa probinsya. 

Photo Courtesy: Gov. Al Francis Bichara FB",,,"1092","16","504","23","6","1641","215","1604285780000","https://www.facebook.com/UNTVNewsRescue/posts/pfbid07DsLfmxJe5LKppbQ3q7BwnYMz2y4EAd9eGFMt9JscQb7sTdXWCzX5h8MfP3HG5W5l"
"No photo description available.","4021779621216011","photo","https://www.facebook.com/photo.php?fbid=4021779621216011&set=a.188831410030803&type=3","No photo description available.","4021779614549345","photo","https://www.facebook.com/photo.php?fbid=4021779614549345&set=a.188831410030803&type=3","No photo description available.","4021779617882678","photo","https://www.facebook.com/photo.php?fbid=4021779617882678&set=a.188831410030803&type=3","No photo description available.","4021779724549334","photo","https://www.facebook.com/photo.php?fbid=4021779724549334&set=a.188831410030803&type=3","No photo description available.","4021779704549336","photo","https://www.facebook.com/photo.php?fbid=4021779704549336&set=a.188831410030803&type=3","100067118364824","PTV","https://scontent-iad3-2.xx.fbcdn.net/v/t39.30808-1/469778811_1010174501229819_6318900398083369956_n.jpg?stp=cp0_dst-jpg_tt6&cstp=mx768x768&ctp=s40x40&_nc_cat=1&ccb=1-7&_nc_sid=2d3e12&_nc_ohc=FaGq-qwGxNAQ7kNvwGYb9O9&_nc_oc=Ado6rVsXYTo5M7Pt97Y3zPDWMZtPLJ2sJoIZr5Lr7f_RT1nV7Tri_uR86HBkACc9r0Q&_nc_zt=24&_nc_ht=scontent-iad3-2.xx&_nc_gid=YwZ_8BU7E6WsXGhPJyTiwA&_nc_ss=7c2a8&oh=00_AQBzxgscf-PMO1aYQr0xF7ryLrWS5SMkXX7DX33xTQqAPw&oe=6A5F9625","https://www.facebook.com/PTVph","272","4021780037882636","𝐓𝐈𝐍𝐆𝐍𝐀𝐍: Matapos humupa ng baha sa Batangas City dulot ng bagyong #RollyPH, nag-iwan naman ito ng makapal na putik sa kalsada at loob ng bahay ng mga residente. 

Abala naman ang mga residente sa paglilinis at tumutulong din ang Bureau of Fire Protection upang tanggalin ang naiwang putik. | via Louisa Erispe",,,"2143","23","876","31","20","3093","210","1604303070000","https://www.facebook.com/PTVph/posts/pfbid02j9GYxr8hiSsWBNvgZxDbNKRHRoebZx2D6ph974KM1AXaG96jGv1cFyqJGMSmbELkl"
"No photo description available.","10158947938160168","photo","https://www.facebook.com/photo/?fbid=10158947938160168&set=a.650104283831498",,,,,,,,,,,,,,,,,"100064957951102","ABS-CBN News","https://scontent-iad3-2.xx.fbcdn.net/v/t39.30808-1/612193561_1385784586930127_8766501501849307524_n.jpg?stp=cp0_dst-jpg_tt6&cstp=mx513x511&ctp=s40x40&_nc_cat=1&ccb=1-7&_nc_sid=2d3e12&_nc_ohc=jjMlUL_Ip04Q7kNvwEk60m5&_nc_oc=AdoAE3CyuykMvw1toGpOHANyY21RajbqXJroVXXnCVqGVyDDfbN0eQo4i-8MM0woA5I&_nc_zt=24&_nc_ht=scontent-iad3-2.xx&_nc_gid=YwZ_8BU7E6WsXGhPJyTiwA&_nc_ss=7c2a8&oh=00_AQC9-hIFRm-l2jUJ8FzWStn8-owQiHXDOZWeUGj6jpixiA&oe=6A5F9E5C","https://www.facebook.com/abscbnNEWS","12","10158947938365168","Abot leeg ang baha sa Barangay Pallocan West sa Batangas City, partikular na sa Tierra Verde Subdivision matapos manalasa doon ang Bagyong #RollyPH.

Naligtas doon ang hindi bababa sa 60 residente, ayon sa Philippine Red Cross. Basahin: https://bit.ly/326ywzM",,,"146","2","141","5","3","297","29","1604283600000","https://www.facebook.com/abscbnNEWS/posts/pfbid0s4PZBKaVrWDYA3aFAvhD5CtFibhYyQrhXRdK59CbW6TboMMgGQFx5Fd3fnpzGeAbl"
,"666262110747989","video",,,,,,,,,,,,,,,,,,"100068003355966","FYT","https://scontent-iad3-1.xx.fbcdn.net/v/t39.30808-1/419128126_706522048291234_5052163829149625894_n.jpg?stp=cp0_dst-jpg_tt6&cstp=mx2048x2048&ctp=s40x40&_nc_cat=101&ccb=1-7&_nc_sid=2d3e12&_nc_ohc=kyVi_k6VxH0Q7kNvwHYJlMQ&_nc_oc=Adqz_8jXVKckbTqhITZPOm_VHPShQWhcy8FsBF7JM0CaSy3BbFdBvBw-M-5md5NslPQ&_nc_zt=24&_nc_ht=scontent-iad3-1.xx&_nc_gid=9wHWrsAHBhp5nlMWjI_2zw&_nc_ss=7c2a8&oh=00_AQDzvXXCNEo_IFzc7WO5utzwxcmahth3V5EbzraKmWW8rA&oe=6A5FAE3A","https://www.facebook.com/fyt.ph","3","1363888243955460","WATCH: Rumaragasang baha ang nakunan ng Facebook user na si Loren Jay Miraran sa kanilang lugar sa Barangay Ilawod, Camalig, Albay dulot ng Super Typhoon #RollyPH kaninang umaga, November 1.

Ramdam ang hagupit ng pinakamalakas na bagyo ng taon sa iba't-ibang parte ng probinsya ng Albay sa Bicol. Malapit sa mata ng bagyo ang Albay sa pagitan ng alas-5 hanggang alas-8 kaninang umaga. Sa bayan ng Tiwi nangyari ang ikalawang pag-landfall ng bagyo mga 7:20 nang umaga.

Report ni Khim Ann Gabuco
Kuha ni Loren Jay Miraran",,,"39","1","96",,"14","150","59","1604221281000","https://www.facebook.com/fyt.ph/videos/666262110747989/"
"No photo description available.","2726172320927793","photo","https://www.facebook.com/photo.php?fbid=2726172320927793&set=a.637666555076435&type=3","No photo description available.","2726172350927790","photo","https://www.facebook.com/photo.php?fbid=2726172350927790&set=a.637666555076435&type=3","No photo description available.","2726172400927785","photo","https://www.facebook.com/photo.php?fbid=2726172400927785&set=a.637666555076435&type=3","No photo description available.","2726172434261115","photo","https://www.facebook.com/photo.php?fbid=2726172434261115&set=a.637666555076435&type=3",,,,,"100064992870078","Daily Tribune","https://scontent-iad3-2.xx.fbcdn.net/v/t39.30808-1/481982248_1027766186066468_4662468094189669093_n.jpg?stp=cp0_dst-jpg_tt6&cstp=mx963x963&ctp=s40x40&_nc_cat=1&ccb=1-7&_nc_sid=2d3e12&_nc_ohc=Oc4gfqBj4lQQ7kNvwEUqpmQ&_nc_oc=AdoIgZWay9BFylN1pYAJ5dcqc2T38TTe3yWkOXjiu4BK6qM2UaPpEvY7R73rX8tL_P4&_nc_zt=24&_nc_ht=scontent-iad3-2.xx&_nc_gid=9wHWrsAHBhp5nlMWjI_2zw&_nc_ss=7c2a8&oh=00_AQCtO0_9K3sEZqHQDjDugqDL_AuzRN5fx2W_8mDSKhxf1Q&oe=6A5FB32E","https://www.facebook.com/tribunephl","21","2726177047593987","NETFLIX AND CHILL 😌

Nagtampisaw ang netizen na si Victor Tadia sa tubig sa loob ng kanilang bahay sa Batangas City matapos itong pasukin ng baha dahil sa walang humpay na pag-ulan dala ng bagyong #RollyPH. | 📷: Victor Jose Tadia/Gino Lontoc",,"99","44","4",,"3","2","152","39","1604292652000","https://www.facebook.com/tribunephl/posts/pfbid02gCFDVUDdtb52eJzyJiA29yu8BV3n6vj1WeueL3B7NMHuxegY9Baz76t5VUUFdQNGl"
,,,,,,,,,,,,,,,,,,,,"100064957951102","ABS-CBN News","https://scontent-iad3-2.xx.fbcdn.net/v/t39.30808-1/612193561_1385784586930127_8766501501849307524_n.jpg?stp=cp0_dst-jpg_tt6&cstp=mx513x511&ctp=s40x40&_nc_cat=1&ccb=1-7&_nc_sid=2d3e12&_nc_ohc=jjMlUL_Ip04Q7kNvwEk60m5&_nc_oc=AdoAE3CyuykMvw1toGpOHANyY21RajbqXJroVXXnCVqGVyDDfbN0eQo4i-8MM0woA5I&_nc_zt=24&_nc_ht=scontent-iad3-2.xx&_nc_gid=9wHWrsAHBhp5nlMWjI_2zw&_nc_ss=7c2a8&oh=00_AQCf_dVengOdUVOAlI6d_A6hXrA38dtYsuuABF6LX5s9cw&oe=6A5F9E5C","https://www.facebook.com/abscbnNEWS","31","10158074413969620","TINGNAN: Umabot sa 8 talampakan ang pinakamataas na nibel ng baha sa ilang lugar sa Brgy. San Agustin sa Candaba, Pampanga. Naiulat din ang pag-apaw ng Pampanga River sa bahaging ito ng Candaba.",,,"238","2","146","11","3","400","25","1604241011000","https://www.facebook.com/DZMMRadyo630/posts/pfbid02wiuFUsWz9t4xuMFYTLZMYsRqfrc1xpV4aSxyKMaiTXVnCNubCa25poqUKNSfixmkl"
,,,,,,,,,,,,,,,,,,,,"100044166202847","GMA Public Affairs","https://scontent-iad3-2.xx.fbcdn.net/v/t39.30808-1/376885946_912466956902169_1886388560392625402_n.jpg?stp=cp0_dst-jpg_tt6&cstp=mx484x484&ctp=s40x40&_nc_cat=1&ccb=1-7&_nc_sid=2d3e12&_nc_ohc=U0QjaWhxGrMQ7kNvwHjJDIU&_nc_oc=Adp6weCZojKTsBfimDnWs25XAWy15us4OYFAA86kWZnvHD6E_EdbTzJ2n46uk0zsg5M&_nc_zt=24&_nc_ht=scontent-iad3-2.xx&_nc_gid=9wHWrsAHBhp5nlMWjI_2zw&_nc_ss=7c2a8&oh=00_AQBxouHhH8jkEFN9NsjoK_Rek35Ci5nEpgJgPxmn-AWRWA&oe=6A5FA87D","https://www.facebook.com/gmapublicaffairs","73","10159408796341977","LUBOG SA BAHA, SIRA-SIRA ANG MGA BUBONG

LOOK: Matapos ang matinding pag-ulan sa San Roque Poblacion, Camarines Sur, iniwan ng Bagyong #RollyPH ang lugar na lubog sa baha at sira-sira ang mga bubong. 

Ibinaba na sa Signal No. 4 ang tropical cyclone wind signal sa lalawigan, pero pinaaalalahanan pa rin ang mga residente na mag-ingat. 

📸: Rowena Chua

Para sa iba pang mga balita, tumungo sa gmanews.tv.","1","4","1291","14","1646","39","6","3001","105","1604224841000","https://www.facebook.com/gmanews/posts/pfbid02Hmt5sYEFdeT7bJEB6W4cZdEbyLRoDZT3hFmPHeEigQeyUUiMmYd3Hg4haYFWKskvl"
"No photo description available.","885692035505861","photo","https://www.facebook.com/photo.php?fbid=885692035505861&set=a.560986126238205&type=3","No photo description available.","885692042172527","photo","https://www.facebook.com/photo.php?fbid=885692042172527&set=a.560986126238205&type=3","No photo description available.","885692055505859","photo","https://www.facebook.com/photo.php?fbid=885692055505859&set=a.560986126238205&type=3","No photo description available.","885692058839192","photo","https://www.facebook.com/photo.php?fbid=885692058839192&set=a.560986126238205&type=3",,,,,"100069804660667","One PH","https://scontent-iad3-2.xx.fbcdn.net/v/t39.30808-1/352501237_782570273579321_6360131420091538342_n.png?stp=cp0_dst-png&cstp=mx1638x1638&ctp=s40x40&_nc_cat=1&ccb=1-7&_nc_sid=2d3e12&_nc_ohc=l9ABQ7r1D0AQ7kNvwHhiNrH&_nc_oc=AdpxSbzPXkVBUG8ag3Yjdm8HWZyACi160DZWmdO4ouz0BI4s_pdbamoaehnwI0thtQI&_nc_zt=24&_nc_ht=scontent-iad3-2.xx&_nc_gid=9wHWrsAHBhp5nlMWjI_2zw&_nc_ss=7c2a8&oh=00_AQDqKCr3mCjSoU9RSa66AhCQk9MjwxqfYyTW5Txngnd22Q&oe=6A5FB96E","https://www.facebook.com/OnePHonCignal","1111","885692128839185","Baha sa Poblacion, Lupi sa Camarines Sur dulot ng Bagyong #RollyPH.

📷 Gov Migz Villafuerte","6","10","4759","64","4993","122","46","10000","1949","1604197965000","https://www.facebook.com/OnePHonCignal/posts/pfbid0NFNAtJNvsMVJCvmWeoJU8Vtd3TzLMdveLA3S7qavuKY3NUAkdTi7VgVTB8tsR6hYl"
"No photo description available.","2257543494402392","photo","https://www.facebook.com/photo.php?fbid=2257543494402392&set=a.647063397452197&type=3","No photo description available.","2257543504402391","photo","https://www.facebook.com/photo.php?fbid=2257543504402391&set=a.647063397452197&type=3",,,,,,,,,,,,,"100064456281701","News5","https://scontent-iad3-2.xx.fbcdn.net/v/t39.30808-1/352531091_590012623265943_7503745415624331533_n.png?stp=cp0_dst-png&cstp=mx719x719&ctp=s40x40&_nc_cat=1&ccb=1-7&_nc_sid=2d3e12&_nc_ohc=VZI5zKGnILYQ7kNvwE6CjAd&_nc_oc=AdqbJ7t5nKR3v_dNUMOruAMRNBzCJ88Jhhwy-64xwbE-Iz_e2HjeTAAtb14tb8JpoDM&_nc_zt=24&_nc_ht=scontent-iad3-2.xx&_nc_gid=9wHWrsAHBhp5nlMWjI_2zw&_nc_ss=7c2a8&oh=00_AQCSAUGXKxd022FhYQpKbkGYqqy9UuyseVjuPyx1DIxuxA&oe=6A5FAECF","https://www.facebook.com/News5Everywhere","298","2257543554402386","Nalubog sa baha ang jeep na ito sa Tierra Verde Subdivision sa Batangas City matapos ang malakas na hangin at ulan na idinulot ng Bagyong #RollyPH. | via Gary de Leon",,"1","209","8","144",,"7","369","30","1604274300000","https://www.facebook.com/News5Everywhere/posts/pfbid028uwQPnSriyHLSSmwX4PrtsPyGKgGRbfBDAFGbr1wAVnaUHZQ4E3KtYzgtDGXYRsQl"
,"857698145041759","video",,,,,,,,,,,,,,,,,,"100064880100195","105.9 True FM","https://scontent-iad3-2.xx.fbcdn.net/v/t39.30808-1/687068920_1468928228613167_3020404237122633300_n.jpg?stp=c150.150.500.500a_cp0_dst-jpg_tt6&cstp=mx500x500&ctp=s40x40&_nc_cat=1&ccb=1-7&_nc_sid=2d3e12&_nc_ohc=vDA4YQgBAIMQ7kNvwFrpusU&_nc_oc=AdoEJysHt3kajaxJFm9HW17Ah22bX5r-kemvmG7LAxMLh8EIaQxkV9eZszANDVirsdM&_nc_zt=24&_nc_ht=scontent-iad3-2.xx&_nc_gid=f2a2zWJzhE7veNfRUMWUNA&_nc_ss=7c2a8&oh=00_AQB7re2ymcyZEkGohQXzhFYEWW85HH9zwBRecb7diPMBbQ&oe=6A5FBA26","https://www.facebook.com/TrueNetworkPH","5","3488075544563643","#FrontlinePilipinas | Nalubog sa baha at putik ang mga tirahan sa Tierra Verde Subdivision sa Batangas City matapos umapaw ang katabing creek. | via Gary de Leon

For more latest stories, visit us at www.news5.com.ph",,,"90","2","25","3",,"120","15","1604324458000","https://www.facebook.com/TrueNetworkPH/videos/857698145041759/"
,,,,,,,,,,,,,,,,,,,,"100044166202847","GMA Public Affairs","https://scontent-iad3-2.xx.fbcdn.net/v/t39.30808-1/376885946_912466956902169_1886388560392625402_n.jpg?stp=cp0_dst-jpg_tt6&cstp=mx484x484&ctp=s40x40&_nc_cat=1&ccb=1-7&_nc_sid=2d3e12&_nc_ohc=U0QjaWhxGrMQ7kNvwHjJDIU&_nc_oc=Adp6weCZojKTsBfimDnWs25XAWy15us4OYFAA86kWZnvHD6E_EdbTzJ2n46uk0zsg5M&_nc_zt=24&_nc_ht=scontent-iad3-2.xx&_nc_gid=f2a2zWJzhE7veNfRUMWUNA&_nc_ss=7c2a8&oh=00_AQDitVHLkAi5TF3Ff2dQNSFFKhwxLzfgWD__2ZgKWtSnhQ&oe=6A5FA87D","https://www.facebook.com/gmapublicaffairs","18","185933179680285","LOOK: Ito ang sitwasyon kaninang 11AM sa bayan ng San Andres sa Quezon province. Rumaragasa ang baha na may kasamang putik dahil sa pananalasa ng bagyong Rolly.  

Courtesy: Jancy Sierra",,"1","366","1","381","3","4","756","115","1604213798000","https://www.facebook.com/DigiDokyu/posts/pfbid0293aoByH5iFL2BsiixznznhCMN4gNpjTHsiZ1YYnau2oamLMj9oHvHk46X7nAMTVvl"
"No photo description available.","359460238721525","photo","https://www.facebook.com/photo.php?fbid=359460238721525&set=a.774858794434448&type=3","No photo description available.","359460275388188","photo","https://www.facebook.com/photo.php?fbid=359460275388188&set=a.774858794434448&type=3","No photo description available.","359460335388182","photo","https://www.facebook.com/photo.php?fbid=359460335388182&set=a.774858794434448&type=3","No photo description available.","359460375388178","photo","https://www.facebook.com/photo.php?fbid=359460375388178&set=a.774858794434448&type=3","No photo description available.","359460408721508","photo","https://www.facebook.com/photo.php?fbid=359460408721508&set=a.774858794434448&type=3","100057310035159","Zyrhil Wertzner","https://scontent-iad3-1.xx.fbcdn.net/v/t39.30808-1/499887381_1205073534746303_7478178146644227290_n.jpg?stp=cp0_dst-jpg_tt6&cstp=mx1660x1660&ctp=s40x40&_nc_cat=108&ccb=1-7&_nc_sid=2d3e12&_nc_ohc=yVktyndj_JwQ7kNvwHwArgW&_nc_oc=AdoowASD63O8t0fUz4SF_uf1jyyv0KPavTdatGNsumSDP6nKMhiE8fxSd6KV0WPk2i4&_nc_zt=24&_nc_ht=scontent-iad3-1.xx&_nc_gid=f2a2zWJzhE7veNfRUMWUNA&_nc_ss=7c2a8&oh=00_AQAIZkwOr--l-6II9FW23YSnyniuUvZo6cXORxNsAeOd6w&oe=6A5FAACE","https://www.facebook.com/zyrhilwertzner","0","359460522054830","11 am kahapon sa San Andres Quezon Province rumagasa ang baha na May kasamang putik na dala ng supertyphoon Rolly....

📹📷 Jancy Sierra",,,"38","1","49",,,"88","15","1604259464000","https://www.facebook.com/zyrhilwertzner/posts/pfbid0F8zHR2VwLzm6cCGbevvYf5tzSC3CL2MJWEYT29a93VL2qBMmpgHtidrLYHAwF7bNl"
"No photo description available.","1207346342980630","photo","https://www.facebook.com/photo.php?fbid=1207346342980630&set=a.1031320550976207&type=3","No photo description available.","1207346436313954","photo","https://www.facebook.com/photo.php?fbid=1207346436313954&set=a.1031320550976207&type=3","No photo description available.","1207346489647282","photo","https://www.facebook.com/photo.php?fbid=1207346489647282&set=a.1031320550976207&type=3",,,,,,,,,"100022948162728","Philippine Weather System/Pacific Storm Update","https://scontent-iad3-2.xx.fbcdn.net/v/t39.30808-1/474459559_1573927326715524_1412955613317427905_n.jpg?stp=cp0_dst-jpg_tt6&cstp=mx1282x1282&ctp=s40x40&_nc_cat=1&ccb=1-7&_nc_sid=2d3e12&_nc_ohc=B_OhPpHYJPgQ7kNvwFivG1O&_nc_oc=Adq3RJ4CyRjtnoPFZk31PlXqUCZDXF2PjjZhJWHw1T7C8am3Si03eW30pDZJuUBdRIo&_nc_zt=24&_nc_ht=scontent-iad3-2.xx&_nc_gid=f2a2zWJzhE7veNfRUMWUNA&_nc_ss=7c2a8&oh=00_AQDCPHOdGmKYmd-y2hSbowNYYefWmb_l9T7zZoLbdl2sgQ&oe=6A5FACF9","https://www.facebook.com/stormchasersPH","952","1207346516313946","LOOK: Halos malubog na sa baha ang ilang bahay sa Barangay Bariw, Camalig, #Albay dahil sa malakas na ulang dala ng SUPER TYPHOON #RollyPH.

Nananatiling nakataas ang Tropical Cyclone Wind Signal No. 5 sa probinsya, base sa huling update ng PAGASA kaninang 8AM.

📸: Renz Adrian Ronda","7","6","3764","38","6021","117","47","10000","10690","1604197765000","https://www.facebook.com/stormchasersPH/posts/pfbid0gw4H28yTErpPkms1FVQtnJrU2jTe1VgHmi8Zu2d39cTDgeYNDm1adCc8U771UxzNl"
"No photo description available.","194434702141685","photo","https://www.facebook.com/photo.php?fbid=194434702141685&set=a.513810144266420&type=3","No photo description available.","194434725475016","photo","https://www.facebook.com/photo.php?fbid=194434725475016&set=a.513810144266420&type=3","No photo description available.","194434748808347","photo","https://www.facebook.com/photo.php?fbid=194434748808347&set=a.513810144266420&type=3",,,,,,,,,"100069123165867","Manny Pacquiao Public Information","https://scontent-iad6-1.xx.fbcdn.net/v/t39.30808-1/479016370_948716584109105_3407215055120768940_n.jpg?stp=cp0_dst-jpg_tt6&cstp=mx960x960&ctp=s40x40&_nc_cat=100&ccb=1-7&_nc_sid=2d3e12&_nc_ohc=ZJA8wWbEPGoQ7kNvwEtEJ98&_nc_oc=AdpYyTGtuI-B-FOXGCJ_aber4d9bDmybFPD7ceo1uacIlqc0SlQuC7V3T35J-jDOI0M&_nc_zt=24&_nc_ht=scontent-iad6-1.xx&_nc_gid=f2a2zWJzhE7veNfRUMWUNA&_nc_ss=7c2a8&oh=00_AQAL-s-FSgGrgE_e2NbdONKCR0oyPpmXf5WZ8X6D4vQ9vQ&oe=6A5F9505","https://www.facebook.com/MannyPacquiaoPublicInformation","30","194434782141677","Heto ang iniwan ng Bagyong #RollyPH matapos ang matinding pag-ulan sa San Roque Poblacion, Camarines Sur, ang lugar na lubog sa baha at sira-sira ang mga bubong. 

📷 Rowena Chua",,,"205","1","219","4","1","430","21","1604254900000","https://www.facebook.com/MannyPacquiaoPublicInformation/posts/pfbid0RtFTeR8diDxVoTfnEhb8gtvokGZxdXdfDk5WEKDZ7xBUj45MFXBmrnPRVQ3wZVXXl"
"No photo description available.","1025385527984853","photo","https://www.facebook.com/photo.php?fbid=1025385527984853&set=a.617990883678744&type=3","No photo description available.","1025385584651514","photo","https://www.facebook.com/photo.php?fbid=1025385584651514&set=a.617990883678744&type=3","No photo description available.","1025385631318176","photo","https://www.facebook.com/photo.php?fbid=1025385631318176&set=a.617990883678744&type=3","No photo description available.","1025385687984837","photo","https://www.facebook.com/photo.php?fbid=1025385687984837&set=a.617990883678744&type=3",,,,,"100064035127117","DZXL News","https://scontent-iad3-2.xx.fbcdn.net/v/t39.30808-1/595430557_1370050271806131_7771038442742399965_n.jpg?stp=cp0_dst-jpg_tt6&cstp=mx1080x1080&ctp=s40x40&_nc_cat=1&ccb=1-7&_nc_sid=2d3e12&_nc_ohc=26LYgvBMQ28Q7kNvwGPxu9k&_nc_oc=Adr6FGIYshVifgTmdXudadRNpDfB005bJqEkZUEiWywmuBs_O8WwXIriCn1IeU51wRU&_nc_zt=24&_nc_ht=scontent-iad3-2.xx&_nc_gid=Dw9bjmD9fOFe38DLXaRAyw&_nc_ss=7c2a8&oh=00_AQC8xZGUkXIdb60Ug6PR_GWX_BskJFLKOrox75jn7cQ9Ng&oe=6A5FC6E4","https://www.facebook.com/DZXLNews","19","1025385761318163","Baha sa Barangay Busay, Daraga, Albay umabot na hanggang sa bubong dahil sa pananalasa ng Bagyong Rolly. |#DZXL558

📷 Aj Miraflor",,,"91","1","103","2","2","199","113","1604214079000","https://www.facebook.com/DZXLNews/posts/pfbid0Z5ekAFNMnAdCfJRACqpaVj9DkSNKxLfJsRXsPy1RQ7kVGTFdnnCwNk3vUmAbyouel"
"No photo description available.","978377839315480","photo","https://www.facebook.com/photo.php?fbid=978377839315480&set=a.160855573293660&type=3","No photo description available.","978377862648811","photo","https://www.facebook.com/photo.php?fbid=978377862648811&set=a.160855573293660&type=3","No photo description available.","978377852648812","photo","https://www.facebook.com/photo.php?fbid=978377852648812&set=a.160855573293660&type=3","No photo description available.","978377842648813","photo","https://www.facebook.com/photo.php?fbid=978377842648813&set=a.160855573293660&type=3","No photo description available.","978377919315472","photo","https://www.facebook.com/photo.php?fbid=978377919315472&set=a.160855573293660&type=3","100081076534532","Kapamilya Outsider","https://scontent-iad3-2.xx.fbcdn.net/v/t39.30808-1/743744521_1075146668531208_5392776089460797010_n.jpg?stp=cp0_dst-jpg_tt6&cstp=mx960x960&ctp=s40x40&_nc_cat=111&ccb=1-7&_nc_sid=2d3e12&_nc_ohc=a0ZWinyGmTsQ7kNvwEgF_Hn&_nc_oc=Adqzdu9EjZVTSDyIMDn7uU_zYwYIEHfuWV1y4VGi-e0rk9eaKeXkPnzgZqNaetZ4F34&_nc_zt=24&_nc_ht=scontent-iad3-2.xx&_nc_gid=Dw9bjmD9fOFe38DLXaRAyw&_nc_ss=7c2a8&oh=00_AQBvJqZU2ZY5c-yIi-AX1sDaPGl38_BW9Fj3gjdQMVv56Q&oe=6A5F9A9A","https://www.facebook.com/kapamilyaoutsider","4","978378002648797","via ABS-CBN News

Umabot hanggang bubong ang baha sa Brgy Busay sa Daraga, Albay na dulot ng pananalasa ng typhoon #RollyPH ngayong Linggo. Sa kuha ni AJ Miraflor kanina alas-9 ng umaga, rumaragasang tubig at abot bubong na baha ang naranasan ng mga residente malapit sa Cagsawa Ruins. 

Ang ibang bahay at tindahan naman ay lumubog sa buhangin na tinangay dahil din sa bagyong Rolly. | Kuha ni AJ Miraflor

BASAHIN: https://bit.ly/2HT1YlN",,,"47",,"64","2",,"113","16","1604212593000","https://www.facebook.com/kapamilyaoutsider/posts/pfbid02U6u6ZAx5jkDGN4RszqJdz4QGY3HwgYnK7GZSkegkkBwrNq7NGDzieNMXjbgJTXn9l"
"No photo description available.","194297648822057","photo","https://www.facebook.com/photo.php?fbid=194297648822057&set=a.513810144266420&type=3","No photo description available.","194297672155388","photo","https://www.facebook.com/photo.php?fbid=194297672155388&set=a.513810144266420&type=3",,,,,,,,,,,,,"100069123165867","Manny Pacquiao Public Information","https://scontent-iad6-1.xx.fbcdn.net/v/t39.30808-1/479016370_948716584109105_3407215055120768940_n.jpg?stp=cp0_dst-jpg_tt6&cstp=mx960x960&ctp=s40x40&_nc_cat=100&ccb=1-7&_nc_sid=2d3e12&_nc_ohc=ZJA8wWbEPGoQ7kNvwEtEJ98&_nc_oc=AdpYyTGtuI-B-FOXGCJ_aber4d9bDmybFPD7ceo1uacIlqc0SlQuC7V3T35J-jDOI0M&_nc_zt=24&_nc_ht=scontent-iad6-1.xx&_nc_gid=Dw9bjmD9fOFe38DLXaRAyw&_nc_ss=7c2a8&oh=00_AQA7n0U3cHFKlS7ozoiQikTWIuoz24AGBQVEvOWDoSwykQ&oe=6A5F9505","https://www.facebook.com/MannyPacquiaoPublicInformation","70","194297702155385","TINGNAN: Baha sa Brgy Magurang, Polangui, Albay dakong 11:23 nitong umaga, Sunday, November 1 dulot ng Super Typhoon #RollyPH. 

📷:Jhem Retumban","1",,"431","4","718","11","14","1179","219","1604205281000","https://www.facebook.com/MannyPacquiaoPublicInformation/posts/pfbid02naFSS7G5CtKBcuLEtqYoJ2bdPwzsVXr6mUySwKnv9Jh36zq27B3GqFvrXJ8TN1Xwl"
,,,,,,,,,,,,,,,,,,,,"100044453558854","Story of Anthony","https://scontent-iad6-1.xx.fbcdn.net/v/t39.30808-1/660123084_1488700655955039_3172849736198038780_n.jpg?stp=cp0_dst-jpg_tt6&cstp=mx2048x2048&ctp=s40x40&_nc_cat=100&ccb=1-7&_nc_sid=2d3e12&_nc_ohc=IeKkWyqn1h4Q7kNvwGo_aQH&_nc_oc=AdpTl7fX1nZNZiyNqVPeBIE3AlnhWdYDlos_SiweMBa0ev7OuzS_-WTyx2nW-EY6veM&_nc_zt=24&_nc_ht=scontent-iad6-1.xx&_nc_gid=Dw9bjmD9fOFe38DLXaRAyw&_nc_ss=7c2a8&oh=00_AQC9iLTSOFs4lJhaeVb9JgqURcIstlh-KaSQFdY9aUE6VQ&oe=6A5FA191","https://www.facebook.com/TheStoryofAnthony","14","1663542880491691","Grabe ung baha na ginawa ng bagyong rolly. Nakaka kilabot ang ganito db?

PLEASE PRAY FOR THE PHILIPPINES","1",,"179","6","315","5","1","507","31","1604234641000","https://www.facebook.com/philippinetrendsandnews9/posts/pfbid0Susx6JrgSTqPYvsvGCwBy51QTVk2NsabfNTwTa4CXkURPfzKK4tTEHGdx7A5nEkzl"
"No photo description available.","162411268866155","photo","https://www.facebook.com/photo.php?fbid=162411268866155&set=a.506040504678498&type=3","No photo description available.","162411292199486","photo","https://www.facebook.com/photo.php?fbid=162411292199486&set=a.506040504678498&type=3","No photo description available.","162411322199483","photo","https://www.facebook.com/photo.php?fbid=162411322199483&set=a.506040504678498&type=3","No photo description available.","162411342199481","photo","https://www.facebook.com/photo.php?fbid=162411342199481&set=a.506040504678498&type=3",,,,,"100058176575207","Kapamilya Updates","https://scontent-iad6-1.xx.fbcdn.net/v/t39.30808-1/488718212_1059849652630911_5261221946317585158_n.jpg?stp=cp0_dst-jpg_tt6&cstp=mx1024x1024&ctp=s40x40&_nc_cat=102&ccb=1-7&_nc_sid=2d3e12&_nc_ohc=g_mQVZoOkgYQ7kNvwEnJcNw&_nc_oc=AdrXLk48Y_FtMpI9yu6CTV4j7VMFbAGkIBgOj_ptd78JriW5PtvIK3FxpSeBVu_tJzk&_nc_zt=24&_nc_ht=scontent-iad6-1.xx&_nc_gid=Dw9bjmD9fOFe38DLXaRAyw&_nc_ss=7c2a8&oh=00_AQB0VkmSgLPLg9_g88rSQbjjJgnKnFLLizVb03VLmbDUGA&oe=6A5FC228","https://www.facebook.com/KapUpdates","3","162411372199478","Tingnan: Baha at mga sirang bahay ang iniwan ng bagyong #RollyPH sa Brgy. Salvacion-Baybay, Calabanga, Camarines Sur.

Sa mga kuhang litrato ni Bayan Patroller Marlon Delfino, makikita ang mga sira-sirang bahay sa kanilang Brgy. nilipad ang mga dingding at yero ng ilang bahay.

Hanggang tuhod din ang baha sa ilang lugar.

Via: ABS-CBN",,,"55",,"81",,"3","139","62","1604232186000","https://www.facebook.com/KapUpdates/posts/pfbid02ckHM1cwPtHFSAY7k5sDE4VR3TJKU6s7Ne8rsZzbWVWkDw47A4MGrASgACvD5BwN6l"
"No photo description available.","142062380952945","photo","https://www.facebook.com/photo.php?fbid=142062380952945&set=a.151895886937492&type=3","No photo description available.","142062390952944","photo","https://www.facebook.com/photo.php?fbid=142062390952944&set=a.151895886937492&type=3","No photo description available.","142062427619607","photo","https://www.facebook.com/photo.php?fbid=142062427619607&set=a.151895886937492&type=3","No photo description available.","142062417619608","photo","https://www.facebook.com/photo.php?fbid=142062417619608&set=a.151895886937492&type=3",,,,,"100063512449228","Mark Makalalad","https://scontent-iad3-2.xx.fbcdn.net/v/t39.30808-1/393578435_825388062921601_2371027180670034649_n.jpg?stp=cp6_dst-jpg_tt6&cstp=mx1054x1054&ctp=s40x40&_nc_cat=105&ccb=1-7&_nc_sid=2d3e12&_nc_ohc=lxiq7MsV8TYQ7kNvwE6W5XH&_nc_oc=Adps6rj_6AQLfATUeeavcutLllHufE3XW-Sbqn_pRxEM664Akkg4kSWCzO9oB69inMg&_nc_zt=24&_nc_ht=scontent-iad3-2.xx&_nc_gid=Dw9bjmD9fOFe38DLXaRAyw&_nc_ss=7c2a8&oh=00_AQA9S1cLNEtczkc14oH0DVu6s3P-pPQ2UtvvaZlHhfoGNg&oe=6A5FC952","https://www.facebook.com/profile.php?id=100063512449228","1","142062457619604","TINGNAN: Ilang mga bahay sa Brgy. Mabolo sa Naga City, lubog pa rin sa baha; Mga residente, maagang naglinis ng bahay",,,"27",,"38","2",,"67","1","1604268247000","https://www.facebook.com/permalink.php?story_fbid=pfbid0gAPctUvjNuCkL3x3Dnqm6iexUyneuTuz72MirkfVFxCdsR1H4WBagx5KVqAMscszl&id=100063512449228"
"No photo description available.","3395906567143771","photo","https://www.facebook.com/photo/?fbid=3395906567143771&set=a.444350617703384",,,,,,,,,,,,,,,,,"100063853478187","Mga meme na ninakaw ng walang paalam","https://scontent-iad3-2.xx.fbcdn.net/v/t39.30808-1/309371821_444350641036715_6681750613718436010_n.jpg?stp=cp0_dst-jpg_tt6&cstp=mx960x960&ctp=s40x40&_nc_cat=105&ccb=1-7&_nc_sid=2d3e12&_nc_ohc=3NPkS6o9egYQ7kNvwGFyMnc&_nc_oc=Adr4OePBz2l4y2_DiFZip2ho0ZsLEwXAqZwBlCFGcau8RSz03w9YNI7gakvRSgOOWeQ&_nc_zt=24&_nc_ht=scontent-iad3-2.xx&_nc_gid=bpzr6mdw1-2QBl2yHF8vcw&_nc_ss=7c2a8&oh=00_AQDMNKOXsrN88GvJkDpPepKDXCa_BRlyfK1hh_NwBes0TQ&oe=6A5F9624","https://www.facebook.com/gunawnamundo","8","3395907613810333","Baha! 😱",,"116","10",,"2","1",,"129","76","1604313338000","https://www.facebook.com/gunawnamundo/posts/pfbid02YJ7L4WkBDhA7v3wyCwF7KDtdj2fvLvjxYRgBSfCjzuZv6KH3B1vdqj2QH2sdUnTFl"
"No photo description available.","3677438355611665","photo","https://www.facebook.com/photo.php?fbid=3677438355611665&set=a.172241161591526&type=3","No photo description available.","3677438335611667","photo","https://www.facebook.com/photo.php?fbid=3677438335611667&set=a.172241161591526&type=3","No photo description available.","3677438295611671","photo","https://www.facebook.com/photo.php?fbid=3677438295611671&set=a.172241161591526&type=3","No photo description available.","3677438782278289","photo","https://www.facebook.com/photo.php?fbid=3677438782278289&set=a.172241161591526&type=3","No photo description available.","3677438862278281","photo","https://www.facebook.com/photo.php?fbid=3677438862278281&set=a.172241161591526&type=3","100064169283678","La Verdad Correspondents","https://scontent-iad3-2.xx.fbcdn.net/v/t39.30808-1/465660020_8911939895494792_7915497176835006722_n.jpg?stp=cp0_dst-jpg_tt6&cstp=mx2000x2000&ctp=s40x40&_nc_cat=105&ccb=1-7&_nc_sid=2d3e12&_nc_ohc=R0RFSxRB0V0Q7kNvwGzT_r3&_nc_oc=Adrja7I-r2UwJLiRX5F4t6Fpa6nVDO5x0y26rJZYz7x1N_Rsw4jfmL97pZzlFD4Hp9A&_nc_zt=24&_nc_ht=scontent-iad3-2.xx&_nc_gid=bpzr6mdw1-2QBl2yHF8vcw&_nc_ss=7c2a8&oh=00_AQCa1-wRCCYZt2Sryuna4HnVJx-fYJoZXEh0PVz4wNEYsg&oe=6A5F9477","https://www.facebook.com/LaVerdadCorrespondents","0","3677439032278264","Lumubog sa baha ang ilang mga bahay sa Cagsawa Busay, Daraga, Albay matapos ang matinding pananalasa ng bagyong #RollyPH.

via Juvy Jayco-Saplad
Photos: Aj Miraflor",,,"143","2","47","2","1","195","90","1604213528000","https://www.facebook.com/LaVerdadCorrespondents/posts/pfbid029ohnQcYvvwvbXYUYbJMJuBitt8Aa77ovC1rLig7kipLvGcRSwfqJAAKFMYZ1Jy8dl"
,,,,,,,,,,,,,,,,,,,,"100064169283678","La Verdad Correspondents","https://scontent-iad3-2.xx.fbcdn.net/v/t39.30808-1/465660020_8911939895494792_7915497176835006722_n.jpg?stp=cp0_dst-jpg_tt6&cstp=mx2000x2000&ctp=s40x40&_nc_cat=105&ccb=1-7&_nc_sid=2d3e12&_nc_ohc=R0RFSxRB0V0Q7kNvwGzT_r3&_nc_oc=Adrja7I-r2UwJLiRX5F4t6Fpa6nVDO5x0y26rJZYz7x1N_Rsw4jfmL97pZzlFD4Hp9A&_nc_zt=24&_nc_ht=scontent-iad3-2.xx&_nc_gid=bpzr6mdw1-2QBl2yHF8vcw&_nc_ss=7c2a8&oh=00_AQCa1-wRCCYZt2Sryuna4HnVJx-fYJoZXEh0PVz4wNEYsg&oe=6A5F9477","https://www.facebook.com/LaVerdadCorrespondents","1","1129210400807853","Lumubog sa baha ang ilang mga bahay sa Cagsawa Busay, Daraga, Albay matapos ang matinding pananalasa ng bagyong #RollyPH.

via Juvy Jayco-Saplad
www.radyolaverdad.com

Photos: Aj Miraflor",,,"98","1","40","5",,"144","44","1604213584000","https://www.facebook.com/UNTVRadyoLaVerdad/posts/pfbid0jjfuT9QyRVGJ3PDwx7tkpXMCm4rMuCVbyZFHKW4bJjkDL9ZM6bAr91SmEnps23Pul"
"No photo description available.","788833305299770","photo","https://www.facebook.com/photo.php?fbid=788833305299770&set=a.429944662490927&type=3","No photo description available.","788833355299765","photo","https://www.facebook.com/photo.php?fbid=788833355299765&set=a.429944662490927&type=3","No photo description available.","788833401966427","photo","https://www.facebook.com/photo.php?fbid=788833401966427&set=a.429944662490927&type=3","No photo description available.","788833428633091","photo","https://www.facebook.com/photo.php?fbid=788833428633091&set=a.429944662490927&type=3","No photo description available.","788833448633089","photo","https://www.facebook.com/photo.php?fbid=788833448633089&set=a.429944662490927&type=3","100064261890811","IBC Digital","https://scontent-iad6-1.xx.fbcdn.net/v/t39.30808-1/330854951_1162583661122236_5477678289187224846_n.jpg?stp=cp0_dst-jpg_tt6&cstp=mx960x960&ctp=s40x40&_nc_cat=107&ccb=1-7&_nc_sid=2d3e12&_nc_ohc=jMYlra_6jSsQ7kNvwEwQ2IE&_nc_oc=Adr1HhKxcusEfs4xVot5obFBw705EaPBzNpXMit_fA7ebmXe9L5xHXT3ja8064RNkL0&_nc_zt=24&_nc_ht=scontent-iad6-1.xx&_nc_gid=bpzr6mdw1-2QBl2yHF8vcw&_nc_ss=7c2a8&oh=00_AQCn_H5NnkAbvOrY6AkGY7JkLlPCkx7KtrGbNEqUJ9kO2g&oe=6A5F97FE","https://www.facebook.com/IBC13Digital","2","788833481966419","TUTOK PANAHON: Rumaragasang tubig at abot bubong na baha na dulot ng Bagyong #RollyPH ang sinusuong ngayon ng mga taga-Brgy. Busay sa Daraga, Albay.

📸: AJ Miraflor",,,"21",,"38","1",,"60","41","1604219186000","https://www.facebook.com/IBC13Digital/posts/pfbid02wv3Mxn96gmdNm54cPv4AakaBp49g24dggaGu9TXdRfH7xMvxV4VQ9NCKy684Rf4jl"
"No photo description available.","1256031031438310","photo","https://www.facebook.com/photo/?fbid=1256031031438310&set=a.141256985156341",,,,,,,,,,,,,,,,,"100078161190992","Taga Marinduque Ako","https://scontent-iad3-2.xx.fbcdn.net/v/t39.30808-1/588993440_851863737428992_1295586823666948998_n.jpg?stp=cp6_dst-jpg_tt6&cstp=mx1024x1025&ctp=s40x40&_nc_cat=111&ccb=1-7&_nc_sid=2d3e12&_nc_ohc=_xdSNOHxlHQQ7kNvwHop2wO&_nc_oc=AdpTJkg4FpHczgQc43YNU_LRjSa1TzVZlZm7m0j76DllD9LfUoNVzjw6tOgpwnu-IMU&_nc_zt=24&_nc_ht=scontent-iad3-2.xx&_nc_gid=bpzr6mdw1-2QBl2yHF8vcw&_nc_ss=7c2a8&oh=00_AQBN3F8-H7lr7KkcJNbHJ7X_94TuqucxgOYmlG7iOifSBA&oe=6A5F9D8E","https://www.facebook.com/nganibayamandin","4","1256031058104974","Malaki ngani ang baha sa Bitik. Perwisyo yang si Rolly...tsk!",,"39","18",,"1","1",,"59","16","1604294639000","https://www.facebook.com/nganibayamandin/posts/pfbid02pQWdLYFtMAfqoL2M3gitiznR9rMDFZvePiUPGEiHWNxQsuvZQEmuyPEy2x5qirDjl"
"No photo description available.","1130633420665551","photo","https://www.facebook.com/photo.php?fbid=1130633420665551&set=a.250130610456182&type=3","No photo description available.","1130633450665548","photo","https://www.facebook.com/photo.php?fbid=1130633450665548&set=a.250130610456182&type=3",,,,,,,,,,,,,"100063777348815","UNTV Radyo La Verdad","https://scontent-iad6-1.xx.fbcdn.net/v/t39.30808-1/244312189_250130653789511_8249264039490632539_n.png?stp=cp0_dst-png&cstp=mx500x500&ctp=s40x40&_nc_cat=106&ccb=1-7&_nc_sid=2d3e12&_nc_ohc=m4AIy-zbw-0Q7kNvwHK9Jfn&_nc_oc=AdqjjSxMna87Gh6bekGqruoPBGXwNSmob74uSuYze1phXmxL8frBw4QHFqG_tITZ1hI&_nc_zt=24&_nc_ht=scontent-iad6-1.xx&_nc_gid=SyMDblH3GesChrqdUIWdJQ&_nc_ss=7c2a8&oh=00_AQB153uXhCBhSOB3n-GmWib_75uDA49v2LkyltKfnC_ybg&oe=6A5FC216","https://www.facebook.com/UNTVRadyoLaVerdad","0","1130633483998878","Baha sa Busac, Oas, Albay dulot ng bagyong Rolly. Kahapon lang nang tuluyang humupa ang tubig bahang ito. 

www.radyolaverdad.com

📸 Ivy Joy Moratalla",,,"49",,"1",,,"50","10","1604359181000","https://www.facebook.com/UNTVRadyoLaVerdad/posts/pfbid02HT6c2gR1x6harbYY873hDU1LqKbnxm8kU9sYd8zLjb9JcHCubsupVB99ZsRu7rU8l"
"No photo description available.","701778530468695","photo","https://www.facebook.com/photo/?fbid=701778530468695&set=a.445902064212837",,,,,,,,,,,,,,,,,"100063791415957","Rainier Nery Mozo MD, FPCP","https://scontent-iad6-1.xx.fbcdn.net/v/t39.30808-1/292718800_445902090879501_2311275297182577421_n.jpg?stp=cp0_dst-jpg_tt6&cstp=mx960x958&ctp=s40x40&_nc_cat=100&ccb=1-7&_nc_sid=2d3e12&_nc_ohc=wzas709aQC0Q7kNvwFQagjS&_nc_oc=AdoTsY37QA9KdzFl3srcrT72SVtPPFGFXOhrtVNG5ik3NzSOk8ZHhAAVWRN_wxNzlX8&_nc_zt=24&_nc_ht=scontent-iad6-1.xx&_nc_gid=SyMDblH3GesChrqdUIWdJQ&_nc_ss=7c2a8&oh=00_AQACOSWhb-faPsTVlO_x397GNYH9wMeXXtMAC8wBn6E32A&oe=6A5F97CB","https://www.facebook.com/internist.ph","8","701778777135337","Sa mga minamahal kong mga pasyente,

Ingat po sa Daluyong.
Kalma lang po tayo.
Siguraduhin na kumpleto ang mga gamot na iniinum.
Iwas po sa paglusong sa baha.

Please check nyo rin ang mga relatives nyo kung kamusta sila. 
Eto ang panahon para mas ipakita ang pagmamahal at malasakit. 

Ingat po sa tayo Daluyong na ito.

Light🌀Love,
Dr Rain 🌧❤",,,"36","22",,,,"58","0","1604196049000","https://www.facebook.com/internist.ph/posts/pfbid0a2NAwnVStnWnFq1n5kkwQazFN4gC9YD7LzrTMT5aucKKtVx2dWZHgas9mXMXFjifl"
"No photo description available.","394782061932604","photo","https://www.facebook.com/photo.php?fbid=394782061932604&set=a.563487429153642&type=3","No photo description available.","394782125265931","photo","https://www.facebook.com/photo.php?fbid=394782125265931&set=a.563487429153642&type=3","No photo description available.","394782155265928","photo","https://www.facebook.com/photo.php?fbid=394782155265928&set=a.563487429153642&type=3","No photo description available.","394782188599258","photo","https://www.facebook.com/photo.php?fbid=394782188599258&set=a.563487429153642&type=3",,,,,"100064771688154","TAGA BICOL KAMI","https://scontent-iad6-1.xx.fbcdn.net/v/t39.30808-1/242747027_620041789406629_2838381782649243330_n.jpg?stp=cp0_dst-jpg_tt6&cstp=mx765x765&ctp=s40x40&_nc_cat=109&ccb=1-7&_nc_sid=2d3e12&_nc_ohc=ue3maWbf1pAQ7kNvwF0wV_M&_nc_oc=AdqzPad17K1F0ttna6YDZtTLqwdixBvlb5WBmVWsImeuXj0nk7bW3a4mb3m5yTpNcv0&_nc_zt=24&_nc_ht=scontent-iad6-1.xx&_nc_gid=SyMDblH3GesChrqdUIWdJQ&_nc_ss=7c2a8&oh=00_AQAljjW983sN7lQ43rv458WZo4Vk4cw9vw13mppkm7dM2Q&oe=6A5F9792","https://www.facebook.com/tbkfamily.group","26","394782221932588","LOOK!!!

Lagpas tao na ang baha sa Brgy. Bariw, Camalig, Albay dulot ng pananalasa ng Super Typhoon Rolly.

#TyphoonRolly2020
#bicolregion

ctto📸 #BomboRadyoLegazpi

#alexa💚",,,"72","1","127","1",,"201","352","1604200828000","https://www.facebook.com/tbkfamily.group/posts/pfbid02NrrhPi8RKP7gqAyQ9dXHJKcN4g7LHnDimeqc15fjJeXacQmRtxBpBhiRC9qgN8E9l"
"No photo description available.","1129160387479521","photo","https://www.facebook.com/photo.php?fbid=1129160387479521&set=a.250130613789515&type=3","No photo description available.","1129160400812853","photo","https://www.facebook.com/photo.php?fbid=1129160400812853&set=a.250130613789515&type=3","No photo description available.","1129160444146182","photo","https://www.facebook.com/photo.php?fbid=1129160444146182&set=a.250130613789515&type=3","No photo description available.","1129160497479510","photo","https://www.facebook.com/photo.php?fbid=1129160497479510&set=a.250130613789515&type=3",,,,,"100063777348815","UNTV Radyo La Verdad","https://scontent-iad6-1.xx.fbcdn.net/v/t39.30808-1/244312189_250130653789511_8249264039490632539_n.png?stp=cp0_dst-png&cstp=mx500x500&ctp=s40x40&_nc_cat=106&ccb=1-7&_nc_sid=2d3e12&_nc_ohc=m4AIy-zbw-0Q7kNvwHK9Jfn&_nc_oc=AdqjjSxMna87Gh6bekGqruoPBGXwNSmob74uSuYze1phXmxL8frBw4QHFqG_tITZ1hI&_nc_zt=24&_nc_ht=scontent-iad6-1.xx&_nc_gid=SyMDblH3GesChrqdUIWdJQ&_nc_ss=7c2a8&oh=00_AQB153uXhCBhSOB3n-GmWib_75uDA49v2LkyltKfnC_ybg&oe=6A5FC216","https://www.facebook.com/UNTVRadyoLaVerdad","3","1129160974146129","TINGNAN: Inabot na ng tubig-baha ang ilang kabahayan sa Ligao City, Albay dahil sa malakas na ulan dulot ng Bagyong #RollyPH.

via Rhea Jane Galvez 
Photos: Dhanjade Balabis",,,"226","3","77","12",,"318","55","1604208280000","https://www.facebook.com/UNTVRadyoLaVerdad/posts/pfbid02odQcEqYxvsWeZXWArwYUqCCnNwHpGQzZnaX3R73wZk2r3u5U8q6eJnQCS2n5f2vMl"
"No photo description available.","186351783020923","photo","https://www.facebook.com/photo.php?fbid=186351783020923&set=a.168644095443938&type=3","No photo description available.","186351799687588","photo","https://www.facebook.com/photo.php?fbid=186351799687588&set=a.168644095443938&type=3","No photo description available.","186351816354253","photo","https://www.facebook.com/photo.php?fbid=186351816354253&set=a.168644095443938&type=3","No photo description available.","186351836354251","photo","https://www.facebook.com/photo.php?fbid=186351836354251&set=a.168644095443938&type=3","No photo description available.","186351859687582","photo","https://www.facebook.com/photo.php?fbid=186351859687582&set=a.168644095443938&type=3","100068950458402","Barangay Kaligayahan","https://scontent-iad3-1.xx.fbcdn.net/v/t39.30808-1/634161645_1243338021307868_5362952282604524632_n.jpg?stp=cp0_dst-jpg_tt6&cstp=mx953x960&ctp=s40x40&_nc_cat=104&ccb=1-7&_nc_sid=2d3e12&_nc_ohc=SpsYg2utz_gQ7kNvwGdv9AK&_nc_oc=AdosMeVVZl-xTCnTv88iYgHHJVJi7xBM7hy8z9jT3o0Qi5ph7q2dk3w4XV-1O0SeX-A&_nc_zt=24&_nc_ht=scontent-iad3-1.xx&_nc_gid=SyMDblH3GesChrqdUIWdJQ&_nc_ss=7c2a8&oh=00_AQBHq6j55poBR6xSOkpMih_uNWx3rJ-PVTEGboMre9AnzQ&oe=6A5FB33F","https://www.facebook.com/barangaykaligayahanoffical","20","186352079687560","Ang ating Konsi Kap kasama ang barangay disaster risk reduction team ay nagayos ng evacuation area sa Delfin Heraldes elementary school para pansamantalang tutuluyan ng mga maaapektuhan ng baha ng residents ng St. Dominic subd. Magiingat po tayo lagi  Signal #4 na sa METRO MANILA.",,"1","182","62",,"3",,"248","56","1604194894000","https://www.facebook.com/barangaykaligayahanoffical/posts/pfbid0RfFiXXxZ5PABNCYnJdFbV9sn7bEKKCzAWnVcWhtjGnB1LD3D7TW2QcfVm865hBiPl"
"No photo description available.","1893552884132930","photo","https://www.facebook.com/photo/?fbid=1893552884132930&set=a.433192015485296",,,,,,,,,,,,,,,,,"100063835034250","Billiard Hugot","https://scontent-iad3-1.xx.fbcdn.net/v/t39.30808-1/290589462_433192042151960_671452636088041239_n.jpg?stp=cp0_dst-jpg_tt6&cstp=mx474x474&ctp=s40x40&_nc_cat=110&ccb=1-7&_nc_sid=2d3e12&_nc_ohc=mIjjzA3Ok-oQ7kNvwF7qC-n&_nc_oc=Adq-sVsyUPw8CfS31g5s_8SnVCdGjRDTJn5qavSlsOyJAUUIJj9kV2pzk1bRQFCXZ3M&_nc_zt=24&_nc_ht=scontent-iad3-1.xx&_nc_gid=SyMDblH3GesChrqdUIWdJQ&_nc_ss=7c2a8&oh=00_AQC3EOuN8rNHQzotZI7IQZDmWTcBVV1bR7eQMRl5qF8zVw&oe=6A5FA271","https://www.facebook.com/profile.php?id=100063835034250","5","1893554100799475","Baha kalang, adik kami🎱😆

.

©️Rhey Anne Teves Aldamar",,"196","5","1",,,"3","205","189","1604275272000","https://www.facebook.com/permalink.php?story_fbid=pfbid0knB3XRY7jsbKAoG24EbR9ZUnnCjRVVs6zkXpcF7oX8QQ5MGfmozr1aKKBQrbeL5Ul&id=100063835034250"
"No photo description available.","195504848767371","photo","https://www.facebook.com/photo/?fbid=195504848767371&set=a.164946485820270",,,,,,,,,,,,,,,,,"100069147581661","Healthy Pilipinas","https://scontent-iad3-2.xx.fbcdn.net/v/t39.30808-1/444846775_764595579188688_3162215863358540712_n.jpg?stp=cp0_dst-jpg_tt6&cstp=mx960x960&ctp=s40x40&_nc_cat=111&ccb=1-7&_nc_sid=2d3e12&_nc_ohc=vm8rqqBxr6EQ7kNvwFaHQwN&_nc_oc=AdpV7QbfAkgPIepavBUPvxWFCBgRW0VzZDR49xjACr8_Akv9xeqSvTmtRdFh7hy-8d8&_nc_zt=24&_nc_ht=scontent-iad3-2.xx&_nc_gid=fmOMPd60ajMUuZl5qNlBmw&_nc_ss=7c2a8&oh=00_AQDqTSxq5OMoeLwCGCHCcn8iIddJt-ccX9YrcB0hg0HT8Q&oe=6A5FBDA5","https://www.facebook.com/DOHhealthypilipinas","7","195504872100702","ALAMIN 🤔
 
Tag-ulan na naman! Hindi natin maiwasan ang paglusong sa baha o pagbabad sa maruming tubig na maaaring magdulot ng sakit na Leptospirosis, isang bacterial infection na mula sa ihi ng daga o iba pang hayop.
 
Maging maalam tungkol sa sakit na ito na alamin sa ating infographics ang lahat ng impormasyon tungkol sa Leptospirosis.  
 
Iwasang magkasakit ngayong tag-ulan! Maging maingat sa #WILD diseases for a #HealthyPilipinas 💚","1",,"127","6","2","3","1","140","685","1604282315000","https://www.facebook.com/DOHhealthypilipinas/posts/pfbid02Z6k15pNqntwHvifXaM8KCd4EZZeMerrqvsrG8QnSY3W8nTXz5cufisP5sg5jajv7l"
"No photo description available.","1763000800532736","photo","https://www.facebook.com/photo.php?fbid=1763000800532736&set=a.494578872696634&type=3","No photo description available.","1763000807199402","photo","https://www.facebook.com/photo.php?fbid=1763000807199402&set=a.494578872696634&type=3","No photo description available.","1763000840532732","photo","https://www.facebook.com/photo.php?fbid=1763000840532732&set=a.494578872696634&type=3",,,,,,,,,"100064335776110","TOP CARS Manila","https://scontent-iad3-1.xx.fbcdn.net/v/t39.30808-1/353653708_674197114734808_4598292024740326221_n.jpg?stp=c70.0.455.455a_cp6_dst-jpg_tt6&cstp=mx455x455&ctp=s40x40&_nc_cat=108&ccb=1-7&_nc_sid=2d3e12&_nc_ohc=QxhQJfKeMcUQ7kNvwHkr0Tl&_nc_oc=AdqAl8EO6SIF0YqnPv9nqJO21o7vCgPBfflDDYy2PCWJOVrnYB_HKqF4So-A5QnfMuk&_nc_zt=24&_nc_ht=scontent-iad3-1.xx&_nc_gid=fmOMPd60ajMUuZl5qNlBmw&_nc_ss=7c2a8&oh=00_AQBqGLoYCgZ6ohtKiwa6ro-WZu2LLhL09hkRtup8f-wO9Q&oe=6A5FA939","https://www.facebook.com/topcarsmanila","3","1763000883866061","LOOK: Mga sasakyan inanod ng malakas na baha sa Barangay San Isidro, Batangas City. #RollyPH | 

Erwin Aguilon, Radyo Inquirer",,,"65",,"104",,"1","170","42","1604290382000","https://www.facebook.com/topcarsmanila/posts/pfbid036FjSyADpbRGHeyz1YQUf8ZoAZKVTcDLFDegXJbEMVcKV2HaUKKwAGovT4fuHLHJEl"
,,,,,,,,,,,,,,,,,,,,"100064406391364","Parokya ni San Ildefonso de Guiguinto","https://scontent-iad3-1.xx.fbcdn.net/v/t39.30808-1/733642505_1463857192437813_7181975824788507129_n.jpg?stp=cp0_dst-jpg_tt6&cstp=mx1563x1563&ctp=s40x40&_nc_cat=108&ccb=1-7&_nc_sid=2d3e12&_nc_ohc=QfBZOiOBDn4Q7kNvwEhiKcB&_nc_oc=AdpcKi22St6qTWLODe0FjfVG5qh29Quh2Oehyn2d9eIO_W4Ok71OPXCMKCmLYdXUMNw&_nc_zt=24&_nc_ht=scontent-iad3-1.xx&_nc_gid=fmOMPd60ajMUuZl5qNlBmw&_nc_ss=7c2a8&oh=00_AQB29Ovgt6PL4mZyZSCv5PGzatJFZ91z859N5Y6WRpPF9w&oe=6A5FC2CC","https://www.facebook.com/SanIldefonsoDeGuiguinto","13","3239977146108507","LORD, HEAL OUR LAND. Panginoon, yakapin mo nawa ang lahat ng mga giniginaw at lubog sa baha. Iligtas mo po ang aming mga kababayan at ang aming bayan sa pananalasa ng Bagyong Rolly sa gitna ng pandemya.

#RollyPH
#LordHealOurLand
#ManalanginLabanSaBagyo
#SanIldefonsoDeGuiguinto1607",,,"63","50",,"8",,"121","16","1604224910000","https://www.facebook.com/KabataangKatolikoAko/posts/pfbid02zyj4MHTKJbhkMi5s7aM4BxoQGs91RcCvNmWAZVwE9ZYWVUyB5b14SEKGDnBPSKhHl"
"No photo description available.","798520327384058","photo","https://www.facebook.com/photo/?fbid=798520327384058&set=a.102402198358670",,,,,,,,,,,,,,,,,"100057666690251","Boss Badong Adventures","https://scontent-iad6-1.xx.fbcdn.net/v/t39.30808-1/234094685_265507088714846_8328304240609504995_n.jpg?stp=cp0_dst-jpg_tt6&cstp=mx1920x1920&ctp=s40x40&_nc_cat=106&ccb=1-7&_nc_sid=2d3e12&_nc_ohc=2WOvZHHQVDwQ7kNvwEjahT4&_nc_oc=Adotx3mQAEpHaIdKFEZgB8BgsAxoTlYYdYrwbJ0AlU1FcVxpSJwjE_2ZzXWvXN9gZU4&_nc_zt=24&_nc_ht=scontent-iad6-1.xx&_nc_gid=fmOMPd60ajMUuZl5qNlBmw&_nc_ss=7c2a8&oh=00_AQCp0n_MYClu7E0OGvPrzncR-8Bm02v9gNIO0z5mjDfZeQ&oe=6A5FB6C6","https://www.facebook.com/bossbadong28","3","798520500717374","Baha ka lang! Boss Badong ako 💪💪💪",,"99","24","11",,"2",,"136","4","1604294227000","https://www.facebook.com/bossbadong28/posts/pfbid0kqZNxUJ2gVvxJ4PkZ7rjBGSRCocV9yWuoRBQBmRGkXLMpNKiZp55o6nyNu5G24Uol"
"No photo description available.","3400654913303780","photo","https://www.facebook.com/photo.php?fbid=3400654913303780&set=a.769435351508839&type=3","No photo description available.","3400656306636974","photo","https://www.facebook.com/photo.php?fbid=3400656306636974&set=a.769435351508839&type=3","No photo description available.","3400656623303609","photo","https://www.facebook.com/photo.php?fbid=3400656623303609&set=a.769435351508839&type=3","No photo description available.","3400655086637096","photo","https://www.facebook.com/photo.php?fbid=3400655086637096&set=a.769435351508839&type=3","No photo description available.","3400656893303582","photo","https://www.facebook.com/photo.php?fbid=3400656893303582&set=a.769435351508839&type=3","100053271434590","Ronald Mascariñas","https://scontent-iad3-1.xx.fbcdn.net/v/t39.30808-1/704715687_1514622253656808_8124439507459767549_n.jpg?stp=cp0_dst-jpg_tt6&cstp=mx960x958&ctp=s40x40&_nc_cat=108&ccb=1-7&_nc_sid=2d3e12&_nc_ohc=Xg7IdhAwHUsQ7kNvwGU3_le&_nc_oc=Adpgz6dH1gOSkCLgxIb5HrU6ikfqSRIVVoJhygaMGofTfOrKXrRd7TcVfIO68-yNSqw&_nc_zt=24&_nc_ht=scontent-iad3-1.xx&_nc_gid=fmOMPd60ajMUuZl5qNlBmw&_nc_ss=7c2a8&oh=00_AQDl058_FxvZF3sikKpTl_KIhHbQoI7YEi_5Q6zMYQP3KA&oe=6A5FCBAC","https://www.facebook.com/RonaldMascarinas13","478","3400658803303391","Bagyo man o baha, patuloy pa rin ang ating mga kasamahang Resellers sa pagsulong ng kanilang kabuhayan. 

Para sa pamilya, Laban lang 💪

Sa mga gustong maging Reseller ng aming mga produkto, mag sign-up po lamang sa link na ito 👇
bit.ly/Chooks-reseller-form 

#PusoParaSaPilipinas ❤️🇵🇭","2","1","8091","1792","2","23","89","10000","46","1604281781000","https://www.facebook.com/RonaldMascarinas13/posts/pfbid02r5VPGWTkjx9A247f1oVMrm5KmQ1ajWLDviejQxFDNtjWSQFhZ6t6USJRDddHvk6Gl"
"No photo description available.","154069179714059","photo","https://www.facebook.com/photo.php?fbid=154069179714059&set=a.556147990029485&type=3","No photo description available.","154069203047390","photo","https://www.facebook.com/photo.php?fbid=154069203047390&set=a.556147990029485&type=3",,,,,,,,,,,,,"100069028674133","Earth Angels Helping Hands","https://scontent-iad6-1.xx.fbcdn.net/v/t39.30808-1/273117778_455289712925336_2979718821330309208_n.jpg?stp=cp0_dst-jpg_tt6&cstp=mx959x959&ctp=s40x40&_nc_cat=106&ccb=1-7&_nc_sid=2d3e12&_nc_ohc=RskXGAP_mdEQ7kNvwEtYcqd&_nc_oc=AdonYQRRin_TJuwg5r3kNBBcURDheYN5nLdvuTtP6B1mF1Uqe-EtGbvj3oev6b33Kb4&_nc_zt=24&_nc_ht=scontent-iad6-1.xx&_nc_gid=fmOMPd60ajMUuZl5qNlBmw&_nc_ss=7c2a8&oh=00_AQAFD-B2rfzFQfxZ-YRbXCSpd3hyT0sOfdJ199Fzl-x_cQ&oe=6A5FCB8A","https://www.facebook.com/profile.php?id=100069028674133","22","154069239714053","Tuloy tuloy lang po ang pag baha ng blessings..

Maraming salamat po sa pag sagot sa dasal ng mga nanay ng ating mga warriors..😍❤

Good is good .. answered prayer nanaman po 🥰🙏

Salamat Ms.Joan A. god bless you more .. 🥰❤🙏",,,"67","32",,"3",,"102","54","1604230842000","https://www.facebook.com/permalink.php?story_fbid=pfbid02KbVDcHRDXNx1cUZzwSjWjq5g8UTG446HMiPUzQsdSi2tvr1SH28CQ2sXFDp2ccezl&id=100069028674133"
,,,,,,,,,,,,,,,,,,,,"100047089358407","Pilipinas Today","https://scontent-iad3-1.xx.fbcdn.net/v/t39.30808-1/312906572_1153935282224440_1735307335956507407_n.jpg?stp=cp0_dst-jpg_tt6&cstp=mx769x769&ctp=s40x40&_nc_cat=101&ccb=1-7&_nc_sid=2d3e12&_nc_ohc=HzK3DqRTGMcQ7kNvwE--Fvj&_nc_oc=AdpC9SQUd62r4iXbehW3bn6l9-VzBlU-Am3akXeZGApXdgpBMMfxW_fY6K6fhTZ0q3E&_nc_zt=24&_nc_ht=scontent-iad3-1.xx&_nc_gid=-BBIBrvq0Ccy2cBNz9X5-A&_nc_ss=7c2a8&oh=00_AQCtxsN_y4wg2t4pn2E_wsk34brpRvKH-NNSzOTKjNORzA&oe=6A5F9E10","https://www.facebook.com/pilipinastodaybatangas","11","684504559167517","Yung lumusong ka sa baha tapos di naman pala malalim pagtingin niya sayo.
-cherry🍒",,"203","12","1","27","1",,"244","61","1604217037000","https://www.facebook.com/pilipinastodaybatangas/posts/pfbid0rcWL244ozPjk7u1jbraEkMqT1YYbrssdBhV9qMP3sVL1kG5bPmZ6SLNyVTAd2j9tl"
,,,,,,,,,,,,,,,,,,,,"100050475850080","Pilipinas Today Confession","https://scontent-iad3-2.xx.fbcdn.net/v/t39.30808-1/356993043_829257978766723_3902985428503765853_n.jpg?stp=cp0_dst-jpg_tt6&cstp=mx769x769&ctp=s40x40&_nc_cat=111&ccb=1-7&_nc_sid=2d3e12&_nc_ohc=Fvfy3CO4hGgQ7kNvwHzEq6T&_nc_oc=Adobppwg1iXQiQ3Fv92hd1tS0s-E49iHuBkEUWBCAMUPX5f6fjeNuxLstge3oUFd8Go&_nc_zt=24&_nc_ht=scontent-iad3-2.xx&_nc_gid=-BBIBrvq0Ccy2cBNz9X5-A&_nc_ss=7c2a8&oh=00_AQC0ru3w7qudRWgUTgdgdbIZkOQUEj-8NbxVGlOiRn0m1Q&oe=6A5FC6D3","https://www.facebook.com/pilipinasconfession","1","3142717755832442","Yung lumusong ka sa baha tapos di naman pala malalim pagtingin niya sayo.
-cherry🍒",,"166","10",,"1",,,"177","45","1604216896000","https://www.facebook.com/pilipinasconfession/posts/pfbid02Pf45kg2BrmCvFbEXUZXEbfPnowxcCVHW2pMkVAYvAVSRWXrJ3WcwErhXBUeGAbsJl"
,,,,,,,,,,,,,,,,,,,,"100063748134683","Bombo Radyo Legazpi","https://scontent-iad3-1.xx.fbcdn.net/v/t39.30808-1/645878309_1669299908538264_6926335888757987854_n.jpg?stp=cp0_dst-jpg_tt6&cstp=mx1024x1024&ctp=s40x40&_nc_cat=110&ccb=1-7&_nc_sid=2d3e12&_nc_ohc=d6LKXYo-M_MQ7kNvwF14_y2&_nc_oc=AdpqPUdOsl44kSzEDt1zTJAKtTehYARBD0Rs00k3r5y5TEhdWLREXUiTcQyPirDw4ZQ&_nc_zt=24&_nc_ht=scontent-iad3-1.xx&_nc_gid=-BBIBrvq0Ccy2cBNz9X5-A&_nc_ss=7c2a8&oh=00_AQAZtUnsyaCHI9QU_RI2pPBgXBOLoxEI0r79IfrpDKotcg&oe=6A5FB4C8","https://www.facebook.com/bomboradyolegazpi","2","203629537943759","God save you from nature disaster.","1",,"45","1","86",,"1","134","28","1604206129000","https://www.facebook.com/BalitangKyusi/posts/pfbid0hiVKhgaoHMr67LgJstyTizpUZG4WaovvAqUEGqPjUTEffR7kF9FZkQnoGqFRMGKQl"
,,,,,,,,,,,,,,,,,,,,"100044386030733","MISSY Gaming","https://scontent-iad6-1.xx.fbcdn.net/v/t39.30808-1/272655245_486218892867641_8370427190119735726_n.jpg?stp=cp0_dst-jpg_tt6&cstp=mx720x720&ctp=s40x40&_nc_cat=106&ccb=1-7&_nc_sid=2d3e12&_nc_ohc=YJv3afDMywEQ7kNvwEa7Fq_&_nc_oc=Adp5RqZzZLCBHDDVrYLSG8Y2bEjUPTeTgyAVAJPr4DVrIamjTg1fAk_q74yaGZrzalE&_nc_zt=24&_nc_ht=scontent-iad6-1.xx&_nc_gid=-BBIBrvq0Ccy2cBNz9X5-A&_nc_ss=7c2a8&oh=00_AQA3mjxRlbf__EQYeCYaz8YlO1ObG3qcukTVWrzgoqn9Nw&oe=6A5FC102","https://www.facebook.com/missyGaming09","1","1139648879797789","Sana matulungan agad sila. Malakas parin ang hangin at may ksama pang ulan. 💔 
Pray. 🥺",,"1","23","17","80",,"1","122","8","1604230788000","https://www.facebook.com/InzaiplayseSports/posts/pfbid027rZZpeeR9EsJztx1vAJoJTu5DLxRnjSp4AdeaeFKn8ovhcu6WbpEC3q1E9RyyB1Ul"
,,,,,,,,,,,,,,,,,,,,"100057666690251","Boss Badong Adventures","https://scontent-iad6-1.xx.fbcdn.net/v/t39.30808-1/234094685_265507088714846_8328304240609504995_n.jpg?stp=cp0_dst-jpg_tt6&cstp=mx1920x1920&ctp=s40x40&_nc_cat=106&ccb=1-7&_nc_sid=2d3e12&_nc_ohc=2WOvZHHQVDwQ7kNvwEjahT4&_nc_oc=Adotx3mQAEpHaIdKFEZgB8BgsAxoTlYYdYrwbJ0AlU1FcVxpSJwjE_2ZzXWvXN9gZU4&_nc_zt=24&_nc_ht=scontent-iad6-1.xx&_nc_gid=-BBIBrvq0Ccy2cBNz9X5-A&_nc_ss=7c2a8&oh=00_AQDSULdi2YuLcS_fGyOL6JKfnTDHakPLsC6LoQEeIsNEEg&oe=6A5FB6C6","https://www.facebook.com/bossbadong28","10","1285157238513672","Boss B lang malakas 😂",,"97","21","10",,"1",,"129","1","1604294473000","https://www.facebook.com/groups/832456970450370/permalink/1285157238513672/"
,"372777020589621","video",,,,,,,,,,,,,,,,,,"100064773907046","TV Patrol","https://scontent-iad3-2.xx.fbcdn.net/v/t39.30808-1/608518829_1379498824219235_6894079646221905019_n.jpg?stp=cp0_dst-jpg_tt6&cstp=mx1079x1079&ctp=s40x40&_nc_cat=1&ccb=1-7&_nc_sid=2d3e12&_nc_ohc=eBZ3DoBYorkQ7kNvwELqf7i&_nc_oc=AdqScQCn9dNwv5WYqFuMfjBb_QdofeQKIl8WlwjA8TixYriOw_4FPWpoQA-a9ODDNnA&_nc_zt=24&_nc_ht=scontent-iad3-2.xx&_nc_gid=M1sutrzgg1B0R8FgD4knZA&_nc_ss=7c2a8&oh=00_AQDz62BIMiNh1bQAFeIpA_MZ-ENYCcYujtvzdvAbaSt7gw&oe=6A5FC88F","https://www.facebook.com/tvpatrol.abscbn","76","3587831144605582","Malaki ang idinulot na pinsala ng bagyong #RollyPH sa Albay. 

Ilang bahay ang nalubog sa baha at natabunan ng lahar mula sa Bulkang Mayon.

Sumama sa ating patuloy na pagpa-Patrol sa news.abs-cbn.com/tvpatrol, fb.com/tvpatrol.abscbn/, at youtube.com/ABSCBNNews.",,,,,,,,"0","385","1604322094000","https://www.facebook.com/tvpatrol.abscbn/videos/372777020589621/"
,"4619621881444451","video",,,,,,,,,,,,,,,,,,"100064599855141","DZRH News Television","https://scontent-iad3-2.xx.fbcdn.net/v/t39.30808-1/430904842_805459034950751_7950692986501520190_n.jpg?stp=cp0_dst-jpg_tt6&cstp=mx2048x2048&ctp=s40x40&_nc_cat=1&ccb=1-7&_nc_sid=2d3e12&_nc_ohc=TUbi2oR06C0Q7kNvwHgRcOP&_nc_oc=AdonQoTTlIfvH138u0XjSzhEfL_MvduiyO9QAEYjsPJy6N0dgflLGgRNXC4iZ08fqJk&_nc_zt=24&_nc_ht=scontent-iad3-2.xx&_nc_gid=M1sutrzgg1B0R8FgD4knZA&_nc_ss=7c2a8&oh=00_AQBTmkq6kLYFpexdSwSIfJlQJroUQSIkoxyws4hAytBysw&oe=6A5FB217","https://www.facebook.com/dzrhtv","4","3515726485149267","BAHA, NATUMBANG MGA PUNO AT SIRANG MGA BAHAY INIWAN NG BAGYONG ROLLY SA BICOL",,,"32","4",,,,"36","0","1604322001000","https://www.facebook.com/dzrhtv/videos/4619621881444451/"
"No photo description available.","820804482086739","photo","https://www.facebook.com/photo.php?fbid=820804482086739&set=a.819696349615511&type=3","No photo description available.","820804505420070","photo","https://www.facebook.com/photo.php?fbid=820804505420070&set=a.819696349615511&type=3","No photo description available.","820804535420067","photo","https://www.facebook.com/photo.php?fbid=820804535420067&set=a.819696349615511&type=3","No photo description available.","820804555420065","photo","https://www.facebook.com/photo.php?fbid=820804555420065&set=a.819696349615511&type=3","No photo description available.","820804592086728","photo","https://www.facebook.com/photo.php?fbid=820804592086728&set=a.819696349615511&type=3","100047254590810","Noel Landero Sarifa","https://scontent-iad3-2.xx.fbcdn.net/v/t39.30808-1/733868761_1778539313731205_2534569384713567182_n.jpg?stp=cp0_dst-jpg_tt6&cstp=mx1035x1035&ctp=s40x40&_nc_cat=1&ccb=1-7&_nc_sid=2d3e12&_nc_ohc=Sb-CxfnVKw4Q7kNvwEBH6NR&_nc_oc=Adoqo1i5hB9DYhtfPct31wwtsIK5hf08allfofyBoLQJwlmXeVOI85-ffKiR6WIHP0k&_nc_zt=24&_nc_ht=scontent-iad3-2.xx&_nc_gid=M1sutrzgg1B0R8FgD4knZA&_nc_ss=7c2a8&oh=00_AQBxoAKwLZAsDESkqtHnBGV8r5C-AXxk2rwIgbGPMp5NYw&oe=6A5FAF8E","https://www.facebook.com/NoelLanderoSarifaOfficial","500","820804638753390","Typhoon Rolly is over, the Philippines won over those who wish ill for our countrymen. Oo malakas ang bagyo, nagbaon ng daan daang bahay sa lahar, bato putik at baha, casualties as of yesterday after noon is less than a hundred. It only proves that a TV station is not saving the lives of the many. It is a working government with proper coordination of national and local government. Sa mga naghahanap sa pangulo, the government is working days way before the landfall. The government did not stop working and the results shows it was effectively managed. Hindi kailangan umipal ni Pres. Duterte katulad ni Mar na magpabasa sa ulan, did Mar save thousands of lives because of his presence? No he did not.

Around 96,000 families or more than 346,000 people were in evacuation centers in the Bicol region. On Saturday, Oct. 31, the NDRRMC said about a million people were evacuated due to the coming super typhoon, yan ang nagsalba sa mga tao. Tunay na leadership hindi kaepalan.

Tapos na ang TRAPO na mga the moves. Masanay na kayo sa totoong liderato.",,,,"1",,,,"1","1279","1604268727000","https://www.facebook.com/NoelLanderoSarifaOfficial/posts/pfbid0rZEJXyRa96SYMa5NcU5Fc6Mp2pSXqYWEGRhpez3sZE9oBxp8EPwQPSN9CYH4BYfLl"
,"728702221063118","video",,,,,,,,,,,,,,,,,,"100067118364824","PTV","https://scontent-iad3-2.xx.fbcdn.net/v/t39.30808-1/469778811_1010174501229819_6318900398083369956_n.jpg?stp=cp0_dst-jpg_tt6&cstp=mx768x768&ctp=s40x40&_nc_cat=1&ccb=1-7&_nc_sid=2d3e12&_nc_ohc=FaGq-qwGxNAQ7kNvwGYb9O9&_nc_oc=Ado6rVsXYTo5M7Pt97Y3zPDWMZtPLJ2sJoIZr5Lr7f_RT1nV7Tri_uR86HBkACc9r0Q&_nc_zt=24&_nc_ht=scontent-iad3-2.xx&_nc_gid=M1sutrzgg1B0R8FgD4knZA&_nc_ss=7c2a8&oh=00_AQDWL5jPry4PDEyT7DW3hnU-KUJV3VyWEsewcsQiiKY1Fg&oe=6A5F9625","https://www.facebook.com/PTVph","0","4021762261217747","#SentroBalita | Baha sa ilang lugar sa Laguna, humupa na; 

Ilang pamilya, piniling umuwi na sa kani-kanilang bahay | via Louisa Erispe",,,"29","3","1",,,"33","5","1604305799000","https://www.facebook.com/PTVph/videos/728702221063118/"
,"794995524654448","video",,,,,,,,,,,,,,,,,,"100067118364824","PTV","https://scontent-iad3-2.xx.fbcdn.net/v/t39.30808-1/469778811_1010174501229819_6318900398083369956_n.jpg?stp=cp0_dst-jpg_tt6&cstp=mx768x768&ctp=s40x40&_nc_cat=1&ccb=1-7&_nc_sid=2d3e12&_nc_ohc=FaGq-qwGxNAQ7kNvwGYb9O9&_nc_oc=Ado6rVsXYTo5M7Pt97Y3zPDWMZtPLJ2sJoIZr5Lr7f_RT1nV7Tri_uR86HBkACc9r0Q&_nc_zt=24&_nc_ht=scontent-iad3-2.xx&_nc_gid=M1sutrzgg1B0R8FgD4knZA&_nc_ss=7c2a8&oh=00_AQDWL5jPry4PDEyT7DW3hnU-KUJV3VyWEsewcsQiiKY1Fg&oe=6A5F9625","https://www.facebook.com/PTVph","0","4021023667958273","#RiseAndShinePilipinas | Taas ng baha sa subdivision sa Batangas City, umabot sa 6 feet",,,"12",,"2",,,"14","3","1604279525000","https://www.facebook.com/PTVph/videos/794995524654448/"
"No photo description available.","190318475882021","photo","https://www.facebook.com/photo.php?fbid=190318475882021&set=a.439565424855019&type=3","No photo description available.","190318495882019","photo","https://www.facebook.com/photo.php?fbid=190318495882019&set=a.439565424855019&type=3","No photo description available.","190318512548684","photo","https://www.facebook.com/photo.php?fbid=190318512548684&set=a.439565424855019&type=3","No photo description available.","190318529215349","photo","https://www.facebook.com/photo.php?fbid=190318529215349&set=a.439565424855019&type=3","No photo description available.","190318545882014","photo","https://www.facebook.com/photo.php?fbid=190318545882014&set=a.439565424855019&type=3","100064046946942","Kapamilya Updates","https://scontent-iad6-1.xx.fbcdn.net/v/t39.30808-1/300780879_439565464855015_158396628068319933_n.jpg?stp=cp0_dst-jpg_tt6&cstp=mx1440x1440&ctp=s40x40&_nc_cat=109&ccb=1-7&_nc_sid=2d3e12&_nc_ohc=RtzI-dSXo-MQ7kNvwEl3M0R&_nc_oc=AdrpT2C7LdklbXCk_UPEHxMyqk_saRbVZCl7wPnNnJHGzMhlTvfYIkyOWz5YGf2xkv0&_nc_zt=24&_nc_ht=scontent-iad6-1.xx&_nc_gid=M1sutrzgg1B0R8FgD4knZA&_nc_ss=7c2a8&oh=00_AQC9GL4x13WCZKk1Nh95CZKsakUfl9cUUQQmMiZQs1yqUQ&oe=6A5FBE1B","https://www.facebook.com/KapamilyaUpdatesOfficial","2","190318609215341","Umabot hanggang bubong ang baha sa Brgy Busay sa Daraga, Albay na dulot ng pananalasa ng typhoon #RollyPH ngayong Linggo. Sa kuha ni AJ Miraflor kanina alas-9 ng umaga, rumaragasang tubig at abot bubong na baha ang naranasan ng mga residente malapit sa Cagsawa Ruins. 

Ang ibang bahay at tindahan naman ay lumubog sa buhangin na tinangay dahil din sa bagyong Rolly. | Kuha ni AJ Miraflor

BASAHIN: https://bit.ly/2HT1YlN",,"1","13",,"30",,,"44","3","1604220982000","https://www.facebook.com/KapamilyaUpdatesOfficial/posts/pfbid02UAimX2j6PcmUhuSygjUvUkgw3KhVSkymuWYHcdQCffmmP43dhmeJiVGaH2ThHcg4l"
"No photo description available.","190446042603134","photo","https://www.facebook.com/photo.php?fbid=190446042603134&set=a.492248196241206&type=3","No photo description available.","190446079269797","photo","https://www.facebook.com/photo.php?fbid=190446079269797&set=a.492248196241206&type=3","No photo description available.","190446105936461","photo","https://www.facebook.com/photo.php?fbid=190446105936461&set=a.492248196241206&type=3",,,,,,,,,"100063680891145","Viral Now","https://scontent-iad3-1.xx.fbcdn.net/v/t39.30808-1/605874307_1452446723554677_6752752194436442328_n.jpg?stp=cp0_dst-jpg_tt6&cstp=mx951x960&ctp=s40x40&_nc_cat=108&ccb=1-7&_nc_sid=2d3e12&_nc_ohc=M0FN7AXUF1gQ7kNvwEwNW9n&_nc_oc=AdrhpKkRbFOT95rfZgtJdeygxQhzmg4uqafj1Dvm3cZQJ81Q8G-k-wkPZpvMMJGdlrY&_nc_zt=24&_nc_ht=scontent-iad3-1.xx&_nc_gid=Aon1ymZYAlGHdunE8TtPjA&_nc_ss=7c2a8&oh=00_AQDT1bUMtPhuZnZYAeF4rFjN9PnevR3oc-X4WC32cpISTg&oe=6A5FCB8E","https://www.facebook.com/ViralNow00","0","190446132603125","LOOK: Halos malubog na sa baha ang ilang bahay sa Barangay Bariw, Camalig, #Albay dahil sa malakas na ulang dala ng SUPER TYPHOON #RollyPH.

Nananatiling nakataas ang Tropical Cyclone Wind Signal No. 5 sa probinsya, base sa huling update ng PAGASA kaninang 8AM.

© Ronald Samonte",,,"11",,"27","1",,"39","1","1604213265000","https://www.facebook.com/ViralNow00/posts/pfbid02ZxKisq2XGkpc7ttoYLZYPK9K9tndcGupLxzY3wYYPjtPDWrby8gDKD2EtFBdTsYtl"
"No photo description available.","203354274691789","photo","https://www.facebook.com/photo.php?fbid=203354274691789&set=a.324165973063109&type=3","No photo description available.","203354304691786","photo","https://www.facebook.com/photo.php?fbid=203354304691786&set=a.324165973063109&type=3","No photo description available.","203354321358451","photo","https://www.facebook.com/photo.php?fbid=203354321358451&set=a.324165973063109&type=3","No photo description available.","203354348025115","photo","https://www.facebook.com/photo.php?fbid=203354348025115&set=a.324165973063109&type=3",,,,,"100064091253217","Trending ngayon","https://scontent-iad3-1.xx.fbcdn.net/v/t39.30808-1/499377755_1127402406072791_643630481816161578_n.jpg?stp=cp0_dst-jpg_tt6&cstp=mx1843x1863&ctp=s40x40&_nc_cat=110&ccb=1-7&_nc_sid=2d3e12&_nc_ohc=dknqLD5y6m4Q7kNvwE78M6N&_nc_oc=Ado0iH4RONAtnqqk5RXTahMSRcSgCdKdFjH3oT_NyZ7B9UezibemS06sqa8P1dE4_eI&_nc_zt=24&_nc_ht=scontent-iad3-1.xx&_nc_gid=Aon1ymZYAlGHdunE8TtPjA&_nc_ss=7c2a8&oh=00_AQC937QWVi9OGxXcKz9RB8_8_OIQygnu27SGH9sWDVKJsg&oe=6A5FA85C","https://www.facebook.com/trndingyon","1","203354378025112","Mga natumbang puno, mga hinangin na yero at mataas na tubig-baha ang iniwan ng Bagyong #RollyPH sa Barangay Baliw, Camalig, Albay.",,"1","7",,"11",,,"19","1","1604220436000","https://www.facebook.com/trndingyon/posts/pfbid02sMeJC7vj72f9Vd5JiCcdYn3k2F1hx85wLhJBeLaC59dRcoUt6bRn1AWAgXybMYaHl"
"No photo description available.","785807438652316","photo","https://www.facebook.com/photo.php?fbid=785807438652316&set=a.500090692140398&type=3","No photo description available.","785807495318977","photo","https://www.facebook.com/photo.php?fbid=785807495318977&set=a.500090692140398&type=3","No photo description available.","785807531985640","photo","https://www.facebook.com/photo.php?fbid=785807531985640&set=a.500090692140398&type=3","No photo description available.","785807588652301","photo","https://www.facebook.com/photo.php?fbid=785807588652301&set=a.500090692140398&type=3",,,,,"100064184135742","Tabloid Philippines","https://scontent-iad6-1.xx.fbcdn.net/v/t39.30808-1/307307357_500090728807061_2759880961820623741_n.png?stp=cp0_dst-png&cstp=mx300x300&ctp=s40x40&_nc_cat=106&ccb=1-7&_nc_sid=2d3e12&_nc_ohc=iWe8gNaa7jUQ7kNvwFCylr2&_nc_oc=Adqng5tmi8tM1WzX8SHCP1HnACjIlAupbG8KTNJTwgLHTu5e5ZDJa6-pjWGzVJ1Gmuc&_nc_zt=24&_nc_ht=scontent-iad6-1.xx&_nc_gid=Aon1ymZYAlGHdunE8TtPjA&_nc_ss=7c2a8&oh=00_AQAHp2Qa5NZyVhB1nvh2EUWvSj9HICHFucrSqKJ-8y6wxg&oe=6A5FA583","https://www.facebook.com/tabloidph","0","785807635318963","Lubog sa baha ang mga kabahayan sa Oas, Albay bunsod nang pananalasa ng bagyong #RollyPH sa nasabing lugar.

📸: Fhiljun Rafallo",,,"13","1","12",,,"26","1","1604211313000","https://www.facebook.com/tabloidph/posts/pfbid02xaNdtgQthqWEtA4fd1cjvPXbGMppnooQjkxVesxop56tDvgosFHjRn87v32HiNTWl"
"No photo description available.","192653129035465","photo","https://www.facebook.com/photo.php?fbid=192653129035465&set=a.636557294695346&type=3","No photo description available.","192653165702128","photo","https://www.facebook.com/photo.php?fbid=192653165702128&set=a.636557294695346&type=3",,,,,,,,,,,,,"100050232440655","Netizen Nation ://","https://scontent-iad3-1.xx.fbcdn.net/v/t39.30808-1/547472714_1335918731425862_2771311427815718668_n.jpg?stp=cp0_dst-jpg_tt6&cstp=mx1024x1024&ctp=s40x40&_nc_cat=104&ccb=1-7&_nc_sid=2d3e12&_nc_ohc=lm7fXhtekOQQ7kNvwFCWmYg&_nc_oc=Adp1Vq_iUCZJmD4IOwxIZhCRD9x7jC249wO7OYDlkjXc6h62Oi7kx-VE6LMD-Rz6uZY&_nc_zt=24&_nc_ht=scontent-iad3-1.xx&_nc_gid=Aon1ymZYAlGHdunE8TtPjA&_nc_ss=7c2a8&oh=00_AQDWNoJFrdwcS7Bkz7Adk18DjtotLsuT4d871JmYXmZCcw&oe=6A5F9782","https://www.facebook.com/NetizenPowerr","0","192653199035458","Tingnan mga kanetz. 

Lagpas tao na ang baha sa Brgy. Bariw, Camalig, Albay. dahil ito sa pananalasa ng Super Typhoon Rolly.

Nag force evacuate na din sa naturang lugar.

Kamusta sainyong lugar?
Maging updated sa balita, maghanda habang wala pa ang bagyo.. 

Photo courtesy by :
#BomboRadyoLegazpi",,,"19",,"14","3",,"36","6","1604200626000","https://www.facebook.com/NetizenPowerr/posts/pfbid0p1oBBcAvgPqJ9FtbHuaTc5tbAvXNH1hvndewPyr7oT7W365vofSidjzY9VTeZry4l"
"No photo description available.","203336384693578","photo","https://www.facebook.com/photo.php?fbid=203336384693578&set=a.324165973063109&type=3","No photo description available.","203336411360242","photo","https://www.facebook.com/photo.php?fbid=203336411360242&set=a.324165973063109&type=3","No photo description available.","203336434693573","photo","https://www.facebook.com/photo.php?fbid=203336434693573&set=a.324165973063109&type=3","No photo description available.","203336454693571","photo","https://www.facebook.com/photo.php?fbid=203336454693571&set=a.324165973063109&type=3","No photo description available.","203336471360236","photo","https://www.facebook.com/photo.php?fbid=203336471360236&set=a.324165973063109&type=3","100064091253217","Trending ngayon","https://scontent-iad3-1.xx.fbcdn.net/v/t39.30808-1/499377755_1127402406072791_643630481816161578_n.jpg?stp=cp0_dst-jpg_tt6&cstp=mx1843x1863&ctp=s40x40&_nc_cat=110&ccb=1-7&_nc_sid=2d3e12&_nc_ohc=dknqLD5y6m4Q7kNvwE78M6N&_nc_oc=Ado0iH4RONAtnqqk5RXTahMSRcSgCdKdFjH3oT_NyZ7B9UezibemS06sqa8P1dE4_eI&_nc_zt=24&_nc_ht=scontent-iad3-1.xx&_nc_gid=Aon1ymZYAlGHdunE8TtPjA&_nc_ss=7c2a8&oh=00_AQC937QWVi9OGxXcKz9RB8_8_OIQygnu27SGH9sWDVKJsg&oe=6A5FA85C","https://www.facebook.com/trndingyon","4","203336508026899","Umabot hanggang bubong ang baha sa Brgy Busay sa Daraga, Albay na dulot ng pananalasa ng typhoon #RollyPH ngayong Linggo. Sa kuha ni AJ Miraflor kanina alas-9 ng umaga, rumaragasang tubig at abot bubong na baha ang naranasan ng mga residente malapit sa Cagsawa Ruins. 

Ang ibang bahay at tindahan naman ay lumubog sa buhangin na tinangay dahil din sa bagyong Rolly.",,,"23",,"20",,,"43","6","1604215484000","https://www.facebook.com/trndingyon/posts/pfbid03fa5zAu8npSndeBXxXetKW3rMT1e1SxvUiCtvCTg4FBPtRRw9GmivfEU7HntzbjSl"
"No photo description available.","134715348397931","photo","https://www.facebook.com/photo/?fbid=134715348397931&set=a.478987734270224",,,,,,,,,,,,,,,,,"100064770038172","Before Trending","https://scontent-iad3-2.xx.fbcdn.net/v/t39.30808-1/557588346_1241757761326547_4407198263000555995_n.jpg?stp=cp0_dst-jpg_tt6&cstp=mx700x700&ctp=s40x40&_nc_cat=111&ccb=1-7&_nc_sid=2d3e12&_nc_ohc=6li8KFRoywgQ7kNvwEDFLlj&_nc_oc=Adosl4klF143s2f_mqwCdXWHjsPezefXYbn3fZzJmEFQ7HWuQya2x2G0hXnZrWow_uA&_nc_zt=24&_nc_ht=scontent-iad3-2.xx&_nc_gid=Aon1ymZYAlGHdunE8TtPjA&_nc_ss=7c2a8&oh=00_AQC1XVG9l5kYSy612A7qJq8Zvh8r5dbIWjzlJwSF-3l-Jg&oe=6A5FA117","https://www.facebook.com/Beforetrending","3","134715435064589","baha ka lang! tamad ako. 😂",,"17","11",,,,"3","31","2","1604243668000","https://www.facebook.com/Beforetrending/posts/pfbid031xWqQfv847Hgo8S96pVvoFVjK8FXE581Jfn7jz3TtTrZytnT16yJM6YzE8TFhUTil"
"No photo description available.","1303509653321776","photo","https://www.facebook.com/photo.php?fbid=1303509653321776&set=a.362743631876978&type=3","No photo description available.","1303509666655108","photo","https://www.facebook.com/photo.php?fbid=1303509666655108&set=a.362743631876978&type=3","No photo description available.","1303509646655110","photo","https://www.facebook.com/photo.php?fbid=1303509646655110&set=a.362743631876978&type=3",,,,,,,,,"100044240333593","Kabayan Daily Express","https://scontent-iad6-1.xx.fbcdn.net/v/t39.30808-1/557589390_1376393860511945_5226152360785099425_n.jpg?stp=cp0_dst-jpg_tt6&cstp=mx500x500&ctp=s40x40&_nc_cat=106&ccb=1-7&_nc_sid=2d3e12&_nc_ohc=DfoCU-tolAgQ7kNvwHNTP4V&_nc_oc=AdrHdLcZsBh3cI7DkjDmKz7ay6y1vdsdgWO2Cb4cYT0v3GiFCg4KlWnIJRUgOo2psX0&_nc_zt=24&_nc_ht=scontent-iad6-1.xx&_nc_gid=zdamcCIpZV55YKGeq-ne_w&_nc_ss=7c2a8&oh=00_AQByAxCgqhtUcaJMrqTzqMQ94oaus60Kr-qw9Cgk51qxRA&oe=6A5FADDA","https://www.facebook.com/KabayanDailyExpress","0","1303509733321768","LOOK: Halos malubog na sa baha ang ilang bahay sa Barangay Bariw, Camalig, Albay dahil sa malakas na ulang dala ng SUPER TYPHOON RollyPH.

Nananatiling nakataas ang Tropical Cyclone Wind Signal No. 5 sa probinsya, base sa huling update ng PAGASA kaninang 8AM.

📸: Renz Adrian Ronda",,,"9",,"25",,,"34","25","1604198431000","https://www.facebook.com/KabayanDailyExpress/posts/pfbid02EXVcXwK2CJMGCbX1mBUZyByQqxHKSZnagjDJaZBy3PNrgc8dgz9p7vUGSVmrKJ6rl"
"No photo description available.","4876072309077092","photo","https://www.facebook.com/photo.php?fbid=4876072309077092&set=a.407442921413080&type=3","No photo description available.","4876073579076965","photo","https://www.facebook.com/photo.php?fbid=4876073579076965&set=a.407442921413080&type=3","No photo description available.","4876073942410262","photo","https://www.facebook.com/photo.php?fbid=4876073942410262&set=a.407442921413080&type=3","No photo description available.","4876073375743652","photo","https://www.facebook.com/photo.php?fbid=4876073375743652&set=a.407442921413080&type=3","No photo description available.","4876073812410275","photo","https://www.facebook.com/photo.php?fbid=4876073812410275&set=a.407442921413080&type=3","100064421270557","Alagang Kapatid Foundation, Inc.","https://scontent-iad3-1.xx.fbcdn.net/v/t39.30808-1/606024595_1268104788680218_8876087802285356141_n.jpg?stp=cp0_dst-jpg_tt6&cstp=mx1563x1563&ctp=s40x40&_nc_cat=110&ccb=1-7&_nc_sid=2d3e12&_nc_ohc=Sd_H6tf0UvYQ7kNvwH0v0j6&_nc_oc=AdrC3KZJIO7v2rkW9fNbjHKRC3z20BbR-zV-9DYBPi2_VRGKnV2UFAFe5asBj0eFBiA&_nc_zt=24&_nc_ht=scontent-iad3-1.xx&_nc_gid=zdamcCIpZV55YKGeq-ne_w&_nc_ss=7c2a8&oh=00_AQBNEyDyKDdALGKgwVtlkgQWst5VT-qkFy_-a7W2SjROmw&oe=6A5FBCDD","https://www.facebook.com/AlagangKapatidFoundationInc","1","4876103735740616","Hindi pa man nakakabangon sa pagkakalubog sa baha noong Bagyong Quinta, balik evacuation center nanaman ang mga residente ng Barangay Mal-ay sa Lopez, Quezon. 

Matatandaang nag deklara ng state of calamity ang Bayan ng Lopez nang bahain ang mismong Maharlika Highway at mahigit isang libong sasakyan ang ma stranded ng ilang araw. 

Ikinabahala ng mga residente ang paglaki ng ilog at muli silang  abutan ng matinding pagbaha at sa balitang malakas ng hanging dala ng Bagyong #RollyPH, kung kaya, nagkusang lumikas ang mga residente. 

Sa pagtutulungan ng PLDT-Smart Foundation, One Meralco Foundation, PLDT CommRel Div, Smart Communications, Inc., Alagang Kapatid at 
ng Latter Day Saints Charities, nakatanggap ng food packs, hygiene kits at ilang vitamins at liniment ang mga evacuees. 

Inaantabayanan pa ang hagupit ng Bagyong #RollyPH sa Quezon. 

Magkatuwang ang Alagang Kapatid at Rescue 5 sa paghahatid ng tulong sa mga sinasalanta ng Bagyo. 

#TulongKapatid",,,"33","13",,"1",,"47","6","1604218315000","https://www.facebook.com/AlagangKapatidFoundationInc/posts/pfbid09g4T5ecsNp6nSobfm3LnCzRoTNE4cqFn4LfMX8PLRjKDSZKa3rrF9pVKohyTPoVVl"
"No photo description available.","3678002235555277","photo","https://www.facebook.com/photo/?fbid=3678002235555277&set=a.172241164924859",,,,,,,,,,,,,,,,,"100064169283678","La Verdad Correspondents","https://scontent-iad3-2.xx.fbcdn.net/v/t39.30808-1/465660020_8911939895494792_7915497176835006722_n.jpg?stp=cp0_dst-jpg_tt6&cstp=mx2000x2000&ctp=s40x40&_nc_cat=105&ccb=1-7&_nc_sid=2d3e12&_nc_ohc=R0RFSxRB0V0Q7kNvwGzT_r3&_nc_oc=Adrja7I-r2UwJLiRX5F4t6Fpa6nVDO5x0y26rJZYz7x1N_Rsw4jfmL97pZzlFD4Hp9A&_nc_zt=24&_nc_ht=scontent-iad3-2.xx&_nc_gid=zdamcCIpZV55YKGeq-ne_w&_nc_ss=7c2a8&oh=00_AQCb7Imv0LbKKGlVM3Kp7cIvOOKRglaYtqhlfJwIU6LXuQ&oe=6A5F9477","https://www.facebook.com/LaVerdadCorrespondents","0","3678002312221936","TINGNAN: Umabot hanggang binti ang baha sa Brgy. Banay-Banay, Cabuyao City, Laguna, partikular sa Phase 4 ng Lakesidenest Subdivision, dala ng bagyong #RollyPH.

via Claire Tolentino
Photo: Rainiel Carl Longalong",,,"24",,"3","2",,"29","2","1604229152000","https://www.facebook.com/LaVerdadCorrespondents/posts/pfbid0cwkVg85tnxBUYFVWYjLQvZhvNJ8c7vEa2wyNbvchSzHb8mVM1vG8Hqa7qN8LQbsql"
"No photo description available.","395206915223452","photo","https://www.facebook.com/photo.php?fbid=395206915223452&set=a.563487429153642&type=3","No photo description available.","395206965223447","photo","https://www.facebook.com/photo.php?fbid=395206965223447&set=a.563487429153642&type=3","No photo description available.","395206995223444","photo","https://www.facebook.com/photo.php?fbid=395206995223444&set=a.563487429153642&type=3","No photo description available.","395207041890106","photo","https://www.facebook.com/photo.php?fbid=395207041890106&set=a.563487429153642&type=3","No photo description available.","395207085223435","photo","https://www.facebook.com/photo.php?fbid=395207085223435&set=a.563487429153642&type=3","100064771688154","TAGA BICOL KAMI","https://scontent-iad6-1.xx.fbcdn.net/v/t39.30808-1/242747027_620041789406629_2838381782649243330_n.jpg?stp=cp0_dst-jpg_tt6&cstp=mx765x765&ctp=s40x40&_nc_cat=109&ccb=1-7&_nc_sid=2d3e12&_nc_ohc=ue3maWbf1pAQ7kNvwF0wV_M&_nc_oc=AdqzPad17K1F0ttna6YDZtTLqwdixBvlb5WBmVWsImeuXj0nk7bW3a4mb3m5yTpNcv0&_nc_zt=24&_nc_ht=scontent-iad6-1.xx&_nc_gid=zdamcCIpZV55YKGeq-ne_w&_nc_ss=7c2a8&oh=00_AQAniivemgngjtFvdohuwwuKw5pP64EveFAjGswTy9T9cQ&oe=6A5F9792","https://www.facebook.com/tbkfamily.group","1","395207561890054","Baha parin  ang bahagi ng Mabolo Naga Ciity...
brgy.pagdaicon zone5

#typhoonrolly2020
#bicolregion 
#tbk

ctto📸 Jinky Anton Arraz

#alexa💚",,,"12",,"17",,,"29","5","1604237453000","https://www.facebook.com/tbkfamily.group/posts/pfbid026Avq2hZ127urD8ZEwA1jocpreZ9agBAykkcqXk4XgaHQB91wco3Ar1QsgQ7NK428l"
"No photo description available.","3449521468450187","photo","https://www.facebook.com/photo/?fbid=3449521468450187&set=a.469401095219666",,,,,,,,,,,,,,,,,"100064493389547","Vios Pilipinas","https://scontent-iad3-1.xx.fbcdn.net/v/t39.30808-1/308071918_469401118552997_3835045928044597094_n.jpg?stp=c0.0.480.480a_cp0_dst-jpg_tt6&cstp=mx480x480&ctp=s40x40&_nc_cat=108&ccb=1-7&_nc_sid=2d3e12&_nc_ohc=tPPZuEi9w4EQ7kNvwGi2nTt&_nc_oc=AdqTZeoWqhByNuSfwkqrwdI2obDNb16Mh9zeeniZfyxT_UGCTbjAK-fScZgvg_RBgc4&_nc_zt=24&_nc_ht=scontent-iad3-1.xx&_nc_gid=zdamcCIpZV55YKGeq-ne_w&_nc_ss=7c2a8&oh=00_AQDx241dKvEHJR4OWsk0KrVMWKa1PjXE3BF0KUKLE_YsHA&oe=6A5FC72E","https://www.facebook.com/viospilipinas","1","3449521778450156","Baha ka lang
May EB kami ngayon

#ViosPilipinas

ccto",,"23","9","1",,,,"33","2","1604293795000","https://www.facebook.com/viospilipinas/posts/pfbid033yUmpxsrBH4PC4mt3TTEQwV2UT4ertZrr9L8ZnexTa3fYP2wyjXQASpXwMhD3tiJl"
"No photo description available.","2737384236516726","photo","https://www.facebook.com/photo.php?fbid=2737384236516726&set=a.512625087534333&type=3","No photo description available.","2737384273183389","photo","https://www.facebook.com/photo.php?fbid=2737384273183389&set=a.512625087534333&type=3","No photo description available.","2737384323183384","photo","https://www.facebook.com/photo.php?fbid=2737384323183384&set=a.512625087534333&type=3","No photo description available.","2737384393183377","photo","https://www.facebook.com/photo.php?fbid=2737384393183377&set=a.512625087534333&type=3","No photo description available.","2737384446516705","photo","https://www.facebook.com/photo.php?fbid=2737384446516705&set=a.512625087534333&type=3","100063605394587","Camella Santa Maria Bulacan","https://scontent-iad3-1.xx.fbcdn.net/v/t39.30808-1/651003774_1544505214346310_6537977580112737676_n.jpg?stp=cp0_dst-jpg_tt6&cstp=mx2048x2048&ctp=s40x40&_nc_cat=110&ccb=1-7&_nc_sid=2d3e12&_nc_ohc=PgVW7Y1UzH0Q7kNvwHvK6v_&_nc_oc=Adru1kTa-PaNu6ZcTuYHigQjvuRsvBOUEBW-GtRVNTKn-Hc69R6CrTf3z0rEMC-LgGk&_nc_zt=24&_nc_ht=scontent-iad3-1.xx&_nc_gid=zdamcCIpZV55YKGeq-ne_w&_nc_ss=7c2a8&oh=00_AQAZGf_6jgHvHKvAL46veWzXU3wD-x-R4eHA1PlVlJ0vCw&oe=6A5FB2F3","https://www.facebook.com/profile.php?id=100063605394587","68","2737384493183367","Hindi mo Deserve ang Baha !!!
Lipat na kay #CamellaLessandraStaMariaBulacan.

+63 915 600 8760
+63 928 178 7216",,"2","12","2",,"1",,"17","1","1604208936000","https://www.facebook.com/permalink.php?story_fbid=pfbid0hgrJxeGBMbFunBWaJMZqtzGtxi3wfRJUqrpn2Ye3R7JzK7B4rPs6AxqXuS6qExPyl&id=100063605394587"
"No photo description available.","452377185733042","photo","https://www.facebook.com/photo/?fbid=452377185733042&set=gm.3412266952191941",,,,,,,,,,,,,,,,,"100028822934971","John Ken Solano Purisima","https://scontent-iad3-1.xx.fbcdn.net/v/t39.30808-1/705749222_1776427013328046_3376481124163286349_n.jpg?stp=cp0_dst-jpg_tt6&cstp=mx1080x1080&ctp=s24x24&_nc_cat=108&ccb=1-7&_nc_sid=1d2534&_nc_ohc=b5lsM9cdocQQ7kNvwFtDyqU&_nc_oc=AdrUQvvN2sMIR1B2OoqtFKLM87PJKFE1KoUExuRYfcR1O48RW08IKCQY6dLxmSgSbyo&_nc_zt=24&_nc_ht=scontent-iad3-1.xx&_nc_gid=49xqwOywhcAr2sqICBVafA&_nc_ss=7c2a8&oh=00_AQDkpMR-MD6nxtYr-DWZCvX_VjRkSA2Xq-zwspLAovKGLA&oe=6A5F9D35","https://www.facebook.com/KenPurisima25","19","3412266952191941","Buti Di tumirik si dash Kht naka Open Carb Tnx lord di ako pinatulak sa gitna na Baha",,"1","37","1",,,,,,"1604208776000","https://www.facebook.com/groups/1210004219084903/permalink/3412266952191941/"
