"attachments/0/accessibilityCaption","attachments/0/id","attachments/0/type","attachments/0/url","attachments/1/accessibilityCaption","attachments/1/id","attachments/1/type","attachments/1/url","attachments/2/accessibilityCaption","attachments/2/id","attachments/2/type","attachments/2/url","attachments/3/accessibilityCaption","attachments/3/id","attachments/3/type","attachments/3/url","attachments/4/accessibilityCaption","attachments/4/id","attachments/4/type","attachments/4/url","author/id","author/name","author/profilePicture","author/profileUrl","commentsCount","postId","postText","reactions/haha","reactions/like","reactions/love","reactions/sorry","reactions/support","reactions/wow","reactionsCount","sharesCount","timestamp","url"
"No photo description available.","505661668244071","photo","https://www.facebook.com/photo.php?fbid=505661668244071&set=a.442128954597343&type=3","No photo description available.","505661734910731","photo","https://www.facebook.com/photo.php?fbid=505661734910731&set=a.442128954597343&type=3","No photo description available.","505661834910721","photo","https://www.facebook.com/photo.php?fbid=505661834910721&set=a.442128954597343&type=3",,,,,,,,,"100064007256552","NIAS News Weather - Philippines","https://scontent-iad6-1.xx.fbcdn.net/v/t39.30808-1/442495333_889199469890287_1586523659688786986_n.jpg?stp=cp0_dst-jpg_tt6&cstp=mx954x960&ctp=s40x40&_nc_cat=102&ccb=1-7&_nc_sid=2d3e12&_nc_ohc=oyS0-1Nwk3EQ7kNvwGRRoSB&_nc_oc=AdqlpMgK-uh6FNaAXflt32kgAN2qE1tfY6Fjj2UntJfW9awnnBSDyh_bztQZOGq7bz0&_nc_zt=24&_nc_ht=scontent-iad6-1.xx&_nc_gid=bV6ncvv_mqA18_NnKqDIuQ&_nc_ss=7e2a8&oh=00_AQAoTVwGRsL_dn80wXswaSMhTzO_h-ijLphmHDD_GNOFBw&oe=6A5E7DB7","https://www.facebook.com/NIASNewsWeather","8","505661941577377","MGA BAHAY SA ISANG BARANGAY SA LAGUNA NALUBOG NA SA BAHA 🌧️. Dahil sa walang patid na buhos ng ulan dulot ng Severe Tropical Storm #PaengPH ay nalubog na ang mga kabahayan na nasa low lying areas sa Barangay Maitim, Bay, Laguna kanina. RVG, NIAS News Philippines #NewsALERT #FloodPH #maybagyo

Kanias I share ang post na ito para sa pinakasariwang balita at inpormasyon",,"77",,"211","4",,"292","90","1667049368000","https://www.facebook.com/NIASNewsWeather/posts/pfbid02fhxfLyk1SZXnWsnyvTRFCWgZFcitL15kp1pyQ6k6btXrVGKStnK9JWbpewN8i8H9l"
"No photo description available.","505691261574445","photo","https://www.facebook.com/photo.php?fbid=505691261574445&set=a.442128954597343&type=3","No photo description available.","505691301574441","photo","https://www.facebook.com/photo.php?fbid=505691301574441&set=a.442128954597343&type=3",,,,,,,,,,,,,"100064007256552","NIAS News Weather - Philippines","https://scontent-iad6-1.xx.fbcdn.net/v/t39.30808-1/442495333_889199469890287_1586523659688786986_n.jpg?stp=cp0_dst-jpg_tt6&cstp=mx954x960&ctp=s40x40&_nc_cat=102&ccb=1-7&_nc_sid=2d3e12&_nc_ohc=oyS0-1Nwk3EQ7kNvwGRRoSB&_nc_oc=AdqlpMgK-uh6FNaAXflt32kgAN2qE1tfY6Fjj2UntJfW9awnnBSDyh_bztQZOGq7bz0&_nc_zt=24&_nc_ht=scontent-iad6-1.xx&_nc_gid=bV6ncvv_mqA18_NnKqDIuQ&_nc_ss=7e2a8&oh=00_AQAoTVwGRsL_dn80wXswaSMhTzO_h-ijLphmHDD_GNOFBw&oe=6A5E7DB7","https://www.facebook.com/NIASNewsWeather","0","505691321574439","KAILANGAN NG RESCUE ⚠️. Isang mag-anak ang na-trap sa bubungan ng kanilang bahay sa Barangay San Juan 1, Noveleta, Cavite ngayong gabi matapos umabot sa lagpas bahay ang baha sa kanilang lugar dulot ng Severe Tropical Storm #PaengPH. RVG, NIAS News Philippines #NewsALERT #FloodPH #maybagyo [Photos via Ria Dela Cruz]

Kanias I share ang post na ito para sa pinakasariwang balita at inpormasyon",,"14",,"37","1",,"52","21","1667051912000","https://www.facebook.com/NIASNewsWeather/posts/pfbid05ZDatR1m2wAHWm5mijWuNHsrnagcDjnzHn41r6SAVsKqb3Wsqjvc5aJ9c9v16PA1l"
"No photo description available.","505686481574923","photo","https://www.facebook.com/photo/?fbid=505686481574923&set=a.442128954597343",,,,,,,,,,,,,,,,,"100064007256552","NIAS News Weather - Philippines","https://scontent-iad6-1.xx.fbcdn.net/v/t39.30808-1/442495333_889199469890287_1586523659688786986_n.jpg?stp=cp0_dst-jpg_tt6&cstp=mx954x960&ctp=s40x40&_nc_cat=102&ccb=1-7&_nc_sid=2d3e12&_nc_ohc=oyS0-1Nwk3EQ7kNvwGRRoSB&_nc_oc=AdqlpMgK-uh6FNaAXflt32kgAN2qE1tfY6Fjj2UntJfW9awnnBSDyh_bztQZOGq7bz0&_nc_zt=24&_nc_ht=scontent-iad6-1.xx&_nc_gid=bV6ncvv_mqA18_NnKqDIuQ&_nc_ss=7e2a8&oh=00_AQAoTVwGRsL_dn80wXswaSMhTzO_h-ijLphmHDD_GNOFBw&oe=6A5E7DB7","https://www.facebook.com/NIASNewsWeather","0","505686514908253","HOSPITAL SA LAGUNA PINASOK NA RIN NG BAHA 🌧️. Pinasok na rin ng tubig-baha ang loob ng LPH-San Pedro District Hospital sa San Pedro, Laguna ngayong gabi dahil din sa pananalasa ng Severe Tropical Storm #PaengPH. RVG, NIAS News Philippines #NewsALERT #FloodPH #maybagyo [Photo via Christina Arciaga Herrera]

Kanias I share ang post na ito para sa pinakasariwang balita at inpormasyon",,"13",,"36","3","1","53","7","1667051468000","https://www.facebook.com/NIASNewsWeather/posts/pfbid0rHcWnzVoP8ZMEZ8CpJZBFUUdYRBNXtkouJ56fNMcd8by7pmHfXcdhLstvL3jNXWUl"
,,,,,,,,,,,,,,,,,,,,"100076847001621","Neozeke","https://scontent-iad3-2.xx.fbcdn.net/v/t39.30808-1/271624373_101748729070767_1221990042309121054_n.jpg?stp=cp0_dst-jpg_tt6&cstp=mx960x960&ctp=s40x40&_nc_cat=103&ccb=1-7&_nc_sid=2d3e12&_nc_ohc=yvOD2g147VIQ7kNvwGfb9NZ&_nc_oc=Adqqc8sBFyJQ6oar9Corm4MtT3FtUlVIE47CcKRPBwRaoawcOLNPSBX-7GnqmUsM_5w&_nc_zt=24&_nc_ht=scontent-iad3-2.xx&_nc_gid=bV6ncvv_mqA18_NnKqDIuQ&_nc_ss=7e2a8&oh=00_AQCzw7n-crT8sOlHki5bgzcQp3V0W3df0xgH93fr3EOgww&oe=6A5EACB3","https://www.facebook.com/iamneozeke","1","441626154782842","🔥🔥🔥",,"51","17",,"2",,"70","1","1666961650000","https://www.facebook.com/permalink.php?story_fbid=pfbid0qETNRVr1VYMGSPGr3ZvhhwSg5jRKkfYr1W5EByUJRJSqm2YxMfy1BLmsQcK5EL72l&id=100068063823731"
"No photo description available.","505668464910058","photo","https://www.facebook.com/photo.php?fbid=505668464910058&set=a.442128954597343&type=3","No photo description available.","505668681576703","photo","https://www.facebook.com/photo.php?fbid=505668681576703&set=a.442128954597343&type=3","No photo description available.","505668761576695","photo","https://www.facebook.com/photo.php?fbid=505668761576695&set=a.442128954597343&type=3","No photo description available.","505668841576687","photo","https://www.facebook.com/photo.php?fbid=505668841576687&set=a.442128954597343&type=3","No photo description available.","505669031576668","photo","https://www.facebook.com/photo.php?fbid=505669031576668&set=a.442128954597343&type=3","100064007256552","NIAS News Weather - Philippines","https://scontent-iad6-1.xx.fbcdn.net/v/t39.30808-1/442495333_889199469890287_1586523659688786986_n.jpg?stp=cp0_dst-jpg_tt6&cstp=mx954x960&ctp=s40x40&_nc_cat=102&ccb=1-7&_nc_sid=2d3e12&_nc_ohc=oyS0-1Nwk3EQ7kNvwGRRoSB&_nc_oc=AdqlpMgK-uh6FNaAXflt32kgAN2qE1tfY6Fjj2UntJfW9awnnBSDyh_bztQZOGq7bz0&_nc_zt=24&_nc_ht=scontent-iad6-1.xx&_nc_gid=bV6ncvv_mqA18_NnKqDIuQ&_nc_ss=7e2a8&oh=00_AQAoTVwGRsL_dn80wXswaSMhTzO_h-ijLphmHDD_GNOFBw&oe=6A5E7DB7","https://www.facebook.com/NIASNewsWeather","3","505669234909981","BAHA SA BATANGAS 🌧️. Binaha rin ang ilang kalsada sa Lipa, Batangas dahil sa walang patid na buhos ng ulan dala ng Severe Tropical Storm #PaengPH, kaninang hapon ay nasa vicinity ng San Juan Batangas ang sentro ng bagyo. RVG, NIAS News Philippines #NewsALERT #FloodPH #maybagyo [Photos via Jevs Villanueva]

Kanias I share ang post na ito para sa pinakasariwang balita at inpormasyon",,"48",,"41","7","1","97","18","1667049956000","https://www.facebook.com/NIASNewsWeather/posts/pfbid0kBfR89QEXwWAEWpXuahT2pzatkXT2Pb2AawSCfHGbRCRQCMLeiouRT6dVQ952FbFl"
"No photo description available.","505578374919067","photo","https://www.facebook.com/photo.php?fbid=505578374919067&set=a.442128954597343&type=3","No photo description available.","505578408252397","photo","https://www.facebook.com/photo.php?fbid=505578408252397&set=a.442128954597343&type=3","No photo description available.","505578508252387","photo","https://www.facebook.com/photo.php?fbid=505578508252387&set=a.442128954597343&type=3","No photo description available.","505582891585282","photo","https://www.facebook.com/photo.php?fbid=505582891585282&set=a.442128954597343&type=3",,,,,"100064007256552","NIAS News Weather - Philippines","https://scontent-iad6-1.xx.fbcdn.net/v/t39.30808-1/442495333_889199469890287_1586523659688786986_n.jpg?stp=cp0_dst-jpg_tt6&cstp=mx954x960&ctp=s40x40&_nc_cat=102&ccb=1-7&_nc_sid=2d3e12&_nc_ohc=oyS0-1Nwk3EQ7kNvwGRRoSB&_nc_oc=AdqlpMgK-uh6FNaAXflt32kgAN2qE1tfY6Fjj2UntJfW9awnnBSDyh_bztQZOGq7bz0&_nc_zt=24&_nc_ht=scontent-iad6-1.xx&_nc_gid=bV6ncvv_mqA18_NnKqDIuQ&_nc_ss=7e2a8&oh=00_AQAoTVwGRsL_dn80wXswaSMhTzO_h-ijLphmHDD_GNOFBw&oe=6A5E7DB7","https://www.facebook.com/NIASNewsWeather","1","505582914918613","KATAWAN NG BABAENG TINANGAY NAREKOBER NA. Narekober na ng mga tauhan ng  Bureau of Fire Protection sa  Antique ang labi ng babaeng tinangay ng baha sa kasagsagan ng pananalasa ng Severe Tropical Storm #PaengPH. [Photos via BFP]

Kanias I share ang post na ito para sa pinakasariwang balita at inpormasyon",,"13",,"53",,,"66","7","1667041459000","https://www.facebook.com/NIASNewsWeather/posts/pfbid02n4Kr7LpizUsiLaZ3dPBxWxqC9PGxV15AtEYzKLDV8L2nRFeNR3wrGL8j8uNeUZWJl"
"No photo description available.","504417898368448","photo","https://www.facebook.com/photo.php?fbid=504417898368448&set=a.442128954597343&type=3","No photo description available.","504418408368397","photo","https://www.facebook.com/photo.php?fbid=504418408368397&set=a.442128954597343&type=3","No photo description available.","504418451701726","photo","https://www.facebook.com/photo.php?fbid=504418451701726&set=a.442128954597343&type=3","No photo description available.","504418505035054","photo","https://www.facebook.com/photo.php?fbid=504418505035054&set=a.442128954597343&type=3","No photo description available.","504418538368384","photo","https://www.facebook.com/photo.php?fbid=504418538368384&set=a.442128954597343&type=3","100064007256552","NIAS News Weather - Philippines","https://scontent-iad6-1.xx.fbcdn.net/v/t39.30808-1/442495333_889199469890287_1586523659688786986_n.jpg?stp=cp0_dst-jpg_tt6&cstp=mx954x960&ctp=s40x40&_nc_cat=102&ccb=1-7&_nc_sid=2d3e12&_nc_ohc=oyS0-1Nwk3EQ7kNvwGRRoSB&_nc_oc=AdqlpMgK-uh6FNaAXflt32kgAN2qE1tfY6Fjj2UntJfW9awnnBSDyh_bztQZOGq7bz0&_nc_zt=24&_nc_ht=scontent-iad6-1.xx&_nc_gid=wsqAbjY1NOJ_Illrtsu7lA&_nc_ss=7e2a8&oh=00_AQAYeunvdeJN3zQk4u4ASoDRlHNMkk-wT4zxj6NPIotK5A&oe=6A5E7DB7","https://www.facebook.com/NIASNewsWeather","3","504418738368364","NAMATAY NA MGA HAYOP DAHIL SA BAHA 🌧️. Nasawi naman sa matinding pagbaha ang ilang alagang hayop  sa bayan ng Datu Blah Sinsuat sa Maguindanao dahil pa rin sa  walang patid na buhos ng malakas na ulang dulot ng Tropical Storm #PaengPH, nasira din ang ilang sasakyan at motorsiklo matapos mabagsakan ng puno at mga kahoy . RVG, NIAS News Philippines #NewsALERT #FloodPH #maybagyo [Photos via Norhanna Bandon]

Kanias I share ang post na ito para sa pinakasariwang balita at inpormasyon",,"22",,"47","1",,"70","10","1666923913000","https://www.facebook.com/NIASNewsWeather/posts/pfbid02p8296hepKr1dPYwkfSBjBN4DpDZBnQWEWQ3GwRw3Db7mGhB7UF9Ab6sgBkHqA7Rml"
"No photo description available.","115862481312139","photo","https://www.facebook.com/photo.php?fbid=115862481312139&set=a.108657402032647&type=3","No photo description available.","115862507978803","photo","https://www.facebook.com/photo.php?fbid=115862507978803&set=a.108657402032647&type=3",,,,,,,,,,,,,"100086651629701","Gala ni Victor","https://scontent-iad6-1.xx.fbcdn.net/v/t39.30808-1/338690634_907748743850109_3448003463881385919_n.jpg?stp=cp0_dst-jpg_tt6&cstp=mx945x960&ctp=s40x40&_nc_cat=107&ccb=1-7&_nc_sid=2d3e12&_nc_ohc=ZRO5FxWIW48Q7kNvwF-UZQT&_nc_oc=Adr0fu_tDrjnAtgzhet5AnYnoXo9j1KAqQBHnXMA4i4VT6VlTQqhgPzs_hyTAXyY28Q&_nc_zt=24&_nc_ht=scontent-iad6-1.xx&_nc_gid=wsqAbjY1NOJ_Illrtsu7lA&_nc_ss=7e2a8&oh=00_AQDnHnYPnH77nAI93rrJsIQQiVfPTk3rS7a1NDLWHcTLJg&oe=6A5E9B20","https://www.facebook.com/profile.php?id=100086651629701","5","115862524645468","Story time... alas kwatro Ng hapon umakyat ako Ng tagaytay Ng naka motor mga ka gala...sinalubong ko si bagyong paeng Kaya Naman .. pero pag dating sa bacoor Ang baha abot upuan Ng motor ikot hanap Ng daan sugod sa mga kayang TaaS Ng baha at Nung malapit na ako sa amadeo...dahil ginabi na ako  nde ko na Makita yung laki Ng tubig na sinasalubong ko hanggang sa nagulat na Lang ako😱 at na out balance sa lakas Ng ragasa Ng tubig pasalubong sa akin Buti na Lang may tumakbong lalaki papalapit sakin at tinulungan nia akong makaalis sa sobrang lakas na agos, kung nde nia agad ako natulungan malamang inanod na Ang motor😭 goodbye adv ...nadala nia ako sa gilid, Kya Pala may mga sasakyan na nakaparada sa tabi 🚙🚗🛻dahil may mas matinde pa lang tatawirin, Hanggang tuhod lang Ang tubig pero sobrang lakas Ng current,bumaba ako sa motor at tiningnan ko kung anung pede kong Gawin.. no choice pero Ang salubungin Ang rumaragasang tubig dahil sa tingin ko pag nagtagal pa ako Ng ilang minuto dun sa lakas Ng ulan at walang tigil ma trap din ako at goodbye adv🛵🏍️ Talaga..Kya agad agad akong huminge  Ng tulong sa mga nandun dahil nakikita ko kinakaya Ng jeep makalusot, sinabi ko na itatawid ko yung motor ko pero isasabay ko sa dadaan na sasakyan para maawat Ang lakas Ng tubig nakakita ako Ng truck 🚛hinarang ko at pinakiusapan na sasabay ako sa pag tawid nya, SB nila Basta walang sisihan kung Anu man Ang mangyari🥺 nagtulong tulong kameng 🧒🧑🧔🧑‍🦲🧑‍🦱5 para itulak Ang motor🛵 binigay ko Ang 💯Isang Daan porsyento Ng aking lakas, kahit sinabi sakin Ng mga tumulong na walang sisihan pag nde namin naitawid Ang motor 🛵dahil delikado Talaga at totoo namn Yun..pero pinilit ko Talaga sila dahil walang choice..sa awa Ng diyos na itawid namin at Yung iBang sasakyan nag sitawid na din..grabe Ang naramdaman ko Ang puso💓 ko parang gusto Ng lumabas sa takot at pagod ..pero nde pa natapos dun dahil Nung andito na ako sa tagaytay ramdam na ramdam ko na Yung sinasabing signal number 3 grabe ka PAENG⛈️ Yung pinatatakbo ko ung motor pero parang may pwersa na pumipigil sakin ganun katinde Ang hangin...pero syempre sa lahat Ng pinag daanan ko dasal 🙏lang Ang naging sandata ko..Thank you Lord 🙏sa pag guide sa akin at nakaratng ako Ng matiwasay sa aming bahay...kakaibang experience na nde ko malilimutan..
kayo na bahala sa lesson learn🤣

Ps: kuha yan Nung nag stop over ako Kase kumain ako Ng la paz batchoy🍜 na paborito ko..at syempre kape is life💓☕💓",,"14","4",,"4",,"22","0","1667080817000","https://www.facebook.com/permalink.php?story_fbid=pfbid02JAAD6Qv5Lcu53DAt2FGzaLKuVqA2tmUCUQLdFidi6EV6Hgy2pMc3tdhWraHzVoNql&id=100086651629701"
"No photo description available.","505308448279393","photo","https://www.facebook.com/photo.php?fbid=505308448279393&set=a.442128954597343&type=3","No photo description available.","505308551612716","photo","https://www.facebook.com/photo.php?fbid=505308551612716&set=a.442128954597343&type=3","No photo description available.","505308611612710","photo","https://www.facebook.com/photo.php?fbid=505308611612710&set=a.442128954597343&type=3",,,,,,,,,"100064007256552","NIAS News Weather - Philippines","https://scontent-iad6-1.xx.fbcdn.net/v/t39.30808-1/442495333_889199469890287_1586523659688786986_n.jpg?stp=cp0_dst-jpg_tt6&cstp=mx954x960&ctp=s40x40&_nc_cat=102&ccb=1-7&_nc_sid=2d3e12&_nc_ohc=oyS0-1Nwk3EQ7kNvwGRRoSB&_nc_oc=AdqlpMgK-uh6FNaAXflt32kgAN2qE1tfY6Fjj2UntJfW9awnnBSDyh_bztQZOGq7bz0&_nc_zt=24&_nc_ht=scontent-iad6-1.xx&_nc_gid=wsqAbjY1NOJ_Illrtsu7lA&_nc_ss=7e2a8&oh=00_AQAYeunvdeJN3zQk4u4ASoDRlHNMkk-wT4zxj6NPIotK5A&oe=6A5E7DB7","https://www.facebook.com/NIASNewsWeather","2","505308631612708","BAHA SA MARINDUQUE 🌀⛈️. Nakaranas na rin ng matinding pagbaha ang mga residente sa Barangay Malusak, Boac, Marinduque, dahil sa bagyong #PaengPH ngayong araw. RVG, NIAS News Philippines #NewsALERT #FloodPH #maybagyo [Photos via Alex Fellizar]

Kanias I share ang post na ito para sa pinakasariwang balita at inpormasyon",,"19",,"30","2",,"51","4","1667014718000","https://www.facebook.com/NIASNewsWeather/posts/pfbid0TTYpEcT7zJdCAZB2mJaQVpXP2zdtb7j53nAGVVDWJdJfxvEgRxGyQcFikbJFefiPl"
"No photo description available.","504415238368714","photo","https://www.facebook.com/photo.php?fbid=504415238368714&set=a.442128954597343&type=3","No photo description available.","504415285035376","photo","https://www.facebook.com/photo.php?fbid=504415285035376&set=a.442128954597343&type=3","No photo description available.","504415348368703","photo","https://www.facebook.com/photo.php?fbid=504415348368703&set=a.442128954597343&type=3","No photo description available.","504415411702030","photo","https://www.facebook.com/photo.php?fbid=504415411702030&set=a.442128954597343&type=3","No photo description available.","504415481702023","photo","https://www.facebook.com/photo.php?fbid=504415481702023&set=a.442128954597343&type=3","100064007256552","NIAS News Weather - Philippines","https://scontent-iad6-1.xx.fbcdn.net/v/t39.30808-1/442495333_889199469890287_1586523659688786986_n.jpg?stp=cp0_dst-jpg_tt6&cstp=mx954x960&ctp=s40x40&_nc_cat=102&ccb=1-7&_nc_sid=2d3e12&_nc_ohc=oyS0-1Nwk3EQ7kNvwGRRoSB&_nc_oc=AdqlpMgK-uh6FNaAXflt32kgAN2qE1tfY6Fjj2UntJfW9awnnBSDyh_bztQZOGq7bz0&_nc_zt=24&_nc_ht=scontent-iad6-1.xx&_nc_gid=wsqAbjY1NOJ_Illrtsu7lA&_nc_ss=7e2a8&oh=00_AQAYeunvdeJN3zQk4u4ASoDRlHNMkk-wT4zxj6NPIotK5A&oe=6A5E7DB7","https://www.facebook.com/NIASNewsWeather","1","504415575035347","BAHA SA MAGUINDANAO DAHIL SA BAGYONG PAENG 🌀🌧️. : Binaha rin ang mga residente sa Brgy. Tambunan 1, Talayan, sa probinsya ng Maguindanao dahil sa mataas na pagbaha dulot ng tuloy-tuloy na buhos ng malakas na ulan na epekto ng Tropical Storm #PaengPH, inilikas na rin ang mga apektadonh residente. RVG, NIAS News Philippines #NewsALERT #FloodPH #maybagyo [Photos via Lino Layagin Mid]

Kanias I share ang post na ito para sa pinakasariwang balita at inpormasyon",,"10",,"10","2",,"22","6","1666923608000","https://www.facebook.com/NIASNewsWeather/posts/pfbid02QPeNBF66F3RoApfbU9oRQGVFbntYYUEtqJ2i3y6xvmhabZSftgT9oy2djTNXJ1NSl"
"No photo description available.","106216338961876","photo","https://www.facebook.com/photo.php?fbid=106216338961876&set=a.106216462295197&type=3","No photo description available.","106216392295204","photo","https://www.facebook.com/photo.php?fbid=106216392295204&set=a.106216462295197&type=3","No photo description available.","106216442295199","photo","https://www.facebook.com/photo.php?fbid=106216442295199&set=a.106216462295197&type=3","No photo description available.","106221868961323","photo","https://www.facebook.com/photo.php?fbid=106221868961323&set=a.106216462295197&type=3","No photo description available.","106221915627985","photo","https://www.facebook.com/photo.php?fbid=106221915627985&set=a.106216462295197&type=3","100087205298560","Jay Chon","https://scontent-iad3-2.xx.fbcdn.net/v/t1.30497-1/453178253_471506465671661_2781666950760530985_n.png?stp=cp0_dst-png&cstp=mx2048x2048&ctp=s40x40&_nc_cat=1&ccb=1-7&_nc_sid=136b72&_nc_ohc=jcZuiBJJlywQ7kNvwFirZGb&_nc_oc=Adr-EaCTnzAaYTEvyxG6tPJgw0uowHGmBWvLIXMXV7HB0ojJW5FsShI_YySmBNslSe0&_nc_zt=24&_nc_ht=scontent-iad3-2.xx&_nc_ss=7e2a8&oh=00_AQBDZfS5rsfEVRYS2-4KAN3Bzk9qR_9u4yS3h3_SEpiFsg&oe=6A80293A","https://www.facebook.com/profile.php?id=100087205298560","8","106216465628530","Baha na akotan na nang manga gamit🙏🙏🙏",,"1","1",,,,"2","0","1667027971000","https://www.facebook.com/permalink.php?story_fbid=pfbid0xJeaEidWT2QHFaENTpM5jSq7WJBBLA4o1KvHQB5oZ3GBz2shCM5e5BG39bHHQwWSl&id=100087205298560"
"No photo description available.","511270867680564","photo","https://www.facebook.com/photo/?fbid=511270867680564&set=a.481794093961575",,,,,,,,,,,,,,,,,"100063929650060","Chris Chen","https://scontent-iad6-1.xx.fbcdn.net/v/t39.30808-1/484254733_1107011454773166_2051499166255528213_n.jpg?stp=cp6_dst-jpg_tt6&cstp=mx2048x2048&ctp=s40x40&_nc_cat=106&ccb=1-7&_nc_sid=2d3e12&_nc_ohc=QlQcsWDmjz4Q7kNvwHjrSAB&_nc_oc=AdoeTxKpPBF89pWFbWlYqw-T6H6abJfsRNZsvfhZv7hNxEcamCaYny6hqkAT4l18SwU&_nc_zt=24&_nc_ht=scontent-iad6-1.xx&_nc_gid=wsqAbjY1NOJ_Illrtsu7lA&_nc_ss=7e2a8&oh=00_AQCf8CXtju1rJWMJSczbLrMPBT5t53lBZGe2YjOY1Pfnkg&oe=6A5E98DD","https://www.facebook.com/mangobravoo","1","511270911013893","Baha ka lang AMPLFY streamers kami buhay pa kami guys sana nakauwi lahat from esgs ng safe

Stay safe, stay dry, stay alive my neighbors",,"2","4",,"1","1","8","0","1667076230000","https://www.facebook.com/mangobravoo/posts/pfbid02s7SpzYAvaL7k67VahSvN6xkhmBU739ituL7e5JoWtY9KTBPHR9sp2ijY8iM6YcHMl"
,,,,,,,,,,,,,,,,,,,,"100064694886215","Marikina PIO","https://scontent-iad6-1.xx.fbcdn.net/v/t39.30808-1/243382346_230073989159096_208998729329550570_n.png?stp=c10.0.557.557a_cp0_dst-png&cstp=mx557x557&ctp=s40x40&_nc_cat=107&ccb=1-7&_nc_sid=2d3e12&_nc_ohc=BQfuPzxZVqkQ7kNvwHUlz1S&_nc_oc=AdoS8ZxbeM71umOyA5Xgx9kWKbVTkfiepvtbh9J5b8bIgSM825HqlyxQfJNiITq-FXI&_nc_zt=24&_nc_ht=scontent-iad6-1.xx&_nc_gid=ibuU_PLKVsGesS1OeBUlVg&_nc_ss=7e2a8&oh=00_AQA5PFWwmSRjCd8gwTvIl96_-9lH-qOduM2hXD60Vv3ryg&oe=6A5E7C4D","https://www.facebook.com/MarikinaPIO","0","189407163613206","mag ingat po ang lahat ng tiga marikina, wag po sana tayo abutin ng baha 🙏",,,,,,,"0","0","1667023146000","https://www.facebook.com/Speedfix08/posts/pfbid0szfbZaQHa88rnngWNsyvLafJybAztQmdZfWxh3sVMRDTbcuUnmcfFP4JjhLqbQ7dl"
,,,,,,,,,,,,,,,,,,,,"100050204947998","Bess VB","https://scontent-iad6-1.xx.fbcdn.net/v/t1.6435-1/93776986_103343658015799_385792984936873984_n.jpg?stp=cp0_dst-jpg_tt6&cstp=mx2027x2048&ctp=s24x24&_nc_cat=109&ccb=1-7&_nc_sid=e99d92&_nc_ohc=pTnbjkMxsx8Q7kNvwGCn99p&_nc_oc=AdqMTQ5KeVa_6iNwTTz8sl3FcmxDj7Id23jj84bSQwunSV0psbK1TpWZEyXszDDGuoI&_nc_zt=24&_nc_ht=scontent-iad6-1.xx&_nc_gid=ibuU_PLKVsGesS1OeBUlVg&_nc_ss=7e2a8&oh=00_AQB_9yCJDSQqTI7uT86BHpkZRuGnZS43mwknGK2fTlC0Vw&oe=6A8049E7","https://www.facebook.com/bess.vb.7","0","1784808851887453","IWAS BAHA!!!

BODEGA / OFFICE SPACE /GYM FOR LEASE Located 3rd floor of the building at aldebaran st. Las Pinas near NEW LAS PINAS  MARKET/LANDBANK/REALMS MEHLEE GROCERY, 10minutes in going to PERPETUAL UNIVERSITY OF LAS PINAS,ONE RIDE TO SM.HYPERMARKET

If interested you may call or txt this cel#
09175118690

HURRY RESERVE NOW!!!!!",,,,,,,"0","0","1667010973000","https://www.facebook.com/groups/814519768916371/permalink/1784808851887453/?sale_post_id=1784808851887453"
"No photo description available.","505281774948727","photo","https://www.facebook.com/photo.php?fbid=505281774948727&set=a.447865707357001&type=3","No photo description available.","505282504948654","photo","https://www.facebook.com/photo.php?fbid=505282504948654&set=a.447865707357001&type=3","No photo description available.","505282604948644","photo","https://www.facebook.com/photo.php?fbid=505282604948644&set=a.447865707357001&type=3","No photo description available.","505282684948636","photo","https://www.facebook.com/photo.php?fbid=505282684948636&set=a.447865707357001&type=3","No photo description available.","505282748281963","photo","https://www.facebook.com/photo.php?fbid=505282748281963&set=a.447865707357001&type=3","100064007256552","NIAS News Weather - Philippines","https://scontent-iad6-1.xx.fbcdn.net/v/t39.30808-1/442495333_889199469890287_1586523659688786986_n.jpg?stp=cp0_dst-jpg_tt6&cstp=mx954x960&ctp=s40x40&_nc_cat=102&ccb=1-7&_nc_sid=2d3e12&_nc_ohc=oyS0-1Nwk3EQ7kNvwGRRoSB&_nc_oc=AdqlpMgK-uh6FNaAXflt32kgAN2qE1tfY6Fjj2UntJfW9awnnBSDyh_bztQZOGq7bz0&_nc_zt=24&_nc_ht=scontent-iad6-1.xx&_nc_gid=ibuU_PLKVsGesS1OeBUlVg&_nc_ss=7e2a8&oh=00_AQATRCBO-h_sowobbPrrMTMffqr-KuzEXK3Mlw5jjW4CPA&oe=6A5E7DB7","https://www.facebook.com/NIASNewsWeather","0","505282778281960","BAHA SA LEYTE ⛈️🌀. Gumamit na ng sirang refrigerator at plastic na upuan ang mga tauhan ng Philippine Coast Guard rescuers upang mailikas ang ilang mga kabataan at matatanda na na-stranded dahil sa mataas na baha dahil sa Severe Tropical Storm #PaengPH sa Hilongos, Leyte. RVG, NIAS News Philippines #NewsALERT #FloodPH #maybagyo [Photos via Philippine Coast Guard]

Kanias I share ang post na ito para sa pinakasariwang balita at inpormasyon",,"3",,"11","4",,"18","4","1667012034000","https://www.facebook.com/NIASNewsWeather/posts/pfbid02pM1uepTzoPnNpJGi3pQ6F6cdJ5uH2MUzJ7sd6EJdRMDFh6ko5x3Yi55AeWnVzwKhl"
,"444994784412676","video",,,,,,,,,,,,,,,,,,"100083126540653","Angie Soriano Vlogs","https://scontent-iad3-2.xx.fbcdn.net/v/t39.30808-1/290529384_109063205188879_1840103555401621537_n.jpg?stp=cp0_dst-jpg_tt6&cstp=mx958x960&ctp=s40x40&_nc_cat=111&ccb=1-7&_nc_sid=2d3e12&_nc_ohc=C-mtjUHhhSsQ7kNvwE34pjd&_nc_oc=AdojG7G0Vgbvnv7zKYtu7O-zNHhOUO1fUg10n1oG5JunUloHwXHaFWwvSVcX5YLmOLU&_nc_zt=24&_nc_ht=scontent-iad3-2.xx&_nc_gid=ibuU_PLKVsGesS1OeBUlVg&_nc_ss=7e2a8&oh=00_AQBcrDXfexaxTlNcQ7oMPonfcDVzmP7ErM1QRJUxI8t_uw&oe=6A5EB2E9","https://www.facebook.com/angiesorianovlogs","19","140832668697617","Eto na naman po ang baha..
Libis bulelak Malanday marikina ..
Thypoon Paeng..",,"8","2","10","4",,"24","2","1667033730000","https://www.facebook.com/angiesorianovlogs/videos/444994784412676/"
,,,,,,,,,,,,,,,,,,,,"100083112410007","Bayan ng Montalban","https://scontent-iad3-1.xx.fbcdn.net/v/t39.30808-1/666495367_942507755196296_8478441648281040178_n.jpg?stp=c37.37.526.526a_cp0_dst-jpg_tt6&cstp=mx526x526&ctp=s40x40&_nc_cat=104&ccb=1-7&_nc_sid=2d3e12&_nc_ohc=-hUZ4qMhjXoQ7kNvwFUfErq&_nc_oc=AdrqKgD20BtfZ-ripVFzF3iZa1Zsv111sE1EqDCekPhguohCBOo26s09XNt7a3AsKws&_nc_zt=24&_nc_ht=scontent-iad3-1.xx&_nc_gid=ibuU_PLKVsGesS1OeBUlVg&_nc_ss=7e2a8&oh=00_AQCqhFAkCfp31oIyU7BfR5ze9gTOHV20gEgojawRII0ZBQ&oe=6A5EACE5","https://www.facebook.com/BayanNgMontalbanOfficial","4","545258690940751","May baha na samin..tigil na ulan",,"10",,"25","10",,"45","1","1667031887000","https://www.facebook.com/Halaman25/posts/pfbid0qhsFWNHSWpq6bKG5shVENP5kiVzgHKHqAxY5rn36Y2HArriRVdEEz8Un9RMd4Ffvl"
"No photo description available.","504423258367912","photo","https://www.facebook.com/photo.php?fbid=504423258367912&set=a.442128954597343&type=3","No photo description available.","504423311701240","photo","https://www.facebook.com/photo.php?fbid=504423311701240&set=a.442128954597343&type=3","No photo description available.","504423371701234","photo","https://www.facebook.com/photo.php?fbid=504423371701234&set=a.442128954597343&type=3",,,,,,,,,"100064007256552","NIAS News Weather - Philippines","https://scontent-iad6-1.xx.fbcdn.net/v/t39.30808-1/442495333_889199469890287_1586523659688786986_n.jpg?stp=cp0_dst-jpg_tt6&cstp=mx954x960&ctp=s40x40&_nc_cat=102&ccb=1-7&_nc_sid=2d3e12&_nc_ohc=oyS0-1Nwk3EQ7kNvwGRRoSB&_nc_oc=AdqlpMgK-uh6FNaAXflt32kgAN2qE1tfY6Fjj2UntJfW9awnnBSDyh_bztQZOGq7bz0&_nc_zt=24&_nc_ht=scontent-iad6-1.xx&_nc_gid=bcvK7OWhxQu6PsPMI5cvlQ&_nc_ss=7e2a8&oh=00_AQC94y_DpsPA-2kdRETvmOyTl6EPo2Ts0ErOVKkoiPBWVQ&oe=6A5E7DB7","https://www.facebook.com/NIASNewsWeather","0","504429278367310","BAHA SA CAPIZ 🌧️. Hindi rin nakaligtas ang bayan ng Cuartero sa  Capiz matapos bahain ngayong umaga dulot ng epekto ng Tropical Storm #PaengPH. RVG, NIAS News Philippines #NewsALERT #FloodPH #maybagyo [Photos via PDRRMO Capiz]

Kanias I share ang post na ito para sa pinakasariwang balita at inpormasyon",,"5",,"5","1",,"11","2","1666924951000","https://www.facebook.com/NIASNewsWeather/posts/pfbid02QBjxtPTkti5RFwYRgrCFTekDo644aTeFRw4F3njKA6zvqguReEmyyYjhHhMnXxBkl"
,,,,,,,,,,,,,,,,,,,,"100064598474776","Pagasa Nationalcapitalregionprsd","https://scontent-iad6-1.xx.fbcdn.net/v/t1.6435-1/117890349_325012645508210_7691668635129397714_n.jpg?stp=cp0_dst-jpg_tt6&cstp=mx960x960&ctp=s24x24&_nc_cat=109&ccb=1-7&_nc_sid=e99d92&_nc_ohc=nzJFNRcbOIIQ7kNvwFzEOSV&_nc_oc=AdoSOlOJfQ2OxHXWouPQSXIP1f7uw5w66Hk3yl-stQye-tsrkhj9J01oA4RRB0sNc6g&_nc_zt=24&_nc_ht=scontent-iad6-1.xx&_nc_gid=bcvK7OWhxQu6PsPMI5cvlQ&_nc_ss=7e2a8&oh=00_AQAunEfUZl6g05jjjEVi3Xd9WXtGLS0BXS5iaZ0eJruNdg&oe=6A8042E1","https://www.facebook.com/pagasa.nationalcapitalregion","0","476294457867166","Heavy Rainfall Warning No. 3A  NCR_PRSD
Weather System: Severe Tropical Storm PAENG
Issued at: 12:30 PM,29 October 2022

Red Warning: #MetroManila, #Laguna, #Batangas, #Rizal, #Quezon.
Associated Hazard: Serious FLOODING in flood-prone areas

Orange Warning: #Cavite.
Associated Hazard: FLOODING is still THREATENING

Yellow Warning: #Bulacan.
Associated Hazard: FLOODING in flood-prone areas
Meanwhile, Light to moderate with occasional heavy rains affecting #Tarlac, #NuevaEcija, #Zambales, #Bataan, #Pampanga which may persist within 3 hours and may affect nearby areas.
The public and the Disaster Risk Reduction and Management Offices concerned are advised to MONITOR the weather condition and watch for the next advisory to be issued at 2:00 PM Today.

Patuloy na pinag iingat ang lahat sa banta ng mga pag baha.
Lumikas ng maaga kung kinakailangan.",,"4",,"2",,,"6","4","1667021822000","https://www.facebook.com/CalambaCDRRMO/posts/pfbid0Y5mbqbihuVcdnL7kYBoPQgzcTjyYoUkLrX5Y8kDoMrtA8ms6DQ941y5HjVGuDHRKl"
,"1138680960105445","video",,,,,,,,,,,,,,,,,,"100077873216731","Kafollow vlog","https://scontent-iad3-2.xx.fbcdn.net/v/t39.30808-1/324232186_1203860067186484_839431363389660035_n.jpg?stp=cp0_dst-jpg_tt6&cstp=mx960x960&ctp=s40x40&_nc_cat=111&ccb=1-7&_nc_sid=2d3e12&_nc_ohc=ycsBRmcFb6EQ7kNvwGmCs1u&_nc_oc=Adr1SexIwSEJIVdtNgKKng5vbde68rirXxYsK8G9i4I2bKLZUO84Rpa2aZRx79DS00A&_nc_zt=24&_nc_ht=scontent-iad3-2.xx&_nc_gid=bcvK7OWhxQu6PsPMI5cvlQ&_nc_ss=7e2a8&oh=00_AQC1lUbdveEwExnO1SwoWDeIkviHuK6mVgg92bABwLiCoQ&oe=6A5EA2FD","https://www.facebook.com/profile.php?id=100077873216731","19","188355367103569","KAFOLLOW

2nd Alarm nangka marikina city
Maging alisto at handa SA Oras Ng baha..

Please subscribe and follow my page salamat

https://youtube.com/channel/UC5wU7myOi5iPjcgMWHOZPLw",,"15","2",,,,"17","5","1667024013000","https://www.facebook.com/100077873216731/videos/1138680960105445/"
"No photo description available.","504645111679060","photo","https://www.facebook.com/photo.php?fbid=504645111679060&set=a.442128954597343&type=3","No photo description available.","504645148345723","photo","https://www.facebook.com/photo.php?fbid=504645148345723&set=a.442128954597343&type=3","No photo description available.","504645175012387","photo","https://www.facebook.com/photo.php?fbid=504645175012387&set=a.442128954597343&type=3","No photo description available.","504645218345716","photo","https://www.facebook.com/photo.php?fbid=504645218345716&set=a.442128954597343&type=3","No photo description available.","504645258345712","photo","https://www.facebook.com/photo.php?fbid=504645258345712&set=a.442128954597343&type=3","100064007256552","NIAS News Weather - Philippines","https://scontent-iad6-1.xx.fbcdn.net/v/t39.30808-1/442495333_889199469890287_1586523659688786986_n.jpg?stp=cp0_dst-jpg_tt6&cstp=mx954x960&ctp=s40x40&_nc_cat=102&ccb=1-7&_nc_sid=2d3e12&_nc_ohc=oyS0-1Nwk3EQ7kNvwGRRoSB&_nc_oc=AdqlpMgK-uh6FNaAXflt32kgAN2qE1tfY6Fjj2UntJfW9awnnBSDyh_bztQZOGq7bz0&_nc_zt=24&_nc_ht=scontent-iad6-1.xx&_nc_gid=bcvK7OWhxQu6PsPMI5cvlQ&_nc_ss=7e2a8&oh=00_AQC94y_DpsPA-2kdRETvmOyTl6EPo2Ts0ErOVKkoiPBWVQ&oe=6A5E7DB7","https://www.facebook.com/NIASNewsWeather","3","504645271679044","BAHA SA COTABATO 🌀⛈️. Inabot din ng baha ang Pigcawayan, North Cotabato ngayong araw dahil sa ulang dala ng Tropical Storm #PaengPH. RVG, NIAS News Philippines #NewsALERT #FloodPH #maybagyo [Photos via Lerry Tan Cabalinan]

Kanias I share ang post na ito para sa pinakasariwang balita at inpormasyon",,"26",,"10",,,"36","9","1666946935000","https://www.facebook.com/NIASNewsWeather/posts/pfbid0Lapj3uZ4MQzdmySTxAuUXKagxovSogQU94Jaj1ygvi1pWFDYaYNzW6nbrMjFvn6ml"
"No photo description available.","1810387069303185","photo","https://www.facebook.com/photo/?fbid=1810387069303185&set=a.765556218352151",,,,,,,,,,,,,,,,,"100046933406131","Motortrade San Mateo Cluster","https://scontent-iad3-2.xx.fbcdn.net/v/t39.30808-1/610662997_1600089518232146_8455785371627843761_n.jpg?stp=cp0_dst-jpg_tt6&cstp=mx960x960&ctp=s40x40&_nc_cat=103&ccb=1-7&_nc_sid=2d3e12&_nc_ohc=bZxVsOcF0sIQ7kNvwHTaqCD&_nc_oc=AdoMTyfKqqeh1TF7uB5UnOAjooma3I6nkVtc5_1nJtKznCoO8OmuIywvGUt4ycpM-DM&_nc_zt=24&_nc_ht=scontent-iad3-2.xx&_nc_gid=bcvK7OWhxQu6PsPMI5cvlQ&_nc_ss=7e2a8&oh=00_AQD4OX7MxjfnQ7W3u7kn3dptZwtZdkczkcvLh-rlumGcYQ&oe=6A5E88B6","https://www.facebook.com/MotortradeSanMateoCluster","5","1810387102636515","✅ FOR YOUR INFORMATION!! 

✅ Kapag nalubog ang FI(Fuel Injected) na motor sa baha - 
WAG NA WAG NG PAANDARIN! ❎

✅ Mga dapat gawin:

👨‍🔧Step 1: TANGGALIN ANG BATTERY !! 🔋

👨‍🔧Step 2: I-drain ang MOTOR OIL  sa engine at GASOLINE sa FUEL TANK para hindi ito kalawangin at alisin ang SPARK PLUG/AIR FILTER/ FUEL FILTER

👨‍🔧Step 3: Patuyuin ang loob ng makina at fuel tank sa pamamagitan ng air blower or kahit anong pambuga na walang kasamang tubig or moist.

👨‍🔧Step 4: Lagyan ng panibagong langis ang engine para lang mababad sa langis ang makina.

👨‍🔧Step 5: Dalin ang motor sa pinaka-malapit na service center(casa o dealer) / suking motorshop ng hindi papaandarin para pabugahan ng AIR COMPRESSOR / CONTACT CLEANER ang mga internal electronics parts nito para matuyo at upang maiwasan ang posibleng short circuit nito.

👨‍🔧Step 6: KUNG HINDI KA MARUNONG NG STEP 1-5 DALHIN MO NA LANG SA CASA OR PAGAWAAN NG MOTOR ITULAK MO NA LANG.",,"23","3",,,"1","27","13","1667048516000","https://www.facebook.com/MotortradeSanMateoCluster/posts/pfbid02vd1kYJzq49oiLMjDgLDFEojajXQnQXSzqGoStRdVGaXng5VGEC6mKHzpYYYq77bMl"
"No photo description available.","545848060881814","photo","https://www.facebook.com/photo.php?fbid=545848060881814&set=a.544845570982063&type=3","No photo description available.","545848130881807","photo","https://www.facebook.com/photo.php?fbid=545848130881807&set=a.544845570982063&type=3","No photo description available.","545848184215135","photo","https://www.facebook.com/photo.php?fbid=545848184215135&set=a.544845570982063&type=3","No photo description available.","545848240881796","photo","https://www.facebook.com/photo.php?fbid=545848240881796&set=a.544845570982063&type=3",,,,,"100063698747985","Shelter's Garden","https://scontent-iad3-1.xx.fbcdn.net/v/t39.30808-1/728213233_1636841448449131_2833467829463186204_n.jpg?stp=cp0_dst-jpg_tt6&cstp=mx1773x1773&ctp=s40x40&_nc_cat=101&ccb=1-7&_nc_sid=2d3e12&_nc_ohc=xymiMMNIzTIQ7kNvwERbFFm&_nc_oc=AdoXRToSyHNWKHQism1V4bSqtra2U7y8nMa6w4vcQt6reXnFg8kB3e3y-JhXkY3eNzE&_nc_zt=24&_nc_ht=scontent-iad3-1.xx&_nc_gid=EUEgBNPmcMPHGw-DvZ7GBQ&_nc_ss=7e2a8&oh=00_AQDrUqh53GChPVk_ZTDsm7kOPWNAC778IUj4iXhhRB-big&oe=6A5E8E0A","https://www.facebook.com/Halaman25","1","545848270881793","Aftermath typhoon paenG..
Thankful padin dahil hindi nagtuloy ang baha ..kunting ayos at linis lang. ..
Bumagsak ang net sa outdoor section dahil sa lakas ng hangin...
GOD IS GOOD ALL THE TIME..",,"24","4","6","12",,"46","0","1667085851000","https://www.facebook.com/Halaman25/posts/pfbid02hXZpWxa5B545FgNnz17XDR4Gg6uqYbBc5aJqJaBSaFbjSKc8o1mFvf8pMQUFXf22l"
"No photo description available.","193911189801545","photo","https://www.facebook.com/photo/?fbid=193911189801545&set=a.183412334184764",,,,,,,,,,,,,,,,,"100075479967889","Apollo Motorcycle Parts, Accessories, and Maintenance Services","https://scontent-iad6-1.xx.fbcdn.net/v/t39.30808-1/340656003_3089199164707639_4557599760175405111_n.jpg?stp=cp0_dst-jpg_tt6&cstp=mx960x960&ctp=s40x40&_nc_cat=102&ccb=1-7&_nc_sid=2d3e12&_nc_ohc=EkeQAGUgrGoQ7kNvwG-FWMQ&_nc_oc=AdoP4vwjSw8RsXOn0Monrx8ERLTpQPO0bwdWgFKV1seUIcNQCXOPYi1nEJzukfe7nDQ&_nc_zt=24&_nc_ht=scontent-iad6-1.xx&_nc_gid=EUEgBNPmcMPHGw-DvZ7GBQ&_nc_ss=7e2a8&oh=00_AQAH_SkcIfkRWWBCgAZLQl6MvSpgfVacs7xLAaQWTCJXYQ&oe=6A5E9BB8","https://www.facebook.com/profile.php?id=100075479967889","0","193911203134877","ALERT ❗❗ALERT❗❗❗

✅ FOR YOUR INFORMATION!! 

✅ Kapag nalubog ang FI(Fuel Injected) na motor sa baha - 
WAG NA WAG NG PAANDARIN! ❎

✅ Mga dapat gawin:

👨‍🔧Step 1: TANGGALIN ANG BATTERY !! 🔋

👨‍🔧Step 2: I-drain ang MOTOR OIL  sa engine at GASOLINE sa FUEL TANK para hindi ito kalawangin at alisin ang SPARK PLUG/AIR FILTER/ FUEL FILTER

👨‍🔧Step 3: Patuyuin ang loob ng makina at fuel tank sa pamamagitan ng air blower or kahit anong pambuga na walang kasamang tubig or moist.

👨‍🔧Step 4: Lagyan ng panibagong langis ang engine para lang mababad sa langis ang makina.

👨‍🔧Step 5: Dalin ang motor sa pinaka-malapit na service center(casa o dealer) / suking motorshop ng hindi papaandarin para pabugahan ng AIR COMPRESSOR / CONTACT CLEANER ang mga internal electronics parts nito para matuyo at upang maiwasan ang posibleng short circuit nito.

👨‍🔧Step 6: KUNG HINDI KA MARUNONG NG STEP 1-5 DALHIN MO NA LANG SA CASA OR PAGAWAAN NG MOTOR ITULAK MO NA LANG.

Maraming salamat , ALWAYs RIDESAFE MGA BOSS PAPS🛵🏍️",,"3","2",,,,"5","0","1667030573000","https://www.facebook.com/permalink.php?story_fbid=pfbid0yaapPvavxUns3gX8i3MPCut6dsGeHdzSvc2Utv1zQuauLZW2QjDPDKCMw2Sq6awql&id=100075479967889"
"No photo description available.","497540355723826","photo","https://www.facebook.com/photo/?fbid=497540355723826&set=a.476476591163536",,,,,,,,,,,,,,,,,"100064035963565","Pong Pagong Motorshop","https://scontent-iad3-1.xx.fbcdn.net/v/t39.30808-1/565664662_1257476443063543_6413595303755947845_n.jpg?stp=cp0_dst-jpg_tt6&cstp=mx1023x1023&ctp=s40x40&_nc_cat=108&ccb=1-7&_nc_sid=2d3e12&_nc_ohc=Y2M29bUsXKkQ7kNvwFvTyS5&_nc_oc=AdqHg3Xu0wYjgggcB1PvpIL50Or9x-3LOtBuEVVsnt7vepWfD2HXmvcYS1sgQGRtt_A&_nc_zt=24&_nc_ht=scontent-iad3-1.xx&_nc_gid=EUEgBNPmcMPHGw-DvZ7GBQ&_nc_ss=7e2a8&oh=00_AQBpt-vxWX3jMatEhAgNHvz2p9eEmsqIOhgLnE-Fcx_qug&oe=6A5E83BB","https://www.facebook.com/PongPagongMotors","0","497540369057158","Ingat po mga ka-pagong 🙏 maging alerto po tau sa baha",,,,,,,"0","0","1667030949000","https://www.facebook.com/PongPagongMotors/posts/pfbid021fhRvgazWzcmJ1Z1rVGGnvCPK2L6gU4HL8cz78xMH6J5N4yGawNm78rWyjHLRDNKl"
,,,,,,,,,,,,,,,,,,,,"100064705625211","DILG CODIX","https://scontent-iad6-1.xx.fbcdn.net/v/t39.30808-1/243384826_229200609246792_626119708562148517_n.jpg?stp=cp0_dst-jpg_tt6&cstp=mx2039x2039&ctp=s40x40&_nc_cat=100&ccb=1-7&_nc_sid=2d3e12&_nc_ohc=5xCwExnyFIQQ7kNvwG1LmPi&_nc_oc=AdrFzhQbKpk5x1aBvFTtJR4IIvMz7eweeWndOi3vztU60R4Tr3le_SPebJ_9euPYoYM&_nc_zt=24&_nc_ht=scontent-iad6-1.xx&_nc_gid=EUEgBNPmcMPHGw-DvZ7GBQ&_nc_ss=7e2a8&oh=00_AQC8s0_36REPgsDSyMW9qIEvVCTO_ZXrEW19ofKNMbOeKg&oe=6A5EB217","https://www.facebook.com/dilgcodix","0","5415915358519928","Source: DILG CODIX

Mag-ingat po sa flash floods and rain-induced landslide. Maghanda ng kailangan na ilalagay sa GO BAG kung kinakailangan na mag evacuate. Sa baha, maaaring mawalan ng kuryentan para sa safety precautions.

#communicationisAID
#proudtoberettPH🇵🇭
#PaengPH",,"1",,,,,"1","0","1667002651000","https://www.facebook.com/RETT.Org.ph/posts/pfbid0325isEp69VEvGPpcpMjxR7enXw3ihc8F3Spk8zXzz825w8gaAhbcX5MMhYFVQqo41l"
,,,,,,,,,,,,,,,,,,,,"100011863392279","Roberto De Castro","https://scontent-iad3-2.xx.fbcdn.net/v/t39.30808-1/668683394_2403685453370211_7204754900968333020_n.jpg?stp=cp0_dst-jpg_tt6&cstp=mx1080x1079&ctp=s40x40&_nc_cat=103&ccb=1-7&_nc_sid=1d2534&_nc_ohc=61uu7ovt_6MQ7kNvwFazXLM&_nc_oc=AdqP9mwTSmY8AY5sS8jmKL6VSBLy8ELTKK-vTKkjI5fDmO1b5amThchqr1Z-1FTulUA&_nc_zt=24&_nc_ht=scontent-iad3-2.xx&_nc_gid=EUEgBNPmcMPHGw-DvZ7GBQ&_nc_ss=7e2a8&oh=00_AQA31Hrc5FmP0nJLhNs59xBzkBjzRZs6-oCo1RLfPwIqaw&oe=6A5E8DDC","https://www.facebook.com/robertdc1975","11","1518092851929480","GRABE WALANG TIGIL ANG LAKAS NG HANGIN AT ULAN... LORD PROTEKTAHAN NINYO PO KAMI SA BAHA DULOT NG BAGYONG PAENG...",,"21","3","12","6",,"42","0","1667050209000","https://www.facebook.com/robertdc1975/posts/pfbid028UP9wtZPooCVFHcrVL6TEyn37xCptkrZTL4SVCwSTs9N5mTU7YQZsChtRTtroD3kl"
"No photo description available.","609825250939541","photo","https://www.facebook.com/photo/?fbid=609825250939541&set=a.526303405958393",,,,,,,,,,,,,,,,,"100057362143083","KYODAI WORKZ","https://scontent-iad6-1.xx.fbcdn.net/v/t39.30808-1/416693061_871925841396146_6470146563039029207_n.jpg?stp=cp0_dst-jpg_tt6&cstp=mx1035x1036&ctp=s40x40&_nc_cat=107&ccb=1-7&_nc_sid=2d3e12&_nc_ohc=t2eMvojtJ60Q7kNvwHo6PXB&_nc_oc=AdqNlVHqLnMjdyTKEcFlKxIclk87kIqAu6o_4jCIoKNdu1HtwZEFuD9Xi6gwX-2DDgw&_nc_zt=24&_nc_ht=scontent-iad6-1.xx&_nc_gid=EUEgBNPmcMPHGw-DvZ7GBQ&_nc_ss=7e2a8&oh=00_AQD9LGMzKeltuiDcAq0k2SjzaffCneZsnhctkslkW6XGsQ&oe=6A5EA6E7","https://www.facebook.com/KyodaiWorkz","4","609825357606197","⚠️STAY SAFE KA-KYOUDAI⚠️ #PaengPH

✅ FOR YOUR INFORMATION!!

✅ Kapag nalubog ang FI(Fuel Injected) na motor sa baha - WAG NA WAG NG PAANDARIN! ❎

✅ Mga dapat gawin:

👨‍🔧Step 1: TANGGALIN ANG BATTERY !! 🔋

👨‍🔧Step 2: I-drain ang MOTOR OIL  sa engine at GASOLINE sa FUEL TANK para hindi ito kalawangin at alisin ang SPARK PLUG/AIR FILTER/ FUEL FILTER

👨‍🔧Step 3: Patuyuin ang loob ng makina at fuel tank sa pamamagitan ng air blower or kahit anong pambuga na walang kasamang tubig or moist.

👨‍🔧Step 4: Lagyan ng panibagong langis ang engine para lang mababad sa langis ang makina.

👨‍🔧Step 5: Dalin ang motor sa pinaka-malapit na service center(casa o dealer) / suking motorshop ng hindi papaandarin para pabugahan ng AIR COMPRESSOR / CONTACT CLEANER ang mga internal electronics parts nito para matuyo at upang maiwasan ang posibleng short circuit nito.

.
.
.
.
.
.
.
.
.
.
.
.
.
.
.
.
.
.
.
.
.
.
.
.
.
.
.
.
.
.
.
.

👨‍🔧Step 6: KUNG HINDI KA MARUNONG NG STEP 1-5 DALHIN MO NA LANG SA CASA OR PAGAWAAN NG MOTOR ITULAK MO NA LANG.

Photo & Info ctto: 📖",,"15","7",,,,"22","3","1667052406000","https://www.facebook.com/KyodaiWorkz/posts/pfbid0f4ijqrdvTerXyfLRBoaLDm7iGjDQ3tDURUHDhamzQxV5Q4WHRdyaEdFWNiyToNDSl"
"No photo description available.","181726361039570","photo","https://www.facebook.com/photo/?fbid=181726361039570&set=a.160640313148175",,,,,,,,,,,,,,,,,"100076066215335","PENDONG's Motoworx Parts and Accessories","https://scontent-iad3-2.xx.fbcdn.net/v/t39.30808-1/250797117_105140968642131_5614123184746863381_n.jpg?stp=cp0_dst-jpg_tt6&cstp=mx953x960&ctp=s40x40&_nc_cat=111&ccb=1-7&_nc_sid=2d3e12&_nc_ohc=6p4hO5Bpoo8Q7kNvwHsS2II&_nc_oc=AdoAQr9IG3rdYaXsxp6lxtMb7is5OQz9jEcejgtsltZiVJ1r8VHk65-3Mqv7-YKf0GE&_nc_zt=24&_nc_ht=scontent-iad3-2.xx&_nc_gid=UhnMTLLwX757h_1IgSJuuA&_nc_ss=7e2a8&oh=00_AQDzkSa5rfF8mrTaJ_6uuIVH1evhtV1KeKZX4eQ_aN4alQ&oe=6A5E9CA0","https://www.facebook.com/profile.php?id=100076066215335","3","181726377706235","Ridesafe sa lahat ingat sa kalsada at wag lulusong sa baha..",,"14","7",,,,"21","1","1667027762000","https://www.facebook.com/permalink.php?story_fbid=pfbid02jio83qCQtGghbcespLiL4e5A58AM3v3UNNvEGE8cDQgciGXo4xLkHXBngq2HLgMnl&id=100076066215335"
"No photo description available.","2168196230019701","photo","https://www.facebook.com/photo/?fbid=2168196230019701&set=gm.5525347774252429&idorvanity=734018310052090",,,,,,,,,,,,,,,,,"100004880352607","Shirly","https://scontent-iad3-2.xx.fbcdn.net/v/t39.30808-1/700871054_3253903908115589_3432042486633251047_n.jpg?stp=cp0_dst-jpg_tt6&cstp=mx712x725&ctp=s24x24&_nc_cat=103&ccb=1-7&_nc_sid=1d2534&_nc_ohc=vbRvvCJtI9MQ7kNvwHTZ8OC&_nc_oc=AdqgiwU8P1vG2xMv3gHQY7hk0uePTDbZd4DA_s3c-LJk_tY2m94094liD-VKj5SW_i0&_nc_zt=24&_nc_ht=scontent-iad3-2.xx&_nc_gid=UhnMTLLwX757h_1IgSJuuA&_nc_ss=7e2a8&oh=00_AQA_CR0Rq86DStQLpoMSF2EefSSgv4uF2ojepIwIG1Vk0Q&oe=6A5E86C8","https://www.facebook.com/Kuleth06","0","5525347774252429","PTPA
Baka po may sira kayong kotse dyan yung..
NABANGGA, NALUBOG SA BAHA, o HINDI NA NAIPAGAWA.. BUYING/BUMIBILI po kami..
Yung ""2014"" model pataas po sana ☺️
PM nyo lang po ako, kung magkasundo kunin agad..
CTTO",,,,,,,"0","0","1666923356000","https://www.facebook.com/groups/734018310052090/permalink/5525347774252429/"
,,,,,,,,,,,,,,,,,,,,"100000911008941","JinkyJoice B. Dela Cruz","https://scontent-iad3-2.xx.fbcdn.net/v/t39.30808-1/685611131_35673056272307954_6274519154017434320_n.jpg?stp=cp0_dst-jpg_tt6&cstp=mx736x748&ctp=p40x40&_nc_cat=105&ccb=1-7&_nc_sid=1d2534&_nc_ohc=BCZGLQqE2ZYQ7kNvwHLDp6z&_nc_oc=AdpIpyz-ocJH6qYUTzziiN89_ZnxdNWSIqKWcPhYL0xwCOt_YIUQUVPeMQx227ujgFI&_nc_zt=24&_nc_ht=scontent-iad3-2.xx&_nc_gid=UhnMTLLwX757h_1IgSJuuA&_nc_ss=7e2a8&oh=00_AQB_r22di5t7FzR_9E0fX5JUWMB2UC-ko-vXjHZhuWo4_g&oe=6A5EB186","https://www.facebook.com/jinkyjoice.delacruz","3","8549348021772146","Panginoon ingatan mu po kaming lahat ngayung Gabi  sa malakas na ulan,hangin at Baha sana po ay matunaw na Ang bagyong paeng at tumila narin Ang ulan ,hunina Ang hangin maraming mga tao Ang nasasalanta nang bagyo at pati mga Bahay. Sabay sabay din po tayung mag dasal ngayun Gabi  para sa kaligtasan nang bawat isa.🙏🙏🙏🙏",,"7","15","1","4",,"27","0","1667048240000","https://www.facebook.com/jinkyjoice.delacruz/posts/pfbid02oh7wpVaCf67TfCAvbAPbaoCbyF6q8388rhCptxzi8BGFeV8Bfe9oodxRiYBNrPtol"
"No photo description available.","535995281867669","photo",,"No photo description available.","535995321867665","photo",,"No photo description available.","535995361867661","photo",,"No photo description available.","535995408534323","photo",,"No photo description available.","535995445200986","photo",,"100063716066836","Jhopay Online Boutique","https://scontent-iad6-1.xx.fbcdn.net/v/t39.30808-1/707421375_1600707078729812_5683843576697098979_n.jpg?stp=cp0_dst-jpg_tt6&cstp=mx1080x1078&ctp=s40x40&_nc_cat=107&ccb=1-7&_nc_sid=2d3e12&_nc_ohc=Mf8_PDrhxV8Q7kNvwGLp4XS&_nc_oc=AdoW6nzclQTRKYjj7ZGxUSuMcJ9LBh3u_yHxB8B__GW3vn8M0dJkyw4XMwxaNxEO9gY&_nc_zt=24&_nc_ht=scontent-iad6-1.xx&_nc_gid=UhnMTLLwX757h_1IgSJuuA&_nc_ss=7e2a8&oh=00_AQAgO9fXqv3nt7_b_bWennx6gjCLS7jpt2NKOTYCF55sRg&oe=6A5E968E","https://www.facebook.com/profile.php?id=100063716066836","11","535995828534281","🚫EDITED SOLD OUT 🚫

Magandang umaga mga momshies ko.❤️
Live po tayooo mamaya, lamig na lamig pa naman tayoow today hihi😅

Cotton sleepwear na awrahan yarn😍🥳

🥀25  - 100 ONLY❤️

PS. sa mga deliver po naten today, pag humupa ang ulan saka po naten iG. kawawa din po rider, may mga area din baha ang dadaanan😌
Salamat po!

Ingat ang lahat🙏",,"18","5",,,"3","26","3","1667004849000","https://www.facebook.com/permalink.php?story_fbid=pfbid04U6RdGn2SAAARBkB9w9SUP32yWbfHQarWgVYZkXoU35P5zfwKXhtmVbHNfrLS1NEl&id=100063716066836"
"No photo description available.","594509972530588","photo","https://www.facebook.com/photo/?fbid=594509972530588&set=a.545409014107351",,,,,,,,,,,,,,,,,"100059147726621","PARAC marshals","https://scontent-iad3-1.xx.fbcdn.net/v/t39.30808-1/305110489_545409034107349_236515860125116953_n.jpg?stp=cp0_dst-jpg_tt6&cstp=mx843x843&ctp=s40x40&_nc_cat=110&ccb=1-7&_nc_sid=2d3e12&_nc_ohc=sNCCE5CahvkQ7kNvwHgqRsw&_nc_oc=AdrRHNb2ATNVy1UGolCAUwcBpvVyN4sEtC3ve9kZtUL7z_S8kh3Mbw0DBZuXqbG541E&_nc_zt=24&_nc_ht=scontent-iad3-1.xx&_nc_gid=UhnMTLLwX757h_1IgSJuuA&_nc_ss=7e2a8&oh=00_AQCbU4gPAmf3Zk0zzJfC1ivib3uMzTqbgpyJ6kRKi6ASQg&oe=6A5E9E04","https://www.facebook.com/profile.php?id=100059147726621","0","594510005863918","✅ FOR YOUR INFORMATION!! 

✅ Kapag nalubog ang FI(Fuel Injected) na motor sa baha - 
WAG NA WAG NG PAANDARIN! ❎

✅ Mga dapat gawin:

👨‍🔧Step 1: TANGGALIN ANG BATTERY !! 🔋

👨‍🔧Step 2: I-drain ang MOTOR OIL  sa engine at GASOLINE sa FUEL TANK para hindi ito kalawangin at alisin ang SPARK PLUG/AIR FILTER/ FUEL FILTER

👨‍🔧Step 3: Patuyuin ang loob ng makina at fuel tank sa pamamagitan ng air blower or kahit anong pambuga na walang kasamang tubig or moist.

👨‍🔧Step 4: Lagyan ng panibagong langis ang engine para lang mababad sa langis ang makina.

👨‍🔧Step 5: Dalin ang motor sa pinaka-malapit na service center(casa o dealer) / suking motorshop ng hindi papaandarin para pabugahan ng AIR COMPRESSOR / CONTACT CLEANER ang mga internal electronics parts nito para matuyo at upang maiwasan ang posibleng short circuit nito.

👨‍🔧Step 6: KUNG HINDI KA MARUNONG NG STEP 1-5 DALHIN MO NA LANG SA CASA OR PAGAWAAN NG MOTOR ITULAK MO NA LANG.

PARAC marshals",,"7",,,,,"7","0","1667056919000","https://www.facebook.com/permalink.php?story_fbid=pfbid0BZNwqHUAqZ1qb1XJ2tQhs4H2Wo4VKC8TzMfRkdk7SzEx7ZEqs6wgYZN2eqzYxUUsl&id=100059147726621"
,,,,,,,,,,,,,,,,,,,,"100069163320793","ADMU Freedom Wall","https://scontent-iad3-1.xx.fbcdn.net/v/t39.30808-1/308624018_400894502225991_2321794348652310308_n.png?stp=cp0_dst-png&cstp=mx300x300&ctp=s40x40&_nc_cat=108&ccb=1-7&_nc_sid=2d3e12&_nc_ohc=2_b4gvcvgwsQ7kNvwF8EN_x&_nc_oc=Adppl2kqo3WR7V6CGDHFVGOL1iBMkQR0KgxZS_wKGRBp6gaf-cMI47uARqF5h8kzohU&_nc_zt=24&_nc_ht=scontent-iad3-1.xx&_nc_gid=6VBBn5g3t1zKRaRwc_PbkA&_nc_ss=7e2a8&oh=00_AQBesFk_0zcnr7w2OwI4x7p0wi8Eg0crrpQ99cVCvYqltw&oe=6A5E7F1B","https://www.facebook.com/ADMUFW","0","428556139459827","ADMUFW 12408

GUSTO KO LANG PO SABIHIN NA NAPAKABAHO PO SA MAY BANDANG LEONG. DUMAGDAG PA PO YUNG ULAN AT BAHA SA KABAHUAN JUSKO, ANTOK NA ANTOK AKONG NAGLALAKAD PERO NABULABOG PO ANG DIWA KO NUNG NADAAN AKO SA MAY LEONG AT NASINGHOT ANG SIMOY NG HANGIN DON. NAKAKATRAUMA PO, OPO",,,,,"2",,"2","0","1667017448000","https://www.facebook.com/ADMUFW/posts/pfbid02i6siqY8EVGXr8pv7XBGBiWRNmFuCeKUSncicMpm8NSyXcTDnY2u5B96mjDExY9zMl"
"No photo description available.","423365096630334","photo","https://www.facebook.com/photo/?fbid=423365096630334&set=a.421358560164321",,,,,,,,,,,,,,,,,"100068705418104","Moto PG Marikina","https://scontent-iad3-1.xx.fbcdn.net/v/t39.30808-1/472847115_902573322042840_6725330492014927404_n.jpg?stp=cp0_dst-jpg_tt6&cstp=mx790x788&ctp=s40x40&_nc_cat=108&ccb=1-7&_nc_sid=2d3e12&_nc_ohc=TrhSc1sLxMYQ7kNvwEraKE4&_nc_oc=AdqpL6KsDhEsMwOd0WrjFSqJyldgCNdKk5LtWB1962XBKAfDnoCOc7nb42z7gf9Dt9s&_nc_zt=24&_nc_ht=scontent-iad3-1.xx&_nc_gid=6VBBn5g3t1zKRaRwc_PbkA&_nc_ss=7e2a8&oh=00_AQARSGF5IMpseyNUCYyCdhmyRWTh0QwvHkLCeBNkQ-39ag&oe=6A5EAAE0","https://www.facebook.com/MOTOPALACEGARAGE","1","423365113296999","FRIENDLY REMINDER

HUWAG NG PAANDARIN ANG MOTOR KAPAG NALUBOG SA BAHA..BRING TO YOUR TRUSTED MOTORSHOP

facebook.com/motopalacegarage",,"22","4","2","2",,"30","1","1667052381000","https://www.facebook.com/MOTOPALACEGARAGE/posts/pfbid034rG7xjYrC8xUpq2G43rC4YMrBsxfJH3k2uu5qU3paGFejbtnXGULNhCZHfrcNhx4l"
"No photo description available.","193957613130236","photo","https://www.facebook.com/photo/?fbid=193957613130236&set=gm.2175326069313158&idorvanity=1190336021145506",,,,,,,,,,,,,,,,,"100075479967889","Apollo Motorcycle Parts, Accessories, and Maintenance Services","https://scontent-iad6-1.xx.fbcdn.net/v/t39.30808-1/340656003_3089199164707639_4557599760175405111_n.jpg?stp=cp0_dst-jpg_tt6&cstp=mx960x960&ctp=s24x24&_nc_cat=102&ccb=1-7&_nc_sid=2d3e12&_nc_ohc=EkeQAGUgrGoQ7kNvwG-FWMQ&_nc_oc=AdoP4vwjSw8RsXOn0Monrx8ERLTpQPO0bwdWgFKV1seUIcNQCXOPYi1nEJzukfe7nDQ&_nc_zt=24&_nc_ht=scontent-iad6-1.xx&_nc_gid=6VBBn5g3t1zKRaRwc_PbkA&_nc_ss=7e2a8&oh=00_AQA5-_66wncpHsPvh1-d1wJ97GBf1cUYxFo_luKb6FVTPw&oe=6A5E9BB8","https://www.facebook.com/profile.php?id=100075479967889","1","2175326069313158","ALERT ❗❗ALERT❗❗❗

✅ FOR YOUR INFORMATION!! 

✅ Kapag nalubog ang FI(Fuel Injected) na motor sa baha - 
WAG NA WAG NG PAANDARIN! ❎

✅ Mga dapat gawin:

👨‍🔧Step 1: TANGGALIN ANG BATTERY !! 🔋

👨‍🔧Step 2: I-drain ang MOTOR OIL  sa engine at GASOLINE sa FUEL TANK para hindi ito kalawangin at alisin ang SPARK PLUG/AIR FILTER/ FUEL FILTER

👨‍🔧Step 3: Patuyuin ang loob ng makina at fuel tank sa pamamagitan ng air blower or kahit anong pambuga na walang kasamang tubig or moist.

👨‍🔧Step 4: Lagyan ng panibagong langis ang engine para lang mababad sa langis ang makina.

👨‍🔧Step 5: Dalin ang motor sa pinaka-malapit na service center(casa o dealer) / suking motorshop ng hindi papaandarin para pabugahan ng AIR COMPRESSOR / CONTACT CLEANER ang mga internal electronics parts nito para matuyo at upang maiwasan ang posibleng short circuit nito.

👨‍🔧Step 6: KUNG HINDI KA MARUNONG NG STEP 1-5 DALHIN MO NA LANG SA CASA OR PAGAWAAN NG MOTOR ITULAK MO NA LANG.

Maraming salamat , ALWAYs RIDESAFE MGA BOSS PAPS🛵🏍️",,"7","1",,"1",,"9","7","1667049599000","https://www.facebook.com/groups/1190336021145506/permalink/2175326069313158/"
,,,,,,,,,,,,,,,,,,,,"100083372347516","EZQ Preloved and Brandnew Kids Clothing","https://scontent-iad3-1.xx.fbcdn.net/v/t39.30808-1/289338818_104456928980065_7618389872299974805_n.jpg?stp=cp0_dst-jpg_tt6&cstp=mx960x960&ctp=s40x40&_nc_cat=108&ccb=1-7&_nc_sid=2d3e12&_nc_ohc=Gp0_GA2ym5QQ7kNvwGUZb3c&_nc_oc=Adq1_MqAOvenjTQKWlJpTnhqAP8Y69qMGN4NEJIhkCUb6TJ49p92mDCxfmWqisW2XMY&_nc_zt=24&_nc_ht=scontent-iad3-1.xx&_nc_gid=6VBBn5g3t1zKRaRwc_PbkA&_nc_ss=7e2a8&oh=00_AQBZoKWtWfCfnFDy3eSgd7U6s04JYvCQBiRDAAUjQb9APg&oe=6A5E8399","https://www.facebook.com/profile.php?id=100083372347516","0","139223162200095","Sbi ko kc ipaship na natin items nio..dami nio pa dito..ayan may baha na naman😔 dko malaman ano unahin😑",,,,,,,"0","0","1667011950000","https://www.facebook.com/permalink.php?story_fbid=pfbid0j6Kb6bex5kHXfpjCpyUSQgsUvEpCzNbqNv6mKQsxvMjsRQMZBDUjXZKFY5dyoBrHl&id=100083372347516"
"No photo description available.","2168182226687768","photo","https://www.facebook.com/photo/?fbid=2168182226687768&set=gm.1174802383394357&idorvanity=344804089727528",,,,,,,,,,,,,,,,,"100004880352607","Shirly","https://scontent-iad3-2.xx.fbcdn.net/v/t39.30808-1/700871054_3253903908115589_3432042486633251047_n.jpg?stp=cp0_dst-jpg_tt6&cstp=mx712x725&ctp=s24x24&_nc_cat=103&ccb=1-7&_nc_sid=1d2534&_nc_ohc=vbRvvCJtI9MQ7kNvwHTZ8OC&_nc_oc=AdqgiwU8P1vG2xMv3gHQY7hk0uePTDbZd4DA_s3c-LJk_tY2m94094liD-VKj5SW_i0&_nc_zt=24&_nc_ht=scontent-iad3-2.xx&_nc_gid=6VBBn5g3t1zKRaRwc_PbkA&_nc_ss=7e2a8&oh=00_AQD0SMBdUgNwGUNNjlNVeh5Eb-b_EF8x1xPwz_hq039sHQ&oe=6A5E86C8","https://www.facebook.com/Kuleth06","0","1174802383394357","PTPA
Baka po may sira kayong kotse dyan yung..
NABANGGA, NALUBOG SA BAHA, o HINDI NA NAIPAGAWA.. BUYING/BUMIBILI po kami..
Yung ""2014"" model pataas po sana ☺️
PM nyo lang po ako, kung magkasundo kunin agad..
CTTO",,,,,,,"0","0","1666922089000","https://www.facebook.com/groups/LBKGroup/permalink/1174802383394357/"
"No photo description available.","2169122396593751","photo","https://www.facebook.com/photo/?fbid=2169122396593751&set=gm.1850029225341364&idorvanity=174989109512059",,,,,,,,,,,,,,,,,"100004880352607","Shirly","https://scontent-iad3-2.xx.fbcdn.net/v/t39.30808-1/700871054_3253903908115589_3432042486633251047_n.jpg?stp=cp0_dst-jpg_tt6&cstp=mx712x725&ctp=s24x24&_nc_cat=103&ccb=1-7&_nc_sid=1d2534&_nc_ohc=vbRvvCJtI9MQ7kNvwHTZ8OC&_nc_oc=AdqgiwU8P1vG2xMv3gHQY7hk0uePTDbZd4DA_s3c-LJk_tY2m94094liD-VKj5SW_i0&_nc_zt=24&_nc_ht=scontent-iad3-2.xx&_nc_gid=6VBBn5g3t1zKRaRwc_PbkA&_nc_ss=7e2a8&oh=00_AQD0SMBdUgNwGUNNjlNVeh5Eb-b_EF8x1xPwz_hq039sHQ&oe=6A5E86C8","https://www.facebook.com/Kuleth06","0","1850029225341364","PTPA
Baka po may sira kayong kotse dyan yung..
NABANGGA, NALUBOG SA BAHA, o HINDI NA NAIPAGAWA.. BUYING/BUMIBILI po kami..
Yung ""2014"" model pataas po sana ☺️
PM nyo lang po ako, kung magkasundo kunin agad..
CTTO",,,,,,,"0","0","1667016664000","https://www.facebook.com/groups/174989109512059/permalink/1850029225341364/"
"No photo description available.","2169099773262680","photo","https://www.facebook.com/photo/?fbid=2169099773262680&set=gm.1175601179981144&idorvanity=344804089727528",,,,,,,,,,,,,,,,,"100004880352607","Shirly","https://scontent-iad3-2.xx.fbcdn.net/v/t39.30808-1/700871054_3253903908115589_3432042486633251047_n.jpg?stp=cp0_dst-jpg_tt6&cstp=mx712x725&ctp=s24x24&_nc_cat=103&ccb=1-7&_nc_sid=1d2534&_nc_ohc=vbRvvCJtI9MQ7kNvwHTZ8OC&_nc_oc=AdqgiwU8P1vG2xMv3gHQY7hk0uePTDbZd4DA_s3c-LJk_tY2m94094liD-VKj5SW_i0&_nc_zt=24&_nc_ht=scontent-iad3-2.xx&_nc_gid=xgxkpQBWh2kX99yMwO03qA&_nc_ss=7e2a8&oh=00_AQCjEnZ9rk52tjJ3VxdfGtzDSjjxu35soZOHMrtWK6mutw&oe=6A5E86C8","https://www.facebook.com/Kuleth06","0","1175601179981144","PTPA
Baka po may sira kayong kotse dyan yung..
NABANGGA, NALUBOG SA BAHA, o HINDI NA NAIPAGAWA.. BUYING/BUMIBILI po kami..
Yung ""2014"" model pataas po sana ☺️
PM nyo lang po ako, kung magkasundo kunin agad..
CTTO",,,,,,,"0","0","1667014320000","https://www.facebook.com/groups/LBKGroup/permalink/1175601179981144/"
"No photo description available.","2169099636596027","photo","https://www.facebook.com/photo/?fbid=2169099636596027&set=gm.5447803425331351&idorvanity=333488410096237",,,,,,,,,,,,,,,,,"100004880352607","Shirly","https://scontent-iad3-2.xx.fbcdn.net/v/t39.30808-1/700871054_3253903908115589_3432042486633251047_n.jpg?stp=cp0_dst-jpg_tt6&cstp=mx712x725&ctp=s24x24&_nc_cat=103&ccb=1-7&_nc_sid=1d2534&_nc_ohc=vbRvvCJtI9MQ7kNvwHTZ8OC&_nc_oc=AdqgiwU8P1vG2xMv3gHQY7hk0uePTDbZd4DA_s3c-LJk_tY2m94094liD-VKj5SW_i0&_nc_zt=24&_nc_ht=scontent-iad3-2.xx&_nc_gid=xgxkpQBWh2kX99yMwO03qA&_nc_ss=7e2a8&oh=00_AQCjEnZ9rk52tjJ3VxdfGtzDSjjxu35soZOHMrtWK6mutw&oe=6A5E86C8","https://www.facebook.com/Kuleth06","0","5447803425331351","PTPA
Baka po may sira kayong kotse dyan yung..
NABANGGA, NALUBOG SA BAHA, o HINDI NA NAIPAGAWA.. BUYING/BUMIBILI po kami..
Yung ""2014"" model pataas po sana ☺️
PM nyo lang po ako, kung magkasundo kunin agad..
CTTO",,,,,,,"0","0","1667014302000","https://www.facebook.com/groups/Buyandsellcarsph/permalink/5447803425331351/"
"No photo description available.","2169123203260337","photo","https://www.facebook.com/photo/?fbid=2169123203260337&set=gm.1840354419743162&idorvanity=619887038456579",,,,,,,,,,,,,,,,,"100004880352607","Shirly","https://scontent-iad3-2.xx.fbcdn.net/v/t39.30808-1/700871054_3253903908115589_3432042486633251047_n.jpg?stp=cp0_dst-jpg_tt6&cstp=mx712x725&ctp=s24x24&_nc_cat=103&ccb=1-7&_nc_sid=1d2534&_nc_ohc=vbRvvCJtI9MQ7kNvwHTZ8OC&_nc_oc=AdqgiwU8P1vG2xMv3gHQY7hk0uePTDbZd4DA_s3c-LJk_tY2m94094liD-VKj5SW_i0&_nc_zt=24&_nc_ht=scontent-iad3-2.xx&_nc_gid=xgxkpQBWh2kX99yMwO03qA&_nc_ss=7e2a8&oh=00_AQCjEnZ9rk52tjJ3VxdfGtzDSjjxu35soZOHMrtWK6mutw&oe=6A5E86C8","https://www.facebook.com/Kuleth06","0","1840354419743162","PTPA
Baka po may sira kayong kotse dyan yung..
NABANGGA, NALUBOG SA BAHA, o HINDI NA NAIPAGAWA.. BUYING/BUMIBILI po kami..
Yung ""2014"" model pataas po sana ☺️
PM nyo lang po ako, kung magkasundo kunin agad..
CTTO",,,,,,,"0","0","1667016736000","https://www.facebook.com/groups/619887038456579/permalink/1840354419743162/"
"No photo description available.","2168182033354454","photo","https://www.facebook.com/photo/?fbid=2168182033354454&set=gm.5444897455621948&idorvanity=333488410096237",,,,,,,,,,,,,,,,,"100004880352607","Shirly","https://scontent-iad3-2.xx.fbcdn.net/v/t39.30808-1/700871054_3253903908115589_3432042486633251047_n.jpg?stp=cp0_dst-jpg_tt6&cstp=mx712x725&ctp=s24x24&_nc_cat=103&ccb=1-7&_nc_sid=1d2534&_nc_ohc=vbRvvCJtI9MQ7kNvwHTZ8OC&_nc_oc=AdqgiwU8P1vG2xMv3gHQY7hk0uePTDbZd4DA_s3c-LJk_tY2m94094liD-VKj5SW_i0&_nc_zt=24&_nc_ht=scontent-iad3-2.xx&_nc_gid=xgxkpQBWh2kX99yMwO03qA&_nc_ss=7e2a8&oh=00_AQCjEnZ9rk52tjJ3VxdfGtzDSjjxu35soZOHMrtWK6mutw&oe=6A5E86C8","https://www.facebook.com/Kuleth06","0","5444897455621948","PTPA
Baka po may sira kayong kotse dyan yung..
NABANGGA, NALUBOG SA BAHA, o HINDI NA NAIPAGAWA.. BUYING/BUMIBILI po kami..
Yung ""2014"" model pataas po sana ☺️
PM nyo lang po ako, kung magkasundo kunin agad..
CTTO",,,,,,,"0","0","1666922071000","https://www.facebook.com/groups/Buyandsellcarsph/permalink/5444897455621948/"
,,,,,,,,,,,,,,,,,,,,"100063770336259","Antipolo City Snippets","https://scontent-iad3-1.xx.fbcdn.net/v/t39.30808-1/360096187_749960160472988_7645245376402697436_n.jpg?stp=c120.0.480.480a_cp0_dst-jpg_tt6&cstp=mx480x480&ctp=s40x40&_nc_cat=101&ccb=1-7&_nc_sid=2d3e12&_nc_ohc=mJbb-s1pfa4Q7kNvwEi-Op6&_nc_oc=Adrr_9Q8fmRR_i5tfSvuJDefpe_ykCuJWC4dk4Dfes90qUCVNRIdrZUiuVs4IYkEo9I&_nc_zt=24&_nc_ht=scontent-iad3-1.xx&_nc_gid=xgxkpQBWh2kX99yMwO03qA&_nc_ss=7e2a8&oh=00_AQCCVA2TmLFO3stESGqcz8Q70ik6jgjb31lQKtRw2qutIA&oe=6A5EA167","https://www.facebook.com/vivaantipolo","1","8475172899189807","Sa mga lugar na madalas ang mga pagbaha, siguraduhing may mapaglilipatang mataas na lugar o mainam na lumikas na ng maaga bago pa tumaas ang tubig baha. Maghanda rin ng mga salbabida or empty gallons kung kinakailangan. #AntipoloAlerts",,"6",,,,,"6","0","1667055886000","https://www.facebook.com/vivaantipolo/posts/pfbid02iQgDfonbeqFgf5izktubxmH7EoyHbChZv6HrKeBhvbmRonrSq4mzF7hEuJr7zSHtl"
"No photo description available.","2168200540019270","photo","https://www.facebook.com/photo/?fbid=2168200540019270&set=gm.1417546535321184&idorvanity=534253920317121",,,,,,,,,,,,,,,,,"100004880352607","Shirly","https://scontent-iad3-2.xx.fbcdn.net/v/t39.30808-1/700871054_3253903908115589_3432042486633251047_n.jpg?stp=cp0_dst-jpg_tt6&cstp=mx712x725&ctp=s24x24&_nc_cat=103&ccb=1-7&_nc_sid=1d2534&_nc_ohc=vbRvvCJtI9MQ7kNvwHTZ8OC&_nc_oc=AdqgiwU8P1vG2xMv3gHQY7hk0uePTDbZd4DA_s3c-LJk_tY2m94094liD-VKj5SW_i0&_nc_zt=24&_nc_ht=scontent-iad3-2.xx&_nc_gid=GvcCIsimNZoxhJ8QHNZBcw&_nc_ss=7e2a8&oh=00_AQBU1-kCIfo9inRQ6IyGTYpl9UQC-DeE438UxIqGJr5qnw&oe=6A5E86C8","https://www.facebook.com/Kuleth06","0","1417546535321184","PTPA
Baka po may sira kayong kotse dyan yung..
NABANGGA, NALUBOG SA BAHA, o HINDI NA NAIPAGAWA.. BUYING/BUMIBILI po kami..
Yung ""2014"" model pataas po sana ☺️
PM nyo lang po ako, kung magkasundo kunin agad..
CTTO",,,,,,,"0","0","1666923752000","https://www.facebook.com/groups/534253920317121/permalink/1417546535321184/"
"No photo description available.","2169115429927781","photo","https://www.facebook.com/photo/?fbid=2169115429927781&set=gm.1549972512107845&idorvanity=266705837101192",,,,,,,,,,,,,,,,,"100004880352607","Shirly","https://scontent-iad3-2.xx.fbcdn.net/v/t39.30808-1/700871054_3253903908115589_3432042486633251047_n.jpg?stp=cp0_dst-jpg_tt6&cstp=mx712x725&ctp=s24x24&_nc_cat=103&ccb=1-7&_nc_sid=1d2534&_nc_ohc=vbRvvCJtI9MQ7kNvwHTZ8OC&_nc_oc=AdqgiwU8P1vG2xMv3gHQY7hk0uePTDbZd4DA_s3c-LJk_tY2m94094liD-VKj5SW_i0&_nc_zt=24&_nc_ht=scontent-iad3-2.xx&_nc_gid=GvcCIsimNZoxhJ8QHNZBcw&_nc_ss=7e2a8&oh=00_AQBU1-kCIfo9inRQ6IyGTYpl9UQC-DeE438UxIqGJr5qnw&oe=6A5E86C8","https://www.facebook.com/Kuleth06","0","1549972512107845","PTPA
Baka po may sira kayong kotse dyan yung..
NABANGGA, NALUBOG SA BAHA, o HINDI NA NAIPAGAWA.. BUYING/BUMIBILI po kami..
Yung ""2014"" model pataas po sana ☺️
PM nyo lang po ako, kung magkasundo kunin agad..
CTTO",,,,,,,"0","0","1667015944000","https://www.facebook.com/groups/266705837101192/permalink/1549972512107845/"
,,,,,,,,,,,,,,,,,,,,"100063531052953","Nof Repairs-nof customs","https://scontent-iad3-1.xx.fbcdn.net/v/t39.30808-1/305133356_516894533771577_7147151768277143097_n.png?stp=cp0_dst-png&cstp=mx2048x2048&ctp=s40x40&_nc_cat=104&ccb=1-7&_nc_sid=2d3e12&_nc_ohc=ivKdZnBQFPoQ7kNvwFNRJ_F&_nc_oc=AdqbvL65jXDBKrt2esSBK-toOwwNdC4mej-ueIMRv5equLvUkvF1hSooLcvT0BTXJIA&_nc_zt=24&_nc_ht=scontent-iad3-1.xx&_nc_gid=GvcCIsimNZoxhJ8QHNZBcw&_nc_ss=7e2a8&oh=00_AQA_AdXoiUmT-enTf6R4dMB_YN_PFePD87Qe9PiIn_qauA&oe=6A5EA882","https://www.facebook.com/nofcustoms","11","550870420373988","Keep safe water is rising in marikina fast!!!!

Sana gang tuhod lng ang max na baha(tuhod ni dagul) ok na","1","5",,"7","5",,"18","1","1667052090000","https://www.facebook.com/nofcustoms/posts/pfbid0kMVU99grFVkpqZ3fxnFV9y45ykgJzvJApCT424o5SE7723KwPGmXUWTj8Lkx5GWnl"
,,,,,,,,,,,,,,,,,,,,"100082046130545","Ms.Ann","https://scontent-iad3-1.xx.fbcdn.net/v/t39.30808-1/577039273_827380013340196_6768469190389484935_n.jpg?stp=cp0_dst-jpg_tt6&cstp=mx720x726&ctp=s40x40&_nc_cat=101&ccb=1-7&_nc_sid=2d3e12&_nc_ohc=ukHtPdi6zzoQ7kNvwF49X4M&_nc_oc=AdrMuqPdKzzqiuK7VnlamvqrXdowPq83LmediJZuX5JjYUscQcpES6uuiIfLva1lRAc&_nc_zt=24&_nc_ht=scontent-iad3-1.xx&_nc_gid=GvcCIsimNZoxhJ8QHNZBcw&_nc_ss=7e2a8&oh=00_AQDIlw_MsVyFb-QKROsdCMW99qO2oIV9PhCcoHItMPK86A&oe=6A5E88F8","https://www.facebook.com/Ms.Eyy.ph","0","424889326473823","isang maulan na gabi sa inyong lahat, mag iingat po tayo at maging handa sa mga sakuna na tulad ng baha at ibpa, lagi po tayong mag dasal sa pong may kapal para gabayan tayo at ilayo sa kapahamakan. 🙏",,"1","2",,"1",,"4","0","1666959490000","https://www.facebook.com/Ms.Eyy.ph/posts/pfbid02hchW5FQNyCrSkPKFUAV9VcLsb3gr2j5LJEeM4QuzwqJJGMcwrgFFWqVsuaguFqZrl"
,"650844133284328","video","https://www.facebook.com/NoveletaTrends/videos/650844133284328/",,,,,,,,,,,,,,,,,"100063737933683","Ride with Jenny","https://scontent-iad3-1.xx.fbcdn.net/v/t39.30808-1/572431979_1384546837014803_7287638360969665702_n.jpg?stp=cp0_dst-jpg_tt6&cstp=mx1134x1129&ctp=s40x40&_nc_cat=110&ccb=1-7&_nc_sid=2d3e12&_nc_ohc=amD-HfThV-4Q7kNvwEOHJCz&_nc_oc=AdoDvvW_6jy2QUFuX6pJULfQ9hfXrMWT-4dLkUemIPTonkYoTUBDXrAaP7Z0zPKc01E&_nc_zt=24&_nc_ht=scontent-iad3-1.xx&_nc_gid=GvcCIsimNZoxhJ8QHNZBcw&_nc_ss=7e2a8&oh=00_AQD3yo0CbCWkWcWfD89-uQu6eZ2zjulQWoT5MqXXv-BjHQ&oe=6A5E9EAE","https://www.facebook.com/thetransportqueen","0","527190862750409","Delikadong ragasa ng tubig",,,,,,,"0","1","1667054356000","https://www.facebook.com/thetransportqueen/posts/pfbid02BPYoupeHrQUuYwLyAiMjoK9W88Re2YuNVG4i68LMHW54ubokNM9CbgbHoUMcZWFYl"
,,,,,,,,,,,,,,,,,,,,"100077291282660","Leon's channel mix vlog","https://scontent-iad3-2.xx.fbcdn.net/v/t39.30808-1/306257707_177164938203215_3483815074371395109_n.jpg?stp=cp0_dst-jpg_tt6&cstp=mx1440x1437&ctp=s40x40&_nc_cat=111&ccb=1-7&_nc_sid=2d3e12&_nc_ohc=g4rEwJy823YQ7kNvwEmkNeG&_nc_oc=AdrW0s6w7ZE39wXQGLdZqczt7hApJ3Woa9l0aLUUmES7Xh7Kz5KXU6ARVrsU_AY1M9M&_nc_zt=24&_nc_ht=scontent-iad3-2.xx&_nc_gid=GvcCIsimNZoxhJ8QHNZBcw&_nc_ss=7e2a8&oh=00_AQCz4L63waSV_F9kv37A3pkWvmofWAhCPueRj4Tx-e95LQ&oe=6A5E9B1B","https://www.facebook.com/profile.php?id=100077291282660","2","188341960418846","Pumasok na sa pinto Yung tubig baha sa loob nmin lilimas nanman tayu nito",,"2",,"1",,,"3","0","1667019590000","https://www.facebook.com/permalink.php?story_fbid=pfbid02p1MjK6yTrYGV7G18w2WTGm1gZcFPDvrYNW826KxZwKHc3iNJJDyTn9XWX6mbCDH1l&id=100077291282660"
,,,,,,,,,,,,,,,,,,,,"100000131678483","Richmond Dineros","https://scontent-iad6-1.xx.fbcdn.net/v/t39.30808-1/556894961_25632129863041385_8395436509473327509_n.jpg?stp=cp0_dst-jpg_tt6&cstp=mx1080x1080&ctp=s24x24&_nc_cat=100&ccb=1-7&_nc_sid=e99d92&_nc_ohc=XPJ6694eTIsQ7kNvwEx909C&_nc_oc=AdrWRPMoQF0uoKMN5n1x0VneynAkurerhMnVCX_LcXhykD6VC5S8DC0Bp_DiyiXaKYI&_nc_zt=24&_nc_ht=scontent-iad6-1.xx&_nc_gid=GvcCIsimNZoxhJ8QHNZBcw&_nc_ss=7e2a8&oh=00_AQD0SHnBGCQsbscMJh-06rjnkreuM39MkZghoQfMJXFetQ&oe=6A5E9B46","https://www.facebook.com/mondineros","2","857937118707867","magandang gabi po. gaano kataas na po ang tubig mula sa ilog? baka pwede po kayo magsend ng pictures sa comment. gayundin naman sa ph2, may baha na ba galing becco?",,,,,,,"0","0","1667059468000","https://www.facebook.com/groups/507014217133494/permalink/857937118707867/"
,,,,,,,,,,,,,,,,,,,,"100008325430203","Kh El","https://scontent-iad3-2.xx.fbcdn.net/v/t39.30808-1/599937632_4198083297145810_5607078322629027866_n.jpg?stp=cp0_dst-jpg_tt6&cstp=mx1536x1547&ctp=s40x40&_nc_cat=111&ccb=1-7&_nc_sid=1d2534&_nc_ohc=HVaWBnYtKDwQ7kNvwGl41lW&_nc_oc=AdomilMBQe3iw9hwawt3TbbTzzOrFI_EQxi90DMSJFU-krjBawTe0_XFu1bnQb4UEqs&_nc_zt=24&_nc_ht=scontent-iad3-2.xx&_nc_gid=jiEbu2xsOcVY3jT9vrYkfA&_nc_ss=7e2a8&oh=00_AQBJgxBGrRvCOsG4YnHMo7FnwCPcnqTiiFpCwJtZbuTYqg&oe=6A5EA681","https://www.facebook.com/mike143yian","0","5573041712779508","Baha na po mag ingat po tayong lahat 🙏",,,,,,,"0","0","1667039184000","https://www.facebook.com/groups/2983491691734536/permalink/5573041712779508/"
,,,,,,,,,,,,,,,,,,,,"100055767742983","Dí Lín Āidé","https://scontent-iad3-2.xx.fbcdn.net/v/t1.30497-1/453178253_471506465671661_2781666950760530985_n.png?stp=cp0_dst-png&cstp=mx2048x2048&ctp=s24x24&_nc_cat=1&ccb=1-7&_nc_sid=b224c7&_nc_ohc=jcZuiBJJlywQ7kNvwFirZGb&_nc_oc=Adr-EaCTnzAaYTEvyxG6tPJgw0uowHGmBWvLIXMXV7HB0ojJW5FsShI_YySmBNslSe0&_nc_zt=24&_nc_ht=scontent-iad3-2.xx&_nc_ss=7e2a8&oh=00_AQBDZfS5rsfEVRYS2-4KAN3Bzk9qR_9u4yS3h3_SEpiFsg&oe=6A80293A","https://www.facebook.com/dilyn.eder","1","3353931374927563","baha na po sa daanan nang marikina  ??",,"5",,,,,"5","0","1667019080000","https://www.facebook.com/groups/2154780544842658/permalink/3353931374927563/"
,,,,,,,,,,,,,,,,,,,,"100080661103294","Manalang Dennis","https://scontent-iad3-2.xx.fbcdn.net/v/t39.30808-1/341005765_924060458794466_7842723162897767989_n.jpg?stp=cp0_dst-jpg_tt6&cstp=mx954x960&ctp=s24x24&_nc_cat=103&ccb=1-7&_nc_sid=e99d92&_nc_ohc=JVg364Aw6uAQ7kNvwH9k6Ia&_nc_oc=AdocU4Fy1Qud6HfCdQX8FY2wHAkT1RWjIjlJbs0zNSGoecg0Ocnaq0Hqm6L4_WzbZwM&_nc_zt=24&_nc_ht=scontent-iad3-2.xx&_nc_gid=jiEbu2xsOcVY3jT9vrYkfA&_nc_ss=7e2a8&oh=00_AQCpSutoPOszbKjaLzLe8Spgm0ey4j5R84ksUriX_UGHXQ&oe=6A5EAC90","https://www.facebook.com/profile.php?id=100080661103294","0","1490287194768573","IWAS BAHA NA TAYO!!

🏡HOUSE AND LOT FOR SALE❗🏡

PRICE:  4.6M 

CAMELLE MONTEGO SUBDIVISION
ANTIPOLO ✴

LOT AREA:  99 Sqm
FLOOR AREA: 77 Sqm

2 STORY 
3 BED ROOM
2 TOILET AND BATH
CAR GARAGE 
TERRACE 
WITH POCKET GARDEN 

✅AMINITIES: 

24 HOUR SECURITY
PLAYGROUND
SWIMMING POOL
BASKETBALL COURT
CLUB HOUSE

✅NEAR SA GUARD HOUSE
500 Meters TO ROBINSON PLACE ANTIPOLO
1.M KM to ANTIPOLO CHURCH

DM FOR INQUIRIES👉📲 

09278586223",,,,,,,"0","0","1667025781000","https://www.facebook.com/groups/913683139095651/permalink/1490287194768573/?sale_post_id=1490287194768573"
"No photo description available.","1198463794404330","photo","https://www.facebook.com/photo.php?fbid=1198463794404330&set=gm.2004304223094809&type=3","No photo description available.","1198463871070989","photo","https://www.facebook.com/photo.php?fbid=1198463871070989&set=gm.2004304219761476&type=3","No photo description available.","1198463911070985","photo","https://www.facebook.com/photo.php?fbid=1198463911070985&set=gm.2004304216428143&type=3",,,,,,,,,"100027221610270","Grace Chelle Montanez","https://scontent-iad3-2.xx.fbcdn.net/v/t39.30808-1/461860102_1621531892097516_6611594273484688481_n.jpg?stp=cp0_dst-jpg_tt6&cstp=mx1536x1540&ctp=s24x24&_nc_cat=103&ccb=1-7&_nc_sid=1d2534&_nc_ohc=wau81TVqNt4Q7kNvwGEEMmS&_nc_oc=Ados3dvlBInJto_XLlQDnR0Ijdhrj0ff_dxkRrF30Vqm7a3o_8zWIb93HDSx9gXJ-2Q&_nc_zt=24&_nc_ht=scontent-iad3-2.xx&_nc_gid=jiEbu2xsOcVY3jT9vrYkfA&_nc_ss=7e2a8&oh=00_AQAKig0su2au5P1HdEkSRLCb8zOJN0wZbLhiMkPoqNdDOA&oe=6A5E98C4","https://www.facebook.com/gracechelle.montanez","6","2004304213094810","Hello sa mga nagpa reserve po skin nito. Pang dinner nalang po diliver mga madam. My baha npo kasi na street den s town nd country mahirapan po si rider. Salamat sa pag unawa.",,"2",,,,"1","3","0","1667046812000","https://www.facebook.com/groups/593310310860881/permalink/2004304213094810/"
,,,,,,,,,,,,,,,,,,,,"100080661103294","Manalang Dennis","https://scontent-iad3-2.xx.fbcdn.net/v/t39.30808-1/341005765_924060458794466_7842723162897767989_n.jpg?stp=cp0_dst-jpg_tt6&cstp=mx954x960&ctp=s24x24&_nc_cat=103&ccb=1-7&_nc_sid=e99d92&_nc_ohc=JVg364Aw6uAQ7kNvwH9k6Ia&_nc_oc=AdocU4Fy1Qud6HfCdQX8FY2wHAkT1RWjIjlJbs0zNSGoecg0Ocnaq0Hqm6L4_WzbZwM&_nc_zt=24&_nc_ht=scontent-iad3-2.xx&_nc_gid=jiEbu2xsOcVY3jT9vrYkfA&_nc_ss=7e2a8&oh=00_AQCpSutoPOszbKjaLzLe8Spgm0ey4j5R84ksUriX_UGHXQ&oe=6A5EAC90","https://www.facebook.com/profile.php?id=100080661103294","0","1784935378541467","IWAS BAHA NA TAYO!!

🏡HOUSE AND LOT FOR SALE❗🏡

PRICE:  4.6M 

CAMELLE MONTEGO SUBDIVISION
ANTIPOLO ✴

LOT AREA:  99 Sqm
FLOOR AREA: 77 Sqm

2 STORY 
3 BED ROOM
2 TOILET AND BATH
CAR GARAGE 
TERRACE 
WITH POCKET GARDEN 

✅AMINITIES: 

24 HOUR SECURITY
PLAYGROUND
SWIMMING POOL
BASKETBALL COURT
CLUB HOUSE

✅NEAR SA GUARD HOUSE
500 Meters TO ROBINSON PLACE ANTIPOLO
1.M KM to ANTIPOLO CHURCH

DM FOR INQUIRIES👉📲 

09278586223",,,,,,,"0","0","1667025751000","https://www.facebook.com/groups/814519768916371/permalink/1784935378541467/?sale_post_id=1784935378541467"
"No photo description available.","2168185293354128","photo","https://www.facebook.com/photo/?fbid=2168185293354128&set=gm.1849163142094639&idorvanity=174989109512059",,,,,,,,,,,,,,,,,"100004880352607","Shirly","https://scontent-iad3-2.xx.fbcdn.net/v/t39.30808-1/700871054_3253903908115589_3432042486633251047_n.jpg?stp=cp0_dst-jpg_tt6&cstp=mx712x725&ctp=s24x24&_nc_cat=103&ccb=1-7&_nc_sid=1d2534&_nc_ohc=vbRvvCJtI9MQ7kNvwHTZ8OC&_nc_oc=AdqgiwU8P1vG2xMv3gHQY7hk0uePTDbZd4DA_s3c-LJk_tY2m94094liD-VKj5SW_i0&_nc_zt=24&_nc_ht=scontent-iad3-2.xx&_nc_gid=jiEbu2xsOcVY3jT9vrYkfA&_nc_ss=7e2a8&oh=00_AQB8vnqwbBRnmhan3leRXssvhuGqO-yrLe-OvRh5Tnb4iQ&oe=6A5E86C8","https://www.facebook.com/Kuleth06","0","1849163142094639","PTPA
Baka po may sira kayong kotse dyan yung..
NABANGGA, NALUBOG SA BAHA, o HINDI NA NAIPAGAWA.. BUYING/BUMIBILI po kami..
Yung ""2014"" model pataas po sana ☺️
PM nyo lang po ako, kung magkasundo kunin agad..
CTTO",,,,,,,"0","0","1666922379000","https://www.facebook.com/groups/174989109512059/permalink/1849163142094639/"
,,,,,,,,,,,,,,,,,,,,"100000523717059","Julio Miguel Cruz","https://scontent-iad3-1.xx.fbcdn.net/v/t39.30808-1/480433509_9859855364041823_7117389675279493186_n.jpg?stp=cp0_dst-jpg_tt6&cstp=mx960x958&ctp=s24x24&_nc_cat=108&ccb=1-7&_nc_sid=e99d92&_nc_ohc=6faDtdpUizIQ7kNvwHP80rT&_nc_oc=AdqMYlYwCjYYM1HZRKX8SOREMDYeiHX08Jt7ekNRqaxLMMgFI7XR1gN9jyGlbCQgrto&_nc_zt=24&_nc_ht=scontent-iad3-1.xx&_nc_gid=l5uvE5DbK6kbgMNJDnBSdQ&_nc_ss=7e2a8&oh=00_AQD-3Zz_y5fOAxXKa3MEsUYUdmAfpCwdN4vuUuQXZGNi7g&oe=6A5E8750","https://www.facebook.com/juliomiguel.cruz.9","7","856017168763859","Hello po..di po ba inabot baha sa dulo ngaun?
Stay safe po",,"3",,,,,"3","0","1667057429000","https://www.facebook.com/groups/531565464542366/permalink/856017168763859/"
,,,,,,,,,,,,,,,,,,,,"100064067169042","Somero  Montalban Page","https://scontent-iad3-1.xx.fbcdn.net/v/t39.30808-1/591836168_1282918937187000_6074822629666784872_n.jpg?stp=cp0_dst-jpg_tt6&cstp=mx1080x1080&ctp=s40x40&_nc_cat=110&ccb=1-7&_nc_sid=2d3e12&_nc_ohc=zAA9hYhRVjcQ7kNvwGF2-NV&_nc_oc=AdpELrNS7NXq6uStd-7Gf4M7RhN0wPWiSotltO468qfaxqGi5vxrR0owFgCTV7SpOCU&_nc_zt=24&_nc_ht=scontent-iad3-1.xx&_nc_gid=l5uvE5DbK6kbgMNJDnBSdQ&_nc_ss=7e2a8&oh=00_AQAvuQwUsNtInxJMm2mH_rsYr7FOC1o81drpceAnbcrmVA&oe=6A5E8D26","https://www.facebook.com/masayaakosayokahitnaanonggawin","0","494467729365462","Good evening everyone.
Keep safe po tayo lahat🙏
Iwasan na mabaha ang inyong mga ebike,if ever na mababad po sa baha ,wag i power on,Must to check first by technician po..",,"10","2",,,,"12","1","1667049802000","https://www.facebook.com/masayaakosayokahitnaanonggawin/posts/pfbid0H538jjDc1fJDUsZ1DsNrExkTk2Q9ZMazTxjKURN99Ly7F5e2TWkPZn9jkiiXMtqql"
,,,,,,,,,,,,,,,,,,,,"100063931129954","Ebike Marikina Somero Branch","https://scontent-iad3-2.xx.fbcdn.net/v/t39.30808-1/506451994_1177006984440328_7594060615717795285_n.jpg?stp=cp0_dst-jpg_tt6&cstp=mx720x726&ctp=s40x40&_nc_cat=105&ccb=1-7&_nc_sid=2d3e12&_nc_ohc=IRejDpeJ6WkQ7kNvwEG8J_q&_nc_oc=Adp_x2YOz7ov8Pt0CYsUjzMlnNTJ3XVtrTtHouPeR70mI6qXpPsAXaveHbKBFD9JoZU&_nc_zt=24&_nc_ht=scontent-iad3-2.xx&_nc_gid=l5uvE5DbK6kbgMNJDnBSdQ&_nc_ss=7e2a8&oh=00_AQCv1jB5uyjR5YX7a2mnCo4Yo8beCQykKjFrfrggRTKUTQ&oe=6A5E98A2","https://www.facebook.com/profile.php?id=100063931129954","1","521424716665228","Good evening everyone.
Keep safe po tayo lahat🙏
Iwasan na mabaha ang inyong mga ebike,if ever na mababad po sa baha ,wag i power on,Must to check first by technician po..",,"1",,,,,"1","0","1667049838000","https://www.facebook.com/permalink.php?story_fbid=pfbid09e6QkmPppzt1KaoMJaXZdGh4XvvmcFPigbgFCdkGEdyaSkN929Pg5xjwcxnRCCTUl&id=100063931129954"
,,,,,,,,,,,,,,,,,,,,"100013763590908","Edgardo Lim","https://scontent-iad6-1.xx.fbcdn.net/v/t39.30808-1/491945446_2108281246307308_6051146126374398644_n.jpg?stp=cp0_dst-jpg_tt6&cstp=mx640x640&ctp=s24x24&_nc_cat=107&ccb=1-7&_nc_sid=1d2534&_nc_ohc=gU0BEDwHjJ8Q7kNvwEyp0xi&_nc_oc=Adr3UpviJhLuiSjr4mkFt2eaI3RSVxTeg6ntc3g5vnzCwAUM17J9olbvuozWltwU3xw&_nc_zt=24&_nc_ht=scontent-iad6-1.xx&_nc_gid=l5uvE5DbK6kbgMNJDnBSdQ&_nc_ss=7e2a8&oh=00_AQBcst3deTCPtCEKkz1QWzSvCBc7uxGx4xU3V-lyrnMHOA&oe=6A5EAB75","https://www.facebook.com/earljhon.lim.7","23","1551970091928460","Kamusta Po mga Taga doña Petra tumana may baha na Po ba",,"35",,,,,"35","0","1667056777000","https://www.facebook.com/groups/1011668862625255/permalink/1551970091928460/"
,,,,,,,,,,,,,,,,,,,,"1112724419","Sofronio Dulay","https://scontent-iad6-1.xx.fbcdn.net/v/t39.30808-1/736455705_10243009859318419_1544634941074332101_n.jpg?stp=c0.132.828.828a_cp6_dst-jpg_tt6&cstp=mx828x828&ctp=s40x40&_nc_cat=107&ccb=1-7&_nc_sid=1d2534&_nc_ohc=i1is6wo6LtgQ7kNvwGTFhnC&_nc_oc=AdqqSy6BmMksCziP3_0VWP1D2nWcgby8VhqFMe21hugoQCHmZzV1wwVDVZrIhPkGhHs&_nc_zt=24&_nc_ht=scontent-iad6-1.xx&_nc_gid=l5uvE5DbK6kbgMNJDnBSdQ&_nc_ss=7e2a8&oh=00_AQDpeTau3H5QI692q3HWLMtQ6o1SP6G2EIiaEGFLZxAJsw&oe=6A5E8CA8","https://www.facebook.com/totidulay","0","2182273468640409","NGAYONG MAY BAGYO, MAY BAHA PA BA SA MARIKINA O WALA NA?

https://m.facebook.com/story.php?story_fbid=10228629574620289&id=1112724419",,,,,,,"0","0","1667003853000","https://www.facebook.com/groups/1156270434574056/permalink/2182273468640409/"
,,,,,,,,,,,,,,,,,,,,"100063698747985","Shelter's Garden","https://scontent-iad3-1.xx.fbcdn.net/v/t39.30808-1/728213233_1636841448449131_2833467829463186204_n.jpg?stp=cp0_dst-jpg_tt6&cstp=mx1773x1773&ctp=s40x40&_nc_cat=101&ccb=1-7&_nc_sid=2d3e12&_nc_ohc=xymiMMNIzTIQ7kNvwERbFFm&_nc_oc=AdoXRToSyHNWKHQism1V4bSqtra2U7y8nMa6w4vcQt6reXnFg8kB3e3y-JhXkY3eNzE&_nc_zt=24&_nc_ht=scontent-iad3-1.xx&_nc_gid=l5uvE5DbK6kbgMNJDnBSdQ&_nc_ss=7e2a8&oh=00_AQCwL5xVtotLN_hxxGWIIJRnxyaUAwI0UP5BIgp3Yaaq5g&oe=6A5E8E0A","https://www.facebook.com/Halaman25","0","545312150935405","All pending deliveries po..will be delivered once ok napo ang weather hopefully tomorrow..
And all plants po na di papo nakukuwa pakikuwa napo..di napo namin kasalanan if ever maabot ng baha po at nabayaran nyo napo yung plants...sayang naman po .",,,,,"2",,"2","0","1667037840000","https://www.facebook.com/Halaman25/posts/pfbid02LNUuKnNN1h9F7HbdebVXS8cuGPHBiByWgfiD7f86D8PpkHdN3TJ5aFgmKzjcQhrjl"
,,,,,,,,,,,,,,,,,,,,"1310921552","Jamir Salas","https://scontent-iad3-2.xx.fbcdn.net/v/t39.30808-1/680124871_10233800823424884_5642633046523071169_n.jpg?stp=cp0_dst-jpg_tt6&cstp=mx1212x1194&ctp=s24x24&_nc_cat=111&ccb=1-7&_nc_sid=e99d92&_nc_ohc=LOmgKZugJyEQ7kNvwF0pV8E&_nc_oc=Adr0EdJKpiNKbzzfMKdRchGiEbMqgZXIXDVh7yoKI4gmLHiCmBDJBYklND7D82HJW1U&_nc_zt=24&_nc_ht=scontent-iad3-2.xx&_nc_gid=l5uvE5DbK6kbgMNJDnBSdQ&_nc_ss=7e2a8&oh=00_AQA-AiJ6QakErJl4B22Ahnkk0z7hVtJE-lAt2tYuj3c3zQ&oe=6A5E8920","https://www.facebook.com/jamirispogi","0","2004705643054667","Ano po lagay ng baha sa vermont",,"3",,,,,"3","0","1667080289000","https://www.facebook.com/groups/593310310860881/permalink/2004705643054667/"
,,,,,,,,,,,,,,,,,,,,"1112724419","Sofronio Dulay","https://scontent-iad6-1.xx.fbcdn.net/v/t39.30808-1/736455705_10243009859318419_1544634941074332101_n.jpg?stp=c0.132.828.828a_cp6_dst-jpg_tt6&cstp=mx828x828&ctp=s40x40&_nc_cat=107&ccb=1-7&_nc_sid=1d2534&_nc_ohc=i1is6wo6LtgQ7kNvwGTFhnC&_nc_oc=AdqqSy6BmMksCziP3_0VWP1D2nWcgby8VhqFMe21hugoQCHmZzV1wwVDVZrIhPkGhHs&_nc_zt=24&_nc_ht=scontent-iad6-1.xx&_nc_gid=WmBYUj2uT7HWol3tWkBuuQ&_nc_ss=7e2a8&oh=00_AQD8j1b1BwDclml2mKow1V5EJYfAk83rHtdiww1_2VyCjQ&oe=6A5E8CA8","https://www.facebook.com/totidulay","0","1524376671407180","NGAYONG MAY BAGYO, MAY BAHA PA BA SA MARIKINA O WALA NA?

https://m.facebook.com/story.php?story_fbid=10228629574620289&id=1112724419",,,,,,,"0","0","1667002237000","https://www.facebook.com/groups/870756776769176/permalink/1524376671407180/"
,,,,,,,,,,,,,,,,,,,,"100002400916937","Berns Payod","https://scontent-iad6-1.xx.fbcdn.net/v/t39.30808-1/611606260_25549455288051151_967307137761122839_n.jpg?stp=cp0_dst-jpg_tt6&cstp=mx1364x1365&ctp=s24x24&_nc_cat=109&ccb=1-7&_nc_sid=e99d92&_nc_ohc=gm7meMuiU40Q7kNvwFM7aIB&_nc_oc=AdqflY60wtiQAXFvRRLHG0q-9o0JtqMHtcvcur4IfRhH0wLnKR5P1xlqC7Ufg9Ql5C8&_nc_zt=24&_nc_ht=scontent-iad6-1.xx&_nc_gid=WmBYUj2uT7HWol3tWkBuuQ&_nc_ss=7e2a8&oh=00_AQBAjhXKX_WMUGwA5jqZXzIpYFId1V6U9U2U61NOwcQSMw&oe=6A5E84AB","https://www.facebook.com/bernaliza.p.velasco","4","646203643703407","may baha na pong area sa tumana?",,"1",,,,,"1","0","1667012221000","https://www.facebook.com/groups/539227651067674/permalink/646203643703407/"
,,,,,,,,,,,,,,,,,,,,"1112724419","Sofronio Dulay","https://scontent-iad6-1.xx.fbcdn.net/v/t39.30808-1/736455705_10243009859318419_1544634941074332101_n.jpg?stp=c0.132.828.828a_cp6_dst-jpg_tt6&cstp=mx828x828&ctp=s40x40&_nc_cat=107&ccb=1-7&_nc_sid=1d2534&_nc_ohc=i1is6wo6LtgQ7kNvwGTFhnC&_nc_oc=AdqqSy6BmMksCziP3_0VWP1D2nWcgby8VhqFMe21hugoQCHmZzV1wwVDVZrIhPkGhHs&_nc_zt=24&_nc_ht=scontent-iad6-1.xx&_nc_gid=WmBYUj2uT7HWol3tWkBuuQ&_nc_ss=7e2a8&oh=00_AQD8j1b1BwDclml2mKow1V5EJYfAk83rHtdiww1_2VyCjQ&oe=6A5E8CA8","https://www.facebook.com/totidulay","0","2444165175740378","NGAYONG MAY BAGYO, MAY BAHA PA BA SA MARIKINA O WALA NA?

https://m.facebook.com/story.php?story_fbid=10228629574620289&id=1112724419",,,,,,,"0","0","1667002216000","https://www.facebook.com/groups/254504641373120/permalink/2444165175740378/"
,,,,,,,,,,,,,,,,,,,,"100070948238361","PatsQuinto","https://scontent-iad6-1.xx.fbcdn.net/v/t39.30808-1/660869944_965347479173518_7363166476824979377_n.jpg?stp=cp0_dst-jpg_tt6&cstp=mx960x960&ctp=s40x40&_nc_cat=106&ccb=1-7&_nc_sid=2d3e12&_nc_ohc=vhwL8B-UFaEQ7kNvwEqV-p5&_nc_oc=AdqaRhXvMUzBl44uynt_iCOIDn_rpG5VfZp0ZufW6eu9bwo_DOuHR0LbIoYG14KnLQ0&_nc_zt=24&_nc_ht=scontent-iad6-1.xx&_nc_gid=WmBYUj2uT7HWol3tWkBuuQ&_nc_ss=7e2a8&oh=00_AQCHzIwi-RgW7hVvHPhYhKLtt195WsSHVwBSRAZvtX_GkA&oe=6A5E9E2B","https://www.facebook.com/abelikeclothingwholesaling","3","211629534545320","Keep safe po sa ating lahat🙏.
Walang tigil ang malakas na ulan at hangin. Baha na din sa iba't ibang lugar.
Mag-ingat po ang lahat at iready nyo po ang  inyong
 ""Go Bag """,,"1","9",,,,"10","0","1667044523000","https://www.facebook.com/abelikeclothingwholesaling/posts/pfbid0gH3yocKtAf2by7hJXJipXxzHLg2qHmfjGsV9ZdcvcpGvv15wNELN1Kx2YoJ4wSp5l"
,,,,,,,,,,,,,,,,,,,,"1303162615","Ma Fe Rogelio Bañal","https://scontent-iad3-1.xx.fbcdn.net/v/t39.30808-1/541883721_10230482622391673_241809291176438302_n.jpg?stp=cp0_dst-jpg_tt6&cstp=mx958x960&ctp=s24x24&_nc_cat=108&ccb=1-7&_nc_sid=e99d92&_nc_ohc=owaoN8O0Pg8Q7kNvwFxshIO&_nc_oc=Adq2jplnx7g_z3usl2L7KQAZTNCstO-iB6zs1yvFK_F7mfDTxJDMtPujegn1ghGSj8k&_nc_zt=24&_nc_ht=scontent-iad3-1.xx&_nc_gid=WmBYUj2uT7HWol3tWkBuuQ&_nc_ss=7e2a8&oh=00_AQAkbEVE2Yp3-BWg1vgr_hmlRzUr5G-QVtSzojNDLh9USQ&oe=6A5EB31F","https://www.facebook.com/jhingjihng","0","2004280609763837","Good evening, makikisuyo lang sana ako kung gaano na kataas ang baha sa Cambridge cor Berkshire?

Maraming salamat",,"1",,,,,"1","0","1667044687000","https://www.facebook.com/groups/593310310860881/permalink/2004280609763837/"
,,,,,,,,,,,,,,,,,,,,"100000374461911","Jr Puducay","https://scontent-iad3-1.xx.fbcdn.net/v/t39.30808-1/616603237_25785392754389854_9024270857274766459_n.jpg?stp=cp6_dst-jpg_tt6&cstp=mx916x917&ctp=s40x40&_nc_cat=108&ccb=1-7&_nc_sid=1d2534&_nc_ohc=AOILovAmWoYQ7kNvwFMwOQm&_nc_oc=AdpLi3LlwZCm9jh_7r4gc1lASY-ZsYMxA4duGoeXMPXeuFSHhQnAx-IblfhmfGPppz4&_nc_zt=24&_nc_ht=scontent-iad3-1.xx&_nc_gid=TMAITzy1QjDNmQ1Ga-Bj9g&_nc_ss=7e2a8&oh=00_AQDxWVTWcJet1sokQM6k6KARBZDExSPgGzHLfbk03H2xWw&oe=6A5E9941","https://www.facebook.com/jr.puducay","2","1062762884468491","Mga kabola naten sa Cainta eto masarap sa tag ulan pulutan or ulam pasok na pasok Ace player pa may ari Koroks",,"7","3",,,,"10","0","1667018477000","https://www.facebook.com/lmbzbasketballleague/posts/pfbid02ahnjEVQpmEk45KhN1rdCkPZmJVKD17B5g8d3Xb2GX3ovduHU4AsXgsWJP45HaHMel"
,,,,,,,,,,,,,,,,,,,,"1112724419","Sofronio Dulay","https://scontent-iad6-1.xx.fbcdn.net/v/t39.30808-1/736455705_10243009859318419_1544634941074332101_n.jpg?stp=c0.132.828.828a_cp6_dst-jpg_tt6&cstp=mx828x828&ctp=s40x40&_nc_cat=107&ccb=1-7&_nc_sid=1d2534&_nc_ohc=i1is6wo6LtgQ7kNvwGTFhnC&_nc_oc=AdqqSy6BmMksCziP3_0VWP1D2nWcgby8VhqFMe21hugoQCHmZzV1wwVDVZrIhPkGhHs&_nc_zt=24&_nc_ht=scontent-iad6-1.xx&_nc_gid=TMAITzy1QjDNmQ1Ga-Bj9g&_nc_ss=7e2a8&oh=00_AQCCHuh5Vvl0S50V2nFBGJSlb5qTrRGbVnZTRduXCqUCHg&oe=6A5E8CA8","https://www.facebook.com/totidulay","0","3392288681058055","NGAYONG MAY BAGYO, MAY BAHA PA BA SA MARIKINA O WALA NA?

https://m.facebook.com/story.php?story_fbid=10228629574620289&id=1112724419",,,,,,,"0","0","1667002338000","https://www.facebook.com/groups/1974601109493493/permalink/3392288681058055/"
,,,,,,,,,,,,,,,,,,,,"1112724419","Sofronio Dulay","https://scontent-iad6-1.xx.fbcdn.net/v/t39.30808-1/736455705_10243009859318419_1544634941074332101_n.jpg?stp=c0.132.828.828a_cp6_dst-jpg_tt6&cstp=mx828x828&ctp=s40x40&_nc_cat=107&ccb=1-7&_nc_sid=1d2534&_nc_ohc=i1is6wo6LtgQ7kNvwGTFhnC&_nc_oc=AdqqSy6BmMksCziP3_0VWP1D2nWcgby8VhqFMe21hugoQCHmZzV1wwVDVZrIhPkGhHs&_nc_zt=24&_nc_ht=scontent-iad6-1.xx&_nc_gid=TMAITzy1QjDNmQ1Ga-Bj9g&_nc_ss=7e2a8&oh=00_AQCCHuh5Vvl0S50V2nFBGJSlb5qTrRGbVnZTRduXCqUCHg&oe=6A5E8CA8","https://www.facebook.com/totidulay","0","3392288607724729","NGAYONG MAY BAGYO, MAY BAHA PA BA SA MARIKINA O WALA NA?

https://m.facebook.com/story.php?story_fbid=10228629574620289&id=1112724419",,,,,,,"0","0","1667002326000","https://www.facebook.com/groups/1974601109493493/permalink/3392288607724729/"
,,,,,,,,,,,,,,,,,,,,"1112724419","Sofronio Dulay","https://scontent-iad6-1.xx.fbcdn.net/v/t39.30808-1/736455705_10243009859318419_1544634941074332101_n.jpg?stp=c0.132.828.828a_cp6_dst-jpg_tt6&cstp=mx828x828&ctp=s40x40&_nc_cat=107&ccb=1-7&_nc_sid=1d2534&_nc_ohc=i1is6wo6LtgQ7kNvwGTFhnC&_nc_oc=AdqqSy6BmMksCziP3_0VWP1D2nWcgby8VhqFMe21hugoQCHmZzV1wwVDVZrIhPkGhHs&_nc_zt=24&_nc_ht=scontent-iad6-1.xx&_nc_gid=TMAITzy1QjDNmQ1Ga-Bj9g&_nc_ss=7e2a8&oh=00_AQCCHuh5Vvl0S50V2nFBGJSlb5qTrRGbVnZTRduXCqUCHg&oe=6A5E8CA8","https://www.facebook.com/totidulay","0","2950412515253752","NGAYONG MAY BAGYO, MAY BAHA PA BA SA MARIKINA O WALA NA?

https://m.facebook.com/story.php?story_fbid=10228629574620289&id=1112724419",,"1",,,,,"1","0","1667046849000","https://www.facebook.com/groups/1402994773328875/permalink/2950412515253752/"
,,,,,,,,,,,,,,,,,,,,"100025156231904","Diana Elizabeth Cruz","https://scontent-iad6-1.xx.fbcdn.net/v/t39.30808-1/707460639_2134701474045040_2024660267057030413_n.jpg?stp=cp0_dst-jpg_tt6&cstp=mx828x828&ctp=s24x24&_nc_cat=102&ccb=1-7&_nc_sid=e99d92&_nc_ohc=Fwnd3dIFWZYQ7kNvwHzMjXq&_nc_oc=AdrVPyMJZB3kzqaqmxCH-6-awdnv6UJmyFJGdebf8G4H9Gs6HSq74nGfIG0R2vdewrc&_nc_zt=24&_nc_ht=scontent-iad6-1.xx&_nc_gid=TMAITzy1QjDNmQ1Ga-Bj9g&_nc_ss=7e2a8&oh=00_AQAq5HHr4UQ1rIwIHBlictbaL_2rBzvUIqpFEhWYU_Is-Q&oe=6A5E8B64","https://www.facebook.com/Dnnecrz25","0","1399076270501395","Lf paupahan 2500 budget
Around banaba lang Po pass sa inaabot Ng baha",,"1",,,,,"1","0","1667050879000","https://www.facebook.com/groups/1075554029520289/permalink/1399076270501395/"
,,,,,,,,,,,,,,,,,,,,"100078385501879","Francky Boto","https://scontent-iad3-2.xx.fbcdn.net/v/t39.30808-1/739107057_1019819260640915_4304106953195892895_n.jpg?stp=cp0_dst-jpg_tt6&cstp=mx468x468&ctp=s24x24&_nc_cat=105&ccb=1-7&_nc_sid=e99d92&_nc_ohc=gqNI8eVasyUQ7kNvwFZR9Ol&_nc_oc=AdrK8bMEfztMB-P-ZZw1mEyiCsDggiMixE8-rbjYpFyaITJCewO5hYMFOqLkntFzNiM&_nc_zt=24&_nc_ht=scontent-iad3-2.xx&_nc_gid=TMAITzy1QjDNmQ1Ga-Bj9g&_nc_ss=7e2a8&oh=00_AQDhtPQlcyy7qp7R8Ugs8EpPArSA1dgcBLxdPqF3TC0zoQ&oe=6A5EAA6E","https://www.facebook.com/francky.boto","0","1336355747132568","cno po ang mag pplinis ng baha or 
mag papadamo or mag papaputol ng sanga ng puno pm lng po muralang po singil ko",,,,,,,"0","0","1667027299000","https://www.facebook.com/groups/786816102086538/permalink/1336355747132568/"
,,,,,,,,,,,,,,,,,,,,"100000196222814","Thotie Yabut","https://scontent-iad3-2.xx.fbcdn.net/v/t39.30808-1/387771558_7486342828048850_4301600608854307588_n.jpg?stp=cp0_dst-jpg_tt6&cstp=mx956x960&ctp=s24x24&_nc_cat=105&ccb=1-7&_nc_sid=1d2534&_nc_ohc=cl0RIxpyY9gQ7kNvwHROf3f&_nc_oc=AdpOjHXiErKwMQdQOYp9CFCZszbvEudoZ97Utn-xQXSkl7mDISlksqf-GB8AbHCyC-o&_nc_zt=24&_nc_ht=scontent-iad3-2.xx&_nc_gid=Ud62DGsHGv__yYB4vEfy_g&_nc_ss=7e2a8&oh=00_AQDhdKjrmdhYWybdsb2zPZM1x-WvcKl8BNcJvsCuYdigvA&oe=6A5E9B3A","https://www.facebook.com/thotie.yabut","0","3210985735878416","Malaki na po ba baha sa Kingsville salamat sa sasagot",,,,,,,"0","0","1667084529000","https://www.facebook.com/groups/1747057242271280/permalink/3210985735878416/"
,"5790897517656479","video","https://www.facebook.com/abscbnNEWS/videos/5790897517656479/",,,,,,,,,,,,,,,,,"100064957951102","RETT PH Rapid Emergency Telecommunications Team Philippines","https://scontent-iad3-1.xx.fbcdn.net/v/t39.30808-1/347582196_2552606321562756_8386843341183369923_n.jpg?stp=cp0_dst-jpg_tt6&cstp=mx734x733&ctp=s40x40&_nc_cat=104&ccb=1-7&_nc_sid=2d3e12&_nc_ohc=r7WwI9sQJZ8Q7kNvwFGj0ov&_nc_oc=AdqB-Xjc2h6OMWgReXssFefJwVOJPjn6DRRZ4yGkRPYIIOWAYnmqkgpNftfRdraYgdA&_nc_zt=24&_nc_ht=scontent-iad3-1.xx&_nc_gid=Ud62DGsHGv__yYB4vEfy_g&_nc_ss=7e2a8&oh=00_AQAAVbOZU60Ti9O2BsMnpGxeKD1jo0CSKQdpYLPtVzAt-A&oe=6A5E9B20","https://www.facebook.com/RETT.Org.ph","0","5418517084926422","Source: ABS-CBN News

#communicationisAID
#PaengPH",,,,,,,"0","1","1667087026000","https://www.facebook.com/RETT.Org.ph/posts/pfbid05bwv2FF2QT2MNc6LjLhVefc2zhZqfiwmUwhnRuDLD1bNhgmgVjRrqKRyVQ1KB2w6l"
,,,,,,,,,,,,,,,,,,,,"100003776399200","Scarlett Ampatuan","https://scontent-iad3-1.xx.fbcdn.net/v/t39.30808-1/495964373_3645733555562488_2280348587588014128_n.jpg?stp=cp0_dst-jpg_tt6&cstp=mx960x960&ctp=s40x40&_nc_cat=104&ccb=1-7&_nc_sid=1d2534&_nc_ohc=vebRcBd4na8Q7kNvwHJNHej&_nc_oc=Adrbk3yqvXnBbC5rBL78dncfVx0T0UeD96-704xG3xw2A6bKo048TiPJMzte3pW_WsU&_nc_zt=24&_nc_ht=scontent-iad3-1.xx&_nc_gid=Ud62DGsHGv__yYB4vEfy_g&_nc_ss=7e2a8&oh=00_AQBbRqEOdV1ynOP90A2JDZNO4-PvoID-mXoS0RETu18Alg&oe=6A5EB016","https://www.facebook.com/shirley.ampatuan.5","0","5415918865186244","Source: Scarlett Ampatuan

Others were unreported. These people are in the ground and knew the actual event.

#communucationisAID
#proudtoberettPH🇵🇭
#PaengPH",,"2",,"9",,,"11","5","1667002796000","https://www.facebook.com/RETT.Org.ph/posts/pfbid02Xj23dsRN5ghrvWA7KzUYznPLb15DHkH3iuTcPtv1Adc17uFrF8X9pFDSvYNiQDiCl"
,,,,,,,,,,,,,,,,,,,,"100064957951102","ABS-CBN News","https://scontent-iad3-2.xx.fbcdn.net/v/t39.30808-1/612193561_1385784586930127_8766501501849307524_n.jpg?stp=cp0_dst-jpg_tt6&cstp=mx513x511&ctp=s40x40&_nc_cat=1&ccb=1-7&_nc_sid=2d3e12&_nc_ohc=BDsIev3SqvYQ7kNvwGkbrMG&_nc_oc=Adowcumd5W-WHsV4Czp7fAQHqE77jD0L7hTo_xFX8HTQC4zeAClPwvxI_KZBONfbQQo&_nc_zt=24&_nc_ht=scontent-iad3-2.xx&_nc_gid=Ud62DGsHGv__yYB4vEfy_g&_nc_ss=7e2a8&oh=00_AQBzGvHzI252_1hBkh97sFJC93rT0VI-RN_zUOiBSkZxcA&oe=6A5E851C","https://www.facebook.com/abscbnNEWS","0","5414487538662710","Source: ABS-CBN News

#communicationisAID
#PaengPH
#proudtoberettPH🇵🇭",,,,,,,"0","0","1666959485000","https://www.facebook.com/RETT.Org.ph/posts/pfbid0xsC8ssuFGMQmQ6sBiXe7FDiBwZcMNkTRP3pDvWoC4myEnyR1zjEK5YWbzkG55iG1l"
,,,,,,,,,,,,,,,,,,,,"100084818257765","Pagasa Nationalcapitalregionprsd","https://scontent-iad6-1.xx.fbcdn.net/v/t1.6435-1/117890349_325012645508210_7691668635129397714_n.jpg?stp=cp0_dst-jpg_tt6&cstp=mx960x960&ctp=s24x24&_nc_cat=109&ccb=1-7&_nc_sid=e99d92&_nc_ohc=nzJFNRcbOIIQ7kNvwFzEOSV&_nc_oc=AdoSOlOJfQ2OxHXWouPQSXIP1f7uw5w66Hk3yl-stQye-tsrkhj9J01oA4RRB0sNc6g&_nc_zt=24&_nc_ht=scontent-iad6-1.xx&_nc_gid=Ud62DGsHGv__yYB4vEfy_g&_nc_ss=7e2a8&oh=00_AQAFnMrT_meix5-mswpjJfwzJLCMpF5PudnrAalFNNBU1Q&oe=6A8042E1","https://www.facebook.com/pagasa.nationalcapitalregion","0","130926263077982","Yellow Warning: #Zambales(SanAntonio, Castillejos, Subic, Olongapo, SanFelipe, SanMarcelino, SanNarciso, Cabangan, Botolan),

Kaugnay na Panganib: BAHA sa mga lugar na madaling bahain
Samantala, mahina hanggang sa katamtaman na may paminsan-minsang malakas na pag-ulan na nakakaapekto sa nalalabing bahagi ng #Zambales na maaaring tumagal sa loob ng 3 oras at maaaring makaapekto sa mga kalapit na lugar.

Pinapayuhan ang publiko at ang mga kinauukulang Disaster Risk Reduction and Management Offices na bantayan ang lagay ng panahon at bantayan ang susunod na advisory na ilalabas sa 8:00 PM Ngayon.",,,,,,,"0","0","1667043841000","https://www.facebook.com/MDRRMOSUBIC/posts/pfbid02Lx7qECpwxBSfYxuTgAbAY4Tr3wmM1A1Sv6kdzmteZosxcNBRxSjXKqtAhAa8pNbNl"
"No photo description available.","137667515703572","photo","https://www.facebook.com/photo/?fbid=137667515703572&set=a.128828689920788",,,,,,,,,,,,,,,,,"100083809715097","Youth For IVC","https://scontent-iad6-1.xx.fbcdn.net/v/t39.30808-1/357405596_239922805478042_7163509066785823516_n.jpg?stp=cp0_dst-jpg_tt6&cstp=mx960x960&ctp=s40x40&_nc_cat=107&ccb=1-7&_nc_sid=2d3e12&_nc_ohc=r5ULfQYuK7cQ7kNvwFUrBXz&_nc_oc=Adqg-JDUQoQ2Mf6CD_o99TUVlDMoXT4j-5oMYdrvMSomfxeixf_5kqi4SmV-OVfwZD4&_nc_zt=24&_nc_ht=scontent-iad6-1.xx&_nc_gid=lSvoNrt2J7MOGEy8hzHpqg&_nc_ss=7e2a8&oh=00_AQCz8TEQ2IYS8iEVIQLE1pO1rwUeKxSrjJf3sINF7S9ASg&oe=6A5E9F1F","https://www.facebook.com/youthforivc","0","137664589037198","UPDATE: 
As of 1:30PM, 15. 9meters. 

Maging handa ang lahat sa posibleng pag baha dala ng malakas na pag- ulan. ☔",,,,,,,"0","0","1667021532000","https://www.facebook.com/youthforivc/posts/pfbid02nz4HtHnwb8nDDxY1AwzNXtKfgo9byQKvBSeJfBRHrSWdZtii4B3RFRFbmotg9NfDl"
"No photo description available.","1436179433538593","photo","https://www.facebook.com/photo/?fbid=1436179433538593&set=a.130608087429074",,,,,,,,,,,,,,,,,"100014396506554","Mariane Nicomedez Mandal","https://scontent-iad3-1.xx.fbcdn.net/v/t39.30808-1/594074158_2212766545879874_8484462224246815255_n.jpg?stp=cp0_dst-jpg_tt6&cstp=mx956x956&ctp=s40x40&_nc_cat=104&ccb=1-7&_nc_sid=1d2534&_nc_ohc=3TziB6Go00UQ7kNvwGn3YQ0&_nc_oc=AdrTJIrGQQo-hANSVwVTwe7kProdqmdlIuH-GQLATRPUiM_Xk72PMsf_ZfGXbIJ8-qk&_nc_zt=24&_nc_ht=scontent-iad3-1.xx&_nc_gid=lSvoNrt2J7MOGEy8hzHpqg&_nc_ss=7e2a8&oh=00_AQDQAvZGBvUENKMAHv66av6SUm6zs1UULmtPgFuV07oHig&oe=6A5E9A60","https://www.facebook.com/mandalmariane19","0","1436179433538593","kua Bern Mangsat  baha is on your way na😢😅",,,,,,,"0","0","1667026528000","https://www.facebook.com/photo.php?fbid=1436179433538593&set=a.130608087429074&type=3"
,,,,,,,,,,,,,,,,,,,,"1112724419","Sofronio Dulay","https://scontent-iad6-1.xx.fbcdn.net/v/t39.30808-1/736455705_10243009859318419_1544634941074332101_n.jpg?stp=c0.132.828.828a_cp6_dst-jpg_tt6&cstp=mx828x828&ctp=s24x24&_nc_cat=107&ccb=1-7&_nc_sid=1d2534&_nc_ohc=i1is6wo6LtgQ7kNvwGTFhnC&_nc_oc=AdqqSy6BmMksCziP3_0VWP1D2nWcgby8VhqFMe21hugoQCHmZzV1wwVDVZrIhPkGhHs&_nc_zt=24&_nc_ht=scontent-iad6-1.xx&_nc_gid=lSvoNrt2J7MOGEy8hzHpqg&_nc_ss=7e2a8&oh=00_AQAUf5fsjR9e-QF7d0-DksZ9YsCBwHt5jn7hYNaq2fvj7A&oe=6A5E8CA8","https://www.facebook.com/totidulay","1","1525156224662558","",,"9","2","1",,,"12",,"1667087251000","https://www.facebook.com/groups/870756776769176/permalink/1525156224662558/"
,,,,,,,,,,,,,,,,,,,,"100001531115035","Jennifer Postre Fabon","https://scontent-iad3-1.xx.fbcdn.net/v/t39.30808-1/726606312_4617642981816456_5567124538789735494_n.jpg?stp=cp0_dst-jpg_tt6&cstp=mx1069x1069&ctp=s24x24&_nc_cat=108&ccb=1-7&_nc_sid=1d2534&_nc_ohc=5UvLkC2BK-cQ7kNvwFu200p&_nc_oc=Adp1GWj7f-ZV1kU6oLbx_d0_BLlXZ4h6rNdMgzkYNqpvJrK0guYn6Zp9by7GVJe9-wM&_nc_zt=24&_nc_ht=scontent-iad3-1.xx&_nc_gid=lSvoNrt2J7MOGEy8hzHpqg&_nc_ss=7e2a8&oh=00_AQBJMT1t5fhuDNENV_4P4lAJZHE74OGpmAEpfp76cBL2xQ&oe=6A5EAC63","https://www.facebook.com/shiela.fabon.1","1","792571165168796","",,,,,,,"0","0","1667099109000","https://www.facebook.com/groups/lostandfounddogsandcats.ph/permalink/792571165168796/"
,,,,,,,,,,,,,,,,,,,,"100080661103294","Manalang Dennis","https://scontent-iad3-2.xx.fbcdn.net/v/t39.30808-1/341005765_924060458794466_7842723162897767989_n.jpg?stp=cp0_dst-jpg_tt6&cstp=mx954x960&ctp=s24x24&_nc_cat=103&ccb=1-7&_nc_sid=e99d92&_nc_ohc=JVg364Aw6uAQ7kNvwH9k6Ia&_nc_oc=AdocU4Fy1Qud6HfCdQX8FY2wHAkT1RWjIjlJbs0zNSGoecg0Ocnaq0Hqm6L4_WzbZwM&_nc_zt=24&_nc_ht=scontent-iad3-2.xx&_nc_gid=lSvoNrt2J7MOGEy8hzHpqg&_nc_ss=7e2a8&oh=00_AQBi6Pk8pGFlEWg5KAxKfuJ-KPAAStxBu0Vn6SFolp8JNQ&oe=6A5EAC90","https://www.facebook.com/profile.php?id=100080661103294","0","1229780734249989","IWAS BAHA NA TAYO!!

🏡HOUSE AND LOT FOR SALE❗🏡

PRICE:  4.6M 

CAMELLE MONTEGO SUBDIVISION
ANTIPOLO ✴

LOT AREA:  99 Sqm
FLOOR AREA: 77 Sqm

2 STORY 
3 BED ROOM
2 TOILET AND BATH
CAR GARAGE 
TERRACE 
WITH POCKET GARDEN 

✅AMINITIES: 

24 HOUR SECURITY
PLAYGROUND
SWIMMING POOL
BASKETBALL COURT
CLUB HOUSE

✅NEAR SA GUARD HOUSE
500 Meters TO ROBINSON PLACE ANTIPOLO
1.M KM to ANTIPOLO CHURCH

DM FOR INQUIRIES👉📲 

09278586223",,,,,,,"0","0","1668583848000","https://www.facebook.com/groups/houseandlotinantipolo/permalink/1229780734249989/?sale_post_id=1229780734249989"
,,,,,,,,,,,,,,,,,,,,"100070137960416","PCADG Region 12","https://scontent-iad6-1.xx.fbcdn.net/v/t39.30808-1/225970511_147636470833172_6923630092056178425_n.jpg?stp=cp0_dst-jpg_tt6&cstp=mx1249x1249&ctp=s40x40&_nc_cat=100&ccb=1-7&_nc_sid=2d3e12&_nc_ohc=OUaumHvJ0BUQ7kNvwFhrK2L&_nc_oc=AdqzbItOYelnr7jj6rpZxut2XYBs3FfpDVIv26Z054bGk5lMo-cajylgQFIsbdMl4yo&_nc_zt=24&_nc_ht=scontent-iad6-1.xx&_nc_gid=lSvoNrt2J7MOGEy8hzHpqg&_nc_ss=7e2a8&oh=00_AQBANojl9LkyvbVoVbvRkIwnDHufW_f-inMFJAi54KsX-w&oe=6A5E8136","https://www.facebook.com/RPCADUSoccsksargen","0","1334511083954123","Panoorin: Buwis buhay na pagrescue ng ating mga kapulisan at kasundaluhan at iba pang mga rescuers team sa mga naapektuhan baha dulot ng bagyong ""PAENG"" sa ilang lugar sa probinsiya ng Sultan Kudarat at Maguindanao. 

#LifeIsBeautiful 
#KaligtasanNyoSagotKo 
#TulongTulongTayo 
#MKKequalsK 
#PNPKakampiNyo 
#PCADGRegion12 
#TeamPRO12 
#BagyongPaengPH 

📹by: Regional Maritime Unit 12 - Philippine National Police

No copyright infringement intended. Music belongs the rigthful owner",,,"1",,,,"1","0","1667017785000","https://www.facebook.com/groups/320728441999064/permalink/1334511083954123/"
,,,,,,,,,,,,,,,,,,,,"100084818257765","Pagasa Nationalcapitalregionprsd","https://scontent-iad6-1.xx.fbcdn.net/v/t1.6435-1/117890349_325012645508210_7691668635129397714_n.jpg?stp=cp0_dst-jpg_tt6&cstp=mx960x960&ctp=s24x24&_nc_cat=109&ccb=1-7&_nc_sid=e99d92&_nc_ohc=nzJFNRcbOIIQ7kNvwFzEOSV&_nc_oc=AdoSOlOJfQ2OxHXWouPQSXIP1f7uw5w66Hk3yl-stQye-tsrkhj9J01oA4RRB0sNc6g&_nc_zt=24&_nc_ht=scontent-iad6-1.xx&_nc_gid=U6tEe2Ec72t_tSMbg53WTA&_nc_ss=7e2a8&oh=00_AQC0AsX5tZPhGvrfbRoTlP016HXyFYsO4waVK5Kp7RqkYg&oe=6A8042E1","https://www.facebook.com/pagasa.nationalcapitalregion","0","130875923083016","Malakas na Ulan Babala Blg. 5 #NCR_PRSD
Weather System: Severe Tropical Storm #PaengPH
Inilabas noong: 5:00 PM, 29 October
Red Warning: #Quezon(Sampaloc, Lucban, Tayabas, Sariaya, Dolores, Lucena, Pagbilao, Candelaria, Tiaong, San Antonio, Mauban), #Cavite, #Laguna, #Batangas.
Kaugnay na Panganib: Malubhang BAHA sa mga lugar na madaling bahain

Yellow Warning: #Zambales(San Antonio, Castillejos, #Subic, Olongapo, San Felipe, San Marcelino, San Narciso, Cabangan, Botolan)
Kaugnay na Panganib:

 BAHA sa mga lugar na madaling bahain
Samantala, mahina hanggang sa katamtamang pag-ulan na may paminsan-minsang malakas na pag-ulan na nakakaapekto sa #Tarlac, #NuevaEcija, at sa nalalabing bahagi ng #Zambales.
Pinapayuhan ang publiko at ang mga kinauukulang Disaster Risk Reduction and Management Office na bantayan ang lagay ng panahon at bantayan ang susunod na advisory na ilalabas sa 8:00 PM Ngayon.
Para sa karagdagang impormasyon, mangyaring makipag-ugnayan sa 8922-1992 at 8927-1335",,"1",,,,,"1","0","1667035814000","https://www.facebook.com/MDRRMOSUBIC/posts/pfbid02FC3Xo1TGEJy5B7C9YAn88khEuGt1bkVNAU1HGA6QJ4qMAMwRS9buFP9x9Z2toQGNl"
,"816259279492089","video","https://www.facebook.com/gmanews/videos/816259279492089/",,,,,,,,,,,,,,,,,"100064849986224","RETT PH Rapid Emergency Telecommunications Team Philippines","https://scontent-iad3-1.xx.fbcdn.net/v/t39.30808-1/347582196_2552606321562756_8386843341183369923_n.jpg?stp=cp0_dst-jpg_tt6&cstp=mx734x733&ctp=s40x40&_nc_cat=104&ccb=1-7&_nc_sid=2d3e12&_nc_ohc=r7WwI9sQJZ8Q7kNvwFGj0ov&_nc_oc=AdqB-Xjc2h6OMWgReXssFefJwVOJPjn6DRRZ4yGkRPYIIOWAYnmqkgpNftfRdraYgdA&_nc_zt=24&_nc_ht=scontent-iad3-1.xx&_nc_gid=U6tEe2Ec72t_tSMbg53WTA&_nc_ss=7e2a8&oh=00_AQCgUl9WGLjLvnzW8DL4ZFmQ6KRRhTw73eRzemRKLhjvhQ&oe=6A5E9B20","https://www.facebook.com/RETT.Org.ph","0","5413210868790377","Source: GMA News

#communicationisAID
#PaengPH",,,,,,,"0","0","1666916245000","https://www.facebook.com/RETT.Org.ph/posts/pfbid031PkZ8drdhxz3ARjf2VwJKEkmnGwTEWsR1EZhNSLm2Gca8qAJti3CvTR5cAdtM2osl"
,,,,,,,,,,,,,,,,,,,,"100042320931751","Arlyn Fernandez","https://scontent-iad3-2.xx.fbcdn.net/v/t39.30808-1/591032327_1568497064570976_2357864297323256566_n.jpg?stp=cp0_dst-jpg_tt6&cstp=mx828x828&ctp=s24x24&_nc_cat=103&ccb=1-7&_nc_sid=e99d92&_nc_ohc=9-p4beXxzmkQ7kNvwGVZthN&_nc_oc=Adq7DO9UJg4tGWll-XPB6Wdx50_9wgAnXGyMjrSlLY6spsLexQ8uosSpglYoETa7R5E&_nc_zt=24&_nc_ht=scontent-iad3-2.xx&_nc_gid=U6tEe2Ec72t_tSMbg53WTA&_nc_ss=7e2a8&oh=00_AQBXBb_py7l1RAO4GcRnC2dlJTLG8uQShmp3pcObfAzpQQ&oe=6A5E9E2E","https://www.facebook.com/kitty.lim.9615566","0","1283469722501244","May Comprehensive Insurance na ba ang sasakyan mo ngayong Maulan at Baha ? or Renewal na ? kung wala pa pm or call mo ako tulungan kita.

#comprehensivecarinsurance
#zerointerest
#freedelivery
#accreditedtoallcasaandshop",,,,,,,"0","0","1667015654000","https://www.facebook.com/groups/289832311864995/permalink/1283469722501244/?sale_post_id=1283469722501244"
,,,,,,,,,,,,,,,,,,,,"100042320931751","Arlyn Fernandez","https://scontent-iad3-2.xx.fbcdn.net/v/t39.30808-1/591032327_1568497064570976_2357864297323256566_n.jpg?stp=cp0_dst-jpg_tt6&cstp=mx828x828&ctp=s24x24&_nc_cat=103&ccb=1-7&_nc_sid=e99d92&_nc_ohc=9-p4beXxzmkQ7kNvwGVZthN&_nc_oc=Adq7DO9UJg4tGWll-XPB6Wdx50_9wgAnXGyMjrSlLY6spsLexQ8uosSpglYoETa7R5E&_nc_zt=24&_nc_ht=scontent-iad3-2.xx&_nc_gid=U6tEe2Ec72t_tSMbg53WTA&_nc_ss=7e2a8&oh=00_AQBXBb_py7l1RAO4GcRnC2dlJTLG8uQShmp3pcObfAzpQQ&oe=6A5E9E2E","https://www.facebook.com/kitty.lim.9615566","0","1283561915825358","May Comprehensive Insurance na ba ang sasakyan mo ngayong Maulan at Baha ? or Renewal na ? kung wala pa pm or call mo ako tulungan kita.
#comprehensivecarinsurance
#zerointerest
#freedelivery
#accreditedtoallcasaandshop",,,,,,,"0","0","1667026712000","https://www.facebook.com/groups/289832311864995/permalink/1283561915825358/?sale_post_id=1283561915825358"
,,,,,,,,,,,,,,,,,,,,"100041585028068","Christine Joy Quiliza","https://scontent-iad3-1.xx.fbcdn.net/v/t39.30808-1/642725237_1990491709013644_3658141814716052221_n.jpg?stp=cp0_dst-jpg_tt6&cstp=mx2023x2048&ctp=s24x24&_nc_cat=101&ccb=1-7&_nc_sid=e99d92&_nc_ohc=O_bKImGxLUUQ7kNvwGIlJ0u&_nc_oc=Adr_b9SLNweEe3f5BgS88R6xiAc-0iclVqcM34cbntUj06yfJI63gkz3TH7y0umO5eo&_nc_zt=24&_nc_ht=scontent-iad3-1.xx&_nc_gid=U6tEe2Ec72t_tSMbg53WTA&_nc_ss=7e2a8&oh=00_AQD4xJEDYSz0TBN5GKb-jbeIqvxcmGJLsonibNJU_p9SBA&oe=6A5E9DEB","https://www.facebook.com/christinejoy.quiliza","0","1849945648683055","PTPA

 BUYING / BUMIBILI po kami ng mga SIRANG SASAKYAN.. NABANGGA NALUBOG sa BAHA o mga NAPABAYAAN na at ayaw niyo na pong ipaggawa.. pm lng po sa interesado.. kunin agad pag nagkasundo..
2014 model po pataas..  

CTTO",,,,,,,"0","0","1667007770000","https://www.facebook.com/groups/174989109512059/permalink/1849945648683055/?sale_post_id=1849945648683055"
,,,,,,,,,,,,,,,,,,,,"100004188642451","Mhai Moriente Banaag","https://scontent-iad3-1.xx.fbcdn.net/v/t39.30808-1/431940893_2758160697666858_1257840309998581038_n.jpg?stp=c0.0.504.504a_cp0_dst-jpg_tt6&cstp=mx504x504&ctp=s40x40&_nc_cat=110&ccb=1-7&_nc_sid=1d2534&_nc_ohc=VOnrU3oPhwUQ7kNvwExhkMo&_nc_oc=Adr19BBI4DLdlAWmJJa43qOjqtg4rAo_msfAgx-BwQEZuURepdsT8RUd8TPcHtKajjo&_nc_zt=24&_nc_ht=scontent-iad3-1.xx&_nc_gid=hGCLo837d3gsGeCrLHcsSQ&_nc_ss=7e2a8&oh=00_AQBWgdz1P83WTeTHZd14j-kSLbTxxXUFUEn1twHs9RhiyA&oe=6A5E9C10","https://www.facebook.com/MYESUNGiT","1","1784866501881688","",,"1",,,,,"1","0","1667017428000","https://www.facebook.com/groups/814519768916371/permalink/1784866501881688/"
,,,,,,,,,,,,,,,,,,,,"100082617407121","Barek Ni Rex","https://scontent-iad6-1.xx.fbcdn.net/v/t39.30808-1/490750986_683652041065370_4126925299505584334_n.jpg?stp=cp0_dst-jpg_tt6&cstp=mx1024x1024&ctp=s40x40&_nc_cat=102&ccb=1-7&_nc_sid=2d3e12&_nc_ohc=1ULLXxvgsyIQ7kNvwH3JHaC&_nc_oc=AdoIAQyU5haOrCN6lbztL6hKFBUBon2jy6w3fp35wAcBXOqYYlcawqTy4UNDtX3zwJM&_nc_zt=24&_nc_ht=scontent-iad6-1.xx&_nc_gid=hGCLo837d3gsGeCrLHcsSQ&_nc_ss=7e2a8&oh=00_AQC2PxeBLdsRTyQsyQgauI7OQkMQi3REMLot-EQl0cn9Xw&oe=6A5E83CE","https://www.facebook.com/profile.php?id=100082617407121","0","532925801998196","",,"2",,,,,"2","0","1667006375000","https://www.facebook.com/groups/128287052462075/permalink/532925801998196/"
,,,,,,,,,,,,,,,,,,,,"100072681976456","GotoniNanay SanMateo","https://scontent-iad6-1.xx.fbcdn.net/v/t39.30808-1/736349302_1019639740468749_382581463854335950_n.jpg?stp=cp0_dst-jpg_tt6&cstp=mx1178x1175&ctp=s40x40&_nc_cat=109&ccb=1-7&_nc_sid=1d2534&_nc_ohc=eZhCctSDLKkQ7kNvwFb1pJP&_nc_oc=Adp5rtoADQj0r_FodjOJ82xSaTN3P74ghI9JCWNxF_YOaZq99i8aMZbG3oOK4nIyhgw&_nc_zt=24&_nc_ht=scontent-iad6-1.xx&_nc_gid=hGCLo837d3gsGeCrLHcsSQ&_nc_ss=7e2a8&oh=00_AQBoXYW-fi8k4P_4gi8maa4azReMciQCOvugO3S-qVdsUg&oe=6A5EA7C7","https://www.facebook.com/burgerzillasmr","0","1279217066160401","",,,,,,,"0","0","1666958096000","https://www.facebook.com/groups/604518386963609/permalink/1279217066160401/"
,,,,,,,,,,,,,,,,,,,,"100064043647039","Motortaxi","https://scontent-iad3-1.xx.fbcdn.net/v/t39.30808-1/449652669_896600705818043_629162327478992144_n.jpg?stp=cp0_dst-jpg_tt6&cstp=mx960x959&ctp=s40x40&_nc_cat=101&ccb=1-7&_nc_sid=2d3e12&_nc_ohc=bq0Xlk9tC-MQ7kNvwF4OD5k&_nc_oc=AdqZL6Bwwez5bbbaNikklzgEVD974Yxhv30tCgrPCuF16WB9G11-Vqdo7e4m4b7DhlM&_nc_zt=24&_nc_ht=scontent-iad3-1.xx&_nc_gid=hGCLo837d3gsGeCrLHcsSQ&_nc_ss=7e2a8&oh=00_AQB4vs9DU89IsZogZzsSlkvY17AiY6X1iQcZo-RCHzmkHw&oe=6A5E98BE","https://www.facebook.com/profile.php?id=100064043647039","0","1068620683803607","",,,,,,,"0","0","1667051711000","https://www.facebook.com/groups/insta360usersphilippines/permalink/1068620683803607/"
,,,,,,,,,,,,,,,,,,,,"1112724419","Sofronio Dulay","https://scontent-iad6-1.xx.fbcdn.net/v/t39.30808-1/736455705_10243009859318419_1544634941074332101_n.jpg?stp=c0.132.828.828a_cp6_dst-jpg_tt6&cstp=mx828x828&ctp=s24x24&_nc_cat=107&ccb=1-7&_nc_sid=1d2534&_nc_ohc=i1is6wo6LtgQ7kNvwGTFhnC&_nc_oc=AdqqSy6BmMksCziP3_0VWP1D2nWcgby8VhqFMe21hugoQCHmZzV1wwVDVZrIhPkGhHs&_nc_zt=24&_nc_ht=scontent-iad6-1.xx&_nc_gid=hGCLo837d3gsGeCrLHcsSQ&_nc_ss=7e2a8&oh=00_AQDfylZC3TLTdso4Ha3xBZdcHmIvxdptWQF7aQyLZB3X1g&oe=6A5E8CA8","https://www.facebook.com/totidulay","0","2143378022515685","",,"2",,,,,"2",,"1667087277000","https://www.facebook.com/groups/635067883346714/permalink/2143378022515685/"
,,,,,,,,,,,,,,,,,,,,"1194485262","Johnielle Keith Pasion Nieto","https://scontent-iad3-1.xx.fbcdn.net/v/t39.30808-1/403808148_10227717728707437_1588684784442717336_n.jpg?stp=cp0_dst-jpg_tt6&cstp=mx1390x1389&ctp=s40x40&_nc_cat=104&ccb=1-7&_nc_sid=1d2534&_nc_ohc=Eqb8XsKkuXcQ7kNvwFpOtVB&_nc_oc=Adp2EtDorWhWG__3WIPP3HApxWta3X62ZBZ0LWgHbd_Ztkth3lsnVV-V9Jf1lAhxX8Q&_nc_zt=24&_nc_ht=scontent-iad3-1.xx&_nc_gid=GCTAuHyk8hblk0yiF1iIQQ&_nc_ss=7e2a8&oh=00_AQCNciprT7Tc7AKzAbdVTzw8z0Vnc7jdAWZ1IXcuyTCvmw&oe=6A5EA066","https://www.facebook.com/attykeith.nieto","0","5691409134274869","",,,,,,,"0","0","1667052967000","https://www.facebook.com/groups/1582849685130855/permalink/5691409134274869/"
,,,,,,,,,,,,,,,,,,,,"100082617407121","Barek Ni Rex","https://scontent-iad6-1.xx.fbcdn.net/v/t39.30808-1/490750986_683652041065370_4126925299505584334_n.jpg?stp=cp0_dst-jpg_tt6&cstp=mx1024x1024&ctp=s40x40&_nc_cat=102&ccb=1-7&_nc_sid=2d3e12&_nc_ohc=1ULLXxvgsyIQ7kNvwH3JHaC&_nc_oc=AdoIAQyU5haOrCN6lbztL6hKFBUBon2jy6w3fp35wAcBXOqYYlcawqTy4UNDtX3zwJM&_nc_zt=24&_nc_ht=scontent-iad6-1.xx&_nc_gid=GCTAuHyk8hblk0yiF1iIQQ&_nc_ss=7e2a8&oh=00_AQAVZv19JSeL1SjfdOfa-fBdO1HW3T4DJFAz--SNrguBtA&oe=6A5E83CE","https://www.facebook.com/profile.php?id=100082617407121","0","1611782732557542","",,,,,,,"0","0","1666946980000","https://www.facebook.com/groups/274878459581316/permalink/1611782732557542/"
,,,,,,,,,,,,,,,,,,,,"100066397788253","CLARS - Center for Living Animals Rehab and Shelter Antique","https://scontent-iad3-1.xx.fbcdn.net/v/t39.30808-1/327180357_746890313436291_4703284416543666632_n.jpg?stp=cp0_dst-jpg_tt6&cstp=mx422x426&ctp=p40x40&_nc_cat=108&ccb=1-7&_nc_sid=2d3e12&_nc_ohc=sI2f5JVJzaMQ7kNvwG-PrVx&_nc_oc=AdqQN0ujqO79JaxxQ2tE0iEG83KTJk0q4D_YWZJleevfUFM1ILvPkm3BPe-sv7Y_GMM&_nc_zt=24&_nc_ht=scontent-iad3-1.xx&_nc_gid=GCTAuHyk8hblk0yiF1iIQQ&_nc_ss=7e2a8&oh=00_AQBAgRWIXqFPOa744xGG5_6t4MhDPTAr_f1_xmFw5ocl6A&oe=6A5E9226","https://www.facebook.com/clarspetsanctuary","0","792335511859028","",,,,,,,"0","0","1667100867000","https://www.facebook.com/groups/lostandfounddogsandcats.ph/permalink/792335511859028/"
,,,,,,,,,,,,,,,,,,,,"721775666","Bong Zamora Lanayon","https://scontent-iad6-1.xx.fbcdn.net/v/t39.30808-1/734298743_27642219855397646_7048198119528548419_n.jpg?stp=cp0_dst-jpg_tt6&cstp=mx960x960&ctp=s24x24&_nc_cat=106&ccb=1-7&_nc_sid=1d2534&_nc_ohc=J6Oix5gmnD4Q7kNvwEi5n2I&_nc_oc=AdoEpTkG6OpnrT792aW8n2j8bIMWfA_xge5W5zJgMxYzw-W-r7Ft2AupvXxCYM6tUio&_nc_zt=24&_nc_ht=scontent-iad6-1.xx&_nc_gid=GCTAuHyk8hblk0yiF1iIQQ&_nc_ss=7e2a8&oh=00_AQCfDaHzpcthIyxTwdy8n9E0J2wyu1b_QcvgOTtbz8cNww&oe=6A5EACF8","https://www.facebook.com/Bong06lanayonZamora","0","5500072206715079","",,,,,,,"0","0","1667055159000","https://www.facebook.com/groups/pinoynews/permalink/5500072206715079/"
,,,,,,,,,,,,,,,,,,,,"1112724419","Sofronio Dulay","https://scontent-iad6-1.xx.fbcdn.net/v/t39.30808-1/736455705_10243009859318419_1544634941074332101_n.jpg?stp=c0.132.828.828a_cp6_dst-jpg_tt6&cstp=mx828x828&ctp=s24x24&_nc_cat=107&ccb=1-7&_nc_sid=1d2534&_nc_ohc=i1is6wo6LtgQ7kNvwGTFhnC&_nc_oc=AdqqSy6BmMksCziP3_0VWP1D2nWcgby8VhqFMe21hugoQCHmZzV1wwVDVZrIhPkGhHs&_nc_zt=24&_nc_ht=scontent-iad6-1.xx&_nc_gid=GCTAuHyk8hblk0yiF1iIQQ&_nc_ss=7e2a8&oh=00_AQBTFXBH2-CAVld2wL5st5JdtaTPHVyGpCd5w5vgeGmrzQ&oe=6A5E8CA8","https://www.facebook.com/totidulay","0","3393164967637093","",,"2",,,,,"2",,"1667087220000","https://www.facebook.com/groups/1974601109493493/permalink/3393164967637093/"
,,,,,,,,,,,,,,,,,,,,"100077873216731","Kafollow vlog","https://scontent-iad3-2.xx.fbcdn.net/v/t39.30808-1/324232186_1203860067186484_839431363389660035_n.jpg?stp=cp0_dst-jpg_tt6&cstp=mx960x960&ctp=s40x40&_nc_cat=111&ccb=1-7&_nc_sid=2d3e12&_nc_ohc=ycsBRmcFb6EQ7kNvwGmCs1u&_nc_oc=Adr1SexIwSEJIVdtNgKKng5vbde68rirXxYsK8G9i4I2bKLZUO84Rpa2aZRx79DS00A&_nc_zt=24&_nc_ht=scontent-iad3-2.xx&_nc_gid=RT63l6olACvm9ET4mimsuA&_nc_ss=7e2a8&oh=00_AQDO95x-adMt1NGx8riE2v12mfcadBY9oYiF-ZA1wfgUHw&oe=6A5EA2FD","https://www.facebook.com/profile.php?id=100077873216731","0","1118458485480423","",,,,,,,"0","0","1667024281000","https://www.facebook.com/groups/1064231584236447/permalink/1118458485480423/"
,,,,,,,,,,,,,,,,,,,,"1112724419","Sofronio Dulay","https://scontent-iad6-1.xx.fbcdn.net/v/t39.30808-1/736455705_10243009859318419_1544634941074332101_n.jpg?stp=c0.132.828.828a_cp6_dst-jpg_tt6&cstp=mx828x828&ctp=s24x24&_nc_cat=107&ccb=1-7&_nc_sid=1d2534&_nc_ohc=i1is6wo6LtgQ7kNvwGTFhnC&_nc_oc=AdqqSy6BmMksCziP3_0VWP1D2nWcgby8VhqFMe21hugoQCHmZzV1wwVDVZrIhPkGhHs&_nc_zt=24&_nc_ht=scontent-iad6-1.xx&_nc_gid=RT63l6olACvm9ET4mimsuA&_nc_ss=7e2a8&oh=00_AQBadZE8aIfxArHqcktzhAhxXLbwat_bGpM9jwIXKBpEgA&oe=6A5E8CA8","https://www.facebook.com/totidulay","0","2445011752322387","",,"1",,,,,"1",,"1667087215000","https://www.facebook.com/groups/254504641373120/permalink/2445011752322387/"
,,,,,,,,,,,,,,,,,,,,"1112724419","Sofronio Dulay","https://scontent-iad6-1.xx.fbcdn.net/v/t39.30808-1/736455705_10243009859318419_1544634941074332101_n.jpg?stp=c0.132.828.828a_cp6_dst-jpg_tt6&cstp=mx828x828&ctp=s24x24&_nc_cat=107&ccb=1-7&_nc_sid=1d2534&_nc_ohc=i1is6wo6LtgQ7kNvwGTFhnC&_nc_oc=AdqqSy6BmMksCziP3_0VWP1D2nWcgby8VhqFMe21hugoQCHmZzV1wwVDVZrIhPkGhHs&_nc_zt=24&_nc_ht=scontent-iad6-1.xx&_nc_gid=RT63l6olACvm9ET4mimsuA&_nc_ss=7e2a8&oh=00_AQBadZE8aIfxArHqcktzhAhxXLbwat_bGpM9jwIXKBpEgA&oe=6A5E8CA8","https://www.facebook.com/totidulay","0","1522662214874910","",,,,,,,"0",,"1668806917000","https://www.facebook.com/groups/160696001071545/permalink/1522662214874910/"
,,,,,,,,,,,,,,,,,,,,"100072681976456","GotoniNanay SanMateo","https://scontent-iad6-1.xx.fbcdn.net/v/t39.30808-1/736349302_1019639740468749_382581463854335950_n.jpg?stp=cp0_dst-jpg_tt6&cstp=mx1178x1175&ctp=s40x40&_nc_cat=109&ccb=1-7&_nc_sid=1d2534&_nc_ohc=eZhCctSDLKkQ7kNvwFb1pJP&_nc_oc=Adp5rtoADQj0r_FodjOJ82xSaTN3P74ghI9JCWNxF_YOaZq99i8aMZbG3oOK4nIyhgw&_nc_zt=24&_nc_ht=scontent-iad6-1.xx&_nc_gid=RT63l6olACvm9ET4mimsuA&_nc_ss=7e2a8&oh=00_AQBdIGAOaTULlfQr3G8IlTmHCIPTLzYo6RbQ5PSXWcvmNw&oe=6A5EA7C7","https://www.facebook.com/burgerzillasmr","0","6271684749514298","",,,,,,,"0","0","1666958083000","https://www.facebook.com/groups/3498622270153907/permalink/6271684749514298/"
,,,,,,,,,,,,,,,,,,,,"100069147581661","Healthy Pilipinas","https://scontent-iad3-2.xx.fbcdn.net/v/t39.30808-1/444846775_764595579188688_3162215863358540712_n.jpg?stp=cp0_dst-jpg_tt6&cstp=mx960x960&ctp=s40x40&_nc_cat=111&ccb=1-7&_nc_sid=2d3e12&_nc_ohc=vm8rqqBxr6EQ7kNvwFaHQwN&_nc_oc=AdpV7QbfAkgPIepavBUPvxWFCBgRW0VzZDR49xjACr8_Akv9xeqSvTmtRdFh7hy-8d8&_nc_zt=24&_nc_ht=scontent-iad3-2.xx&_nc_gid=RT63l6olACvm9ET4mimsuA&_nc_ss=7e2a8&oh=00_AQBIqy3bLQjD9PArCs0S5BGpBRW3EYR6HMOGIRiGpsvmRg&oe=6A5EA465","https://www.facebook.com/DOHhealthypilipinas","0","794741534972902","",,,,,,,"0","0","1666967383000","https://www.facebook.com/groups/213399496440445/permalink/794741534972902/"
,,,,,,,,,,,,,,,,,,,,"100072681976456","GotoniNanay SanMateo","https://scontent-iad6-1.xx.fbcdn.net/v/t39.30808-1/736349302_1019639740468749_382581463854335950_n.jpg?stp=cp0_dst-jpg_tt6&cstp=mx1178x1175&ctp=s40x40&_nc_cat=109&ccb=1-7&_nc_sid=1d2534&_nc_ohc=eZhCctSDLKkQ7kNvwFb1pJP&_nc_oc=Adp5rtoADQj0r_FodjOJ82xSaTN3P74ghI9JCWNxF_YOaZq99i8aMZbG3oOK4nIyhgw&_nc_zt=24&_nc_ht=scontent-iad6-1.xx&_nc_gid=x3MCSYAD06PhjYM4rCxLeQ&_nc_ss=7e2a8&oh=00_AQCSNkYRrsJpitckd3CbEhwOHBp8q2JVcN_HV7m48F173Q&oe=6A5EA7C7","https://www.facebook.com/burgerzillasmr","0","2475259785963064","",,,,,,,"0","0","1666958081000","https://www.facebook.com/groups/1861434264012289/permalink/2475259785963064/"
,,,,,,,,,,,,,,,,,,,,"100072681976456","GotoniNanay SanMateo","https://scontent-iad6-1.xx.fbcdn.net/v/t39.30808-1/736349302_1019639740468749_382581463854335950_n.jpg?stp=cp0_dst-jpg_tt6&cstp=mx1178x1175&ctp=s40x40&_nc_cat=109&ccb=1-7&_nc_sid=1d2534&_nc_ohc=eZhCctSDLKkQ7kNvwFb1pJP&_nc_oc=Adp5rtoADQj0r_FodjOJ82xSaTN3P74ghI9JCWNxF_YOaZq99i8aMZbG3oOK4nIyhgw&_nc_zt=24&_nc_ht=scontent-iad6-1.xx&_nc_gid=x3MCSYAD06PhjYM4rCxLeQ&_nc_ss=7e2a8&oh=00_AQCSNkYRrsJpitckd3CbEhwOHBp8q2JVcN_HV7m48F173Q&oe=6A5EA7C7","https://www.facebook.com/burgerzillasmr","0","803687780863212","",,,,,,,"0","0","1666958087000","https://www.facebook.com/groups/456598565572137/permalink/803687780863212/"
,,,,,,,,,,,,,,,,,,,,"100072367523039","Team Kaingatz Official","https://scontent-iad6-1.xx.fbcdn.net/v/t39.30808-1/449697849_487451213677125_6622572940525934491_n.jpg?stp=cp0_dst-jpg_tt6&cstp=mx960x960&ctp=s40x40&_nc_cat=100&ccb=1-7&_nc_sid=2d3e12&_nc_ohc=RQKZmtJ4wqgQ7kNvwGwdAM-&_nc_oc=AdpqEz_DUN1hS3cdw58ht6YQB_84V0E0bX5oVMxFBPOG-YJxxkgP3VdHXna7DGPFQk4&_nc_zt=24&_nc_ht=scontent-iad6-1.xx&_nc_gid=x3MCSYAD06PhjYM4rCxLeQ&_nc_ss=7e2a8&oh=00_AQBzC_wIt6lywQkAVuRABDSNzvhlIObb55__Rq3NsfG6fg&oe=6A5E958E","https://www.facebook.com/TeamKaingatzOfficialPage","0","805623147327682","#PTPA 
#PitikNEverything 
#PNE 
#InfinitiXPhoto 
#PitikerosSquad",,,,,,,"0","0","1667028755000","https://www.facebook.com/groups/419267619296572/permalink/805623147327682/"
,,,,,,,,,,,,,,,,,,,,"100085207044651","izaac.tv","https://scontent-iad6-1.xx.fbcdn.net/v/t39.30808-1/393751471_302311149285784_4282316735870316620_n.jpg?stp=cp0_dst-jpg_tt6&cstp=mx720x720&ctp=s40x40&_nc_cat=100&ccb=1-7&_nc_sid=2d3e12&_nc_ohc=Ne_0cTEjmnkQ7kNvwG4Sk6-&_nc_oc=AdrydOicp86b-K-288dMm8rwOu1gh-w97Ch_ree_xZvQ71fk_ImLKOHvhqUSQc3ICy0&_nc_zt=24&_nc_ht=scontent-iad6-1.xx&_nc_gid=x3MCSYAD06PhjYM4rCxLeQ&_nc_ss=7e2a8&oh=00_AQC_uQ3fqQXOGCpgrKJ0aB6NNIwaZWa6lV_BbWtf5y7MZA&oe=6A5EAAB8","https://www.facebook.com/profile.php?id=100085207044651","0","1177477643171727","",,"1",,,,,"1","0","1667087038000","https://www.facebook.com/groups/525722585013906/permalink/1177477643171727/"
,,,,,,,,,,,,,,,,,,,,"1112724419","Sofronio Dulay","https://scontent-iad6-1.xx.fbcdn.net/v/t39.30808-1/736455705_10243009859318419_1544634941074332101_n.jpg?stp=c0.132.828.828a_cp6_dst-jpg_tt6&cstp=mx828x828&ctp=s24x24&_nc_cat=107&ccb=1-7&_nc_sid=1d2534&_nc_ohc=i1is6wo6LtgQ7kNvwGTFhnC&_nc_oc=AdqqSy6BmMksCziP3_0VWP1D2nWcgby8VhqFMe21hugoQCHmZzV1wwVDVZrIhPkGhHs&_nc_zt=24&_nc_ht=scontent-iad6-1.xx&_nc_gid=x3MCSYAD06PhjYM4rCxLeQ&_nc_ss=7e2a8&oh=00_AQB_9P5sxp1gOBrOIUT4uHUU6rhqiC7sQOPWvS23vhmfyg&oe=6A5E8CA8","https://www.facebook.com/totidulay","0","1166629077280193","",,,"1",,,,"1",,"1667087230000","https://www.facebook.com/groups/390747544868354/permalink/1166629077280193/"
,,,,,,,,,,,,,,,,,,,,"100072367523039","Team Kaingatz Official","https://scontent-iad6-1.xx.fbcdn.net/v/t39.30808-1/449697849_487451213677125_6622572940525934491_n.jpg?stp=cp0_dst-jpg_tt6&cstp=mx960x960&ctp=s40x40&_nc_cat=100&ccb=1-7&_nc_sid=2d3e12&_nc_ohc=RQKZmtJ4wqgQ7kNvwGwdAM-&_nc_oc=AdpqEz_DUN1hS3cdw58ht6YQB_84V0E0bX5oVMxFBPOG-YJxxkgP3VdHXna7DGPFQk4&_nc_zt=24&_nc_ht=scontent-iad6-1.xx&_nc_gid=YmzsBku4Mwt6wyVlJa4IAA&_nc_ss=7e2a8&oh=00_AQCsGZKK9T-EBTfonQ5a1utPpuJ67m1cDRV_48Z8XxoUCQ&oe=6A5E958E","https://www.facebook.com/TeamKaingatzOfficialPage","0","1134758950768830","#PTPA 
#teamnosleepclothing 
#ridepitikrepeat",,"2",,,,,"2","0","1667286288000","https://www.facebook.com/groups/903029813941746/permalink/1134758950768830/"
,,,,,,,,,,,,,,,,,,,,"100072367523039","Team Kaingatz Official","https://scontent-iad6-1.xx.fbcdn.net/v/t39.30808-1/449697849_487451213677125_6622572940525934491_n.jpg?stp=cp0_dst-jpg_tt6&cstp=mx960x960&ctp=s40x40&_nc_cat=100&ccb=1-7&_nc_sid=2d3e12&_nc_ohc=RQKZmtJ4wqgQ7kNvwGwdAM-&_nc_oc=AdpqEz_DUN1hS3cdw58ht6YQB_84V0E0bX5oVMxFBPOG-YJxxkgP3VdHXna7DGPFQk4&_nc_zt=24&_nc_ht=scontent-iad6-1.xx&_nc_gid=YmzsBku4Mwt6wyVlJa4IAA&_nc_ss=7e2a8&oh=00_AQCsGZKK9T-EBTfonQ5a1utPpuJ67m1cDRV_48Z8XxoUCQ&oe=6A5E958E","https://www.facebook.com/TeamKaingatzOfficialPage","0","1101802803805056","#PTPA",,"1",,,,,"1","0","1667023782000","https://www.facebook.com/groups/126653377986675/permalink/1101802803805056/"
,,,,,,,,,,,,,,,,,,,,"100072367523039","Team Kaingatz Official","https://scontent-iad6-1.xx.fbcdn.net/v/t39.30808-1/449697849_487451213677125_6622572940525934491_n.jpg?stp=cp0_dst-jpg_tt6&cstp=mx960x960&ctp=s40x40&_nc_cat=100&ccb=1-7&_nc_sid=2d3e12&_nc_ohc=RQKZmtJ4wqgQ7kNvwGwdAM-&_nc_oc=AdpqEz_DUN1hS3cdw58ht6YQB_84V0E0bX5oVMxFBPOG-YJxxkgP3VdHXna7DGPFQk4&_nc_zt=24&_nc_ht=scontent-iad6-1.xx&_nc_gid=YmzsBku4Mwt6wyVlJa4IAA&_nc_ss=7e2a8&oh=00_AQCsGZKK9T-EBTfonQ5a1utPpuJ67m1cDRV_48Z8XxoUCQ&oe=6A5E958E","https://www.facebook.com/TeamKaingatzOfficialPage","0","1284547532364762","#PTPA 
#InfinitiXPhoto 
#PitikNEverything",,,,,,,"0","0","1667029063000","https://www.facebook.com/groups/919160152236837/permalink/1284547532364762/"
,,,,,,,,,,,,,,,,,,,,"100072367523039","Team Kaingatz Official","https://scontent-iad6-1.xx.fbcdn.net/v/t39.30808-1/449697849_487451213677125_6622572940525934491_n.jpg?stp=cp0_dst-jpg_tt6&cstp=mx960x960&ctp=s40x40&_nc_cat=100&ccb=1-7&_nc_sid=2d3e12&_nc_ohc=RQKZmtJ4wqgQ7kNvwGwdAM-&_nc_oc=AdpqEz_DUN1hS3cdw58ht6YQB_84V0E0bX5oVMxFBPOG-YJxxkgP3VdHXna7DGPFQk4&_nc_zt=24&_nc_ht=scontent-iad6-1.xx&_nc_gid=YmzsBku4Mwt6wyVlJa4IAA&_nc_ss=7e2a8&oh=00_AQCsGZKK9T-EBTfonQ5a1utPpuJ67m1cDRV_48Z8XxoUCQ&oe=6A5E958E","https://www.facebook.com/TeamKaingatzOfficialPage","0","524317642877956","#PTPA 
#InfinitiXPhoto 
#ridepitikrepeat",,,,,,,"0","0","1667029398000","https://www.facebook.com/groups/302714301704959/permalink/524317642877956/"
