"attachments/0/accessibilityCaption","attachments/0/id","attachments/0/type","attachments/0/url","attachments/1/accessibilityCaption","attachments/1/id","attachments/1/type","attachments/1/url","attachments/2/accessibilityCaption","attachments/2/id","attachments/2/type","attachments/2/url","attachments/3/accessibilityCaption","attachments/3/id","attachments/3/type","attachments/3/url","attachments/4/accessibilityCaption","attachments/4/id","attachments/4/type","attachments/4/url","author/id","author/name","author/profilePicture","author/profileUrl","commentsCount","postId","postText","reactions/anger","reactions/haha","reactions/like","reactions/love","reactions/sorry","reactions/support","reactions/wow","reactionsCount","sharesCount","timestamp","url"
,"1566692010552836","video",,,,,,,,,,,,,,,,,,"100064957951102","ABS-CBN News","https://scontent-iad3-1.xx.fbcdn.net/v/t39.30808-1/612193561_1385784586930127_8766501501849307524_n.jpg?stp=cp0_dst-jpg_tt6&cstp=mx513x511&ctp=s40x40&_nc_cat=1&ccb=1-7&_nc_sid=2d3e12&_nc_ohc=BDsIev3SqvYQ7kNvwEwjFpv&_nc_oc=Adr-TNsb3neE6qHEhYa6pv5oYB2bVQuNt_PLPxIszZG6kBBVPsBQ_mvActTLsZeevDw&_nc_zt=24&_nc_ht=scontent-iad3-1.xx&_nc_gid=IpufoVci39ZbO4Pj94ttcQ&_nc_ss=7e2a8&oh=00_AQDYm8fivCTdQjQdT2Rv9Ebr03Wz-ZzWZopoN_waiArbHQ&oe=6A5E4CDC","https://www.facebook.com/abscbnNEWS","300","926105892898001","LOOK: The Marikina LGU conducts clearing operations in flood-affected areas in the city as floodwaters slowly subside this Thursday morning. #FloodPatrol

(📹 : Jessie Cruzat, ABS-CBN News)",,"16","7168","518","660","255","58","8675","471","1721863805000","https://www.facebook.com/abscbnNEWS/videos/1566692010552836/"
"No photo description available.","913500170813863","photo","https://www.facebook.com/photo.php?fbid=913500170813863&set=a.602294435267773&type=3","No photo description available.","913500197480527","photo","https://www.facebook.com/photo.php?fbid=913500197480527&set=a.602294435267773&type=3","No photo description available.","913500237480523","photo","https://www.facebook.com/photo.php?fbid=913500237480523&set=a.602294435267773&type=3","No photo description available.","913500280813852","photo","https://www.facebook.com/photo.php?fbid=913500280813852&set=a.602294435267773&type=3",,,,,"100064616655120","Philippine Star","https://scontent-iad3-1.xx.fbcdn.net/v/t39.30808-1/341858556_918415572727450_374717831366242673_n.jpg?stp=cp0_dst-jpg_tt6&cstp=mx1000x1000&ctp=s40x40&_nc_cat=1&ccb=1-7&_nc_sid=2d3e12&_nc_ohc=g5LUxtqmcMcQ7kNvwGrCCb_&_nc_oc=AdqwT0iSHfjJrEynTvWl_Rf75EUvulu_kXSCM0TGB40aoEpO5Rc5l7oXfm4I20RFPo8&_nc_zt=24&_nc_ht=scontent-iad3-1.xx&_nc_gid=IpufoVci39ZbO4Pj94ttcQ&_nc_ss=7e2a8&oh=00_AQCBRx2jdbjEkZ7UxNC-hNPu4Fo7iG2BQsJ2BHAk9egVyA&oe=6A5E5FC0","https://www.facebook.com/PhilippineSTAR","168","913501427480404","FLOOD SITUATION AT UST 

The University of Santo Tomas is submerged in flood due to non-stop rains brought by southwest monsoon and #CarinaPH on Wednesday. 

According to PAGASA, Typhoon #CarinaPH further intensifies as it heads towards Taiwan. (Facebook/Varsitarian)","1","6","949","34","2403","74","71","3538","696","1721793139000","https://www.facebook.com/PhilippineSTAR/posts/pfbid02km5cnwT7Bg63fQJ4mwetQ4RWYw1sq4NPuEyJWfgHRHXNas4mm44rSRL3dQMCmdUtl"
"No photo description available.","790537473243317","photo","https://www.facebook.com/photo.php?fbid=790537473243317&set=a.162321879398216&type=3","No photo description available.","790538733243191","photo","https://www.facebook.com/photo.php?fbid=790538733243191&set=a.162321879398216&type=3",,,,,,,,,,,,,"100068612142206","MMDA","https://scontent-iad3-1.xx.fbcdn.net/v/t39.30808-1/242803846_162321929398211_6744508622629887688_n.jpg?stp=cp0_dst-jpg_tt6&cstp=mx604x604&ctp=s40x40&_nc_cat=1&ccb=1-7&_nc_sid=2d3e12&_nc_ohc=-GxMrIa-rlcQ7kNvwGRO-kJ&_nc_oc=AdpUQybURjxOTZD0RHBH1MQpY4DneLGflXGdCtS8BfiXWy81f3VPoCXXHxwg8P97CDQ&_nc_zt=24&_nc_ht=scontent-iad3-1.xx&_nc_gid=IpufoVci39ZbO4Pj94ttcQ&_nc_ss=7e2a8&oh=00_AQDQnyDCP7YzZR-2CpGve08VUO6gwJceulhXX0DKZQuMqA&oe=6A5E6CD2","https://www.facebook.com/MMDAPH","23","790537489909982","FLOOD ALERT 

As of 7:44pm:
Marcos Highway Sta. Lucia WB; knee deep

As of 7:34pm: 
EDSA Balintawak; gutter deep outermost lane

As of  06:50 pm:

1. Bonifacio/ 25th St - Gutter deep, still passable.
2. Katigbak/ Roxas Blvd. NB/SB - Above gutter deep level, passable all types of vehicles
3. Roxas Blvd/ Kalaw NB/SB - Above gutter deep. Not passable for light vehicles.
4. Roxas Blvd/ UN - Above the gutter deep. Passable for 4 and up wheeled vehicles.

( Quirino Ave/ Taft Ave)

1. Quirino Ave cor Singalong - Above Gutter deep, passable to all types of vehicle
2. Guazon corner Quirino/Uniliver - Gutter deep, passable to all types of vehicles.
3.Quirino/ Taft Ave. - Above gutter deep, not passable to light vehicles
4.Pedro Gil / Taft - Knee deep not passable to all types of vehicles.
5. Escoda St going to Taft Ave - above gutter deep, not passable to light vehicles.
6. Un Ave cor Otis - Above knee level not passable to all types of vehicles.
7. Quirino Ave. Cor. Leon Ginto - gutter deep,  passable to all types of vehicles
8. San Marcelino Cor. Quirino Ave. - above gutter deep not passable for light vehicles.
9. P Ocampo Cor. Zobel Roxas - Above knee deep. Not passable to all types of vehicles.

( RMB/ España/ Lacson)

1. RMB cor. Lacson Jocson St. - Above knee level, not passable to all types of vehicles
2. RMB  / Pureza St. - Flooded subsided.  Passable for all types of vehicles.
3. RMB/ Plaza Avelino - Above gutter. Still passable to all types of vehicles.
4. Ayala Blvd/Natividad St both bounds - Above knee level, not passable to light vehicles.
5. Stretch of España from Dela Fuente to Morayta - Above knee level, not passable to light vehicles.
6. Recto/ Mendiola - Above gutter deep. Not passable for light vehicles.
7. Solano / San Miguel Church - Above gutter deep. Not passable for light vehicles.

Subsided Area

Quezon City Area
Edsa Dario   As of 06:32 pm Subsided
Edsa Oliveros  As of 07:10 pm Subsided

Commonwealth Pearl Drive  As of 06:58 pm Subsided

#MMDA #FloodAlert","1",,"50","1","22","3","1","78","35","1721822244000","https://www.facebook.com/MMDAPH/posts/pfbid0qtneMQ7oWee5HAiH1xjhyHoZFxXDigfo98MaJtd6UJSo6YiPk7CB2DL6uFKCEAnyl"
,"356502814163883","video",,,,,,,,,,,,,,,,,,"100064957951102","ABS-CBN News","https://scontent-iad3-1.xx.fbcdn.net/v/t39.30808-1/612193561_1385784586930127_8766501501849307524_n.jpg?stp=cp0_dst-jpg_tt6&cstp=mx513x511&ctp=s40x40&_nc_cat=1&ccb=1-7&_nc_sid=2d3e12&_nc_ohc=BDsIev3SqvYQ7kNvwEwjFpv&_nc_oc=Adr-TNsb3neE6qHEhYa6pv5oYB2bVQuNt_PLPxIszZG6kBBVPsBQ_mvActTLsZeevDw&_nc_zt=24&_nc_ht=scontent-iad3-1.xx&_nc_gid=IpufoVci39ZbO4Pj94ttcQ&_nc_ss=7e2a8&oh=00_AQDYm8fivCTdQjQdT2Rv9Ebr03Wz-ZzWZopoN_waiArbHQ&oe=6A5E4CDC","https://www.facebook.com/abscbnNEWS","36","925450472963543","LOOK: Situation along NLEX Valenzuela northbound this Wednesday. | via RG Cruz, ABS-CBN News
 #FloodPatrol #CarinaPH 

(Courtesy: Office of Senator Joel Villanueva)",,,"152","2","168","7","9","338","188","1721797718000","https://www.facebook.com/abscbnNEWS/videos/356502814163883/"
"No photo description available.","913607460803134","photo","https://www.facebook.com/photo.php?fbid=913607460803134&set=a.602294435267773&type=3","No photo description available.","913607504136463","photo","https://www.facebook.com/photo.php?fbid=913607504136463&set=a.602294435267773&type=3","No photo description available.","913607530803127","photo","https://www.facebook.com/photo.php?fbid=913607530803127&set=a.602294435267773&type=3","No photo description available.","913607564136457","photo","https://www.facebook.com/photo.php?fbid=913607564136457&set=a.602294435267773&type=3","No photo description available.","913607587469788","photo","https://www.facebook.com/photo.php?fbid=913607587469788&set=a.602294435267773&type=3","100064616655120","Philippine Star","https://scontent-iad3-1.xx.fbcdn.net/v/t39.30808-1/341858556_918415572727450_374717831366242673_n.jpg?stp=cp0_dst-jpg_tt6&cstp=mx1000x1000&ctp=s40x40&_nc_cat=1&ccb=1-7&_nc_sid=2d3e12&_nc_ohc=g5LUxtqmcMcQ7kNvwGrCCb_&_nc_oc=AdqwT0iSHfjJrEynTvWl_Rf75EUvulu_kXSCM0TGB40aoEpO5Rc5l7oXfm4I20RFPo8&_nc_zt=24&_nc_ht=scontent-iad3-1.xx&_nc_gid=IpufoVci39ZbO4Pj94ttcQ&_nc_ss=7e2a8&oh=00_AQCBRx2jdbjEkZ7UxNC-hNPu4Fo7iG2BQsJ2BHAk9egVyA&oe=6A5E5FC0","https://www.facebook.com/PhilippineSTAR","75","913607850803095","Residents rescue other stranded residents as flood waters continue to rise at Barangay Bagong Silangan in Quezon City due to torrential rain brought by #CarinaPH and southwest monsoon on Wednesday. 

As of 2PM, PAGASA raised red rainfall warning over Zambales, Bataan, Metro Manila, Rizal, Bulacan, Pampanga and Tarlac, which has a risk of serious flooding in flood-prone areas. (Photos by Miguel De Guzman/The Philippine STAR)",,,"383","184","609","131","3","1310","266","1721806045000","https://www.facebook.com/PhilippineSTAR/posts/pfbid0246UAvgoPM5PX5VwJ8k617qcVEB1xykkW8h5YNpw32NCCPE92VcCq377ny89XNB3Fl"
,"464875123138573","video",,,,,,,,,,,,,,,,,,"100064616655120","Philippine Star","https://scontent-iad3-1.xx.fbcdn.net/v/t39.30808-1/341858556_918415572727450_374717831366242673_n.jpg?stp=cp0_dst-jpg_tt6&cstp=mx1000x1000&ctp=s40x40&_nc_cat=1&ccb=1-7&_nc_sid=2d3e12&_nc_ohc=g5LUxtqmcMcQ7kNvwGrCCb_&_nc_oc=AdqwT0iSHfjJrEynTvWl_Rf75EUvulu_kXSCM0TGB40aoEpO5Rc5l7oXfm4I20RFPo8&_nc_zt=24&_nc_ht=scontent-iad3-1.xx&_nc_gid=XriARIh62SeRWI4TalRvoA&_nc_ss=7e2a8&oh=00_AQDH43-QMjzq4dYDnSzuUVkQWdLQPIufJDSf7BC9plYgtg&oe=6A5E5FC0","https://www.facebook.com/PhilippineSTAR","118","913654914131722","FLOOD SITUATION INSIDE UST

The St. Raymund de Peñafort building at the University of Santo Tomas in Manila is submerged in floodwaters as of 3 PM on Wednesday due to continuous downpours brought upon by #CarinaPH and the southwest monsoon. 

Knee-to-waist-deep flooding reached the first floor of the building. (Video courtesy of The Flame - The official student publication of UST Faculty of Arts and Letters)","1","6","571","5","1367","38","73","2061","608","1721812322000","https://www.facebook.com/PhilippineSTAR/videos/464875123138573/"
,"1006545774472476","video",,,,,,,,,,,,,,,,,,"100064562324642","Rappler","https://scontent-iad3-1.xx.fbcdn.net/v/t39.30808-1/312485121_544389621056444_1709176195648106042_n.jpg?stp=c214.214.652.652a_cp0_dst-jpg_tt6&cstp=mx652x652&ctp=s40x40&_nc_cat=1&ccb=1-7&_nc_sid=2d3e12&_nc_ohc=ivhhtnso5b0Q7kNvwEWcFnv&_nc_oc=AdqyTnDpPLhHCKuMwFFXnSnsvm7GKGsCmmsFKAXiqzFFthuUFW3grIBm6Mzq92H0kBs&_nc_zt=24&_nc_ht=scontent-iad3-1.xx&_nc_gid=XriARIh62SeRWI4TalRvoA&_nc_ss=7e2a8&oh=00_AQCze30dVJp4CK7J7EwT2fvPAigsqwqBsk9SZNiqFnTtYg&oe=6A5E6A40","https://www.facebook.com/rapplerdotcom","13","977616111067124","Rappler covers the flood situation along EDSA in Muñoz, Quezon City around 6pm, where chest-deep floodwaters have brought traffic at a standstill for hours. #HabagatPH

Live updates: https://www.rappler.com/philippines/weather/typhoon-carina-habagat-updates-floods-landslides-damage-relief-efforts/",,"2","77","2","36","10","7","134","25","1721826226000","https://www.facebook.com/rapplerdotcom/videos/1006545774472476/"
,"922852876275208","video",,,,,,,,,,,,,,,,,,"100064616655120","Philippine Star","https://scontent-iad3-1.xx.fbcdn.net/v/t39.30808-1/341858556_918415572727450_374717831366242673_n.jpg?stp=cp0_dst-jpg_tt6&cstp=mx1000x1000&ctp=s40x40&_nc_cat=1&ccb=1-7&_nc_sid=2d3e12&_nc_ohc=g5LUxtqmcMcQ7kNvwGrCCb_&_nc_oc=AdqwT0iSHfjJrEynTvWl_Rf75EUvulu_kXSCM0TGB40aoEpO5Rc5l7oXfm4I20RFPo8&_nc_zt=24&_nc_ht=scontent-iad3-1.xx&_nc_gid=XriARIh62SeRWI4TalRvoA&_nc_ss=7e2a8&oh=00_AQDH43-QMjzq4dYDnSzuUVkQWdLQPIufJDSf7BC9plYgtg&oe=6A5E5FC0","https://www.facebook.com/PhilippineSTAR","493","913389707491576","WAIST-DEEP FLOOD IN ESPAÑA BLVD 

As of 7:20 AM, España Boulevard corner Vicente Cruz is submerged in waist-deep flood due to incessant rains brought by the southwest monsoon and #CarinaPH. 

According to PAGASA, #CarinaPH will cross the rugged terrain of Taiwan and exit the Philippine Area of Responsibility (PAR) tonight or tomorrow (July 25, 2024) early morning. (Video by Fernan Nebres/The Philippine STAR)","1","9","1259","19","2924","130","108","4450","2502","1721778946000","https://www.facebook.com/PhilippineSTAR/videos/922852876275208/"
,"1212654929917606","video",,,,,,,,,,,,,,,,,,"100069028928005","INQUIRER.net","https://scontent-iad3-1.xx.fbcdn.net/v/t39.30808-1/278901640_295125766131719_6117651967592833577_n.png?stp=cp0_dst-png&cstp=mx320x320&ctp=s40x40&_nc_cat=1&ccb=1-7&_nc_sid=2d3e12&_nc_ohc=ema3SF95LIgQ7kNvwFAwLBC&_nc_oc=Ado82iGQUOvHvvY8szCjEvNmBqLD4R824gPc1hUghB_K2IQbaI4nboy2xkySovFQ8jQ&_nc_zt=24&_nc_ht=scontent-iad3-1.xx&_nc_gid=XriARIh62SeRWI4TalRvoA&_nc_ss=7e2a8&oh=00_AQD2I0VNFhaKnFjEiRijGBC1q3EebWMiuVyOpcnGGhZoFg&oe=6A5E5501","https://www.facebook.com/inquirerdotnet","19","897842585860031","WATCH: Here's the flood situation along Brgy. Lawa in Meycauayan, Bulacan, as of 5:30 p.m.
 
•⁠ ⁠Visit https://inqnews.net/CarinaPH to stay updated with the latest #CarinaPH news and stories.",,"1","71","1","36","12","1","122","29","1721815723000","https://www.facebook.com/inquirerdotnet/videos/1212654929917606/"
,"460563900227813","video",,,,,,,,,,,,,,,,,,"100064746458701","MANILA BULLETIN","https://scontent-iad3-1.xx.fbcdn.net/v/t39.30808-1/486278506_1099976158837256_5940999471121737534_n.jpg?stp=cp0_dst-jpg_tt6&cstp=mx960x960&ctp=s40x40&_nc_cat=1&ccb=1-7&_nc_sid=2d3e12&_nc_ohc=SPUObSUmnT4Q7kNvwGAFLfI&_nc_oc=Adrocg2nlAB89HU-fjv2KqMSdCEvZr3GXnPJiSreXG2Qt6a-2TFn-d7dIlHMtM4UJFI&_nc_zt=24&_nc_ht=scontent-iad3-1.xx&_nc_gid=XriARIh62SeRWI4TalRvoA&_nc_ss=7e2a8&oh=00_AQBYokKAR_YFRAcx5bYu2PTxMW9b5xMolS-8rgMY8UwcaQ&oe=6A5E6629","https://www.facebook.com/ManilaBulletin","211","909821154519425","WARNING: SENSITIVE CONTENT

WATCH: A lifeless body of an unknown man was seen floating along Almeda, Tayuman amid the onslaught of Typhoon #CarinaPH on Wednesday, July 24.

According to the residents, the man was electrocuted due to the electric wires in the flood that resulted in his death. (Video Courtesy of Angelo Cayabyab Buquel)",,"2","758","6","4123","55","41","4985","347","1721807301000","https://www.facebook.com/ManilaBulletin/videos/460563900227813/"
"No photo description available.","8131293163596545","photo","https://www.facebook.com/photo.php?fbid=8131293163596545&set=a.432659913459947&type=3","No photo description available.","8131293330263195","photo","https://www.facebook.com/photo.php?fbid=8131293330263195&set=a.432659913459947&type=3",,,,,,,,,,,,,"100001478265103","Mariza Alos Rillera","https://scontent-iad3-1.xx.fbcdn.net/v/t39.30808-1/516075716_24401604686138801_1827448933614001778_n.jpg?stp=c0.0.676.676a_cp0_dst-jpg_tt6&cstp=mx676x676&ctp=s40x40&_nc_cat=101&ccb=1-7&_nc_sid=1d2534&_nc_ohc=I2hcK8Nl7DQQ7kNvwHHo0Zc&_nc_oc=AdrgxmURGw-Ax1k1WpC19_5hUgbFN0dG2q_04YfZv861UMUDvqx0o2QUojqGFidQA7w&_nc_zt=24&_nc_ht=scontent-iad3-1.xx&_nc_gid=XriARIh62SeRWI4TalRvoA&_nc_ss=7e2a8&oh=00_AQArotuXiHRtyqgjN9w9fiEu9zatQGceWr0V_-G6EJqPnA&oe=6A5E3655","https://www.facebook.com/marizaalos.rillera","104","8131293413596520","Araneta avenue Brgy.TaTalon Quezon City 
Keep safe everyone 🙏 Protect us Lord 🙏 
#fypシ゚ #trend #GodBless #everyone #highlights #flood #Update #ccto",,,"20","4","43","24","9","100","12","1721784338000","https://www.facebook.com/marizaalos.rillera/posts/pfbid02St8X4cF2KGoSZovbKQP5fn9qV5dUy9upAffzigfcTuy1jeWk8ChAvRiqnKd2ZtyJl"
,"1550863949166418","video",,,,,,,,,,,,,,,,,,"100064957951102","ABS-CBN News","https://scontent-iad3-1.xx.fbcdn.net/v/t39.30808-1/612193561_1385784586930127_8766501501849307524_n.jpg?stp=cp0_dst-jpg_tt6&cstp=mx513x511&ctp=s40x40&_nc_cat=1&ccb=1-7&_nc_sid=2d3e12&_nc_ohc=BDsIev3SqvYQ7kNvwEwjFpv&_nc_oc=Adr-TNsb3neE6qHEhYa6pv5oYB2bVQuNt_PLPxIszZG6kBBVPsBQ_mvActTLsZeevDw&_nc_zt=24&_nc_ht=scontent-iad3-1.xx&_nc_gid=_EJb-CNFR6GfRhBHUkbqYQ&_nc_ss=7e2a8&oh=00_AQDrZphARW5rb1eF07G_2mEn3F1p8JQl2emspLKo5M32hQ&oe=6A5E4CDC","https://www.facebook.com/abscbnNEWS","351","925806156261308","Rescuers rushed to save trapped residents from their homes after torrential rains, caused by an enhanced monsoon and typhoon #CarinaPH, inundated several parts of the Philippine capital and nearby provinces. #FloodPatrol","2","8","2327","213","1735","632","33","4950","977","1721835355000","https://www.facebook.com/abscbnNEWS/videos/1550863949166418/"
"No photo description available.","976897661138969","photo","https://www.facebook.com/photo.php?fbid=976897661138969&set=a.362804292548312&type=3","No photo description available.","976897647805637","photo","https://www.facebook.com/photo.php?fbid=976897647805637&set=a.362804292548312&type=3","No photo description available.","976897634472305","photo","https://www.facebook.com/photo.php?fbid=976897634472305&set=a.362804292548312&type=3",,,,,,,,,"100064562324642","Rappler","https://scontent-iad3-1.xx.fbcdn.net/v/t39.30808-1/312485121_544389621056444_1709176195648106042_n.jpg?stp=c214.214.652.652a_cp0_dst-jpg_tt6&cstp=mx652x652&ctp=s40x40&_nc_cat=1&ccb=1-7&_nc_sid=2d3e12&_nc_ohc=ivhhtnso5b0Q7kNvwEWcFnv&_nc_oc=AdqyTnDpPLhHCKuMwFFXnSnsvm7GKGsCmmsFKAXiqzFFthuUFW3grIBm6Mzq92H0kBs&_nc_zt=24&_nc_ht=scontent-iad3-1.xx&_nc_gid=_EJb-CNFR6GfRhBHUkbqYQ&_nc_ss=7e2a8&oh=00_AQC6FHpwo_dI88xdG6I5yIijd5-cSCf9fz9RLe5KDwQ4lg&oe=6A5E6A40","https://www.facebook.com/rapplerdotcom","3","976897764472292","Flood in some areas of Barangay Sta. Ana, Taytay, Rizal, are receding as water now flows in the Maningning Creek and Taytay River. | 📷: Pamahalaang Barangay Sta. Ana, Taytay, Rizal via Hailie Tolentino rappler.com/philippines",,,"33",,"18","2","5","58","5","1721736411000","https://www.facebook.com/rapplerdotcom/posts/pfbid0vNvgC9txtZM7rvqjfeTtBgkcT1rErFqWrLXRPNMRYtUQAbw3SH7vpY9Q91VxhJ9ul"
,"976405310839451","video",,,,,,,,,,,,,,,,,,"100053575050266","When In Manila","https://scontent-iad3-1.xx.fbcdn.net/v/t39.30808-1/352377397_657133812995303_1237729948842684711_n.jpg?stp=c0.0.1746.1746a_cp0_dst-jpg_tt6&cstp=mx1746x1746&ctp=s40x40&_nc_cat=1&ccb=1-7&_nc_sid=2d3e12&_nc_ohc=MuP_4HvnpV4Q7kNvwEWGz81&_nc_oc=Adp0s_-vTYanDdsDNNJiKbqK0Z6fmQwe-ybTj5YyYW2G2nlgf-b7GzZxMNkTlhu_ljE&_nc_zt=24&_nc_ht=scontent-iad3-1.xx&_nc_gid=_EJb-CNFR6GfRhBHUkbqYQ&_nc_ss=7e2a8&oh=00_AQCd0xMD_Xa44vi6M9pEeOi-lm2wb5lH-2BMz1Egk9z7aA&oe=6A5E35F3","https://www.facebook.com/WhenInManila","238","1013124943816665","Flood situation at C5 (in front of Tiendesitas and SM City Pasig) as of 12:08 pm. 

Stay safe everyone!","2","8","2048","22","421","45","177","2723","759","1721794422000","https://www.facebook.com/WhenInManila/videos/976405310839451/"
,"1028705138171661","video",,,,,,,,,,,,,,,,,,"100064762115861","UNTV News and Rescue","https://scontent-iad3-1.xx.fbcdn.net/v/t39.30808-1/339057996_229585659732134_7363939708771708088_n.jpg?stp=cp0_dst-jpg_tt6&cstp=mx600x600&ctp=s40x40&_nc_cat=1&ccb=1-7&_nc_sid=2d3e12&_nc_ohc=2-4kWekjZ00Q7kNvwG6Ezjd&_nc_oc=AdoBUHlb4ZCRU4WP4wrEjyvHfxAn8HnWm09QdKZq5Wb-G1eLAoaJIMinBgHJLkJQRAM&_nc_zt=24&_nc_ht=scontent-iad3-1.xx&_nc_gid=_EJb-CNFR6GfRhBHUkbqYQ&_nc_ss=7e2a8&oh=00_AQChag9gbV5mxp9iP7NbgwwKQh90kWe6Lxes6QFNbrm_1A&oe=6A5E618B","https://www.facebook.com/UNTVNewsRescue","17","913992660769463","𝗔𝗘𝗥𝗜𝗔𝗟 𝗩𝗜𝗘𝗪: Parkway Village in Quezon City in the afternoon of Wednesday, July 24.

The area is submerged in flood water from nearby San Francisco river that burst its bank during the heavy rains brought about by monsoon rains. #𝐂arina𝐏𝐇",,"1","267","18","159","52","5","502","287","1721814757000","https://www.facebook.com/UNTVNewsRescue/videos/1028705138171661/"
"May be an image of 7 people, motorcycle and text","977332044428864","photo","https://www.facebook.com/photo.php?fbid=977332044428864&set=a.362804292548312&type=3","May be an image of 4 people, body of water and road","977331941095541","photo","https://www.facebook.com/photo.php?fbid=977331941095541&set=a.362804292548312&type=3","May be an image of 1 person, car, body of water and text","977331887762213","photo","https://www.facebook.com/photo.php?fbid=977331887762213&set=a.362804292548312&type=3","May be an image of 1 person and body of water","977332054428863","photo","https://www.facebook.com/photo.php?fbid=977332054428863&set=a.362804292548312&type=3",,,,,"100064562324642","Rappler","https://scontent-iad3-1.xx.fbcdn.net/v/t39.30808-1/312485121_544389621056444_1709176195648106042_n.jpg?stp=c214.214.652.652a_cp0_dst-jpg_tt6&cstp=mx652x652&ctp=s40x40&_nc_cat=1&ccb=1-7&_nc_sid=2d3e12&_nc_ohc=ivhhtnso5b0Q7kNvwEWcFnv&_nc_oc=AdqyTnDpPLhHCKuMwFFXnSnsvm7GKGsCmmsFKAXiqzFFthuUFW3grIBm6Mzq92H0kBs&_nc_zt=24&_nc_ht=scontent-iad3-1.xx&_nc_gid=_EJb-CNFR6GfRhBHUkbqYQ&_nc_ss=7e2a8&oh=00_AQC6FHpwo_dI88xdG6I5yIijd5-cSCf9fz9RLe5KDwQ4lg&oe=6A5E6A40","https://www.facebook.com/rapplerdotcom","2","977332687762133","Knee-deep flood is seen along Buendia, Taft Avenue, Pasay, on Wednesday morning, July 24, due to heavy rain brought by #HabagatPH. Roads are still passable to vehicles. 📸: Pasay Traffic and Parking Management Office in Action | via Gab Vizcarra https://www.rappler.com/philippines/weather/typhoon-carina-habagat-updates-floods-landslides-damage-relief-efforts/",,,"41","2","46","8","1","98","30","1721794600000","https://www.facebook.com/rapplerdotcom/posts/pfbid02uCfkUGHfEAy5wA8VdwPRgMTPQHztRiaUXcJeNYvqDKk22Ra4vp9f2qiau7TVTAanl"
"No photo description available.","495063566403346","photo","https://www.facebook.com/photo.php?fbid=495063566403346&set=a.201791069063932&type=3","No photo description available.","495063726403330","photo","https://www.facebook.com/photo.php?fbid=495063726403330&set=a.201791069063932&type=3","No photo description available.","495063799736656","photo","https://www.facebook.com/photo.php?fbid=495063799736656&set=a.201791069063932&type=3","No photo description available.","495063866403316","photo","https://www.facebook.com/photo.php?fbid=495063866403316&set=a.201791069063932&type=3","No photo description available.","495063923069977","photo","https://www.facebook.com/photo.php?fbid=495063923069977&set=a.201791069063932&type=3","100076991200682","AWIT Cats","https://scontent-iad3-2.xx.fbcdn.net/v/t39.30808-1/274550647_499200795257721_4265676360947645238_n.jpg?stp=cp0_dst-jpg_tt6&cstp=mx1500x1500&ctp=s40x40&_nc_cat=111&ccb=1-7&_nc_sid=2d3e12&_nc_ohc=pXEkvju7iSgQ7kNvwE8HhOm&_nc_oc=Ado5A4-Kx6Gb2hTdiX7Zl7u3JpoymJakjGo9QE5jx6hRCWHMbpf_5algHn6BigUxMe8&_nc_zt=24&_nc_ht=scontent-iad3-2.xx&_nc_gid=_EJb-CNFR6GfRhBHUkbqYQ&_nc_ss=7e2a8&oh=00_AQCYSzbh3Wfdxg_idWP8xFxoIgvtMqO4_PCJ9rrv5oZuSg&oe=6A5E43A4","https://www.facebook.com/awit.cats","9","495064736403229","Rain 🌧️ or Shine ☀️ or FLOOD 🌊  We will do our best to make sure that they will not sleep with empty stomachs 🫶🏻 We'd like to thank everyone 🥹 we wouldn't be able to keep doing what we do without everyone's help 🙏🏻

📥Gcash : 09162365454 
📥BDO:  001680401090
📥Paypal: mama_nix@yahoo.com

#strayfeeding #straylivesmatter #catsoftaft #awitcats #donationsneeded #flood #CarinaPH",,,"19","80","1","44",,"144","27","1721828740000","https://www.facebook.com/awit.cats/posts/pfbid02wzxMKRpknNEwm88b4obXNsKQkM3VwunEtgpVgwRqGAmDZETAfJYdxSs1rEZLiLnQl"
,"420961160909644","video",,,,,,,,,,,,,,,,,,"100064746458701","MANILA BULLETIN","https://scontent-iad3-1.xx.fbcdn.net/v/t39.30808-1/486278506_1099976158837256_5940999471121737534_n.jpg?stp=cp0_dst-jpg_tt6&cstp=mx960x960&ctp=s40x40&_nc_cat=1&ccb=1-7&_nc_sid=2d3e12&_nc_ohc=SPUObSUmnT4Q7kNvwGAFLfI&_nc_oc=Adrocg2nlAB89HU-fjv2KqMSdCEvZr3GXnPJiSreXG2Qt6a-2TFn-d7dIlHMtM4UJFI&_nc_zt=24&_nc_ht=scontent-iad3-1.xx&_nc_gid=I8Fc4d8piEPcV6uepsQXVA&_nc_ss=7e2a8&oh=00_AQCLDjoDGHnPK5oL2AViqyr_eyzeIDa0QOqPFGosraqMqQ&oe=6A5E6629","https://www.facebook.com/ManilaBulletin","131","909109017923972","WATCH: Gutter-deep flood situation along Taft Ave., near Pedro Gil St. in Manila at around 12 p.m. due to heavy rains on Tuesday, July 23.

According to Metropolitan Manila Development Authority (MMDA), at least seven areas in Metro Manila were flooded as a result of the heavy downpour since Monday, July 22. (Video courtesy of Kenneth Gacula)",,"21","407","10","249","15","63","765","199","1721715807000","https://www.facebook.com/ManilaBulletin/videos/420961160909644/"
"No photo description available.","913728867462509","photo","https://www.facebook.com/photo/?fbid=913728867462509&set=a.600474168787982",,,,,,,,,,,,,,,,,"100064762115861","UNTV News and Rescue","https://scontent-iad3-1.xx.fbcdn.net/v/t39.30808-1/339057996_229585659732134_7363939708771708088_n.jpg?stp=cp0_dst-jpg_tt6&cstp=mx600x600&ctp=s40x40&_nc_cat=1&ccb=1-7&_nc_sid=2d3e12&_nc_ohc=2-4kWekjZ00Q7kNvwG6Ezjd&_nc_oc=AdoBUHlb4ZCRU4WP4wrEjyvHfxAn8HnWm09QdKZq5Wb-G1eLAoaJIMinBgHJLkJQRAM&_nc_zt=24&_nc_ht=scontent-iad3-1.xx&_nc_gid=I8Fc4d8piEPcV6uepsQXVA&_nc_ss=7e2a8&oh=00_AQD6vAH912tY4bk2KWq1cAt-ckATuXCjw8KzARYOVEsk-w&oe=6A5E618B","https://www.facebook.com/UNTVNewsRescue","21","913729014129161","LOOK: Flood situation in major roads in the city of Manila as  6:26 a.m., Wednesday, July 24, according to the Municipal Disaster Risk Reduction and Management Office:

Finance Taft- Not Passable to All Types of Vehicle
Nakpil Taft- Not Passable to All Types of Vehicle
Pedro Gil Taft- Not Passable to All Types of Vehicle
Padre Faura Taft- Not Passable to All Types of Vehicle
UN Ave. - Not Passable to All Types of Vehicle
Kalaw Taft- Not Passable to All Types of Vehicle
Ayala Blvd. - Not Passable to All Types of Vehicle                    
España Blvd- Not Passable to All Types of Vehicle

Photos: Manila PIO",,"5","152","4","60","9","6","236","107","1721783092000","https://www.facebook.com/UNTVNewsRescue/posts/pfbid02MHEKDfuWR1wcd1CJ5agdLacp3F8b88ZgdXuttft6GKZcH68MDn9XT7WNMoUoDWusl"
"No photo description available.","455121127498822","photo","https://www.facebook.com/photo/?fbid=455121127498822&set=a.117773884566883",,,,,,,,,,,,,,,,,"100090028150381","PAGASA-National Capital Region PRSD","https://scontent-iad3-1.xx.fbcdn.net/v/t39.30808-1/327447841_600469368148357_1261002846227433584_n.jpg?stp=cp0_dst-jpg_tt6&cstp=mx1000x1000&ctp=s40x40&_nc_cat=101&ccb=1-7&_nc_sid=2d3e12&_nc_ohc=URrMSuFXOD4Q7kNvwEyfTO6&_nc_oc=Adpjw_cT0h8CPSHIz_kjFWZF8tb3KSgts0LAhNGr6A5Wi8mo4M_EwtRr6iPIJhYa7dI&_nc_zt=24&_nc_ht=scontent-iad3-1.xx&_nc_gid=I8Fc4d8piEPcV6uepsQXVA&_nc_ss=7e2a8&oh=00_AQDSx0Mg_7jpOCjOvIL1qzi2DsNDifq5VAxPD4QOHADugA&oe=6A5E4CDC","https://www.facebook.com/NCR.PAGASA","36","455121157498819","Heavy Rainfall Warning No. 19-A #NCR_PRSD
Weather System: Enhanced Southwest Monsoon (Habagat)
Issued at: 3:00 AM, 24 July 2024(Wednesday)

RED WARNING LEVEL: Metro Manila, Cavite and Bataan.
ASSOCIATED HAZARD: Serious FLOODING is expected in flood-prone areas.

ORANGE WARNING LEVEL: Rizal, Laguna, Batangas, Pampanga, Bulacan and Zambales.
ASSOCIATED HAZARD: FLOODING is still THREATENING.

YELLOW WARNING LEVEL: Tarlac.
ASSOCIATED HAZARD: FLOODING in flood-prone areas.

Meanwhile, light to moderate with occasional heavy rains affecting Nueva Ecija and Quezon which may persist within 3 hours.

The public and the Disaster Risk Reduction and Management Offices concerned are advised to MONITOR the weather condition and watch for the next warning to be issued at 5:00 AM today.

For more information and queries, please call telephone numbers 8927-1335 and 8927-2877 or log on to www.pagasa.dost.gov.ph.",,"1","267","13","416","20","3","720","2256","1721762866000","https://www.facebook.com/NCR.PAGASA/posts/pfbid0vAUaZ3rf4CortmmAYiiRsdEe7XVR5zjDLd55hD62fcNC9mvmFhUMmkMAkPfM8Dvnl"
"No photo description available.","878170561000470","photo","https://www.facebook.com/photo.php?fbid=878170561000470&set=a.407879321362932&type=3","No photo description available.","878171234333736","photo","https://www.facebook.com/photo.php?fbid=878171234333736&set=a.407879321362932&type=3","No photo description available.","878170657667127","photo","https://www.facebook.com/photo.php?fbid=878170657667127&set=a.407879321362932&type=3","No photo description available.","878170627667130","photo","https://www.facebook.com/photo.php?fbid=878170627667130&set=a.407879321362932&type=3","No photo description available.","878170721000454","photo","https://www.facebook.com/photo.php?fbid=878170721000454&set=a.407879321362932&type=3","100064226011447","The Science Scholar","https://scontent-iad6-1.xx.fbcdn.net/v/t39.30808-1/555788441_1196291585855031_2084274019607564823_n.jpg?stp=cp0_dst-jpg_tt6&cstp=mx1500x1500&ctp=s40x40&_nc_cat=107&ccb=1-7&_nc_sid=2d3e12&_nc_ohc=rEMf_v8lGtwQ7kNvwGzsKLO&_nc_oc=AdrVbnICi1VxqRiTqYeQ9_6HYNETnqykV449y1JAu8An_DZHQ0kJkOnOIDlJDD7l4ZM&_nc_zt=24&_nc_ht=scontent-iad6-1.xx&_nc_gid=I8Fc4d8piEPcV6uepsQXVA&_nc_ss=7e2a8&oh=00_AQAmF_-Q7A930XtPdlfY8Tor1KUQn8GtyP8QavlFteAsqA&oe=6A5E6515","https://www.facebook.com/SciScho","8","878150844335775","LOOK: Flood due to Supertyphoon Carina enters PSHS–MC grounds

Photos from Lovi Suguitan

#CarinaPH",,"1","2",,"217","5","2","227","22","1721811481000","https://www.facebook.com/SciScho/posts/pfbid02jtjXtGsuNDvZo9WEt2nUbQD4uEUPXjZKEkjyCHkX8WNBzVzQNa4HbgsrLSUq6uy8l"
,"1994481190989948","video",,,,,,,,,,,,,,,,,,"100090676013195","ALLTV News","https://scontent-iad3-1.xx.fbcdn.net/v/t39.30808-1/466607645_521277327571463_7561021009658469938_n.jpg?stp=cp0_dst-jpg_tt6&cstp=mx1125x1125&ctp=s40x40&_nc_cat=104&ccb=1-7&_nc_sid=2d3e12&_nc_ohc=G75OFHUa94AQ7kNvwGHB3tS&_nc_oc=AdrUwqfwDWr_6DJwA17C1wQPPByGM3Kzqjb2fYXpou-pNbDZRw4Fh_07N1KIiudfxfQ&_nc_zt=24&_nc_ht=scontent-iad3-1.xx&_nc_gid=I8Fc4d8piEPcV6uepsQXVA&_nc_ss=7e2a8&oh=00_AQAZIjIvL0Q0dz4Q1D8zIcgr82D01BRizkwKIuqGTeud_A&oe=6A5E540F","https://www.facebook.com/alltvnewsph","132","441214678911062","𝐅𝐋𝐎𝐎𝐃 𝐀𝐋𝐄𝐑𝐓!

May ilang lugar sa Quezon City ang lubog sa baha tulad ng area na ito sa may Mother Ignacia corner Sgt. Esguerra.

🎥: Zach de Leon",,"4","1060","10","82","19","34","1209","279","1721783002000","https://www.facebook.com/alltvnewsph/videos/1994481190989948/"
"No photo description available.","909832317855089","photo","https://www.facebook.com/photo/?fbid=909832317855089&set=a.365711365600523",,,,,,,,,,,,,,,,,"100064849864375","DOST-PAGASA","https://scontent-iad3-1.xx.fbcdn.net/v/t39.30808-1/487303686_1099355335569452_7045424019269009221_n.png?stp=cp0_dst-png&cstp=mx1001x1001&ctp=s40x40&_nc_cat=1&ccb=1-7&_nc_sid=2d3e12&_nc_ohc=j7B0Y7UwOxsQ7kNvwFhPWMj&_nc_oc=Ado2rVK3A28LBKEdj0RZ2UxGXH9gwujks-ZLwiy2HxURfjZglroRBPmY2t4fHyKk-sU&_nc_zt=24&_nc_ht=scontent-iad3-1.xx&_nc_gid=I8Fc4d8piEPcV6uepsQXVA&_nc_ss=7e2a8&oh=00_AQCAvaDUSm_ZbsgwjDki-Y0gnQls6sEj7T-5yV2J8NkrAw&oe=6A5E3DDF","https://www.facebook.com/PAGASA.DOST.GOV.PH","5","909832341188420","NCR/Pasig Marikina Laguna De Bay River Basin
Flood Bulletin #5
Issued at 9:00 PM, 24 July 2024",,"1","171","6","3","21",,"202","82","1721827581000","https://www.facebook.com/PAGASA.DOST.GOV.PH/posts/pfbid0364NhA5jG3fcghvcXjd5EiT6osWWEnVrkuKdwFyvSajUA9x8AYge6Z7dU6ezwgV8tl"
"No photo description available.","464063563047384","photo","https://www.facebook.com/photo.php?fbid=464063563047384&set=a.123653223755088&type=3","No photo description available.","464063576380716","photo","https://www.facebook.com/photo.php?fbid=464063576380716&set=a.123653223755088&type=3","No photo description available.","464063619714045","photo","https://www.facebook.com/photo.php?fbid=464063619714045&set=a.123653223755088&type=3","No photo description available.","464063606380713","photo","https://www.facebook.com/photo.php?fbid=464063606380713&set=a.123653223755088&type=3",,,,,"100083312313876","Providence Auto Care Center","https://scontent-iad6-1.xx.fbcdn.net/v/t39.30808-1/615455884_858532470267156_4264099284002839287_n.jpg?stp=cp0_dst-jpg_tt6&cstp=mx2048x2048&ctp=s40x40&_nc_cat=107&ccb=1-7&_nc_sid=2d3e12&_nc_ohc=QP_07DL8L8YQ7kNvwHfIdhZ&_nc_oc=AdqPOfcFgzlhct5PLJpBcJt6GSD1dZiH-QHUXYn-GW_1S9UdS5cEXWXKOIq2hCWiwGc&_nc_zt=24&_nc_ht=scontent-iad6-1.xx&_nc_gid=G9kvHl0YQjoKJnsJTNJZ7w&_nc_ss=7e2a8&oh=00_AQDiLm06lqSgCmc29-tdHR1nxfqd-XECOi1Z--0JxF7Z4Q&oe=6A5E682E","https://www.facebook.com/providenceautocarecenter","6","464065493047191","FLOOD DAMAGED  CARS.

Don't Panic... Don't Worry

We guarantee you the best service you deserve for your car.

Contact us asap.",,"1","76","13","12",,,"102","32","1721820142000","https://www.facebook.com/providenceautocarecenter/posts/pfbid033Ne7qqqYMKtDBDstRZpNhAuPzdDCwJXA8LvufmhNWRKppHFpUUbHckUkvu7YXc3Dl"
"May be an image of car, body of water and text","1048251053967986","photo","https://www.facebook.com/photo/?fbid=1048251053967986&set=a.197868845672882",,,,,,,,,,,,,,,,,"100063493047073","VCC3 - Valenzuela City Command, Control and Communication Center","https://scontent-iad6-1.xx.fbcdn.net/v/t39.30808-1/301377467_507996054660158_4164930019837335063_n.jpg?stp=cp0_dst-jpg_tt6&cstp=mx1024x1024&ctp=s40x40&_nc_cat=102&ccb=1-7&_nc_sid=2d3e12&_nc_ohc=Hx9kZ0l6mSkQ7kNvwER5I3D&_nc_oc=Adrpm-FVE3v7LDiBBzqWnKNuzRUCmp59HgOZr2DFccd6ix3h4o76KzVm8AEheQ4Vk-g&_nc_zt=24&_nc_ht=scontent-iad6-1.xx&_nc_gid=G9kvHl0YQjoKJnsJTNJZ7w&_nc_ss=7e2a8&oh=00_AQBlxbhXK-QgTfUk_vgo4d4JJlEXYAVE4Zlp_PJcb72Crg&oe=6A5E49CF","https://www.facebook.com/VCCommandCenter","109","1048251487301276","#ValenzuelaCity Advisory
Flood Update Due to Rainshower 
July 24, 2024
As of 5:30 AM

I. MACARTHUR HIGHWAY

PASSABLE TO ALL TYPES OF VEHICLE (PATV)
-  Footbridge Dalandanan (7-8 inches) 
-  BRT Dalandanan (4-5 inches) 
- Wilcon Dalandanan (6-7 inches)
- BDO Dalandanan (4-5 inches)

II. MAYSAN TO BAGBAGUIN RD
- No monitored flooded area

III. Other Areas
- By pass Road, Veinte Reales (5-6 inches)

Source:
VCC3 - City Alert and Monitoring Station",,,"164","5","81","5","1","256","405","1721769974000","https://www.facebook.com/VCCommandCenter/posts/pfbid02ByWmQ61JR3qneVSFsvLtAnBdTWi2fZxK8ihZg2fBqHiSBvrwzqve58GsXj7JzpEAl"
"No photo description available.","885423373634118","photo","https://www.facebook.com/photo.php?fbid=885423373634118&set=a.237728131736982&type=3","No photo description available.","885423403634115","photo","https://www.facebook.com/photo.php?fbid=885423403634115&set=a.237728131736982&type=3","No photo description available.","885423436967445","photo","https://www.facebook.com/photo.php?fbid=885423436967445&set=a.237728131736982&type=3","No photo description available.","885423466967442","photo","https://www.facebook.com/photo.php?fbid=885423466967442&set=a.237728131736982&type=3","No photo description available.","885423493634106","photo","https://www.facebook.com/photo.php?fbid=885423493634106&set=a.237728131736982&type=3","100064993891753","Philippine News Agency","https://scontent-iad3-1.xx.fbcdn.net/v/t39.30808-1/243376967_237728188403643_1202162057650160894_n.jpg?stp=cp0_dst-jpg_tt6&cstp=mx1258x1258&ctp=s40x40&_nc_cat=1&ccb=1-7&_nc_sid=2d3e12&_nc_ohc=qaGEHl1Gu2EQ7kNvwHjbSaa&_nc_oc=AdqLWaprJNAScbok1_r37q6-mi2mlcyFVyd-6kzRClbnxrs9i2PeRHdYSz1Dq40Sbt8&_nc_zt=24&_nc_ht=scontent-iad3-1.xx&_nc_gid=G9kvHl0YQjoKJnsJTNJZ7w&_nc_ss=7e2a8&oh=00_AQCw4wxCA1D-EeiXTMbQKX1EN7j0qcS1VAS55HayArweVQ&oe=6A5E412E","https://www.facebook.com/pnagovph","33","885423623634093","Motorists and pedestrians brave the gutter-deep flood along the corner of Taft and UN Avenues in Manila following a heavy downpour brought by #CarinaPH and the enhanced southwest monsoon on Tuesday afternoon (July 23, 2024). | PNA photos by Yancy Lim #BantayBagyo","1","1","103","2","53","9","18","187","84","1721723363000","https://www.facebook.com/pnagovph/posts/pfbid0nU2ReYVyt2LMKZzrETWfoGK5LHQjkS289QnktZjK2VZjN5jhJokENUgxLDhdi6Epl"
"May be an image of 1 person, the Place de la Bastille and fog","903847565117333","photo","https://www.facebook.com/photo.php?fbid=903847565117333&set=a.480386924130068&type=3","May be an image of fog and lake","903847595117330","photo","https://www.facebook.com/photo.php?fbid=903847595117330&set=a.480386924130068&type=3","May be an image of hospital","903847495117340","photo","https://www.facebook.com/photo.php?fbid=903847495117340&set=a.480386924130068&type=3","May be an image of street and text","903847478450675","photo","https://www.facebook.com/photo.php?fbid=903847478450675&set=a.480386924130068&type=3","May be an image of body of water","903847635117326","photo","https://www.facebook.com/photo.php?fbid=903847635117326&set=a.480386924130068&type=3","100064762928206","The Varsitarian","https://scontent-iad3-1.xx.fbcdn.net/v/t39.30808-1/419932039_778530244315733_851047240028433907_n.jpg?stp=cp0_dst-jpg_tt6&cstp=mx800x800&ctp=s40x40&_nc_cat=108&ccb=1-7&_nc_sid=2d3e12&_nc_ohc=tE061A_MA0cQ7kNvwHojTVH&_nc_oc=AdpZi5EC4UVfh-I7K7zBftqjRM5vZSBkA3nNUZtsrcaLdMLAqjj9l8efQswiI5ss1tI&_nc_zt=24&_nc_ht=scontent-iad3-1.xx&_nc_gid=G9kvHl0YQjoKJnsJTNJZ7w&_nc_ss=7e2a8&oh=00_AQCKOMmHoPSpnh1DIgDxep0KSl_wzmigxXF8VX93mKfY1g&oe=6A5E3873","https://www.facebook.com/varsitarian","145","903848751783881","UST CAMPUS FLOODING REACHES KNEE- TO WAIST-DEEP

LOOK: As of 2 p.m. on Wednesday, the flood inside the UST campus has reached knee- to waist-deep due to prolonged heavy rains brought by the southwest monsoon, intensified by Typhoon Carina.

Waist-deep floods are seen in the Plaza Mayor, where the UST block letters have been removed, and in the UST Open Field. Food stalls in the UST Carpark have shut down due to ankle-deep floodwaters entering their stalls.

(Photos by John Ezekiel J. Hirro/ The Varsitarian)",,"3","605","29","4927","165","118","5847","2777","1721806306000","https://www.facebook.com/varsitarian/posts/pfbid02UV4uq5XEMhghMxNi6Szj2JkETjPuUsB12YNFfb7BGNgJi4YgFmYHZ3UMNNTwBgGdl"
"No photo description available.","890335599794064","photo","https://www.facebook.com/photo.php?fbid=890335599794064&set=a.548767373950890&type=3","No photo description available.","890335649794059","photo","https://www.facebook.com/photo.php?fbid=890335649794059&set=a.548767373950890&type=3","No photo description available.","890335586460732","photo","https://www.facebook.com/photo.php?fbid=890335586460732&set=a.548767373950890&type=3","No photo description available.","890335636460727","photo","https://www.facebook.com/photo.php?fbid=890335636460727&set=a.548767373950890&type=3",,,,,"100064528966473","FUHOware PH","https://scontent-iad6-1.xx.fbcdn.net/v/t39.30808-1/222664231_4347433765295790_1136037518499179471_n.png?stp=cp0_dst-png&cstp=mx361x361&ctp=s40x40&_nc_cat=102&ccb=1-7&_nc_sid=2d3e12&_nc_ohc=sca8aW15I8IQ7kNvwF52jhy&_nc_oc=AdpYsogC8pk0NBXWEkXN8XMBXe1RnYhGqNl6PZ8kcI_5gMYl_GdKSTvgzmeAE_2UFaA&_nc_zt=24&_nc_ht=scontent-iad6-1.xx&_nc_gid=G9kvHl0YQjoKJnsJTNJZ7w&_nc_ss=7e2a8&oh=00_AQAyO5WDHc8M8XOiCmcbKRNJnnPKpvfS2R586wHG1ugcCg&oe=6A5E58C1","https://www.facebook.com/fuhowareph","9","890339193127038","To everyone who needs to distribute relief goods. We have ready stock. 

For orders, please give us a call or message us right away. 

09189070224
09985728763

Stay Safe and dry everyone. 🙏🏻🙏🏻🙏🏻
We hope everyone in need gets help fast. 

#relief #ayuda #help #storagebox #storagecontainers #buckets #pail #fuhoware #FloodVictims #flood #storagesolutions
#DRRMO #typhoon #Carina #TyphoonCarina #reliefgoods #baha2024",,,"63","16",,"2",,"81","24","1721807828000","https://www.facebook.com/fuhowareph/posts/pfbid02bN1fnBvqrNDkXcdeGcjyTrKw5Nx3DSf8DLg1ty8XKyQD7nZw5s3vcf6ijdwkirLEl"
,"477125771841363","video",,,,,,,,,,,,,,,,,,"100079954837116","UP Resilience Institute","https://scontent-iad3-1.xx.fbcdn.net/v/t39.30808-1/352026819_648978127079609_8857467644799267467_n.png?stp=cp0_dst-png&cstp=mx2000x2000&ctp=s40x40&_nc_cat=110&ccb=1-7&_nc_sid=2d3e12&_nc_ohc=1sjXET9niJ8Q7kNvwHyNc7i&_nc_oc=AdqYsiOTdqCL35D2DALiB3iJF9IlgyI_OZTkiqCC0V6hLc_AoT1dYrFnavqlNp2WP2U&_nc_zt=24&_nc_ht=scontent-iad3-1.xx&_nc_gid=G9kvHl0YQjoKJnsJTNJZ7w&_nc_ss=7e2a8&oh=00_AQCWa8C1animMdU_3wtWp7shUX-wdEPJXBBhWu8gRrVNfg&oe=6A5E4728","https://www.facebook.com/UPResilienceInstitute","9","478336181508206","KNOW YOUR HAZARDS

To determine how susceptible your area is to flooding, you can check out the UPRI - UP NOAH Center's website. It provides detailed information on flood-prone and safe areas, helping you prepare accordingly. https://noah.up.edu.ph/know-your-hazards",,,"931","1131","1","43","15","2121","6007","1721780497000","https://www.facebook.com/UPResilienceInstitute/videos/477125771841363/"
"No photo description available.","1038652520960667","photo","https://www.facebook.com/photo/?fbid=1038652520960667&set=a.191071872385407",,,,,,,,,,,,,,,,,"100044477861932","Dr. Julius Czar Daoa","https://scontent-iad6-1.xx.fbcdn.net/v/t39.30808-1/323989667_490806003178562_6118683744201564709_n.jpg?stp=cp0_dst-jpg_tt6&cstp=mx960x959&ctp=s40x40&_nc_cat=102&ccb=1-7&_nc_sid=2d3e12&_nc_ohc=-5GMql4-wbgQ7kNvwHc7iUU&_nc_oc=AdpbkTopK9-jmTnBzigRNC9NqjSXfvokbImpIWO0xXQVr7sqLXXy4Cmkuf1Qsk6Moew&_nc_zt=24&_nc_ht=scontent-iad6-1.xx&_nc_gid=mk6J6W821Z6cR98g_030Lg&_nc_ss=7e2a8&oh=00_AQCk7NKTYG-aoajMeez_EuHwVyaU_dKxiq68bxCA_9jniQ&oe=6A5E5193","https://www.facebook.com/dr.jcdaoa","79","1038645294294723","Pray! When the enemy comes like a flood, the Lord will rescue you.

“Then we cried out, “Lord, help us! Rescue us!” And he did! God stilled the storm, calmed the waves, and he hushed the hurricane winds to only a whisper.”
‭‭~Psalms‬ ‭107‬:‭28‬-‭29‬

#storm #fyp #love #life #pray #prayerworks",,,"217","527","1","83","1","829","280","1721811631000","https://www.facebook.com/dr.jcdaoa/posts/pfbid0KUHCNts9r3RbJ3BXVtneCreSvWCc1k9t67Q8WQZ4qALLYvyvZMXbskXU4ExujUsml"
"No photo description available.","896740889163332","photo","https://www.facebook.com/photo.php?fbid=896740889163332&set=a.599885918848832&type=3","No photo description available.","896740902496664","photo","https://www.facebook.com/photo.php?fbid=896740902496664&set=a.599885918848832&type=3",,,,,,,,,,,,,"100064822867502","Philstar.com","https://scontent-iad3-1.xx.fbcdn.net/v/t39.30808-1/646621598_1378505780986838_3990323630737858873_n.jpg?stp=cp0_dst-jpg_tt6&cstp=mx1792x1792&ctp=s40x40&_nc_cat=1&ccb=1-7&_nc_sid=2d3e12&_nc_ohc=WieeDB179tEQ7kNvwGTvDgm&_nc_oc=AdrNrCOqnCqzK1twBN2SKnDtXi6y3-dma68UVxfeV-04JDoMNkIzzVF12sK1weSK--Q&_nc_zt=24&_nc_ht=scontent-iad3-1.xx&_nc_gid=mk6J6W821Z6cR98g_030Lg&_nc_ss=7e2a8&oh=00_AQCEXjleaIuo7LDZ4jHrbKuC2p7tI8dQSOJUuFJKgoha_Q&oe=6A5E657F","https://www.facebook.com/philstarnews","49","896741165829971","BAHA SA CAINTA

Photos show the flood situation in Cainta, Rizal, taken at around 7:20 a.m. on Wednesday.

""Abot balikat na sa labas… medyo nai-stress na ako kasi almost Ondoy levels na ito,"" X user @leonthethird said in his caption.

Rains from the enhanced habagat brought by Typhoon #CarinaPH caused flooding in various areas in Luzon.

📸 @leonthethird/X",,"2","149","2","459","15","8","635","505","1721788450000","https://www.facebook.com/philstarnews/posts/pfbid0UorRhvbXdRPDfeFSAbALL1yWkFdUZoXsApfaQnmoWKbqbyVBZtDMoPzzdCJE5PNPl"
,"496729069549319","video",,,,,,,,,,,,,,,,,,"100053294749956","Pushing Faders","https://scontent-iad6-1.xx.fbcdn.net/v/t39.30808-1/240952474_4895979833762799_2190439639257162955_n.jpg?stp=cp0_dst-jpg_tt6&cstp=mx479x480&ctp=s40x40&_nc_cat=109&ccb=1-7&_nc_sid=2d3e12&_nc_ohc=lsdYfo6Img0Q7kNvwFw0Rvy&_nc_oc=AdpUjmurAz0ecRA4b5DNe8SMzwqqZY814uVOyy45NZgH4MnZFhaUArP4yQSNplJBXw4&_nc_zt=24&_nc_ht=scontent-iad6-1.xx&_nc_gid=mk6J6W821Z6cR98g_030Lg&_nc_ss=7e2a8&oh=00_AQBnsZhuuEMAZOneLuKmDXlUOVEgQm2kARQItepuNOOIwA&oe=6A5E4794","https://www.facebook.com/pushingfaders","3","1018041639982318","Rains will be relentless.
Flood Alert sa Manila at nerby provinces.
Ano gagawin niyo sa lumubog na gamit?",,,"49","14",,"1","1","65","18","1721804036000","https://www.facebook.com/pushingfaders/videos/496729069549319/"
"No photo description available.","896133699224051","photo","https://www.facebook.com/photo/?fbid=896133699224051&set=a.599885918848832",,,,,,,,,,,,,,,,,"100064822867502","Philstar.com","https://scontent-iad3-1.xx.fbcdn.net/v/t39.30808-1/646621598_1378505780986838_3990323630737858873_n.jpg?stp=cp0_dst-jpg_tt6&cstp=mx1792x1792&ctp=s40x40&_nc_cat=1&ccb=1-7&_nc_sid=2d3e12&_nc_ohc=WieeDB179tEQ7kNvwGTvDgm&_nc_oc=AdrNrCOqnCqzK1twBN2SKnDtXi6y3-dma68UVxfeV-04JDoMNkIzzVF12sK1weSK--Q&_nc_zt=24&_nc_ht=scontent-iad3-1.xx&_nc_gid=mk6J6W821Z6cR98g_030Lg&_nc_ss=7e2a8&oh=00_AQCEXjleaIuo7LDZ4jHrbKuC2p7tI8dQSOJUuFJKgoha_Q&oe=6A5E657F","https://www.facebook.com/philstarnews","63","896133975890690","FLOOD UPDATE AS OF 12:08PM: MMDA reports flooding in the following areas:

QUEZON CITY:
Balintawak: Gutter deep (8inches)
Dario bridge: Gutter deep (8inches)
E-Road Araneta: Gutter deep (8 inches)

MANDALUYONG CITY:
Shaw Edsa: Gutter deep (8inches)

CALOOCAN CITY:
Mc Arthur Calle Uno: Gutter deep (8 inches)

PASAY CITY:
Andrews Tramo intersection: Gutter deep (8 inches)

MANILA CITY
España, M. Dela Fuente: Gutter deep (8 inches)","1","3","346","3","248","11","8","620","370","1721712112000","https://www.facebook.com/philstarnews/posts/pfbid02RsV34YJwwfnmiT6Q8jQcUakaViGya1eu9CNAkKj8UdAFL1DLtEhvkWmt6PMVizfnl"
,"505449065375537","video",,,,,,,,,,,,,,,,,,"100064872450550","VOVph","https://scontent-iad6-1.xx.fbcdn.net/v/t39.30808-1/387199388_722458129926596_9024483319219149339_n.jpg?stp=cp0_dst-jpg_tt6&cstp=mx1600x1600&ctp=s40x40&_nc_cat=109&ccb=1-7&_nc_sid=2d3e12&_nc_ohc=rS0dduJ4fTMQ7kNvwGuTZ-f&_nc_oc=AdpWz-1zGND0f4PXY_hXQBEXcqVfDJDmMqiiAlQqMcX_ebmyjwJmyaK76iKuoAB-Wqo&_nc_zt=24&_nc_ht=scontent-iad6-1.xx&_nc_gid=mk6J6W821Z6cR98g_030Lg&_nc_ss=7e2a8&oh=00_AQBv-E2P8oKr4R2w1qcZhpiU35C_gIu-PpLYtQL1lJm--w&oe=6A5E43C2","https://www.facebook.com/vovph","321","905606164945124","Over 5,000 flood control projects were completed in the past two years, President Ferdinand “Bongbong” Marcos Jr. reported during his third State of the Nation Address (SONA) on Monday.","27","1014","79","3","14","1","12","1150","1050","1721796279000","https://www.facebook.com/vovph/videos/505449065375537/"
"No photo description available.","413312255062873","photo","https://www.facebook.com/photo.php?fbid=413312255062873&set=a.113296898397745&type=3","No photo description available.","413312191729546","photo","https://www.facebook.com/photo.php?fbid=413312191729546&set=a.113296898397745&type=3",,,,,,,,,,,,,"100091523058945","Seungcheol’s gaming chair for sale, pm kung gusto mo magpa-kandong","https://scontent-iad6-1.xx.fbcdn.net/v/t39.30808-1/500738326_635496332844463_8434782671156477617_n.jpg?stp=cp0_dst-jpg_tt6&cstp=mx1000x1010&ctp=s40x40&_nc_cat=107&ccb=1-7&_nc_sid=2d3e12&_nc_ohc=QRkbDSPGWwsQ7kNvwGNlan1&_nc_oc=AdqOsv5jcDSsrPI2yxlt-0DUCwTZF8CWisaZy4XSm_ceewAi8O_HE2oYfaTGp3V_r9Y&_nc_zt=24&_nc_ht=scontent-iad6-1.xx&_nc_gid=mk6J6W821Z6cR98g_030Lg&_nc_ss=7e2a8&oh=00_AQAtpg2OJyO8gISlVPHiskb1hSWeQAILFLhTerpKphHxVw&oe=6A5E4BF1","https://www.facebook.com/profile.php?id=100091523058945","5","413313225062776","hello caratdeuls, to everyone who’s experiencing flood and are near places that are prone to landslides please keep these emergency hotline numbers in mind, and since the weather has gotten pretty bad already if where you are isn’t safe anymore please don’t hesitate to evacuate! also there are pages here that can help give free load to those carats who need it! also please if you see any stray animals in the rain don’t hesitate to give it temporary shelter, stay safe and warm fam, no carats left behind!",,,,"99",,"2",,"101","9","1721807955000","https://www.facebook.com/permalink.php?story_fbid=pfbid02ZgNvzEqRjKvSFdfiAuFeLqNv7gEEsgPomapT8LuYqzUbo6P4hA6V7qcKZRzYPSJ1l&id=100091523058945"
"May be an image of 2 people and text","887806593389112","photo","https://www.facebook.com/photo/?fbid=887806593389112&set=a.625478112955296",,,,,,,,,,,,,,,,,"100064793373719","Anakbayan","https://scontent-iad3-1.xx.fbcdn.net/v/t39.30808-1/588505862_1274207701415664_2391391491588224446_n.jpg?stp=cp0_dst-jpg_tt6&cstp=mx2048x2048&ctp=s40x40&_nc_cat=104&ccb=1-7&_nc_sid=2d3e12&_nc_ohc=lMGXAvCTVd4Q7kNvwG2jwbM&_nc_oc=Adq6AzJGtSn2NJzQeae_SGPGE4o2zfX1-t0kH_pRSrUZkN8uiuny1rYMpG6o3XwAGRQ&_nc_zt=24&_nc_ht=scontent-iad3-1.xx&_nc_gid=jiWksHnQNRZEX792U01c5w&_nc_ss=7e2a8&oh=00_AQDvcvTw7JGccjHzLvq3Ab_InozksrOnPDIhpwbw0nM3mQ&oe=6A5E3C94","https://www.facebook.com/anakbayanphils","23","887806766722428","Marcos Jr., ITO ang TUNAY na state of the nation. Dalawang araw matapos ang SONA, pinapasinungalingan ng #CarinaPH ang mga salita ni Marcos.

Wala ni anino ni Marcos, Duterte, at ng kanilang flood control projects ang makita ngayong nasa state of calamity ang Metro Manila.

Nauna nang umalis ng bansa si VP Sara Duterte kaninang umaga kasama ang kaniyang pamilya papuntang Germany. Iniwan niya ang walo na patay, dalawang sugatan, isang nawawala sa Northern Mindanao, at 866,483 na pamilyang apektado dahil sa bagyo. Kalakhan ng apektado ay mga maralitang lungsod, manggagawa, magsasaka, at mangingisda. Ang pinsala sa agrikultura ay nasa P8.7 million at pinsala sa imprastraktura ay umabot na sa P700,000.

Ipinagmalaki ni Marcos ang di umanong natapos na 5,500 flood control projects sa kanyang State of the Nation Address (SONA) noong isang araw ngunit pareho pa rin ang dinaranas ng mamamayang Pilipino: lubog sa baha, nasa panganib, at kanya-kanyang paraan para iligtas ang sarili. Ang ganitong mga proyekto ay kadalasan pang balon ng korapsyon at hindi komprehensibong tinutugunan ang climate change.

Ang pagtindi ng pagbaha ay idinulot ng walang pagkukubling pagbebenta ni Marcos ng mga lupain, kabundukan, at dagat ng Pilipinas. Isa na rito sa porma ng malawakang reclamation projects na sumisira sa ating kalikasan tulad na lamang ng Manila Bay Reclamation project.

Dapat managot ang rehimeng Marcos sa kriminal na kapabayaan nito at lantarang paglulustay ng pera ng bayan para sa ganansya ng mga kapitalista at dayuhan. Simbolo ang pag-alis ni Sara Duterte papuntang Germany at kawalang aksyon ng rehimeng Marcos sa gitna ng sakuna na hindi kailanman sila tunay na nagsisilbi sa bayan, kundi para lang sa kanilang sarili at mga imperyalistang amo.

Nananawagan kami sa kabataang Pilipino na mag-ingat at maging mapagmatyag. Kasabay nito, ilantad natin ang pabayang rehimeng Marcos sa pagwawalang-bahala nito sa kaligtasan ng mamamayan alang-alang sa kita ng iilan.

#CarinaPH","1","22","88","40","7","6",,"164","90","1721808639000","https://www.facebook.com/anakbayanphils/posts/pfbid0sST1dnkmhoi8TvFeExTxffcR9J1LjHjeZw3pkxZV9nxqAi2K8u7QxiMCqBmNRLebl"
,,,,,,,,,,,,,,,,,,,,"100064722129152","Ziebart / CarSavers Philippines","https://scontent-iad6-1.xx.fbcdn.net/v/t39.30808-1/480777879_1054268033407258_3957178535865045726_n.jpg?stp=cp0_dst-jpg_tt6&cstp=mx884x869&ctp=p40x40&_nc_cat=106&ccb=1-7&_nc_sid=2d3e12&_nc_ohc=IQfPWTv2eJwQ7kNvwFHj3jd&_nc_oc=AdovSdz8JnTmsoNB98oV7WUaMi9B9m2oKH0-BnllX09NVOqWK_20gU_be5XpBdEwtfQ&_nc_zt=24&_nc_ht=scontent-iad6-1.xx&_nc_gid=jiWksHnQNRZEX792U01c5w&_nc_ss=7e2a8&oh=00_AQAeofHyVI8_yhk9Fdf_sRZD0rs-dAI6v7SuiaYK8Zp7uQ&oe=6A5E3747","https://www.facebook.com/ziebartphilippines","18","902810468553016","Flooded Car? Here's what to do:

1. Immediately disconnect the negative cable of your car battery to avoid any possible short circuit. This is also to protect the ECU or computer box from damage.

2. Do not start the engine. Try to push the car out to higher ground or try jacking it with the car jack.

3. Disengage and release the parking brake. Keep the transmission in 1st gear (for manual transmission) or ""P"" (for automatic transmission) to prevent the brake canvas from sticking. This is even more important for cars that use drum brakes.

4. Take plenty of photos both inside and outside the car to document any damage or how deep the car was underwater. This will be useful for both the Insurance and/or Professional Mechanic to determine the extent of the damage.

5. Wait at least 24 hours before you do anything to the vehicle, giving it time to drain, if not completely dry out.

6. If the water got so deep that the dashboard was covered, do not try to start it at all. If any liquid is in the cylinders it will cause damage to the engine. Most of the electronics in the car would have been submerged at this depth, as well.

7. If you don’t think the water got that high, it’s still best to take a look at the oil dipstick to see if there are any traces of water in the lubrication system. If so, assume the engine is flooded and don’t try to start it.

8. You’re in better shape if the water stayed below the center line of your wheels. Nevertheless, let the interior air out as much as possible before trying to start it, taking out the floor mats, trunk mat and even the seats. Much of the wiring and some of the computers in today’s cars are located under the carpet and console box, so even if the engine compartment was not inundated, you could still experience faults to secondary systems.

9. When in doubt, either have your vehicle towed to your trusted service center or call your professional mechanic/electrician for a more thorough inspection and assessment.",,"7","683","28","24","8","57","807","1","1721799165000","https://www.facebook.com/ziebartphilippines/posts/pfbid02sx9sivnQdVY7Q6sisXU7eaXMiDtzLpz65VdbnYcHgZGoyH3xBAv337NJ3CdHRxBDl"
,"1192199501808955","video","https://www.facebook.com/reel/1192199501808955/",,,,,,,,,,,,,,,,,"100075711437337","Emergency Response Department","https://scontent-iad3-2.xx.fbcdn.net/v/t39.30808-1/324244888_525802072948578_145826541046085436_n.jpg?stp=cp0_dst-jpg_tt6&cstp=mx1000x1000&ctp=s40x40&_nc_cat=103&ccb=1-7&_nc_sid=2d3e12&_nc_ohc=KYVe3BFypSkQ7kNvwE2_g2M&_nc_oc=AdoCiYKgQf1-NaJyhnjnEqDv5E6sviaDJOoS27mrC0keAgw-UmPLTzXIwkrNzDQiup0&_nc_zt=24&_nc_ht=scontent-iad3-2.xx&_nc_gid=jiWksHnQNRZEX792U01c5w&_nc_ss=7e2a8&oh=00_AQCMNJmevPioUyv_WRJHprnRf5n0Jyd7Y-8B0vfPHA_03A&oe=6A5E547D","https://www.facebook.com/emergencyresponsedepartment","16","494593779740999","Flood Update! Montalban, San isidro",,"1","77","1","112","14","7","212","91","1721789839000","https://www.facebook.com/reel/1192199501808955/"
"No photo description available.","1049644249860163","photo","https://www.facebook.com/photo/?fbid=1049644249860163&set=a.194514925373104",,,,,,,,,,,,,,,,,"100044437929375","Tina Lata","https://scontent-iad3-2.xx.fbcdn.net/v/t39.30808-1/616803599_1458701638954420_4993147012764681160_n.jpg?stp=cp0_dst-jpg_tt6&cstp=mx2048x2048&ctp=s40x40&_nc_cat=111&ccb=1-7&_nc_sid=2d3e12&_nc_ohc=DypigJvtHrwQ7kNvwHPFc74&_nc_oc=AdpAwBuf0oAk98aGM4nuSlgMTSAw2w54uIrbRxSI6yBNMpcJ4pCvTUj_nplRQ28nWqk&_nc_zt=24&_nc_ht=scontent-iad3-2.xx&_nc_gid=jiWksHnQNRZEX792U01c5w&_nc_ss=7e2a8&oh=00_AQDk2WZbGlaXKu4lm9InP62wsnm7flBQcfArLyj3WLWrTA&oe=6A5E5585","https://www.facebook.com/BlueMaidenOfficial","47","1049646583193263","Heavenly Father, 

We pray that You protect us from this storm and floods. Please protect our rescuers, the peole and animals who are still stranded in flood. We pray that this storm will stop. We know nothing is impossible to You our Mighty God. We know that You will be with us. Please help us during this diffucult time.

In Jesus name, we pray, Amen 🙏🏻

—
“When you go through deep waters, I will be with you. When you go through rivers of difficulty, you will not drown. When you walk through the fire of oppression, you will not be burned up; the flames will not consume you."" 
- Isaiah‬ ‭43‬:‭2‬ ‭NLT‬‬",,,"45","1252",,"225",,"1522","86","1721859877000","https://www.facebook.com/BlueMaidenOfficial/posts/pfbid0AjyuhKuyvZyNJotufYXUoZDcu9KFoWAU2ZpteDwnfNj5jE5C7RxnghA7ZRhhTZJnl"
"No photo description available.","7951538531596947","photo","https://www.facebook.com/photo.php?fbid=7951538531596947&set=a.204009853016559&type=3","No photo description available.","7951538888263578","photo","https://www.facebook.com/photo.php?fbid=7951538888263578&set=a.204009853016559&type=3","No photo description available.","7951538818263585","photo","https://www.facebook.com/photo.php?fbid=7951538818263585&set=a.204009853016559&type=3","No photo description available.","7951538398263627","photo","https://www.facebook.com/photo.php?fbid=7951538398263627&set=a.204009853016559&type=3","No photo description available.","7951537894930344","photo","https://www.facebook.com/photo.php?fbid=7951537894930344&set=a.204009853016559&type=3","100002226384137","Kenosis Yap","https://scontent-iad3-1.xx.fbcdn.net/v/t39.30808-1/706919143_27028353950155452_6041235160473836935_n.jpg?stp=cp0_dst-jpg_tt6&cstp=mx1020x1018&ctp=s40x40&_nc_cat=110&ccb=1-7&_nc_sid=e99d92&_nc_ohc=X16ElRNbhtAQ7kNvwG9zUjg&_nc_oc=AdqOtTEb9117GZi3i6_U36m2pH9W7qtv-b215Pee4HnYqzXoYpWuCDNo08bIT468WUs&_nc_zt=24&_nc_ht=scontent-iad3-1.xx&_nc_gid=jiWksHnQNRZEX792U01c5w&_nc_ss=7e2a8&oh=00_AQAk15cb-f6pweQ-71-ZkMLZXSzkrnIaixFBheJI_v1Dgg&oe=6A5E4A64","https://www.facebook.com/sugarmatty14","4","7951579948259472","The late afternoon saw the residents of Novaliches, Quezon City doing their best to salvage what they can after two-storey high levels of flood had subsided brought by Typhoon Gaemi, locally known as Typhoon Carina.

The Philippine Coast Guard was also seen conducting rescue operations in the area after reports of people getting trapped inside their houses. 

#Philippines #photojournalism #CarinaPH #canonphotography #asia #storm #typhoon",,,"2","3","51","20",,"76","8","1721821379000","https://www.facebook.com/sugarmatty14/posts/pfbid0NoUNZQzU8em9awbo97XBhqA6B9L1zJKtt9YB8EfeCCPZyf2XwVVQbTUjJ5ykEPRHl"
,"1008297617143269","video","https://www.facebook.com/reel/1008297617143269/",,,,,,,,,,,,,,,,,"100044605621768","Kuya Kim Atienza","https://scontent-iad3-1.xx.fbcdn.net/v/t39.30808-1/440022838_998372701659575_971351200655608629_n.jpg?stp=cp0_dst-jpg_tt6&cstp=mx960x958&ctp=s40x40&_nc_cat=1&ccb=1-7&_nc_sid=2d3e12&_nc_ohc=f6qqYPwTQH0Q7kNvwGxEJ7t&_nc_oc=AdoNU_O9aeJ1ZsreX4TvX-NnyKQSSqudQc5tghr7XRs_O-XVC5jfhiALX8FoCbEB_OI&_nc_zt=24&_nc_ht=scontent-iad3-1.xx&_nc_gid=jiWksHnQNRZEX792U01c5w&_nc_ss=7e2a8&oh=00_AQBE7oHjqF9AclsKiUaYG-_Ytm0kJ4BD2IFFJf1CLssWDQ&oe=6A5E522D","https://www.facebook.com/kuyakimatienzaph","12","1054262019403976","Areas under a Yellow Heavy Rainfall Warning will experience rainfall between 7.5 millimeters (mm) and 15 mm within one hour and this will continue in the next two hours.

The next level of rainfall warning is Orange Intense Rainfall Warning.
If rains reach this level, the public is advised to stay alert and be ready for any actions from the local and disaster units in their place.

Red rainfall warning or torrential rain also means serious flooding, flooded and unpassable roads, and life-threatening landslides, particularly in hazardous areas. (inquirer.net) 

#dapatalammo #LearnOnIG #kuyakimanona #fyp",,,"507","95","6","29",,"637","59","1721798452000","https://www.facebook.com/reel/1008297617143269/"
,"1217634599589549","video","https://www.facebook.com/reel/1217634599589549/",,,,,,,,,,,,,,,,,"100053575050266","When In Manila","https://scontent-iad3-1.xx.fbcdn.net/v/t39.30808-1/352377397_657133812995303_1237729948842684711_n.jpg?stp=c0.0.1746.1746a_cp0_dst-jpg_tt6&cstp=mx1746x1746&ctp=s40x40&_nc_cat=1&ccb=1-7&_nc_sid=2d3e12&_nc_ohc=MuP_4HvnpV4Q7kNvwEWGz81&_nc_oc=Adp0s_-vTYanDdsDNNJiKbqK0Z6fmQwe-ybTj5YyYW2G2nlgf-b7GzZxMNkTlhu_ljE&_nc_zt=24&_nc_ht=scontent-iad3-1.xx&_nc_gid=hUN9gZRBSJyBOTuOhPEzow&_nc_ss=7e2a8&oh=00_AQDyqdAHBF78i5v9utCxak98QXoS1w9TruvO54DoWEP1Yw&oe=6A5E35F3","https://www.facebook.com/WhenInManila","14","1013235197138973","In need of rescue, Decelyn L. sent videos of flood in Villa Arca 2, Barangay Baesa, Quezon City. #CarinaPH",,"1","42","2","24","4","1","74","34","1721810678000","https://www.facebook.com/reel/1217634599589549/"
"No photo description available.","878342844341599","photo","https://www.facebook.com/photo/?fbid=878342844341599&set=a.556753586500528",,,,,,,,,,,,,,,,,"100064976730449","The LaSallian","https://scontent-iad3-1.xx.fbcdn.net/v/t39.30808-1/724123554_1400683612107517_2847513814503092810_n.jpg?stp=cp0_dst-jpg_tt6&cstp=mx1080x1080&ctp=s40x40&_nc_cat=101&ccb=1-7&_nc_sid=2d3e12&_nc_ohc=yixkB45sHMIQ7kNvwFPkCi3&_nc_oc=Adp7M6Kt9ezTQ5DWxgkxlq_2DWM3oqFazMnbbiSR1aw9U6AlUrsXCc7dPZfB3tmIYrI&_nc_zt=24&_nc_ht=scontent-iad3-1.xx&_nc_gid=hUN9gZRBSJyBOTuOhPEzow&_nc_ss=7e2a8&oh=00_AQBmymTXwG2B8nthuc6VRb-7bJzGZ7Lk6PUd__GsQfc44g&oe=6A5E64C0","https://www.facebook.com/TheLaSallian","1","878342951008255","NatSit: In light of the heavy rainfall and severe flooding caused by the Southwest Monsoon intensified by Super Typhoon #CarinaPH, the following are emergency hotlines you may contact for assistance.

NATIONAL EMERGENCY HOTLINE
911

NDRRMC
Trunk lines: (02) 8911-5061 to 65 local 100
Operations Center:
(02) 8911-1406
(02) 8912-2665
(02) 8912-5668
(02) 8912 3046
(02) 8911-1873
(+632) 91114016
(+632) 9122665

DSWD
Text Hotline: 0918-912-2813
09171105686
09178272543
09199116200
Disaster Response Unit: 
(02) 856-3665
(02) 852-8081

BFP (NCR)
Trunk lines:
(02) 8426-0246
(02) 8426-0219
(02) 8426-3812

PNP
117 or 02 8722 0650
Text Hotline: 0917-847-5757

RED CROSS
143 or 02 8527 8385 to 95
(02) 527-0000

MMDA
Hotline:136
02 882 4151 to 77 local 315
loc. 337 (Rescue)
255 (Metrobase)
319 (Road Safety)
374 (Public Safety)
320 (Road Emergency)
(02) 882-0925 (Flood Control)

PCG
Action Center: 02 8527 3877
Trunkline: (02) 527-8481 to 89
0917-724-3682 (Globe)
0918-967-4697

NCMH: 
1553 (toll free) | 180018881553 (toll free) 
09178998727
09663514518
09086392672

DPWH
165-02
09616847084

PAGASA
(02) 824-0800",,,"34","82",,"12",,"128","183","1721815264000","https://www.facebook.com/TheLaSallian/posts/pfbid02QmbY7ynnquJLi6enE3hUEKPDBLaediKuANqfxnAURbKtHQiBebKhWFkicGb2cnVol"
,,,,,,,,,,,,,,,,,,,,"100064616655120","Philippine Star","https://scontent-iad3-1.xx.fbcdn.net/v/t39.30808-1/341858556_918415572727450_374717831366242673_n.jpg?stp=cp0_dst-jpg_tt6&cstp=mx1000x1000&ctp=s40x40&_nc_cat=1&ccb=1-7&_nc_sid=2d3e12&_nc_ohc=g5LUxtqmcMcQ7kNvwGrCCb_&_nc_oc=AdqwT0iSHfjJrEynTvWl_Rf75EUvulu_kXSCM0TGB40aoEpO5Rc5l7oXfm4I20RFPo8&_nc_zt=24&_nc_ht=scontent-iad3-1.xx&_nc_gid=hUN9gZRBSJyBOTuOhPEzow&_nc_ss=7e2a8&oh=00_AQBXvmEhQPDYT3w519jFPU7eLXa79gTKT1vQPf0aw9aV0w&oe=6A5E5FC0","https://www.facebook.com/PhilippineSTAR","2","929964389170093","JUST IN: Metro Manila declared under a state of calamity following the heavy flood and rainfall caused by #CarinaPH and southwest monsoon on Wednesday.",,,"25",,"47","10",,"82","33","1721803392000","https://www.facebook.com/qcpstateachers/posts/pfbid02ZGTk9rYnR6Lf4fMmqcdHn6KEn4Aku1M4SDUigtwRbPsweYs5gjzkhmdwhcjBMn8nl"
,"1388042955195437","video","https://www.facebook.com/reel/1388042955195437/",,,,,,,,,,,,,,,,,"100063797084014","Balitam Pinas","https://scontent-iad3-1.xx.fbcdn.net/v/t39.30808-1/707329185_1552570733546148_6896463266392227902_n.jpg?stp=cp0_dst-jpg_tt6&cstp=mx1254x1254&ctp=s40x40&_nc_cat=1&ccb=1-7&_nc_sid=2d3e12&_nc_ohc=_fvf2lVIkMcQ7kNvwGrVR4B&_nc_oc=AdqFWpblsaUhyo0gGTA5Ldcqw2ZO_AXMYZzLFULDxn3LbyhJIP7L0KPr3o8WT21DSDg&_nc_zt=24&_nc_ht=scontent-iad3-1.xx&_nc_gid=hUN9gZRBSJyBOTuOhPEzow&_nc_ss=7e2a8&oh=00_AQB3YIoPkv-DWixV0YbgjhXcTs6fWLv8byO3HJ6SwZY8kQ&oe=6A5E69C1","https://www.facebook.com/BalitamPinas","11","976455884490972","Marikina River Matinding Ragasa!
 #TyphoonCarina #CarinaPH #flood",,,"45",,"41","4","5","95","26","1721854058000","https://www.facebook.com/reel/1388042955195437/"
,"1022915749179881","video",,,,,,,,,,,,,,,,,,"100050240510212","Mommy K Figuracion","https://scontent-iad3-2.xx.fbcdn.net/v/t39.30808-1/465380917_8870614929655469_1804179527233312248_n.jpg?stp=cp0_dst-jpg_tt6&cstp=mx1365x1365&ctp=s40x40&_nc_cat=103&ccb=1-7&_nc_sid=2d3e12&_nc_ohc=iTGBUor4wooQ7kNvwHjBKiD&_nc_oc=AdpusENASrIRnaWydgNtXxcB_efaKpAbdw18gyw7NYhDSePdThV9jO2LmkqOO3P51J4&_nc_zt=24&_nc_ht=scontent-iad3-2.xx&_nc_gid=hUN9gZRBSJyBOTuOhPEzow&_nc_ss=7e2a8&oh=00_AQCHZQCQdeJ4HeBznhkOMtsPInuCQngtCuPAuTR-yEeVlw&oe=6A5E36E5","https://www.facebook.com/mommykfiguracion","95","1037141991303808","Flood update in our area… Ang bilis tumaas ng tubig. Sana tumigil na ang ulan ☔️

#Rizal #Cainta #Antipolo #CarinaPH","3","6","3399","554","124","89","33","4208","82","1721827808000","https://www.facebook.com/mommykfiguracion/videos/1022915749179881/"
,"795433135907765","video","https://www.facebook.com/reel/795433135907765/",,,,,,,,,,,,,,,,,"100093750810465","carding vlog","https://scontent-iad3-1.xx.fbcdn.net/v/t39.30808-1/352828888_100379379763756_5609844169759531073_n.jpg?stp=c210.0.540.540a_cp0_dst-jpg_tt6&cstp=mx540x540&ctp=s40x40&_nc_cat=110&ccb=1-7&_nc_sid=2d3e12&_nc_ohc=hauEMMCrnfwQ7kNvwFJwKRv&_nc_oc=Adpd2FR-tPKiOa9XhGN73SGA4r0BcGazXvBCf8QW5GFltohtmivwvFnHb6vCdaCKmaA&_nc_zt=24&_nc_ht=scontent-iad3-1.xx&_nc_gid=hUN9gZRBSJyBOTuOhPEzow&_nc_ss=7e2a8&oh=00_AQDakwdulxjKmKxW629c-UAqe898sUVFQE7IQhprH_kSGA&oe=6A5E64B8","https://www.facebook.com/profile.php?id=100093750810465","111","362952460173112","Fb viral Flood&Rain
 #TyphoonPH 
 #Be safe",,,"17","28","2","10","6","63","47","1721786439000","https://www.facebook.com/reel/795433135907765/"
,"3661302240866727","video",,,,,,,,,,,,,,,,,,"100063927345475","MingXun MotoMedic","https://scontent-iad6-1.xx.fbcdn.net/v/t39.30808-1/471788865_1046762764131292_8205152987752828043_n.jpg?stp=cp0_dst-jpg_tt6&cstp=mx1155x1147&ctp=s40x40&_nc_cat=107&ccb=1-7&_nc_sid=2d3e12&_nc_ohc=A_ZS-cRQPYkQ7kNvwFInRdt&_nc_oc=Adq0ENS_NobtWJ7hJO9NtzNGHqy4uCwqhDMuRcZBO08kWnV0wtKFjZIDuwRZeuPaImc&_nc_zt=24&_nc_ht=scontent-iad6-1.xx&_nc_gid=Vv3eESKmBB8Iv0df0c6XJA&_nc_ss=7e2a8&oh=00_AQDqLVm9Hj-WfVryroqwTPo0kyw22V6gORXxU7XD_oveGg&oe=6A5E3D47","https://www.facebook.com/mingxunmotomedic","240","929125989228304","Nasan na tong sumira ng flood gate ng Malabon-Navotas? Laking perwisyo nyo!

Baha Malabon Navotas","146","21","1116","10","126","11","15","1445","348","1721808432000","https://www.facebook.com/mingxunmotomedic/videos/3661302240866727/"
,"2190274104640775","video",,,,,,,,,,,,,,,,,,"100029115085497","Celedonia cimarra vlog,","https://scontent-iad6-1.xx.fbcdn.net/v/t39.30808-1/219355639_484109249236240_8621828552764396775_n.jpg?stp=cp0_dst-jpg_tt6&cstp=mx640x639&ctp=s40x40&_nc_cat=109&ccb=1-7&_nc_sid=2d3e12&_nc_ohc=lzpJVmBsUvoQ7kNvwHMgIlQ&_nc_oc=AdrhE3ILIRZqwRKBNz3ChK7qZnCZXcPagpuMNdoxc7PFKAJ3xrFhMdeddD_OT0gozrw&_nc_zt=24&_nc_ht=scontent-iad6-1.xx&_nc_gid=Vv3eESKmBB8Iv0df0c6XJA&_nc_ss=7e2a8&oh=00_AQBbdAnlWUNqN5Rbmi44mNLNsojE6iKUBfX4YlukFVOk-A&oe=6A5E37BA","https://www.facebook.com/profile.php?id=100029115085497","367","1248848482762309","Please Help Them oh God !!!🙏🏻🌈please Stop the rain the wind the storm , Help your people oh God !🙏🏻🥰❤️Protect them from illness and diseases , save them from flooding , restore the property their houses Give them food , 🥰❤️ #everyone Be Strong in the Lord , be alert. keep safe #followers #pinoy #typhooncarina  #flood #takecare",,,"133","228","2","41",,"404","115","1721840482000","https://www.facebook.com/100029115085497/videos/2190274104640775/"
"No photo description available.","806516868331579","photo","https://www.facebook.com/photo/?fbid=806516868331579&set=a.634201695563098",,,,,,,,,,,,,,,,,"100069198200888","Epistles of Joy","https://scontent-iad6-1.xx.fbcdn.net/v/t39.30808-1/458501265_833776928938906_6869147516015062997_n.jpg?stp=cp0_dst-jpg_tt6&cstp=mx940x940&ctp=s40x40&_nc_cat=100&ccb=1-7&_nc_sid=2d3e12&_nc_ohc=EJNz2TPmGnIQ7kNvwEO9naK&_nc_oc=AdpSeMNwPIGhV3MkQfXPifqmuxmV3l3E-OC3j11kjmvnCIYtAYslrG_PqPDU1jy3i64&_nc_zt=24&_nc_ht=scontent-iad6-1.xx&_nc_gid=Vv3eESKmBB8Iv0df0c6XJA&_nc_ss=7e2a8&oh=00_AQC0cRV5C3mnVKLPYJX_w8S7rOM1bfxRy3PK_7eS4KMRZw&oe=6A5E431B","https://www.facebook.com/epistlesofjoy","30","806517014998231","Let's pray for everyone. 
For those who are affected by the flood, those who have lost their homes and belongings, 
those who are cold and struggling, 
those who are hopeless and starving, 
those who are feeling vulnerable and are trembling, 
for this typhoon that’s devastating,
for everyone.

Our God is Mightier than all things. 
He is our Help in everything 💕

—ajpb•",,,"143","515","1","118",,"777","292","1721824888000","https://www.facebook.com/epistlesofjoy/posts/pfbid022QBRqXBKew2Eibvs16hHByDQ7UDAGCNbZb2NRJTAW6QMqTzbPF5TAzq3h3B7e8kdl"
,"510230921564989","video","https://www.facebook.com/reel/510230921564989/",,,,,,,,,,,,,,,,,"100063784496157","Powell Kids","https://scontent-iad3-2.xx.fbcdn.net/v/t39.30808-1/428597292_886931903442951_2859913934283632586_n.jpg?stp=cp0_dst-jpg_tt6&cstp=mx1900x1900&ctp=s40x40&_nc_cat=103&ccb=1-7&_nc_sid=2d3e12&_nc_ohc=XS34sP5ELNcQ7kNvwGYvJ2I&_nc_oc=Adp-j7yGILEvED0i0SbWs8jvEtnkT-faSRqYsrpDJiszdQgIRAC4G724C4YEkxlcxx8&_nc_zt=24&_nc_ht=scontent-iad3-2.xx&_nc_gid=Vv3eESKmBB8Iv0df0c6XJA&_nc_ss=7e2a8&oh=00_AQA0WC7_ynCYSBIBxAddVXpRHF-31qoGlIvUDTRN_8kgRQ&oe=6A5E49D0","https://www.facebook.com/powellkidsfamily","7","998389932297147","Prayer for Flood Victims #CarinaPH",,,"38","26",,"16",,"80","16","1721810895000","https://www.facebook.com/reel/510230921564989/"
"No photo description available.","973345231469866","photo","https://www.facebook.com/photo/?fbid=973345231469866&set=a.771640714973653",,,,,,,,,,,,,,,,,"100063831947277","Absoluteph","https://scontent-iad3-2.xx.fbcdn.net/v/t39.30808-1/265286414_5424123577604095_8918870516108437109_n.png?stp=cp0_dst-png&cstp=mx360x360&ctp=s40x40&_nc_cat=103&ccb=1-7&_nc_sid=2d3e12&_nc_ohc=tBE3hGLQZb8Q7kNvwGniG_x&_nc_oc=Adq2eM8eYqIARe_DmVbcVyrUW6SJ-YUQa4ZVYNHNbCcgwvf0yUOXJGdZCdk7Hf91R3I&_nc_zt=24&_nc_ht=scontent-iad3-2.xx&_nc_gid=Vv3eESKmBB8Iv0df0c6XJA&_nc_ss=7e2a8&oh=00_AQAkxc8qlBNHp9mbFbyoSl8W8yAzBdtqIt1D_312vQc9zg&oe=6A5E3F05","https://www.facebook.com/absoluteph.drycleaners","60","973346591469730","𝗡𝗼 𝗶𝘁𝗲𝗺 𝗶𝘀 𝘁𝗼𝗼 𝗯𝗶𝗴, 𝘁𝗼𝗼 𝘁𝗮𝗹𝗹, 𝗼𝗿 𝘁𝗼𝗼 𝗵𝗲𝗮𝘃𝘆! ABSOLUTEPH is here to help you make your home SAFE from mites, dust, and allergens, and look its ABSOLUTE best! Learn More - https://absoluteph.com/curtains-%26-area-carpets

⦿ Curtains no lining - P385.00/Kg
⦿ Curtains with lining – P420.00/Kg
⦿ Area Carpet - P350.00/Kg
⦿ Pillows – P220.00/Kg 
⦿ Stuffed Toys – P300.00/Kg
⦿ Mascot – P375.00/Kg

𝗔𝗕𝗦𝗢𝗟𝗨𝗧𝗘 𝗗𝗲𝗲𝗽 𝗖𝗹𝗲𝗮𝗻𝗶𝗻𝗴 is available at 40 laundry shop partners. 
https://absoluteph.com/branch-locations-40 
Pick-up and Delivery also available.

#RealITEMSweCLEANED #ABSOLUTEPH #metropole56 #metropoleph@30 #home #weather #flood #curtains #drapes #areacarpet #carpetcleaning #carpet #pillows #stuffedtoy #teddybear #mascot #deepclean #dryclean #wetclean #laundry #clean","1","1","813","108",,"5","1","929","6","1721842452000","https://www.facebook.com/absoluteph.drycleaners/posts/pfbid0CXQPDFeZ6BpbZyWkS14U7wrcyxW2VBsuUJ7WfukJ6nu15RwQ6dkRn3wvQksVQ777l"
,,,,,,,,,,,,,,,,,,,,"100044360082786","Inang Wendi","https://scontent-iad3-1.xx.fbcdn.net/v/t39.30808-1/515004179_1270295321125792_6194364416259642974_n.jpg?stp=c161.0.638.638a_cp0_dst-jpg_tt6&cstp=mx638x638&ctp=s40x40&_nc_cat=101&ccb=1-7&_nc_sid=2d3e12&_nc_ohc=6NrR2mwCC-IQ7kNvwGHjiA6&_nc_oc=AdozUT2TIf3QOgvq0_vR8zTcd8xD-ZJ85JTBBvblCB6X-btILxXHqujkdQjK6AiLSPg&_nc_zt=24&_nc_ht=scontent-iad3-1.xx&_nc_gid=Vv3eESKmBB8Iv0df0c6XJA&_nc_ss=7e2a8&oh=00_AQA-8BUphtfUUxWh-pOfPxYsh2uqcFTrTu0NRUxUi4r2NA&oe=6A5E5F83","https://www.facebook.com/inangWendi","174","1013633596798497","— PRAYER FOR PROTECTION; 
in time of Storm and Flood 🙏🏻🧡🌿

O Lord, in this time of stormy weather 
we call upon You,
and seek your protection 
from all harm and danger.

Compassionate God, source of all comfort, 
We pray for the people whose lives 
have been affected by rain and flood. 
Bring them comfort, we pray.

We trust in your love for us 
and now we ask you 
to guide our steps in safety. 
Bless all those who work 
for the emergency services 
and may be in danger.

In Jesus’ Name, 
Amen.

—
With Christ, we can weather any storm.☝️💪
Stay safe, everyone! God bless. 🙏🏻🧡🌿",,"1","181","384","1","114",,"681","393","1721785228000","https://www.facebook.com/SuperMomPHofficial/posts/pfbid02YMAfLxEmNd5hSLVnE7oUdXnRdAoUmtJah15zKE7HnQQEzJboYPJWb1yxEm7fVnhol"
"No photo description available.","897878845699466","photo","https://www.facebook.com/photo/?fbid=897878845699466&set=a.399482725539083",,,,,,,,,,,,,,,,,"100064320777011","DDS para sa Pagbabago","https://scontent-iad3-1.xx.fbcdn.net/v/t39.30808-1/260824167_1268920320268142_8067342795990869026_n.jpg?stp=cp0_dst-jpg_tt6&cstp=mx828x828&ctp=s40x40&_nc_cat=110&ccb=1-7&_nc_sid=2d3e12&_nc_ohc=M-dJs4WJoA0Q7kNvwHBxbXk&_nc_oc=AdrA7LpQzyecZl7Xh_E4Su6_wymAVhwE1a-E_ImqwVAeQufMMtVaf8lnn5YH8Da3Zhg&_nc_zt=24&_nc_ht=scontent-iad3-1.xx&_nc_gid=eQ4Xvrbs60G-_66Abl6Aqg&_nc_ss=7e2a8&oh=00_AQCU5lRYKzHXbviSy3YmpiMxmu_XkwR-r600KUWZeM1QvQ&oe=6A5E686A","https://www.facebook.com/SaraforVPDigongforSenator","94","897880629032621","5,500 flood control projects daw ang natapos na pero baha pa rin ang resulta. Budol Budol Man LAM TAMBA laki kita. Tongpats. Kupit. Commission. Kawawa ang Pinoy.

PAMILYANG MAGNANAKAW. FM Sr. NAPATALSIK, si Jr. NAMUMURO na. The TRUTH shall set us FREE. BANGAG Nation. NGIWI Republic. Marcos RESIGN.

#VPIndaySaraDuterte #VPIndaySara #VPSaraDuterte #VPSARA #TatayDigong #highlight #EVERYBODY #DU30 #likes #NoToChaCha #Philippines #Pilipinas #Mabuhay #highlights #everyone #followers #Duterte #Duter3 #DuterThree","3","85","65",,"5","1","3","162","71","1721826062000","https://www.facebook.com/SaraforVPDigongforSenator/posts/pfbid0BtVRpkYjJTgwdUXdzvD9TAaaQGYfdUkNbyAcVtHnEhxApHfP13rTZgXE4c2bQyLbl"
,"2816589878507852","video","https://www.facebook.com/reel/2816589878507852/",,,,,,,,,,,,,,,,,"100076665426187","SiaK VLOG","https://scontent-iad3-1.xx.fbcdn.net/v/t39.30808-1/446633839_467450965820414_5704337103796194907_n.jpg?stp=cp0_dst-jpg_tt6&cstp=mx960x956&ctp=s40x40&_nc_cat=110&ccb=1-7&_nc_sid=2d3e12&_nc_ohc=LdIACfU_xP0Q7kNvwHRGeI-&_nc_oc=Adra2RXME8ETQy0Zk8yRhq2tN-G0VVdo19D3XXOjF09E0Qc_-NZ8MJsDen9UYwTVmZ0&_nc_zt=24&_nc_ht=scontent-iad3-1.xx&_nc_gid=eQ4Xvrbs60G-_66Abl6Aqg&_nc_ss=7e2a8&oh=00_AQDQhl21-axWZxa2VUHgLn_uEXFjI08_oyPjLbqkQXwp8A&oe=6A5E3B78","https://www.facebook.com/profile.php?id=100076665426187","78","499746719257505","NLEX valenzuela 🙏🙏❤️
#NLEXTrafficUpdate #NLEX #flood #typhoon #TyphoonCarina",,,"24","27","5","5",,"61","1","1721806925000","https://www.facebook.com/reel/2816589878507852/"
,"854619232676582","video",,,,,,,,,,,,,,,,,,"100059338491200","Old Noob Gaming","https://scontent-iad6-1.xx.fbcdn.net/v/t39.30808-1/293944355_446980670623212_2357139748959683687_n.jpg?stp=cp0_dst-jpg_tt6&cstp=mx317x318&ctp=s40x40&_nc_cat=102&ccb=1-7&_nc_sid=2d3e12&_nc_ohc=OysUq4wz3BoQ7kNvwHQv5mp&_nc_oc=AdoKwIHd-K4yre9iH3Eva82Ue8eKO13nIJe8ebw0kwNBcZEXZqs4P5s2BrWcL1Si2Rs&_nc_zt=24&_nc_ht=scontent-iad6-1.xx&_nc_gid=eQ4Xvrbs60G-_66Abl6Aqg&_nc_ss=7e2a8&oh=00_AQCBaWJN5Tmg_FqzeJgojoBCbCECB4K0UBZQ7vUDDsGGuQ&oe=6A5E3C8C","https://www.facebook.com/JRiseGaming","37","892488769405731","Mga baha sa QC area malapit sa amin. Stay safe and stay dry po tayong lahat! #baha #bagyo #flood #QuezonCity #QC #habagat #CarinaPH",,,"64","18","99","187","2","370","4","1721817103000","https://www.facebook.com/JRiseGaming/videos/854619232676582/"
,"509132731638449","video",,,,,,,,,,,,,,,,,,"61562434313827","Mr. Riyoh InfoLencer Vodcast","https://scontent-iad3-1.xx.fbcdn.net/v/t39.30808-1/521969105_122131675862414477_2512363274714948813_n.jpg?stp=cp0_dst-jpg_tt6&cstp=mx2048x2048&ctp=s40x40&_nc_cat=110&ccb=1-7&_nc_sid=2d3e12&_nc_ohc=wLh2Hg3RPrAQ7kNvwERfxha&_nc_oc=AdpD_XM_Phe9PLrSYBss-BYP02c2SQi2tXfwcwWZ1JrcUd_T9J0CNVyyzVi44okFFQc&_nc_zt=24&_nc_ht=scontent-iad3-1.xx&_nc_gid=eQ4Xvrbs60G-_66Abl6Aqg&_nc_ss=7e2a8&oh=00_AQArjLtb7AD367p7FWb-XXuUD_nvjHTiNvT8lmilnXX8Xg&oe=6A5E5A3C","https://www.facebook.com/Mr.RiyohInfoLencerVodcast","27","122103417680414477","2days after ng SONA ni BBM na fact check po ni Bagyong Carina ang sinabi niya na may natapos na daw na more than 5,500 na Flood Control Projects sa buong bansa.","1","60","180","22","2","2",,"267","76","1721839813000","https://www.facebook.com/Mr.RiyohInfoLencerVodcast/videos/509132731638449/"
,"852829116906616","video",,,,,,,,,,,,,,,,,,"100063776092157","Motolex","https://scontent-iad3-1.xx.fbcdn.net/v/t39.30808-1/733195218_1597452332390621_3857148781221645598_n.jpg?stp=cp6_dst-jpg_tt6&cstp=mx890x891&ctp=s40x40&_nc_cat=1&ccb=1-7&_nc_sid=2d3e12&_nc_ohc=eKgyV4m9Bx4Q7kNvwFw_cni&_nc_oc=AdomtLCCwPRQ5ZfSO3SQm5P3bz4oXacB-sjPH8GUkgBiG6W-KNyFj8xVzd1rvsROjO4&_nc_zt=24&_nc_ht=scontent-iad3-1.xx&_nc_gid=eQ4Xvrbs60G-_66Abl6Aqg&_nc_ss=7e2a8&oh=00_AQBuMDZ5qbQUl1bOT9TH0ouk7kwt5bDygP5W6UzaLt6RFw&oe=6A5E6AD1","https://www.facebook.com/alexllantino77","36","986942006774993","Baha na Sobra Pwede ma mag swimming #summitview #montalban #rizal #baha #flood",,"65","25",,,"1","4","95","20","1721788338000","https://www.facebook.com/alexllantino77/videos/852829116906616/"
"No photo description available.","992369356263438","photo","https://www.facebook.com/photo/?fbid=992369356263438&set=a.626881756145535",,,,,,,,,,,,,,,,,"100064711475181","nowhere to go but UP","https://scontent-iad3-1.xx.fbcdn.net/v/t39.30808-1/327440369_715397413378613_1518251123109490414_n.jpg?stp=cp0_dst-jpg_tt6&cstp=mx1280x1280&ctp=s40x40&_nc_cat=101&ccb=1-7&_nc_sid=2d3e12&_nc_ohc=XdLdUatuUtIQ7kNvwESEkzS&_nc_oc=Adrm_gIp9b6RZvuGiXvol_IuBFd_6lirjOPDzc_e-KgVT1ZXAkx3lOUBfgpCvqhi2TQ&_nc_zt=24&_nc_ht=scontent-iad3-1.xx&_nc_gid=Los7wJ7D7pBQtnW7wx7J2g&_nc_ss=7e2a8&oh=00_AQC9110_w3oDk4_wuxU8i4HRO-auuI8nAnk-6_zsGzo2eA&oe=6A5E67C7","https://www.facebook.com/ntgbup","3","992369382930102","To determine how susceptible your area is to flooding, check out UPRI-UP NOAH Center's website. It provides detailed information on flood-prone and safe areas, helping you prepare accordingly. 

Check your street at
https://noah.up.edu.ph/know-your-hazards

Source: 
UP Resilience Institute FB page",,,"258","210",,"36","2","506","963","1721801109000","https://www.facebook.com/ntgbup/posts/pfbid02mfifsPbNpZ55nqaFRVs2CYLmY485tQETtshKyonaWLsKmA2dPfUu3H1uQrPBV6MAl"
,"522781070315505","video",,,,,,,,,,,,,,,,,,"100063835032212","B.D Domingo Realty & Construction Corporation","https://scontent-iad3-2.xx.fbcdn.net/v/t39.30808-1/627036804_1421792826625205_3571899849782152801_n.jpg?stp=cp0_dst-jpg_tt6&cstp=mx944x960&ctp=p40x40&_nc_cat=105&ccb=1-7&_nc_sid=2d3e12&_nc_ohc=y88ydXme0p0Q7kNvwEOK05U&_nc_oc=AdolxL09jPCfWstCRXq9sgnGm6sW1RbgHBduLekSLXeQ8nQL8EOB_K45xSKPqLllHw0&_nc_zt=24&_nc_ht=scontent-iad3-2.xx&_nc_gid=Los7wJ7D7pBQtnW7wx7J2g&_nc_ss=7e2a8&oh=00_AQDHLnnaBAxxFcQUffGPkOtwlGh57H74UI_-oBhHLDnV7Q&oe=6A5E699B","https://www.facebook.com/BDDomingoOFFICIAL","39","957653413039151","📣📣📣 FLOOD FREE PROPERTY!

𝗞𝗔𝗬𝗔𝗡𝗚 𝗞𝗔𝗬𝗔 𝗦𝗔 𝗞𝗔𝗜𝗔 𝗛𝗢𝗠𝗘𝗦 𝗡𝗔𝗜𝗖
📍 Brgy. Palangue 2&3, Naic, Cavite

✨𝗛𝗘𝗟𝗘𝗡𝗔 𝗧𝗢𝗪𝗡𝗛𝗢𝗨𝗦𝗘🏘️
✔️Lot Area: 38 sqm
✔️Floor Area: 43 sqm

✨𝐇𝐨𝐮𝐬𝐞 𝐅𝐞𝐚𝐭𝐮𝐫𝐞𝐬:
✔️Provision for 2 Bedrooms
✔️Living Area
✔️Dining Area
✔️Kitchen
✔️Toilet And Bath
✔️Carport Provision

✨𝐀𝐦𝐞𝐧𝐢𝐭𝐢𝐞𝐬:
Clubhouse
Transport Hub
Covered Court
Entrance Gate

📍 2 valid id’s upon reservation
Declaration of income
📍Free Bank Charges
📍No move in fee 

Message us with your mobile no. para matawagan namin kayo friends!

#BDDomingoRealty #1Bddr1Family #BddrGrateful2023 #IAMBDDRHERO #TeamHorizon
#hulugangbahaynaswaknaswak
 #mycitihomes #KaiaHomesPlusNaic #KaiaHomesNaic  #2storeyhouseandlot
#PagibigHousingLoan #PagibigFinancing #reels #reelsinstagram #reels__tiktok #reelsvideo #reelsviral #viral #viralvideo #housingloan #pagibighousingloan #renttoown #renttoownph #murangpabahay #murangpabahaysacavite",,,"114","15",,"1",,"130","24","1721791376000","https://www.facebook.com/BDDomingoOFFICIAL/videos/522781070315505/"
,"862534265771319","video","https://www.facebook.com/reel/862534265771319/",,,,,,,,,,,,,,,,,"61554876383756","Positive Vibes","https://scontent-iad6-1.xx.fbcdn.net/v/t39.30808-1/442484861_122145944186162546_743098610559065482_n.jpg?stp=cp0_dst-jpg_tt6&cstp=mx958x960&ctp=s40x40&_nc_cat=107&ccb=1-7&_nc_sid=2d3e12&_nc_ohc=JZcDQcqC878Q7kNvwF7oH7U&_nc_oc=AdqLo-AnOSRWmafLhAxtJngVgzmtK23weR8m6264ZEUqKxmE_owWE_sUbMX0K89Ppmo&_nc_zt=24&_nc_ht=scontent-iad6-1.xx&_nc_gid=Los7wJ7D7pBQtnW7wx7J2g&_nc_ss=7e2a8&oh=00_AQDR-OWdyVxv-BdKVrAuq5X6H-5vgZYvT4laAf_mrH6zuw&oe=6A5E6A64","https://www.facebook.com/profile.php?id=61554876383756","52","122159493974162546","Nasaan ka haring araw? 🤔

#rainydays #flood #rain #reelsfypシ #reelsviralシ #fypviralシ #fypシ゚ #Makati #highlights #emergency #virals",,"1","19","24","14","12","3","73","47","1721784254000","https://www.facebook.com/reel/862534265771319/"
"May be an image of 3 people, body of water and text","507303641822548","photo","https://www.facebook.com/photo.php?fbid=507303641822548&set=a.173753018510947&type=3","May be an image of body of water and text","507308245155421","photo","https://www.facebook.com/photo.php?fbid=507308245155421&set=a.173753018510947&type=3","May be an image of 7 people and text","507309901821922","photo","https://www.facebook.com/photo.php?fbid=507309901821922&set=a.173753018510947&type=3","May be an image of 4 people and text","507311898488389","photo","https://www.facebook.com/photo.php?fbid=507311898488389&set=a.173753018510947&type=3","May be an image of text","507322968487282","photo","https://www.facebook.com/photo.php?fbid=507322968487282&set=a.173753018510947&type=3","100076287486042","INews Pasig","https://scontent-iad6-1.xx.fbcdn.net/v/t39.30808-1/545623738_808297578389818_6060956507246575654_n.jpg?stp=cp0_dst-jpg_tt6&cstp=mx2048x2048&ctp=s40x40&_nc_cat=107&ccb=1-7&_nc_sid=2d3e12&_nc_ohc=rVvckgxHSqEQ7kNvwGamgPm&_nc_oc=AdpjQwf2IYRivCnWm666LqrW4i52cFugH-fpdpomnDsntECjHtZ9nqXKhpI64qsKoCE&_nc_zt=24&_nc_ht=scontent-iad6-1.xx&_nc_gid=Los7wJ7D7pBQtnW7wx7J2g&_nc_ss=7e2a8&oh=00_AQDoeGmLR7Ev61Kvpf1naAs5isUMUG-al4zLJxj1azfjtg&oe=6A5E5644","https://www.facebook.com/iNewsPasigOfficial","18","507313828488196","FLOOD UPDATE: MGA LUGAR SA PASIG NA BAHA NA!
Anong sitwasyon sa inyo? Ingat, Pasigueño.
Pasig City Hotline at (02) 8643-0000",,"2","143","5","100","4","1","255","242","1721783171000","https://www.facebook.com/iNewsPasigOfficial/posts/pfbid0h2qzJsyWSqe8D5mfVhFk9pu3Quyg1p1Vvt7EqWNj6rnnSCVtGs3wR65VCgs5hvGFl"
"No photo description available.","494565819743795","photo","https://www.facebook.com/photo.php?fbid=494565819743795&set=a.177002331500147&type=3","No photo description available.","494565796410464","photo","https://www.facebook.com/photo.php?fbid=494565796410464&set=a.177002331500147&type=3",,,,,,,,,,,,,"100075711437337","Emergency Response Department","https://scontent-iad3-2.xx.fbcdn.net/v/t39.30808-1/324244888_525802072948578_145826541046085436_n.jpg?stp=cp0_dst-jpg_tt6&cstp=mx1000x1000&ctp=s40x40&_nc_cat=103&ccb=1-7&_nc_sid=2d3e12&_nc_ohc=KYVe3BFypSkQ7kNvwE2_g2M&_nc_oc=AdoCiYKgQf1-NaJyhnjnEqDv5E6sviaDJOoS27mrC0keAgw-UmPLTzXIwkrNzDQiup0&_nc_zt=24&_nc_ht=scontent-iad3-2.xx&_nc_gid=Los7wJ7D7pBQtnW7wx7J2g&_nc_ss=7e2a8&oh=00_AQCIb9xdx7fH1Dszv4sBmhxPRLCb8GagCPQDHWaM2M7c-w&oe=6A5E547D","https://www.facebook.com/emergencyresponsedepartment","2","494566219743755","FLOOD UPDATE!

Matarik bridge North Caloocan Mataas nadin ang baha

Mag ingat po ang lahat! 

#ERD",,,"24","2","23","4","1","54","38","1721786457000","https://www.facebook.com/emergencyresponsedepartment/posts/pfbid0m6jqAeChiwDse3TvwJMYofkzx3Q5bgWDAhGiD7JKDPpMHmXpgG2zU37WWYQm1De5l"
,"1875317749659339","video","https://www.facebook.com/reel/1875317749659339/",,,,,,,,,,,,,,,,,"100065046006911","Ka Vincent Vlog","https://scontent-iad6-1.xx.fbcdn.net/v/t39.30808-1/684296793_1353227193522135_397669913599194610_n.jpg?stp=cp0_dst-jpg_tt6&cstp=mx1773x1774&ctp=s40x40&_nc_cat=100&ccb=1-7&_nc_sid=2d3e12&_nc_ohc=Wf6bJPzta1cQ7kNvwF4hkoj&_nc_oc=AdrdofPHK00alqrVCPiEJ7JMK7wDjDFu_Hsi3ct_q85UDNdpx88vQqjQrt0EY8cLWfU&_nc_zt=24&_nc_ht=scontent-iad6-1.xx&_nc_gid=lwHWMX_Gg4NWeWVwHAJzKA&_nc_ss=7e2a8&oh=00_AQCMPiE6r2zBDAJXhSfpCNuCtcPRXOG7aoXjY5ykozgcrw&oe=6A5E36AC","https://www.facebook.com/Kadiwa18supporters","48","866644492180410","Daghan bunga guyss ang lansones🤣 #follower #flood #reelsviralシ #reelkarofeelkaro",,"56","430","99","1","5","1","592","11","1721799794000","https://www.facebook.com/reel/1875317749659339/"
"May be an image of map and text","10160339156841158","photo","https://www.facebook.com/photo/?fbid=10160339156841158&set=gm.797908682153470&idorvanity=200667731877571",,,,,,,,,,,,,,,,,"649906157","Carlos Nazareno","https://scontent-iad3-1.xx.fbcdn.net/v/t39.30808-1/460890144_10160519802446158_7580818540987893296_n.jpg?stp=c24.0.150.150a_cp0_dst-jpg_tt6&cstp=mx150x150&ctp=s24x24&_nc_cat=104&ccb=1-7&_nc_sid=e99d92&_nc_ohc=gn0ZRtcpOawQ7kNvwGaxPUl&_nc_oc=AdqnPHV0NO5QU4PGobu9HNAw1uwL6ip3DbNOxnYZyRVyWJePdF_9TUtxwLR1k-SOE9I&_nc_zt=24&_nc_ht=scontent-iad3-1.xx&_nc_gid=lwHWMX_Gg4NWeWVwHAJzKA&_nc_ss=7e2a8&oh=00_AQAus5n-xRr-FoKjA4iGUkhE4rKcCEFMU54NRRMH_weHpw&oe=6A5E607D","https://www.facebook.com/object404","13","797908682153470","3D Flood hazard map of Metro by UPRI-UP NOAH

Edit: hazard levels are based on flood simulations as well as satellite and historical data.

https://noah.up.edu.ph/know-your-hazards",,,"57","20","3","10","2","92","208","1721800382000","https://www.facebook.com/groups/filipinerds/permalink/797908682153470/"
,,,,,,,,,,,,,,,,,,,,"100044670063175","Bisdak Pilipinas","https://scontent-iad3-1.xx.fbcdn.net/v/t39.30808-1/708345725_1506773217488333_6811991269791531073_n.jpg?stp=cp0_dst-jpg_tt6&cstp=mx1200x1200&ctp=s40x40&_nc_cat=110&ccb=1-7&_nc_sid=2d3e12&_nc_ohc=M7b3iFGGpPIQ7kNvwG2mqn2&_nc_oc=Ado1Bf0rXWzQJG7s7bJ712Z4RwSJCxqDLO_JJPt4iGhTf0uPev5JjAgaeUoSdVK9LB0&_nc_zt=24&_nc_ht=scontent-iad3-1.xx&_nc_gid=lwHWMX_Gg4NWeWVwHAJzKA&_nc_ss=7e2a8&oh=00_AQCB1VuQRvUTDKrCkLLm3nG8AYxzWIeNuKkjUc_4lWq4lA&oe=6A5E62BD","https://www.facebook.com/bisdakpilipinas","48","1011744103657916","5,500 Flood Control projects mo nyor na ipinagmalaki sa sona nasaan na? Nmal wala yatang nagawa ni isa?","2","53","99","1","4","4","1","164","8","1721814198000","https://www.facebook.com/bisdakpilipinas/posts/pfbid0HQUcsoZVGMSm8Cpc9ZTvrc2tuwdii4eiiVaEz5LCVKKXHXKJoP3VPj1TNFKmXfCSl"
,,,,,,,,,,,,,,,,,,,,"100070043711962","Yu chang blog","https://scontent-iad6-1.xx.fbcdn.net/v/t39.30808-1/257615792_270295208365518_4200048069886594473_n.jpg?stp=cp0_dst-jpg_tt6&cstp=mx877x877&ctp=s40x40&_nc_cat=100&ccb=1-7&_nc_sid=2d3e12&_nc_ohc=WJLOWIPbEJsQ7kNvwH4pRrc&_nc_oc=Ado0XZRCdq7KWc7hPTbC27-wN8VxfMD4sYa-td4b2uGa-w5de879aHZNapE6ExT4Rxk&_nc_zt=24&_nc_ht=scontent-iad6-1.xx&_nc_gid=lwHWMX_Gg4NWeWVwHAJzKA&_nc_ss=7e2a8&oh=00_AQCogn8zH3q1rzCD48O8S-K0kITAsBiuK2nRn0YO4sXajQ&oe=6A5E47A9","https://www.facebook.com/profile.php?id=100070043711962","132","767965068881610","Asan na ang pinagyayabang na succesful 5,500 flood controls na ginawa nya? Bakit hanggang bubong na ang baha? diyos na ang bumabasag Sa kayabangan mo!","1","107","324","2","44","3","1","482","299","1721803780000","https://www.facebook.com/permalink.php?story_fbid=pfbid02pGyX45uEcKg7SyZAHzL9yNBRJ6M2bubUMK55AMZH6XhcM2LCA253sJTwTkBPpC1Tl&id=100070043711962"
,,,,,,,,,,,,,,,,,,,,"654576768","Gerard Lico","https://scontent-iad6-1.xx.fbcdn.net/v/t39.30808-1/716251750_10163261249568339_9218460078937915215_n.jpg?stp=cp0_dst-jpg_tt6&cstp=mx1331x1331&ctp=s40x40&_nc_cat=106&ccb=1-7&_nc_sid=e99d92&_nc_ohc=U6p4RqjXjpwQ7kNvwGrUH5g&_nc_oc=AdoW-pucZljl8naUtqKxSfnGwkN29Vf3E3GRamn5PjpehDXC3OReYjU5QT3CSXCarNA&_nc_zt=24&_nc_ht=scontent-iad6-1.xx&_nc_gid=lwHWMX_Gg4NWeWVwHAJzKA&_nc_ss=7e2a8&oh=00_AQDTW84VUYGMbkZEsHBgNl0bdzBt1l4O0DQ7QHtq4YbWTQ&oe=6A5E43B9","https://www.facebook.com/gerard.lico","6","2884326071729749","Manila's restored Art Deco masterpieces inundated by the ongoing GMA-wide flooding caused by the habagat monsoon aggravated by Typhoon #CarinaPH.⛈️","1",,"19",,"76","11","1","108","10","1721821359000","https://www.facebook.com/groups/advocatesforheritagepreservationphilippines/permalink/2884326071729749/"
,,,,,,,,,,,,,,,,,,,,"100057363403111","So Yummy Talaga","https://scontent-iad3-1.xx.fbcdn.net/v/t39.30808-1/518315615_1279861033935998_1316136253736251253_n.jpg?stp=cp0_dst-jpg_tt6&cstp=mx536x538&ctp=s40x40&_nc_cat=1&ccb=1-7&_nc_sid=2d3e12&_nc_ohc=wgHOg-LUTYUQ7kNvwFJnDxq&_nc_oc=Adr1NIlPKxu-cW8w1ll4FKQ4wOdsxhB2j_Tj1aFjm_6Szxpvq2TycTBqiSoDt4Jl4Jo&_nc_zt=24&_nc_ht=scontent-iad3-1.xx&_nc_gid=ajlq_yHkdVt4QYw1W-q1Hg&_nc_ss=7e2a8&oh=00_AQBwJJVj7SbEXGuSus4zGTNd9SlupWIFIzOn9CYSGAULEw&oe=6A5E60D1","https://www.facebook.com/SoYummyTalaga","9","1022339729688131","Baha-Flood
Bahay-Floody

: di mo alam yan noh ? Absent ka kase tuwing Naulan 😉",,"451","15","2","1","1",,"470","52","1721773810000","https://www.facebook.com/SoYummyTalaga/posts/pfbid021DNsEc4Cwa8Mt41C2ThzDxZwZENjFk5Czdwh6RqxbRreiELXG22zPreQxEE44K69l"
,,,,,,,,,,,,,,,,,,,,"100067716908275","Maharlika Boldyakan","https://scontent-iad6-1.xx.fbcdn.net/v/t39.30808-1/711967202_1336781895255695_8889339088755082443_n.jpg?stp=cp0_dst-jpg_tt6&cstp=mx450x450&ctp=s40x40&_nc_cat=107&ccb=1-7&_nc_sid=2d3e12&_nc_ohc=PZWIzfJQ6agQ7kNvwFMmcCu&_nc_oc=AdoZvJyhBpn2C3BEu-LAP_xCD-026BEEWA7ug2YLZyGy82gAK9zy98yr2T6TGTghYdo&_nc_zt=24&_nc_ht=scontent-iad6-1.xx&_nc_gid=ajlq_yHkdVt4QYw1W-q1Hg&_nc_ss=7e2a8&oh=00_AQCv2EzsZWchcRy43raQnYZnPjsfH7-LxGZfGRo_fkRLNA&oe=6A5E564A","https://www.facebook.com/MaharlikaBoldyakan","393","822744216659468","Langit na ang humagupit kay vangag sa kanyang mga kasingalingang 5500 flood control. Sana itodo na ng langit na lipulin ang lahat ng mga vangag. Taumbayan, wakasan niyo na ang vangag admin.","4","312","2330","75","30","19","7","2777","141","1721860212000","https://www.facebook.com/MaharlikaBoldyakan/posts/pfbid0CENGvsYp73JuFda4BZpaRrY5BuuABo9n8RXJbK1WoZegYT8DhummukfMd87uV6C2l"
"No photo description available.","1011748263657500","photo","https://www.facebook.com/photo/?fbid=1011748263657500&set=gm.7890181061078176&idorvanity=1386999858063028",,,,,,,,,,,,,,,,,"100044670063175","Bisdak Pilipinas","https://scontent-iad3-1.xx.fbcdn.net/v/t39.30808-1/708345725_1506773217488333_6811991269791531073_n.jpg?stp=cp0_dst-jpg_tt6&cstp=mx1200x1200&ctp=s24x24&_nc_cat=110&ccb=1-7&_nc_sid=2d3e12&_nc_ohc=M7b3iFGGpPIQ7kNvwG2mqn2&_nc_oc=Ado1Bf0rXWzQJG7s7bJ712Z4RwSJCxqDLO_JJPt4iGhTf0uPev5JjAgaeUoSdVK9LB0&_nc_zt=24&_nc_ht=scontent-iad3-1.xx&_nc_gid=ajlq_yHkdVt4QYw1W-q1Hg&_nc_ss=7e2a8&oh=00_AQAqLfsJoikwxfQZ7enXWoPQUBou4PPBpw7pFXcnFODWVQ&oe=6A5E62BD","https://www.facebook.com/bisdakpilipinas","59","7890181061078176","Nyor saan mo inilagay ang 5,500 Flood Control Projects bakit buong Metro Manila, NCR at North at South Luzon ay binaha ng matindi ngayon?","4","17","32",,"10","1",,"64","14","1721814854000","https://www.facebook.com/groups/1386999858063028/permalink/7890181061078176/"
,,,,,,,,,,,,,,,,,,,,"100003390438062","Shiro Yoshida","https://scontent-iad3-1.xx.fbcdn.net/v/t39.30808-1/441313306_7224597847663158_9089911794671020137_n.jpg?stp=cp0_dst-jpg_tt6&cstp=mx953x960&ctp=s40x40&_nc_cat=110&ccb=1-7&_nc_sid=e99d92&_nc_ohc=aGTPVhOq624Q7kNvwGXpUAi&_nc_oc=AdqcDuCY7MCQrbNnEVjvXXq8yVW7LbCnvkWn35ss_-8UzMRvbun7pKs3JDFS0800abA&_nc_zt=24&_nc_ht=scontent-iad3-1.xx&_nc_gid=ajlq_yHkdVt4QYw1W-q1Hg&_nc_ss=7e2a8&oh=00_AQD7b4UPcMI6x6rocFQ8Vo-j0A7ItWlgKagxM01xJIxj2w&oe=6A5E48DA","https://www.facebook.com/shiro.yoshida.5","1","7631405056982433","My flight home was cancelled 😕 and I was forced to stay put coz the flooding everywhere made it nearly impossible to go anywhere. 🤷  No thanks to typhoon Carina! 🌬🥴
But I guess I'm still very grateful that despite getting wet in the heavy downpour of rain, I'm not sick and it's nothing that a dip in a warm bathtub won't fix. 🛀 And instead of just moping around 🤦‍♂️, this is an opportunity to share an info graphic on the dangers of Leptospirosis. Cases of this dangerous infection is expected to rise in the flooded areas soon. ☣️
Be safe everyone. 🫰",,,"10","7",,"8","1","26","0","1721836756000","https://www.facebook.com/shiro.yoshida.5/posts/pfbid03xcCGYzsmwR4GbnzZyzXBPyTyTQT1sa91CioY1gzmVZAazuJjQsdhx7aA7aMrx48l"
,"1239777614068017","video","https://www.facebook.com/reel/1239777614068017/",,,,,,,,,,,,,,,,,"100064992870078","Daily Tribune","https://scontent-iad3-1.xx.fbcdn.net/v/t39.30808-1/481982248_1027766186066468_4662468094189669093_n.jpg?stp=cp0_dst-jpg_tt6&cstp=mx963x963&ctp=s40x40&_nc_cat=1&ccb=1-7&_nc_sid=2d3e12&_nc_ohc=MCpxHOsvefkQ7kNvwEyZvqC&_nc_oc=AdrQmxAyogxrky93wO2lGRaRUV2BkXhYE7OiHI9K8inuvfotC8azj8_vDdM65cXEZK4&_nc_zt=24&_nc_ht=scontent-iad3-1.xx&_nc_gid=ajlq_yHkdVt4QYw1W-q1Hg&_nc_ss=7e2a8&oh=00_AQAlXfkQnw89dCJsUg1mmVv0IISyQagipyKyTSZtJc0Hzw&oe=6A5E61AE","https://www.facebook.com/tribunephl","5","874502411392847","WATCH: A man sought refuge atop a towering cabinet beside a bank amid the inundated streets of Shaw Boulevard in Mandaluyong City caused by continuous rains brought about by #CarinaPH. | via Maria Romero

#CarinaPH      
#DailyTribune",,,"5",,"9","1",,"15","2","1721805342000","https://www.facebook.com/reel/1239777614068017/"
,"823463112838329","video","https://www.facebook.com/reel/823463112838329/",,,,,,,,,,,,,,,,,"100065699880848","Amir Errol","https://scontent-iad3-1.xx.fbcdn.net/v/t39.30808-1/479349942_946490027550985_7186122674306163761_n.jpg?stp=cp0_dst-jpg_tt6&cstp=mx2048x2048&ctp=s40x40&_nc_cat=110&ccb=1-7&_nc_sid=2d3e12&_nc_ohc=qrS1QOOjVxoQ7kNvwGPqtMT&_nc_oc=AdpZMNukFIIDQzn9p5Xsg63lzvMdtakjo-LeAN7K1cipFw4Xa-YZHwY5hBw-rp6jZvo&_nc_zt=24&_nc_ht=scontent-iad3-1.xx&_nc_gid=ajlq_yHkdVt4QYw1W-q1Hg&_nc_ss=7e2a8&oh=00_AQCzhseUhJEeoXFP29owKPn-NjDqveOh0qZit_92UGGHYw&oe=6A5E5823","https://www.facebook.com/ErrolAmir","7","810370887829567","Flood update sa amin #typhoon #supertyphoon #flood",,,"3",,,,,"3","0","1721823539000","https://www.facebook.com/reel/823463112838329/"
"No photo description available.","455054237360061","photo","https://www.facebook.com/photo/?fbid=455054237360061&set=a.120633307468824",,,,,,,,,,,,,,,,,"100085664662048","republicasia","https://scontent-iad3-2.xx.fbcdn.net/v/t39.30808-1/625956684_874253932106754_4088933440950606278_n.jpg?stp=cp6_dst-jpg_tt6&cstp=mx1214x1214&ctp=s40x40&_nc_cat=111&ccb=1-7&_nc_sid=2d3e12&_nc_ohc=It6fJ3pd1j4Q7kNvwGHa7IZ&_nc_oc=Adq8kUg7IdkolyGqRHCGDzWdB_6HQmepRMBN3xPTkSVe8Or63l3jwZh7CoZWuAQAYtM&_nc_zt=24&_nc_ht=scontent-iad3-2.xx&_nc_gid=Ezd8j-Ro1D0kkckpOxqQ5g&_nc_ss=7e2a8&oh=00_AQD8doJW9A7Nf9bViJpT6uyCW-Oyx5WfufVVUeVIirsb9g&oe=6A5E49B6","https://www.facebook.com/republicasiamedia","1","455054624026689","FLOOD ALL OVER METRO MANILA.  
 
The Metropolitan Manila Development Authority (MMDA) said that several areas in Metro Manila have started experiencing floods due to heavy rains pouring in the National Capital Region (NCR) brought about by the southwest monsoon. 
 
Read the full article below. | #republicasia #Flood #CarinaPH #Typhoon #Philippines 
 
Get the latest by visiting republicasiamedia.com and by following our socials!",,,,,,,,"0","1","1721713660000","https://www.facebook.com/republicasiamedia/posts/pfbid02RN7962HaD9RfA5vmgn2Y1jfUZz5WuJZDHwuLCZ3iNs9mucMLskraXnJL6y7NcU8kl"
,"1523921544865930","video","https://www.facebook.com/reel/1523921544865930/",,,,,,,,,,,,,,,,,"100077112970912","Eats.CHE.Tra","https://scontent-iad3-2.xx.fbcdn.net/v/t39.30808-1/690773471_974202461826844_5852731697456594624_n.jpg?stp=cp0_dst-jpg_tt6&cstp=mx1674x1661&ctp=s40x40&_nc_cat=111&ccb=1-7&_nc_sid=2d3e12&_nc_ohc=egvKvHpRlzUQ7kNvwFWwAbY&_nc_oc=AdpIuhaPMTlPh6AJZ-AmPgeMZiXZEh8NQCiwbJyj-U94WfGtPBdNoVxoCN8eu_n8brs&_nc_zt=24&_nc_ht=scontent-iad3-2.xx&_nc_gid=Ezd8j-Ro1D0kkckpOxqQ5g&_nc_ss=7e2a8&oh=00_AQCzagxDuK0ETpMQxNFmeV5cyGxk8u9M1STEWw2J_F2DHw&oe=6A5E3B98","https://www.facebook.com/eatschetra","1","491652306748531","LET'S PRAY FOR EVERYONE'S
SAFETY..ATM IN CALOOCAN, ROOF DEEP FLOOD😓
#flood #bagyongcarina #TyphoonCarina #disaster #prayforeveryone #besafe #TyphoonPH #typhoon #Caloocan #CaloocanCity",,,,,"7",,"1","8","3","1721793456000","https://www.facebook.com/reel/1523921544865930/"
,"444450071894548","video",,,,,,,,,,,,,,,,,,"100000224056197","Gentry Saria","https://scontent-iad6-1.xx.fbcdn.net/v/t39.30808-1/729797809_28348489308075159_6864540565057199135_n.jpg?stp=cp0_dst-jpg_tt6&cstp=mx1024x1024&ctp=s40x40&_nc_cat=106&ccb=1-7&_nc_sid=1d2534&_nc_ohc=9LPNg9n_iNAQ7kNvwHaTJWg&_nc_oc=Ado2Zo2cC5yXlG80o_lEtGWzuzJ38DUlHaMIrzeygUnozWaVTxjmrwAo1VyFHWn8oZw&_nc_zt=24&_nc_ht=scontent-iad6-1.xx&_nc_gid=Ezd8j-Ro1D0kkckpOxqQ5g&_nc_ss=7e2a8&oh=00_AQACTJ_4ov6bytO3jmAxQH8nKy4QunSvC6Ae26J2glj9Cg&oe=6A5E383D","https://www.facebook.com/BokBokSter","6","8689950291022353","Carina Habagat 2024... 
from 27th floor view of Lito's home, Marikina river overflowing 😒

Expect this kind of calamity in our urban sprawls every habagat season as long as our bad habits of clogging up our flood control drains, reservoirs, canals and dykes of human waste and trash is never resolved. 😫",,,"7",,"2","4",,"13","0","1721797339000","https://www.facebook.com/BokBokSter/videos/444450071894548/"
,"1168439067741613","video","https://www.facebook.com/reel/1168439067741613/",,,,,,,,,,,,,,,,,"100057413269533","Anna Belle","https://scontent-iad6-1.xx.fbcdn.net/v/t39.30808-1/482974818_1133574301899668_347546754069671558_n.jpg?stp=cp0_dst-jpg_tt6&cstp=mx1069x1080&ctp=s40x40&_nc_cat=107&ccb=1-7&_nc_sid=2d3e12&_nc_ohc=GMxlqIiCah4Q7kNvwFKPlej&_nc_oc=AdrEMxrVAxX275eUtN14SQ5gkK3xZoFoPuf0yiBmItJ5W7aEN3WESgrH1-ziJoqo1o8&_nc_zt=24&_nc_ht=scontent-iad6-1.xx&_nc_gid=Ezd8j-Ro1D0kkckpOxqQ5g&_nc_ss=7e2a8&oh=00_AQBJ-lskNOH4lORWrJ9592uq0swOwftgmllUwhcMnaL-vg&oe=6A5E3AA9","https://www.facebook.com/profile.php?id=100057413269533","3","970697468187353","#flood @followers",,,,,,,,"0","0","1721779499000","https://www.facebook.com/reel/1168439067741613/"
"No photo description available.","496416772768630","photo","https://www.facebook.com/photo/?fbid=496416772768630&set=a.191403426603301",,,,,,,,,,,,,,,,,"100072009343683","ItsmeAna","https://scontent-iad3-2.xx.fbcdn.net/v/t39.30808-1/374282634_316017334141909_4560710746638556610_n.jpg?stp=cp0_dst-jpg_tt6&cstp=mx945x960&ctp=s40x40&_nc_cat=103&ccb=1-7&_nc_sid=2d3e12&_nc_ohc=PSVOknmFSQIQ7kNvwHKxyfk&_nc_oc=AdofhlNa91dU2MK_l9QKs5bsqDIKvuOlcYfP7b_mtkP7w2jX_iqK_rWYICaAPBk02Zk&_nc_zt=24&_nc_ht=scontent-iad3-2.xx&_nc_gid=Ezd8j-Ro1D0kkckpOxqQ5g&_nc_ss=7e2a8&oh=00_AQAbQzhjlT-cC86pio_VCaxwELOKwUij0KtzgS-YabGxmg&oe=6A5E5199","https://www.facebook.com/AnaPageTV","0","496416789435295","QUEZON CITY #baha

FLOOD ALERT: As of 9:24 AM at Mindanao Ave. Our lady of Annunciation parish : Knee deep. Not passable to Light vehicles.

As of 8:32 AM at A. Bonifacio Balintawak Cloverleaf NB : Above knee deep.
Not passable to Light vehicles.

As of 9:24 AM at Quezon Ave. Capitol WB & EB : Knee deep. Not passable to Light vehicles.

As of 8:41 AM at Edsa NB,Balintawak : Above knee deep.
Not passable to Light vehicles.

As of 8:41 AM at EDSA NB, Dario : Above knee deep.
Not passable to Light vehicles.

As of 8:56 AM at  Elliptical Visayas Ave. D.A.R. : Knee deep. Not passable to Light vehicles

As of 8:55 AM at C5,Katipunan Ateneo gate 3 NB : Above knee deep.
Not passable to Light vehicles. 

As of 8:24 AM at EDSA SB, Panay Ave. : Above gutter deep. Passable to all types of vehicles.

As of 8:24 AM at C5,Katipunan Cp Garcia SB : Knee deep. Not passable to Light vehicles. 

#flood #baha #quezoncity #mmda

- #MMDA 
#repost 
#CttoRepost
#CarinaPH 
#Carina",,,"1",,,,,"1","0","1721797754000","https://www.facebook.com/AnaPageTV/posts/pfbid02pS3FpuYXfdVkdLfWr84DMV8Cv1Uu7AjaaLp4MYhHyJKsXviUcHRKv85pfgH7dZGnl"
,"447974618216632","video",,,,,,,,,,,,,,,,,,"100068050958243","TTPM ACT","https://scontent-iad6-1.xx.fbcdn.net/v/t39.30808-1/730196928_1334602602151426_6547007679085541508_n.jpg?stp=cp0_dst-jpg_tt6&cstp=mx1440x1440&ctp=s40x40&_nc_cat=102&ccb=1-7&_nc_sid=2d3e12&_nc_ohc=HgLxyH5teFIQ7kNvwFl5R6K&_nc_oc=AdpkSmh8SVoARWVxMu8QKa6S1DgeWB8Lu8Va8D0XpklHElDSQAgLMKGPNnGwH2MEgJU&_nc_zt=24&_nc_ht=scontent-iad6-1.xx&_nc_gid=Ezd8j-Ro1D0kkckpOxqQ5g&_nc_ss=7e2a8&oh=00_AQDiqIS-vsQv2GbKbZiH0VA6SY0yPuNaIEWe9XIkyUbtKg&oe=6A5E393C","https://www.facebook.com/ttpmact","1","803086298636395","#spreadthenews 
Flood in Manila
Video Credits: Mazaco Hirao
#ttpmact #whatsganap #flood #fypviralシ #manilaphilippines #ATTENTION #taraoltayo #fypシ゚",,,"4",,"5","3",,"12","10","1721782934000","https://www.facebook.com/ttpmact/videos/447974618216632/"
,"900520755248177","video",,,,,,,,,,,,,,,,,,"100063621314562","Darrell James","https://scontent-iad6-1.xx.fbcdn.net/v/t39.30808-1/548193408_1391740856289945_9086228092683403383_n.jpg?stp=cp0_dst-jpg_tt6&cstp=mx960x960&ctp=s40x40&_nc_cat=100&ccb=1-7&_nc_sid=2d3e12&_nc_ohc=wikxpdK9eQ4Q7kNvwFdcPEd&_nc_oc=AdoTvvRnqiflEfPR_1ghZJDA4BJSyDmXBCAL-_A7WD_cHM8vUEafyG5B0nU75zTJURM&_nc_zt=24&_nc_ht=scontent-iad6-1.xx&_nc_gid=G2z5QtJm9F0qn8plEDnYBg&_nc_ss=7e2a8&oh=00_AQC2npPd7mwj7TKHsddWj-rXG0DUPMJ86jDPBR8H5sGuQw&oe=6A5E5F27","https://www.facebook.com/TheDarrellJames","9","1039809231483111","Flooding everywhere! Tell me where you at now and how's the situation there?
Stay indoors and be safe. I've been stranded for more than 4 hours on the road on the way home earlier. God bless us all. 

#CarinaPH #Flood #Storm #Thyphoon #Flooding",,,"2","1","1","5","3","12","0","1721794539000","https://www.facebook.com/TheDarrellJames/videos/900520755248177/"
"No photo description available.","1257559428894131","photo","https://www.facebook.com/photo/?fbid=1257559428894131&set=a.1013259169990826",,,,,,,,,,,,,,,,,"100039202586849","Pinoy Roadtrip","https://scontent-iad3-1.xx.fbcdn.net/v/t39.30808-1/454780689_1269789994337741_28639486541061018_n.jpg?stp=cp0_dst-jpg_tt6&cstp=mx768x765&ctp=s40x40&_nc_cat=104&ccb=1-7&_nc_sid=2d3e12&_nc_ohc=q9KsYU7R898Q7kNvwGuDirk&_nc_oc=AdraFmq7DHmFkKs6utkvu0RZDgkf3jpq9_x6-mSk-t0QnlvyWih15Rn-OhpCtMRKlQ8&_nc_zt=24&_nc_ht=scontent-iad3-1.xx&_nc_gid=G2z5QtJm9F0qn8plEDnYBg&_nc_ss=7e2a8&oh=00_AQC_nV1dsDViqdLf8QUQg-X1obWzT3iJloxfrYUiKRk5gw&oe=6A5E5D93","https://www.facebook.com/pinoyroadtrip","0","1257559455560795","FIND OUT THE FLOOD SITUATION IN YOUR AREA IN THIS SITE

https://noah.up.edu.ph/know-your-hazards/flood

#Manila #manilaflood #FloodSituation #NCR #flood #philippines #CarinaPH #MetroManila",,,"3",,,,,"3","3","1721803969000","https://www.facebook.com/pinoyroadtrip/posts/pfbid023t26ipQBMVPsPAxcMi6TtDiQpV5PLseNQg27ggJDayPRwXvBFsrNSKxaTXyPQcjxl"
"No photo description available.","439023325781063","photo","https://www.facebook.com/photo/?fbid=439023325781063&set=a.103838992632833",,,,,,,,,,,,,,,,,"100090201969596","Boss J","https://scontent-iad6-1.xx.fbcdn.net/v/t39.30808-1/491913977_638254192524641_3949069449270547684_n.jpg?stp=c0.0.1472.1472a_cp0_dst-jpg_tt6&cstp=mx1472x1472&ctp=s40x40&_nc_cat=107&ccb=1-7&_nc_sid=2d3e12&_nc_ohc=IPgsmW4eQ7cQ7kNvwGEm3un&_nc_oc=AdrYgRQxw-Yi_c8N7-xr7i0zRO79Mz1klI2Al2xGZULcCg7GSXxc0tIA3BEi6yH3ggY&_nc_zt=24&_nc_ht=scontent-iad6-1.xx&_nc_gid=G2z5QtJm9F0qn8plEDnYBg&_nc_ss=7e2a8&oh=00_AQBgZxCX9FY4vFLSKPHqHpxR-KN34pQ4KhXKcWjFNf6Fmg&oe=6A5E6AC8","https://www.facebook.com/profile.php?id=100090201969596","7","439023339114395","Ito na po ba sinasabing flood control nabanggit sa sona? 5500 na flood control project? 

#flood #floodcontrol #sona #SONA2024 #flooding #carinatyphoon #highlightsシ゚ #followerseveryone #everyonefollowers #ViewMyReels #highlightseveryonefollowershighlights #bagyo #BagyoUpdate",,,"3","5","1","1",,"10","2","1721831132000","https://www.facebook.com/permalink.php?story_fbid=pfbid0skuVL3JgbnaFYD2Tc6b3XMqw1fULPTJSahtmS7z3G5JyPtvxpkNEo2gToNq5MDk3l&id=100090201969596"
,,,,,,,,,,,,,,,,,,,,"100068787297362","NDRRMC","https://scontent-iad3-1.xx.fbcdn.net/v/t39.30808-1/489430343_976962881273279_1463992780276046221_n.jpg?stp=cp0_dst-jpg_tt6&cstp=mx1764x1764&ctp=s40x40&_nc_cat=101&ccb=1-7&_nc_sid=2d3e12&_nc_ohc=hqv-v0CuQd8Q7kNvwFjTdho&_nc_oc=Adq4xtd87LwuSeqIizigdYszymWXqWgDXLl61KKag7RXbvUQ1Rm5IywvRs-x5FZTNi0&_nc_zt=24&_nc_ht=scontent-iad3-1.xx&_nc_gid=G2z5QtJm9F0qn8plEDnYBg&_nc_ss=7e2a8&oh=00_AQAthN6aFX4oXgmV2fYOl3PKWn5Mlg1sA0KZBO9FK1305Q&oe=6A5E60CA","https://www.facebook.com/NDRRMC","1","1039797491484285","Flooding everywhere! Tell me where you at now and how's the situation there?
Stay indoors and be safe. I've been stranded for more than 4 hours on the road on the way home earlier. God bless us all. 

#CarinaPH #Flood #Storm #Thyphoon #Flooding",,,,"1",,"1",,"2","0","1721792902000","https://www.facebook.com/TheDarrellJames/posts/pfbid0spcsnAc819dqeCcSdSzteDNnrNLfPoThjBKnj8TQRT9LFad1Cu94dPgTDu4UPYSTl"
"No photo description available.","938870408254306","photo","https://www.facebook.com/photo.php?fbid=938870408254306&set=a.244796334328387&type=3","No photo description available.","938870438254303","photo","https://www.facebook.com/photo.php?fbid=938870438254303&set=a.244796334328387&type=3","No photo description available.","938870478254299","photo","https://www.facebook.com/photo.php?fbid=938870478254299&set=a.244796334328387&type=3","No photo description available.","938870528254294","photo","https://www.facebook.com/photo.php?fbid=938870528254294&set=a.244796334328387&type=3","No photo description available.","938870564920957","photo","https://www.facebook.com/photo.php?fbid=938870564920957&set=a.244796334328387&type=3","100063940659532","Dr. Pia Debuque-Yap - Pedia & Adult Allergologist and Pediatrician","https://scontent-iad3-1.xx.fbcdn.net/v/t39.30808-1/385871189_746971877444161_3346785473071735113_n.jpg?stp=cp0_dst-jpg_tt6&cstp=mx836x845&ctp=s40x40&_nc_cat=101&ccb=1-7&_nc_sid=2d3e12&_nc_ohc=umZDvRSnF5kQ7kNvwFphnOP&_nc_oc=AdpgFEnbjqDMNg9j8yebc1FP11jp03555p6oR0-DdyWZDvtIQ-QP9T4n5Q-7OvOx9jM&_nc_zt=24&_nc_ht=scontent-iad3-1.xx&_nc_gid=G2z5QtJm9F0qn8plEDnYBg&_nc_ss=7e2a8&oh=00_AQCwBsnD9KdfJLGok_M4bipSa87kZasDtJelAiyJ1oNEnQ&oe=6A5E425D","https://www.facebook.com/drapiadebyap","0","938870628254284","𝑪𝒐𝒛 𝒊𝒕'𝒔 𝒇𝒍𝒐𝒐𝒅𝒊𝒏𝒈 𝒊𝒏 𝑴𝒂𝒏𝒊𝒍𝒂...☔️🎵🎶 #𝑪𝒂𝒓𝒊𝒏𝒂𝑷𝑯

🌂 Leptospirosis is a disease caused by Leptospira bacteria. Infected animals spread the bacteria through their urine (pee). When infected animals pee, the bacteria get into the water or soil and can live there for weeks to months.

🌂 You can be infected if you touch fresh water, soil, or other objects contaminated with infected animal urine. The most common ways to get infected is urine or contaminated water getting in your eyes, nose, mouth, or broken skin (such as a cut or scratch). You can also get infected by eating contaminated food or drinking water.

🌂 Some people with leptospirosis do not have any symptoms. When symptoms occur, they can include fever, headache, chills, muscle aches, vomiting, jaundice (yellow eyes and skin), red eyes, stomach pain, diarrhea, and sometimes a rash. 

🌂 Without proper treatment with antibiotics, people with leptospirosis may develop serious problems with their kidneys, liver, or lining of the brain and spinal cord. In some cases, leptospirosis can cause death.

𝙒𝙃𝙊 𝙄𝙎 𝘼𝙏 𝙍𝙄𝙎𝙆?
✔️ Visit flooded or recently flooded areas
✔️ Swim, wade, kayak, or raft in potentially contaminated fresh water like lakes and rivers
✔️ Visit urban areas with poor sanitation
✔️ Touch animals or their body fluids. Animals that can be infected are mammals, including rodents, cows, sheep/goats, pigs, horses, dogs, and wildlife.

𝗜𝗳 𝘆𝗼𝘂 𝘄𝗮𝗱𝗲𝗱 𝗶𝗻 𝗳𝗹𝗼𝗼𝗱 𝘄𝗮𝘁𝗲𝗿, 𝗵𝗮𝘃𝗲 𝗮𝗻𝘆 𝘄𝗼𝘂𝗻𝗱𝘀 𝗼𝗻 𝘆𝗼𝘂𝗿 𝘀𝗸𝗶𝗻, 𝗮𝗻𝗱 𝗳𝗲𝗲𝗹 𝘀𝗶𝗰𝗸, 𝗽𝗮𝗿𝘁𝗶𝗰𝘂𝗹𝗮𝗿𝗹𝘆 𝘄𝗶𝘁𝗵 𝗳𝗲𝘃𝗲𝗿, 𝘀𝗲𝗲𝗸 𝗵𝗲𝗹𝗽 𝗳𝗿𝗼𝗺 𝘆𝗼𝘂𝗿 𝗱𝗼𝗰𝘁𝗼𝗿 𝗮𝗻𝗱 𝗰𝗼𝗻𝘀𝘂𝗹𝘁 𝗶𝗺𝗺𝗲𝗱𝗶𝗮𝘁𝗲𝗹𝘆! 

𝙎𝙏𝘼𝙔 𝙎𝘼𝙁𝙀 & 𝘿𝙍𝙔 ! ☔️

❣ REMINDER ❣ 
This post is only meant to provide general information on the topic. It is not considered a medical advice and thus cannot replace a consultation with a board-certified specialist 
👩🏻‍⚕️ If you have concerns, please consult a healthcare professional for personalized information and management strategies related to your condition.

[SOURCES: CDC website; PSMID & PCP infographic; PIDSP-PPS CPG on Leptospirosis 2019] #leptospirosis #leptospirosisph #floodph #flood #carinaPH #piapediaallergy #allergysymptoms #pediamom #doctorph #doctormom #drmom #pinoyMD #pediatrician #allergist #allergologist #allergistph #allergies #health #wellness #motherhood #momlife #pedia #clinic #pasig #kapitolyo #pampanga #angeles #clark #sanfernando",,,,"1",,,,"1","9","1721822184000","https://www.facebook.com/drapiadebyap/posts/pfbid02SVdgCrmT5DmnaTTZzrqUMHJSeuW1GbfrWVLqk6CFB7CpEM5QvQyJRKmigchFepZNl"
"No photo description available.","7907082736075220","photo","https://www.facebook.com/photo.php?fbid=7907082736075220&set=a.529712727145628&type=3","No photo description available.","7907082872741873","photo","https://www.facebook.com/photo.php?fbid=7907082872741873&set=a.529712727145628&type=3","No photo description available.","7907082992741861","photo","https://www.facebook.com/photo.php?fbid=7907082992741861&set=a.529712727145628&type=3","No photo description available.","7907083089408518","photo","https://www.facebook.com/photo.php?fbid=7907083089408518&set=a.529712727145628&type=3","No photo description available.","7907083212741839","photo","https://www.facebook.com/photo.php?fbid=7907083212741839&set=a.529712727145628&type=3","100003207166808","Samuel Leon","https://scontent-iad3-2.xx.fbcdn.net/v/t39.30808-1/494897371_9717749681675174_4629149501516606855_n.jpg?stp=cp0_dst-jpg_tt6&cstp=mx901x901&ctp=s40x40&_nc_cat=103&ccb=1-7&_nc_sid=e99d92&_nc_ohc=GPpLqNFlsmcQ7kNvwFId4of&_nc_oc=AdoP1zp_33sIlF-V71hFMr3WALhPZaU9QhGKMhVh4sUvicGZmyUJsBkX2v8NCds7fTM&_nc_zt=24&_nc_ht=scontent-iad3-2.xx&_nc_gid=G2z5QtJm9F0qn8plEDnYBg&_nc_ss=7e2a8&oh=00_AQBX703evorxnPFhKQKc8wL0nRhpUducah5mCgfX9bimwQ&oe=6A5E642A","https://www.facebook.com/samuel.leon.37","16","7907083419408485","I'm using my mobile load here so please bear with me.

Our entire house was inundated with floodwaters this morning, and it left most of our home in ruins. The floods reached 3.5 feet, and it barged in with speed that we didn't have enough time to save our belongings and just watched hopelessly as it was taken in by the mucky waters.

Most of my stuff, including my books and magazines in my design library, as well as my backup files, were ruined by the floodwaters. Thankfully, our PC and laptop were saved.

The floods eventually drained off and we're now trying to pick up what's left and throw away what can't be salvaged.",,,"2",,"21","23","5","51","0","1721815805000","https://www.facebook.com/samuel.leon.37/posts/pfbid02yVEMjY4iCH2qcmnD9BE8nVgnSqWH1wtRvs38HnDF1dffDPpYyewAqnJz4JNXabMkl"
,"505153038654948","video","https://www.facebook.com/john.evardo.2024/videos/505153038654948/","No photo description available.","1226893035300192","photo","https://www.facebook.com/photo.php?fbid=1226893035300192&set=a.346420810014090&type=3","No photo description available.","1226893381966824","photo","https://www.facebook.com/photo.php?fbid=1226893381966824&set=a.346420810014090&type=3","No photo description available.","1226893331966829","photo","https://www.facebook.com/photo.php?fbid=1226893331966829&set=a.346420810014090&type=3","No photo description available.","1226893351966827","photo","https://www.facebook.com/photo.php?fbid=1226893351966827&set=a.346420810014090&type=3","100039385222719","John Pindeho","https://scontent-iad6-1.xx.fbcdn.net/v/t39.30808-1/646324217_1697713288218162_7309225469386835367_n.jpg?stp=cp6_dst-jpg_tt6&cstp=mx2048x2048&ctp=s40x40&_nc_cat=109&ccb=1-7&_nc_sid=1d2534&_nc_ohc=01kuYZBGOJMQ7kNvwG_wpHj&_nc_oc=Adp4xuyLQJYR3sR80bowvRGk8erImA4eE0KhDo5ydM3b9jU6VrNwrlwPZmvBYIR1718&_nc_zt=24&_nc_ht=scontent-iad6-1.xx&_nc_gid=C1AD-zNa9zj0XiD6UOgkHA&_nc_ss=7e2a8&oh=00_AQA852Q8r0hR7gkCjOYYeUgaPVsCqzCoVnEAdtAO2qg1Jg&oe=6A5E40D3","https://www.facebook.com/john.evardo.2024","6","1226895688633260","While others is sleeping we're preparing foods for the flood victim in Barangay Damayan. Just a simple hot soup for them. 

Volunteering is an act of heroism on a grand scale.

#bagyongcarina
#TulongTulongTayo",,,"3","32",,"6",,"41","1","1721846402000","https://www.facebook.com/john.evardo.2024/posts/pfbid02L7JRgNpb8WfwTbqet3TmhsVnSYS7NZXMnfpAYWD9FGoxdHDc5BfAjJSiJ3iPaWbBl"
"No photo description available.","960167395909346","photo","https://www.facebook.com/photo/?fbid=960167395909346&set=a.458620356064055",,,,,,,,,,,,,,,,,"100057482827824","Hyundai Bacoor - Pau Arciaga","https://scontent-iad3-1.xx.fbcdn.net/v/t39.30808-1/735608796_1495104762415604_2521643642734877699_n.jpg?stp=cp6_dst-jpg_tt6&cstp=mx843x843&ctp=s40x40&_nc_cat=110&ccb=1-7&_nc_sid=2d3e12&_nc_ohc=YLOW63SyxhIQ7kNvwGKweI0&_nc_oc=AdpRL-5eOkU34cQXMOaJLYyDljq8WFM4Clvztt6tt0j0zIlkJ7fTdHwgw8Z1kN-NCRk&_nc_zt=24&_nc_ht=scontent-iad3-1.xx&_nc_gid=C1AD-zNa9zj0XiD6UOgkHA&_nc_ss=7e2a8&oh=00_AQATT8Rgxl-nYdCc7d97lMkCQczbUdFeh16UBUcWMgc3Hw&oe=6A5E4AA1","https://www.facebook.com/hyundaibacoorpauarciaga","1","960167435909342","Flooded Car? Here's what to do:

1. Immediately disconnect the negative cable of your car battery to avoid any possible short circuit. This is also to protect the ECU or computer box from damage.

2. Do not start the engine. Try to push the car out to higher ground or try jacking it with the car jack.

3. Disengage and release the parking brake. Keep the transmission in 1st gear (for manual transmission) or ""P"" (for automatic transmission) to prevent the brake canvas from sticking. This is even more important for cars that use drum brakes.

4. Take plenty of photos both inside and outside the car to document any damage or how deep the car was underwater. This will be useful for both the Insurance and/or Professional Mechanic to determine the extent of the damage.

5. Wait at least 24 hours before you do anything to the vehicle, giving it time to drain, if not completely dry out.

6. If the water got so deep that the dashboard was covered, do not try to start it at all. If any liquid is in the cylinders it will cause damage to the engine. Most of the electronics in the car would have been submerged at this depth, as well.

7. If you don’t think the water got that high, it’s still best to take a look at the oil dipstick to see if there are any traces of water in the lubrication system. If so, assume the engine is flooded and don’t try to start it.

8. You’re in better shape if the water stayed below the center line of your wheels. Nevertheless, let the interior air out as much as possible before trying to start it, taking out the floor mats, trunk mat and even the seats. Much of the wiring and some of the computers in today’s cars are located under the carpet and console box, so even if the engine compartment was not inundated, you could still experience faults to secondary systems.

9. When in doubt, either have your vehicle towed to your trusted service center or call your professional mechanic/electrician for a more thorough inspection and assessment.

#GACcares",,,"1",,,,,"1","0","1721788350000","https://www.facebook.com/hyundaibacoorpauarciaga/posts/pfbid0te1uv8AJv4d9ZAxPKCWBsijgdczy6os2VPzfm6BvxigcKw8QxuPsWcskpKLZteSRl"
"May be an image of text","1004064601729355","photo","https://www.facebook.com/photo.php?fbid=1004064601729355&set=a.454700029999151&type=3","May be an image of text","1004064625062686","photo","https://www.facebook.com/photo.php?fbid=1004064625062686&set=a.454700029999151&type=3",,,,,,,,,,,,,"100063774736778","Sleeping Boy Collective","https://scontent-iad6-1.xx.fbcdn.net/v/t39.30808-1/294314606_454700049999149_5206146954567305976_n.png?stp=cp0_dst-png&cstp=mx912x912&ctp=s40x40&_nc_cat=106&ccb=1-7&_nc_sid=2d3e12&_nc_ohc=kgDcHJqnchIQ7kNvwEuE0-G&_nc_oc=AdoWRBEMTkraLTJ-x57vWiHqzVDsrdoqk6Lh2yowp21I5H0fB9STf790LvZf3VmfyiM&_nc_zt=24&_nc_ht=scontent-iad6-1.xx&_nc_gid=C1AD-zNa9zj0XiD6UOgkHA&_nc_ss=7e2a8&oh=00_AQDBXhB96pR1Tm8pCamDBk4bXLCHLEJP2ponGdCf8cCkeQ&oe=6A5E3E2D","https://www.facebook.com/sleepingboycollective","0","1004072015061947","There is a war in our minds, but there is also war on the streets. The typhoon has severely affected the people of NCR. For everyone's safety we are cancelling the Mindwar (BE) - Live in Manila show tomorrow.

We eagerly await the band's return under better circumstances. In the meantime, stay safe and lend a helping hand to those in need if you can. If we can pull up people from the pit, we can pull up people from the flood.

Call our national emergency hotlines for any safety and emergency concerns.",,,"15","5","9","20",,"49","20","1721820521000","https://www.facebook.com/sleepingboycollective/posts/pfbid026RTE5Bepp913duan3ghaFLDBBH94Hhd5WSPvti79iAmQxEhU7fwfA8LFWsLJAzpml"
"No photo description available.","494641626402881","photo","https://www.facebook.com/photo.php?fbid=494641626402881&set=a.177002334833480&type=3","No photo description available.","494641603069550","photo","https://www.facebook.com/photo.php?fbid=494641603069550&set=a.177002334833480&type=3","No photo description available.","494641586402885","photo","https://www.facebook.com/photo.php?fbid=494641586402885&set=a.177002334833480&type=3","No photo description available.","494641673069543","photo","https://www.facebook.com/photo.php?fbid=494641673069543&set=a.177002334833480&type=3",,,,,"100075711437337","Emergency Response Department","https://scontent-iad3-2.xx.fbcdn.net/v/t39.30808-1/324244888_525802072948578_145826541046085436_n.jpg?stp=cp0_dst-jpg_tt6&cstp=mx1000x1000&ctp=s40x40&_nc_cat=103&ccb=1-7&_nc_sid=2d3e12&_nc_ohc=KYVe3BFypSkQ7kNvwE2_g2M&_nc_oc=AdoCiYKgQf1-NaJyhnjnEqDv5E6sviaDJOoS27mrC0keAgw-UmPLTzXIwkrNzDQiup0&_nc_zt=24&_nc_ht=scontent-iad3-2.xx&_nc_gid=C1AD-zNa9zj0XiD6UOgkHA&_nc_ss=7e2a8&oh=00_AQAsrXRxWPtAdN55ais_arVmnxZ-hbzoLKTGDPkv1FPdVw&oe=6A5E547D","https://www.facebook.com/emergencyresponsedepartment","0","494641869736190","LOOK: Current flood situation at the University of Santo Tomas in España, Manila, as of Wednesday, July 24, 2024.

 #CarinaPH
COURTESY: The Varsitarian/Facebook",,,"9","3","7",,,"19","5","1721795619000","https://www.facebook.com/emergencyresponsedepartment/posts/pfbid037trVxSxRNDGnsMqVCBXZ4GWSoHs6suyiAmJNf2V4PSp8onpj7y1pg5qfgb64Kyr7l"
"No photo description available.","10230361551315372","photo","https://www.facebook.com/photo.php?fbid=10230361551315372&set=a.1111797227873&type=3","No photo description available.","10230361551915387","photo","https://www.facebook.com/photo.php?fbid=10230361551915387&set=a.1111797227873&type=3","No photo description available.","10230361552275396","photo","https://www.facebook.com/photo.php?fbid=10230361552275396&set=a.1111797227873&type=3","No photo description available.","10230361552675406","photo","https://www.facebook.com/photo.php?fbid=10230361552675406&set=a.1111797227873&type=3",,,,,"1015144367","Dave Guingona","https://scontent-iad3-2.xx.fbcdn.net/v/t39.30808-1/656921945_10238418744060155_6555159952530454853_n.jpg?stp=cp0_dst-jpg_tt6&cstp=mx576x573&ctp=s40x40&_nc_cat=103&ccb=1-7&_nc_sid=1d2534&_nc_ohc=IhKBMhKo2CwQ7kNvwEF1IAy&_nc_oc=Adoh60QGO2ulaSkh2qGCusy0XWACM-ydGbYq9L6N6DhRNdkf4nz3rqtPnawCuCJxIxw&_nc_zt=24&_nc_ht=scontent-iad3-2.xx&_nc_gid=C1AD-zNa9zj0XiD6UOgkHA&_nc_ss=7e2a8&oh=00_AQAQptJphuS6i9EYGgjV141m9yKKaDy0RwfEJ3112jEE2A&oe=6A5E5FAA","https://www.facebook.com/dave.guingona","11","10230361552875411","Luckily I live in a more elevated area in Quezon City, away from Manila where there is much flooding on major roads and thoroughfares today ...
🌧⚡️🚣🌧☔️🏊‍♀️🌧⚡️🏄‍♂️☔️",,,"3",,"8","3","23","37","0","1721845428000","https://www.facebook.com/dave.guingona/posts/pfbid084o2jLSEiDq5eUk4wi5cGwPd4uo46zDVvcbwQXsBMgonBpq43dGrwKpgSBajRSmvl"
"No photo description available.","784722567154881","photo","https://www.facebook.com/photo/?fbid=784722567154881&set=a.591941526432987",,,,,,,,,,,,,,,,,"100068514341208","KevFem Vlog","https://scontent-iad3-2.xx.fbcdn.net/v/t39.30808-1/738235637_1315350984092034_596606998292504508_n.jpg?stp=cp0_dst-jpg_tt6&cstp=mx960x960&ctp=s40x40&_nc_cat=111&ccb=1-7&_nc_sid=2d3e12&_nc_ohc=pJjLC3wdOdkQ7kNvwHr--w2&_nc_oc=AdoG7dbKhJqJ8lahu1PeBRww7eqhrEf7vghyaIJ4WdQ7wSd-ZtRvxGWuqjbIilHX14Q&_nc_zt=24&_nc_ht=scontent-iad3-2.xx&_nc_gid=C1AD-zNa9zj0XiD6UOgkHA&_nc_ss=7e2a8&oh=00_AQDmCzwjEiPDvPU76basbj-6Fvaxrsl6TUnYTpmlXIox2Q&oe=6A5E3E75","https://www.facebook.com/profile.php?id=100068514341208","3","784722603821544","I gained 1,444 followers, created 683 posts and received 11,623 reactions in the past 90 days! Thank you all for your continued support. I could not have done it without you. 🙏🤗🎉 Thank you followers and non & Pop2Meta thank you very big ❤️  caught the fish before cleaning after flood 🤣 #followlikeshareandcomment #getreactions #StarsEverywhere #followforfollowback #viralpost #viralvideos",,,"2","1",,,"2","5","0","1721864352000","https://www.facebook.com/permalink.php?story_fbid=pfbid033yG4C666eFxo7uoHdueY7HMFDCtC6Q9QDuJ9fy77FTNa1BB6QopMJPp6XHte8v1rl&id=100068514341208"
"No photo description available.","878014947685411","photo",,"No photo description available.","878014977685408","photo",,,,,,,,,,,,,,"100064307401280","Anima-""less"" Kingdom","https://scontent-iad6-1.xx.fbcdn.net/v/t39.30808-1/472451913_992089316277973_6060346008280250668_n.jpg?stp=c63.63.1875.1875a_cp0_dst-jpg_tt6&cstp=mx1875x1875&ctp=s40x40&_nc_cat=106&ccb=1-7&_nc_sid=2d3e12&_nc_ohc=BtL_2YOGlAQQ7kNvwGaOcWA&_nc_oc=Ado14DPBFl9UjLOQYvIGjnrg9k6wCNGurOi_YaN7Tmhd-oX7GSkm8yYJRW7QFAvzBzc&_nc_zt=24&_nc_ht=scontent-iad6-1.xx&_nc_gid=dtJMmKiLxgYTb-ARaD8qTQ&_nc_ss=7e2a8&oh=00_AQCPESKmpDBsVgGnBx6SF4G5Wc6tz-tnJfpLzf74Tq8eSA&oe=6A5E6685","https://www.facebook.com/withAnimaLess","0","878014997685406","LET US ALL SURVIVE THIS FLOOD AS A PACK! 🇵🇭Help the leashed and caged free! 

As a pack, we must not leave our family members behind and this includes our pets as we are the only ones they can depend on! For strays, the best we can do is to help them escape to find their own safe place. 

Stay safe, warm and dry, PINOY PACK! 🫡
#CarinaPH",,,"3",,,,,"3","5","1721805280000","https://www.facebook.com/withAnimaLess/posts/pfbid02yrJrcejDNPiXv1FCCBE3ATcNcWUh7C937VHeHqafXnA8255b1LJukiQQrD1NYTJfl"
"No photo description available.","1933921290363028","photo","https://www.facebook.com/photo/?fbid=1933921290363028&set=a.383415955413577",,,,,,,,,,,,,,,,,"100012355266050","Mann Mann","https://scontent-iad6-1.xx.fbcdn.net/v/t39.30808-1/328481679_920614125628276_6028699110986573393_n.jpg?stp=c5.10.940.940a_cp0_dst-jpg_tt6&cstp=mx940x940&ctp=s40x40&_nc_cat=106&ccb=1-7&_nc_sid=e99d92&_nc_ohc=efsxoTtSSsoQ7kNvwHwawRD&_nc_oc=AdocRjZZcM085TWAdrQw5zm8rnrORt6sy4Ywu8eexvW-2oeGW5mhuUA2sUEMnZBhIZs&_nc_zt=24&_nc_ht=scontent-iad6-1.xx&_nc_gid=dtJMmKiLxgYTb-ARaD8qTQ&_nc_ss=7e2a8&oh=00_AQB-YoycIj_KWCqOYjyhsm2PNWFTjfVUbWhA_5ahMKrIvQ&oe=6A5E5331","https://www.facebook.com/mann.mann.31945243","2","1933921333696357","FLOOD UPDATE

Metro Manila now part of South China Sea.",,"30","6",,,,"4","40","3","1721793104000","https://www.facebook.com/mann.mann.31945243/posts/pfbid02r9ChQvqtdCV7KQzVAQqTgY22wF3GcxC4K6f1wpDjsGLFNj9yJBrAa9tZsh8FpFhml"
"No photo description available.","10225868159717047","photo","https://www.facebook.com/photo/?fbid=10225868159717047&set=a.1034722874719",,,,,,,,,,,,,,,,,"1424851021","Karina Pe Benito","https://scontent-iad3-1.xx.fbcdn.net/v/t39.30808-1/710756364_10233552573822597_3425707078442294651_n.jpg?stp=c0.51.1024.1024a_cp0_dst-jpg_tt6&cstp=mx1024x1024&ctp=s40x40&_nc_cat=108&ccb=1-7&_nc_sid=e99d92&_nc_ohc=Ip7j0kc__wMQ7kNvwHAUoaO&_nc_oc=Adp8JkkIkdYugRntUOIHK6R5ZBWUWqO_IhrjY7oQlfIs69bAgPapvll_vU5srXzSsng&_nc_zt=24&_nc_ht=scontent-iad3-1.xx&_nc_gid=dtJMmKiLxgYTb-ARaD8qTQ&_nc_ss=7e2a8&oh=00_AQATPne8LdAfLhNBGKrK8c43wt7QBZS3HD8ELp3rnDe_dA&oe=6A5E63C5","https://www.facebook.com/KarinaPeBenito","36","10225868160037055","We currently have no access to food, water, and other essentials because of the rains and flooding caused by the typhoon. We cannot even go home to feed our 11 cats. But what matters more to us now is for Mama Mina to wake up from her coma and for her EEG result to be favorable for us and for her neurosurgeon.

While I cannot provide the full breakdown of events at present, my family and I are humbly requesting for you to keep praying for her to wake up and to speak to her via loudspeaker on FB Messenger or Viber.

You may message any of us in her immediate family, should you wish to speak to her. 

Talk to her about anything.

I do believe that she can still hear us.

🙏",,,"6","13","5","74",,"98","0","1721792514000","https://www.facebook.com/KarinaPeBenito/posts/pfbid0ig5Q7c6yyzWwUgccNmUA6cnP8tGopaqSoDG6vmmt72ip4rnYVDBQZEkDV3qefJ7pl"
"No photo description available.","7856436344440926","photo","https://www.facebook.com/photo/?fbid=7856436344440926&set=a.448141625270472",,,,,,,,,,,,,,,,,"100002239164891","Ramon Hojas Enriquez","https://scontent-iad3-2.xx.fbcdn.net/v/t39.30808-1/573385686_24890159733975321_6248748817707608124_n.jpg?stp=cp0_dst-jpg_tt6&cstp=mx1024x1024&ctp=s40x40&_nc_cat=103&ccb=1-7&_nc_sid=1d2534&_nc_ohc=kYyNdz7_9x8Q7kNvwE-llTm&_nc_oc=Ado2dOaDHaSpOLiBmYmao55oWvA4j52QK_3--0HtS7VkkgbWbN6vhNfdDu1xi4lhQKE&_nc_zt=24&_nc_ht=scontent-iad3-2.xx&_nc_gid=dtJMmKiLxgYTb-ARaD8qTQ&_nc_ss=7e2a8&oh=00_AQCXQQI5CFIXFBAMuRnFgw80rrLZiF5bNyXiRzR5BHw1Iw&oe=6A5E5C57","https://www.facebook.com/ramonhojasenriquez","1","7855754351175792","SONA 2024: KEY HIGHLIGHTS AND POLICY ANNOUNCEMENTS - a blog article by Mon Enriquez 

I'm sharing (just in case) my notes from PBBM's third State of the Nation Address (SONA), which was delivered yesterday, July 22, 2024, at the Batasang Pambansa Complex in Quezon City. Despite the threat of Severe Tropical Storm Carina and the absence of the Vice President, this historic event appeared to have the greatest confirmed attendance in Philippine history.

Major Highlights:

1. AGRICULTURE AND FISHERIES:

   - Highest rice harvest in the past year.
   - Ready to release the ASF vaccine.
   - Support for fishermen: 500 million fingerlings and 3,000 boats provided.
   - Distribution of 130,000 land titles to beneficiaries.
   - Seizure of PHP 2.7 billion worth of smuggled agri-fisheries products.

2. INFRASTRUCTURE AND CLIMATE RESILIENCE:

   - Completion of 1,200 kilometers of farm-to-market roads.
   - Irrigation for almost 45,000 hectares of new land.
   - Philippines secured a seat in the Loss and Damage Fund board.
   - Construction of 100 evacuation centers.
   - 5,500 flood control projects completed.

3. TECHNOLOGY AND CONNECTIVITY:

   - Over 10 million devices benefited from free internet.
   - Completion of Phase 1 of the National Fiber Backbone.
   - Transmission line inaugurated in Central Luzon for grid reliability.
   - Cebu-Negros-Panay backbone project completed for Visayas power supply stability.

4. HEALTH AND EDUCATION:

   - Increased availability of generic medicines (from 21 to 53) in PhilHealth.
   - Bridging the digital gap alongside the classroom gap.
   - Expanded career progression system for public school teachers.

5. ECONOMIC INDICATORS:

   - Employment rate increased to 95.9 percent.
   - Graduates produced through the Pantawid Pamilyang Pilipino Program.

6. BAN ON POGOS:

   - Explosive and emotional address with the announcement of measures, including the ban on Philippine Offshore Gaming Operators (Pogos).

7. WEST PHILIPPINE SEA (WPS):

   - Asserting sovereignty in the WPS remains a priority.
   - Measures to protect territorial integrity and maritime resources.

8. WAR ON DRUGS:

- ""Extermination"" is not this Administration's strategy.
   - No specific mention in the SONA, but the issue continues to be addressed.

For more in-depth information, please see the references provided below.

REFERENCES:

1. [Inquirer.net: Highlights - Sona 2024](https://www.inquirer.net/409179/live-updates-sona-2024/)

2. [Philstar: House SecGen - SONA 2024 budget](https://www.philstar.com/headlines/2024/07/10/2369192/house-secgen-20-million-budget-sona-covers-food-essentials)

3. [Global Nation: Sona 2024 - Marcos' explosive address](https://globalnation.inquirer.net/243413/sona-2024-marcos-most-explosive-emotional-yet)

\\\RHE: 20240723, QC-MM, Philippines.",,,,,,,,"0","9","1721703725000","https://www.facebook.com/ramonhojasenriquez/posts/pfbid02uy1RtYiA9Kc5VmC962yLZ8pdmAiQ3d9LPdqvhEpxpQygPhKDmmxy8t4oiRZST7HKl"
,"336943412804811","video","https://www.facebook.com/monte.schofield/videos/336943412804811/",,"927674189373130","video","https://www.facebook.com/monte.schofield/videos/927674189373130/",,,,,,,,,,,,,"100000994686594","Monte Schofield","https://scontent-iad6-1.xx.fbcdn.net/v/t39.30808-1/643042112_26123178487298618_3185648472856857191_n.jpg?stp=cp0_dst-jpg_tt6&cstp=mx1836x1821&ctp=s40x40&_nc_cat=106&ccb=1-7&_nc_sid=e99d92&_nc_ohc=NJkNK9YhmVgQ7kNvwH56L9q&_nc_oc=AdpwSnNqKy5tL_Nv6xeH8HVz-Mgu7bedXiZXSEjNnf_65u67PVIh5n3jCQRkmZTYDZg&_nc_zt=24&_nc_ht=scontent-iad6-1.xx&_nc_gid=dtJMmKiLxgYTb-ARaD8qTQ&_nc_ss=7e2a8&oh=00_AQD5MXrmVKSwK0arF-D1iGFAb9KCw1__cBONyS_0sn-_jg&oe=6A5E68C0","https://www.facebook.com/monte.schofield","3","8001317096578034","This has been our weather for much of the last three days as typhoons pass by in the sea. It is hard to hear the thunder in the background but it is there. Lot's of rain and flooding. We pray the damage will be minimal.",,,"12","3",,"4","1","20","0","1721795129000","https://www.facebook.com/monte.schofield/posts/pfbid02QK4L6jPZFfB3tvD3rAD8NwFyj74ErGa5mW9FJ6S1Nerw2gNfGZT1pT2d6bBvvzvJl"
,"1043475454445167","video",,,,,,,,,,,,,,,,,,"100069028928005","INQUIRER.net","https://scontent-iad3-1.xx.fbcdn.net/v/t39.30808-1/278901640_295125766131719_6117651967592833577_n.png?stp=cp0_dst-png&cstp=mx320x320&ctp=s40x40&_nc_cat=1&ccb=1-7&_nc_sid=2d3e12&_nc_ohc=ema3SF95LIgQ7kNvwFAwLBC&_nc_oc=Ado82iGQUOvHvvY8szCjEvNmBqLD4R824gPc1hUghB_K2IQbaI4nboy2xkySovFQ8jQ&_nc_zt=24&_nc_ht=scontent-iad3-1.xx&_nc_gid=0wjzdehJSuhlEar41StK2A&_nc_ss=7e2a8&oh=00_AQBWj7L_69lY6dPPKizJQ51EKnQJ2vRSHUI6BNggOEyMGw&oe=6A5E5501","https://www.facebook.com/inquirerdotnet","229","897606465883643","WATCH: The flood situation at Montalban Heights San Jose in Rodriguez, Rizal intensifies as of 9:23 a.m. as Typhoon #CarinaPH and the southwest monsoon continue to bring heavy rains. | 📹: Genevie Alvarez/Facebook

Follow live updates for #CarinaPH: https://inqnews.net/CarinaPH","4","6","650","5","1301","63","131","2160","875","1721788903000","https://www.facebook.com/inquirerdotnet/videos/1043475454445167/"
"May be an image of text","804556788430697","photo","https://www.facebook.com/photo/?fbid=804556788430697&set=a.194220272797688",,,,,,,,,,,,,,,,,"100066291500027","Pasig City Public Information Office","https://scontent-iad3-2.xx.fbcdn.net/v/t39.30808-1/241304413_194220316131017_8817860418863376271_n.jpg?stp=c320.250.1429.1429a_cp0_dst-jpg_tt6&cstp=mx1429x1429&ctp=s40x40&_nc_cat=111&ccb=1-7&_nc_sid=2d3e12&_nc_ohc=i_9ty_nGnm0Q7kNvwHVPHF7&_nc_oc=AdpzZYUL-7ccjQF5lHlXPeokDEShLOQpWbXtYSHvaaNp4iQE3yxme8jKxV2-jiWBF4s&_nc_zt=24&_nc_ht=scontent-iad3-2.xx&_nc_gid=0wjzdehJSuhlEar41StK2A&_nc_ss=7e2a8&oh=00_AQBcFNAVX3VAoo1pc4UG7rtzK7ORAcAch9_momiMhu34DQ&oe=6A5E5556","https://www.facebook.com/PasigPIO","164","804557355097307","FLOOD UPDATE
As of 04:00AM July 25, 2024

Please be advised that the following roads are NOT PASSABLE to light vehicles due to significant flooding in the area.

- Gate 5 Karangalan Village Brgy. Manggahan

Please seek alternate route. 

For emergencies, you may call Pasig City Hotline at 8643-0000

Stay safe!

———

FLOOD UPDATE
As of 01:00AM July 25, 2024
Please be advised that the following roads are NOT PASSABLE to light vehicles due to significant flooding in the area.
- Eusebio Ave. (PCGH) Brgy. San Miguel 
- Gate 5 Karangalan Village Brgy. Manggahan

Please seek alternate route.

For emergencies, you may call Pasig City Hotline at 8643-0000.
Stay safe!

-----
FLOOD  UPDATE
As of 11:00PM July 24, 2024

Please be advised that the following roads are NOT PASSABLE to light vehicles due to significant flooding in the area.
- Eusebio Ave. (PCGH) Brgy. San Miguel 
- Gate 5 Karangalan Village Brgy. Manggahan

Both lanes of F. Manalo Bridge in Brgy. Manggahan are temporarily closed due to barge collision involving said bridge. 

Please seek alternate route

For emergencies you may call Pasig City Hotline at 8643-0000

Stay safe!

——-

FLOOD  UPDATE
As of 10:00PM July 24, 2024

Please be advised that the following roads are NOT PASSABLE to light vehicles due to significant flooding in the area.
- Eusebio Ave. (PCGH) Brgy. San Miguel 
- Gate 5 Karangalan Village Brgy. Manggahan

Road closure:
Both lanes of F. Manalo Bridge in Barangay Manggahan is temporarily closed due to barge collision concerning said bridge.

Please seek alternate route. 

For emergencies you may call Pasig City Hotline at 8643-0000

Stay safe!

——-
FLOOD  UPDATE
As of 9:00PM July 24, 2024

Please be advised that the following roads are NOT PASSABLE to light vehicles due to significant flooding in the area:
- Eusebio Ave. (PCGH) - Brgy. San Miguel 
- Gate 5 Karangalan Village Brgy. Manggahan

Please seek alternate route.

For emergencies, you may call Pasig City Hotline at 8643-0000.

Stay safe!
-------------

FLOOD UPDATE
As of 8:00PM July 24, 2024

Please be advised that the following roads are NOT PASSABLE to light vehicles due to significant flooding in the area:
- Jenny's Ave. - Brgy. Maybunga
- F. Legaspi (Rainforest) - Brgy. Maybunga
- Eusebio Ave. (PCGH) - Brgy. San Miguel 
- Gate 5 Karangalan Village - Brgy. Manggahan

Please seek alternate route.

For emergencies, you may call Pasig City Hotline at 8643-0000.

Stay safe!

------

FLOOD UPDATE
As of 6:00PM July 24, 2024

Please be advised that the following roads are NOT PASSABLE to light vehicles due to significant flooding in the area:

- Jenny's Ave - Brgy. Maybunga
- F.Legaspi (Rainforest) - Brgy. Maybunga
- Eusebio Ave (PCGH) - Brgy. San Miguel 
- Gate 5 Karangalan Village - Brgy.Manggahan
- Eagle St. cor. C5 Rd. - Brgy.Ugong
- C.Raymundo Tramo - Brgy Rosario

Please seek alternate route.

For emergencies, you may call Pasig City Hotline at 8643-0000.

Stay safe!

--------------

FLOOD UPDATE
As of 5:00PM, July 24, 2024

Please be advised that the following roads are NOT PASSABLE to light vehicles due to significant flooding in the area:
- Jenny's ave Brgy. Maybunga
- F.Legaspi (Rainforest) Brgy. Maybunga
- Eusebio ave (PCGH) Brgy. San Miguel 
- Gate 5 Karangalan Village Brgy.Manggahan
- Eagle st cor C5 rd. Brgy.Ugong

Please seek alternate route.

For emergencies, you may call Pasig City Hotline at 8643-0000.

Stay safe!

#pasighanda2024
#PasigCityDRRMO
------

FLOOD  UPDATE
As of 3:00PM July 24, 2024

Please be advised that the following roads are NOT PASSABLE to light vehicles due to significant flooding in the area:
- Jenny's Ave - Brgy. Maybunga
- F. Legaspi (Rainforest) - Brgy. Maybunga
- Eusebio Ave (PCGH) - Brgy. San Miguel 
- Gate 5 Karangalan Village - Brgy. Manggahan
- Eagle St. Cor C5 Rd - Brgy. Ugong

Please seek alternate route.

For emergencies, you may call Pasig City Hotline at 8643-0000

Stay safe!

#pasighanda2024
#PasigCityDRRMO

------
FLOOD  UPDATE
As of 2:00PM July 24, 2024

Please be advised that the following roads are NOT PASSABLE to light vehicles due to significant flooding in the area:
- Jenny's ave Brgy. Maybunga
- F.Legaspi (Rainforest) Brgy. Maybunga
- Eusebio ave (PCGH) Brgy. San Miguel 
- Gate 5 Karangalan Village Brgy.Manggahan
- Eagle st cor C5 rd. Brgy.Ugong

Please seek alternate route.

For emergencies, you may call Pasig City Hotline at 8643-0000

Stay safe!

#pasighanda2024
#PasigCityDRRMO

------
FLOOD UPDATE
As of 11:00 AM, July 24, 2024

Please be advised that the following roads are NOT PASSABLE to light vehicles due to significant flooding in the area:
- Jenny's ave Brgy. Maybunga
- F.Legaspi (Rainforest) Brgy. Maybunga
- Eusebio ave (PCGH) Brgy. San Miguel
 
Please seek alternate route.

For emergencies, you may call the Pasig City Hotline at 8643-0000

Stay safe!

-------

FLOOD UPDATE
As of 9:00 AM, July 24, 2024

Please be advised that the following roads are NOT PASSABLE to light vehicles due to significant flooding in the area:
- C. Dela Paz St. Brgy. Caniogan
- G. Raymundo Brgy. Malinao
- Jenny's ave Brgy. Maybunga
- F.Legaspi (Rainforest) Brgy. Maybunga
- Urbano cor. Sandoval Brgy. Pinagbuhatan 

Please seek alternate route.

For emergencies you may call Pasig City Hotline at 8643-0000.

Stay safe!

#pasighanda2024
#PasigCityDRRMO

*This post will be updated as soon as new information from Pasig City DRRMO becomes available.",,"1","1116","130","463","75","6","1791","1496","1721788410000","https://www.facebook.com/PasigPIO/posts/pfbid02woNxBBTkDPzzqAXaDhUjuKdXqoxNANShQKyJ39uWNocjtRmftSUuriubbAgc3Q8Wl"
"No photo description available.","913664094130804","photo","https://www.facebook.com/photo/?fbid=913664094130804&set=a.602294435267773",,,,,,,,,,,,,,,,,"100064616655120","Philippine Star","https://scontent-iad3-1.xx.fbcdn.net/v/t39.30808-1/341858556_918415572727450_374717831366242673_n.jpg?stp=cp0_dst-jpg_tt6&cstp=mx1000x1000&ctp=s40x40&_nc_cat=1&ccb=1-7&_nc_sid=2d3e12&_nc_ohc=g5LUxtqmcMcQ7kNvwGrCCb_&_nc_oc=AdqwT0iSHfjJrEynTvWl_Rf75EUvulu_kXSCM0TGB40aoEpO5Rc5l7oXfm4I20RFPo8&_nc_zt=24&_nc_ht=scontent-iad3-1.xx&_nc_gid=0wjzdehJSuhlEar41StK2A&_nc_ss=7e2a8&oh=00_AQDCqZ-qEqLN5uF6k8Eo2hQeu4f6NPGHUO0pF-A1R9nJ8A&oe=6A5E5FC0","https://www.facebook.com/PhilippineSTAR","145","913656524131561","#CARINAPH NOW A SUPER TYPHOON

PAGASA declared #CarinaPH a supertyphoon after heavy rains and flood on Wednesday. According to their 5 PM weather bulletin, #CarinaPH has a maximum sustained winds of 185 km/h with a gustiness of up to 230 km/h.

Metro Manila has been declared under a state of calamity due to the effects of #CarinaPH and southwest monsoon.","2","4","821","29","2821","52","31","3760","1945","1721812541000","https://www.facebook.com/PhilippineSTAR/posts/pfbid02QzhfVXzr698DbpDnWrx3t41AJbqhV3F54LrHTDmqxRKTtMF19KUmuhfpfWbxBFoXl"
,"389734600807006","video",,,,,,,,,,,,,,,,,,"100064562324642","Rappler","https://scontent-iad3-1.xx.fbcdn.net/v/t39.30808-1/312485121_544389621056444_1709176195648106042_n.jpg?stp=c214.214.652.652a_cp0_dst-jpg_tt6&cstp=mx652x652&ctp=s40x40&_nc_cat=1&ccb=1-7&_nc_sid=2d3e12&_nc_ohc=ivhhtnso5b0Q7kNvwEWcFnv&_nc_oc=AdqyTnDpPLhHCKuMwFFXnSnsvm7GKGsCmmsFKAXiqzFFthuUFW3grIBm6Mzq92H0kBs&_nc_zt=24&_nc_ht=scontent-iad3-1.xx&_nc_gid=0wjzdehJSuhlEar41StK2A&_nc_ss=7e2a8&oh=00_AQA17vuUtN69yGnVZSdLOp9-wd8p3Vxd_F4RrcJmqt8VmQ&oe=6A5E6A40","https://www.facebook.com/rapplerdotcom","13","977377841090951","WATCH: Flood levels along Katipunan Avenue extension in White Plains, Quezon City continue to rise as of 1:20pm on Wednesday, July 24 amid the nonstop rain caused by the enhanced southwest monsoon.

https://www.rappler.com/philippines/weather/typhoon-carina-habagat-updates-floods-landslides-damage-relief-efforts/",,,"94",,"63","14","4","175","50","1721800114000","https://www.facebook.com/rapplerdotcom/videos/389734600807006/"
"No photo description available.","913426614154552","photo","https://www.facebook.com/photo.php?fbid=913426614154552&set=a.602294435267773&type=3","No photo description available.","913426650821215","photo","https://www.facebook.com/photo.php?fbid=913426650821215&set=a.602294435267773&type=3","No photo description available.","913426694154544","photo","https://www.facebook.com/photo.php?fbid=913426694154544&set=a.602294435267773&type=3","No photo description available.","913426734154540","photo","https://www.facebook.com/photo.php?fbid=913426734154540&set=a.602294435267773&type=3","No photo description available.","913426777487869","photo","https://www.facebook.com/photo.php?fbid=913426777487869&set=a.602294435267773&type=3","100064616655120","Philippine Star","https://scontent-iad3-1.xx.fbcdn.net/v/t39.30808-1/341858556_918415572727450_374717831366242673_n.jpg?stp=cp0_dst-jpg_tt6&cstp=mx1000x1000&ctp=s40x40&_nc_cat=1&ccb=1-7&_nc_sid=2d3e12&_nc_ohc=g5LUxtqmcMcQ7kNvwGrCCb_&_nc_oc=AdqwT0iSHfjJrEynTvWl_Rf75EUvulu_kXSCM0TGB40aoEpO5Rc5l7oXfm4I20RFPo8&_nc_zt=24&_nc_ht=scontent-iad3-1.xx&_nc_gid=0wjzdehJSuhlEar41StK2A&_nc_ss=7e2a8&oh=00_AQDCqZ-qEqLN5uF6k8Eo2hQeu4f6NPGHUO0pF-A1R9nJ8A&oe=6A5E5FC0","https://www.facebook.com/PhilippineSTAR","91","913426994154514","Vendors experience heavy flooding due to #CarinaPH and southwest monsoon along Pasay Public Market in Libertad, Pasay on Wednesday.

As of 8 AM on Wednesday, PAGASA raised red rainfall warning over Metro Manila, Rizal, Bataan, Pampanga, and Bulacan. Under red rainfall warning, serious flooding is expected in low and flood-prone areas. (Photos by Ryan Baldemor/The Philippine STAR)",,"2","498","39","1225","178","11","1953","512","1721784172000","https://www.facebook.com/PhilippineSTAR/posts/pfbid02NLc6vLRkKWV7Qf3M4as7DJM8cfLcMkcXTxxsMP1qfnN8XaS1CDb5KxVJpEXqp28sl"
"No photo description available.","1052577966868759","photo","https://www.facebook.com/photo.php?fbid=1052577966868759&set=a.557809623012265&type=3","No photo description available.","1052578040202085","photo","https://www.facebook.com/photo.php?fbid=1052578040202085&set=a.557809623012265&type=3","No photo description available.","1052578013535421","photo","https://www.facebook.com/photo.php?fbid=1052578013535421&set=a.557809623012265&type=3","No photo description available.","1052577980202091","photo","https://www.facebook.com/photo.php?fbid=1052577980202091&set=a.557809623012265&type=3",,,,,"100063496976326","Motoristang Lespu","https://scontent-iad6-1.xx.fbcdn.net/v/t39.30808-1/688169325_1599065405553343_5633754122284750125_n.jpg?stp=cp0_dst-jpg_tt6&cstp=mx960x960&ctp=s40x40&_nc_cat=107&ccb=1-7&_nc_sid=2d3e12&_nc_ohc=KMxvHZKmKBoQ7kNvwGwZfbW&_nc_oc=AdoH5OrhrROWiTrfXqQ4IRNkWkWzQv3nDpF2glE3Buci4N8wi6BOtNjKOFS0NqMV0nM&_nc_zt=24&_nc_ht=scontent-iad6-1.xx&_nc_gid=7LOwETNKqbxK94pRmK7c4w&_nc_ss=7e2a8&oh=00_AQCWOUSYy9AyrBsrA-t648WxRqFFdpKdlMGQRLzw_6mLOw&oe=6A5E390A","https://www.facebook.com/motoristanglespu","23","1052579216868634","LOOK: Motorists brave the flood along Andrews Avenue near Airport Road in Pasay City amid continuous heavy rainfall in several parts of Metro Manila this Wednesday, July 24, 2024.  #FloodPatrol #CarinaPH #WeatherPatrol

©️ABS-CBN News",,,"99","9","41","7","1","157","44","1721782059000","https://www.facebook.com/motoristanglespu/posts/pfbid033RG92hx8dczzfMaXzi8KvXWYQsL15dvmFQp3ErYi1cuR5tUv4KZHB1QEoDUfqKNql"
,"1188459139161470","video",,,,,,,,,,,,,,,,,,"100038813186545","Camille Postolero","https://scontent-iad3-1.xx.fbcdn.net/v/t39.30808-1/704468687_1852765649360523_2505130733499891956_n.jpg?stp=cp0_dst-jpg_tt6&cstp=mx960x960&ctp=s40x40&_nc_cat=1&ccb=1-7&_nc_sid=2d3e12&_nc_ohc=NKsidalENvkQ7kNvwHxhlas&_nc_oc=Ado14v8J_EuL4umLgTm0w-vDF4KDS_JUqV7rRzaJ9OVbMQEoWdJiRJbZWbmvvc5EfW4&_nc_zt=24&_nc_ht=scontent-iad3-1.xx&_nc_gid=7LOwETNKqbxK94pRmK7c4w&_nc_ss=7e2a8&oh=00_AQAPwcUj7onBik4S2hJfyayT5GNdTI9FZgtPc5TKnvec7g&oe=6A5E52B1","https://www.facebook.com/Wilogy","36","1289844585652635","EP na feeling reporter sa baha
Ingat po tayo lahat Mga Ka-Serbisyo! 

DZMM TeleRadyo  ABS-CBN News
Jigo Postolero #baha #carina #work #job #news #short #affair #typhoon #love #flood #kabayan #husband #ph #viral #vid #Fyp #reels #lgbt #gay #report #bad #good #moral #lesson #foryou #foryourpage #fypシ゚viral #fypシ #fypp",,"1","248","85","6","33","2","375","19","1721794982000","https://www.facebook.com/Wilogy/videos/1188459139161470/"
"No photo description available.","909687624532778","photo","https://www.facebook.com/photo.php?fbid=909687624532778&set=a.610822944419249&type=3","No photo description available.","909687691199438","photo","https://www.facebook.com/photo.php?fbid=909687691199438&set=a.610822944419249&type=3","No photo description available.","909687557866118","photo","https://www.facebook.com/photo.php?fbid=909687557866118&set=a.610822944419249&type=3","No photo description available.","909687684532772","photo","https://www.facebook.com/photo.php?fbid=909687684532772&set=a.610822944419249&type=3","No photo description available.","909687504532790","photo","https://www.facebook.com/photo.php?fbid=909687504532790&set=a.610822944419249&type=3","100064746458701","MANILA BULLETIN","https://scontent-iad3-1.xx.fbcdn.net/v/t39.30808-1/486278506_1099976158837256_5940999471121737534_n.jpg?stp=cp0_dst-jpg_tt6&cstp=mx960x960&ctp=s40x40&_nc_cat=1&ccb=1-7&_nc_sid=2d3e12&_nc_ohc=SPUObSUmnT4Q7kNvwGAFLfI&_nc_oc=Adrocg2nlAB89HU-fjv2KqMSdCEvZr3GXnPJiSreXG2Qt6a-2TFn-d7dIlHMtM4UJFI&_nc_zt=24&_nc_ht=scontent-iad3-1.xx&_nc_gid=7LOwETNKqbxK94pRmK7c4w&_nc_ss=7e2a8&oh=00_AQCOdNEStW4xmQq7M0qRB7Mo4CCXcaHbT0swLCy023voLA&oe=6A5E6629","https://www.facebook.com/ManilaBulletin","37","909688134532727","LOOK: Flood situation at Taft Avenue and UN Avenue in Manila as of 9:00 a.m. on Wednesday, July 24.

📷: Noel B. Pabalate | MB",,"3","314","8","463","26","9","823","213","1721791304000","https://www.facebook.com/ManilaBulletin/posts/pfbid0Uzjt3XEyFQvCN5Dj6QrRoYuprpaueiXi4HierSfRT6zxsBixX5jf13oTkvr5AGBl"
"No photo description available.","906308384883881","photo","https://www.facebook.com/photo/?fbid=906308384883881&set=a.494896736025050",,,,,,,,,,,,,,,,,"100065141827460","PH Daily","https://scontent-iad3-1.xx.fbcdn.net/v/t39.30808-1/234727450_194291932739309_7711019421920952788_n.jpg?stp=cp0_dst-jpg_tt6&cstp=mx1500x1500&ctp=s40x40&_nc_cat=101&ccb=1-7&_nc_sid=2d3e12&_nc_ohc=GUn3iM8YJnYQ7kNvwHxeMoM&_nc_oc=AdoST6JLELemWEMvx4WebjQD-l18zWjBsbR151jZOXgiW978zgqIpdqhce2lwRxXCSk&_nc_zt=24&_nc_ht=scontent-iad3-1.xx&_nc_gid=7LOwETNKqbxK94pRmK7c4w&_nc_ss=7e2a8&oh=00_AQCHYLGDE533VIJSVDfDGo6WcMJsz3mtZjUVJSiQkLC4OQ&oe=6A5E6249","https://www.facebook.com/PHDailyNet","85","906308581550528","𝗠𝗮𝗻𝗶𝗹𝗮 𝗕𝗮𝘆 𝗿𝗲𝗰𝗹𝗮𝗺𝗮𝘁𝗶𝗼𝗻 𝗽𝗿𝗼𝗷𝗲𝗰𝘁𝘀 𝗻𝗶 𝗗𝘂𝘁𝗲𝗿𝘁𝗲 𝘀𝗶𝗻𝗶𝘀𝗶 𝘀𝗮 𝘀𝗼𝗯𝗿𝗮𝗻𝗴 𝗽𝗮𝗴𝗯𝗮𝗵𝗮 𝘀𝗮 𝗠𝗲𝘁𝗿𝗼 𝗠𝗮𝗻𝗶𝗹𝗮 

Sinabi ng mga senador na naniniwala sila na ang reclamation project sa Manila Bay ang naging sanhi ng baha hanggang tuhod sa labas ng Senado sa Lungsod ng Pasay noong Miyerkules.

Sa isang text message sa mga mamamahayag, sinabi ng dating Senate President Juan Miguel Zubiri na naniniwala siyang ang reclamation ay isa sa mga dahilan kung bakit binaha ang bahagi ng Diokno Boulevard.

“This, I believe, is the consequence of all the reclamation happening in Manila Bay, wala ng malabasan na flood water dito sa Pasay at Manila,” ayon kay Zubiri

“Babaha at babaha na palagi dyan sa atin tuwing uulan nang malakas,” dagdag niya.

Sinisi rin ni Sen. Joel Villanueva ang reclamation project para sa malawakang pagbaha sa Bulacan, ang kanyang bayan.

“Reclamation pa more!” ayon sa kanyang mensahe sa mga mamamahayag.

Matatandaang naging mainit na balita sa panahon ni dating Pangulong Rodrigo Duterte ang pag-apruba niya sa mga reclamation projects sa Manila Bay. 

Noong taong 2023, napagpasyahan ng gobyerno ni Pangulong Ferdinand R. Marcos Jr. na suspendihin ang lahat ng 22 Manila Bay reclamation projects na na naaprubahan sa panahon ni Duterte.",,"77","52",,,"2","2","133","84","1721813299000","https://www.facebook.com/PHDailyNet/posts/pfbid02h2quQRSFB87Ywk6sFkuGg9D9G15qGS1XHy4ZR99tBL9rfHkWChiZQRsbixNjkAmrl"
,"1150487482700679","video","https://www.facebook.com/reel/1150487482700679/",,,,,,,,,,,,,,,,,"100081603147512","Brilstv","https://scontent-iad3-2.xx.fbcdn.net/v/t39.30808-1/734656288_1022052777191484_7264523029765286274_n.jpg?stp=cp0_dst-jpg_tt6&cstp=mx1254x1254&ctp=s40x40&_nc_cat=105&ccb=1-7&_nc_sid=2d3e12&_nc_ohc=TWr3NED7WogQ7kNvwFjaPLY&_nc_oc=AdqtUpC043EFrDKhI4bJMWQ-S_MQSSVxBzAb2Sr6Nm2pWQfMW6ns5ChDer_q7Vy2VMY&_nc_zt=24&_nc_ht=scontent-iad3-2.xx&_nc_gid=7LOwETNKqbxK94pRmK7c4w&_nc_ss=7e2a8&oh=00_AQByhzAlLorjPHlkM8_dZDl05kYVghSqmyDTNQJip1aE1Q&oe=6A5E3E50","https://www.facebook.com/funnyvideosjkl","9","482189727844461","Marikina River 5:45pm
#reelsvideoシ #flood",,,"36",,"15","1",,"52","43","1721814458000","https://www.facebook.com/reel/1150487482700679/"
"May be an image of 1 person, body of water and grass","517945544078988","photo","https://www.facebook.com/photo/?fbid=517945544078988&set=a.189865010220378",,,,,,,,,,,,,,,,,"100075906401057","Lapu-Lapu","https://scontent-iad6-1.xx.fbcdn.net/v/t39.30808-1/309399338_189865036887042_1858165895889561033_n.jpg?stp=cp0_dst-jpg_tt6&cstp=mx600x600&ctp=s40x40&_nc_cat=100&ccb=1-7&_nc_sid=2d3e12&_nc_ohc=kMcpje4El5EQ7kNvwHpzDX5&_nc_oc=AdpjpLv30AAc94YcqJCYJ5E25-6EEY6uS27GZWduMYqux-6ua50cOnSWiDdlcjbKN_Y&_nc_zt=24&_nc_ht=scontent-iad6-1.xx&_nc_gid=7LOwETNKqbxK94pRmK7c4w&_nc_ss=7e2a8&oh=00_AQBH6vEkqK0wjUvsiD-Enzp64E8dfbihZ6ODbP-k2AEAEA&oe=6A5E4EFD","https://www.facebook.com/DatuLapulapuDimantag","10","517946034078939","IN PICTURE: Talyanistas and Tambatrolls, proud na proud sa napaka effective na 5500 flood projects ng Marcos Admin. 👍👍",,"152","31","1","1",,"1","186","7","1721818084000","https://www.facebook.com/DatuLapulapuDimantag/posts/pfbid0xXs1ZExEnJGPMJVXzE8VKAuxt7ZNNMM1F7zkGp6zWixA3SiJXbmXg4ExMXtTUVmtl"
"No photo description available.","910064881165166","photo","https://www.facebook.com/photo.php?fbid=910064881165166&set=a.365711365600523&type=3","No photo description available.","910064884498499","photo","https://www.facebook.com/photo.php?fbid=910064884498499&set=a.365711365600523&type=3",,,,,,,,,,,,,"100064849864375","DOST-PAGASA","https://scontent-iad3-1.xx.fbcdn.net/v/t39.30808-1/487303686_1099355335569452_7045424019269009221_n.png?stp=cp0_dst-png&cstp=mx1001x1001&ctp=s40x40&_nc_cat=1&ccb=1-7&_nc_sid=2d3e12&_nc_ohc=j7B0Y7UwOxsQ7kNvwFhPWMj&_nc_oc=Ado2rVK3A28LBKEdj0RZ2UxGXH9gwujks-ZLwiy2HxURfjZglroRBPmY2t4fHyKk-sU&_nc_zt=24&_nc_ht=scontent-iad3-1.xx&_nc_gid=TrYymzEGkzR65iJyESMCkw&_nc_ss=7e2a8&oh=00_AQCP5_agpbTN14XFjuPZ8nQerYp66LKmWMO49Ik-XZRhkA&oe=6A5E3DDF","https://www.facebook.com/PAGASA.DOST.GOV.PH","1","910064917831829","Pampanga River Basin
Flood Bulletin #1
Issued @ 5:30AM, 25 July 2024","1",,"145","8","1","13",,"168","122","1721857645000","https://www.facebook.com/PAGASA.DOST.GOV.PH/posts/pfbid02SdH513bg4KHpK7ZZtjqaXK8kGcSnFQRxtEPWwpZrVuK84taFo4swmAbQsJDzHEJVl"
"No photo description available.","976732027822199","photo","https://www.facebook.com/photo.php?fbid=976732027822199&set=a.362804292548312&type=3","No photo description available.","976732047822197","photo","https://www.facebook.com/photo.php?fbid=976732047822197&set=a.362804292548312&type=3","No photo description available.","976732077822194","photo","https://www.facebook.com/photo.php?fbid=976732077822194&set=a.362804292548312&type=3",,,,,,,,,"100064562324642","Rappler","https://scontent-iad3-1.xx.fbcdn.net/v/t39.30808-1/312485121_544389621056444_1709176195648106042_n.jpg?stp=c214.214.652.652a_cp0_dst-jpg_tt6&cstp=mx652x652&ctp=s40x40&_nc_cat=1&ccb=1-7&_nc_sid=2d3e12&_nc_ohc=ivhhtnso5b0Q7kNvwEWcFnv&_nc_oc=AdqyTnDpPLhHCKuMwFFXnSnsvm7GKGsCmmsFKAXiqzFFthuUFW3grIBm6Mzq92H0kBs&_nc_zt=24&_nc_ht=scontent-iad3-1.xx&_nc_gid=TrYymzEGkzR65iJyESMCkw&_nc_ss=7e2a8&oh=00_AQAAULTzHl8O8j3mZv2zjZdSERoMRrPIEJBQTD_7f2_ddw&oe=6A5E6A40","https://www.facebook.com/rapplerdotcom","7","976732157822186","Isagani Street, Loyola Street, and Jamesville at Barangay Santa Ana, Taytay, Rizal, are flooded due to continuous rain brought by the enhanced southwest monsoon on Tuesday, July 23. 📷 Pamahalaang Barangay Sta. Ana, Taytay, Rizal #HabagatPH | via Gab Vizcarra

Is your community affected by flood? Share photos with us in the environment and science chat room of #RapplerCommunities: rplr.co/EnviScienceChat","1","1","52","1","42","8","1","106","38","1721715192000","https://www.facebook.com/rapplerdotcom/posts/pfbid02kp2e8Qq2FaodNAcw5zY6FKnj4nxo1T2iAXob3AXVsFQWFvsCBytshWsvrz2gLDntl"
"No photo description available.","904656505032513","photo","https://www.facebook.com/photo/?fbid=904656505032513&set=a.463936722437829",,,,,,,,,,,,,,,,,"100064645151511","The GUIDON","https://scontent-iad6-1.xx.fbcdn.net/v/t39.30808-1/482009602_1071733244991504_6661166453630729357_n.jpg?stp=cp0_dst-jpg_tt6&cstp=mx1699x1699&ctp=s40x40&_nc_cat=100&ccb=1-7&_nc_sid=2d3e12&_nc_ohc=maRxI7yi8oEQ7kNvwEgCycC&_nc_oc=AdpQ-cDm-eYcEpWqC2HhMzuWGFYpAB-rm4Qlxfk4atrw0TNjp0crjvIsP18usiWM0Lk&_nc_zt=24&_nc_ht=scontent-iad6-1.xx&_nc_gid=TrYymzEGkzR65iJyESMCkw&_nc_ss=7e2a8&oh=00_AQALAO7O739ZqwSu_styxvdpykitj1t78cZZVvbZKgzyVw&oe=6A5E445E","https://www.facebook.com/TheGUIDON","0","904656531699177","FLOOD UPDATE: As of July 24, 11:50 AM, the water level at La Mesa Dam sits at 79.41 meters, raising the ""alarm"" level. Water supply company Manila Water reports that the dam will overflow once it reaches 80.15 meters.

An overflow of the dam is expected to affect low-lying areas along the Tullahan River in Quezon City, Valenzuela, and Malabon. Manila Water advises residents to ready emergency go bags and stay alert for possible flooding or evacuation of their areas.

#Voyager",,,"9",,"46","1","1","57","33","1721795746000","https://www.facebook.com/TheGUIDON/posts/pfbid02atDPNQJE9bNgcL8coBNDqc1xDT6jYWJP2bkuZnchvaXSyXkCGmxPWtT5H88gwBol"
"No photo description available.","885435046966284","photo","https://www.facebook.com/photo.php?fbid=885435046966284&set=a.237728131736982&type=3","No photo description available.","885435076966281","photo","https://www.facebook.com/photo.php?fbid=885435076966281&set=a.237728131736982&type=3","No photo description available.","885435110299611","photo","https://www.facebook.com/photo.php?fbid=885435110299611&set=a.237728131736982&type=3",,,,,,,,,"100064993891753","Philippine News Agency","https://scontent-iad3-1.xx.fbcdn.net/v/t39.30808-1/243376967_237728188403643_1202162057650160894_n.jpg?stp=cp0_dst-jpg_tt6&cstp=mx1258x1258&ctp=s40x40&_nc_cat=1&ccb=1-7&_nc_sid=2d3e12&_nc_ohc=qaGEHl1Gu2EQ7kNvwHjbSaa&_nc_oc=AdqLWaprJNAScbok1_r37q6-mi2mlcyFVyd-6kzRClbnxrs9i2PeRHdYSz1Dq40Sbt8&_nc_zt=24&_nc_ht=scontent-iad3-1.xx&_nc_gid=TrYymzEGkzR65iJyESMCkw&_nc_ss=7e2a8&oh=00_AQCu7dmDffF6Fk_Op1d2IEWemD2l8X_0NHYhhzaBthFhMg&oe=6A5E412E","https://www.facebook.com/pnagovph","10","885435143632941","LOOK: A portion of Aguinaldo Highway in Bacoor, Cavite gets inundated following torrential rain showers on Tuesday (July 23, 2024). #CarinaPH intensifies as it moves northwest, enhancing the southwest monsoon that brings moderate to intense rains in several areas, according to #PAGASA. | PNA photos by Avito Dalan #BantayBagyo",,"1","41","2","22","2","3","71","35","1721725046000","https://www.facebook.com/pnagovph/posts/pfbid0RCPTVD1o1wRz12MMsE49eo2qTcUpHdxACd1QR9WidaYnW1UcSgKCsBXLS1wyheoyl"
"No photo description available.","946111307560267","photo","https://www.facebook.com/photo.php?fbid=946111307560267&set=a.232651225572949&type=3","No photo description available.","946111327560265","photo","https://www.facebook.com/photo.php?fbid=946111327560265&set=a.232651225572949&type=3","No photo description available.","946111424226922","photo","https://www.facebook.com/photo.php?fbid=946111424226922&set=a.232651225572949&type=3","No photo description available.","946111457560252","photo","https://www.facebook.com/photo.php?fbid=946111457560252&set=a.232651225572949&type=3","No photo description available.","946113130893418","photo","https://www.facebook.com/photo.php?fbid=946113130893418&set=a.232651225572949&type=3","100064842182421","Philippine National Police","https://scontent-iad3-1.xx.fbcdn.net/v/t39.30808-1/243162482_232651245572947_9215013167984357713_n.jpg?stp=cp0_dst-jpg_tt6&cstp=mx500x500&ctp=s40x40&_nc_cat=1&ccb=1-7&_nc_sid=2d3e12&_nc_ohc=aqnA43ugwEUQ7kNvwH-7Kb6&_nc_oc=AdqAoYAFV9mVAwe6W0lDysyD1_WrLLyA7YgYtD4X3ZItLRPN6B8P1iNgR1Yo4aMiH4U&_nc_zt=24&_nc_ht=scontent-iad3-1.xx&_nc_gid=TrYymzEGkzR65iJyESMCkw&_nc_ss=7e2a8&oh=00_AQBDjHHe83NQ5WkS6AJvZ1bNpGb0tVYilHBzQhoii1H81Q&oe=6A5E4134","https://www.facebook.com/pnp.pio","70","946113260893405","IN PHOTOS: PNP Officers helping families evacuate from flood-prone areas as Typhoon 'Carina' continues to affect the region.

CTTRO
#SaBagongPilipinasAngGustongPulisLigtasKa
#ToServeandProtect",,"1","769","262","4","242",,"1278","283","1721822300000","https://www.facebook.com/pnp.pio/posts/pfbid02GMyPu4u5g78bj3bqodQRwoGM621fbg5edb2gTVd87edvr1cvwYbBrbN5kH476TZLl"
"No photo description available.","1044150703744796","photo","https://www.facebook.com/photo/?fbid=1044150703744796&set=a.270202357806305",,,,,,,,,,,,,,,,,"100044496276997","Chris Tsuper","https://scontent-iad3-1.xx.fbcdn.net/v/t39.30808-1/427918608_951893772970490_8109434704587978027_n.jpg?stp=cp0_dst-jpg_tt6&cstp=mx1080x1080&ctp=s40x40&_nc_cat=101&ccb=1-7&_nc_sid=2d3e12&_nc_ohc=3nGkax7NZh4Q7kNvwHyCDbB&_nc_oc=AdrM5-Lxl5iXadhS1BJl7RL5PavuZSEtGKly97rQAvmmlY2NaZhcwht7hm-bU9I0-Zg&_nc_zt=24&_nc_ht=scontent-iad3-1.xx&_nc_gid=TrYymzEGkzR65iJyESMCkw&_nc_ss=7e2a8&oh=00_AQDuMvFP8-RZ14e9ZtJJWIpYTzYzl-WD2I5DzS2aKuskZg&oe=6A5E559D","https://www.facebook.com/DJChrisTsuper","18","1044152267077973","HUWAG PO NATIN SILANG IWAN… PLEASE. 🙏😢

#NoOneLeftBehind #doglover #dog #animals #cat  #saveanimals #flood #AnimalCare",,,"55","41","136","89",,"321","81","1721792937000","https://www.facebook.com/DJChrisTsuper/posts/pfbid0mYd2tg5HkL577ojPmyrQftQqzMqz3fF5WxjwT1pTc2kk1RFcvrbaj3ZdN8CkEsx7l"
"No photo description available.","928797019274815","photo","https://www.facebook.com/photo.php?fbid=928797019274815&set=a.494578872696634&type=3","No photo description available.","928796832608167","photo","https://www.facebook.com/photo.php?fbid=928796832608167&set=a.494578872696634&type=3","No photo description available.","928797005941483","photo","https://www.facebook.com/photo.php?fbid=928797005941483&set=a.494578872696634&type=3","No photo description available.","928796925941491","photo","https://www.facebook.com/photo.php?fbid=928796925941491&set=a.494578872696634&type=3","No photo description available.","928796855941498","photo","https://www.facebook.com/photo.php?fbid=928796855941498&set=a.494578872696634&type=3","100064335776110","TOP CARS Manila","https://scontent-iad3-1.xx.fbcdn.net/v/t39.30808-1/353653708_674197114734808_4598292024740326221_n.jpg?stp=c70.0.455.455a_cp6_dst-jpg_tt6&cstp=mx455x455&ctp=s40x40&_nc_cat=108&ccb=1-7&_nc_sid=2d3e12&_nc_ohc=QxhQJfKeMcUQ7kNvwEi_pCx&_nc_oc=AdpRI-Be9PSJ8d0w9Aoia2QjodFeNyv-Fq8cEvsHxgYUi-MEPhJMgFRQCzVjXZcMzhw&_nc_zt=24&_nc_ht=scontent-iad3-1.xx&_nc_gid=TrYymzEGkzR65iJyESMCkw&_nc_ss=7e2a8&oh=00_AQCAkWZZvcTbrO2ISYlr4e_kmpP-OgwLP_bxmHlINSvhqQ&oe=6A5E57B9","https://www.facebook.com/topcarsmanila","2","928797149274802","Metro Manila at mga kalapit na lugar binaha!😔 Stay Safe Everyone!🚨EMERGENCY HOTLINES(RESCUE):

Metro Manila:
1. San Juan City.         238-43-33
2. Paranaque City.       829-09-22
3. Muntinlupa City.      925-43-51
4. Valenzuela City.     292-14-05/0915-2598376
5. Makati City.               870-11-91/870-14-60
6. Caloocan (south).    288-77-17
7. Caloocan (north).     277-28-85
8. Mandaluyong City.   532-21-89/532-24-02
9. Marikina City.            646-24-36/646-24-26
10. Pasig City.               632-00-99
11. Pateros                    642-51-59
12. Manila.                     927-13-35/978-53-12
13. Taguig City.              0917-550-3727
14. Pasay City Rescue hotline: 833-8512 / 551-7777

RED CROSS:
1. Caloocan.                   366-03-80
2. Paranaque.                 836-47-90
3. Mandaluyong.            571-98-94/986-99-52
4. Manila.                        527-21-61/527-35-95
5. Makati.                        403-62-67/403-58-26
6. Quezon City.               0917-854-2956
7. Valenzuela                  432-02-73

NATIONAL HOTLINE   - 911
Quezon City.                - 122
UNTV.                           - 911-86-88

#Ondoy2009 #ondoy #carinaph #news #Manila #baha #flood",,,"25",,"44","10","1","80","84","1721807067000","https://www.facebook.com/topcarsmanila/posts/pfbid032Lnz4nF3bvzVpTP4Hw1HmuX4o8H6frMuMTV92qeQAF9TKyP87hLWx8RrhM3UXuCol"
,"1434431630591718","video","https://www.facebook.com/reel/1434431630591718/",,,,,,,,,,,,,,,,,"100057630782173","Pitshop RC","https://scontent-iad6-1.xx.fbcdn.net/v/t39.30808-1/327745466_6053184638066684_8074367969836347138_n.png?stp=cp0_dst-png&cstp=mx432x432&ctp=s40x40&_nc_cat=106&ccb=1-7&_nc_sid=2d3e12&_nc_ohc=p8_mFu72pswQ7kNvwFZ0Lcw&_nc_oc=Ado3ErtykTu2zYNeH2T-1-GD5DGM_S85K8dQWiUwE547nzOQ6PJahcaIB3p5mwKUF2g&_nc_zt=24&_nc_ht=scontent-iad6-1.xx&_nc_gid=Rse0wNbY6mGAm4JPZpW5pA&_nc_ss=7e2a8&oh=00_AQAUiRk4prueByDu-WmOml7pkQ33Tk8_J6nxk96W1Uw94Q&oe=6A5E4AE3","https://www.facebook.com/profile.php?id=100057630782173","20","931204485477236","Weather report part 3
Sofa super sale! #fbreelsfypシ゚viralシ #baha #flood #weather #climatecrisis",,"28","33",,"5",,"4","70","4","1721807074000","https://www.facebook.com/reel/1434431630591718/"
"No photo description available.","1010060601125121","photo","https://www.facebook.com/photo/?fbid=1010060601125121&set=a.753582873439563",,,,,,,,,,,,,,,,,"100063635721087","Filipino Historian","https://scontent-iad3-1.xx.fbcdn.net/v/t39.30808-1/358737622_753582880106229_1149675097949050784_n.jpg?stp=cp0_dst-jpg_tt6&cstp=mx1543x1543&ctp=s40x40&_nc_cat=110&ccb=1-7&_nc_sid=2d3e12&_nc_ohc=7ZBbnkLBh8QQ7kNvwHh3tA8&_nc_oc=Adp2QV1nhU4clDNPXqH7FDl-o27Pb6zTQMhlD0oFrXScNlA6wf6fMxM1h16iAUGJ5W4&_nc_zt=24&_nc_ht=scontent-iad3-1.xx&_nc_gid=Rse0wNbY6mGAm4JPZpW5pA&_nc_ss=7e2a8&oh=00_AQA3KB60hRR1yT_XcTqINe7geUQeZL6WP9g2iPMZyd024w&oe=6A5E5E2A","https://www.facebook.com/historyphils","31","1010060611125120","""Hindi naman bumabaha ng ganito noon.""
Ang nakaraan:

https://facebook.com/becomesupporter/historyphils/

#FilipinoHistorian #History #HistoryMemes #Flood #Flooding #Habagat #Typhoon #Bagyo #RainingInManila #Baha #DRRM #Philippines",,"190","98","1","29","2","1","321","101","1721788371000","https://www.facebook.com/historyphils/posts/pfbid02BecxB2SHofkc42AJW4PJaLn8UGjTXka9Qzeyx743TY62TtcV5D2XXSejbdRMTtaDl"
,,,,,,,,,,,,,,,,,,,,"100068996364931","Front Page","https://scontent-iad3-1.xx.fbcdn.net/v/t39.30808-1/315654148_1562538384159953_5311857093740552955_n.jpg?stp=cp0_dst-jpg_tt6&cstp=mx2048x2048&ctp=s40x40&_nc_cat=108&ccb=1-7&_nc_sid=2d3e12&_nc_ohc=UtWeMDsH-9YQ7kNvwHfxR8f&_nc_oc=AdpkG7XULlXGNxlSssgcQlT3gBCCtQtTVS1iMvgxdTVJsnIFAx2iHqNB1_qKmgvFUQ8&_nc_zt=24&_nc_ht=scontent-iad3-1.xx&_nc_gid=Rse0wNbY6mGAm4JPZpW5pA&_nc_ss=7e2a8&oh=00_AQBC0vI6vNOVhJXmn7v8GeJO28hWLmXDkR8yRAKPIUg3Ew&oe=6A5E4A53","https://www.facebook.com/frontpagephilippines","312","1028182452006065","Nasaan ang 5500 flood projects? Nasaan ang P244 billion flood projects ng DPWH?","28","793","333","2","138","5","11","1310","172","1721813699000","https://www.facebook.com/MindaVote/posts/pfbid036PhpUigGXUqxSzqsS1Y2fxkktMgZA7ZRQdWq1N4696kq4uawGb9nCLjHQDWdz6Ybl"
,"1164858127966533","video","https://www.facebook.com/reel/1164858127966533/",,,,,,,,,,,,,,,,,"100044440449321","Papa Bol","https://scontent-iad3-1.xx.fbcdn.net/v/t39.30808-1/472382817_1139892727502065_559595654317933626_n.jpg?stp=cp0_dst-jpg_tt6&cstp=mx976x978&ctp=s40x40&_nc_cat=101&ccb=1-7&_nc_sid=2d3e12&_nc_ohc=iBHhA-8lhK0Q7kNvwGce0-J&_nc_oc=AdrXafK9KmK--WbfJbRj_T5CV7LHRN3NbllRLwy41J5vaBamvdFNevkd9Aor_uFflaM&_nc_zt=24&_nc_ht=scontent-iad3-1.xx&_nc_gid=Rse0wNbY6mGAm4JPZpW5pA&_nc_ss=7e2a8&oh=00_AQDzDZ8l0QUtPOvOnxV_lcOCks3cWSRPzNGXxOY_89Pjjw&oe=6A5E3982","https://www.facebook.com/papabol971LS","146","1030014101823262","Iniintay ko Yung Titanic para sunduin ako 😆😆😆

#Titanic 
#baha
#baha2024 
#flooding 
#flood 
#trend
#viral
#trending
#reel","1","503","560","72","18","34","4","1192","326","1721776467000","https://www.facebook.com/reel/1164858127966533/"
,"428136880181162","video","https://www.facebook.com/reel/428136880181162/",,,,,,,,,,,,,,,,,"1096561139","Ralph Bueno","https://scontent-iad6-1.xx.fbcdn.net/v/t39.30808-1/432008082_7472592526133761_4947442638249663115_n.jpg?stp=cp6_dst-jpg_tt6&cstp=mx451x452&ctp=s24x24&_nc_cat=107&ccb=1-7&_nc_sid=e99d92&_nc_ohc=ObVJK0dvRDkQ7kNvwHBIrUg&_nc_oc=AdoF02hbw_c-zNbvRCZ2RbK03kpjakS-R92iFd4BCpsuJminXCrSizYGhaRLfMuG6ws&_nc_zt=24&_nc_ht=scontent-iad6-1.xx&_nc_gid=Rse0wNbY6mGAm4JPZpW5pA&_nc_ss=7e2a8&oh=00_AQCwws1hfDdSX13obaLq4gsnyPW-apwoaRGJS2LiHDHkaA&oe=6A5E6BA9","https://www.facebook.com/ralphbueno","76","3890963274474064","Hmmmmmmm ganun...
 #followerseveryone 
 #fbreels 
 #followersreels 
 #reels
 #mharsvillanil 
 #flood","3","48","53",,"1",,"1","106","21","1721958683000","https://www.facebook.com/groups/2306179422952465/permalink/3890963274474064/"
"No photo description available.","812548674325423","photo","https://www.facebook.com/photo/?fbid=812548674325423&set=a.371015588478736",,,,,,,,,,,,,,,,,"100067108925679","ALONE PH","https://scontent-iad3-1.xx.fbcdn.net/v/t39.30808-1/614132903_1205918844988402_7208346732229624042_n.jpg?stp=cp0_dst-jpg_tt6&cstp=mx1080x1080&ctp=s40x40&_nc_cat=101&ccb=1-7&_nc_sid=2d3e12&_nc_ohc=gLctwSOIHjQQ7kNvwElFoQZ&_nc_oc=Ado4PvRKzycHTM3kx-Ys7aBoSI3arGJEEfUbfqNnquhmA2_tquZKQerqMUb8JABw__w&_nc_zt=24&_nc_ht=scontent-iad3-1.xx&_nc_gid=iXZUpSqxYtomi100TfjijQ&_nc_ss=7e2a8&oh=00_AQC85pKIoFafmnuK2lruYxZylC58vv79EI6dXebJ6rIYVQ&oe=6A5E4F0A","https://www.facebook.com/TheAlonePh","28","812548707658753","Mas protektado ngayon ang mga komunidad sa Riverside sa Palimbang at Esperanza, Sultan Kudarat laban sa pagbaha sa pagkumpleto ng dalawang (2) flood control structures ng Department of Public Works and Highways (DPWH). 

#DPWH 
#AlonePH 
#BuildBetterMore",,,"130",,,,,"130","122","1721700015000","https://www.facebook.com/TheAlonePh/posts/pfbid02yiZ8SG9DTMT4HAoSgwDrX2qhhe2eKKRfNcA3JBE3ZXfW5Q9J5pCygD6zDx6jxNYkl"
,,,,,,,,,,,,,,,,,,,,"100064616655120","Philippine Star","https://scontent-iad3-1.xx.fbcdn.net/v/t39.30808-1/341858556_918415572727450_374717831366242673_n.jpg?stp=cp0_dst-jpg_tt6&cstp=mx1000x1000&ctp=s40x40&_nc_cat=1&ccb=1-7&_nc_sid=2d3e12&_nc_ohc=g5LUxtqmcMcQ7kNvwGrCCb_&_nc_oc=AdqwT0iSHfjJrEynTvWl_Rf75EUvulu_kXSCM0TGB40aoEpO5Rc5l7oXfm4I20RFPo8&_nc_zt=24&_nc_ht=scontent-iad3-1.xx&_nc_gid=iXZUpSqxYtomi100TfjijQ&_nc_ss=7e2a8&oh=00_AQA9acRJjQ85GZ9XaZBi4WMMw9Exxk-3TsYCUeYZK9UW6A&oe=6A5E5FC0","https://www.facebook.com/PhilippineSTAR","30","887273713425572","Stay safeeee guyss",,"1","76","156","43","85","2","363","209","1721803094000","https://www.facebook.com/franzieV/posts/pfbid02XwC3u2PAQ1UEZMRUB8fwoxTgMMtzoy51z5TzGiJtRhH6w7duVspmMCUNNJj2Qcgl"
,,,,,,,,,,,,,,,,,,,,"100064335773823","De La Salle University","https://scontent-iad3-1.xx.fbcdn.net/v/t39.30808-1/378857602_733090842178768_7197209918734155991_n.jpg?stp=cp0_dst-jpg_tt6&cstp=mx640x640&ctp=s40x40&_nc_cat=1&ccb=1-7&_nc_sid=2d3e12&_nc_ohc=spiaY3gZiaQQ7kNvwFCMU6P&_nc_oc=AdpXOFwnK2HvvJMn4WY0I1FrwuWEnjm9D0NRAQwy_Khqcab8SgyHVjG7G8HLI3_1YvQ&_nc_zt=24&_nc_ht=scontent-iad3-1.xx&_nc_gid=iXZUpSqxYtomi100TfjijQ&_nc_ss=7e2a8&oh=00_AQBB1XDkTYUhSJZwA7W2v1SuWRmAzRq-fm1Oxy8FLzTt2w&oe=6A5E42EB","https://www.facebook.com/DLSU.Manila.100","15","928876219266895","[ANNOUNCEMENT]

In view of the massive flooding across Metro Manila and nearby provinces, faculty and staff who need time for recovery efforts from the flood may file for a special leave for up to three (3) days.  

Students in similar situation may file for excused absence for up to three (3) days.",,,"579","1181","3","443","4","2210","493","1721817953000","https://www.facebook.com/DLSU.Manila.100/posts/pfbid026Kmsbt3eNjP58Dc1ikVGf1xtQUD4t1akp4Bmt9YUyLz3jB2AEq5We2kg1g9fp81Wl"
"No photo description available.","928045439338266","photo","https://www.facebook.com/photo/?fbid=928045439338266&set=a.174129438063207",,,,,,,,,,,,,,,,,"100063984548028","The Catalyst","https://scontent-iad3-1.xx.fbcdn.net/v/t39.30808-1/748746050_1515436427265828_1799147147792235669_n.jpg?stp=cp0_dst-jpg_tt6&cstp=mx1280x1280&ctp=s40x40&_nc_cat=1&ccb=1-7&_nc_sid=2d3e12&_nc_ohc=Mwm9Wlkd8W8Q7kNvwHbd4NN&_nc_oc=AdohACuvVxldh9qjtViVmUS6Wp9J49kCMPCvlLNEDpPCR47vFLfwHWn7Gt_LC3GvX48&_nc_zt=24&_nc_ht=scontent-iad3-1.xx&_nc_gid=iXZUpSqxYtomi100TfjijQ&_nc_ss=7e2a8&oh=00_AQC2etfqYSrlhIMzxIkIg8L-JoNKxlt7yJvctGUwGvvwBg&oe=6A5E5F6C","https://www.facebook.com/pup.thecatalyst","2","928045546004922","The PUP Community extends its helping hand in response to those affected by the heavy rain and flood caused by #CarinaPH and the southwest monsoon.

PUP Sentral na Konseho ng Mag-aaral (SKM), PUP Office of the Student Regent (OSR), Alyansa ng Nagkakaisang Konseho ng PUP (ANAK PUP), Federation of Alumni Association in PUP, Inc. (FEDAAPI), Office of the Faculty Regent (OFR), PUP Federated Faculty Association, Inc., Alliance of Concerned Teachers (ACT) PUP, Unyon ng mga Guro sa PUP (UGPUP), and Unyon ng mga Kawani ng PUP (UNAKA PUP), and in partnership with Tulong Kabataan Sta. Mesa asks for in-kind and/or monetary donations through the following:

[FOR MONETARY DONATIONS]

GCASH 
   Jullianne Hyacinth Joven
   09064164678

   Godofredo Barraca Jr.
   09206756912

MAYA
   Jullianne Hyacinth Joven
   09064164678

GOTYME
   Jullianne Hyacinth Joven
   0151 2263 2658

PAYPAL
   gurdheephampal18@gmail.com

LANDBANK
   John Darrow M. Amorosa
   4826 0229 50

[FOR IN-KIND DONATIONS]

PUP SKM Office
Rm. 200, 2/F, Charlie Del Rosario Bldg., PUP A. Mabini Campus

Kindly coordinate with the following:

•Terrence Tamayosa | 09053116105
• Tracy Althea Ramos | 09305317182
• Jullianne Hyacinth Joven | 09064164678

The Catalyst's inbox is also open for inquiry and concerns.

Stay safe, iskolars!",,,"9","77",,"9",,"95","80","1721820674000","https://www.facebook.com/pup.thecatalyst/posts/pfbid02SSMein8DDpo7qyTMAKs5Bsv2ZaC4scpy9uurHsDv3rkaP7KA2Mps62PiiBxgjUg8l"
,"3418083771830516","video","https://www.facebook.com/reel/3418083771830516/",,,,,,,,,,,,,,,,,"100063877247975","Nephora","https://scontent-iad3-1.xx.fbcdn.net/v/t39.30808-1/309664994_492252912913946_1212653767980894812_n.jpg?stp=cp0_dst-jpg_tt6&cstp=mx412x405&ctp=p40x40&_nc_cat=101&ccb=1-7&_nc_sid=2d3e12&_nc_ohc=1oixOU9x668Q7kNvwGfmutz&_nc_oc=Adq9QgnzruSbTOkhJ6nqc5G2NKpc6NCT2Iw65GLhu4SJx08MpLRefV1xboCzG4pt1Qg&_nc_zt=24&_nc_ht=scontent-iad3-1.xx&_nc_gid=iXZUpSqxYtomi100TfjijQ&_nc_ss=7e2a8&oh=00_AQBi_2aZ3GcbMheZ66NrCgkiFrKc1G0FXfq0LjeZGGSj3g&oe=6A5E4B2F","https://www.facebook.com/profile.php?id=100063877247975","9","942802297859003","Baha ni Bagyong Carina
#baha
#CarinaPH 
#carina
#typhoon
#habagat 
#flood
#fbreels 
#fbreelsvideo 
#fbreelsviral 
#reelsfb 
#reelsviral 
#viral 
#nephora
#trending 
#trendingreels
#trendingnow
#fypシ゚viralシ #adsonreels2024 #adsonreelsmonetization #adsonreelsinvitation #adsonreels #viralreels24  #reelsfypシfb  #reelsviralfb  #reelsvideoシ   #highlights  #followers #goodday  #GoodMorningEveryone 
#goodmorning #Godblesseveryone  #everyonefollowers 
#everyone 
@highlights
@highlight 
@followers
@follower
@Everyone 
#followerseveryone",,,"45","2","5","2","3","57","102","1721738798000","https://www.facebook.com/reel/3418083771830516/"
"No photo description available.","122157329852122463","photo","https://www.facebook.com/photo/?fbid=122157329852122463&set=a.122094396488122463",,,,,,,,,,,,,,,,,"61553673892641","Usapang Kongreso","https://scontent-iad6-1.xx.fbcdn.net/v/t39.30808-1/401508916_24384411187840557_8956098666965329518_n.jpg?stp=cp0_dst-jpg_tt6&cstp=mx1500x1500&ctp=s40x40&_nc_cat=106&ccb=1-7&_nc_sid=2d3e12&_nc_ohc=IkPnKEC7kEkQ7kNvwGOyBX6&_nc_oc=AdqIIknXO6lDCefMVOdRj9S3xGaZ74V3E6om4XiK0DyE0vfA3BZjw9WDisdgRob6WhE&_nc_zt=24&_nc_ht=scontent-iad6-1.xx&_nc_gid=iXZUpSqxYtomi100TfjijQ&_nc_ss=7e2a8&oh=00_AQDtX31FdqfaKresAIHLyA7R-2gWAPUfucedrPDhJkuwIw&oe=6A5E432A","https://www.facebook.com/UsapangKongreso","8","122157329540122463","""Ramdam niyo ba ang P244.57 billion budget na nilagak daw para sa flood control projects?"" #CarinaPH 

#UsapangKongreso",,"19","18",,"48","1",,"86","52","1721828944000","https://www.facebook.com/UsapangKongreso/posts/pfbid02ZE4PjPwjzYVCnibMFrGRQSi1LatAX7ZLCxu1yJxMahbUcxp8k6mcMs5Qgu38HrkJl"
,,,,,,,,,,,,,,,,,,,,"100028120885534","Ginaph","https://scontent-iad6-1.xx.fbcdn.net/v/t39.30808-1/407721490_1245497906397560_6770333031175390651_n.jpg?stp=cp0_dst-jpg_tt6&cstp=mx960x960&ctp=s40x40&_nc_cat=107&ccb=1-7&_nc_sid=2d3e12&_nc_ohc=w3YszpBP3T4Q7kNvwGgJvMF&_nc_oc=Adp8_1On5GGgy5iHQhW4_OM5CIOkCJahQgq5lKg8fHYxEEtGJAmVhRa3Bk2wf63Y7us&_nc_zt=24&_nc_ht=scontent-iad6-1.xx&_nc_gid=jdKsLeJbz9X0ToUWkMakSg&_nc_ss=7e2a8&oh=00_AQBXPyh8QnF-2HeNkmaUByqyHP9TIBRWMUsITlK7afeNkg&oe=6A5E5C02","https://www.facebook.com/profile.php?id=100028120885534","57","1395334894747193","Wag kayong mabahala sa baha mga mahal Kong kababayan kasi 5.500 na ang pinagawa ni BEBEM na flood control system sa pilipinas at marami pang pinapa gawa! ANG tanong nalang saan? Si #carinaph ang nag papatunay drowing lang ang sinabi ni BEBEM?!
#ginaph #foryourpage #followers",,"18","42",,"7",,,"67","2","1721853514000","https://www.facebook.com/permalink.php?story_fbid=pfbid0MBme7XRqb8oLRKSDwfmC5kjJ4eyiCAV9yikhBowMNVgQJAcPTsnJSXM4uufQ8u7el&id=100028120885534"
,,,,,,,,,,,,,,,,,,,,"100001678418800","Clarita Mazo","https://scontent-iad3-2.xx.fbcdn.net/v/t39.30808-1/356396126_6452802034785680_4420138085968282767_n.jpg?stp=cp0_dst-jpg_tt6&cstp=mx956x960&ctp=s40x40&_nc_cat=111&ccb=1-7&_nc_sid=1d2534&_nc_ohc=Qk6QfoLMxu4Q7kNvwEWD2eG&_nc_oc=Adq9OOpO935SwXTxaccflc4O8Xwf0qWIDYB_bY_-IRdkxJf7RxsQpLq-WV-4RImONSU&_nc_zt=24&_nc_ht=scontent-iad3-2.xx&_nc_gid=jdKsLeJbz9X0ToUWkMakSg&_nc_ss=7e2a8&oh=00_AQBeoV6pNlTLo3uW5z29adR0EuxfVm2qp98NZI6O2Kco7A&oe=6A5E569D","https://www.facebook.com/claritakuizon.ballesterosmazo","305","8038823396176783","🙏Prayer For Protection Against🙏
🙏🙏Heavy Rains and Floods🙏🙏",,,"347","290",,"23",,"660","100","1721738162000","https://www.facebook.com/groups/150025301723338/permalink/8038823396176783/"
,,,,,,,,,,,,,,,,,,,,"100064731304793","Church So Blessed","https://scontent-iad3-2.xx.fbcdn.net/v/t39.30808-1/558674122_1237806855053680_2999457644033445230_n.jpg?stp=cp0_dst-jpg_tt6&cstp=mx2048x2048&ctp=s40x40&_nc_cat=111&ccb=1-7&_nc_sid=2d3e12&_nc_ohc=-5oRxRfipDgQ7kNvwGBfxTw&_nc_oc=AdowiTqJoJebWVJ-GUTiGQT6fdAcFZyVhA-HcV9wNzPZ6gA2ECBYqPe9FKE7XcCr1wI&_nc_zt=24&_nc_ht=scontent-iad3-2.xx&_nc_gid=jdKsLeJbz9X0ToUWkMakSg&_nc_ss=7e2a8&oh=00_AQB8gtI7eDilMgr1r4bkB5FDnMSY3HdhWe0ocXJHAqwpiw&oe=6A5E3589","https://www.facebook.com/CSBQC","123","895557502611952","Rain, no more! Flood subside! In Jesus name! Amen.",,"1","104","223",,"40",,"368","22","1721801182000","https://www.facebook.com/CSBQC/posts/pfbid035GHeBKbGRz3Gt5vMD2icpRqS1RgsQsCEi297qXAB1EDJB4PRSM9f3KS4iUEg8Po7l"
,,,,,,,,,,,,,,,,,,,,"100047146281391","My Beloved Philippines","https://scontent-iad3-2.xx.fbcdn.net/v/t39.30808-1/616122994_1399769161604613_1440354539985583747_n.jpg?stp=cp0_dst-jpg_tt6&cstp=mx927x920&ctp=s40x40&_nc_cat=111&ccb=1-7&_nc_sid=2d3e12&_nc_ohc=JNy0TWTmAzEQ7kNvwFTbXMv&_nc_oc=Adr1WYZ-A3Yb6atH4rxT2o3sWQhzxsnB67ibaZM4Xesu4se3NA1fC2VJ6nV2F-4I-wg&_nc_zt=24&_nc_ht=scontent-iad3-2.xx&_nc_gid=jdKsLeJbz9X0ToUWkMakSg&_nc_ss=7e2a8&oh=00_AQCG5yieR-Xr7EbyTFFeMtVBiI7HdPX4Iv-fNSaTwKhirQ&oe=6A5E5126","https://www.facebook.com/mybelovedph","28","1005194221062111","Hinahanap niyo si Sara kahit may Presidente. Aminin niyo na na mas kailangan niyo siya kaysa Presidente niyo na naghambog sa more than 5000 na flood control projects na natapos na kaya ayon nalunod tayo.","1","33","57",,"1",,,"92","7","1721836383000","https://www.facebook.com/mybelovedph/posts/pfbid0PnbBCeMhWWwXkUTjqDokpQtf5sGcsGvC3kufW8tKjYVpHD2GgnDZyig7oC8DnAksl"
"No photo description available.","909876187847255","photo","https://www.facebook.com/photo/?fbid=909876187847255&set=a.610822944419249",,,,,,,,,,,,,,,,,"100064746458701","MANILA BULLETIN","https://scontent-iad3-1.xx.fbcdn.net/v/t39.30808-1/486278506_1099976158837256_5940999471121737534_n.jpg?stp=cp0_dst-jpg_tt6&cstp=mx960x960&ctp=s40x40&_nc_cat=1&ccb=1-7&_nc_sid=2d3e12&_nc_ohc=SPUObSUmnT4Q7kNvwGAFLfI&_nc_oc=Adrocg2nlAB89HU-fjv2KqMSdCEvZr3GXnPJiSreXG2Qt6a-2TFn-d7dIlHMtM4UJFI&_nc_zt=24&_nc_ht=scontent-iad3-1.xx&_nc_gid=jdKsLeJbz9X0ToUWkMakSg&_nc_ss=7e2a8&oh=00_AQDJ-3gm7exDCSCEoU9SA852dyzH_j0IWiPXgEb36mbtfA&oe=6A5E6629","https://www.facebook.com/ManilaBulletin","0","909876187847255","LOOK: The PCG rescues more than 40 residents trapped in chest-deep flood in Novaliches, Quezon City and North Caloocan on Wednesday, July 24. #CarinaPH (Photo courtesy of PCG) via Martin Sadongdong",,,"3","1",,,,"4","0","1721814098000","https://www.facebook.com/photo.php?fbid=909876187847255&set=a.610822944419249&type=3"
,"1157583198799771","video","https://www.facebook.com/reel/1157583198799771/",,,,,,,,,,,,,,,,,"100072217095432","Gie Blanco","https://scontent-iad3-2.xx.fbcdn.net/v/t39.30808-1/471375621_8837494496349328_7044707501962023291_n.jpg?stp=cp0_dst-jpg_tt6&cstp=mx1536x1536&ctp=s24x24&_nc_cat=111&ccb=1-7&_nc_sid=e99d92&_nc_ohc=2Vxje0tM_HYQ7kNvwEc4SOu&_nc_oc=AdplWEF92NhcfAcsLBSejjvQHAqFuviQtCjwpGoOuDJ-umQNT3vqN3jdGANsImOX2Jg&_nc_zt=24&_nc_ht=scontent-iad3-2.xx&_nc_gid=UseHvbc816wsGPiKPvwO-g&_nc_ss=7e2a8&oh=00_AQBIh_dbk54fhoOWHudEP3waZY2nycpekXZUjYIEy8ROvw&oe=6A5E3739","https://www.facebook.com/gie.blanco","183","1224026212378446","Prayer to stop the rain and flood 🙏🏻🙏🏻",,,"496","460","2","28",,"986","178","1721823422000","https://www.facebook.com/groups/461673295280412/permalink/1224026212378446/"
,"854459203273587","video","https://www.facebook.com/reel/854459203273587/",,,,,,,,,,,,,,,,,"100063699891849","Chrisworx Customs","https://scontent-iad3-2.xx.fbcdn.net/v/t39.30808-1/574484527_1373969734736343_1432050262644158532_n.jpg?stp=cp0_dst-jpg_tt6&cstp=mx1080x1083&ctp=s40x40&_nc_cat=111&ccb=1-7&_nc_sid=2d3e12&_nc_ohc=9If3RGVeuREQ7kNvwEDszE1&_nc_oc=AdoEk5BMKMyZxUKJAN47K5zBH0fdraAGcwRUjOIY9w7o8-5BZS9gSzhol5Os2d3JRxg&_nc_zt=24&_nc_ht=scontent-iad3-2.xx&_nc_gid=UseHvbc816wsGPiKPvwO-g&_nc_ss=7e2a8&oh=00_AQBp1X3I4oDhIRFfmJFr7VffQRwjmY9Qjs7PcACfln3OAA&oe=6A5E4CC1","https://www.facebook.com/chrisworxcustoms","14","983608473772473","Typhoon Carina Flood Update as of 5:00pm
Pasig Maybunga, Rosario, Rotonda Areas

Stella Mariz Ave (flooded)
Rotonda Dr. Sixto Ave to Rosario Brgy. Hall (clear)
C. Raymundo Ave to Stella Mariz (flooded)
C. Raymundo to Rotonda (clear)

#TyphoonCarina #typhooncarinaph #Pasig #PasigCity
#StarsEverywhere #fbreelsfypシ゚ #fbreelsfypシ゚viralシ #fbreels",,,"29","2","1","1",,"33","33","1721814541000","https://www.facebook.com/reel/854459203273587/"
"No photo description available.","873824088127346","photo","https://www.facebook.com/photo/?fbid=873824088127346&set=a.637666555076435",,,,,,,,,,,,,,,,,"100064992870078","Daily Tribune","https://scontent-iad3-1.xx.fbcdn.net/v/t39.30808-1/481982248_1027766186066468_4662468094189669093_n.jpg?stp=cp0_dst-jpg_tt6&cstp=mx963x963&ctp=s40x40&_nc_cat=1&ccb=1-7&_nc_sid=2d3e12&_nc_ohc=MCpxHOsvefkQ7kNvwEyZvqC&_nc_oc=AdrQmxAyogxrky93wO2lGRaRUV2BkXhYE7OiHI9K8inuvfotC8azj8_vDdM65cXEZK4&_nc_zt=24&_nc_ht=scontent-iad3-1.xx&_nc_gid=UseHvbc816wsGPiKPvwO-g&_nc_ss=7e2a8&oh=00_AQByE7DklN9N81puWHc7I0h9pnSgipvu16U_kcsjIgO6GA&oe=6A5E61AE","https://www.facebook.com/tribunephl","0","873813981461690","FLOOD ADVISORY

#CarinaPH 
#DailyTribune",,"1","5",,"2",,,"8","8","1721706794000","https://www.facebook.com/tribunephl/posts/pfbid0MHLi56ZSn54E4agQ4c2ay4XhC5Z3y1FC5hevWumHTmNmUg2PibNMh2KgzRdTxRCSl"
"No photo description available.","874909754685446","photo","https://www.facebook.com/photo/?fbid=874909754685446&set=a.637666555076435",,,,,,,,,,,,,,,,,"100064992870078","Daily Tribune","https://scontent-iad3-1.xx.fbcdn.net/v/t39.30808-1/481982248_1027766186066468_4662468094189669093_n.jpg?stp=cp0_dst-jpg_tt6&cstp=mx963x963&ctp=s40x40&_nc_cat=1&ccb=1-7&_nc_sid=2d3e12&_nc_ohc=MCpxHOsvefkQ7kNvwEyZvqC&_nc_oc=AdrQmxAyogxrky93wO2lGRaRUV2BkXhYE7OiHI9K8inuvfotC8azj8_vDdM65cXEZK4&_nc_zt=24&_nc_ht=scontent-iad3-1.xx&_nc_gid=UseHvbc816wsGPiKPvwO-g&_nc_ss=7e2a8&oh=00_AQByE7DklN9N81puWHc7I0h9pnSgipvu16U_kcsjIgO6GA&oe=6A5E61AE","https://www.facebook.com/tribunephl","3","874909854685436","3 to 4 feet Deep!

Brgy. Calulut, City of San Fernando, Pampanga inundated by 3 to 4 feet deep of water | via Larry Payawal (Photo courtesy of Smelia Tuazon)

#CarinaPH #DailyTribune",,,"6",,"3","1",,"10","2","1721860950000","https://www.facebook.com/tribunephl/posts/pfbid02iuWSjK36jvbDRbVp2quWrzk9bT6dkWHm7e4pEhdqRxNnqaahtVzZaN7m9ArPvjDel"
"No photo description available.","831848745714851","photo","https://www.facebook.com/photo.php?fbid=831848745714851&set=a.303093108590420&type=3","No photo description available.","831848815714844","photo","https://www.facebook.com/photo.php?fbid=831848815714844&set=a.303093108590420&type=3","No photo description available.","831848909048168","photo","https://www.facebook.com/photo.php?fbid=831848909048168&set=a.303093108590420&type=3","No photo description available.","831848955714830","photo","https://www.facebook.com/photo.php?fbid=831848955714830&set=a.303093108590420&type=3","No photo description available.","831849015714824","photo","https://www.facebook.com/photo.php?fbid=831849015714824&set=a.303093108590420&type=3","100066691994700","Monsday","https://scontent-iad3-1.xx.fbcdn.net/v/t39.30808-1/726380981_1349631330603254_8149657948367933935_n.jpg?stp=c0.0.1024.1024a_cp0_dst-jpg_tt6&cstp=mx1024x1024&ctp=s40x40&_nc_cat=110&ccb=1-7&_nc_sid=2d3e12&_nc_ohc=fnE71qvw-6oQ7kNvwEim255&_nc_oc=AdpFTyo9kIBmdXKt2yE1K-mQoSZVkcB9gUStyiumiPQ0BtfN7wnF5VZRGw3TF2nCXRk&_nc_zt=24&_nc_ht=scontent-iad3-1.xx&_nc_gid=UseHvbc816wsGPiKPvwO-g&_nc_ss=7e2a8&oh=00_AQAg5SpjmQnIqgm30471Q4heMHurbOH3WFv811ts4Of8XA&oe=6A5E5736","https://www.facebook.com/monsssday","4","831849092381483","Keep safe everyone. #typhoon #flood #manila",,,"2",,"12",,,"14","6","1721816641000","https://www.facebook.com/monsssday/posts/pfbid0RT8aAZuNM7WynPTVKb7S7Ban6ZuJET93etFSFWiEU3axUgfeG7VHkgMdpueAqqEzl"
"No photo description available.","459614960273149","photo","https://www.facebook.com/photo.php?fbid=459614960273149&set=a.102627175971931&type=3","No photo description available.","459614990273146","photo","https://www.facebook.com/photo.php?fbid=459614990273146&set=a.102627175971931&type=3",,,,,,,,,,,,,"100086739456414","PH Parkway Village Homeowners Association Inc PVHAI","https://scontent-iad3-1.xx.fbcdn.net/v/t39.30808-1/310809533_10227831145388131_2280026969290430614_n.jpg?stp=c12.0.580.580a_cp0_dst-jpg_tt6&cstp=mx580x580&ctp=s40x40&_nc_cat=101&ccb=1-7&_nc_sid=2d3e12&_nc_ohc=R3UZhkSEvmkQ7kNvwGzLA2l&_nc_oc=Adq1fRY_QaMRP39p-oR4c3eWnjMmMvM48zRxIXhhbPaHl2Mh9K5Rm0x4AVSFeyj-FUA&_nc_zt=24&_nc_ht=scontent-iad3-1.xx&_nc_gid=0hMsGcqVlTGetxalxJ4XxQ&_nc_ss=7e2a8&oh=00_AQDtY_hCkYrbeqOFs3xabINvHIr16f_XqniAClJuNAAvQw&oe=6A5E5B33","https://www.facebook.com/profile.php?id=100086739456414","5","459615006939811","Flood Update as of 2024.07.24 10:12am

Caroline Guard House, Antoinette, Caroline, Facing MH Del Pilar Bridge, Waist Deep Flood Waters

For Assistance, please contact Barangay Apolonio Samson and the guardhouse at 0917 185 2299

Pray for Parkway...",,,"5",,"19","2",,"26","9","1721787918000","https://www.facebook.com/permalink.php?story_fbid=pfbid02JuBsvGHH7iLoCESFopHPDFjCgqfUXSMketpeuBVWhN9F4GGBeXUJZ8RfAvsjpPLXl&id=100086739456414"
,"1902780510189108","video",,,,,,,,,,,,,,,,,,"100063973842506","Flood Control Asia RS","https://scontent-iad6-1.xx.fbcdn.net/v/t39.30808-1/292046102_423758326433292_6095856213619851414_n.png?stp=cp0_dst-png&cstp=mx1080x1080&ctp=s40x40&_nc_cat=106&ccb=1-7&_nc_sid=2d3e12&_nc_ohc=SufljAMHZZEQ7kNvwECgLLN&_nc_oc=Adq_dTU7G8hi5_2gqZiJgIhj9i_RRhBOs9sW8IkXsk3vILbxMIbmK1qmenLkaK7ks1E&_nc_zt=24&_nc_ht=scontent-iad6-1.xx&_nc_gid=0hMsGcqVlTGetxalxJ4XxQ&_nc_ss=7e2a8&oh=00_AQBPYAoi4GFqCfKyWLGP_xlDSC0XPzT-5TXhXZMPA9Udog&oe=6A5E3D0F","https://www.facebook.com/floodcontrol.asia","1","925948032880983","WE ARE NOT #SAFE UNLESS WE CHOOSE TO BE SAFE!

This is the FACE OF #FLOOD! A reminder that floods spare no one and destroy everything in their path. Be proactive and prioritize protecting what matters most.

TALK TO THE RS FLOOD EXPERTS TODAY! https://thefloodexperts.de/book-meeting/

#floodprotection #floodsolution #FloodExpert",,,"15",,"2","1",,"18","6","1721816782000","https://www.facebook.com/floodcontrol.asia/videos/1902780510189108/"
"No photo description available.","892480132920169","photo","https://www.facebook.com/photo.php?fbid=892480132920169&set=a.601283242039861&type=3","No photo description available.","892480342920148","photo","https://www.facebook.com/photo.php?fbid=892480342920148&set=a.601283242039861&type=3","No photo description available.","892480152920167","photo","https://www.facebook.com/photo.php?fbid=892480152920167&set=a.601283242039861&type=3","No photo description available.","892480256253490","photo","https://www.facebook.com/photo.php?fbid=892480256253490&set=a.601283242039861&type=3","No photo description available.","892480286253487","photo","https://www.facebook.com/photo.php?fbid=892480286253487&set=a.601283242039861&type=3","100064745708805","The Manila Times","https://scontent-iad3-1.xx.fbcdn.net/v/t39.30808-1/449707011_877209431113906_9150833193518298800_n.jpg?stp=cp0_dst-jpg_tt6&cstp=mx960x960&ctp=s40x40&_nc_cat=1&ccb=1-7&_nc_sid=2d3e12&_nc_ohc=GJfwZE8olLwQ7kNvwETeo_B&_nc_oc=AdqjtE27oGxkJfj_puYwWMVeOMyHtvmVff9PAe9dO46JeWB477bVR61AYnaXKT3YA44&_nc_zt=24&_nc_ht=scontent-iad3-1.xx&_nc_gid=0hMsGcqVlTGetxalxJ4XxQ&_nc_ss=7e2a8&oh=00_AQD9muZNPqi0I5yR35uvnojgUhReJ2fey2SOH6kX3HqwoQ&oe=6A5E444A","https://www.facebook.com/TheManilaTimes","6","892480739586775","Residents of Cainta, Rizal brave flood waters brought by Typhoon Carina on Wednesday, July 24, 2024. 

PHOTOS BY JOHN ORVEN VERDOTE",,,"35","6","6","8",,"55","10","1721824936000","https://www.facebook.com/TheManilaTimes/posts/pfbid07viJQLav1ceB2AnrAaSJNUDNsd8AwTYQq84tJN9JsqkJ2jPW4TiMLnJdkVqiUe7cl"
,"366770963115338","video","https://www.facebook.com/reel/366770963115338/",,,,,,,,,,,,,,,,,"100083730364768","KUYA RUD","https://scontent-iad6-1.xx.fbcdn.net/v/t39.30808-1/597317568_825835870217418_67485017582183694_n.jpg?stp=cp0_dst-jpg_tt6&cstp=mx1366x1369&ctp=s40x40&_nc_cat=107&ccb=1-7&_nc_sid=2d3e12&_nc_ohc=EdeuguZexcQQ7kNvwFEoCBt&_nc_oc=Adow-x25vqxaR9ni_smEtVSyfPr8uKpViNQy5nJdYWyi5u2YeT5gWpr1t1QQX61mvsI&_nc_zt=24&_nc_ht=scontent-iad6-1.xx&_nc_gid=0hMsGcqVlTGetxalxJ4XxQ&_nc_ss=7e2a8&oh=00_AQChhLybv-P04QNTm4ES-mcl-JzM8Acp168OT3E-B32edw&oe=6A5E55F0","https://www.facebook.com/profile.php?id=100083730364768","6","455143393953336","Baha ka lang. 🤣🤣🤣 | KUYA RUD #rudysauquillo #bartenders #bartenderlife #kuyarud #baha #flood",,"12","1",,,,,"13","1","1721851182000","https://www.facebook.com/reel/366770963115338/"
"No photo description available.","864527775708465","photo","https://www.facebook.com/photo.php?fbid=864527775708465&set=a.614183090742936&type=3","No photo description available.","864527789041797","photo","https://www.facebook.com/photo.php?fbid=864527789041797&set=a.614183090742936&type=3","No photo description available.","864527785708464","photo","https://www.facebook.com/photo.php?fbid=864527785708464&set=a.614183090742936&type=3","No photo description available.","864527795708463","photo","https://www.facebook.com/photo.php?fbid=864527795708463&set=a.614183090742936&type=3","No photo description available.","864527782375131","photo","https://www.facebook.com/photo.php?fbid=864527782375131&set=a.614183090742936&type=3","100064537522212","Planet CORA","https://scontent-iad6-1.xx.fbcdn.net/v/t39.30808-1/458115352_890444966450079_8875725483677722904_n.jpg?stp=cp0_dst-jpg_tt6&cstp=mx736x736&ctp=s40x40&_nc_cat=109&ccb=1-7&_nc_sid=2d3e12&_nc_ohc=uvlQ7FftosMQ7kNvwE66-MS&_nc_oc=Ado6QJmFTqMtlHNx-DaylRyzXrCuyoe9PjLS7_jAT_QTba0HmYMxocgljUDNm_mFGQw&_nc_zt=24&_nc_ht=scontent-iad6-1.xx&_nc_gid=0hMsGcqVlTGetxalxJ4XxQ&_nc_ss=7e2a8&oh=00_AQDgy4knw9sGLvKiXspqC92eLWCtBeuv7gt4q9O7Q8Zbag&oe=6A5E5718","https://www.facebook.com/planetCORA","0","864527859041790","Metro Manila declared under a state of calamity following the heavy flood and rainfall caused by Typhoon Gaemi #CarinaPH and southwest monsoon.  The Marikina River reached 20.6 meters as of 4 pm today with several areas in Northern and Central Luzon needing immediate support. 𝐇𝐞𝐫𝐞 𝐚𝐫𝐞 𝐭𝐡𝐞 𝐄𝐌𝐄𝐑𝐆𝐄𝐍𝐂𝐘 𝐇𝐎𝐓𝐋𝐈𝐍𝐄𝐒 𝐭𝐨 𝐬𝐡𝐚𝐫𝐞 𝐚𝐧𝐝 𝐬𝐨𝐦𝐞 𝐝𝐨𝐧𝐚𝐭𝐢𝐨𝐧 𝐝𝐫𝐢𝐯𝐞𝐬 𝐚𝐧𝐝 𝐫𝐞𝐥𝐢𝐞𝐟 𝐨𝐩𝐞𝐫𝐚𝐭𝐢𝐨𝐧𝐬 𝐲𝐨𝐮 𝐜𝐚𝐧 𝐬𝐮𝐩𝐩𝐨𝐫𝐭 for communities in Luzon. 🚨

Photos by @ezra_acayan for @getty and @larry.monserate.piojo   #TyphoonCarina #ReliefPH #ForPeopleAndPlanet #WeAreCORA #Luzon #Philippines #MetroManila #RescuePH #Marikina #typhoon #flood #everydayclimatechange #everydayphilippines",,,"9","2","4","19",,"34","45","1721811094000","https://www.facebook.com/planetCORA/posts/pfbid02vTqex3xfEUfCGQLNNs6fcizoV56QNtEiz8gE4hefT9pwYepZK9ZVNE1kMfJzjC5dl"
,"768705545198836","video","https://www.facebook.com/reel/768705545198836/",,,,,,,,,,,,,,,,,"100063797084014","Balitam Pinas","https://scontent-iad3-1.xx.fbcdn.net/v/t39.30808-1/707329185_1552570733546148_6896463266392227902_n.jpg?stp=cp0_dst-jpg_tt6&cstp=mx1254x1254&ctp=s40x40&_nc_cat=1&ccb=1-7&_nc_sid=2d3e12&_nc_ohc=_fvf2lVIkMcQ7kNvwGrVR4B&_nc_oc=AdqFWpblsaUhyo0gGTA5Ldcqw2ZO_AXMYZzLFULDxn3LbyhJIP7L0KPr3o8WT21DSDg&_nc_zt=24&_nc_ht=scontent-iad3-1.xx&_nc_gid=0hMsGcqVlTGetxalxJ4XxQ&_nc_ss=7e2a8&oh=00_AQDjDOl0ALBF-t6D83VRqvfjOvUTgJqC1iU7lH9_RF42UQ&oe=6A5E69C1","https://www.facebook.com/BalitamPinas","2","976385767831317","#CarinaPH #TyphoonPH #typhooncarina #flood",,,"4",,"4","2",,"10","0","1721845068000","https://www.facebook.com/reel/768705545198836/"
,,,,,,,,,,,,,,,,,,,,"728232326","Fatima Winniclare Jayme","https://scontent-iad6-1.xx.fbcdn.net/v/t39.30808-1/449499611_10160164916907327_4396314185036917764_n.jpg?stp=cp0_dst-jpg_tt6&cstp=mx592x592&ctp=s40x40&_nc_cat=107&ccb=1-7&_nc_sid=1d2534&_nc_ohc=famJ41ZDctcQ7kNvwHzFdmL&_nc_oc=AdpU-2jHfkA_KP0lCj0KzuERJtdfUWiNAXgW6zH74PsAvbsMQ3UxVJ_V5s3cBQKK6PI&_nc_zt=24&_nc_ht=scontent-iad6-1.xx&_nc_gid=OJ0C-M_KcU3BMOQ0Wz3MyA&_nc_ss=7e2a8&oh=00_AQCun5zJE4b0fExEtICRwI6ap6f6R64cWe1dIWRLmNc00g&oe=6A5E507C","https://www.facebook.com/fatywinescleverpens","0","1003967611104524","Don't let the flood teach everyone a lesson they won't forget. Plant hardwood trees.",,,,,,,,"0","0","1721817156000","https://www.facebook.com/fatimawinniclarejayme/posts/pfbid02jq2CJcrfeH7rireA6agMQwKqK3TM9Yfxav17UuCyRcxsdx6JZqdKipDdZhxACQmyl"
,"1204785393994757","video","https://www.facebook.com/reel/1204785393994757/",,,,,,,,,,,,,,,,,"1561955534","Raquel V Mendoza","https://scontent-iad3-2.xx.fbcdn.net/v/t39.30808-1/420152555_10230307027730543_771011066856781112_n.jpg?stp=cp0_dst-jpg_tt6&cstp=mx1732x1732&ctp=s40x40&_nc_cat=111&ccb=1-7&_nc_sid=1d2534&_nc_ohc=vg1MW-MAxRsQ7kNvwHDk0j5&_nc_oc=AdrGkCj7ZuWxh4-PpbiehZFwVsLVypriRaSH_HOsHWD7XYBKMWdxK8Bmi3ZhOlI9mfA&_nc_zt=24&_nc_ht=scontent-iad3-2.xx&_nc_gid=OJ0C-M_KcU3BMOQ0Wz3MyA&_nc_ss=7e2a8&oh=00_AQBiv9YIQ6hkcTpuDYBU_GDpWhvIiiEuLbSXjrWxIvvStw&oe=6A5E532C","https://www.facebook.com/rvmendoza1","38","10231377053720524","Im walking  in the rain , im walking in the rain 🎶 #walking #rainyday #singing #flood #dancing #beautiful #listen #viewers #fb",,,"8","12","1",,,"21","1","1721811090000","https://www.facebook.com/reel/1204785393994757/"
"No photo description available.","907539094731728","photo","https://www.facebook.com/photo/?fbid=907539094731728&set=a.419323596886616",,,,,,,,,,,,,,,,,"100064269364349","LNLs Collection","https://scontent-iad6-1.xx.fbcdn.net/v/t39.30808-1/294253441_419323620219947_5529837566716694035_n.png?stp=cp0_dst-png&cstp=mx760x761&ctp=s40x40&_nc_cat=107&ccb=1-7&_nc_sid=2d3e12&_nc_ohc=498HBJ-Voq0Q7kNvwH10e4D&_nc_oc=AdpwdlMhLloJy_J6HyYCnTPuYFUsgUKpzp7LaBOIVcB_VyHiQpRD8TfIC8Ev3Xa64LU&_nc_zt=24&_nc_ht=scontent-iad6-1.xx&_nc_gid=OJ0C-M_KcU3BMOQ0Wz3MyA&_nc_ss=7e2a8&oh=00_AQCj1bT-twnDSnGn_XPoG5yY6DfAtbb5LQRhiidf2Bee2A&oe=6A5E5A0D","https://www.facebook.com/lnlcollections","4","907539634731674","Be safe mga mars🙏🙏🙏🙏

Update lang po : Hindi pa po napipick up yung mga parcels due to heavy rain that causes flood🥹🥹🥹

Ingat po tayo❣️",,,"3","2","1",,,"6","0","1721789736000","https://www.facebook.com/lnlcollections/posts/pfbid02ZxKhSbPRRwk54TCRCgLTomQsw22VXabqySZ97nv2tV5oAAFKCy8JKotwSL7omjw4l"
"No photo description available.","439050202445042","photo","https://www.facebook.com/photo/?fbid=439050202445042&set=a.103838992632833",,,,,,,,,,,,,,,,,"100090201969596","Boss J","https://scontent-iad6-1.xx.fbcdn.net/v/t39.30808-1/491913977_638254192524641_3949069449270547684_n.jpg?stp=c0.0.1472.1472a_cp0_dst-jpg_tt6&cstp=mx1472x1472&ctp=s40x40&_nc_cat=107&ccb=1-7&_nc_sid=2d3e12&_nc_ohc=IPgsmW4eQ7cQ7kNvwGEm3un&_nc_oc=AdrYgRQxw-Yi_c8N7-xr7i0zRO79Mz1klI2Al2xGZULcCg7GSXxc0tIA3BEi6yH3ggY&_nc_zt=24&_nc_ht=scontent-iad6-1.xx&_nc_gid=OJ0C-M_KcU3BMOQ0Wz3MyA&_nc_ss=7e2a8&oh=00_AQAqj_Aug0pET1aKacTpJ5UQrkvpUpVBfZtdUkpUUFXkjw&oe=6A5E6AC8","https://www.facebook.com/profile.php?id=100090201969596","12","439050215778374","""Nak suot mo muna yung kapote ko para di ka mabasa""

@top fans Boss J #highlightsシ゚ #CarinaPH #flood #carinatyphoon #followerseveryone #everyonefollowers",,"5","12","4",,,"2","23","3","1721834321000","https://www.facebook.com/permalink.php?story_fbid=pfbid02Du8JdDLyCuacxbQ4v1o6ghmUr8G4kNy7vN4bzsD6oRRPrWrdjPVw1gaVM4L5HuX5l&id=100090201969596"
,"502434922305462","video","https://www.facebook.com/reel/502434922305462/",,,,,,,,,,,,,,,,,"100084135790077","Master Bae","https://scontent-iad3-2.xx.fbcdn.net/v/t39.30808-1/476837858_594156490065539_4573460447883424575_n.jpg?stp=cp0_dst-jpg_tt6&cstp=mx960x960&ctp=s40x40&_nc_cat=105&ccb=1-7&_nc_sid=2d3e12&_nc_ohc=hIOGbCa50xQQ7kNvwGbqjLS&_nc_oc=AdorhQhfWsxUlQvda9r4nKOEpVl5b7LH3MnJUcO2bFliMfrpHd0-1x_c75PrfPkQtoc&_nc_zt=24&_nc_ht=scontent-iad3-2.xx&_nc_gid=OJ0C-M_KcU3BMOQ0Wz3MyA&_nc_ss=7e2a8&oh=00_AQAfa7TcTauaFAZJpTrerPfbV-w8sfOTB9t-KTmK5a0sVg&oe=6A5E3A5F","https://www.facebook.com/profile.php?id=100084135790077","1","457702673710922","Mag-ingat kayong lahat Masters #reels #bagyo #flood #CarinaPH #flooding #flooded #MasterBae",,,"18","6","1","2",,"27","3","1721786068000","https://www.facebook.com/reel/502434922305462/"
,"1875074236308004","video",,,,,,,,,,,,,,,,,,"100000130492556","Raynalyn Deleña Lawig","https://scontent-iad3-1.xx.fbcdn.net/v/t39.30808-1/468675936_9950803984933852_564089429283290901_n.jpg?stp=cp0_dst-jpg_tt6&cstp=mx486x480&ctp=p40x40&_nc_cat=108&ccb=1-7&_nc_sid=1d2534&_nc_ohc=HR9cyayGWNEQ7kNvwGZeWpe&_nc_oc=AdqlI7LsV_twapnaqlmmwcyCZ5Gf21n8Mg-aOvyFW6A2ESGC486_TsdP7AQA1pII75g&_nc_zt=24&_nc_ht=scontent-iad3-1.xx&_nc_gid=qSxylrBtkpcC5pZkdb0NRw&_nc_ss=7e2a8&oh=00_AQDFsZCV5seMe_httv1tfAseNUmujiNZyi4GCPOMdEZg6Q&oe=6A5E51B9","https://www.facebook.com/Aries362024","35","9038919446122315","Keep safe #everyone 
sitwasyon ng Tullahan River umapaw na at marami ng mga bahay na lumubog hanggang bubong sa mga mababang bahagi .Malakas ang agos ng tubig sa bahagi ng Road5 at Road6.
time check: as of 11am
#typhoon #typhoon
#flood 
#FloodAlert 
#keepsafe
#highlights #trendingnow #trendingvideo #trendingpost",,,"6","3","18","4",,"31","2","1721801008000","https://www.facebook.com/Aries362024/videos/1875074236308004/"
,"1193968361973437","video","https://www.facebook.com/reel/1193968361973437/",,,,,,,,,,,,,,,,,"100064740577180","Bodega 999 Supplier","https://scontent-iad6-1.xx.fbcdn.net/v/t39.30808-1/528338681_1205904048244270_3132776792243022739_n.jpg?stp=cp0_dst-jpg_tt6&cstp=mx954x960&ctp=s40x40&_nc_cat=109&ccb=1-7&_nc_sid=2d3e12&_nc_ohc=wZ9PSz2oEtkQ7kNvwHHjxSC&_nc_oc=AdqNwNCOu4cJibol9hzMcGVqon_VD5_FmfGVYLiHHn48auUQ8ERC22u9vp97gFQXlBQ&_nc_zt=24&_nc_ht=scontent-iad6-1.xx&_nc_gid=qSxylrBtkpcC5pZkdb0NRw&_nc_ss=7e2a8&oh=00_AQCVR9pHK2RKydKViHNeCY9CRL5hJdM6wh7K_WduyG-kKw&oe=6A5E5707","https://www.facebook.com/gamitsabahaysupplier","1","908566134644731","Nakakaiyak😭😭 pati ground floor ng mall pinasok na din ng tubig😔😔

Basa lahat ng stocks😭 huhuhu

#999mall
#bodega999supplier
#typhooncarina
#flood",,,"4",,"7",,,"11","6","1721843205000","https://www.facebook.com/reel/1193968361973437/"
"No photo description available.","868003065361180","photo","https://www.facebook.com/photo/?fbid=868003065361180&set=a.222579779903515",,,,,,,,,,,,,,,,,"100064544835693","National Youth Commission","https://scontent-iad3-1.xx.fbcdn.net/v/t39.30808-1/517603368_1120444726783678_5266021598204875628_n.jpg?stp=cp0_dst-jpg_tt6&cstp=mx2048x2048&ctp=s40x40&_nc_cat=101&ccb=1-7&_nc_sid=2d3e12&_nc_ohc=saf4cqhSZ3YQ7kNvwF9C6vU&_nc_oc=AdpeSUmvgh9IakV7SCc8OikSJd8LAwykIf2zmlyjAFfV0anW-DaZdDvUe8NxwPs74vA&_nc_zt=24&_nc_ht=scontent-iad3-1.xx&_nc_gid=qSxylrBtkpcC5pZkdb0NRw&_nc_ss=7e2a8&oh=00_AQB9Lt6mED8bpHrq49U3i6aqQVvfBt0qUPOW0HYu7bMerw&oe=6A5E6B84","https://www.facebook.com/nationalyouthcommission","0","868003208694499","Stay safe, everyone! ⛈️🌧️

In case of emergencies and flooding, remember:
* Stay calm and assess the situation
* Prioritize safety over belongings and evacuate if necessary
* Keep yourself and loved ones informed #RescuePH #EmergencyHotlinePH https://www.facebook.com/share/cnU1mVMHSdztY3AK/?mibextid=WC7FNe
* Stay updated on weather forecasts: https://www.facebook.com/PAGASA.DOST.GOV.PH/
* Prepare an emergency kit
* Avoid flooded areas: see Flood Alerts at https://www.facebook.com/MMDAPH #FloodUpdate #mmda or see Flood Advisories issued by #PAGASA: https://www.facebook.com/PAGASA.DOST.GOV.PH/
—
📢 DSWD is calling for volunteers! https://www.facebook.com/dswd.nrlmb/posts/792842043024965

#CarinaPH",,,"8","15",,"1",,"24","19","1721792255000","https://www.facebook.com/nationalyouthcommission/posts/pfbid032moYARiY3BcakdubauCjMEARp27izu2bEwp7obn5Ud7x6Y5rHns6AVZj8ekPGSGul"
,,,,,,,,,,,,,,,,,,,,"100053294749956","Pushing Faders","https://scontent-iad6-1.xx.fbcdn.net/v/t39.30808-1/240952474_4895979833762799_2190439639257162955_n.jpg?stp=cp0_dst-jpg_tt6&cstp=mx479x480&ctp=s40x40&_nc_cat=109&ccb=1-7&_nc_sid=2d3e12&_nc_ohc=lsdYfo6Img0Q7kNvwFw0Rvy&_nc_oc=AdpUjmurAz0ecRA4b5DNe8SMzwqqZY814uVOyy45NZgH4MnZFhaUArP4yQSNplJBXw4&_nc_zt=24&_nc_ht=scontent-iad6-1.xx&_nc_gid=qSxylrBtkpcC5pZkdb0NRw&_nc_ss=7e2a8&oh=00_AQDh00NRPvQBKa4IiWKLg9mmD_kEiTrpWHvy32xFQYhdHg&oe=6A5E4794","https://www.facebook.com/pushingfaders","0","122127437564319311","Forerunner Technology's CEO Mario Benipayo Giving out friendly technical advise and tips on how to take care of our audio equipment & hard earned investments during these times of floods and typhoon. 

Experience is our best teacher. 

Education is our Advocacy.

#TyphoonSeason
#TyphoonCarinaPh 
#Flood
#HeavyRains",,,"2",,,,,"2","0","1721813848000","https://www.facebook.com/fti.knowledgecenter/posts/pfbid035ygJG8drHQSokrjaZ2pnSkSFH7Q6Q6rmcsktwu1EcZ8A2TfoUfqqD19WCpsLhEVjl"
,"1070802404395653","video","https://www.facebook.com/reel/1070802404395653/",,,,,,,,,,,,,,,,,"100064024275548","Bria Homes Montalban & Bria Homes Bulacan","https://scontent-iad3-1.xx.fbcdn.net/v/t39.30808-1/482082596_1072621984881934_3177969989066300374_n.jpg?stp=cp0_dst-jpg_tt6&cstp=mx1080x1080&ctp=s40x40&_nc_cat=101&ccb=1-7&_nc_sid=2d3e12&_nc_ohc=NxPFkCGBUZkQ7kNvwHAZwKl&_nc_oc=AdovYxqMiZ28N4vnr0q2seo7Z4IsJDuXr7z_h8xMAL0uQ6M7nZ1uNcJ0iQdxk24LM7s&_nc_zt=24&_nc_ht=scontent-iad3-1.xx&_nc_gid=qSxylrBtkpcC5pZkdb0NRw&_nc_ss=7e2a8&oh=00_AQB8K-vvx4tjbQ4s7vtTpVFGj5nN-bBB9O67zJzIeFMdOQ&oe=6A5E6136","https://www.facebook.com/LessandraRizal","8","908965671247567","Flood Free ! - BRIA MONTALBAN

#PreSellingHouseNearQuezonCity 
#installmenthousenearquezoncity 
#houeandlotforsale 
#BriaHomesMontalban 
#HouseandLotinMontalban 
#InstallmentHouseandlot 
#HouseAndLotForSale 
#AffordableHouseNearQuezonCity 
#BriaMontalban",,,"8","3","1",,,"12","0","1721794002000","https://www.facebook.com/reel/1070802404395653/"
,"1048232703589765","video",,,,,,,,,,,,,,,,,,"100044475951966","Awts TV","https://scontent-iad3-2.xx.fbcdn.net/v/t39.30808-1/698818182_1664359571723225_8191604957323957171_n.jpg?stp=c0.0.979.979a_cp0_dst-jpg_tt6&cstp=mx979x979&ctp=s40x40&_nc_cat=111&ccb=1-7&_nc_sid=2d3e12&_nc_ohc=fl0WTr4SU1kQ7kNvwHeCU02&_nc_oc=AdpTeu7EWfzRdNeaYRfsgwjc2KBoW6XNjGKl-Lr2oVsxz7l8lXF1HPjhms_8x5UEaxg&_nc_zt=24&_nc_ht=scontent-iad3-2.xx&_nc_gid=qSxylrBtkpcC5pZkdb0NRw&_nc_ss=7e2a8&oh=00_AQCex5Jm0vN3zy1IFeuROd5lj8DSnRo9kzfFUozML5gz7w&oe=6A5E607C","https://www.facebook.com/AwtsTV","3","1103987197760468","Sana hindi namin kelanganin to. 🙏
Car cover, binaliktad. 🫠 

#bagyongcarina #WalangPasok #CarCover #veloz #Toyota #flood",,,"6",,,,"2","8","2","1721799143000","https://www.facebook.com/AwtsTV/videos/1048232703589765/"
,"1223263265332846","video","https://www.facebook.com/reel/1223263265332846/",,,,,,,,,,,,,,,,,"100000556867316","Nonoy Rivera","https://scontent-iad3-1.xx.fbcdn.net/v/t39.30808-1/440357238_8291995664162247_3258134067291490183_n.jpg?stp=cp0_dst-jpg_tt6&cstp=mx334x328&ctp=p40x40&_nc_cat=101&ccb=1-7&_nc_sid=1d2534&_nc_ohc=63YsDYWK3UEQ7kNvwGxrcF3&_nc_oc=Adp3OqwyMoFIeBYjigZyBbpY_hkXNAxI5FomOmKsqV817xwFpXTeBeDnSvDNKtHquKg&_nc_zt=24&_nc_ht=scontent-iad3-1.xx&_nc_gid=qSxylrBtkpcC5pZkdb0NRw&_nc_ss=7e2a8&oh=00_AQA-eE5FG0LL-5P-_-4cKiJ1Bnanfw7iy8EP7omUKptN8A&oe=6A5E5592","https://www.facebook.com/noynoy.rivera","5","8677775818917561","Storm cause of  flood
#reelsvideoシ #video2024 #facebookreel #storm #stormyweather #flood #FloodAlert #weather",,,"4","3",,"1",,"8","1","1721790108000","https://www.facebook.com/reel/1223263265332846/"
,"1424843108144733","video","https://www.facebook.com/reel/1424843108144733/",,,,,,,,,,,,,,,,,"100084044161144","Edwin Cincua","https://scontent-iad3-1.xx.fbcdn.net/v/t39.30808-1/480029425_611066841704783_325070550803150581_n.jpg?stp=cp0_dst-jpg_tt6&cstp=mx439x447&ctp=p40x40&_nc_cat=104&ccb=1-7&_nc_sid=1d2534&_nc_ohc=vJL9mA_2xnkQ7kNvwHcQ3pa&_nc_oc=AdppeC5g_HQuoYEmRSB2bwyZUpvWN6PROk-RvwOWVjeHkw8jBiKEjP4MRUz30TLFxps&_nc_zt=24&_nc_ht=scontent-iad3-1.xx&_nc_gid=5oxUDkzQ56i3XpyX1zCs7w&_nc_ss=7e2a8&oh=00_AQAunjiDvy_3SbU5EOegp5Q0V1PYwlpBpnkfZOndj2gT1Q&oe=6A5E5067","https://www.facebook.com/edwin.cincua.2024","8","466929372785198","Ingat po ang lahat baha na🙏 #flood #keepsafe #followersviewers #thankyouforyoursupport",,,"5","2",,"1",,"8","0","1721854726000","https://www.facebook.com/reel/1424843108144733/"
,"1827324691010705","video",,,,,,,,,,,,,,,,,,"100016183506502","Jessamyn Arlene Frias","https://scontent-iad3-1.xx.fbcdn.net/v/t39.30808-1/516783369_1804325666783533_4698919927105704142_n.jpg?stp=cp0_dst-jpg_tt6&cstp=mx945x960&ctp=s40x40&_nc_cat=101&ccb=1-7&_nc_sid=1d2534&_nc_ohc=rop34k4dbO0Q7kNvwH7fsXX&_nc_oc=AdqAVl6x4FGkTRfygRdgfYYolT5ebVswj3yuqmSnY-N9g4EUrBz9oeVxkpm69BohhV8&_nc_zt=24&_nc_ht=scontent-iad3-1.xx&_nc_gid=5oxUDkzQ56i3XpyX1zCs7w&_nc_ss=7e2a8&oh=00_AQA9d9P7kGi9wHJFUCzUrM5dMHBeW1cW3s0YHacq1i88xg&oe=6A5E467A","https://www.facebook.com/profile.php?id=100016183506502","10","1561290617753707","Novaliches Proper
#flood #HeavyRainfall 
#Carina",,,"6","1","2","4",,"13","0","1721798840000","https://www.facebook.com/100016183506502/videos/1827324691010705/"
,"854021602796198","video",,,,,,,,,,,,,,,,,,"100003250784509","Leah Parungao Erandio","https://scontent-iad6-1.xx.fbcdn.net/v/t39.30808-1/583915065_25352642017760809_3084690065135529200_n.jpg?stp=cp0_dst-jpg_tt6&cstp=mx1836x1842&ctp=s40x40&_nc_cat=109&ccb=1-7&_nc_sid=1d2534&_nc_ohc=DzQ1jWXJHGUQ7kNvwHKW15N&_nc_oc=Adq9FqtyANsazi4PRh6Vej3ZkpFdP3KDaAQi1qALPMVMTdDb5yTLUzeXJ2C3lWCEL2k&_nc_zt=24&_nc_ht=scontent-iad6-1.xx&_nc_gid=5oxUDkzQ56i3XpyX1zCs7w&_nc_ss=7e2a8&oh=00_AQBTWfwZOkNkvsUg2OWtXbaqUIbF8-Uw_GGJptfpFHIBDA&oe=6A5E4FB9","https://www.facebook.com/leah.erandio","3","8163954590389486","Baha baha baha

#baha #typhoon #flood #keepsafe",,,"2","2","2",,,"6","0","1721789035000","https://www.facebook.com/leah.erandio/videos/854021602796198/"
,"1439827400004050","video","https://www.facebook.com/reel/1439827400004050/",,,,,,,,,,,,,,,,,"100091527274823","Little Merry","https://scontent-iad6-1.xx.fbcdn.net/v/t39.30808-1/627996016_824138437313725_2574825756646266574_n.jpg?stp=c10.0.384.384a_cp0_dst-jpg_tt6&cstp=mx384x384&ctp=s40x40&_nc_cat=100&ccb=1-7&_nc_sid=2d3e12&_nc_ohc=x8VJR3itowoQ7kNvwHUP7dD&_nc_oc=AdrmAUbKT6Z1GvVybo635zthr9SZ-H41k7oYKfsznm7foFHs1IaCFH0-CfGosWOjVZU&_nc_zt=24&_nc_ht=scontent-iad6-1.xx&_nc_gid=5oxUDkzQ56i3XpyX1zCs7w&_nc_ss=7e2a8&oh=00_AQDof16dsobXZqDRAcIstKsylb8mfBq_uux9kGZ1lhJCTQ&oe=6A5E4A6D","https://www.facebook.com/profile.php?id=100091527274823","29","404355702625336","Keep safe everyone 🙏 #motivation #rain #flood",,,"15","7",,"2","1","25","2","1721829463000","https://www.facebook.com/reel/1439827400004050/"
,"1714410389329260","video",,,,,,,,,,,,,,,,,,"100092751507997","Hugot Finds","https://scontent-iad3-1.xx.fbcdn.net/v/t39.30808-1/705745431_898994923202216_3435597934135532392_n.jpg?stp=cp0_dst-jpg_tt6&cstp=mx650x648&ctp=s40x40&_nc_cat=108&ccb=1-7&_nc_sid=2d3e12&_nc_ohc=a_GpD4t_AdkQ7kNvwEJ4mUy&_nc_oc=AdqzdPLpFLvJZFXCE_E4MEA_u_YWwyrqmXhTFiNchjGCL6CJIVATS_gSqt-HUmbcFMI&_nc_zt=24&_nc_ht=scontent-iad3-1.xx&_nc_gid=5oxUDkzQ56i3XpyX1zCs7w&_nc_ss=7e2a8&oh=00_AQCNfh9skeY9Kn_zSihkYYoU469hyxMH7CXdJlL4dlK7Tw&oe=6A5E530A","https://www.facebook.com/profile.php?id=100092751507997","2","385678121200568","Paraparaan nalang talaga HAHAHAHA
#mommymelvlogs #fypシ゚ #nocopyrightinfringementintended #flood #funnyvideo #follow #like #share",,"1","2",,,,,"3","0","1721863828000","https://www.facebook.com/100092751507997/videos/1714410389329260/"
,"417708477279539","video","https://www.facebook.com/reel/417708477279539/",,,,,,,,,,,,,,,,,"100063877247975","Nephora","https://scontent-iad3-1.xx.fbcdn.net/v/t39.30808-1/309664994_492252912913946_1212653767980894812_n.jpg?stp=cp0_dst-jpg_tt6&cstp=mx412x405&ctp=p40x40&_nc_cat=101&ccb=1-7&_nc_sid=2d3e12&_nc_ohc=1oixOU9x668Q7kNvwGfmutz&_nc_oc=Adq9QgnzruSbTOkhJ6nqc5G2NKpc6NCT2Iw65GLhu4SJx08MpLRefV1xboCzG4pt1Qg&_nc_zt=24&_nc_ht=scontent-iad3-1.xx&_nc_gid=qQoKrtdZdXwlE-gtuJw55g&_nc_ss=7e2a8&oh=00_AQC_KFnAroVUuP5ojf9CAajPzmFmky8fr16P84VFcYrd-Q&oe=6A5E4B2F","https://www.facebook.com/profile.php?id=100063877247975","20","943137734492126","Awat na Bagyong Carina | Baha
#baha
#CarinaPH 
#carina
#typhoon
#habagat 
#flood
#fbreels 
#fbreelsvideo 
#fbreelsviral 
#reelsfb 
#reelsviral 
#viral 
#nephora
#trending 
#trendingreels
#trendingnow
#fypシ゚viralシ #adsonreels2024 #adsonreelsmonetization #adsonreelsinvitation #adsonreels #viralreels24  #reelsfypシfb  #reelsviralfb  #reelsvideoシ   #highlights  #followers #goodday  #GoodMorningEveryone 
#goodmorning #Godblesseveryone  #everyonefollowers 
#everyone 
@highlights
@highlight 
@followers
@follower
@Everyone 
#followerseveryone",,"1","3",,"4","3",,"11","117","1721777149000","https://www.facebook.com/reel/417708477279539/"
,"1360936841961189","video","https://www.facebook.com/reel/1360936841961189/",,,,,,,,,,,,,,,,,"100034333522807","Joseph Bernales","https://scontent-iad6-1.xx.fbcdn.net/v/t39.30808-1/462265875_1257029488784823_334267106153874394_n.jpg?stp=cp0_dst-jpg_tt6&cstp=mx959x960&ctp=s40x40&_nc_cat=109&ccb=1-7&_nc_sid=1d2534&_nc_ohc=rZtlQQR_uGEQ7kNvwFDfu3b&_nc_oc=AdrOAYAf0ESrCr7ofT98A80AcDtSg0jAVhr2GKTSeP6p3zJ_0MKMfIheXiTVzY2DH5w&_nc_zt=24&_nc_ht=scontent-iad6-1.xx&_nc_gid=qQoKrtdZdXwlE-gtuJw55g&_nc_ss=7e2a8&oh=00_AQBi0swShKDHxyNSSCFDlqIj8JtG5CDcZTC1EI1ZNi5nBg&oe=6A5E5D5E","https://www.facebook.com/joseph.bernales.16","8","1207011877119918","#flood #followerseveryonehighlights #fbreels23 #monggoalugbatespareribs #fypシ゚viralシ #highlightsシ゚ #60kminutesviewsunlock #fbviralvideopost #fbviralreels #fbreels #fbvirals",,,"6","1",,"2","3","12","1","1721795243000","https://www.facebook.com/reel/1360936841961189/"
,"1429856554382333","video",,,,,,,,,,,,,,,,,,"100069529351503","Car Doctor and The Food Hive","https://scontent-iad6-1.xx.fbcdn.net/v/t39.30808-1/352542722_573366801657627_4899420180764459351_n.png?stp=cp0_dst-png&cstp=mx960x960&ctp=s40x40&_nc_cat=100&ccb=1-7&_nc_sid=2d3e12&_nc_ohc=QahN47xKF60Q7kNvwG9-lPQ&_nc_oc=AdqqUwCYPWmOLM1ilWik7s1ITYZOLLus6O7AVgZOhIlyrAQG87SB2lw8d7E4Po4Q3C8&_nc_zt=24&_nc_ht=scontent-iad6-1.xx&_nc_gid=qQoKrtdZdXwlE-gtuJw55g&_nc_ss=7e2a8&oh=00_AQArUjoaJaBb5DTUrE6p6euhq0UGOqMPtRddIQ6Gdf1gYw&oe=6A5E6730","https://www.facebook.com/cardoctorph","0","808188214842150","🌧️🚗 Flooded Vehicle? Let Us Handle It! 🚗🌧️

Don’t let flood damage slow you down. Our dedicated team is ready to tackle any water-related issues and restore your car to its prime condition.

Book your repair today and get back on the road safely! 

To know more, you may reach us to: 
📍Visayas Avenue Branch: 
#80 Visayas Avenue Brgy. Vasra Quezon City
🔍Waze: Car Doctor Visayas
☎ 8-929-1111 / 0917-304-1111
#CarDoctorCares #CasaAlternative #TeamDoctor #1GoodCustomerService #BestQualityServices",,,"9","2",,,"1","12","2","1721801018000","https://www.facebook.com/cardoctorph/videos/1429856554382333/"
,"455309597318310","video","https://www.facebook.com/reel/455309597318310/",,,,,,,,,,,,,,,,,"100092751507997","Hugot Finds","https://scontent-iad3-1.xx.fbcdn.net/v/t39.30808-1/705745431_898994923202216_3435597934135532392_n.jpg?stp=cp0_dst-jpg_tt6&cstp=mx650x648&ctp=s40x40&_nc_cat=108&ccb=1-7&_nc_sid=2d3e12&_nc_ohc=a_GpD4t_AdkQ7kNvwEJ4mUy&_nc_oc=AdqzdPLpFLvJZFXCE_E4MEA_u_YWwyrqmXhTFiNchjGCL6CJIVATS_gSqt-HUmbcFMI&_nc_zt=24&_nc_ht=scontent-iad3-1.xx&_nc_gid=qQoKrtdZdXwlE-gtuJw55g&_nc_ss=7e2a8&oh=00_AQBXbVugggV7pL9ED2KkbtYo5Qe9ukywU82kYNOsaadhmQ&oe=6A5E530A","https://www.facebook.com/profile.php?id=100092751507997","1","385467027888344","#mommymelvlogs #funnyvideo #fypシ゚ #flood #storm #viralpost #love #like #follow #share #nocopyrightinfringementintended",,"3","1",,,,,"4","0","1721834438000","https://www.facebook.com/reel/455309597318310/"
,"1195740681679610","video","https://www.facebook.com/reel/1195740681679610/",,,,,,,,,,,,,,,,,"100063928425534","Migs2wheels","https://scontent-iad6-1.xx.fbcdn.net/v/t39.30808-1/637158364_1391082429699358_6177112615838894455_n.jpg?stp=cp0_dst-jpg_tt6&cstp=mx1080x1080&ctp=s40x40&_nc_cat=107&ccb=1-7&_nc_sid=2d3e12&_nc_ohc=IipeFjSzJ0cQ7kNvwGFr4ki&_nc_oc=Adq6QFCPvCb6cThGMmhhfehB6__H4bRCQDZJWlxlOt6-h97PXV35EGxtYA6fii14sBk&_nc_zt=24&_nc_ht=scontent-iad6-1.xx&_nc_gid=qQoKrtdZdXwlE-gtuJw55g&_nc_ss=7e2a8&oh=00_AQBFcm9Pr2hJ6MnPswRCi1HOl2wwFOzqXCwZz40BuN_F6g&oe=6A5E67CA","https://www.facebook.com/migs2wheels","2","925727886234817","Stay dry guys! Change oil services 🆙📈📈.#husqvarna #weather #flood #bagyongkarina #baha #svartpilen #vitpilen .Do you guys like how I colored this reel?",,,,"4",,"1",,"5","0","1721775823000","https://www.facebook.com/reel/1195740681679610/"
,"428136880181162","video","https://www.facebook.com/reel/428136880181162/",,,,,,,,,,,,,,,,,"1096561139","Bernard Shaw","https://scontent-iad3-1.xx.fbcdn.net/v/t39.30808-1/668887216_122229394934052149_9135046601857170763_n.jpg?stp=c0.0.720.720a_cp0_dst-jpg_tt6&cstp=mx720x720&ctp=s24x24&_nc_cat=104&ccb=1-7&_nc_sid=e99d92&_nc_ohc=ADumwyRHbYUQ7kNvwHwzzIm&_nc_oc=Adqo0bq-8O-mS8MugC_QRyrN18V-p_jPUvW3V2zIxM50DYXdHKwlBAawkBfOCcdIhVE&_nc_zt=24&_nc_ht=scontent-iad3-1.xx&_nc_gid=1SHOcI3OZVEgrEbBf-xJQA&_nc_ss=7e2a8&oh=00_AQCcIWeeE3EEQXC4uQJF40TgG3e2Nx3oavivLM9kEaRMSg&oe=6A5E51CF","https://www.facebook.com/bernard.shaw.800104","6","1035248844628875","Palakpak Ang mga BUWAYA DITO LALO NA YUNG MGA KICKBACKERS DAHIL ALAM NILA SA BULSA Nils NAPUNTA Ang 30% SA bilyon bilyon pesos PERA NG TAUMBAYAN na flood control projects.. ANG TANONG NA CONTROL NGA BA ANG FLOODS? 

SABAGAY SA COCAINE NGA NAGSISINUNGALING, YAN PA ANG HINDI?","2","4","6",,,,,"12","2","1721856864000","https://www.facebook.com/groups/784475333039562/permalink/1035248844628875/"
"No photo description available.","933999425409013","photo","https://www.facebook.com/photo/?fbid=933999425409013&set=a.424580513017576",,,,,,,,,,,,,,,,,"100063968923024","Dr. Erick Mendoza - Endocrinology, Diabetes and Thyroid Diseases","https://scontent-iad3-2.xx.fbcdn.net/v/t39.30808-1/600292298_1352491576893127_1097289871308995352_n.jpg?stp=cp0_dst-jpg_tt6&cstp=mx960x960&ctp=s40x40&_nc_cat=111&ccb=1-7&_nc_sid=2d3e12&_nc_ohc=KqGEvQPKaM0Q7kNvwHiTdhs&_nc_oc=Adrgm-PlphnmptfMYb9bvtQc-BQJTCi9boSz776jzxpceQ1Gcx8rKWwJB7J7HolqOdA&_nc_zt=24&_nc_ht=scontent-iad3-2.xx&_nc_gid=1SHOcI3OZVEgrEbBf-xJQA&_nc_ss=7e2a8&oh=00_AQAj54J_qIeVmmUlc1pgLjzSlzMxFDYYW8_h-urHAxsBYQ&oe=6A5E5202","https://www.facebook.com/DocErickMendoza","1","933999528742336","ADVISORY: Due to bad weather condition and flood—
CLINIC CANCELLED at Hospital of Infant Jesus, UST Manila and St Luke’s QC

Will be converting to ONLINE CLINIC today and tomorrow. Send message for scheduling.

Keep SAFE everyone.",,,"33","4",,"3",,"40","3","1721776495000","https://www.facebook.com/DocErickMendoza/posts/pfbid0psNsYPBWKWxaAo8qoNbaerE8aJcmhbXVfzCM8ep4EXZgPhyyMyWEYumKQKAW1yTvl"
"No photo description available.","501997865522391","photo","https://www.facebook.com/photo/?fbid=501997865522391&set=a.267554745633372",,,,,,,,,,,,,,,,,"100071365448953","FEED Philippines Inc.","https://scontent-iad6-1.xx.fbcdn.net/v/t39.30808-1/348421841_814759176745383_6658060574414899632_n.jpg?stp=cp0_dst-jpg_tt6&cstp=mx515x515&ctp=s40x40&_nc_cat=106&ccb=1-7&_nc_sid=2d3e12&_nc_ohc=0wnlxHvY0nwQ7kNvwEUobeC&_nc_oc=Adotkd_wOPXsDliWq6OHRJF9LO0ERlxyQMAt-m0Y8rbJJoVNFVh9ldKAJJVtigEfNlk&_nc_zt=24&_nc_ht=scontent-iad6-1.xx&_nc_gid=1SHOcI3OZVEgrEbBf-xJQA&_nc_ss=7e2a8&oh=00_AQC_7bM86o1T8IpKKSAOmca_t3ZgCPsiqyaIJMFPVgvdog&oe=6A5E6765","https://www.facebook.com/feedph","0","501997892189055","FLOOD SAFETY TIPS",,,"3",,,,,"3","1","1721813355000","https://www.facebook.com/feedph/posts/pfbid02G1LEYmFgDLEEhTgfCy7guFi4CBLfuzKi2ygWyq5PL2ZPjRkJdDCnXHtGeecQ2zADl"
,"2733779680113855","video",,,,,,,,,,,,,,,,,,"100093655342086","Joh TV","https://scontent-iad3-1.xx.fbcdn.net/v/t39.30808-1/453851890_369916332806875_2767028140430752138_n.jpg?stp=cp0_dst-jpg_tt6&cstp=mx960x957&ctp=s40x40&_nc_cat=110&ccb=1-7&_nc_sid=2d3e12&_nc_ohc=UauI1onQeIcQ7kNvwEsxlis&_nc_oc=AdqWB2xWQEC3EY7VGx9Avx0rdAEU19bXl48OIMRMPqaDO6WxnkAyfP_WF4VFE5xixU0&_nc_zt=24&_nc_ht=scontent-iad3-1.xx&_nc_gid=1SHOcI3OZVEgrEbBf-xJQA&_nc_ss=7e2a8&oh=00_AQBp-9idtCR8LQpW7hhICkcFp-e3IkzdR2BiXc26gfQc-Q&oe=6A5E64A0","https://www.facebook.com/profile.php?id=100093655342086","4","362752566856585","tuloy tuloy na buhos ng ulan.. at marami ng bahang lugar.. #rainyseason #tagulan #rainyweather #bagyo #storm #flood #flooding #viralvideo",,,"4","3",,,,"7","0","1721793018000","https://www.facebook.com/100093655342086/videos/2733779680113855/"
,"1231637951162818","video","https://www.facebook.com/reel/1231637951162818/",,,,,,,,,,,,,,,,,"100000415271833","Melody Santos","https://scontent-iad3-1.xx.fbcdn.net/v/t39.30808-1/557606774_25157911170472712_5615803416173712992_n.jpg?stp=cp0_dst-jpg_tt6&cstp=mx1360x1373&ctp=s40x40&_nc_cat=110&ccb=1-7&_nc_sid=1d2534&_nc_ohc=QmNX8F9tjAEQ7kNvwH1gInX&_nc_oc=Adqj4RTU9b-ryxAoOAO537wafBA-4MCP0liHPcVbjbYD1kVVKpfqznFrVbbWFP_zKHU&_nc_zt=24&_nc_ht=scontent-iad3-1.xx&_nc_gid=1SHOcI3OZVEgrEbBf-xJQA&_nc_ss=7e2a8&oh=00_AQCjchlaWXzV8nf0PKyOAWK3jbvo1wptbEuWIhkE0UMZkA&oe=6A5E3CF1","https://www.facebook.com/mel.santos.180072","13","8319729871384106","Kakalimas mo pa lang...ng bumaha uli.#fbreels2024 #flood #followers #highlights #fbreelsviral",,,"3","1","4","6",,"14","0","1721807966000","https://www.facebook.com/reel/1231637951162818/"
,"2940518729437516","video","https://www.facebook.com/reel/2940518729437516/",,,,,,,,,,,,,,,,,"100064207685024","Lhes Vlog","https://scontent-iad3-1.xx.fbcdn.net/v/t39.30808-1/462490900_918980470252201_8834228442625290849_n.jpg?stp=cp0_dst-jpg_tt6&cstp=mx541x541&ctp=s40x40&_nc_cat=101&ccb=1-7&_nc_sid=2d3e12&_nc_ohc=_i-v6anOcQIQ7kNvwEqihhl&_nc_oc=AdpPnCm9PU3A8CSdypiyXb9PvJHS5ZgM780QAz7kZUMec8bndyw_0XlYU00moqx1CzM&_nc_zt=24&_nc_ht=scontent-iad3-1.xx&_nc_gid=1SHOcI3OZVEgrEbBf-xJQA&_nc_ss=7e2a8&oh=00_AQBoyE-4W35jichq_8iqb4lObABKgRRHTXUb4z2SIXaWag&oe=6A5E6449","https://www.facebook.com/Lhes8","32","868398115310437","Lord please stop the rain.🙏🙏🙏
Huwag naman sana umapaw😔😔
#rainydays #rainyseason #keepsafe #keepsafeevery0ne #rainyweather #flood #lhesvlog #wednesday",,,"4","2","16","2","1","25","4","1721810044000","https://www.facebook.com/reel/2940518729437516/"
,"3739367626318445","video",,,,,,,,,,,,,,,,,,"100076367671950","The SEF Clothing","https://scontent-iad6-1.xx.fbcdn.net/v/t39.30808-1/255091391_111827147973815_5766336577561526635_n.png?stp=cp0_dst-png&cstp=mx900x900&ctp=s40x40&_nc_cat=106&ccb=1-7&_nc_sid=2d3e12&_nc_ohc=zlwKpizcDvgQ7kNvwEbG1tL&_nc_oc=AdrqZPn5ReQ5-dKpfxfEZAOsMBk_-AqzV3CLG5VkJzVIBGCYXiZ7PQAP8jkjlle1Dhg&_nc_zt=24&_nc_ht=scontent-iad6-1.xx&_nc_gid=M95WL3d9os3rm8kA8Z2xmA&_nc_ss=7e2a8&oh=00_AQAc0k79QvCJU9aHYHRt95egcP7tcXT147RoFg0nbn30xg&oe=6A5E52ED","https://www.facebook.com/profile.php?id=100076367671950","5","518584820697103","Bagyong Carina Update from Sef #bagyongcarinaph #bagyongcarina #bahabulacan #bulacan #baha #bagyo #flood #malolos #nlex",,,"27","7","1",,,"35","3","1721804028000","https://www.facebook.com/100076367671950/videos/3739367626318445/"
,"1191504368837062","video","https://www.facebook.com/reel/1191504368837062/",,,,,,,,,,,,,,,,,"100047440826925","Mommy SunSai","https://scontent-iad3-1.xx.fbcdn.net/v/t39.30808-1/334319458_107135762279030_516709967595962608_n.jpg?stp=cp0_dst-jpg_tt6&cstp=mx506x516&ctp=s40x40&_nc_cat=104&ccb=1-7&_nc_sid=2d3e12&_nc_ohc=51n3ofWdTnMQ7kNvwEpw8kE&_nc_oc=AdrD-KT9ERAnaO40wjMxa_R7H9V6QQBzwlEBra2XRXkm6cJ6mQD_mRfjgzHz2o_2bYk&_nc_zt=24&_nc_ht=scontent-iad3-1.xx&_nc_gid=M95WL3d9os3rm8kA8Z2xmA&_nc_ss=7e2a8&oh=00_AQDIffFLahZBz__GsDah_T66eUblpqHd-0euPYeFnSqLNQ&oe=6A5E3808","https://www.facebook.com/profile.php?id=100052060133465","6","1045383483873646","Halos nagsiliparan na ang bubong.🥹",,,"2",,"13","2",,"17","2","1721724447000","https://www.facebook.com/permalink.php?story_fbid=pfbid02kG2iy2h4ErdUKKTT4tBBD6pPyky2gBhewCtB4bBv3WPtt2acujYHVhhi2UUMZKzjl&id=100052060133465"
,"983773206567006","video","https://www.facebook.com/reel/983773206567006/",,,,,,,,,,,,,,,,,"100082955301142","Elmer Tudio fb page","https://scontent-iad3-1.xx.fbcdn.net/v/t39.30808-1/287443412_102703455814251_8151216307679055996_n.jpg?stp=cp0_dst-jpg_tt6&cstp=mx960x960&ctp=s40x40&_nc_cat=110&ccb=1-7&_nc_sid=2d3e12&_nc_ohc=YhXJ_FkUeEoQ7kNvwFLcQVe&_nc_oc=Adqz0pD7Wz97inImRCKTucoDZ4K0G5KIiFoS_o_Gjl4I4Nbl9tfWkMtK4thmUa7mwRw&_nc_zt=24&_nc_ht=scontent-iad3-1.xx&_nc_gid=M95WL3d9os3rm8kA8Z2xmA&_nc_ss=7e2a8&oh=00_AQC6kbamkEbCYmAxO2ueKnAMbGug9Oi3eMTn3AqheXOkQA&oe=6A5E4E83","https://www.facebook.com/profile.php?id=100082955301142","2","490467763728396","Buti bumaba na ang tubig #flood #staysafe #reels #typhoon",,,"1",,,,,"1","0","1721815101000","https://www.facebook.com/reel/983773206567006/"
,"1227409835108308","video",,,,,,,,,,,,,,,,,,"61559277990983","Italiano in the Philippines - Luca & Maru","https://scontent-iad6-1.xx.fbcdn.net/v/t39.30808-1/615358202_122205398438309266_4698717081066143593_n.jpg?stp=cp0_dst-jpg_tt6&cstp=mx1024x1024&ctp=s40x40&_nc_cat=102&ccb=1-7&_nc_sid=2d3e12&_nc_ohc=kf15QfT7QMkQ7kNvwEEllc9&_nc_oc=AdqkjpGFkf_q_6_QaDdp7uxNmPpiutkLvQ0aeZSsfAETOi8xInLLOl-q4uP-kz9YTtI&_nc_zt=24&_nc_ht=scontent-iad6-1.xx&_nc_gid=M95WL3d9os3rm8kA8Z2xmA&_nc_ss=7e2a8&oh=00_AQDfJffCv-ExVdhyvIePw-_RW-jk_rMKl9iZgB0P0iwo_Q&oe=6A5E5843","https://www.facebook.com/profile.php?id=61559277990983","10","122129046050309266","First time to experience the flood! 
(La prima volta che assisto ad un'allagamento)",,"12","26","1","1","3","4","47","0","1721816338000","https://www.facebook.com/61559277990983/videos/1227409835108308/"
,,,,,,,,,,,,,,,,,,,,"100085707146513","Camille Colmenares","https://scontent-iad3-1.xx.fbcdn.net/v/t39.30808-1/308645725_110866925113545_3085566945231842192_n.jpg?stp=cp0_dst-jpg_tt6&cstp=mx953x960&ctp=s40x40&_nc_cat=1&ccb=1-7&_nc_sid=2d3e12&_nc_ohc=VQJRu3FdCZAQ7kNvwGk8R03&_nc_oc=AdrQN2ub3w8Cq6IMmONM3FbcDhtj9xo44VvP_Mi4wC2K8MCBO7wY6pkNWV2ELMcNTxk&_nc_zt=24&_nc_ht=scontent-iad3-1.xx&_nc_gid=M95WL3d9os3rm8kA8Z2xmA&_nc_ss=7e2a8&oh=00_AQBsCQYN__o-E2X5HLRXC6m11tgwkmCs4wxnJ8NfBxmFWw&oe=6A5E664B","https://www.facebook.com/CamilleColmenares","3","445742808292620","Important announcement july 24 2024 orders and events are rescheduled due to flood and downpour rain. 

May paparating pa daw po na line up na bagyo 🥲

To all our clients for dates below: 

July 25 2024
July 26 2024
July 27 2024
July 28 2024
July 29 2024
July 30 2024
July 31 2024

Pls update us as soon as you can how you all are and if we will resched your orders and kung maari po pls give us a possible date 🙏🙏🙏

Pls be safe and we are praying for everyone. 
Stay safe in this trying times 🙏🙏🙏",,,"26","8",,"16",,"50","1","1721793274000","https://www.facebook.com/CamilleColmenares/posts/pfbid03x4XMYE18hHitGpxU1c9fhyo7RDnmfxReEN1mv1yGK1mwvEufPUvxhtYv8JUvhapl"
,"428136880181162","video","https://www.facebook.com/reel/428136880181162/",,,,,,,,,,,,,,,,,"1096561139","Isaac Larry","https://scontent-iad3-1.xx.fbcdn.net/v/t39.30808-1/627377087_2156555241756646_4994789814069303825_n.jpg?stp=cp0_dst-jpg_tt6&cstp=mx779x767&ctp=s24x24&_nc_cat=110&ccb=1-7&_nc_sid=e99d92&_nc_ohc=uZ549FnXKl4Q7kNvwEye1SA&_nc_oc=AdrRbX2uAoXnTR6sOejj2Hhobhk5PBXb_XjjO2_OoLRY-sU0iX_Oa7zznExU9DuTRF8&_nc_zt=24&_nc_ht=scontent-iad3-1.xx&_nc_gid=M95WL3d9os3rm8kA8Z2xmA&_nc_ss=7e2a8&oh=00_AQCzqlZy126mMNAhDtazrklK_rbeB_dtiN4J3yiBWGr7kw&oe=6A5E4857","https://www.facebook.com/larryisaac80s","3","1521821165102820","Hmmmmmmm ganun...
 #followerseveryone 
 #fbreels 
 #followersreels 
 #reels
 #mharsvillanil 
 #flood",,,"6",,,,,"6","2","1721829324000","https://www.facebook.com/groups/909165506368392/permalink/1521821165102820/"
,"444293031931950","video","https://www.facebook.com/reel/444293031931950/",,,,,,,,,,,,,,,,,"100047440826925","Mommy SunSai","https://scontent-iad3-1.xx.fbcdn.net/v/t39.30808-1/334319458_107135762279030_516709967595962608_n.jpg?stp=cp0_dst-jpg_tt6&cstp=mx506x516&ctp=s40x40&_nc_cat=104&ccb=1-7&_nc_sid=2d3e12&_nc_ohc=51n3ofWdTnMQ7kNvwEpw8kE&_nc_oc=AdrD-KT9ERAnaO40wjMxa_R7H9V6QQBzwlEBra2XRXkm6cJ6mQD_mRfjgzHz2o_2bYk&_nc_zt=24&_nc_ht=scontent-iad3-1.xx&_nc_gid=FuMRJwdV6Xa3NccN1Brn-w&_nc_ss=7e2a8&oh=00_AQCCt_yJNnNqqZEODDf7cOYSOhrO0OUCqnsNFCVENl8aAg&oe=6A5E3808","https://www.facebook.com/profile.php?id=100052060133465","9","1045780180500643","Ingat po tayong lahat.🙏🏼",,,"1","4","7","6","1","19","1","1721776095000","https://www.facebook.com/permalink.php?story_fbid=pfbid0JTk5CGKxEmaXkpVfZbK6Ki9EMMnmfz7EGQfkeMRgWxJvraVPqhqYq5JZfF2xEQ3Rl&id=100052060133465"
,"336963802823249","video","https://www.facebook.com/reel/336963802823249/",,,,,,,,,,,,,,,,,"100081508567876","Duterte Insight Hub","https://scontent-iad3-2.xx.fbcdn.net/v/t39.30808-1/495369102_1112013287631039_2176902577096860091_n.jpg?stp=cp6_dst-jpg_tt6&cstp=mx1196x1195&ctp=s40x40&_nc_cat=105&ccb=1-7&_nc_sid=2d3e12&_nc_ohc=8hkPhcVTLRUQ7kNvwEgMhbY&_nc_oc=AdrVstbSFe2x-90DVUUvlzrcDQpcH0Ij795vAAmrxASfAJRMT3fJRFuEGvb1VrWNvmk&_nc_zt=24&_nc_ht=scontent-iad3-2.xx&_nc_gid=FuMRJwdV6Xa3NccN1Brn-w&_nc_ss=7e2a8&oh=00_AQB7gctGbbQU0TOZjNQx_Fql7-rDfJFOJ11Oxk-jAKwsAA&oe=6A5E44C9","https://www.facebook.com/profile.php?id=100064671340859","2","892927719539598","https://fb.watch/twTdiYvwSQ/?mibextid=wWUois",,"2","3",,,,,"5","0","1721836364000","https://www.facebook.com/permalink.php?story_fbid=pfbid0rjDd95HskaNgae8mzdKebfsayNJpDTCGw2BAAfwPqwRe3MDhwxMivuK734BKZqZl&id=100064671340859"
,"468339932580383","video",,,,,,,,,,,,,,,,,,"100068050958243","TTPM ACT","https://scontent-iad6-1.xx.fbcdn.net/v/t39.30808-1/730196928_1334602602151426_6547007679085541508_n.jpg?stp=cp0_dst-jpg_tt6&cstp=mx1440x1440&ctp=s24x24&_nc_cat=102&ccb=1-7&_nc_sid=2d3e12&_nc_ohc=HgLxyH5teFIQ7kNvwFl5R6K&_nc_oc=AdpkSmh8SVoARWVxMu8QKa6S1DgeWB8Lu8Va8D0XpklHElDSQAgLMKGPNnGwH2MEgJU&_nc_zt=24&_nc_ht=scontent-iad6-1.xx&_nc_gid=FuMRJwdV6Xa3NccN1Brn-w&_nc_ss=7e2a8&oh=00_AQD40rLcfAHU1MAY5WEPJ7PXmpkhie8q_E08ll2uEXPKKQ&oe=6A5E393C","https://www.facebook.com/ttpmact","0","1470691550257991","#spreadthenews 
Flood in Manila
Video Credits: Mazaco Hirao
#ttpmact #whatsganap #flood #fypviralシ #manilaphilippines #ATTENTION #taraoltayo #fypシ゚",,,,,"2",,,"2","0","1721782955000","https://www.facebook.com/groups/882737902386695/permalink/1470691550257991/"
,"428136880181162","video","https://www.facebook.com/reel/428136880181162/",,,,,,,,,,,,,,,,,"1096561139","Mario Guillen","https://scontent-iad3-1.xx.fbcdn.net/v/t39.30808-1/741870973_10165147246366667_4709822322876399560_n.jpg?stp=cp0_dst-jpg_tt6&cstp=mx1023x1023&ctp=s24x24&_nc_cat=110&ccb=1-7&_nc_sid=1d2534&_nc_ohc=9UFnwXqfBykQ7kNvwGm-LSg&_nc_oc=AdpsETJJS9Kg_cqkDYODIcNX6S7ro-npksMtx-AtNTw0EYzP6s39iC9q5Fg04BuK2-M&_nc_zt=24&_nc_ht=scontent-iad3-1.xx&_nc_gid=FuMRJwdV6Xa3NccN1Brn-w&_nc_ss=7e2a8&oh=00_AQBcn2sc-IwT3583L5vVAvfi7RqbK-f_acaPei2KW8VNgg&oe=6A5E3E05","https://www.facebook.com/reniemar","48","7893189427438341","Hmmmmmmm ganun...
 #followerseveryone 
 #fbreels 
 #followersreels 
 #reels
 #mharsvillanil 
 #flood",,"11","2",,"2",,,"15","1","1721850071000","https://www.facebook.com/groups/GisingNaPiipinas/permalink/7893189427438341/"
