"attachments/0/accessibilityCaption","attachments/0/id","attachments/0/type","attachments/0/url","attachments/1/accessibilityCaption","attachments/1/id","attachments/1/type","attachments/1/url","attachments/2/accessibilityCaption","attachments/2/id","attachments/2/type","attachments/2/url","attachments/3/accessibilityCaption","attachments/3/id","attachments/3/type","attachments/3/url","attachments/4/accessibilityCaption","attachments/4/id","attachments/4/type","attachments/4/url","author/id","author/name","author/profilePicture","author/profileUrl","commentsCount","postId","postText","reactions/anger","reactions/haha","reactions/like","reactions/love","reactions/sorry","reactions/wow","reactionsCount","sharesCount","timestamp","url"
"No photo description available.","545517118938380","photo","https://www.facebook.com/photo.php?fbid=545517118938380&set=a.647063400785530&type=3","No photo description available.","545517115605047","photo","https://www.facebook.com/photo.php?fbid=545517115605047&set=a.647063400785530&type=3","No photo description available.","545517112271714","photo","https://www.facebook.com/photo.php?fbid=545517112271714&set=a.647063400785530&type=3",,,,,,,,,"100064456281701","News5","https://scontent-iad6-1.xx.fbcdn.net/v/t39.30808-1/352531091_590012623265943_7503745415624331533_n.png?stp=cp0_dst-png&cstp=mx719x719&ctp=s40x40&_nc_cat=1&ccb=1-7&_nc_sid=2d3e12&_nc_ohc=VZI5zKGnILYQ7kNvwH5Cvbd&_nc_oc=Adr441R88OsinFqEBM3qhWAoUvk-BSIznGlAWxvc85id1efSVeJr347IP2CDKDSrcFw&_nc_zt=24&_nc_ht=scontent-iad6-1.xx&_nc_gid=j_VOB50x5SDhi2mkDQBulQ&_nc_ss=7c2a8&oh=00_AQBFXUowImhxjHDcgh0T_xy07zjLD5nx6kM4YHB4RX3w3g&oe=6A601F4F","https://www.facebook.com/News5Everywhere","30","545517412271684","@romeltv5: Abot leeg na baha sa San Leonardo Nueva Ecija. #AksyonPanahon #LandoPH",,,"272",,"1",,"273","662","1445233584000","https://www.facebook.com/News5Everywhere/posts/pfbid0tfSHKzcUppbCFjRkonsLum25A1ChYVwif3kcwXywjyZaVo1A4veafarhGoktHD3nl"
,"10153536530665168","video",,,,,,,,,,,,,,,,,,"100064957951102","ABS-CBN News","https://scontent-iad6-1.xx.fbcdn.net/v/t39.30808-1/612193561_1385784586930127_8766501501849307524_n.jpg?stp=cp0_dst-jpg_tt6&cstp=mx513x511&ctp=s40x40&_nc_cat=1&ccb=1-7&_nc_sid=2d3e12&_nc_ohc=jjMlUL_Ip04Q7kNvwGjAedM&_nc_oc=AdoDHNmf1yXvJlDZqYdVkk1wcEXYzhPtx-XOJY9ExPG-s0ZxCQ_BFHIpVNpoKu7scU4&_nc_zt=24&_nc_ht=scontent-iad6-1.xx&_nc_gid=j_VOB50x5SDhi2mkDQBulQ&_nc_ss=7c2a8&oh=00_AQBhZSt3MJUwNq4hY7-TWEUyIGPW7gNMFfZQn7qtRyyO1g&oe=6A600EDC","https://www.facebook.com/abscbnNEWS","179","10153536530665168","Lagpas-tao ang tubig-baha sa Brgy. Aduas Sur, Cabanatuan City. Ulat ni Raffy Bosano, ABS-CBN News. #LandoPH",,,"3178",,"2",,"3180","1188","1445279438000","https://www.facebook.com/abscbnNEWS/videos/10153536530665168/"
,"10153536571625168","video",,,,,,,,,,,,,,,,,,"100064957951102","ABS-CBN News","https://scontent-iad6-1.xx.fbcdn.net/v/t39.30808-1/612193561_1385784586930127_8766501501849307524_n.jpg?stp=cp0_dst-jpg_tt6&cstp=mx513x511&ctp=s40x40&_nc_cat=1&ccb=1-7&_nc_sid=2d3e12&_nc_ohc=jjMlUL_Ip04Q7kNvwGjAedM&_nc_oc=AdoDHNmf1yXvJlDZqYdVkk1wcEXYzhPtx-XOJY9ExPG-s0ZxCQ_BFHIpVNpoKu7scU4&_nc_zt=24&_nc_ht=scontent-iad6-1.xx&_nc_gid=j_VOB50x5SDhi2mkDQBulQ&_nc_ss=7c2a8&oh=00_AQBhZSt3MJUwNq4hY7-TWEUyIGPW7gNMFfZQn7qtRyyO1g&oe=6A600EDC","https://www.facebook.com/abscbnNEWS","523","10153536571625168","Malawak na bahagi ng Tuguegarao, Cagayan Valley, apektado ng baha. Narito ang isang aerial video mula kay Bayan Patroller John Ryan Domingo. #LandoPH","5","1","8886","7","274","11","9184","10985","1445281257000","https://www.facebook.com/abscbnNEWS/videos/10153536571625168/"
,"10153534153740168","video",,,,,,,,,,,,,,,,,,"100064957951102","ABS-CBN News","https://scontent-iad6-1.xx.fbcdn.net/v/t39.30808-1/612193561_1385784586930127_8766501501849307524_n.jpg?stp=cp0_dst-jpg_tt6&cstp=mx513x511&ctp=s40x40&_nc_cat=1&ccb=1-7&_nc_sid=2d3e12&_nc_ohc=jjMlUL_Ip04Q7kNvwGjAedM&_nc_oc=AdoDHNmf1yXvJlDZqYdVkk1wcEXYzhPtx-XOJY9ExPG-s0ZxCQ_BFHIpVNpoKu7scU4&_nc_zt=24&_nc_ht=scontent-iad6-1.xx&_nc_gid=j_VOB50x5SDhi2mkDQBulQ&_nc_ss=7c2a8&oh=00_AQBhZSt3MJUwNq4hY7-TWEUyIGPW7gNMFfZQn7qtRyyO1g&oe=6A600EDC","https://www.facebook.com/abscbnNEWS","42","10153534153740168","Nagtulong-tulong ang mga residente sa pagtulak ng mga lumubog na sasakyan dahil sa baha na hatid ni bagyong 'Lando'. Kuhang bidyo ni Raphael Bosano, ABS-CBNnews.com

Para sa karagdagang updates, sundan ang aming live blog: http://bit.ly/ABSCBNWeather",,,"2107",,,,"2107","222","1445175062000","https://www.facebook.com/abscbnNEWS/videos/10153534153740168/"
,"994679907219919","video",,,,,,,,,,,,,,,,,,"100064632611542","Bayan Mo, Ipatrol Mo","https://scontent-iad6-1.xx.fbcdn.net/v/t39.30808-1/418541514_765959235568490_619545813751899744_n.jpg?stp=c461.29.1111.1112a_cp0_dst-jpg_tt6&cstp=mx1111x1112&ctp=s40x40&_nc_cat=100&ccb=1-7&_nc_sid=2d3e12&_nc_ohc=uOfnjF7jFPsQ7kNvwGifew8&_nc_oc=AdoHoeuYLqaD2qkBtzL_OWodM8DTIMW_Df3A7EQyQDx_wEdsqQfHrMkUvPCaaqAJ99U&_nc_zt=24&_nc_ht=scontent-iad6-1.xx&_nc_gid=j_VOB50x5SDhi2mkDQBulQ&_nc_ss=7c2a8&oh=00_AQBuuhvAnwibtWe8zc0HocHLLPHYUzFfLSphIHFXthybTQ&oe=6A6004DB","https://www.facebook.com/bayanmoipatrolmo","67","994679907219919","PANOORIN: Malawak na bahagi ng Tuguegarao City, Cagayan Valley, apektado ng baha. Narito ang isang aerial video mula kay Bayan Patroller John Ryan Domingo.",,,"814",,"4",,"818","3511","1445240233000","https://www.facebook.com/bayanmoipatrolmo/videos/994679907219919/"
,"10153461809946977","video",,,,,,,,,,,,,,,,,,"100064849986224","GMA News","https://scontent-iad6-1.xx.fbcdn.net/v/t39.30808-1/658216539_1459297662908553_7892569438724908023_n.jpg?stp=cp0_dst-jpg_tt6&cstp=mx1200x1200&ctp=s40x40&_nc_cat=1&ccb=1-7&_nc_sid=2d3e12&_nc_ohc=_9Kw3PkUnsIQ7kNvwGzEp_C&_nc_oc=AdrJPgTHUJ5X-jcDyQocRe7xUcwY0samLl4Ix-pbXxNCBef779mCEsOD2GaKReK4bnc&_nc_zt=24&_nc_ht=scontent-iad6-1.xx&_nc_gid=sLZ-itDk_fGf_DGdBppK0g&_nc_ss=7c2a8&oh=00_AQBoNOCwsHrKBwTVHsptat0uMSUM3ALAe8YPYcCoh9vmmg&oe=6A5FFBBF","https://www.facebook.com/gmanews","64","10153461809946977","YouScoop: Bahagyang humupa pero mataas pa rin ang baha dulot ng #LandoPH sa Brgy. Nabao, Cabanatuan City ayon kay YouScooper Christopher Atazar. Nananawagan sina YouScooper Christopher at iba pang binaha sa lugar ng tulong mula sa gobyerno dahil marami raw ngayon ang hindi makabalik sa kanilang mga bahay.

Maaaring ipadala ang inyong ulat sa:

Facebook: facebook.com/youscoop
Twitter: twitter.com/youscoop
Instagram: instagram.com/youscoop
Email: youscoop@gmanews.tv
Official Facebook group: gmane.ws/YouScoopFBGroup

QUICK LINK: gmanews.tv/LandoPH",,,"2459",,,,"2459","582","1445220722000","https://www.facebook.com/gmanews/videos/10153461809946977/"
"No photo description available.","742826035840128","photo","https://www.facebook.com/photo/?fbid=742826035840128&set=gm.10153590079833805",,,,,,,,,,,,,,,,,"100003382145446","Benjie Russell","https://scontent-iad6-1.xx.fbcdn.net/v/t39.30808-1/616227692_25260407310321993_4401550832989803507_n.jpg?stp=cp6_dst-jpg_tt6&cstp=mx1320x1321&ctp=s24x24&_nc_cat=109&ccb=1-7&_nc_sid=e99d92&_nc_ohc=f8taVFWepUEQ7kNvwHEd7GT&_nc_oc=AdpETELK7A122WuBwCXXBfbLL60qu7IW4HI8saHMzduYYQfUcpz3jVY-WprhPpA9704&_nc_zt=24&_nc_ht=scontent-iad6-1.xx&_nc_gid=sLZ-itDk_fGf_DGdBppK0g&_nc_ss=7c2a8&oh=00_AQAdhn0sXT_M8KsNOn3VrLnjut-pnHaGoMRoE85J5d89yQ&oe=6A60166B","https://www.facebook.com/juan.delacruz.1441810","23","10153590079833805","""MATON"" pwede pag may Baha !",,,"180",,,,"180","0","1445200381000","https://www.facebook.com/groups/138252703804/permalink/10153590079833805/"
"No photo description available.","994643297223580","photo","https://www.facebook.com/photo.php?fbid=994643297223580&set=a.486863240144759&type=3","No photo description available.","994643253890251","photo","https://www.facebook.com/photo.php?fbid=994643253890251&set=a.486863240144759&type=3",,,,,,,,,,,,,"100064632611542","Bayan Mo, Ipatrol Mo","https://scontent-iad6-1.xx.fbcdn.net/v/t39.30808-1/418541514_765959235568490_619545813751899744_n.jpg?stp=c461.29.1111.1112a_cp0_dst-jpg_tt6&cstp=mx1111x1112&ctp=s40x40&_nc_cat=100&ccb=1-7&_nc_sid=2d3e12&_nc_ohc=uOfnjF7jFPsQ7kNvwGifew8&_nc_oc=AdoHoeuYLqaD2qkBtzL_OWodM8DTIMW_Df3A7EQyQDx_wEdsqQfHrMkUvPCaaqAJ99U&_nc_zt=24&_nc_ht=scontent-iad6-1.xx&_nc_gid=sLZ-itDk_fGf_DGdBppK0g&_nc_ss=7c2a8&oh=00_AQDLgH1jSm_dgSUAF7CG3-0o2NY3IJpbQPG6vIovo9-ZQg&oe=6A6004DB","https://www.facebook.com/bayanmoipatrolmo","1","994643423890234","Makapal na putik na dala ng baha kagabi, malaking problema sa kalsada ng Cabanatuan City, Nueva Ecija. (Kuha ni Kori Quintos, ABS-CBN News)",,,"56",,,,"56","16","1445230728000","https://www.facebook.com/bayanmoipatrolmo/posts/pfbid02tU4tUCDNhj6qtJdHs8NcbS7zr5wXYrWteK4GSBvQoXYR7e3yjR81Ef6SGN3FCtDl"
,"10153462194221977","video",,,,,,,,,,,,,,,,,,"100064849986224","GMA News","https://scontent-iad6-1.xx.fbcdn.net/v/t39.30808-1/658216539_1459297662908553_7892569438724908023_n.jpg?stp=cp0_dst-jpg_tt6&cstp=mx1200x1200&ctp=s40x40&_nc_cat=1&ccb=1-7&_nc_sid=2d3e12&_nc_ohc=_9Kw3PkUnsIQ7kNvwGzEp_C&_nc_oc=AdrJPgTHUJ5X-jcDyQocRe7xUcwY0samLl4Ix-pbXxNCBef779mCEsOD2GaKReK4bnc&_nc_zt=24&_nc_ht=scontent-iad6-1.xx&_nc_gid=sLZ-itDk_fGf_DGdBppK0g&_nc_ss=7c2a8&oh=00_AQBoNOCwsHrKBwTVHsptat0uMSUM3ALAe8YPYcCoh9vmmg&oe=6A5FFBBF","https://www.facebook.com/gmanews","157","10153462194221977","Halos lampas-tao na ang baha sa Brgy. Can-Dating sa Arayat, Pampanga dahil sa pag-ulan na dulot ng Bagyong #LandoPH. Bumaha rin ba sa lugar n'yo dahil sa #LandoPH? 

Maaaring ipadala ang inyong ulat, photo, o video sa:

Facebook: facebook.com/youscoop
Twitter: twitter.com/youscoop
Instagram: instagram.com/youscoop
Email: youscoop@gmanews.tv
Official Facebook group: gmane.ws/YouScoopFBGroup

QUICK LINK: gmanews.tv/LandoPH",,,"2539",,"2",,"2541","1472","1445243762000","https://www.facebook.com/gmanews/videos/10153462194221977/"
,"545461098943982","video",,,,,,,,,,,,,,,,,,"100064456281701","News5","https://scontent-iad6-1.xx.fbcdn.net/v/t39.30808-1/352531091_590012623265943_7503745415624331533_n.png?stp=cp0_dst-png&cstp=mx719x719&ctp=s40x40&_nc_cat=1&ccb=1-7&_nc_sid=2d3e12&_nc_ohc=VZI5zKGnILYQ7kNvwH5Cvbd&_nc_oc=Adr441R88OsinFqEBM3qhWAoUvk-BSIznGlAWxvc85id1efSVeJr347IP2CDKDSrcFw&_nc_zt=24&_nc_ht=scontent-iad6-1.xx&_nc_gid=sLZ-itDk_fGf_DGdBppK0g&_nc_ss=7c2a8&oh=00_AQA8Nqi7G7gvjcFV_6G5bIK4poIjcn_XmxGu237b9EaLOA&oe=6A601F4F","https://www.facebook.com/News5Everywhere","6","545461098943982","EPEKTO NG BAGYONG 'LANDO' SA AURORA

For more videos visit us at www.news5.com.ph

Lubog sa baha ang ilang kabahayan sa Aurora sa paghagupit ng Bagyong 'Lando' sa probinsya. Bagama't handa ang mga residente at lokal na pamahalaan, hindi nila akalain ang tindi ng lakas ng hangin at ulan na bungsod ng bagyo.
Ulat ni Jenny Dongon",,"1","49",,,,"50","96","1445218186000","https://www.facebook.com/News5Everywhere/videos/545461098943982/"
,"10153534177600168","video",,,,,,,,,,,,,,,,,,"100064957951102","ABS-CBN News","https://scontent-iad6-1.xx.fbcdn.net/v/t39.30808-1/612193561_1385784586930127_8766501501849307524_n.jpg?stp=cp0_dst-jpg_tt6&cstp=mx513x511&ctp=s40x40&_nc_cat=1&ccb=1-7&_nc_sid=2d3e12&_nc_ohc=jjMlUL_Ip04Q7kNvwGjAedM&_nc_oc=AdoDHNmf1yXvJlDZqYdVkk1wcEXYzhPtx-XOJY9ExPG-s0ZxCQ_BFHIpVNpoKu7scU4&_nc_zt=24&_nc_ht=scontent-iad6-1.xx&_nc_gid=sLZ-itDk_fGf_DGdBppK0g&_nc_ss=7c2a8&oh=00_AQCDAu9JcYuzvEp1PN_XSXbYqaiFQkJlDXhhcchzro1wpw&oe=6A600EDC","https://www.facebook.com/abscbnNEWS","69","10153534177600168","Sumampa sa backhoe ang mga residente sa Cabanatuan upang iwasan ang abot-tuhod na baha na dala ng bagyong Lando. Wala ring tigil ang pag-ulan sa lugar. Kuhang bidyo ni Raphael Bosano, ABS-CBNnews.com

Para sa karagdagang updates, sundan ang aming live blog: http://bit.ly/ABSCBNWeather",,,"1207",,,,"1207","142","1445176802000","https://www.facebook.com/abscbnNEWS/videos/10153534177600168/"
,"994294453925131","video",,,,,,,,,,,,,,,,,,"100064632611542","Bayan Mo, Ipatrol Mo","https://scontent-iad6-1.xx.fbcdn.net/v/t39.30808-1/418541514_765959235568490_619545813751899744_n.jpg?stp=c461.29.1111.1112a_cp0_dst-jpg_tt6&cstp=mx1111x1112&ctp=s40x40&_nc_cat=100&ccb=1-7&_nc_sid=2d3e12&_nc_ohc=uOfnjF7jFPsQ7kNvwGifew8&_nc_oc=AdoHoeuYLqaD2qkBtzL_OWodM8DTIMW_Df3A7EQyQDx_wEdsqQfHrMkUvPCaaqAJ99U&_nc_zt=24&_nc_ht=scontent-iad6-1.xx&_nc_gid=mR9fCwuvcyPHinLmsnTIOw&_nc_ss=7c2a8&oh=00_AQDlB-rSqR6Z-RJsMEUlMhvLPx_t1IMHIVXY_zLwJUW8Zg&oe=6A6004DB","https://www.facebook.com/bayanmoipatrolmo","85","994294453925131","Oktubre 18-Mabilis ang naging pagtaas ng baha sa Maria Aurora, Aurora kaninang 9:36 ng umaga, sa kuhang video ni Bayan Patroller Remigio Capiral Jr.  #LandoPH #BMPM",,,"727",,"1",,"728","2660","1445155601000","https://www.facebook.com/bayanmoipatrolmo/videos/994294453925131/"
"No photo description available.","994703810550862","photo","https://www.facebook.com/photo/?fbid=994703810550862&set=a.486863240144759",,,,,,,,,,,,,,,,,"100064632611542","Bayan Mo, Ipatrol Mo","https://scontent-iad6-1.xx.fbcdn.net/v/t39.30808-1/418541514_765959235568490_619545813751899744_n.jpg?stp=c461.29.1111.1112a_cp0_dst-jpg_tt6&cstp=mx1111x1112&ctp=s40x40&_nc_cat=100&ccb=1-7&_nc_sid=2d3e12&_nc_ohc=uOfnjF7jFPsQ7kNvwGifew8&_nc_oc=AdoHoeuYLqaD2qkBtzL_OWodM8DTIMW_Df3A7EQyQDx_wEdsqQfHrMkUvPCaaqAJ99U&_nc_zt=24&_nc_ht=scontent-iad6-1.xx&_nc_gid=mR9fCwuvcyPHinLmsnTIOw&_nc_ss=7c2a8&oh=00_AQDlB-rSqR6Z-RJsMEUlMhvLPx_t1IMHIVXY_zLwJUW8Zg&oe=6A6004DB","https://www.facebook.com/bayanmoipatrolmo","7","994703893884187","Napilitang lumangoy ang ilang residente dahil sa taas ng tubig baha sa Barangay Rugao Ilagan, Isabela sa larawang kuha ni Bayan Patroller Espiritu Mayumi bandang 10:30 ng umaga.

#LandoPH",,,"184",,,,"184","39","1445246528000","https://www.facebook.com/bayanmoipatrolmo/posts/pfbid0KsS6QL9aLfzXXg8qfR6uU5k7v4ui67wn4Yo4ncHZsa6N2E6n3U7pPLYiEfYBXkwPl"
"No photo description available.","785038691605667","photo","https://www.facebook.com/photo.php?fbid=785038691605667&set=a.363864482446050&type=3","No photo description available.","785038731605663","photo","https://www.facebook.com/photo.php?fbid=785038731605663&set=a.363864482446050&type=3","No photo description available.","785038868272316","photo","https://www.facebook.com/photo.php?fbid=785038868272316&set=a.363864482446050&type=3","No photo description available.","785038821605654","photo","https://www.facebook.com/photo.php?fbid=785038821605654&set=a.363864482446050&type=3","No photo description available.","785038861605650","photo","https://www.facebook.com/photo.php?fbid=785038861605650&set=a.363864482446050&type=3","100064675025966","GMA News Weather Center","https://scontent-iad6-1.xx.fbcdn.net/v/t39.30808-1/724778055_1541013941397759_4007045830371021396_n.jpg?stp=c95.0.1152.1152a_cp0_dst-jpg_tt6&cstp=mx1152x1152&ctp=s40x40&_nc_cat=107&ccb=1-7&_nc_sid=2d3e12&_nc_ohc=JSfEewpaBicQ7kNvwHQHPfk&_nc_oc=AdrdywMaR3E5qufMk6Y2y7jJnqcf1CnCk-X3oCbh9QJnr8-QQ1cXYjO7VKspE6rh1Qo&_nc_zt=24&_nc_ht=scontent-iad6-1.xx&_nc_gid=mR9fCwuvcyPHinLmsnTIOw&_nc_ss=7c2a8&oh=00_AQBhyB5mGYoGjNHr4hknmhU8ZNi5hjTJg9CYw4FFW7OVJQ&oe=6A600A0D","https://www.facebook.com/gmaweather","12","785039291605607","#Weather update as of 7AM, October 20:

Nananatiling isang severe tropical storm ang #LandoPH. As of 5AM, nabawasan na ang mga lugar na nasa ilalim ng public storm warning signals ng Dost_pagasa para sa bagyong #LandoPH.

Signal No. 2 sa Ilocos Norte, Ilocos Sur, Apayao, Abra,Batanes, Northern Cagayan, Calayan at Babuyan grp. of islands. Posible pa rin ang storm surge na pwedeng umabot sa mahigit isang metro ang taas. Maging #IMReady sa banta ng baha at landslide. Otomatikong walang klase mula preschool hanggang highschool.

Signal No. 1 naman sa La Union, Pangasinan, Benguet, Nueva Vizcaya, Ifugao, Mt.Province, Kalinga, Isabela at iba pang bahagi ng Cagayan. Maghanda sa malalakas na pag-ulan na may pagbugso ng hangin. Otomatikong walang klase sa preschool. 

Inaasahang kikilos ang bagyo pa-hilagang silangan. Kung 'di magbabago ang kilos nito, sa Linggo ito inaasahang lalabas ng PAR.

Bukod sa mga lugar na direktang apektado ng bagyo, posible pa ring maging maulan sa iba pang bahagi ng #Luzon, kasama ang #MetroManila kung saan posible pa rin ang pag-ulan sa mga susunod na oras. Mas maaliwalas naman sa #Bicol.

Sa #Visayas at #Mindanao, ang kanlurang bahagi ang maaaring ulanin ngayong araw.

Hindi lang ang mga dagat sa northern #Luzon ang pinasusungit ng bagyong #LandoPH, kundi pati ang iba pang seaboard ng buong #Luzon at #Visayas. Delikadong pumalaot ang maliliit na sasakyang pandagat.",,,"205",,,,"205","68","1445296536000","https://www.facebook.com/gmaweather/posts/pfbid02H7mTGopudcqYwk3bSoSLB6Hrr1BrpyLn1AmXHX4GSGdFwk9ihLWSoZ7izdKYyUR8l"
,"545230105633748","video",,,,,,,,,,,,,,,,,,"100064456281701","News5","https://scontent-iad6-1.xx.fbcdn.net/v/t39.30808-1/352531091_590012623265943_7503745415624331533_n.png?stp=cp0_dst-png&cstp=mx719x719&ctp=s40x40&_nc_cat=1&ccb=1-7&_nc_sid=2d3e12&_nc_ohc=VZI5zKGnILYQ7kNvwH5Cvbd&_nc_oc=Adr441R88OsinFqEBM3qhWAoUvk-BSIznGlAWxvc85id1efSVeJr347IP2CDKDSrcFw&_nc_zt=24&_nc_ht=scontent-iad6-1.xx&_nc_gid=mR9fCwuvcyPHinLmsnTIOw&_nc_ss=7c2a8&oh=00_AQB9QQmvdXU29JQKdpcvm7RY6AgVLm8wRkkI-uxYAPtNkg&oe=6A601F4F","https://www.facebook.com/News5Everywhere","5","545230105633748","40 BAHAY SA AURORA, LUBOG SA BAHA MATAPOS UMAPAW ANG KALAPIT NA ILOG

For more videos, visit us at www.news5.com.ph

NEWS ALERTS | Nalubog ang 40 bahay sa probinsya ng Aurora dahil sa walang patid na buhos ng ulan. Ayon sa mga otoridad, patuloy kasi ang pagbagsak ng tubig mula sa kabundukan ng Sierra Madre. Ulat hatid ni Roices Naguit.",,,"131",,,,"131","456","1445152884000","https://www.facebook.com/News5Everywhere/videos/545230105633748/"
,"545247955631963","video",,,,,,,,,,,,,,,,,,"100064456281701","News5","https://scontent-iad6-1.xx.fbcdn.net/v/t39.30808-1/352531091_590012623265943_7503745415624331533_n.png?stp=cp0_dst-png&cstp=mx719x719&ctp=s40x40&_nc_cat=1&ccb=1-7&_nc_sid=2d3e12&_nc_ohc=VZI5zKGnILYQ7kNvwH5Cvbd&_nc_oc=Adr441R88OsinFqEBM3qhWAoUvk-BSIznGlAWxvc85id1efSVeJr347IP2CDKDSrcFw&_nc_zt=24&_nc_ht=scontent-iad6-1.xx&_nc_gid=mR9fCwuvcyPHinLmsnTIOw&_nc_ss=7c2a8&oh=00_AQB9QQmvdXU29JQKdpcvm7RY6AgVLm8wRkkI-uxYAPtNkg&oe=6A601F4F","https://www.facebook.com/News5Everywhere","2","545247955631963","Ilang brgy. sa San Luis, Aurora, lubog na rin sa baha. @jcdongon  #LandoPH #aksyonpanahon",,,"59",,,,"59","58","1445158346000","https://www.facebook.com/News5Everywhere/videos/545247955631963/"
,"949293338451114","video",,,,,,,,,,,,,,,,,,"100064458859086","Bayan Bangon at Alamin","https://scontent-iad3-1.xx.fbcdn.net/v/t39.30808-1/347375928_1204876193558790_2822027379257533870_n.jpg?stp=c0.0.180.180a_cp0_dst-jpg_tt6&cstp=mx180x180&ctp=s40x40&_nc_cat=108&ccb=1-7&_nc_sid=2d3e12&_nc_ohc=ZMqWr9LK8AcQ7kNvwGghv-K&_nc_oc=Adq5ibPbSQf24DbN13OdeujmNfLT_wgjomRgumNNmUi-LZITOyJUvZtcxLsQLgB_bjk&_nc_zt=24&_nc_ht=scontent-iad3-1.xx&_nc_gid=mR9fCwuvcyPHinLmsnTIOw&_nc_ss=7c2a8&oh=00_AQBZ3qaHjd2P2iLURzFhtlGKecGp5osSqePX7TX6WzkCQg&oe=6A60200C","https://www.facebook.com/BayanBangonAlamin","1","949293338451114","40 BAHAY SA AURORA, LUBOG SA BAHA MATAPOS UMAPAW ANG KALAPIT NA ILOG",,,"65",,,,"65","58","1445214911000","https://www.facebook.com/BayanBangonAlamin/videos/949293338451114/"
"No photo description available.","795385610584545","photo","https://www.facebook.com/photo/?fbid=795385610584545&set=gm.931634986923681",,,,,,,,,,,,,,,,,"100003393414981","Juan Friginal Sindac Jr.","https://scontent-iad6-1.xx.fbcdn.net/v/t39.30808-1/462340654_8167785890011110_7219105487907859937_n.jpg?stp=cp0_dst-jpg_tt6&cstp=mx200x200&ctp=s24x24&_nc_cat=107&ccb=1-7&_nc_sid=1d2534&_nc_ohc=k3osNKsf0joQ7kNvwGLiT7F&_nc_oc=AdrSetMh_YdhkktQE_XfCnM5RHXxIhyoDSEncD8V6gpX7UT_D0dQFgnyZEt8YLMFtnE&_nc_zt=24&_nc_ht=scontent-iad6-1.xx&_nc_gid=vLR6x0LhdeKT_5XqdIWFCg&_nc_ss=7c2a8&oh=00_AQC36oKC5XGWlPNINRyFKqWhAiNWJvpc2qrh-eubLWazvQ&oe=6A601FA1","https://www.facebook.com/juanfsindacjr","90","931634986923681","Mga PULIS ng Aurora PPSC at ng San Luis MPS, Aurora tumutulong sa mga residente na nalubog sa baha",,,"1916",,,,"1916","0","1445148758000","https://www.facebook.com/groups/PoliceDigest/permalink/931634986923681/"
,"949696331744148","video",,,,,,,,,,,,,,,,,,"100064458859086","Bayan Bangon at Alamin","https://scontent-iad3-1.xx.fbcdn.net/v/t39.30808-1/347375928_1204876193558790_2822027379257533870_n.jpg?stp=c0.0.180.180a_cp0_dst-jpg_tt6&cstp=mx180x180&ctp=s40x40&_nc_cat=108&ccb=1-7&_nc_sid=2d3e12&_nc_ohc=ZMqWr9LK8AcQ7kNvwGghv-K&_nc_oc=Adq5ibPbSQf24DbN13OdeujmNfLT_wgjomRgumNNmUi-LZITOyJUvZtcxLsQLgB_bjk&_nc_zt=24&_nc_ht=scontent-iad3-1.xx&_nc_gid=vLR6x0LhdeKT_5XqdIWFCg&_nc_ss=7c2a8&oh=00_AQB9MQA-3DdKXRdTr5MjWoKC0geNJFB4upeuWQ3tLJlCGA&oe=6A60200C","https://www.facebook.com/BayanBangonAlamin","9","949696331744148","MGA BAYAN SA PANGASINAN AT TARLAC, NAGMISTULANG DAGAT SA TAAS NG BAHA",,,"140",,,,"140","765","1445278487000","https://www.facebook.com/BayanBangonAlamin/videos/949696331744148/"
"No photo description available.","1645607849041496","photo","https://www.facebook.com/photo/?fbid=1645607849041496&set=gm.546791568809034",,,,,,,,,,,,,,,,,"100007768891686","Beatriz Manansala","https://scontent-iad6-1.xx.fbcdn.net/v/t1.6435-1/106128984_2684297425172528_1064376806157996060_n.jpg?stp=cp0_dst-jpg_tt6&cstp=mx607x607&ctp=s24x24&_nc_cat=106&ccb=1-7&_nc_sid=e99d92&_nc_ohc=36v56dNFiQgQ7kNvwFFGt29&_nc_oc=AdpOC6RDW3g-rd3CHUhSksII-zNQbrmHoTTigrDbViYnut9DlaQ1IU59kn6hPgTpBdk&_nc_zt=24&_nc_ht=scontent-iad6-1.xx&_nc_gid=vLR6x0LhdeKT_5XqdIWFCg&_nc_ss=7c2a8&oh=00_AQAEekEBQz5Oy227ZboRXsjVae5q_MH2gt5acogKvT0Mew&oe=6A81AFD3","https://www.facebook.com/beatriz.manansala.5","79","546791568809034","In fairness, on topic ito dahil ito ang memories natin ng Manila pag may bagyo......baha .....suspended ang lahat ng klase ...

Joke, joke lang pang alis ng Stress ......",,,"447",,,,"447","0","1445153739000","https://www.facebook.com/groups/memoriesoldmanila/permalink/546791568809034/"
"No photo description available.","994647100556533","photo","https://www.facebook.com/photo/?fbid=994647100556533&set=a.486863240144759",,,,,,,,,,,,,,,,,"100064632611542","Bayan Mo, Ipatrol Mo","https://scontent-iad6-1.xx.fbcdn.net/v/t39.30808-1/418541514_765959235568490_619545813751899744_n.jpg?stp=c461.29.1111.1112a_cp0_dst-jpg_tt6&cstp=mx1111x1112&ctp=s40x40&_nc_cat=100&ccb=1-7&_nc_sid=2d3e12&_nc_ohc=uOfnjF7jFPsQ7kNvwGifew8&_nc_oc=AdoHoeuYLqaD2qkBtzL_OWodM8DTIMW_Df3A7EQyQDx_wEdsqQfHrMkUvPCaaqAJ99U&_nc_zt=24&_nc_ht=scontent-iad6-1.xx&_nc_gid=vLR6x0LhdeKT_5XqdIWFCg&_nc_ss=7c2a8&oh=00_AQCWrhOQiE85ILvyDR-dfKb-QVMetyjcEUIBpj6sWClr2w&oe=6A6004DB","https://www.facebook.com/bayanmoipatrolmo","26","994647100556533","Pinili ng ilang pamilya na manatili sa matataas na mausoleo sa mga sementeryo para makaligtas sa mataas na baha sa Cabanatuan City (Kuha ni Kori Quintos) #LandoPH",,,"176",,,,"176","30","1445232029000","https://www.facebook.com/photo.php?fbid=994647100556533&set=a.486863240144759&type=3"
"No photo description available.","1109974679013783","photo","https://www.facebook.com/photo/?fbid=1109974679013783&set=a.226209779545802",,,,,,,,,,,,,,,,,"100064703437033","Department of Health (Philippines)","https://scontent-iad6-1.xx.fbcdn.net/v/t39.30808-1/441896707_873041984862575_1120508048550319341_n.jpg?stp=cp0_dst-jpg_tt6&cstp=mx2047x2048&ctp=s40x40&_nc_cat=1&ccb=1-7&_nc_sid=2d3e12&_nc_ohc=MBfgBoOFLwUQ7kNvwEp50P0&_nc_oc=AdpkFn_KDGkcMSQSP9Vsq_dPcIUYeB8QJ72eBuR5J_yHwZmcUZc8An8Igbel5UbbE9I&_nc_zt=24&_nc_ht=scontent-iad6-1.xx&_nc_gid=vLR6x0LhdeKT_5XqdIWFCg&_nc_ss=7c2a8&oh=00_AQBldVnfioDfdeKNlekGKKFqRkGhkLyAWJqcMYg8SSRE6w&oe=6A600C5B","https://www.facebook.com/DOHgovPH","17","1109974679013783","Leptospirosis

Sanhi: Mikrobyong ""Leptospira""

Paano nakukuha:
> Sa pamamagitan ng pagpasok ng mikrobyo sa balat na may sugat mula sa tubig-baha, basang lupa, o halamang may ihi ng kontaminadong daga.

Mga Palatandaan:
> Lagnat
> Panginginig ng katawan o ""chills""
> Pananakit ng binti, kalamnan, kasukasuan at ulo.
> Pamumula ng mga mata sa ibang pasyente.
> Paninilaw ng balat.
> Matingkad na kulay na ihi.
> Kakaunti ang iniihi.
> Sobrang pananakit ng ulo.

Pag-iwas at Pagsugpo:
> Iwasang lumangoy o lumusong sa kontaminadong baha at maruming tubig.
> Gumamit ng bota kung kailangang lumusong sa baha.
> Sugpuin ang mga daga sa bahay.
> Panatilihing malinis ang buong bahay.",,,,,,,"0","1785","1445246162000","https://www.facebook.com/photo.php?fbid=1109974679013783&set=a.226209779545802&type=3"
"No photo description available.","994704083884168","photo","https://www.facebook.com/photo/?fbid=994704083884168&set=a.486863240144759",,,,,,,,,,,,,,,,,"100064632611542","Bayan Mo, Ipatrol Mo","https://scontent-iad6-1.xx.fbcdn.net/v/t39.30808-1/418541514_765959235568490_619545813751899744_n.jpg?stp=c461.29.1111.1112a_cp0_dst-jpg_tt6&cstp=mx1111x1112&ctp=s40x40&_nc_cat=100&ccb=1-7&_nc_sid=2d3e12&_nc_ohc=uOfnjF7jFPsQ7kNvwGifew8&_nc_oc=AdoHoeuYLqaD2qkBtzL_OWodM8DTIMW_Df3A7EQyQDx_wEdsqQfHrMkUvPCaaqAJ99U&_nc_zt=24&_nc_ht=scontent-iad6-1.xx&_nc_gid=vLR6x0LhdeKT_5XqdIWFCg&_nc_ss=7c2a8&oh=00_AQCWrhOQiE85ILvyDR-dfKb-QVMetyjcEUIBpj6sWClr2w&oe=6A6004DB","https://www.facebook.com/bayanmoipatrolmo","0","994704083884168","Abot tuhod ang baha sa Barangay San Mateo, Arayat, Pampanga sa larawang kuha ni Bayan Patroller Lady Agape Galang bandang 1:00 ng hapon.

#LandoPH",,,"96",,,,"96","13","1445246611000","https://www.facebook.com/photo.php?fbid=994704083884168&set=a.486863240144759&type=3"
,"949667708413677","video",,,,,,,,,,,,,,,,,,"100064458859086","Bayan Bangon at Alamin","https://scontent-iad3-1.xx.fbcdn.net/v/t39.30808-1/347375928_1204876193558790_2822027379257533870_n.jpg?stp=c0.0.180.180a_cp0_dst-jpg_tt6&cstp=mx180x180&ctp=s40x40&_nc_cat=108&ccb=1-7&_nc_sid=2d3e12&_nc_ohc=ZMqWr9LK8AcQ7kNvwGghv-K&_nc_oc=Adq5ibPbSQf24DbN13OdeujmNfLT_wgjomRgumNNmUi-LZITOyJUvZtcxLsQLgB_bjk&_nc_zt=24&_nc_ht=scontent-iad3-1.xx&_nc_gid=GQ7k-0Z0mtN8_dGxGX7gPw&_nc_ss=7c2a8&oh=00_AQCu4qex-d53tk6x8e53Y7Mwatjuv4iHEcsUGBHISxLg0g&oe=6A60200C","https://www.facebook.com/BayanBangonAlamin","8","949667708413677","15 SA 28 BAYAN SA CAGAYAN, LUBOG SA BAHA",,,"60",,,,"60","188","1445275828000","https://www.facebook.com/BayanBangonAlamin/videos/949667708413677/"
,"741595675967188","video",,,,,,,,,,,,,,,,,,"100068987612270","Ang Buhay Pinoy","https://scontent-iad3-2.xx.fbcdn.net/v/t39.30808-1/358694494_587873650188884_4092033179381283382_n.jpg?stp=c3.0.221.221a_cp0_dst-jpg_tt6&cstp=mx221x221&ctp=s40x40&_nc_cat=111&ccb=1-7&_nc_sid=2d3e12&_nc_ohc=VWZTb-c_RwIQ7kNvwFjW8dk&_nc_oc=AdpkP_-s_Z-OkUKKTpQv62-gMX1vOHSRe3k2z68KlKcicvoq8oLHwNr-Aa-xfH6GXoo&_nc_zt=24&_nc_ht=scontent-iad3-2.xx&_nc_gid=GQ7k-0Z0mtN8_dGxGX7gPw&_nc_ss=7c2a8&oh=00_AQAt_1_HmIrdvqS1KLb60LzlhGscGC4G0pY8qQJhGJAsvQ&oe=6A5FF862","https://www.facebook.com/AngBuhayPinoy","70","741595675967188","KAHIT ME BAGYO AT BAHA....BASTA PINOY DI NAUUBUSAN NG KALOKOHAN ANO? :) :)",,,"422",,,"1","423","624","1445236571000","https://www.facebook.com/AngBuhayPinoy/videos/741595675967188/"
"No photo description available.","431506170377233","photo","https://www.facebook.com/photo/?fbid=431506170377233&set=a.256896629424960",,,,,,,,,,,,,,,,,"100053138751207","Doc Willie Ong","https://scontent-iad6-1.xx.fbcdn.net/v/t1.6435-1/153222381_256896709424952_2471678528708141427_n.jpg?stp=cp0_dst-jpg_tt6&cstp=mx932x932&ctp=s40x40&_nc_cat=1&ccb=1-7&_nc_sid=2d3e12&_nc_ohc=jLCpP-yPQn0Q7kNvwEPDIfE&_nc_oc=AdrLQVMx9TQZ9O2mvK39rhTl_IAPWyIn-v1hP90bZIElNa9pNgU1mwcdEZ4wzyUzG5k&_nc_zt=24&_nc_ht=scontent-iad6-1.xx&_nc_gid=GQ7k-0Z0mtN8_dGxGX7gPw&_nc_ss=7c2a8&oh=00_AQAVXz5KjoGBLIRQnEp3UYbr27-qA-XHLw_D1nQvAqRBZw&oe=6A8199D1","https://www.facebook.com/DocWillieOngOfficial","155","431506170377233","PHOTO ngayon: Tuguegarao LUBOG sa baha
Please SHARE para makatulong sa ating kababayan.

BABALA sa Leptospirosis :
Alamin ang paggamit ng DOXYCYCLINE (gamot para makaiwas sa leptospirosis)

Payo Ni Dr. Willie T. Ong (Internist and Cardiologist)

Ang leptospirosis bacteria ay posibleng mamuhay sa mga hayop tulad ng daga, aso, baboy at baka. 

Saan nakukuha ang leptospirosis? Kapag may sugat ang iyong paa at lumusong ka sa baha, posibleng pumasok ang leptospirosis bacteria sa iyong katawan. Makukuha din itong sakit sa maduming putik, sa taniman at sa kontaminadong swimming pool.

Ang sintomas nito ay ang matinding sakit ng ulo at katawan.  Nakararanas din ng lagnat at paninilaw ng mata. Lumalabas ang sintomas ng leptospirosis pagkaraan ng 5 hanggang 14 araw pagkalusong sa baha.

Matindi ang komplikasyon nito. Puwedeng masira ang bato, atay, puso, baga at utak. Kadalasan ay ang bato ang tinatamaan at umaabot sa kidney failure at dialysis. May 20% ang namamatay kapag tinamaan na ng kidney failure.

Paano iiwas sa leptospirosis:

1. Huwag lumusong o maligo sa baha. Umiwas sa maduduming putikan at swimming pool.
2. Magsuot ng bota at gloves bago lumusong sa baha. 
3. Kung hindi makaiwas sa baha, maglinis agad ng paa at katawan. Maglagay ng alcohol sa lahat ng nabasang parte ng katawan.
4. I-kontrol ang daga sa bahay at kapaligiran. Gumamit ng mousetrap.
5. Linisin ang bahay maigi para hindi bahayan ng daga at insekto.
6. Gamutin ang sugat sa paa at kamay. Marami ang nagkakaroon ng alipunga sa paa dahil sa baha. Lagyan ito ng alcohol at pahiran ng anti-fungal cream tulad ng Ketoconazole cream na mabibili sa mga botika.

Gamot sa leptospirosis:

1. Para sa hindi makaiwas na lumusong sa baha, uminom ng doxycycline 100 mg capsule, 2 capsule isang beses lamang bawat linggo. Ito’y binibigay bilang proteksyon laban sa leptospirosis.
2. Kung ika’y nagkaroon na ng sintomas ng leptospirosis, pumunta agad sa ospital. Kailangan kang ma-iniksyonan ng antibiotic sa loob ng 4 na araw ng pagkakasakit. Kapag hindi naman malala ang sakit, binibigyan ng doktor ng doxycycline 100 mg capsule, 2 beses sa maghapon sa loob ng 7 araw.
3. Mahalagang paalala: Huwag painumin ng doxycyline ang mga batang edad 8 pababa, mga buntis at mga nanay na nagpapasuso. Tandaan din na kailangan ninyong kumonsulta sa doktor bago uminom nitong gamot.",,,"3020",,,,"3020","3683","1445244591000","https://www.facebook.com/photo.php?fbid=431506170377233&set=a.256896629424960&type=3"
,,,,,,,,,,,,,,,,,,,,"100001057386266","Rodolfo De Leon","https://scontent-iad3-1.xx.fbcdn.net/v/t39.30808-1/517451708_24464287716523135_8776605395213459475_n.jpg?stp=cp0_dst-jpg_tt6&cstp=mx1080x1080&ctp=s24x24&_nc_cat=104&ccb=1-7&_nc_sid=e99d92&_nc_ohc=uicI2KloHzoQ7kNvwEECOh9&_nc_oc=Adop3BoMECoR4qoHExjQ9t1vHPit3Vzks20Im8r2EMPV5YtXSccXOfRVNcePFzlDL54&_nc_zt=24&_nc_ht=scontent-iad3-1.xx&_nc_gid=GQ7k-0Z0mtN8_dGxGX7gPw&_nc_ss=7c2a8&oh=00_AQAp6IUUy5b1mqSoh8UPiPLu9dHu0q8sukIuCZdu7UzGJg&oe=6A5FFF7F","https://www.facebook.com/rodel.deleon.16","60","728066677337473","BABALA !....(ME-BAHA)...

Babaha po ng PERA sa Makati sa 2016-election...Huling baraha po ito ng mga Binay!....MAKATENO, Tanggapin ninyo ang perang ibibigay ng mga BINAY.....Pero, iboto nyo c Mayor Romulo ""Kid"" Peña para sa bagong Makati City!....Ito po ay para sa inyo!...sa ikabubuti ninyo mismo!....Nawa'y namulat na ang inyong mga mata sa katiwaliang napakatagal ng PINARARAUSAN....Wala ng mananakot sa inyo katulad ng dati sa panahon ng BINAY na kayo'y mawawalan ng trabaho kapag hindi ninyo ibinoto ang naka-pwesto....Ke Mayor KID, kalaban o kakampi man, siya'y LINGKOD ninyo...Ang Mayor Ninyo!.....Patuloy ba kayong magiging-TANGA?....Ito na ang tamang oras tungo sa pagbabago!...GO-MAKATI!",,,"325",,,,"325","0","1445193060000","https://www.facebook.com/groups/525738064237003/permalink/728066677337473/"
"No photo description available.","864357420286734","photo","https://www.facebook.com/photo/?fbid=864357420286734&set=a.628987959259027",,,,,,,,,,,,,,,,,"100064434859879","Salamat Dok","https://scontent-iad6-1.xx.fbcdn.net/v/t39.30808-1/352296505_210499085212037_2966257360192655285_n.jpg?stp=cp0_dst-jpg_tt6&cstp=mx800x800&ctp=s40x40&_nc_cat=106&ccb=1-7&_nc_sid=2d3e12&_nc_ohc=jE5TSpr081QQ7kNvwFkVsxF&_nc_oc=Adro6ui7BDP-bLK7HUG4HCONUSidmOU_lU7oM8DJuIZ6i3vL9z77r8lPbwqzWeANQeg&_nc_zt=24&_nc_ht=scontent-iad6-1.xx&_nc_gid=GQ7k-0Z0mtN8_dGxGX7gPw&_nc_ss=7c2a8&oh=00_AQATcfB1CSY2Ymjw_1WFltwtXcCf8dHUMoIk_Ep5AT4rEg&oe=6A5FEE9D","https://www.facebook.com/ABSCBNsalamatdok","685","864357420286734","Sandaling katahimikan para sa mga palay at ibang pananim na nilunod ng baha, sa mga alagang hayop na hindi nasagip at mga Kapamilyang hindi nakayanan ang hagupit ni #LandoPH.",,,"11669",,,,"11669","942","1445252486000","https://www.facebook.com/photo.php?fbid=864357420286734&set=a.628987959259027&type=3"
"No photo description available.","10153461597496977","photo","https://www.facebook.com/photo/?fbid=10153461597496977&set=a.10153460400116977",,,,,,,,,,,,,,,,,"100064849986224","GMA News","https://scontent-iad6-1.xx.fbcdn.net/v/t39.30808-1/658216539_1459297662908553_7892569438724908023_n.jpg?stp=cp0_dst-jpg_tt6&cstp=mx1200x1200&ctp=s40x40&_nc_cat=1&ccb=1-7&_nc_sid=2d3e12&_nc_ohc=_9Kw3PkUnsIQ7kNvwGzEp_C&_nc_oc=AdrJPgTHUJ5X-jcDyQocRe7xUcwY0samLl4Ix-pbXxNCBef779mCEsOD2GaKReK4bnc&_nc_zt=24&_nc_ht=scontent-iad6-1.xx&_nc_gid=GQ7k-0Z0mtN8_dGxGX7gPw&_nc_ss=7c2a8&oh=00_AQAYakclVNnXF9aZ--HNnckEbDdrn_qxgwsj66wYLVIT6Q&oe=6A5FFBBF","https://www.facebook.com/gmanews","105","10153461597496977","Stranded ang ilang motorista sa entrada ng Jaen, Nueva Ecija dahil sa baha. (Photo: Rodil Vega/ DZBB) #LandoPH

Bisitahin ang gmanews.tv/LandoPH para sa updates kaugnay ng bagyo, mga lugar na nagsuspinde ng klase, at iba pa.",,,"3127",,,,"3127","678","1445207122000","https://www.facebook.com/photo.php?fbid=10153461597496977&set=a.10153460400116977&type=3"
"No photo description available.","994594660561777","photo","https://www.facebook.com/photo/?fbid=994594660561777&set=a.486863240144759",,,,,,,,,,,,,,,,,"100064632611542","Bayan Mo, Ipatrol Mo","https://scontent-iad6-1.xx.fbcdn.net/v/t39.30808-1/418541514_765959235568490_619545813751899744_n.jpg?stp=c461.29.1111.1112a_cp0_dst-jpg_tt6&cstp=mx1111x1112&ctp=s40x40&_nc_cat=100&ccb=1-7&_nc_sid=2d3e12&_nc_ohc=uOfnjF7jFPsQ7kNvwGifew8&_nc_oc=AdoHoeuYLqaD2qkBtzL_OWodM8DTIMW_Df3A7EQyQDx_wEdsqQfHrMkUvPCaaqAJ99U&_nc_zt=24&_nc_ht=scontent-iad6-1.xx&_nc_gid=b8RntM3zDrkkbNPhCVC9Yg&_nc_ss=7c2a8&oh=00_AQB96Obez1u4INo4NqbtkboyNJCKq7hbw1HwqM10pqvXSw&oe=6A6004DB","https://www.facebook.com/bayanmoipatrolmo","5","994594660561777","Lubog sa baha ang mga bahay sa Brgy. Sto.Niño, Cabanatuan City, Nueva Ecija sa larawang kuha ni Bayan Patroller Precious Taplacido

#LandoPH",,,"105",,,,"105","29","1445218493000","https://www.facebook.com/photo.php?fbid=994594660561777&set=a.486863240144759&type=3"
"No photo description available.","1144122052268031","photo","https://www.facebook.com/photo/?fbid=1144122052268031&set=a.549764740512228",,,,,,,,,,,,,,,,,"100064361212564","Meralco","https://scontent-iad6-1.xx.fbcdn.net/v/t39.30808-1/230469182_4788059357874264_3169537033252175677_n.jpg?stp=cp0_dst-jpg_tt6&cstp=mx960x960&ctp=s40x40&_nc_cat=1&ccb=1-7&_nc_sid=2d3e12&_nc_ohc=ddZf2posRbIQ7kNvwHvFrXL&_nc_oc=AdrYoQVkRctpp19-LpGHIibSPiPDjtc1pv91Scy3v-vs7bX-poJbbHfG_BNFd_w2Yu0&_nc_zt=24&_nc_ht=scontent-iad6-1.xx&_nc_gid=b8RntM3zDrkkbNPhCVC9Yg&_nc_ss=7c2a8&oh=00_AQALzvSRT_l73jj95l5gSxZdF2Uo2TNsL1MM-ktdJ0DmZA&oe=6A600277","https://www.facebook.com/meralco","220","1144122052268031","Humuhupa na ang baha sa ilang lugar. Pinasok ba ng baha ang inyong bahay? Iwasan ang paggamit agad ng nabasang appliances. I-pacheck muna ito sa licensed electrician para iwas aksidente at pagkasira nito. #LandoPH",,,"50",,,,"50","4","1445216849000","https://www.facebook.com/photo.php?fbid=1144122052268031&set=a.549764740512228&type=3"
"No photo description available.","10153534479950168","photo","https://www.facebook.com/photo/?fbid=10153534479950168&set=a.650104283831498",,,,,,,,,,,,,,,,,"100064957951102","ABS-CBN News","https://scontent-iad6-1.xx.fbcdn.net/v/t39.30808-1/612193561_1385784586930127_8766501501849307524_n.jpg?stp=cp0_dst-jpg_tt6&cstp=mx513x511&ctp=s40x40&_nc_cat=1&ccb=1-7&_nc_sid=2d3e12&_nc_ohc=jjMlUL_Ip04Q7kNvwGjAedM&_nc_oc=AdoDHNmf1yXvJlDZqYdVkk1wcEXYzhPtx-XOJY9ExPG-s0ZxCQ_BFHIpVNpoKu7scU4&_nc_zt=24&_nc_ht=scontent-iad6-1.xx&_nc_gid=b8RntM3zDrkkbNPhCVC9Yg&_nc_ss=7c2a8&oh=00_AQD-m6-j1jaeEvM0JdHlO8cQ3dcPPEAMTQJ45MUDF7mRvA&oe=6A600EDC","https://www.facebook.com/abscbnNEWS","159","10153534479950168","Nueva Ecija Governor Umali, on DZMM TeleRadyo : ""Hindi pa bumaba ang baha sa malaking bahagi ng Nueva Ecija. Kasalukuyang tumutulong ang Pampanga at Bulacan sa rescue operations."" #LandoPH

If you or someone you know need help, please call the following numbers in the photo.
  
Additional NDRRMC numbers: 911 1230; 911 1292; 911 1183; 
911 1178; 911 1173;

Read more on the ABS-CBN News live blog: http://www.abs-cbnnews.com/weather",,,,,,,"0","1945","1445187613000","https://www.facebook.com/photo.php?fbid=10153534479950168&set=a.650104283831498&type=3"
"No photo description available.","784693448306858","photo","https://www.facebook.com/photo/?fbid=784693448306858&set=a.363864482446050",,,,,,,,,,,,,,,,,"100064675025966","GMA News Weather Center","https://scontent-iad6-1.xx.fbcdn.net/v/t39.30808-1/724778055_1541013941397759_4007045830371021396_n.jpg?stp=c95.0.1152.1152a_cp0_dst-jpg_tt6&cstp=mx1152x1152&ctp=s40x40&_nc_cat=107&ccb=1-7&_nc_sid=2d3e12&_nc_ohc=JSfEewpaBicQ7kNvwHQHPfk&_nc_oc=AdrdywMaR3E5qufMk6Y2y7jJnqcf1CnCk-X3oCbh9QJnr8-QQ1cXYjO7VKspE6rh1Qo&_nc_zt=24&_nc_ht=scontent-iad6-1.xx&_nc_gid=b8RntM3zDrkkbNPhCVC9Yg&_nc_ss=7c2a8&oh=00_AQBucLYcsCkBHxXI6tMsDz280J_yhPXFH6KaSIl6pFzXaQ&oe=6A600A0D","https://www.facebook.com/gmaweather","18","784693448306858","Lampas-tao na raw ang baha sa Brgy. San Juan ACCFA, Cabanatuan City, Nueva Ecija. Ayon kay Arbir Daguman Bautista, nangangailangan sila ng rescue ngayon.

#RescuePH #LandoPH PIA Gitnang Luzon Ndrrmc Opcen 

Kumusta ang panahon sa inyong lugar? Mag-ingat po kayo.",,,"264",,,,"264","57","1445216803000","https://www.facebook.com/photo.php?fbid=784693448306858&set=a.363864482446050&type=3"
"No photo description available.","1027920927252170","photo","https://www.facebook.com/photo/?fbid=1027920927252170&set=a.163350195957966",,,,,,,,,,,,,,,,,"100068489607165","Official Gazette of the Republic of the Philippines","https://scontent-iad6-1.xx.fbcdn.net/v/t39.30808-1/243175538_163350222624630_1945866997825921248_n.jpg?stp=cp0_dst-jpg_tt6&cstp=mx667x667&ctp=s40x40&_nc_cat=1&ccb=1-7&_nc_sid=2d3e12&_nc_ohc=4ImWktSKUQQQ7kNvwFP3sHL&_nc_oc=AdrhamNNM7qC5a5eHy4jE8YBN2CLoIBwJ-CWlQzK-qtVwFX6oysvIjhg6lJbrJmnpQ0&_nc_zt=24&_nc_ht=scontent-iad6-1.xx&_nc_gid=b8RntM3zDrkkbNPhCVC9Yg&_nc_ss=7c2a8&oh=00_AQDgLTK-qyyN7lpVcYj6u4dnJ4gaxRAdd8oSqxkBxbUYow&oe=6A601789","https://www.facebook.com/govph","0","1027920927252170","PAGSASALARAWAN • Heto ang mga dapat gawin at alalahanin kung may inaasahang baha sa inyong lugar: http://bit.ly/1JPNHfZ",,,"80",,,,"80","21","1445268355000","https://www.facebook.com/photo.php?fbid=1027920927252170&set=a.163350195957966&type=3"
"No photo description available.","1027299403980989","photo","https://www.facebook.com/photo/?fbid=1027299403980989&set=a.163350195957966",,,,,,,,,,,,,,,,,"100068489607165","Official Gazette of the Republic of the Philippines","https://scontent-iad6-1.xx.fbcdn.net/v/t39.30808-1/243175538_163350222624630_1945866997825921248_n.jpg?stp=cp0_dst-jpg_tt6&cstp=mx667x667&ctp=s40x40&_nc_cat=1&ccb=1-7&_nc_sid=2d3e12&_nc_ohc=4ImWktSKUQQQ7kNvwFP3sHL&_nc_oc=AdrhamNNM7qC5a5eHy4jE8YBN2CLoIBwJ-CWlQzK-qtVwFX6oysvIjhg6lJbrJmnpQ0&_nc_zt=24&_nc_ht=scontent-iad6-1.xx&_nc_gid=b8RntM3zDrkkbNPhCVC9Yg&_nc_ss=7c2a8&oh=00_AQDgLTK-qyyN7lpVcYj6u4dnJ4gaxRAdd8oSqxkBxbUYow&oe=6A601789","https://www.facebook.com/govph","1","1027299403980989","INFOGRAPHIC • Maging listo! Heto ang mga dapat gawin at alalahanin kung may inaasahang baha sa inyong lugar: http://bit.ly/1JPNHfZ",,,"129",,,,"129","38","1445138892000","https://www.facebook.com/photo.php?fbid=1027299403980989&set=a.163350195957966&type=3"
"No photo description available.","713456658786350","photo","https://www.facebook.com/photo/?fbid=713456658786350&set=a.632728182234227",,,,,,,,,,,,,,,,,"100064911511235","Amazing Homes Bacolod","https://scontent-iad3-2.xx.fbcdn.net/v/t39.30808-1/742020698_1429905765849794_4151614350382019319_n.jpg?stp=cp0_dst-jpg_tt6&cstp=mx1800x1800&ctp=s40x40&_nc_cat=103&ccb=1-7&_nc_sid=2d3e12&_nc_ohc=mkxcuXrztKEQ7kNvwFHOijS&_nc_oc=Ado9tasxTLSyNA9FNkO4XHifiOetwOrazraAbzJADQxxqutgP7lDgyB91WaZue0bh-8&_nc_zt=24&_nc_ht=scontent-iad3-2.xx&_nc_gid=jbMAUVL3AJBjnQ0a_rlnmg&_nc_ss=7c2a8&oh=00_AQC1_Qv72quSMVB5a2j_OIPRlmmXXqhqL0AK4T0yB3_prg&oe=6A600881","https://www.facebook.com/Amazinghomesphilippines","57","713456658786350","📢 Sawang sawa ka naba sa baha?
🏠 Ito ang magandang offer para sayo 10k Cash Out Lipat Agad!
☀ No Downpayment! No equity! No Hidden Charges and Flood Free!
🏆 May ilang unit pang natitira kaya bago pa maubos magreserved kana!
🚌 For Free site Tripping call or txt: 09423922884 / 09274239780
#REAP500 #investPhil500 #awesome500
#InnovativeCulture #caviteeasyhomes",,,"61",,,,"61","6","1445298121000","https://www.facebook.com/photo.php?fbid=713456658786350&set=a.632728182234227&type=3"
"No photo description available.","10153431138607771","photo","https://www.facebook.com/photo/?fbid=10153431138607771&set=a.10153414114782771",,,,,,,,,,,,,,,,,"100064591845306","iFM 93.9 Manila","https://scontent-iad6-1.xx.fbcdn.net/v/t39.30808-1/398881532_725134426316279_1328865330592024957_n.jpg?stp=cp0_dst-jpg_tt6&cstp=mx2048x2048&ctp=s40x40&_nc_cat=1&ccb=1-7&_nc_sid=2d3e12&_nc_ohc=YELOtWhjxyYQ7kNvwHt-3gE&_nc_oc=Adr8XcDEmty4YHBTz6RioRjQJB17nLKG5tANTz6WcsjFxUMNmGOU6GaQob9uN1gLZnY&_nc_zt=24&_nc_ht=scontent-iad6-1.xx&_nc_gid=jbMAUVL3AJBjnQ0a_rlnmg&_nc_ss=7c2a8&oh=00_AQAYXwius1V1lnaE2v8GVrR2qE43h_klgISwYhhErhH8Jg&oe=6A6019CF","https://www.facebook.com/iFM93.9Manila","13","10153431138607771","Wala man ngayon si Baby Bumbae dahil sa baha, ramdam na ramdam naman niya ang init ng pagmamahal niya para kay Julia.",,,"80",,,,"80","4","1445214906000","https://www.facebook.com/photo.php?fbid=10153431138607771&set=a.10153414114782771&type=3"
"No photo description available.","942515125795388","photo","https://www.facebook.com/photo/?fbid=942515125795388&set=a.678659655514271",,,,,,,,,,,,,,,,,"100064494168066","Pray for the Philippines","https://scontent-iad6-1.xx.fbcdn.net/v/t39.30808-1/473990678_1110888334404295_4355688366113964788_n.jpg?stp=cp0_dst-jpg_tt6&cstp=mx960x958&ctp=s40x40&_nc_cat=107&ccb=1-7&_nc_sid=2d3e12&_nc_ohc=eb8VKrn61gsQ7kNvwH8EjeW&_nc_oc=AdoovG0bGnCictKPCZn8HpAIZ0s6p4yXO8nb4A_l4IESTukxHYNEK3pGX4X82Bg9KGY&_nc_zt=24&_nc_ht=scontent-iad6-1.xx&_nc_gid=jbMAUVL3AJBjnQ0a_rlnmg&_nc_ss=7c2a8&oh=00_AQDFUZv4z4kXOOVCNFnzCcwgkCPQNOUmPQzMYY1X-wrh0g&oe=6A5FF06C","https://www.facebook.com/pilipinongkristiyanogroup","118","942515125795388","Patuloy pong lubog ang ating mga kababayan sa baha... pagdasal
po natin sila󾍛󾓥🇭",,,"721",,,,"721","398","1445288972000","https://www.facebook.com/photo.php?fbid=942515125795388&set=a.678659655514271&type=3"
,,,,,,,,,,,,,,,,,,,,"100064849986224","GMA News","https://scontent-iad6-1.xx.fbcdn.net/v/t39.30808-1/658216539_1459297662908553_7892569438724908023_n.jpg?stp=cp0_dst-jpg_tt6&cstp=mx1200x1200&ctp=s40x40&_nc_cat=1&ccb=1-7&_nc_sid=2d3e12&_nc_ohc=_9Kw3PkUnsIQ7kNvwGzEp_C&_nc_oc=AdrJPgTHUJ5X-jcDyQocRe7xUcwY0samLl4Ix-pbXxNCBef779mCEsOD2GaKReK4bnc&_nc_zt=24&_nc_ht=scontent-iad6-1.xx&_nc_gid=jbMAUVL3AJBjnQ0a_rlnmg&_nc_ss=7c2a8&oh=00_AQC4Jt1KDXXzVKz5IBi2xMVOeE-Us-F-JMdWJ_V8VX1AGw&oe=6A5FFBBF","https://www.facebook.com/gmanews","0","10156230555905725","Video mula sa Pangasinan. Humina ang ulan at humupa ng konti ang baha pero mahangin pa rin po.",,,"2",,,,"2","0","1445237718000","https://www.facebook.com/groups/youscoopgroup/posts/918281721604561/"
"No photo description available.","857822374335173","photo","https://www.facebook.com/photo.php?fbid=857822374335173&set=a.604255335081328&type=3","No photo description available.","857822394335171","photo","https://www.facebook.com/photo.php?fbid=857822394335171&set=a.604255335081328&type=3","No photo description available.","857822391001838","photo","https://www.facebook.com/photo.php?fbid=857822391001838&set=a.604255335081328&type=3","No photo description available.","857822381001839","photo","https://www.facebook.com/photo.php?fbid=857822381001839&set=a.604255335081328&type=3","No photo description available.","857822387668505","photo","https://www.facebook.com/photo.php?fbid=857822387668505&set=a.604255335081328&type=3","100064905991443","Super Radyo DZBB 594khz","https://scontent-iad6-1.xx.fbcdn.net/v/t39.30808-1/304782900_5485953098188721_3419247570684307902_n.jpg?stp=cp0_dst-jpg_tt6&cstp=mx435x435&ctp=s40x40&_nc_cat=1&ccb=1-7&_nc_sid=2d3e12&_nc_ohc=jzyYDEXfg1sQ7kNvwEDvThM&_nc_oc=AdpbOcH5MpwG_FaQ_lhCw8vJr7twnPXLCFuu_2o4G63MtWXQZ-HRn0iMJ9ol9rUCVYA&_nc_zt=24&_nc_ht=scontent-iad6-1.xx&_nc_gid=jbMAUVL3AJBjnQ0a_rlnmg&_nc_ss=7c2a8&oh=00_AQAv4KUEU7PLVDmc6PqLq5fN4Bl5oP8HW_nrbC4Yt7I1Lg&oe=6A600B6B","https://www.facebook.com/dzbb594","0","857822481001829","Walong bahay ang lubog sa baha dahil sa pag-apaw ng ilog sa Brgy. Apanay, Alicia, Isabela. | via @_jamesagustin",,,"32",,,,"32","8","1445146569000","https://www.facebook.com/dzbb594/posts/pfbid029Xyi9u9avmTpeEXSobJqSnEX36VnFTL117Q6r76f6mrKvi1sEBJ24wFKNmi7YEh2l"
,"1244028875622501","video",,,,,,,,,,,,,,,,,,"100000462018151","Marife P Piamonte","https://scontent-iad6-1.xx.fbcdn.net/v/t39.30808-1/687732010_36505675242364416_4069927087247505408_n.jpg?stp=cp0_dst-jpg_tt6&cstp=mx2045x2048&ctp=s24x24&_nc_cat=102&ccb=1-7&_nc_sid=e99d92&_nc_ohc=t13Ix8wAK5MQ7kNvwHbO0bj&_nc_oc=AdrDUmud4FJdODbfh5-w7dtL3amLaJl-uyhSTwSvJgPdjNqTgBz9eMlg8qHa8lPzB6Y&_nc_zt=24&_nc_ht=scontent-iad6-1.xx&_nc_gid=ZXlwzg-AXU8L-ThfR2d7Jw&_nc_ss=7c2a8&oh=00_AQAtVPze4qqik9HQueAkmBc3cZfZmlO_ZSTwFLiQthyFKw&oe=6A601BCE","https://www.facebook.com/quakemonster","7","918216648277735","Hanggng ngaun malalim parin po ang baha d2 sa amin,salacot,san miguel,bulacan likod ng simbahan.nkkatakot lng bumaba ng bahay dahil marami dumi ng hayop lalo na baboy mahirap magkasakit mga ka YouScooper",,,"10",,,,"10","0","1445219098000","https://www.facebook.com/groups/youscoopgroup/permalink/918216648277735/"
"No photo description available.","938269776210849","photo","https://www.facebook.com/photo.php?fbid=938269776210849&set=a.361929705963117&type=3","No photo description available.","938269779544182","photo","https://www.facebook.com/photo.php?fbid=938269779544182&set=a.361929705963117&type=3",,,,,,,,,,,,,"100064382721603","YouScoop","https://scontent-iad3-1.xx.fbcdn.net/v/t39.30808-1/672686201_1384438830378861_7963717717836307265_n.jpg?stp=c0.135.1080.1080a_cp0_dst-jpg_tt6&cstp=mx1080x1080&ctp=s40x40&_nc_cat=110&ccb=1-7&_nc_sid=2d3e12&_nc_ohc=7c3sa59BRfEQ7kNvwGizNom&_nc_oc=AdpJOUWVq1c5UTrMCtq9h1dJYEp0io5QrGQPI_fvBvbemH8kjE484HbTA9PC-7e6LUk&_nc_zt=24&_nc_ht=scontent-iad3-1.xx&_nc_gid=ZXlwzg-AXU8L-ThfR2d7Jw&_nc_ss=7c2a8&oh=00_AQACSBOqVt94-cjggx04_SpxV3W2HfzHhOwTHrShZw3M-g&oe=6A600ECF","https://www.facebook.com/youscoop","1","938270449544115","Bagaman unti-unti nang sumisikat ang araw, mataas pa rin ang baha sa may Barangay Pengue-Ruyu, Tuguegarao City ngayong umaga. #LandoPH

Ulat ni YouScooper Jayne Castillo",,,"19",,,,"19","0","1445295878000","https://www.facebook.com/youscoop/posts/pfbid06janXHUgC68grZqVZBNTjxP2AESXK8X4b7NWighUt6BuCjqUYcH9HmRrkZYWzgPSl"
,"10204964611050811","video",,,,,,,,,,,,,,,,,,"1107344929","Keith O. San Antonio","https://scontent-iad3-2.xx.fbcdn.net/v/t39.30808-1/658928587_10231143510906946_7772330058681182903_n.jpg?stp=cp0_dst-jpg_tt6&cstp=mx2023x2048&ctp=s24x24&_nc_cat=111&ccb=1-7&_nc_sid=1d2534&_nc_ohc=V0h5edeSS4IQ7kNvwF88Bwc&_nc_oc=AdpoHpMsTTl78pawVRr_pv8POLZs2ddyRtfW6d3BXBfwb9fuUkBHAonLr9XafVm8FjQ&_nc_zt=24&_nc_ht=scontent-iad3-2.xx&_nc_gid=ZXlwzg-AXU8L-ThfR2d7Jw&_nc_ss=7c2a8&oh=00_AQDGySjqEC_3M_Jpwchu8DzllcvZdvJRos-b6eUH7T1X4Q&oe=6A5FF878","https://www.facebook.com/klenlue","1","918090851623648","Lumalabas ang tubig baha sa drainage dito sa gilid ng Maharlika Highway cor Mabini Extension Street, Cabanatuan City",,,,,,,"0","0","1445191280000","https://www.facebook.com/groups/youscoopgroup/permalink/918090851623648/"
,,,,,,,,,,,,,,,,,,,,"100001044800940","Mohammad Hamsa","https://scontent-iad6-1.xx.fbcdn.net/v/t39.30808-1/746662746_27921808440770608_6453631526111177707_n.jpg?stp=cp0_dst-jpg_tt6&cstp=mx888x896&ctp=s24x24&_nc_cat=106&ccb=1-7&_nc_sid=e99d92&_nc_ohc=yb0pLHvXoxUQ7kNvwEeskbP&_nc_oc=AdpOYmSiYXtvA2B1DDBjZFMt0a92AZxMYLYYYL8sxc05Bs7u6FgaM9DQcPNhiwV-j7I&_nc_zt=24&_nc_ht=scontent-iad6-1.xx&_nc_gid=ZXlwzg-AXU8L-ThfR2d7Jw&_nc_ss=7c2a8&oh=00_AQDtsdWtJLBauWtbdNz2kRKo68FveMd4ieP7HpBqhH6DNQ&oe=6A600F65","https://www.facebook.com/RedAmin01","2","1523911607900539","#FloodPH 300 Families Barangay Bongabon and barangay Gabaldon Nueva Ecija lagpas tao na baha need rescue source Engr. ocampo of Wisar
#ProjectAgos #Rappler #RACER",,,"13",,,,"13","0","1445142056000","https://www.facebook.com/groups/RACER.volunteer/permalink/1523911607900539/"
,,,,,,,,,,,,,,,,,,,,"100064632611542","Bayan Mo, Ipatrol Mo","https://scontent-iad6-1.xx.fbcdn.net/v/t39.30808-1/418541514_765959235568490_619545813751899744_n.jpg?stp=c461.29.1111.1112a_cp0_dst-jpg_tt6&cstp=mx1111x1112&ctp=s40x40&_nc_cat=100&ccb=1-7&_nc_sid=2d3e12&_nc_ohc=uOfnjF7jFPsQ7kNvwGifew8&_nc_oc=AdoHoeuYLqaD2qkBtzL_OWodM8DTIMW_Df3A7EQyQDx_wEdsqQfHrMkUvPCaaqAJ99U&_nc_zt=24&_nc_ht=scontent-iad6-1.xx&_nc_gid=ZXlwzg-AXU8L-ThfR2d7Jw&_nc_ss=7c2a8&oh=00_AQANL5q3B3-vsmHALQSt9TaJjs5VYajk8JlHBXmeocMx4g&oe=6A6004DB","https://www.facebook.com/bayanmoipatrolmo","3","994601160561127","PATROLLERS na apektado ni #LandoPH, kumusta kayo ngayon? May baha pa ba sa inyo? Ipakita niyo sa amin ang sitwasyon sa inyong lugar ngayong araw, October 19, 2015. I-post ang inyong nakunang larawan at videos sa aming wall o sa comment section. Pakilagay kung saan ito kinunan at anong oras. Maraming salamat at ingat kayo.",,,"25",,,,"25","1","1445220093000","https://www.facebook.com/bayanmoipatrolmo/posts/pfbid0PsHa6bT7GaHVGVcQbBWv65sfLXHmK2aBb5hJkEDtyKHc941YNH8arSbbdWtxmLqJl"
,,,,,,,,,,,,,,,,,,,,"100064615666947","Bandila","https://scontent-iad6-1.xx.fbcdn.net/v/t39.30808-1/352524397_6551217134899673_7148408169278467741_n.jpg?stp=cp0_dst-jpg_tt6&cstp=mx960x960&ctp=s40x40&_nc_cat=109&ccb=1-7&_nc_sid=2d3e12&_nc_ohc=3pYTKcJDQqMQ7kNvwFD1nbK&_nc_oc=Adq2EIVxT1Dcc3MiAMh60epP0s5a4EFqBkmAHbBa9B8Wts2yaRwNgJVCTzopBO_1Inc&_nc_zt=24&_nc_ht=scontent-iad6-1.xx&_nc_gid=ZXlwzg-AXU8L-ThfR2d7Jw&_nc_ss=7c2a8&oh=00_AQD-17wiK8hcoVoihTAtzu-Njd4X1Nvwkjp6CBvnsYes0g&oe=6A5FFB34","https://www.facebook.com/Bandila.OFFICIAL","0","10153715340232661","Ilang probinsya, lubog pa rin sa baha. Libu-libong pamilya, nasa evacuation. Ang detalye sa #Bandila",,,"22",,,,"22","0","1445265906000","https://www.facebook.com/Bandila.OFFICIAL/posts/pfbid08nx6oGgYaeb4riYHBmU632naYNdfC2nQp6my2U9aBrqvmmUWtd9zpwrdhoWnSpsdl"
,,,,,,,,,,,,,,,,,,,,"100064615666947","Bandila","https://scontent-iad6-1.xx.fbcdn.net/v/t39.30808-1/352524397_6551217134899673_7148408169278467741_n.jpg?stp=cp0_dst-jpg_tt6&cstp=mx960x960&ctp=s40x40&_nc_cat=109&ccb=1-7&_nc_sid=2d3e12&_nc_ohc=3pYTKcJDQqMQ7kNvwFD1nbK&_nc_oc=Adq2EIVxT1Dcc3MiAMh60epP0s5a4EFqBkmAHbBa9B8Wts2yaRwNgJVCTzopBO_1Inc&_nc_zt=24&_nc_ht=scontent-iad6-1.xx&_nc_gid=JFFcglKE0JgxP4XdAosxcg&_nc_ss=7c2a8&oh=00_AQD981fweRpM8xfqJfT-r3r3oNZcA3nqSRca9d1H4UIWXg&oe=6A5FFB34","https://www.facebook.com/Bandila.OFFICIAL","1","10153715420557661","NGAYON SA #Bandila
- Ilang lugar sa Cabanatuan City, lubog pa rin sa baha.
- Mga residente, kanya-kanyang diskarte para makalikas.
- PNoy, bumisita sa Nueva Ecija at namahagi ng relief goods.
- Sagip Kapamilya, namahagi ng tulong sa mga apektadong residente.",,,"10",,,,"10","0","1445269712000","https://www.facebook.com/Bandila.OFFICIAL/posts/pfbid02ZF3RcTNpBtrtcvuUcqDKTNabyN9fNAk1oEDCK5PtLhfxnsKbCJCdgyv32SuUx5Jxl"
,,,,,,,,,,,,,,,,,,,,"100064849986224","GMA News","https://scontent-iad6-1.xx.fbcdn.net/v/t39.30808-1/658216539_1459297662908553_7892569438724908023_n.jpg?stp=cp0_dst-jpg_tt6&cstp=mx1200x1200&ctp=s40x40&_nc_cat=1&ccb=1-7&_nc_sid=2d3e12&_nc_ohc=_9Kw3PkUnsIQ7kNvwGzEp_C&_nc_oc=AdrJPgTHUJ5X-jcDyQocRe7xUcwY0samLl4Ix-pbXxNCBef779mCEsOD2GaKReK4bnc&_nc_zt=24&_nc_ht=scontent-iad6-1.xx&_nc_gid=JFFcglKE0JgxP4XdAosxcg&_nc_ss=7c2a8&oh=00_AQADPHKbG1HRwnH90cm9KQNnuzlzHqHkQST8fYnetHXrHQ&oe=6A5FFBBF","https://www.facebook.com/gmanews","0","770659666376373","",,,,,,,"0","0","1445222345000","https://www.facebook.com/groups/youscoopgroup/posts/918230851609648/"
,,,,,,,,,,,,,,,,,,,,"100064615666947","Bandila","https://scontent-iad6-1.xx.fbcdn.net/v/t39.30808-1/352524397_6551217134899673_7148408169278467741_n.jpg?stp=cp0_dst-jpg_tt6&cstp=mx960x960&ctp=s40x40&_nc_cat=109&ccb=1-7&_nc_sid=2d3e12&_nc_ohc=3pYTKcJDQqMQ7kNvwFD1nbK&_nc_oc=Adq2EIVxT1Dcc3MiAMh60epP0s5a4EFqBkmAHbBa9B8Wts2yaRwNgJVCTzopBO_1Inc&_nc_zt=24&_nc_ht=scontent-iad6-1.xx&_nc_gid=JFFcglKE0JgxP4XdAosxcg&_nc_ss=7c2a8&oh=00_AQD981fweRpM8xfqJfT-r3r3oNZcA3nqSRca9d1H4UIWXg&oe=6A5FFB34","https://www.facebook.com/Bandila.OFFICIAL","1","10153715424532661","NGAYON SA #Bandila
- Casiguran, binayo ng malakas na hangin at ulan dala ng Bagyong Lando.
- Matinding baha, rumagasa sa ilang bayan sa Aurora.
- Ilang residente, puno ng pasasalamat sa ipinamalas na kabayanihan ng mga rescuer.
- 3 kumpirmadong patay, dahil sa pananalasa ng Bagyong Lando.",,,"7",,,,"7","0","1445269958000","https://www.facebook.com/Bandila.OFFICIAL/posts/pfbid02AS56KLWyvL8hXjC1LoEC7V37gAKqULDc4ipNwwMcY7PheZmuS8MmhhNamMkuL8cJl"
,,,,,,,,,,,,,,,,,,,,"100064615666947","Bandila","https://scontent-iad6-1.xx.fbcdn.net/v/t39.30808-1/352524397_6551217134899673_7148408169278467741_n.jpg?stp=cp0_dst-jpg_tt6&cstp=mx960x960&ctp=s40x40&_nc_cat=109&ccb=1-7&_nc_sid=2d3e12&_nc_ohc=3pYTKcJDQqMQ7kNvwFD1nbK&_nc_oc=Adq2EIVxT1Dcc3MiAMh60epP0s5a4EFqBkmAHbBa9B8Wts2yaRwNgJVCTzopBO_1Inc&_nc_zt=24&_nc_ht=scontent-iad6-1.xx&_nc_gid=JFFcglKE0JgxP4XdAosxcg&_nc_ss=7c2a8&oh=00_AQD981fweRpM8xfqJfT-r3r3oNZcA3nqSRca9d1H4UIWXg&oe=6A5FFB34","https://www.facebook.com/Bandila.OFFICIAL","2","10153715431907661","NGAYON SA #Bandila
- Baha sa ilang bahagi ng Baguio, patuloy sa pagtaas dahil sa malakas na ulan.
- Magsasaka, patay dahil sa landslide.
- Mahigit 200 bahay, napinsala ng Bagyong Lando sa Cordillera.
- 12 kalsada sa Cordillera, sarado dahil sa landslide.
- 3,000 pamilya sa La Union, apektado ng pinsala ng Bagyo.
- Magkahalong putik at tubig, rumagasa sa mga bahay sa ilang bahagi ng Pangasinan.
- Halos 50 bahay sa Dagupan, winasak ng bagyo.
- Dike sa Aquino Bridge sa Tarlac, bumigay.",,,"8",,,,"8","0","1445270420000","https://www.facebook.com/Bandila.OFFICIAL/posts/pfbid0ZtPmzzPu7y8s2ELp9JWYDFz7D9Qg2PNs9rjVm5YXAcpiPaonHbbEL1rzKegYbJEul"
,,,,,,,,,,,,,,,,,,,,"100064615666947","Bandila","https://scontent-iad6-1.xx.fbcdn.net/v/t39.30808-1/352524397_6551217134899673_7148408169278467741_n.jpg?stp=cp0_dst-jpg_tt6&cstp=mx960x960&ctp=s40x40&_nc_cat=109&ccb=1-7&_nc_sid=2d3e12&_nc_ohc=3pYTKcJDQqMQ7kNvwFD1nbK&_nc_oc=Adq2EIVxT1Dcc3MiAMh60epP0s5a4EFqBkmAHbBa9B8Wts2yaRwNgJVCTzopBO_1Inc&_nc_zt=24&_nc_ht=scontent-iad6-1.xx&_nc_gid=JFFcglKE0JgxP4XdAosxcg&_nc_ss=7c2a8&oh=00_AQD981fweRpM8xfqJfT-r3r3oNZcA3nqSRca9d1H4UIWXg&oe=6A5FFB34","https://www.facebook.com/Bandila.OFFICIAL","3","10153715426337661","NGAYON SA #Bandila 
- 7 bayan sa Isabela, nalubog sa baha; Higit 2,000 pamilya, nasa evacuation centers.
- Bagyong Lando, nag-iwan ng malaking pinsala sa ekta-ektaryang palayan.
- 33 anyos na lalaki, pinaghahanap matapos tangayin ng malakas na agos ng ilog.
- Magsasaka, pinaghahanap rin matapos tangayin ng rumaragasang tubig.
- Cagayan Province, nalubog din sa baha.
- Mga motorista, stranded dahil sa landslide sa Santa Fe, Nueva Vizcaya at Carranglan, Nueva Ecija.",,,"8",,,,"8","1","1445270072000","https://www.facebook.com/Bandila.OFFICIAL/posts/pfbid02W1CdBsETPhCdiBCjgTmmQAuwJo98HaYD41fZ1a6GqiQiX9wjDs8gS3nj4V8RbciVl"
"No photo description available.","924770264264867","photo","https://www.facebook.com/photo/?fbid=924770264264867&set=gm.512541532226779",,,,,,,,,,,,,,,,,"100001957065965","Ong Labs Kael","https://scontent-iad6-1.xx.fbcdn.net/v/t39.30808-1/237017610_5848887728519738_3858270452622399023_n.jpg?stp=cp0_dst-jpg_tt6&cstp=mx720x720&ctp=s24x24&_nc_cat=102&ccb=1-7&_nc_sid=e99d92&_nc_ohc=4SA62o4E1t0Q7kNvwEejdWu&_nc_oc=AdrPHLNAPtnU5hJdzppv3gO_9RkM6Y__LnpZ3m5c2a3twX6qSs3SQ4HlEVhLl8_pGc8&_nc_zt=24&_nc_ht=scontent-iad6-1.xx&_nc_gid=P8q5x1E_A2IjW0_dCOmeNA&_nc_ss=7c2a8&oh=00_AQCtko5q1eZWSHafNtt4Jwby-TGtVuLUplel81YufPpRWA&oe=6A5FECF7","https://www.facebook.com/michael.labial","19","512541532226779","ano po ba magandang gawin...nalunod sa baha mio i ko??? need help pa sagot naman po para sa mga matagal na sa mio soul i...ayaw napo nya umandar",,,,,,,"0","0","1445162493000","https://www.facebook.com/groups/254623064685295/permalink/512541532226779/"
,,,,,,,,,,,,,,,,,,,,"100004524452047","Mich Inah","https://scontent-iad3-2.xx.fbcdn.net/v/t1.6435-1/31504518_922904447870362_6304048994435727360_n.jpg?stp=cp0_dst-jpg_tt6&cstp=mx1023x1023&ctp=s40x40&_nc_cat=103&ccb=1-7&_nc_sid=e99d92&_nc_ohc=iN41K-KCnCgQ7kNvwEqQbcV&_nc_oc=AdoZK9ALZaVGefyvBg3RDqRyUFFDIUy52JL2TsnJapnyMD_emVW_RXC14PJwGVhliSM&_nc_zt=24&_nc_ht=scontent-iad3-2.xx&_nc_gid=P8q5x1E_A2IjW0_dCOmeNA&_nc_ss=7c2a8&oh=00_AQCU_ETNuQu5orbXoxhf2WtOwnUDn5ip06T00WuojG355g&oe=6A8194CE","https://www.facebook.com/michell.cruz.984","18","518105955016882","Malaks ulan.... malaks hangin....baha n.
#alone.....",,,"2",,,,,"0","1445140849000","https://www.facebook.com/michell.cruz.984/posts/pfbid02tZDB3DhAUSoj51nCqpcLUnWUBpCuYMQ6FftfbpnNcg2xWVW9BJEFHo8boKtTVGaJl"
,,,,,,,,,,,,,,,,,,,,"100064615666947","Bandila","https://scontent-iad6-1.xx.fbcdn.net/v/t39.30808-1/352524397_6551217134899673_7148408169278467741_n.jpg?stp=cp0_dst-jpg_tt6&cstp=mx960x960&ctp=s40x40&_nc_cat=109&ccb=1-7&_nc_sid=2d3e12&_nc_ohc=3pYTKcJDQqMQ7kNvwFD1nbK&_nc_oc=Adq2EIVxT1Dcc3MiAMh60epP0s5a4EFqBkmAHbBa9B8Wts2yaRwNgJVCTzopBO_1Inc&_nc_zt=24&_nc_ht=scontent-iad6-1.xx&_nc_gid=P8q5x1E_A2IjW0_dCOmeNA&_nc_ss=7c2a8&oh=00_AQAw4l48YoqFX4lz72_7KnzABPkPUQjcguEjq48qN9MX4g&oe=6A5FFB34","https://www.facebook.com/Bandila.OFFICIAL","4","10153715340652661","NDRRMC, nagbabala sa posibleng paglala ng baha. Tubig sa bundok, ngayon pa lang daw bumababa. Update sa Bagyong Lando, tutukan live sa #Bandila",,,"31",,,,"31","3","1445265928000","https://www.facebook.com/Bandila.OFFICIAL/posts/pfbid0rVdJLXA7Ls3wfsJUQEzy5zf3v7Xwyhkq1QfZRpvQGzQDNvmu61VNbvpmTky7X2qpl"
,,,,,,,,,,,,,,,,,,,,"100064495790734","Hugot Lines ツ","https://scontent-iad3-2.xx.fbcdn.net/v/t39.30808-1/274006595_3164491203813914_2713164452425694307_n.jpg?stp=cp0_dst-jpg_tt6&cstp=mx640x640&ctp=s40x40&_nc_cat=105&ccb=1-7&_nc_sid=2d3e12&_nc_ohc=jp7cdm4sQqAQ7kNvwHG_Mnt&_nc_oc=Adpen2y31NBCJ9864ihSSX3cIq6DAC9cy5t50WYTiZDs6wPAAPd2YhO1x6_sd-n7piU&_nc_zt=24&_nc_ht=scontent-iad3-2.xx&_nc_gid=P8q5x1E_A2IjW0_dCOmeNA&_nc_ss=7c2a8&oh=00_AQC2lDDJrTyVzeUg3bqQJC8WyKKsx-Lo9SKgCHCo1B1YrQ&oe=6A600EF0","https://www.facebook.com/Hugotlinez","15","1630852113844505","Dati kahit baha, kailangan pumasok sa school. Ngayon, wala pang ulan, inaantay na agad magsuspend ng klase. Iba na talaga ngayon. Mataas na agad ang expectation nya sayo kahit hindi pa naman kayo. Tapos makikipagbreak pag nakulangan sa effort. Hays.",,,,,,,"0","78","1445244086000","https://www.facebook.com/Hugotlinez/posts/pfbid0oNmtQuKKxpi2ifvHzqMGP1pfypYHXVjfCpWhKQnM1uonxqjKCuW7g2t2fN3mCMwKl"
"No photo description available.","10204964557449471","photo","https://www.facebook.com/photo/?fbid=10204964557449471&set=gm.918088224957244",,,,,,,,,,,,,,,,,"1107344929","Keith O. San Antonio","https://scontent-iad3-2.xx.fbcdn.net/v/t39.30808-1/658928587_10231143510906946_7772330058681182903_n.jpg?stp=cp0_dst-jpg_tt6&cstp=mx2023x2048&ctp=s24x24&_nc_cat=111&ccb=1-7&_nc_sid=1d2534&_nc_ohc=V0h5edeSS4IQ7kNvwF88Bwc&_nc_oc=AdpoHpMsTTl78pawVRr_pv8POLZs2ddyRtfW6d3BXBfwb9fuUkBHAonLr9XafVm8FjQ&_nc_zt=24&_nc_ht=scontent-iad3-2.xx&_nc_gid=P8q5x1E_A2IjW0_dCOmeNA&_nc_ss=7c2a8&oh=00_AQBc7V6aZgzhkAQxXL6jVGe6NdeRPP8-oQVGxBdZhA-otg&oe=6A5FF878","https://www.facebook.com/klenlue","10","918088224957244","Kuha ngayon lang sa intersection ng maharlika highway at mabini street Cabanatuan City. Bahagyang humupa na ang baha. Kanina ay umaagos ang tubig papunta sa kabilang street ng Mabini Extension.",,,"4",,,,"4","0","1445190945000","https://www.facebook.com/groups/youscoopgroup/permalink/918088224957244/"
,,,,,,,,,,,,,,,,,,,,"100064926720554","Disaster Information Service - Philippines","https://scontent-iad3-1.xx.fbcdn.net/v/t39.30808-1/313198148_499379358902951_88691280234451512_n.jpg?stp=cp0_dst-jpg_tt6&cstp=mx882x882&ctp=s40x40&_nc_cat=110&ccb=1-7&_nc_sid=2d3e12&_nc_ohc=Ioj-oV5VRBkQ7kNvwGg9lX2&_nc_oc=Ado5Mb_263DFXm8Tm7-Ga-jecgqt11y9nnzq1XMdOS9cBMy14GrGf8KUsBus-EivmmA&_nc_zt=24&_nc_ht=scontent-iad3-1.xx&_nc_gid=fhNpb85jFitpAFdWTTc1XA&_nc_ss=7c2a8&oh=00_AQDRfSFNwyjEsa1FXW11dKTpgdEe6bNwFYpISQVb0J07Lg&oe=6A5FEFF1","https://www.facebook.com/dis.pia.gov.ph","1","893105990738098","DZBB: Nagmistulang ilog ang pangunahing kalsada sa Jaen, Nueva Ecija dahil sa pagbahang dulot ng bagyong Lando. Tinatayang aabot sa dibdib hanggang leeg ang baha sa bahagi ng Jaen na patungong San Leonardo, Nueva Ecija.",,,,,,,"0","0","1445241069000","https://www.facebook.com/dis.pia.gov.ph/posts/pfbid0RUzJYV1jomzWHfHNbe3KabVgfPoY3iXZXjdVFchv9fstddDQB4jWwxzjc873ZVZYl"
,,,,,,,,,,,,,,,,,,,,"100009634339241","Aries Chavez","https://scontent-iad3-1.xx.fbcdn.net/v/t39.30808-1/462223468_2320197338311388_8561550946614302282_n.jpg?stp=cp0_dst-jpg_tt6&cstp=mx960x960&ctp=s24x24&_nc_cat=104&ccb=1-7&_nc_sid=e99d92&_nc_ohc=6E-a-IP9dZQQ7kNvwHd5heg&_nc_oc=AdrZOx24l0fj3rddVME89jXpLT3herzuPqCmmcMpZ-zobW2GBRB49EmStzmJOIM-46M&_nc_zt=24&_nc_ht=scontent-iad3-1.xx&_nc_gid=fhNpb85jFitpAFdWTTc1XA&_nc_ss=7c2a8&oh=00_AQCgjHuBJQ6R2SyRFRVdjUCsZc5tM5gAUEjDu89-rTFiuQ&oe=6A601BBE","https://www.facebook.com/batangpinoy.dekada.3","2","546733948814796","Baha sa Pilipinas 1900's up to Present 
Batang Pinoy Special",,,"47",,,,"47","0","1445137540000","https://www.facebook.com/groups/memoriesoldmanila/permalink/546733948814796/"
,,,,,,,,,,,,,,,,,,,,"100064159110021","Tinig ng Plaridel","https://scontent-iad3-1.xx.fbcdn.net/v/t39.30808-1/501086031_1117374753744485_399413617700197784_n.jpg?stp=cp0_dst-jpg_tt6&cstp=mx700x700&ctp=s40x40&_nc_cat=110&ccb=1-7&_nc_sid=2d3e12&_nc_ohc=Aq9ocoib7LcQ7kNvwG8hjAO&_nc_oc=AdoAJvwGvbF_OTnGOdTSne1DL8sBKSelXkGVbor4_E6JI4vraEad6cdm5T4c3S71hlQ&_nc_zt=24&_nc_ht=scontent-iad3-1.xx&_nc_gid=fhNpb85jFitpAFdWTTc1XA&_nc_ss=7c2a8&oh=00_AQBKB1bWXhiC1tobFN6cg9pojPP_W_1aGVU9x100aKkfkA&oe=6A5FEC0F","https://www.facebook.com/tinigngplaridel","0","10153403308598369","#LangoyUP kahit walang baha",,,"24",,,,"24","0","1445256256000","https://www.facebook.com/groups/NarinigKoSaUP/permalink/10153403308598369/"
,,,,,,,,,,,,,,,,,,,,"100064926720554","Disaster Information Service - Philippines","https://scontent-iad3-1.xx.fbcdn.net/v/t39.30808-1/313198148_499379358902951_88691280234451512_n.jpg?stp=cp0_dst-jpg_tt6&cstp=mx882x882&ctp=s40x40&_nc_cat=110&ccb=1-7&_nc_sid=2d3e12&_nc_ohc=Ioj-oV5VRBkQ7kNvwGg9lX2&_nc_oc=Ado5Mb_263DFXm8Tm7-Ga-jecgqt11y9nnzq1XMdOS9cBMy14GrGf8KUsBus-EivmmA&_nc_zt=24&_nc_ht=scontent-iad3-1.xx&_nc_gid=fhNpb85jFitpAFdWTTc1XA&_nc_ss=7c2a8&oh=00_AQDRfSFNwyjEsa1FXW11dKTpgdEe6bNwFYpISQVb0J07Lg&oe=6A5FEFF1","https://www.facebook.com/dis.pia.gov.ph","0","893188464063184","GMA: Napuruhan din ang Pangasinan ng baha dahil sa ulang dulot ng bagyong Lando. Siksikan sa evacuation centers ang ilang inilikas sa lalawigan. Sa Dagupan City, maagang hinango ang mga alagang bangus sa takot na umapaw ang mga palaisdaan.",,,,,,,"0","0","1445252547000","https://www.facebook.com/dis.pia.gov.ph/posts/pfbid0RUfJPskR2LEMDerJymMYSxz1e7pR3xmUsGTUQztL1SDYXS8ZAjdb5apiLM6awXoSl"
,,,,,,,,,,,,,,,,,,,,"100064926720554","Disaster Information Service - Philippines","https://scontent-iad3-1.xx.fbcdn.net/v/t39.30808-1/313198148_499379358902951_88691280234451512_n.jpg?stp=cp0_dst-jpg_tt6&cstp=mx882x882&ctp=s40x40&_nc_cat=110&ccb=1-7&_nc_sid=2d3e12&_nc_ohc=Ioj-oV5VRBkQ7kNvwGg9lX2&_nc_oc=Ado5Mb_263DFXm8Tm7-Ga-jecgqt11y9nnzq1XMdOS9cBMy14GrGf8KUsBus-EivmmA&_nc_zt=24&_nc_ht=scontent-iad3-1.xx&_nc_gid=fhNpb85jFitpAFdWTTc1XA&_nc_ss=7c2a8&oh=00_AQDRfSFNwyjEsa1FXW11dKTpgdEe6bNwFYpISQVb0J07Lg&oe=6A5FEFF1","https://www.facebook.com/dis.pia.gov.ph","0","893188667396497","GMA: Pahirapan ang rescue operations sa mga residenteng na-trap sa baha na dulot ng bagyong Lando sa Aurora. Ayon sa pinakahuling ulat, dalawa ang nasawi habang 18 ang sugatan sa pananalasa ng bagyo sa Casiguran, Aurora.",,,,,,,"0","0","1445252601000","https://www.facebook.com/dis.pia.gov.ph/posts/pfbid0aMNLzHTLGYudGFGphusH5xoeroPzhqifec14AsBRH78Zw1pSsMZxMvRW3xcFRxfil"
,"1646015582321988","video",,,,,,,,,,,,,,,,,,"100067727980061","Uncle Reymel - Proud OFW","https://scontent-iad6-1.xx.fbcdn.net/v/t39.30808-1/295835687_390173519916911_8810498605673675892_n.jpg?stp=cp0_dst-jpg_tt6&cstp=mx1500x1502&ctp=s40x40&_nc_cat=100&ccb=1-7&_nc_sid=2d3e12&_nc_ohc=Xkl6urjbs-4Q7kNvwHHdZ5X&_nc_oc=AdpgTTQpZWu_SxCP1rI1vNAY_k6PTpSJUK2v-zemSHfnkiYBNtRlSOe0Ah8U68gcMvQ&_nc_zt=24&_nc_ht=scontent-iad6-1.xx&_nc_gid=fhNpb85jFitpAFdWTTc1XA&_nc_ss=7c2a8&oh=00_AQAAmpgqFACsmG9Rmd88DBZGwlaqtnMUp_nfrF2rU4nBEg&oe=6A6019AF","https://www.facebook.com/profile.php?id=100067727980061","1","1646015582321988","Basta Malaki Walang Problema Sa Baha",,,"28",,,,"28","3","1445222969000","https://www.facebook.com/100067727980061/videos/1646015582321988/"
,,,,,,,,,,,,,,,,,,,,"100002970418493","Urbana Saavedra","https://scontent-iad3-2.xx.fbcdn.net/v/t39.30808-1/740812648_27049865354695779_3189559742618208063_n.jpg?stp=cp0_dst-jpg_tt6&cstp=mx1536x1536&ctp=s24x24&_nc_cat=111&ccb=1-7&_nc_sid=1d2534&_nc_ohc=Rl2eQRqpk58Q7kNvwGxSJPp&_nc_oc=AdpLIydCNrvjq0-n6_Q0GvgsjlgpQ84oU14XtQR5OEVzw941wfbhKVGU9lXoITqeuE4&_nc_zt=24&_nc_ht=scontent-iad3-2.xx&_nc_gid=fhNpb85jFitpAFdWTTc1XA&_nc_ss=7c2a8&oh=00_AQCAerWDlHL0h1lrAysWARql3qKKDSPmXTgZn0BNNpPKlQ&oe=6A6022B8","https://www.facebook.com/urbana.santos1","18","918281931604540","Hahaha....baha na dinaan nlang sa kanta...... Pinoy talaga...",,,"38",,,,"38","0","1445237769000","https://www.facebook.com/groups/youscoopgroup/permalink/918281931604540/"
,,,,,,,,,,,,,,,,,,,,"100064926720554","Disaster Information Service - Philippines","https://scontent-iad3-1.xx.fbcdn.net/v/t39.30808-1/313198148_499379358902951_88691280234451512_n.jpg?stp=cp0_dst-jpg_tt6&cstp=mx882x882&ctp=s40x40&_nc_cat=110&ccb=1-7&_nc_sid=2d3e12&_nc_ohc=Ioj-oV5VRBkQ7kNvwGg9lX2&_nc_oc=Ado5Mb_263DFXm8Tm7-Ga-jecgqt11y9nnzq1XMdOS9cBMy14GrGf8KUsBus-EivmmA&_nc_zt=24&_nc_ht=scontent-iad3-1.xx&_nc_gid=6BYUhCuDmeVZFk5O_3sxWA&_nc_ss=7c2a8&oh=00_AQD5mrn3JMdjpr82tMEvCLd3hZR2XCfrXV-zKEHYxDWduQ&oe=6A5FEFF1","https://www.facebook.com/dis.pia.gov.ph","0","893094807405883","DZBB: May mga lugar pa rin na lubog sa baha sa San Isidro, Nueva Ecija bunsod ng bagyong Lando. Kabilang sa binaha ang mga bahay na malapit sa ilog ng San Isidro.",,,,,,,"0","0","1445237827000","https://www.facebook.com/dis.pia.gov.ph/posts/pfbid0KH2oPFmU4WUTJHYV2vnTJgEXafCt7Tufw8TQND15m8nRZtpUX15JuUABp9KFgFJMl"
,,,,,,,,,,,,,,,,,,,,"100005178100713","Conrad Bas","https://scontent-iad3-1.xx.fbcdn.net/v/t39.30808-1/740070468_3278827448966493_5616641256521566441_n.jpg?stp=cp0_dst-jpg_tt6&cstp=mx1080x1086&ctp=s24x24&_nc_cat=110&ccb=1-7&_nc_sid=1d2534&_nc_ohc=ZD6kffX16GMQ7kNvwG0PoK8&_nc_oc=AdrVNUABoDAYKKcu137bz6PK6a5ZqWwhfsJTvvizHem_syB6A_0_Bw_mzumjmCHJJZw&_nc_zt=24&_nc_ht=scontent-iad3-1.xx&_nc_gid=6BYUhCuDmeVZFk5O_3sxWA&_nc_ss=7c2a8&oh=00_AQC9cg3vFkEQOTT1Acdcvyanzu7KgJGaToE2-NqJegDIRQ&oe=6A600307","https://www.facebook.com/conradleemoore","9","441611286033868","Dadalawin daw ni PNoy ang mga kababayan nating nasalanta ng Bagyong Lando.
Magandang balita iyan, pero bakit di niya ito ginawa pagkatapos manalasa ang Bagyong Yolanda?

'Wag naman sanang pati siya ay makisuso rin sa inahing baboy na ito sa Santa Rosa, Nueva Ecija.

Photo: Nakatayo ang lalaking ito habang pinagmamasdan ang mga kababayang tumatawid sa binabahang kalsadang sa Santa Rosa, Nueva Ecija. Bitbit din ng lalaki ang alaga niyang inahing baboy kasama na ang mga biik nito na kanyang nailigtas nang umapaw ang tubig baha sa kanilang lugar.

■ Follow me 》para updated kayo palagi sa mga nangyayari.
■ At para naman updated kayo sa balita, i-like ang aking page》https://www.facebook.com/evendematafanpage",,,"18",,,,"18","0","1445258751000","https://www.facebook.com/groups/FreedomWallPH/permalink/441611286033868/"
,,,,,,,,,,,,,,,,,,,,"100044160383046","TPC nga pala","https://scontent-iad3-1.xx.fbcdn.net/v/t39.30808-1/428331476_967814714700532_5947461972660269027_n.jpg?stp=cp0_dst-jpg_tt6&cstp=mx2048x2048&ctp=s40x40&_nc_cat=104&ccb=1-7&_nc_sid=2d3e12&_nc_ohc=S8xitkH5UMUQ7kNvwFCpmd1&_nc_oc=AdrFqYWzXjP-tORoNBhq-2Uf4fRxqLo013L7wLD-ykzuSEGRWC_h_lTa-TGKmX6-Qmw&_nc_zt=24&_nc_ht=scontent-iad3-1.xx&_nc_gid=6BYUhCuDmeVZFk5O_3sxWA&_nc_ss=7c2a8&oh=00_AQC7RUwGT8geNwMPfL1FKTL9w_Ezy4bic2xTugWoTBVHsQ&oe=6A5FEDB8","https://www.facebook.com/TypicalPinoyCrap","128","999804873383093","Natatakot ako sa mga nababasa ko sa newsfeed, Tila delubyo. 

""Grabe, lakas ng lindol!""
""Naramdaman nyo yung lindol?""
""Grabe yung ulan sinabayan pa ng malakas na lindol!""
""Pinapalikas na po kami bukas, baka daw umabot pa hanggang leeg yung baha""
""Iboboto ko si Binay""

Ingat guys",,,,,,,"0","105","1445268324000","https://www.facebook.com/TypicalPinoyCrap/posts/pfbid0XLrGPx7H49QHPZdQyBksUQS3Mfzoon4imfiY22BrE5vF4L8QzgxFxdyNfFacWxVbl"
,,,,,,,,,,,,,,,,,,,,"100002970418493","Urbana Saavedra","https://scontent-iad3-2.xx.fbcdn.net/v/t39.30808-1/740812648_27049865354695779_3189559742618208063_n.jpg?stp=cp0_dst-jpg_tt6&cstp=mx1536x1536&ctp=s24x24&_nc_cat=111&ccb=1-7&_nc_sid=1d2534&_nc_ohc=Rl2eQRqpk58Q7kNvwGxSJPp&_nc_oc=AdpLIydCNrvjq0-n6_Q0GvgsjlgpQ84oU14XtQR5OEVzw941wfbhKVGU9lXoITqeuE4&_nc_zt=24&_nc_ht=scontent-iad3-2.xx&_nc_gid=6BYUhCuDmeVZFk5O_3sxWA&_nc_ss=7c2a8&oh=00_AQBjuO1CaMe55sjAoztyVcd8JKs56KpqQUZfSqjksejB9A&oe=6A6022B8","https://www.facebook.com/urbana.santos1","0","918205181612215","9.am.humupa nang kaunti ang tubig baha..",,,"1",,,,"1","0","1445216107000","https://www.facebook.com/groups/youscoopgroup/permalink/918205181612215/"
,,,,,,,,,,,,,,,,,,,,"100064926720554","Disaster Information Service - Philippines","https://scontent-iad3-1.xx.fbcdn.net/v/t39.30808-1/313198148_499379358902951_88691280234451512_n.jpg?stp=cp0_dst-jpg_tt6&cstp=mx882x882&ctp=s40x40&_nc_cat=110&ccb=1-7&_nc_sid=2d3e12&_nc_ohc=Ioj-oV5VRBkQ7kNvwGg9lX2&_nc_oc=Ado5Mb_263DFXm8Tm7-Ga-jecgqt11y9nnzq1XMdOS9cBMy14GrGf8KUsBus-EivmmA&_nc_zt=24&_nc_ht=scontent-iad3-1.xx&_nc_gid=6BYUhCuDmeVZFk5O_3sxWA&_nc_ss=7c2a8&oh=00_AQD5mrn3JMdjpr82tMEvCLd3hZR2XCfrXV-zKEHYxDWduQ&oe=6A5FEFF1","https://www.facebook.com/dis.pia.gov.ph","0","892990334082997","DZMM: Nagsisimula nang humupa ang baha sa probinsya ng Aurora dahil sa gumagandang panahon. Wala pa ring signal sa telepono ang mga lugar na isolated. Napakaraming poste ng kuryente ang nagbagsakan kaya wala pa ring supply ng kuryente sa Aurora.",,,,,,,"0","0","1445215131000","https://www.facebook.com/dis.pia.gov.ph/posts/pfbid02M75HVHzfkrTeFYa6gy8QMgHqKRGNJYL5q4zuGqqoHzknxh7ZJ9wtJfHvqbS3dw1Fl"
"No photo description available.","1006805316036429","photo","https://www.facebook.com/photo/?fbid=1006805316036429&set=gm.728435823967225",,,,,,,,,,,,,,,,,"100001209114290","Eddie Tan","https://scontent-iad6-1.xx.fbcdn.net/v/t39.30808-1/472107332_9153550598028486_1807429664766032251_n.jpg?stp=cp0_dst-jpg_tt6&cstp=mx926x932&ctp=s24x24&_nc_cat=107&ccb=1-7&_nc_sid=1d2534&_nc_ohc=QuUEoKDPXG0Q7kNvwEbKdq0&_nc_oc=AdpT3fdC3RDlmfhMUHo91AB1STcaPNnwHxZh807Il4-MS9JuBJ32dnUE75QrOpTsBao&_nc_zt=24&_nc_ht=scontent-iad6-1.xx&_nc_gid=6BYUhCuDmeVZFk5O_3sxWA&_nc_ss=7c2a8&oh=00_AQDgL1yg9bQrpaTDiG8ufRc5O4W1vIqxg4F00vBkUwNJpw&oe=6A5FED32","https://www.facebook.com/eddie.tan.33234","3","728435823967225","mag-ingat po tayo sa baha... ""leptos-binay-rosis""....hehehehe",,,"42",,,,"42","0","1445267444000","https://www.facebook.com/groups/525738064237003/permalink/728435823967225/"
,,,,,,,,,,,,,,,,,,,,"1573343986","Roe Luz Castillejo","https://scontent-iad3-1.xx.fbcdn.net/v/t39.30808-1/649298217_10230320606350379_1527896172609596510_n.jpg?stp=cp0_dst-jpg_tt6&cstp=mx687x700&ctp=s24x24&_nc_cat=110&ccb=1-7&_nc_sid=1d2534&_nc_ohc=5ZXhVks9ALIQ7kNvwEGwHZZ&_nc_oc=AdpvoG_EG7p7d1G0CLFtwKeylYNSqFngOn4cTAB7aMQWvRNJU3deShMlEbzzxz_5GZg&_nc_zt=24&_nc_ht=scontent-iad3-1.xx&_nc_gid=xUEx_lZ5-wHrWoRa4gUMNA&_nc_ss=7c2a8&oh=00_AQCbYMC0u1aXCg58LYmDHhooCPQF6dDgxYLv1iHjYw1pBg&oe=6A60084C","https://www.facebook.com/roevincze.castillejo","0","931941566893023","Ask for rescue at Julo, San Antonio, Nueva Ecija...Lubog n po sa baha ngyn at mga tao po ay nasa bubong ng kani kanilang bhay..pls help our family and relative there...pls help them. Lubong n po cla ngyn...plsssss help them.",,,"2",,,,"2","0","1445223776000","https://www.facebook.com/groups/PoliceDigest/permalink/931941566893023/"
"No photo description available.","1161077113920452","photo","https://www.facebook.com/photo.php?fbid=1161077113920452&set=gm.918578398241560&type=3","No photo description available.","1161077183920445","photo","https://www.facebook.com/photo.php?fbid=1161077183920445&set=gm.918578398241560&type=3","No photo description available.","1161077263920437","photo","https://www.facebook.com/photo.php?fbid=1161077263920437&set=gm.918578398241560&type=3","No photo description available.","1161077327253764","photo","https://www.facebook.com/photo.php?fbid=1161077327253764&set=gm.918578398241560&type=3",,,,,"100000545234300","Jayelcee Julacas","https://scontent-iad6-1.xx.fbcdn.net/v/t39.30808-1/747862850_28341575138777282_1570789762293329607_n.jpg?stp=cp0_dst-jpg_tt6&cstp=mx1013x1011&ctp=s24x24&_nc_cat=109&ccb=1-7&_nc_sid=e99d92&_nc_ohc=VKpqtYy-Dk0Q7kNvwGzJka9&_nc_oc=AdpoMBWcFy5SBgq4YgPPNLeRGI2pq8FIDJpaWmysT80MBBEq8-tXOqdxMdPzK-XUqmE&_nc_zt=24&_nc_ht=scontent-iad6-1.xx&_nc_gid=xUEx_lZ5-wHrWoRa4gUMNA&_nc_ss=7c2a8&oh=00_AQBmWyk3zja2AMO6RxKqiKuypKgAaQTDg57wsQ5NQO1aNQ&oe=6A6005C8","https://www.facebook.com/jurelacs3050jazsme","9","918578398241560","Baha pa rin ang Tuguegarao City bagaman umaaliwalas na ang kalangitan ay wala pa ring senyales ng pagbaba ng tubig mula sa lalim nito kahapon.",,,"2",,,,"2","0","1445293876000","https://www.facebook.com/groups/youscoopgroup/permalink/918578398241560/"
"No photo description available.","10204967143754127","photo","https://www.facebook.com/photo.php?fbid=10204967143754127&set=gm.918302691602464&type=3","No photo description available.","10204967144354142","photo","https://www.facebook.com/photo.php?fbid=10204967144354142&set=gm.918302691602464&type=3","No photo description available.","10204967144154137","photo","https://www.facebook.com/photo.php?fbid=10204967144154137&set=gm.918302691602464&type=3",,,,,,,,,"1107344929","Keith O. San Antonio","https://scontent-iad3-2.xx.fbcdn.net/v/t39.30808-1/658928587_10231143510906946_7772330058681182903_n.jpg?stp=cp0_dst-jpg_tt6&cstp=mx2023x2048&ctp=s24x24&_nc_cat=111&ccb=1-7&_nc_sid=1d2534&_nc_ohc=V0h5edeSS4IQ7kNvwF88Bwc&_nc_oc=AdpoHpMsTTl78pawVRr_pv8POLZs2ddyRtfW6d3BXBfwb9fuUkBHAonLr9XafVm8FjQ&_nc_zt=24&_nc_ht=scontent-iad3-2.xx&_nc_gid=xUEx_lZ5-wHrWoRa4gUMNA&_nc_ss=7c2a8&oh=00_AQDQExqSDrX4vTCLtZ0FRoLNnQBI0r-fzyKutkCG9xzHOQ&oe=6A5FF878","https://www.facebook.com/klenlue","4","918302691602464","Ang lagay ng baha sa isang bahagi ng Aduas Cabanatuan City, malapit sa isang creek",,,"8",,,,"8","0","1445243189000","https://www.facebook.com/groups/youscoopgroup/permalink/918302691602464/"
"No photo description available.","848077395312801","photo","https://www.facebook.com/photo.php?fbid=848077395312801&set=gm.446763428845947&type=3","No photo description available.","848079125312628","photo","https://www.facebook.com/photo.php?fbid=848079125312628&set=gm.446763428845947&type=3","No photo description available.","848079198645954","photo","https://www.facebook.com/photo.php?fbid=848079198645954&set=gm.446763428845947&type=3","No photo description available.","848079295312611","photo","https://www.facebook.com/photo.php?fbid=848079295312611&set=gm.446763428845947&type=3",,,,,"100003316453356","Tholitz Magcamit Monta","https://scontent-iad3-2.xx.fbcdn.net/v/t1.6435-1/56304301_2112270942226767_6674607137668202496_n.jpg?stp=c0.7.631.631a_cp0_dst-jpg_tt6&cstp=mx631x631&ctp=s24x24&_nc_cat=103&ccb=1-7&_nc_sid=e99d92&_nc_ohc=-tCYhnZnH_IQ7kNvwG0CywK&_nc_oc=Adpo9mnGid6Gsy6naWO2fuB-bCmlKl870Dt92WnD3ZzQJSND2Ro3w7qzuXdjCyICViE&_nc_zt=24&_nc_ht=scontent-iad3-2.xx&_nc_gid=xUEx_lZ5-wHrWoRa4gUMNA&_nc_ss=7c2a8&oh=00_AQBaoN-l4M2suW8NnWxAPyYKfY_7us8F-X8B-pSu7iZ2xA&oe=6A81B8AA","https://www.facebook.com/tholitz.monta","3","446763428845947","Ingat po tyo sa bagyo at baha....at huwag kalimutan magpasalamat sa bagyo ng biyaya.",,,"29",,,,"29","1","1445141534000","https://www.facebook.com/groups/257953207726971/permalink/446763428845947/"
,,,,,,,,,,,,,,,,,,,,"100001464860383","Venoza Janet Flaviano","https://scontent-iad3-2.xx.fbcdn.net/v/t39.30808-1/740611584_27626759250289532_1794381667525907902_n.jpg?stp=cp0_dst-jpg_tt6&cstp=mx720x723&ctp=s24x24&_nc_cat=103&ccb=1-7&_nc_sid=e99d92&_nc_ohc=crBb0Euf6lcQ7kNvwFYTgDS&_nc_oc=AdrrtR5O2ULLZ5RHdzcs6-anD-RWS5UmNqtOXi3Nf5jil3fFRSBElVrRNZiu4ypm0KQ&_nc_zt=24&_nc_ht=scontent-iad3-2.xx&_nc_gid=xUEx_lZ5-wHrWoRa4gUMNA&_nc_ss=7c2a8&oh=00_AQDDzOXSHqiw0T6ktsfDAsL_06hWt5KJMS5HJDoTteXX0Q&oe=6A6005EE","https://www.facebook.com/djanne16","3","923045641076389","Keep on praying mga kabayani
May the Lord hear ours prayers
Thank You Lord...

Amen",,,"4",,,,"4","0","1445168424000","https://www.facebook.com/groups/319452994768993/permalink/923045641076389/"
"No photo description available.","936146653089729","photo","https://www.facebook.com/photo/?fbid=936146653089729&set=a.404820281008610",,,,,,,,,,,,,,,,,"100044419239817","Neri Colmenares","https://scontent-iad6-1.xx.fbcdn.net/v/t39.30808-1/679857058_1527797175377576_1204509533974388547_n.jpg?stp=cp0_dst-jpg_tt6&cstp=mx1080x1080&ctp=s40x40&_nc_cat=102&ccb=1-7&_nc_sid=2d3e12&_nc_ohc=aUqszMcw6JgQ7kNvwEVXUp1&_nc_oc=Adp6nGoaYVGh2zj0wAOmwxxwlm_DKlzJ-wsG-D0vuBLuY5AidUHNIuGg826ckCTZRqQ&_nc_zt=24&_nc_ht=scontent-iad6-1.xx&_nc_gid=e2_M7SLf37Hnu_Wt7E4oeQ&_nc_ss=7c2a8&oh=00_AQAbaOFrhGbH3X0FPUUrn7SGukj4aAaZHRbd18V6nSTYnQ&oe=6A601A20","https://www.facebook.com/ColmenaresPH","3","936146653089729","#LandoPH Update from Pamana Aurora Province:

""Malaki ang pinsala ng lalawigan ng Aurora dulot ng bagyong Lando, lalo na Ang mga kababayan nating magbubukid, mangingisda at mga katutubong nawasak ang tahanan at kabuhayan. Hanggang ngayon ay wala pa ring komunikasyon sa maraming lugar sa bahaging norte, coastal barangays ng San Luis at iba pang remote barangay dahil bumagsak ang linya ng telepono at hindi pa madaanan Ang mga kalsada patungo sa mga erya. Hindi pa rin madaanan ang 2 mayor na daan patungo sa lalawigan (canili at Bongabon road). 

Initial na datos pa lang ang hawak natin at inaasahan natin na higit pa dito ang aktwal na epekto ng bagyo sa ating lalawigan. At hanggang ngayon ay hindi pa rin lumalabas ng bansa ang bagyong Lando at maraming lugar Ang lubog pa rin sa baha. 

Magtulong tulong po tayo na abutin, tulungan Ang ating mga kababayan lalo na yaong pinakabulnerable at walang kakayanan na makabawi agad sa kanilang kalagayan.""

(Photos from Pamana Aurora)
https://www.facebook.com/pamana.anakpawis/posts/983350908374584",,,"47",,,,"47","16","1445266592000","https://www.facebook.com/photo.php?fbid=936146653089729&set=a.404820281008610&type=3"
,,,,,,,,,,,,,,,,,,,,"100000258784067","Fe Carreon","https://scontent-iad3-1.xx.fbcdn.net/v/t39.30808-1/658142480_26825508557041074_1026830867771105524_n.jpg?stp=cp6_dst-jpg_tt6&cstp=mx2048x2048&ctp=s40x40&_nc_cat=104&ccb=1-7&_nc_sid=1d2534&_nc_ohc=aXY_m4x3x00Q7kNvwG2tXI4&_nc_oc=AdogLTkAlgFUb_tpfX2OiVIUgdPTLpBJrgV8wL4PmrISxR5gLwyiTgdoJR3AV6W_wQ0&_nc_zt=24&_nc_ht=scontent-iad3-1.xx&_nc_gid=e2_M7SLf37Hnu_Wt7E4oeQ&_nc_ss=7c2a8&oh=00_AQD4K-NJLuX-pNOZB6G7tmcO4r4fOXPchW9_BKo84ym_NQ&oe=6A5FFC3E","https://www.facebook.com/fe.carreon","0","1066892996656795","",,,"10",,,,"10","0","1445212581000","https://www.facebook.com/groups/744477818898316/permalink/1066892996656795/"
"No photo description available.","632380906865207","photo","https://www.facebook.com/photo/?fbid=632380906865207&set=a.349051154047245",,,,,,,,,,,,,,,,,"100068270899265","Thrifty Mama Shoppe","https://scontent-iad6-1.xx.fbcdn.net/v/t39.30808-1/475180492_930165925935762_2558923885007767787_n.jpg?stp=cp0_dst-jpg_tt6&cstp=mx180x180&ctp=s40x40&_nc_cat=106&ccb=1-7&_nc_sid=2d3e12&_nc_ohc=19OyFL9dKfsQ7kNvwGR15eu&_nc_oc=AdpvzTpjxSO1pTFc9EA_YJp-Kc5BLx0KhMBVybIRUt1TaEXP0a8V58X1mqpm2Winvhk&_nc_zt=24&_nc_ht=scontent-iad6-1.xx&_nc_gid=e2_M7SLf37Hnu_Wt7E4oeQ&_nc_ss=7c2a8&oh=00_AQBb6OgfYgfM9aSl84b-RMabpi5fkKhC-Njx0-Pa8MNwug&oe=6A6009B3","https://www.facebook.com/ThriftyMamaShoppe","3","632380906865207","Apektado po kami ng bagyo. Baha na po dito sa buong Cabanatuan at Nueva Ecija. Hindi po kami makakapag process ng orders hanggat hindi po humupa ang baha. Dalawang araw na po walang kuryente. We will announce here once we resume business. Yung mga pending PAID orders hindi na po namin kayo maiisa isa mai- email para ma inform. Salamat po.",,,"24",,,,"24","0","1445212916000","https://www.facebook.com/photo.php?fbid=632380906865207&set=a.349051154047245&type=3"
"No photo description available.","1025199017514337","photo","https://www.facebook.com/photo/?fbid=1025199017514337&set=a.605252368291462",,,,,,,,,,,,,,,,,"100064201134277","Pinoy Aviators","https://scontent-iad6-1.xx.fbcdn.net/v/t39.30808-1/411234576_754194753397222_6515819028340765228_n.jpg?stp=cp0_dst-jpg_tt6&cstp=mx1334x1334&ctp=s40x40&_nc_cat=100&ccb=1-7&_nc_sid=2d3e12&_nc_ohc=lMeluY392gsQ7kNvwGyiVUJ&_nc_oc=AdrFu3acF-7LDBfIQZpFKWVMAhYB6eXSVypl4RPVWtHcE-ra2k6fiaGHPJ8ZhnEC-gA&_nc_zt=24&_nc_ht=scontent-iad6-1.xx&_nc_gid=e2_M7SLf37Hnu_Wt7E4oeQ&_nc_ss=7c2a8&oh=00_AQDB1G_tMuf3YkmLU1X7Pmfru8Ie8-0vJJpMa16V-GX8Qw&oe=6A601009","https://www.facebook.com/PinoyAviators13","0","1025199017514337","PINOY AVIATORS TYPHOON UPDATE:

BGY. SAN VICENTE, CABIAO, NUEVA ECIJA

Lubog sa tubig baha ang karamihan sa bayan sa Nueva Ecija. Inaasahang tatlong araw ang itatagal ng baha sa mga bayan sa 3rd at 4th district. Ito ay sa Barangay San Vicente sa Cabiao, Nueva Ecija. 

Photo courtesy of Erwin Aguilon para sa Dziq RadyoInquirer 

Shared by Dela Cruz Arlyn via Ms Josephine Jaron Codilla",,,"9",,,,"9","9","1445221950000","https://www.facebook.com/photo.php?fbid=1025199017514337&set=a.605252368291462&type=3"
,,,,,,,,,,,,,,,,,,,,"1107344929","Keith O. San Antonio","https://scontent-iad3-2.xx.fbcdn.net/v/t39.30808-1/658928587_10231143510906946_7772330058681182903_n.jpg?stp=cp0_dst-jpg_tt6&cstp=mx2023x2048&ctp=s24x24&_nc_cat=111&ccb=1-7&_nc_sid=1d2534&_nc_ohc=V0h5edeSS4IQ7kNvwF88Bwc&_nc_oc=AdpoHpMsTTl78pawVRr_pv8POLZs2ddyRtfW6d3BXBfwb9fuUkBHAonLr9XafVm8FjQ&_nc_zt=24&_nc_ht=scontent-iad3-2.xx&_nc_gid=e2_M7SLf37Hnu_Wt7E4oeQ&_nc_ss=7c2a8&oh=00_AQALg0YGFxGNGnXCOfT6z3mu6p_77rogt3fHS7niywSOMQ&oe=6A5FF878","https://www.facebook.com/klenlue","9","917986614967405","Ang bilis tumaas ng tubig. First time nangyari na bumaha dito sabi ng may ari.",,,"3",,,,"3","0","1445169892000","https://www.facebook.com/groups/youscoopgroup/permalink/917986614967405/"
,,,,,,,,,,,,,,,,,,,,"100002664434860","Jissie Aquino","https://scontent-iad3-2.xx.fbcdn.net/v/t39.30808-1/627623909_25645695245102605_2427509899576934720_n.jpg?stp=cp0_dst-jpg_tt6&cstp=mx720x720&ctp=s24x24&_nc_cat=103&ccb=1-7&_nc_sid=1d2534&_nc_ohc=NGeCI6Pi738Q7kNvwESBK8p&_nc_oc=AdpLDo6yfA5jxrozxJp4nFLuDTk0bz-a13xivpjLBIVYbQqsVkNnkVWPVyiQ4q2lLFw&_nc_zt=24&_nc_ht=scontent-iad3-2.xx&_nc_gid=IVZFoIJ3iVyFbk8h4Vf_1w&_nc_ss=7c2a8&oh=00_AQDd-FPAp3N1ujOpvi-UnN0jnprfG0mOwKQ5ntU5TyJRcw&oe=6A600690","https://www.facebook.com/jissie.aquino","11","728274703983337","",,,"19",,,,"19","0","1445234591000","https://www.facebook.com/groups/525738064237003/permalink/728274703983337/"
,,,,,,,,,,,,,,,,,,,,"100002970418493","Urbana Saavedra","https://scontent-iad3-2.xx.fbcdn.net/v/t39.30808-1/740812648_27049865354695779_3189559742618208063_n.jpg?stp=cp0_dst-jpg_tt6&cstp=mx1536x1536&ctp=s24x24&_nc_cat=111&ccb=1-7&_nc_sid=1d2534&_nc_ohc=Rl2eQRqpk58Q7kNvwGxSJPp&_nc_oc=AdpLIydCNrvjq0-n6_Q0GvgsjlgpQ84oU14XtQR5OEVzw941wfbhKVGU9lXoITqeuE4&_nc_zt=24&_nc_ht=scontent-iad3-2.xx&_nc_gid=IVZFoIJ3iVyFbk8h4Vf_1w&_nc_ss=7c2a8&oh=00_AQC7Yt9mkgMujYipjy0b--h6rXFuAkoYi4VxT20e63sHEg&oe=6A6022B8","https://www.facebook.com/urbana.santos1","0","918203934945673","Share ko po galing sa friends ko .Cabanatuan... Kaninang umaga 8.am.",,,"1",,,,"1","0","1445215885000","https://www.facebook.com/groups/youscoopgroup/permalink/918203934945673/"
,"10153462238141977","video",,,,,,,,,,,,,,,,,,"100064849986224","GMA News","https://scontent-iad6-1.xx.fbcdn.net/v/t39.30808-1/658216539_1459297662908553_7892569438724908023_n.jpg?stp=cp0_dst-jpg_tt6&cstp=mx1200x1200&ctp=s40x40&_nc_cat=1&ccb=1-7&_nc_sid=2d3e12&_nc_ohc=_9Kw3PkUnsIQ7kNvwGzEp_C&_nc_oc=AdrJPgTHUJ5X-jcDyQocRe7xUcwY0samLl4Ix-pbXxNCBef779mCEsOD2GaKReK4bnc&_nc_zt=24&_nc_ht=scontent-iad6-1.xx&_nc_gid=IVZFoIJ3iVyFbk8h4Vf_1w&_nc_ss=7c2a8&oh=00_AQAtdUHUOYjppzMLrb-NNOduvIV57Jcbj7vrDEZ4zWXdww&oe=6A5FFBBF","https://www.facebook.com/gmanews","21","10153462238141977","YouScoop: The waist-deep flood in San Juan, Pampanga continues to swell due to rain brought by Typhoon #LandoPH, reports YouScooper John Laxamana. Some houses in the area were already submerged in floodwater. 

Share your report via:

Facebook: facebook.com/youscoop
Twitter: twitter.com/youscoop
Instagram: instagram.com/youscoop
Email: youscoop@gmanews.tv
Official Facebook group: gmane.ws/YouScoopFBGroup

QUICK LINK: gmanews.tv/LandoPH",,,"740",,,,"740","160","1445244829000","https://www.facebook.com/gmanews/videos/10153462238141977/"
,"545285665628192","video",,,,,,,,,,,,,,,,,,"100064456281701","News5","https://scontent-iad6-1.xx.fbcdn.net/v/t39.30808-1/352531091_590012623265943_7503745415624331533_n.png?stp=cp0_dst-png&cstp=mx719x719&ctp=s40x40&_nc_cat=1&ccb=1-7&_nc_sid=2d3e12&_nc_ohc=VZI5zKGnILYQ7kNvwH5Cvbd&_nc_oc=Adr441R88OsinFqEBM3qhWAoUvk-BSIznGlAWxvc85id1efSVeJr347IP2CDKDSrcFw&_nc_zt=24&_nc_ht=scontent-iad6-1.xx&_nc_gid=IVZFoIJ3iVyFbk8h4Vf_1w&_nc_ss=7c2a8&oh=00_AQCkyT4eXpp9f9mu0PHSp_eciagj9mTjzGNWjbW0ovjctA&oe=6A601F4F","https://www.facebook.com/News5Everywhere","2","545285665628192","3,000 PAMILYA SA AURORA, INILIKAS NA DAHIL SA BAGYONG 'LANDO'

For more videos, visit us at www.news5.com.ph

NEWS ALERT | Isolated pa rin ang ilang bayan sa Aurora dulot ng Bagyong ""Lando."" Sa tala ng PDRRMO Aurora, nasa 3,000 pamilya na ang inilikas matapos malubog sa baha ang kanilang lugar. Ulat ni Jenny Dongon.",,,"54",,,,"54","53","1445169243000","https://www.facebook.com/News5Everywhere/videos/545285665628192/"
,,,,,,,,,,,,,,,,,,,,"100044225029758","Athena Imperial","https://scontent-iad3-1.xx.fbcdn.net/v/t1.6435-1/125392742_228659058618260_6998024711947753576_n.jpg?stp=cp0_dst-jpg_tt6&cstp=mx759x758&ctp=s40x40&_nc_cat=108&ccb=1-7&_nc_sid=2d3e12&_nc_ohc=ItomaabDqdMQ7kNvwExqewl&_nc_oc=Adr_iL7_p_xkl2gfNahI1GakFvJwL4ib8ne5i4mB55ElxKGJa8lDSUEIERIhd7nolcY&_nc_zt=24&_nc_ht=scontent-iad3-1.xx&_nc_gid=IVZFoIJ3iVyFbk8h4Vf_1w&_nc_ss=7c2a8&oh=00_AQBtI3jeQYi-opYSFXJUHH2_LKQxYmvk_8WgiHczn0S6bg&oe=6A81BEC0","https://www.facebook.com/missathenaimperial","11","988038801239602","Latest news from the GMA correspondent assigned in Aurora Province: 

HALOS MABALOT NG PUTIK ANG BUONG BAYAN NG SAN LUIS, AURORA BUNSOD NG MATINDING FLASH FLOOD. MARAMI SA MGA RESIDENTE ANG NALUBOG ANG MGA KAGAMITAN SA BAHA AT HINDI NA NAISALBA PA ANG KANILANG MGA GAMIT. MAHIGIT TATLONG DAANG BAHAY ANG TULUYANG PINADAPA NG BAGYO SA SAN LUIS.

HINDI NAMAN NALALAYO ANG SITWASYON SA BAYAN NG BALER. ANG MGA INILIKAS NA RESIDENTE, PANSAMANTALA MUNANG NANANATILI SA SPORTS COMPLEX.

ILANG MGA PASAHERO AT MOTORISTA NAMAN ANG NA-STRANDED SA BAYAN NG DINALUNGAN DAHIL SA MATINDING PAGBAHA. 

SA LUPIT NG BAGYONG LANDO, DALAWANG RESIDENTE NG CASIGURAN ANG NAIULAT NA NAMATAY. NAKILALA ANG MGA BIKTIMA NA SINA LEONARD MARCELO CINCO NG BARANGAY CALANTAS AT RIZA LISMA NG BARANGAY CULAT. 

AABOT SA HALOS DALAWAMPU NAMAN ANG SUGATAN. HABANG NASA MAHIGIT 800 PAMILYA NA SA BUONG BAYAN ANG INILIKAS.

DAAN-DAANG BAHAY RIN ANG SINIRA NG BAGYO SA NATURANG BAYAN.

Videos/photos of the situation in Aurora will be shown in GMA and GMA News TV newscasts and bulletins starting Unang Hirit this morning.",,,"78",,,,"78","26","1445289193000","https://www.facebook.com/missathenaimperial/posts/pfbid0XBSyLFqNsomWT2zTgjPfpgthx5ZF6NaYxhb6tck8QfHnz27rBcpuofwBi3iATsHl"
"No photo description available.","1027379240639672","photo","https://www.facebook.com/photo/?fbid=1027379240639672&set=a.163350195957966",,,,,,,,,,,,,,,,,"100068489607165","Official Gazette of the Republic of the Philippines","https://scontent-iad6-1.xx.fbcdn.net/v/t39.30808-1/243175538_163350222624630_1945866997825921248_n.jpg?stp=cp0_dst-jpg_tt6&cstp=mx667x667&ctp=s40x40&_nc_cat=1&ccb=1-7&_nc_sid=2d3e12&_nc_ohc=4ImWktSKUQQQ7kNvwFP3sHL&_nc_oc=AdrhamNNM7qC5a5eHy4jE8YBN2CLoIBwJ-CWlQzK-qtVwFX6oysvIjhg6lJbrJmnpQ0&_nc_zt=24&_nc_ht=scontent-iad6-1.xx&_nc_gid=IVZFoIJ3iVyFbk8h4Vf_1w&_nc_ss=7c2a8&oh=00_AQDK6NNdaaePharXHmxO5gLRfC_ZaYCQoclg2wTeV2bb6Q&oe=6A601789","https://www.facebook.com/govph","0","1027379240639672","PAGSASALARAWAN • Maging listo! Heto ang mga dapat gawin at alalahanin kung may inaasahang baha sa inyong lugar: http://bit.ly/1JPNHfZ",,,"124",,,,"124","47","1445162401000","https://www.facebook.com/photo.php?fbid=1027379240639672&set=a.163350195957966&type=3"
,,,,,,,,,,,,,,,,,,,,"100002970418493","Urbana Saavedra","https://scontent-iad3-2.xx.fbcdn.net/v/t39.30808-1/740812648_27049865354695779_3189559742618208063_n.jpg?stp=cp0_dst-jpg_tt6&cstp=mx1536x1536&ctp=s24x24&_nc_cat=111&ccb=1-7&_nc_sid=1d2534&_nc_ohc=Rl2eQRqpk58Q7kNvwGxSJPp&_nc_oc=AdpLIydCNrvjq0-n6_Q0GvgsjlgpQ84oU14XtQR5OEVzw941wfbhKVGU9lXoITqeuE4&_nc_zt=24&_nc_ht=scontent-iad3-2.xx&_nc_gid=DUOkdAnTtyxhOofxx00BQg&_nc_ss=7c2a8&oh=00_AQDyYHRuCo3-jq-L1soSQ-OjN7WfsXBx7rjGeneXWIlvUg&oe=6A6022B8","https://www.facebook.com/urbana.santos1","0","770435909732082","",,,"7",,,,"7","0","1445169630000","https://www.facebook.com/groups/youscoopgroup/posts/917985221634211/"
,,,,,,,,,,,,,,,,,,,,"100067907233599","DWIZ 882","https://scontent-iad6-1.xx.fbcdn.net/v/t39.30808-1/701325907_1428518009421760_7004407669138656749_n.jpg?stp=c116.116.968.968a_cp0_dst-jpg_tt6&cstp=mx968x968&ctp=s40x40&_nc_cat=1&ccb=1-7&_nc_sid=2d3e12&_nc_ohc=cpxCFaDU6eAQ7kNvwH1mNH4&_nc_oc=AdpYDhhx7XILO7ngrvyDsBzc2YXtYJ1jCTJ32O1xrGQj9vKINEXKBdBMPzgIiplbmAk&_nc_zt=24&_nc_ht=scontent-iad6-1.xx&_nc_gid=DUOkdAnTtyxhOofxx00BQg&_nc_ss=7c2a8&oh=00_AQAhpaJe5VHhMtZAHLftyPW4yIN5sOiYLo5kN05AqfAdng&oe=6A5FFE56","https://www.facebook.com/dwiz882","0","760052590784122","Gordon: Ang mahirap yung access kasi di mo alam kung saan ka papasok dahil walang kuryente, madilim at baha  #Karambola",,,,,,,"0","0","1445231267000","https://www.facebook.com/dwiz882/posts/pfbid0HMrbgwStyyMkzHgc1Xr5jpzjCB1G4WZh1HPTKoZbAdHsFpnptQqykt7gBCbPzm4Hl"
,,,,,,,,,,,,,,,,,,,,"100067907233599","DWIZ 882","https://scontent-iad6-1.xx.fbcdn.net/v/t39.30808-1/701325907_1428518009421760_7004407669138656749_n.jpg?stp=c116.116.968.968a_cp0_dst-jpg_tt6&cstp=mx968x968&ctp=s40x40&_nc_cat=1&ccb=1-7&_nc_sid=2d3e12&_nc_ohc=cpxCFaDU6eAQ7kNvwH1mNH4&_nc_oc=AdpYDhhx7XILO7ngrvyDsBzc2YXtYJ1jCTJ32O1xrGQj9vKINEXKBdBMPzgIiplbmAk&_nc_zt=24&_nc_ht=scontent-iad6-1.xx&_nc_gid=DUOkdAnTtyxhOofxx00BQg&_nc_ss=7c2a8&oh=00_AQAhpaJe5VHhMtZAHLftyPW4yIN5sOiYLo5kN05AqfAdng&oe=6A5FFE56","https://www.facebook.com/dwiz882","0","760052587450789","Gordon: Ang mahirap yung access kasi di mo alam kung saan ka papasok dahil walang kuryente, madilim at baha  #Karambola",,,,,,,"0","0","1445231267000","https://www.facebook.com/dwiz882/posts/pfbid0haJHRicoVgjQ4unD7PWLMJRdpdcbHaMPGfDHtAkCfoeBGAvsFyqnrgUnJkzTrebDl"
"No photo description available.","861233663945694","photo","https://www.facebook.com/photo/?fbid=861233663945694&set=a.462122665959067",,,,,,,,,,,,,,,,,"100064840114389","Bagyo Baha Lindol atbp","https://scontent-iad3-1.xx.fbcdn.net/v/t39.30808-1/309114832_462122682625732_9046280945650065370_n.jpg?stp=c369.0.945.945a_cp0_dst-jpg_tt6&cstp=mx945x945&ctp=s40x40&_nc_cat=101&ccb=1-7&_nc_sid=2d3e12&_nc_ohc=5ItEz244B94Q7kNvwEqfQE6&_nc_oc=AdoI1FmHrzW3U6oHI_JvKobaO64q6xF9iK7T92_SV7Xd9OSrd6aVOun0aT4oCi7iZIA&_nc_zt=24&_nc_ht=scontent-iad3-1.xx&_nc_gid=DUOkdAnTtyxhOofxx00BQg&_nc_ss=7c2a8&oh=00_AQB71chuavEVECdpAg-741mxQ9YCFxNIbLpopWQk7b_ubA&oe=6A600C5B","https://www.facebook.com/profile.php?id=100064840114389","0","861233663945694","Typhoon Lando, over northern Philippines, as of 5:30 a.m. today. Image from JMA.",,,"4",,,,"4","3","1445295240000","https://www.facebook.com/photo.php?fbid=861233663945694&set=a.462122665959067&type=3"
,,,,,,,,,,,,,,,,,,,,"100001549434017","Al-nor Paingco Limpao","https://scontent-iad3-2.xx.fbcdn.net/v/t39.30808-1/749096674_27580153524952924_2542199543581160478_n.jpg?stp=cp0_dst-jpg_tt6&cstp=mx956x956&ctp=s24x24&_nc_cat=103&ccb=1-7&_nc_sid=1d2534&_nc_ohc=l2Gc3biJoqoQ7kNvwE_ZNX0&_nc_oc=AdrzI0wfFL4zdAvotIbohOkUG_9arhpaU4iSkpMJynqUtfE_KzYyrvoSpPWc1PQk6uw&_nc_zt=24&_nc_ht=scontent-iad3-2.xx&_nc_gid=DUOkdAnTtyxhOofxx00BQg&_nc_ss=7c2a8&oh=00_AQBkQP-amFWNQIgztC0DuycMdNm1bSyoEM_d1UqFLje1Gg&oe=6A600076","https://www.facebook.com/alnor.paingcolimpao","0","925279874200318","Calling GMA News staff for changing or correction the word ""ILIGAN CITY"".",,,"3",,,,"3","0","1445172722000","https://www.facebook.com/groups/youscoopgroup/posts/918002104965856/"
"No photo description available.","860616380674089","photo","https://www.facebook.com/photo/?fbid=860616380674089&set=a.462122665959067",,,,,,,,,,,,,,,,,"100064840114389","Bagyo Baha Lindol atbp","https://scontent-iad3-1.xx.fbcdn.net/v/t39.30808-1/309114832_462122682625732_9046280945650065370_n.jpg?stp=c369.0.945.945a_cp0_dst-jpg_tt6&cstp=mx945x945&ctp=s40x40&_nc_cat=101&ccb=1-7&_nc_sid=2d3e12&_nc_ohc=5ItEz244B94Q7kNvwEqfQE6&_nc_oc=AdoI1FmHrzW3U6oHI_JvKobaO64q6xF9iK7T92_SV7Xd9OSrd6aVOun0aT4oCi7iZIA&_nc_zt=24&_nc_ht=scontent-iad3-1.xx&_nc_gid=8eZENKXYvSBFfibj-Vikeg&_nc_ss=7c2a8&oh=00_AQAX85PNl-5ZsD8bx5ROQ4HcPTstxfLHLgD4w2r9g4M_Mw&oe=6A600C5B","https://www.facebook.com/profile.php?id=100064840114389","0","860616380674089","Typhoon Lando (left) and Typhoon Champi (right) as of 9:30 p.m. today. Image from JMA.",,,"2",,,,"2","2","1445179759000","https://www.facebook.com/photo.php?fbid=860616380674089&set=a.462122665959067&type=3"
"No photo description available.","860756280660099","photo","https://www.facebook.com/photo/?fbid=860756280660099&set=a.462122665959067",,,,,,,,,,,,,,,,,"100064840114389","Bagyo Baha Lindol atbp","https://scontent-iad3-1.xx.fbcdn.net/v/t39.30808-1/309114832_462122682625732_9046280945650065370_n.jpg?stp=c369.0.945.945a_cp0_dst-jpg_tt6&cstp=mx945x945&ctp=s40x40&_nc_cat=101&ccb=1-7&_nc_sid=2d3e12&_nc_ohc=5ItEz244B94Q7kNvwEqfQE6&_nc_oc=AdoI1FmHrzW3U6oHI_JvKobaO64q6xF9iK7T92_SV7Xd9OSrd6aVOun0aT4oCi7iZIA&_nc_zt=24&_nc_ht=scontent-iad3-1.xx&_nc_gid=8eZENKXYvSBFfibj-Vikeg&_nc_ss=7c2a8&oh=00_AQAX85PNl-5ZsD8bx5ROQ4HcPTstxfLHLgD4w2r9g4M_Mw&oe=6A600C5B","https://www.facebook.com/profile.php?id=100064840114389","0","860756280660099","As of 5:00 a.m. today. Image from JMA.",,,"1",,,,"1","1","1445206937000","https://www.facebook.com/photo.php?fbid=860756280660099&set=a.462122665959067&type=3"
,,,,,,,,,,,,,,,,,,,,"656665724","Audrey Mae Domasian","https://scontent-iad3-2.xx.fbcdn.net/v/t39.30808-1/447681233_10170355939855725_9071304565080395436_n.jpg?stp=cp0_dst-jpg_tt6&cstp=mx960x960&ctp=s24x24&_nc_cat=111&ccb=1-7&_nc_sid=1d2534&_nc_ohc=m-WTgBAIVFoQ7kNvwH8Zam2&_nc_oc=AdqQqQqHSdXU2Bcz_bcoLSFIYsmIjDHx4hyty95xoDKjpaUgaSkT-UZQ-6j2-Ajx0E4&_nc_zt=24&_nc_ht=scontent-iad3-2.xx&_nc_gid=8eZENKXYvSBFfibj-Vikeg&_nc_ss=7c2a8&oh=00_AQB7nbt8fq5trS_whllegSetjdmmSL098KFUvthmA5_l6A&oe=6A5FFF13","https://www.facebook.com/audreydomasian","0","918175548281845","Palayan po dapat yan lahat pero mukang dagat ngayon dahil sa baha dulot ng #LandoPH. Kung may ulat po kayo, maaring ipadala dito sa ating FB group o sa www.youscoop.tv

Ingat po!",,,,,,,"0","0","1445209689000","https://www.facebook.com/groups/youscoopgroup/permalink/918175548281845/"
,,,,,,,,,,,,,,,,,,,,"100064159110021","Tinig ng Plaridel","https://scontent-iad3-1.xx.fbcdn.net/v/t39.30808-1/501086031_1117374753744485_399413617700197784_n.jpg?stp=cp0_dst-jpg_tt6&cstp=mx700x700&ctp=s40x40&_nc_cat=110&ccb=1-7&_nc_sid=2d3e12&_nc_ohc=Aq9ocoib7LcQ7kNvwG8hjAO&_nc_oc=AdoAJvwGvbF_OTnGOdTSne1DL8sBKSelXkGVbor4_E6JI4vraEad6cdm5T4c3S71hlQ&_nc_zt=24&_nc_ht=scontent-iad3-1.xx&_nc_gid=8eZENKXYvSBFfibj-Vikeg&_nc_ss=7c2a8&oh=00_AQAe1cseB-8EWsNj5Ge-VRSVgyROVYVQVRu8fzNtyXHH0Q&oe=6A5FEC0F","https://www.facebook.com/tinigngplaridel","0","10207526750636702","#LangoyUP kahit walang baha",,,"24",,,,"24","0","1445256255000","https://www.facebook.com/groups/NarinigKoSaUP/posts/10153403308598369/"
,,,,,,,,,,,,,,,,,,,,"100002970418493","Urbana Saavedra","https://scontent-iad3-2.xx.fbcdn.net/v/t39.30808-1/740812648_27049865354695779_3189559742618208063_n.jpg?stp=cp0_dst-jpg_tt6&cstp=mx1536x1536&ctp=s24x24&_nc_cat=111&ccb=1-7&_nc_sid=1d2534&_nc_ohc=Rl2eQRqpk58Q7kNvwGxSJPp&_nc_oc=AdpLIydCNrvjq0-n6_Q0GvgsjlgpQ84oU14XtQR5OEVzw941wfbhKVGU9lXoITqeuE4&_nc_zt=24&_nc_ht=scontent-iad3-2.xx&_nc_gid=8eZENKXYvSBFfibj-Vikeg&_nc_ss=7c2a8&oh=00_AQDFt1CmY_ARNFryrRJHvoKN0PvqsVEqwg0n1z_SckplUA&oe=6A6022B8","https://www.facebook.com/urbana.santos1","0","917985221634211","",,,"7",,,,"7","0","1445169631000","https://www.facebook.com/groups/youscoopgroup/permalink/917985221634211/"
,,,,,,,,,,,,,,,,,,,,"100064849986224","GMA News","https://scontent-iad6-1.xx.fbcdn.net/v/t39.30808-1/658216539_1459297662908553_7892569438724908023_n.jpg?stp=cp0_dst-jpg_tt6&cstp=mx1200x1200&ctp=s40x40&_nc_cat=1&ccb=1-7&_nc_sid=2d3e12&_nc_ohc=_9Kw3PkUnsIQ7kNvwGzEp_C&_nc_oc=AdrJPgTHUJ5X-jcDyQocRe7xUcwY0samLl4Ix-pbXxNCBef779mCEsOD2GaKReK4bnc&_nc_zt=24&_nc_ht=scontent-iad6-1.xx&_nc_gid=8eZENKXYvSBFfibj-Vikeg&_nc_ss=7c2a8&oh=00_AQAJ4kdRAmm5zBPvbmkoiX1yJHpKNR3YwSQvI50Mncjenw&oe=6A5FFBBF","https://www.facebook.com/gmanews","0","918281721604561","Video mula sa Pangasinan. Humina ang ulan at humupa ng konti ang baha pero mahangin pa rin po.",,,"2",,,,"2","0","1445237719000","https://www.facebook.com/groups/youscoopgroup/permalink/918281721604561/"
,,,,,,,,,,,,,,,,,,,,"100064615666947","Bandila","https://scontent-iad6-1.xx.fbcdn.net/v/t39.30808-1/352524397_6551217134899673_7148408169278467741_n.jpg?stp=cp0_dst-jpg_tt6&cstp=mx960x960&ctp=s40x40&_nc_cat=109&ccb=1-7&_nc_sid=2d3e12&_nc_ohc=3pYTKcJDQqMQ7kNvwFD1nbK&_nc_oc=Adq2EIVxT1Dcc3MiAMh60epP0s5a4EFqBkmAHbBa9B8Wts2yaRwNgJVCTzopBO_1Inc&_nc_zt=24&_nc_ht=scontent-iad6-1.xx&_nc_gid=fbjshcHhJjaXQv27T5Z_9Q&_nc_ss=7c2a8&oh=00_AQDOtYRX_aC0a0I1nEY9dgtHT9ECSZrTFYplrDzHBDwWIg&oe=6A5FFB34","https://www.facebook.com/Bandila.OFFICIAL","0","10153715440857661","NGAYON SA #Bandila
- Ilang barangay sa Pampanga, binaha nang umapaw ang Pampanga river.
- Ilang residente, ayaw pa ring lumikas sa kabila ng baha.
- Higit 50 pamilya, pwersahang pinalikas dahil sa banta ng landslide.
- Baha sa San Ildefonso at San Miguel, Bulacan, umabot ng lampas-tao.",,,"8",,,,"8","1","1445270935000","https://www.facebook.com/Bandila.OFFICIAL/posts/pfbid0SqcvAQRUEWU1v4oKp4UDufGHXB65b3yAoz6CcYwqtZU1xw61uiMp26qh3CTCZjSYl"
,,,,,,,,,,,,,,,,,,,,"100064926720554","Disaster Information Service - Philippines","https://scontent-iad3-1.xx.fbcdn.net/v/t39.30808-1/313198148_499379358902951_88691280234451512_n.jpg?stp=cp0_dst-jpg_tt6&cstp=mx882x882&ctp=s40x40&_nc_cat=110&ccb=1-7&_nc_sid=2d3e12&_nc_ohc=Ioj-oV5VRBkQ7kNvwGg9lX2&_nc_oc=Ado5Mb_263DFXm8Tm7-Ga-jecgqt11y9nnzq1XMdOS9cBMy14GrGf8KUsBus-EivmmA&_nc_zt=24&_nc_ht=scontent-iad3-1.xx&_nc_gid=fbjshcHhJjaXQv27T5Z_9Q&_nc_ss=7c2a8&oh=00_AQAioljQcZPqG6mW5bcafF3y4_I1ZivC0fWn1IxFvq2dWw&oe=6A5FEFF1","https://www.facebook.com/dis.pia.gov.ph","0","893188370729860","ABS-CBN: Pinaghahanap pa rin ang isang 6-anyos na batang babae sa Bambang, Nueva Vizcaya matapos tangayin ng ilog kasama ang kapatid. Na-rescue naman ang nakababatang kapatid nito at pinapagaling na sa ospital. Patuloy naman ang pagpapakawala ng tubig ang Magat Dam dahil sa ulan. Lubog na tuloy sa baha ang pitong bayan sa Isabela. Ayon naman kay Gov. Dy, suspendido pa rin ang klase sa lahat ng antas sa Isabela bukas para sa kaligtasan ng mga estudyante.",,,,,,,"0","0","1445252515000","https://www.facebook.com/dis.pia.gov.ph/posts/pfbid02UcVfJ6V1L2oHWo7wD5o5VErvtX5YVkCTZzTsAMsti1TpqEgmY49hv1tvzybDU4adl"
,,,,,,,,,,,,,,,,,,,,"100000258784067","Fe Carreon","https://scontent-iad3-1.xx.fbcdn.net/v/t39.30808-1/658142480_26825508557041074_1026830867771105524_n.jpg?stp=cp6_dst-jpg_tt6&cstp=mx2048x2048&ctp=s40x40&_nc_cat=104&ccb=1-7&_nc_sid=1d2534&_nc_ohc=aXY_m4x3x00Q7kNvwG2tXI4&_nc_oc=AdogLTkAlgFUb_tpfX2OiVIUgdPTLpBJrgV8wL4PmrISxR5gLwyiTgdoJR3AV6W_wQ0&_nc_zt=24&_nc_ht=scontent-iad3-1.xx&_nc_gid=fbjshcHhJjaXQv27T5Z_9Q&_nc_ss=7c2a8&oh=00_AQB6XNoMBJweUngsSXEeAwaqRWS1SevEG8eaCD1VHNG3RA&oe=6A5FFC3E","https://www.facebook.com/fe.carreon","0","1078229522195664","",,,"10",,,,"10","0","1445212581000","https://www.facebook.com/groups/744477818898316/posts/1066892996656795/"
,,,,,,,,,,,,,,,,,,,,"100001549434017","Al-nor Paingco Limpao","https://scontent-iad3-2.xx.fbcdn.net/v/t39.30808-1/749096674_27580153524952924_2542199543581160478_n.jpg?stp=cp0_dst-jpg_tt6&cstp=mx956x956&ctp=s24x24&_nc_cat=103&ccb=1-7&_nc_sid=1d2534&_nc_ohc=l2Gc3biJoqoQ7kNvwE_ZNX0&_nc_oc=AdrzI0wfFL4zdAvotIbohOkUG_9arhpaU4iSkpMJynqUtfE_KzYyrvoSpPWc1PQk6uw&_nc_zt=24&_nc_ht=scontent-iad3-2.xx&_nc_gid=fbjshcHhJjaXQv27T5Z_9Q&_nc_ss=7c2a8&oh=00_AQACSNoKcZYkEL_BXRAMKnU8S5oeBUA7VDqnqbyJeQQ9hw&oe=6A600076","https://www.facebook.com/alnor.paingcolimpao","0","918002104965856","Calling GMA News staff for changing or correction the word ""ILIGAN CITY"".",,,"3",,,,"3","0","1445172722000","https://www.facebook.com/groups/youscoopgroup/permalink/918002104965856/"
,,,,,,,,,,,,,,,,,,,,"100063921496682","Exotic worms cabinet","https://scontent-iad6-1.xx.fbcdn.net/v/t39.30808-1/304784371_465480635592649_8810366054693497739_n.jpg?stp=cp0_dst-jpg_tt6&cstp=mx481x481&ctp=s40x40&_nc_cat=107&ccb=1-7&_nc_sid=2d3e12&_nc_ohc=8PUcWjdICH4Q7kNvwE34mOd&_nc_oc=AdosEqGldMAvZ8n134qTjPIOVwvgz4FlJbZt9w7cD9cZlHwGhz2NLrvNZ6fHaIDSSt4&_nc_zt=24&_nc_ht=scontent-iad6-1.xx&_nc_gid=fbjshcHhJjaXQv27T5Z_9Q&_nc_ss=7c2a8&oh=00_AQDV6kVc29XgBBRoZZfgRuCvVTyn7q_frcXF1IeETwZl3A&oe=6A601766","https://www.facebook.com/profile.php?id=100063921496682","0","954112021314228","Pag bagyo mga estudyante lang ang masaya
Ang mga driver nagmumura..baha na trapik pa",,,,,,,"0","0","1445223478000","https://www.facebook.com/permalink.php?story_fbid=pfbid02Mh9XVHqFa1R6s1jZU2prK75j8bHxqHLDVDXFF6Np5roMgoSLb5rPbUEL5gBduPqyl&id=100063921496682"
,,,,,,,,,,,,,,,,,,,,"100008950783410","Hersheys Jazzmi","https://scontent-iad6-1.xx.fbcdn.net/v/t1.6435-1/38391448_1847950465513295_6472307641086377984_n.jpg?stp=cp0_dst-jpg_tt6&cstp=mx634x634&ctp=s24x24&_nc_cat=100&ccb=1-7&_nc_sid=e99d92&_nc_ohc=eK_mefd2H0EQ7kNvwEGPgmS&_nc_oc=AdotbAFjlZ54TfivO8yQh1gccJZmn7mb6xgwQJNNDxNheWYheBQC5uGyMTTVFhhnrfE&_nc_zt=24&_nc_ht=scontent-iad6-1.xx&_nc_gid=ZPGH1focCv5X6OEdsjLGTQ&_nc_ss=7c2a8&oh=00_AQDwgTknOrVY6Ddu7q0v95MFhFkz1_2pIsy5ZtQpx4EEag&oe=6A8194E9","https://www.facebook.com/ramgie.buncag","0","441719936023003","",,,"2",,,,"2","0","1445291253000","https://www.facebook.com/groups/FreedomWallPH/permalink/441719936023003/"
,,,,,,,,,,,,,,,,,,,,"100064926720554","Disaster Information Service - Philippines","https://scontent-iad3-1.xx.fbcdn.net/v/t39.30808-1/313198148_499379358902951_88691280234451512_n.jpg?stp=cp0_dst-jpg_tt6&cstp=mx882x882&ctp=s40x40&_nc_cat=110&ccb=1-7&_nc_sid=2d3e12&_nc_ohc=Ioj-oV5VRBkQ7kNvwGg9lX2&_nc_oc=Ado5Mb_263DFXm8Tm7-Ga-jecgqt11y9nnzq1XMdOS9cBMy14GrGf8KUsBus-EivmmA&_nc_zt=24&_nc_ht=scontent-iad3-1.xx&_nc_gid=ZPGH1focCv5X6OEdsjLGTQ&_nc_ss=7c2a8&oh=00_AQDDtkVbmPGv8UWE4YdnqMjCe_PShfysd8laVKTdsb66pQ&oe=6A5FEFF1","https://www.facebook.com/dis.pia.gov.ph","0","893060534075977","DZBB: Pinapayuhan ng NDRRMC ang mga residente sa Northern at Central Luzon na huwag munang magsibalik sa kanilang mga bahay. Giit ni DOST Usec. Liboro, ngayong araw pa lamang inaasahan na bababa ang baha na dala ng bagyong Lando mula sa mga kabundukan. Sa ulat ng PAGASA, ang ulan na dapat sana ay para sa kalahating buwan ay naibuhos lamang ng bagyo sa loob ng isang araw. Iginiit ng NDRRMC na hindi na baleng maging makulit sila sa pangangalampag kaysa mauwi pa sa hindi maganda ang epekto ng bagyo.",,,,,,,"0","1","1445231007000","https://www.facebook.com/dis.pia.gov.ph/posts/pfbid02EwC8bv67eiwka8ibXExRAuMSp8DbJxKE4at38MmAVzxhcYMnPFN736vrUZgP2R81l"
,,,,,,,,,,,,,,,,,,,,"100004993870199","Aldrin de la Cruz","https://scontent-iad3-1.xx.fbcdn.net/v/t39.30808-1/463025863_2810232275819874_8349016409941807882_n.jpg?stp=cp0_dst-jpg_tt6&cstp=mx720x720&ctp=s40x40&_nc_cat=108&ccb=1-7&_nc_sid=e99d92&_nc_ohc=DT80YpAUgE8Q7kNvwF0S9NA&_nc_oc=AdqxuKCmEuFYduHxAO2z9jggQ64-R5KvwjPRnB1xQjQWJ93GIZ4J5YTmL070gesa0dA&_nc_zt=24&_nc_ht=scontent-iad3-1.xx&_nc_gid=ZPGH1focCv5X6OEdsjLGTQ&_nc_ss=7c2a8&oh=00_AQDCxBw7rnltuyESUN8zj_wZOCJNrE7hEUwTBx9UJ5cOkw&oe=6A601890","https://www.facebook.com/aldrin.delacruz.10236","0","506121022897689","Magandang Umaga Lord slamat po sa iyong pag papala sa umagang ito kmi poy nanalangain sa inyo na sanay hindi maminsala ang bagyo bagamat itoy nanatili sa ating bansa sanay poy wla ng buhay pang makitil Panginoon patnubayan nyo ang mga pamilyang nasalanta ng mga baha. Lalo na ang mga matatanda at bata.kya po Lord sampu ng aking pamilya muli po salamat sa inyong pagpapala salamat po. Amen.",,,"4",,,,,"0","1445203649000","https://www.facebook.com/aldrin.delacruz.10236/posts/pfbid02YfjXHspesmf3dB7dutVFgq5WptAwcNYKactAqfxyvKpfBBPooerRCPGCGdm7KqxJl"
,,,,,,,,,,,,,,,,,,,,"100064926720554","Disaster Information Service - Philippines","https://scontent-iad3-1.xx.fbcdn.net/v/t39.30808-1/313198148_499379358902951_88691280234451512_n.jpg?stp=cp0_dst-jpg_tt6&cstp=mx882x882&ctp=s40x40&_nc_cat=110&ccb=1-7&_nc_sid=2d3e12&_nc_ohc=Ioj-oV5VRBkQ7kNvwGg9lX2&_nc_oc=Ado5Mb_263DFXm8Tm7-Ga-jecgqt11y9nnzq1XMdOS9cBMy14GrGf8KUsBus-EivmmA&_nc_zt=24&_nc_ht=scontent-iad3-1.xx&_nc_gid=ZPGH1focCv5X6OEdsjLGTQ&_nc_ss=7c2a8&oh=00_AQDDtkVbmPGv8UWE4YdnqMjCe_PShfysd8laVKTdsb66pQ&oe=6A5FEFF1","https://www.facebook.com/dis.pia.gov.ph","0","893185860730111","GMA: Dalawa na ang naitalang patay dahil sa epekto ng bagyong Lando sa Zambales. Kabilang na rito ang isang guro na natangay ng agos ng baha habang tinatangkang lumikas kagabi. Umapaw rin ang mga palaisdaan sa Zambales. Sa ngayon ay panaka-nakang ambon na lang ang nararanasan sa Iba, Zambales.",,,,,,,"0","0","1445251700000","https://www.facebook.com/dis.pia.gov.ph/posts/pfbid0GyuUcg2Q4WXUKrhg8xVoFgtDHKhvZdrrqmyU7Bpv4vzMFJXMBnnKa2oW8GkXXZrcl"
,,,,,,,,,,,,,,,,,,,,"100000595634097","Virgel Farrales Domitita","https://scontent-iad6-1.xx.fbcdn.net/v/t39.30808-1/455652275_8702723919757376_1951185978423114186_n.jpg?stp=c0.0.464.464a_cp0_dst-jpg_tt6&cstp=mx464x464&ctp=s24x24&_nc_cat=107&ccb=1-7&_nc_sid=e99d92&_nc_ohc=2BlzlQ7_xUAQ7kNvwE9BVGR&_nc_oc=Adp21kRqpdaEDe0hJray1lCq4UVtQOA7b59d7kUQdNxtZLIOAgMXPFdSE8ykuXNA8Yo&_nc_zt=24&_nc_ht=scontent-iad6-1.xx&_nc_gid=ZPGH1focCv5X6OEdsjLGTQ&_nc_ss=7c2a8&oh=00_AQBbJ1FGtAmunbLA3m5_iFR-4rEJLKw-u6nnfYL9IuOI5A&oe=6A5FF912","https://www.facebook.com/virgel.domitita","0","507702486073083","Sir andy gudmorning poh..c/n na q.
Lakas hangin at ulan dito zambales..
Sir makikisuyo nlng poh baka poh pwedeng ipanawagan sa kinauukulan dito sa zambales,particular sa sta.cruz na kung myrun poh sila rescue team baka pwede poh papuntahin sa brgy.gama,pakal looban..pamilya magno poh to sir..nasa bobong na poh sila ng bahay nila dahil baha na poh..hindi lang poh sila ang ganun ang sitwasyon pati poh mga kapitbahay nila..wala pa po tumutulong sa kanila para mailikas..salamat poh sir..",,,"1",,,,"1","0","1445189907000","https://www.facebook.com/groups/309338282576172/permalink/507702486073083/"
,,,,,,,,,,,,,,,,,,,,"100064926720554","Disaster Information Service - Philippines","https://scontent-iad3-1.xx.fbcdn.net/v/t39.30808-1/313198148_499379358902951_88691280234451512_n.jpg?stp=cp0_dst-jpg_tt6&cstp=mx882x882&ctp=s40x40&_nc_cat=110&ccb=1-7&_nc_sid=2d3e12&_nc_ohc=Ioj-oV5VRBkQ7kNvwGg9lX2&_nc_oc=Ado5Mb_263DFXm8Tm7-Ga-jecgqt11y9nnzq1XMdOS9cBMy14GrGf8KUsBus-EivmmA&_nc_zt=24&_nc_ht=scontent-iad3-1.xx&_nc_gid=ZPGH1focCv5X6OEdsjLGTQ&_nc_ss=7c2a8&oh=00_AQDDtkVbmPGv8UWE4YdnqMjCe_PShfysd8laVKTdsb66pQ&oe=6A5FEFF1","https://www.facebook.com/dis.pia.gov.ph","0","893185954063435","GMA: Maraming magsasaka ang nalugi dahil sa pinsala ng bagyong Lando sa mga palayan sa San Miguel, Bulacan. Ilang sasakyan din ang tumirik sa baha sa naturang bayan. Sa ngayon ay mahangin na lang sa Brgy. Cambio, San Miguel at humupa na rin ang baha roon.",,,,,,,"0","0","1445251747000","https://www.facebook.com/dis.pia.gov.ph/posts/pfbid0jpNGursHLvXAVQMtvNb5M8gbm9NUXYm2YsyyEhLBvjTrdDRAmFcd1jhkJEK8jrpTl"
,,,,,,,,,,,,,,,,,,,,"100008950783410","Hersheys Jazzmi","https://scontent-iad6-1.xx.fbcdn.net/v/t1.6435-1/38391448_1847950465513295_6472307641086377984_n.jpg?stp=cp0_dst-jpg_tt6&cstp=mx634x634&ctp=s24x24&_nc_cat=100&ccb=1-7&_nc_sid=e99d92&_nc_ohc=eK_mefd2H0EQ7kNvwEGPgmS&_nc_oc=AdotbAFjlZ54TfivO8yQh1gccJZmn7mb6xgwQJNNDxNheWYheBQC5uGyMTTVFhhnrfE&_nc_zt=24&_nc_ht=scontent-iad6-1.xx&_nc_gid=UVrmIwOYGgRMqICoP7FrKw&_nc_ss=7c2a8&oh=00_AQASXygUfXXrKW78-GuhGwzjhavhz6Ee_jY_9Dgn5z4G4g&oe=6A8194E9","https://www.facebook.com/ramgie.buncag","0","441719936023003","",,,"2",,,,"2","0","1445291253000","https://www.facebook.com/groups/FreedomWallPH/permalink/441719936023003/"
,,,,,,,,,,,,,,,,,,,,"100064926720554","Disaster Information Service - Philippines","https://scontent-iad3-1.xx.fbcdn.net/v/t39.30808-1/313198148_499379358902951_88691280234451512_n.jpg?stp=cp0_dst-jpg_tt6&cstp=mx882x882&ctp=s40x40&_nc_cat=110&ccb=1-7&_nc_sid=2d3e12&_nc_ohc=Ioj-oV5VRBkQ7kNvwGg9lX2&_nc_oc=Ado5Mb_263DFXm8Tm7-Ga-jecgqt11y9nnzq1XMdOS9cBMy14GrGf8KUsBus-EivmmA&_nc_zt=24&_nc_ht=scontent-iad3-1.xx&_nc_gid=UVrmIwOYGgRMqICoP7FrKw&_nc_ss=7c2a8&oh=00_AQDE0foSGOAw-gaj1PM76e0EHzqSMAMrkgRFVKKM5AGr6Q&oe=6A5FEFF1","https://www.facebook.com/dis.pia.gov.ph","0","893060534075977","DZBB: Pinapayuhan ng NDRRMC ang mga residente sa Northern at Central Luzon na huwag munang magsibalik sa kanilang mga bahay. Giit ni DOST Usec. Liboro, ngayong araw pa lamang inaasahan na bababa ang baha na dala ng bagyong Lando mula sa mga kabundukan. Sa ulat ng PAGASA, ang ulan na dapat sana ay para sa kalahating buwan ay naibuhos lamang ng bagyo sa loob ng isang araw. Iginiit ng NDRRMC na hindi na baleng maging makulit sila sa pangangalampag kaysa mauwi pa sa hindi maganda ang epekto ng bagyo.",,,,,,,"0","1","1445231007000","https://www.facebook.com/dis.pia.gov.ph/posts/pfbid02EwC8bv67eiwka8ibXExRAuMSp8DbJxKE4at38MmAVzxhcYMnPFN736vrUZgP2R81l"
,,,,,,,,,,,,,,,,,,,,"100004993870199","Aldrin de la Cruz","https://scontent-iad3-1.xx.fbcdn.net/v/t39.30808-1/463025863_2810232275819874_8349016409941807882_n.jpg?stp=cp0_dst-jpg_tt6&cstp=mx720x720&ctp=s40x40&_nc_cat=108&ccb=1-7&_nc_sid=e99d92&_nc_ohc=DT80YpAUgE8Q7kNvwF0S9NA&_nc_oc=AdqxuKCmEuFYduHxAO2z9jggQ64-R5KvwjPRnB1xQjQWJ93GIZ4J5YTmL070gesa0dA&_nc_zt=24&_nc_ht=scontent-iad3-1.xx&_nc_gid=UVrmIwOYGgRMqICoP7FrKw&_nc_ss=7c2a8&oh=00_AQC5ToovsYTKN6a-ShGXWzq7mI22eCngV1cwHYk2neNzwA&oe=6A601890","https://www.facebook.com/aldrin.delacruz.10236","0","506121022897689","Magandang Umaga Lord slamat po sa iyong pag papala sa umagang ito kmi poy nanalangain sa inyo na sanay hindi maminsala ang bagyo bagamat itoy nanatili sa ating bansa sanay poy wla ng buhay pang makitil Panginoon patnubayan nyo ang mga pamilyang nasalanta ng mga baha. Lalo na ang mga matatanda at bata.kya po Lord sampu ng aking pamilya muli po salamat sa inyong pagpapala salamat po. Amen.",,,"4",,,,,"0","1445203649000","https://www.facebook.com/aldrin.delacruz.10236/posts/pfbid02YfjXHspesmf3dB7dutVFgq5WptAwcNYKactAqfxyvKpfBBPooerRCPGCGdm7KqxJl"
,,,,,,,,,,,,,,,,,,,,"100064926720554","Disaster Information Service - Philippines","https://scontent-iad3-1.xx.fbcdn.net/v/t39.30808-1/313198148_499379358902951_88691280234451512_n.jpg?stp=cp0_dst-jpg_tt6&cstp=mx882x882&ctp=s40x40&_nc_cat=110&ccb=1-7&_nc_sid=2d3e12&_nc_ohc=Ioj-oV5VRBkQ7kNvwGg9lX2&_nc_oc=Ado5Mb_263DFXm8Tm7-Ga-jecgqt11y9nnzq1XMdOS9cBMy14GrGf8KUsBus-EivmmA&_nc_zt=24&_nc_ht=scontent-iad3-1.xx&_nc_gid=UVrmIwOYGgRMqICoP7FrKw&_nc_ss=7c2a8&oh=00_AQDE0foSGOAw-gaj1PM76e0EHzqSMAMrkgRFVKKM5AGr6Q&oe=6A5FEFF1","https://www.facebook.com/dis.pia.gov.ph","0","893185860730111","GMA: Dalawa na ang naitalang patay dahil sa epekto ng bagyong Lando sa Zambales. Kabilang na rito ang isang guro na natangay ng agos ng baha habang tinatangkang lumikas kagabi. Umapaw rin ang mga palaisdaan sa Zambales. Sa ngayon ay panaka-nakang ambon na lang ang nararanasan sa Iba, Zambales.",,,,,,,"0","0","1445251700000","https://www.facebook.com/dis.pia.gov.ph/posts/pfbid0GyuUcg2Q4WXUKrhg8xVoFgtDHKhvZdrrqmyU7Bpv4vzMFJXMBnnKa2oW8GkXXZrcl"
,,,,,,,,,,,,,,,,,,,,"100000595634097","Virgel Farrales Domitita","https://scontent-iad6-1.xx.fbcdn.net/v/t39.30808-1/455652275_8702723919757376_1951185978423114186_n.jpg?stp=c0.0.464.464a_cp0_dst-jpg_tt6&cstp=mx464x464&ctp=s24x24&_nc_cat=107&ccb=1-7&_nc_sid=e99d92&_nc_ohc=2BlzlQ7_xUAQ7kNvwE9BVGR&_nc_oc=Adp21kRqpdaEDe0hJray1lCq4UVtQOA7b59d7kUQdNxtZLIOAgMXPFdSE8ykuXNA8Yo&_nc_zt=24&_nc_ht=scontent-iad6-1.xx&_nc_gid=UVrmIwOYGgRMqICoP7FrKw&_nc_ss=7c2a8&oh=00_AQA7dbjuWBIN3ZgjuXnDAjzVpMWpL0M2wutNQtpzP-pHzQ&oe=6A5FF912","https://www.facebook.com/virgel.domitita","0","507702486073083","Sir andy gudmorning poh..c/n na q.
Lakas hangin at ulan dito zambales..
Sir makikisuyo nlng poh baka poh pwedeng ipanawagan sa kinauukulan dito sa zambales,particular sa sta.cruz na kung myrun poh sila rescue team baka pwede poh papuntahin sa brgy.gama,pakal looban..pamilya magno poh to sir..nasa bobong na poh sila ng bahay nila dahil baha na poh..hindi lang poh sila ang ganun ang sitwasyon pati poh mga kapitbahay nila..wala pa po tumutulong sa kanila para mailikas..salamat poh sir..",,,"1",,,,"1","0","1445189907000","https://www.facebook.com/groups/309338282576172/permalink/507702486073083/"
,,,,,,,,,,,,,,,,,,,,"100064926720554","Disaster Information Service - Philippines","https://scontent-iad3-1.xx.fbcdn.net/v/t39.30808-1/313198148_499379358902951_88691280234451512_n.jpg?stp=cp0_dst-jpg_tt6&cstp=mx882x882&ctp=s40x40&_nc_cat=110&ccb=1-7&_nc_sid=2d3e12&_nc_ohc=Ioj-oV5VRBkQ7kNvwGg9lX2&_nc_oc=Ado5Mb_263DFXm8Tm7-Ga-jecgqt11y9nnzq1XMdOS9cBMy14GrGf8KUsBus-EivmmA&_nc_zt=24&_nc_ht=scontent-iad3-1.xx&_nc_gid=UVrmIwOYGgRMqICoP7FrKw&_nc_ss=7c2a8&oh=00_AQDE0foSGOAw-gaj1PM76e0EHzqSMAMrkgRFVKKM5AGr6Q&oe=6A5FEFF1","https://www.facebook.com/dis.pia.gov.ph","0","893185954063435","GMA: Maraming magsasaka ang nalugi dahil sa pinsala ng bagyong Lando sa mga palayan sa San Miguel, Bulacan. Ilang sasakyan din ang tumirik sa baha sa naturang bayan. Sa ngayon ay mahangin na lang sa Brgy. Cambio, San Miguel at humupa na rin ang baha roon.",,,,,,,"0","0","1445251747000","https://www.facebook.com/dis.pia.gov.ph/posts/pfbid0jpNGursHLvXAVQMtvNb5M8gbm9NUXYm2YsyyEhLBvjTrdDRAmFcd1jhkJEK8jrpTl"
,,,,,,,,,,,,,,,,,,,,"100064926720554","Disaster Information Service - Philippines","https://scontent-iad3-1.xx.fbcdn.net/v/t39.30808-1/313198148_499379358902951_88691280234451512_n.jpg?stp=cp0_dst-jpg_tt6&cstp=mx882x882&ctp=s40x40&_nc_cat=110&ccb=1-7&_nc_sid=2d3e12&_nc_ohc=Ioj-oV5VRBkQ7kNvwGg9lX2&_nc_oc=Ado5Mb_263DFXm8Tm7-Ga-jecgqt11y9nnzq1XMdOS9cBMy14GrGf8KUsBus-EivmmA&_nc_zt=24&_nc_ht=scontent-iad3-1.xx&_nc_gid=C-m4JcImbB6QE4VP1kV4ng&_nc_ss=7c2a8&oh=00_AQCOYsNFOqmKLzoZmBs05uds7Lk54YSbWMmt5AJyUH9HeA&oe=6A5FEFF1","https://www.facebook.com/dis.pia.gov.ph","0","893195710729126","GMA: 15 sa 28 na bayan sa Cagayan ang lubog sa baha bunsod ng bagyong Lando. Marami ang binaha sa Tuguegarao City dahil sa umapaw na ilog.",,,,,,,"0","0","1445253945000","https://www.facebook.com/dis.pia.gov.ph/posts/pfbid0e63KbuZzUYwNxiBac5TTYib396kmz2fwc5SAoCvu7UvkazwL7KinAiWkedZ9FLLUl"
,,,,,,,,,,,,,,,,,,,,"100064849986224","GMA News","https://scontent-iad6-1.xx.fbcdn.net/v/t39.30808-1/658216539_1459297662908553_7892569438724908023_n.jpg?stp=cp0_dst-jpg_tt6&cstp=mx1200x1200&ctp=s40x40&_nc_cat=1&ccb=1-7&_nc_sid=2d3e12&_nc_ohc=_9Kw3PkUnsIQ7kNvwGzEp_C&_nc_oc=AdrJPgTHUJ5X-jcDyQocRe7xUcwY0samLl4Ix-pbXxNCBef779mCEsOD2GaKReK4bnc&_nc_zt=24&_nc_ht=scontent-iad6-1.xx&_nc_gid=C-m4JcImbB6QE4VP1kV4ng&_nc_ss=7c2a8&oh=00_AQBOb0ITKn3ASgWs7Bz_GYNnbBkUuRf7gP6C1VXOVQlCCw&oe=6A5FFBBF","https://www.facebook.com/gmanews","0","918230851609648","",,,,,,,"0","0","1445222346000","https://www.facebook.com/groups/youscoopgroup/permalink/918230851609648/"
,,,,,,,,,,,,,,,,,,,,"100064926720554","Disaster Information Service - Philippines","https://scontent-iad3-1.xx.fbcdn.net/v/t39.30808-1/313198148_499379358902951_88691280234451512_n.jpg?stp=cp0_dst-jpg_tt6&cstp=mx882x882&ctp=s40x40&_nc_cat=110&ccb=1-7&_nc_sid=2d3e12&_nc_ohc=Ioj-oV5VRBkQ7kNvwGg9lX2&_nc_oc=Ado5Mb_263DFXm8Tm7-Ga-jecgqt11y9nnzq1XMdOS9cBMy14GrGf8KUsBus-EivmmA&_nc_zt=24&_nc_ht=scontent-iad3-1.xx&_nc_gid=C-m4JcImbB6QE4VP1kV4ng&_nc_ss=7c2a8&oh=00_AQCOYsNFOqmKLzoZmBs05uds7Lk54YSbWMmt5AJyUH9HeA&oe=6A5FEFF1","https://www.facebook.com/dis.pia.gov.ph","0","893105874071443","DZBB: Pinipilit ng Red Cross volunteers ngayon na nakasakay sa 6x6 truck na matawid ang isang kalsada na hanggang baywang o dibdib ang baha para mailikas ang ilang residenteng binaha sa Brgy. Lawang Kupang, San Antonio, Nueva Ecija.",,,,,,,"0","0","1445241013000","https://www.facebook.com/dis.pia.gov.ph/posts/pfbid02SMDyAVHuRotnV1sGmWsw4RJ4roAMRdk7qvnjNjyLmJdS6MgtYmftChP8yojeQ5xEl"
"No photo description available.","1036420686410683","photo","https://www.facebook.com/photo/?fbid=1036420686410683&set=a.560983439389909",,,,,,,,,,,,,,,,,"100064347745051","MakeupHOLICS","https://scontent-iad3-1.xx.fbcdn.net/v/t39.30808-1/510552226_1205050591649854_6100283790630250688_n.jpg?stp=cp0_dst-jpg_tt6&cstp=mx1313x1313&ctp=s40x40&_nc_cat=101&ccb=1-7&_nc_sid=2d3e12&_nc_ohc=Zhml0mpf5JUQ7kNvwEbsiup&_nc_oc=Adpcj7ww3p1D9xiDxRQTUqiKt-BE5Av_Ka5iQobaHixsyafggaSc36gu0Dh1k2b0c3E&_nc_zt=24&_nc_ht=scontent-iad3-1.xx&_nc_gid=C-m4JcImbB6QE4VP1kV4ng&_nc_ss=7c2a8&oh=00_AQBvvQXzbLzsKUAnCyxOy5zOs3JOORb4njwKJuV3eGgjRA&oe=6A5FF294","https://www.facebook.com/shopatmakeupholics","0","1036420686410683","Good Morning :) Keep Safe Everyone! Sana ok lang po ang mga resellers ko sa North :( daming baha esp sa cabanatuan city",,,"5",,,,"5","1","1445226030000","https://www.facebook.com/photo.php?fbid=1036420686410683&set=a.560983439389909&type=3"
,,,,,,,,,,,,,,,,,,,,"100064926720554","Disaster Information Service - Philippines","https://scontent-iad3-1.xx.fbcdn.net/v/t39.30808-1/313198148_499379358902951_88691280234451512_n.jpg?stp=cp0_dst-jpg_tt6&cstp=mx882x882&ctp=s40x40&_nc_cat=110&ccb=1-7&_nc_sid=2d3e12&_nc_ohc=Ioj-oV5VRBkQ7kNvwGg9lX2&_nc_oc=Ado5Mb_263DFXm8Tm7-Ga-jecgqt11y9nnzq1XMdOS9cBMy14GrGf8KUsBus-EivmmA&_nc_zt=24&_nc_ht=scontent-iad3-1.xx&_nc_gid=C-m4JcImbB6QE4VP1kV4ng&_nc_ss=7c2a8&oh=00_AQCOYsNFOqmKLzoZmBs05uds7Lk54YSbWMmt5AJyUH9HeA&oe=6A5FEFF1","https://www.facebook.com/dis.pia.gov.ph","0","893049660743731","DZBB: Nadadaanan na kaninang umaga ang Jaro bridge sa Jones, Isabela. Nananatili namang lubog sa baha ang maraming taniman doon. Ayon sa Jones MDRRMO, pinayagan na nilang makauwi ang mga inilikas na residente.",,,,,,,"0","0","1445229732000","https://www.facebook.com/dis.pia.gov.ph/posts/pfbid02hfyaRoKpVnYGHoFaKhSD1vfq4ytNyiCnTuiwZJEGEvTUukgBH9aGBqSPYBgSTmuUl"
,,,,,,,,,,,,,,,,,,,,"100064926720554","Disaster Information Service - Philippines","https://scontent-iad3-1.xx.fbcdn.net/v/t39.30808-1/313198148_499379358902951_88691280234451512_n.jpg?stp=cp0_dst-jpg_tt6&cstp=mx882x882&ctp=s40x40&_nc_cat=110&ccb=1-7&_nc_sid=2d3e12&_nc_ohc=Ioj-oV5VRBkQ7kNvwGg9lX2&_nc_oc=Ado5Mb_263DFXm8Tm7-Ga-jecgqt11y9nnzq1XMdOS9cBMy14GrGf8KUsBus-EivmmA&_nc_zt=24&_nc_ht=scontent-iad3-1.xx&_nc_gid=C-m4JcImbB6QE4VP1kV4ng&_nc_ss=7c2a8&oh=00_AQCOYsNFOqmKLzoZmBs05uds7Lk54YSbWMmt5AJyUH9HeA&oe=6A5FEFF1","https://www.facebook.com/dis.pia.gov.ph","0","893395330709164","DZMM: Maganda na ang panahon sa Isabela pero may mga bayan doon ang lubog sa baha kaya’t may mga residente pa ring nananatili sa mga evacuation area.",,,,,,,"0","0","1445294545000","https://www.facebook.com/dis.pia.gov.ph/posts/pfbid02rR9YAzKBr2tA1wbcqmpGuZEDpvQb9jg7TtU4ze7JS97XkH6zwhso6oUD4VzEKfaNl"
,,,,,,,,,,,,,,,,,,,,"100064926720554","Disaster Information Service - Philippines","https://scontent-iad3-1.xx.fbcdn.net/v/t39.30808-1/313198148_499379358902951_88691280234451512_n.jpg?stp=cp0_dst-jpg_tt6&cstp=mx882x882&ctp=s40x40&_nc_cat=110&ccb=1-7&_nc_sid=2d3e12&_nc_ohc=Ioj-oV5VRBkQ7kNvwGg9lX2&_nc_oc=Ado5Mb_263DFXm8Tm7-Ga-jecgqt11y9nnzq1XMdOS9cBMy14GrGf8KUsBus-EivmmA&_nc_zt=24&_nc_ht=scontent-iad3-1.xx&_nc_gid=4tMk5RwxLNO9Ls6AdAcP2w&_nc_ss=7c2a8&oh=00_AQCHFticbewDQ4fxyuqTLJuwURN-g7bFeTwdwrk9ty3Bxw&oe=6A5FEFF1","https://www.facebook.com/dis.pia.gov.ph","0","893150987400265","Gerry Carual of Search and Rescue Unit Foundation (SARUF) on DZBB:
Re: Rescue operations sa mga lugar na naapektuhan ng bagyong Lando
-Mabagal mag-subside ang tubig dito (sa Nueva Ecija).
-May nakuha kami kanina na 13 miyembro ng dalawang pamilya (na na-trap dahil sa baha). Talagang magdamag silang walang kinain doon. 
-Hindi pa rin passable ang mga daan (sa Cabanatuan City).
-Mahangin, may ambon, at halos lahat ng tao ay naglalakad sa kalsada na hanggang tuhod pa rin ang tubig (sa Cabanatuan).
-May dalawang reported na missing sa Sta. Rosa (sa Nueva Ecija).
-Tatakbo kami ng Pangasinan. Bubunuin namin ang apat o limang oras. Yung mga hindi passable, pipilitin nating makatawid.",,,,,,,"0","0","1445245392000","https://www.facebook.com/dis.pia.gov.ph/posts/pfbid02Vy8Gv1tjkZQ979r1Ym1nLDJUG3BWdYDthzkeAE4rdCjniTc9mSjxboC5k8HPNfTBl"
,,,,,,,,,,,,,,,,,,,,"100006495844433","William Mccormack","https://scontent-iad3-1.xx.fbcdn.net/v/t39.30808-1/279131219_3614766068749886_150535692272078387_n.jpg?stp=c0.0.432.432a_cp0_dst-jpg_tt6&cstp=mx432x432&ctp=s24x24&_nc_cat=108&ccb=1-7&_nc_sid=1d2534&_nc_ohc=VW8uexBxMD4Q7kNvwHk5rzq&_nc_oc=AdqHWyeSOXX8Utv8SbLdewfhKhJShk8IFTxzOTt0dcF5elixs3AEZzDjJC2Lbe2mvyA&_nc_zt=24&_nc_ht=scontent-iad3-1.xx&_nc_gid=4tMk5RwxLNO9Ls6AdAcP2w&_nc_ss=7c2a8&oh=00_AQBJCf_Fe8MPtdPw8XpThfjoxY1Lu3UPkN7CbwsXnb60DA&oe=6A5FFF1A","https://www.facebook.com/chrysler.sled","0","626824794086660","Skinworkzs with these photos....ink-on",,,,,,,"0","0","1445217883000","https://www.facebook.com/groups/593815820720891/permalink/626824794086660/"
,,,,,,,,,,,,,,,,,,,,"100064926720554","Disaster Information Service - Philippines","https://scontent-iad3-1.xx.fbcdn.net/v/t39.30808-1/313198148_499379358902951_88691280234451512_n.jpg?stp=cp0_dst-jpg_tt6&cstp=mx882x882&ctp=s40x40&_nc_cat=110&ccb=1-7&_nc_sid=2d3e12&_nc_ohc=Ioj-oV5VRBkQ7kNvwGg9lX2&_nc_oc=Ado5Mb_263DFXm8Tm7-Ga-jecgqt11y9nnzq1XMdOS9cBMy14GrGf8KUsBus-EivmmA&_nc_zt=24&_nc_ht=scontent-iad3-1.xx&_nc_gid=4tMk5RwxLNO9Ls6AdAcP2w&_nc_ss=7c2a8&oh=00_AQCHFticbewDQ4fxyuqTLJuwURN-g7bFeTwdwrk9ty3Bxw&oe=6A5FEFF1","https://www.facebook.com/dis.pia.gov.ph","0","892974207417943","PIA-2/NUEVA VIZCAYA: Binaha kagabi ang flood-prone areas sa mga bayan dito dahil sa tuloy-tuloy na ulan ni 'Lando'. Dahil dito, dumami ang mamamayang nasa evacuation centers at naghihintay sa paghupa ng baha.",,,,,,,"0","0","1445210513000","https://www.facebook.com/dis.pia.gov.ph/posts/pfbid032soweosEwQXfJvYV9ymCfd3MZhX6UZxdqMbqyM4ZJJSz8Xc5fHHyzUhbeYm3EsAUl"
"No photo description available.","921991031187957","photo","https://www.facebook.com/photo/?fbid=921991031187957&set=a.137767628353151",,,,,,,,,,,,,,,,,"100063597435460","Sagradong Aklat","https://scontent-iad6-1.xx.fbcdn.net/v/t1.6435-1/119747892_3379862152067487_8754134138512061993_n.jpg?stp=cp0_dst-jpg_tt6&cstp=mx979x979&ctp=s40x40&_nc_cat=106&ccb=1-7&_nc_sid=2d3e12&_nc_ohc=oMQ33BN5u_wQ7kNvwGVajdk&_nc_oc=AdpzOpguOk-t5vNdBI6yWe-xbczqce8_NNvLvkG_iZcjXlhJu4cYp8tj0uWDtbGJAb8&_nc_zt=24&_nc_ht=scontent-iad6-1.xx&_nc_gid=4tMk5RwxLNO9Ls6AdAcP2w&_nc_ss=7c2a8&oh=00_AQAt8bwC_nPlJWyT23ULNCGMPuNZ7CU2SeG4DcSyCJdI_A&oe=6A81BCFD","https://www.facebook.com/sagradongaklatph","1","921991031187957","Sa sagradong Aklat na ito ang pag aaralan naman natin ay tungkol sa meditasyon, astral projection at premonisyon.
2 Corinto 12: 
Mga Pangitain at mga Pahayag
1 Kailangan kong magmalaki, kahit na wala akong mapapala sa paggawa nito. Ang sasabihin ko naman ngayo'y ang mga pangitain at mga pahayag mula sa Panginoon. 2 May kilala akong isang Cristiano na dinala sa ikatlong langit, labing-apat na taon na ang nakakalipas. Hindi ko lang matiyak kung iyo'y isang pangitain lamang, o tunay na pangyayari; ang Diyos lamang ang nakakaalam. 3 Inuulit ko, siya'y dinala sa Paraiso. At tulad ng sabi ko, ang Diyos lamang ang nakakaalam kung ito nga'y isang pangitain o tunay na pangyayari. 4 Nakarinig siya roon ng mga bagay na di kayang ilarawan ng salita at di dapat bigkasin ninuman. 5 Ipagmamalaki ko ang taong iyon, at hindi ang aking sarili, maliban sa aking mga kahinaan. 6 At kung ako'y magmalaki man, hindi ako lalabas na hangal, sapagkat totoo ang sasabihin ko. Ngunit hindi ko ito gagawin, sapagkat ayaw kong mag-isip ang sinuman nang higit tungkol sa akin kaysa kanyang nakita o narinig sa akin.
Ang meditasyon ay instrumento na nagbibigay-daan sa atin upang tumagos sa mga mas mataas na dimensyon at maka- punta sa superiyor na mundo. . Kaya ating dadalhin ang prosesong pang-kaisipan na iyon sa isang sandali ng pagtigil kapag sa wakas ay nakuha nating mapatigil ang pag-iisip iyon na ang punto kung saan ang esensiya ay makakawala at makakalaya. 
Kapag ito ay nakawala at nakalaya iyon na ang estado na kilala bilang banal na nasa lubos na kaligayahan, ang mistical na estado, ang sagradong kupita ng meditasyon. Iyon ang lugar na kung saan ang esensiya ay lubhang tumatagos ng mataas sa superiyor na dimensyon upang mapuntahan natin lampas ang mundo ng astral, lampas sa mundo ng kaisipan  at makapunta sa  talagang mataas na estado ng pag-iral.
2 Corinto 4:
18 Kaya't ang paningin namin ay nakatuon sa mga bagay na di-nakikita, at hindi sa mga bagay na nakikita. Sapagkat panandalian lamang ang mga bagay na nakikita, ngunit walang hanggan ang mga bagay na di-nakikita.
Alam natin na maraming mga mas mataas na dimensyon na umiiral sa itaas natin. Ang kaisipan ay isang bilangguan ng esensiya at ng kamalayan. Ito ay isang bilangguan na nilikha ng ating mga sarili. Sa pamamagitan ng  pag-kontrol sa kaisipan ng intelektwal na proseso  at sa pamamagitan ng meditasyon ay maaari mong mabuwag ang bilangguan, maaaring maputol ang pagkakatali, alisin ang mga tanikala, putulin ang mga pabigat na nagpapanatili sa atin pababa sa pisikal na dimensyon at hanapin ang ating mga sarili na tumatagos sa mas mataas na mga dimensyon.
Sa pamamagitan ng meditasyon idagdag pa ang pag-gising sa esensiya matututo kang kontrolin ang iyong kaisipan. Kaya ang meditasyon ay isang paraan para sa atin upang gisingin ang esensiya o diwa, iyun  ang dahilan kung bakit ang meditasyon ay ang araw-araw na tinapay ng matatalino. Ang araw-araw na meditasyon o ang regular na meditasyon ay nagbibigay-daan sa atin upang lumago at mabuo ang esensiya.
Iyon  ang susi ng karanasan na sinusubukang makamit ng mga tao talaga lang na kakaiba itong deskribihin ngunit tulad  ito ng isang maliit na patak ng tubig na inilagay pabalik sa dakilang karagatan. Ito ay tulad ng pagbubuklod pabalik sa dakilang karagatan at maging bahagi muli ng puwersang iyon.
O kaya nakita naman natin ang ating sarili tulad ng maliit na butil ng buhangin na inilagay pabalik sa dakilang dalampasigan. Kaya maaari na nating maramdaman ang lahat ng bagay sa ating paligid. Maaari tayong maging isa na pinag-sama sama sa buong sansinukob. Ito ay isang kakaibang karanasan; ito ay parang  tulad ng kaisa ang lahat ng bagay, at tulad ng ang Diyos ay nasa lahat ng dako.
At sa pamamagitan ng lubos na kaligayahan sa pananampalataya maaari nating maranasan ang tulad nito. Ang buhay na pinagsasamasamang pabalik sa pinagmulan ng lahat ng bagay. Maaari nating gamitin ang meditasyon bilang isang pinto para tuklasin ang mas mataas na mga dimensyon tulad ng astral projeksyon ngunit maaari rin tayong pumunta sa banal na kopita ng meditasyon kung saan ito ang directang karanasan sa katotohanan.
Sila ay simpleng tumatagos sa talagang mataas patungo sa mas mataas na mga dimensyon na tinatawag na lampas sa astral lampas sa kaisipan lampas sa kaustikong kalagayan ganap na tumatagos ng malalim sa mas mataas na mga dimensyon.
Tanging kapag ang prodyektor, sa ibang salita ang ""ako"" ay ganap na wala saka mangyayari ang katahimikan na hindi isang produkto ng kaisipan. Ang katahimikan ay walang pagkaubos, hindi ito oras, ito ay hindi masusukat. Saka lamang darating ang karapat-dapat.
Ang prodjector ay ang ego na responsable para sa mga walang katapusang kadena ng pag-iisip, ng mga imahe at ng mga bagay na sumisiklab sa pamamagitan ng ating walang tigil na kaisipan. 
Sa karamihan ng mga pag-aaral na kaugnay ng ""ako"" sa ego. Kapag ang ego ay maaaring lumiban saka lamang sasapitin ang ibang estado ng kamalayan, ang katahimikan na hindi produkto ng kaisipan.
Ang katahimikan ay walang pagkaubos, ito ay hindi oras, ito ay hindi masusukat. Tanging pagkatapos noon saka darating ang karapat dapat. 
Na maaari natin tawaging persepsyon ng katotohanan o maaari natin tawaging realidad. 
Ang ating kaisipan ay tulad ng isang kuwarto na puno ng mga taong sumisigaw para sa ating atensyon merong ilang libong mga tao sa silid at sa isang sulok ng kuwarto ay mayroong isang maliit na bata.
Iyong maliit na bata ay kumakatawan sa kamalayan at normal na hindi natin naririnig ang maliit na bata dahil ang mga tao ay sumisigaw. Gamit ang proseso ng meditasyon maaari nating isarado ang bawat isang tao sa kuwarto at maaari tayong tumuon sa kung ano ang gustong sabihin ng maliit na bata. Iyang Katahimikan ang magiging tinig ng mas mataas na sarili.
Ano ang layunin ng meditasyon? Ang meditasyon ay ang araw-araw na tinapay ng matalino. Tulad ng Panalangin ng Panginoon maaari nating makita ito bilang isang bagay na simple ngunit ito ay talagang mahirap unawaing panalangin. Bigyan kami sa araw na ito ng aming mga pang-araw-araw na tinapay.

Isa pang paraan ng pagtingin sa ating pang-araw-araw na tinapay sa sagradong kaalaman ay tumitingin tayo na ang meditasyon  ay tulad ng pisikal na pagpapakain upang panatilihin ang lakas ng katawan kailangan natin ang iba't ibang mga uri ng pagpapakain upang panatilihing kumakain ang esensiya ng kamalayan. At ang pagpapakain ng pagkain sa esensiya at sa kamalayan ay ang meditasyon. 
Ang meditasyon ay may lahat ng uri ng mga layunin at mga benepisyo mula sa isang pisikal na punto, ito ay kapaki-pakinabang sa pisikal at mental na pagpapahinga.
Makikita rin natin na ang meditasyon ay ginagamit bilang isang pinto upang galugarin ang mas mataas na mga dimensyon na kung saan maaari nating ma-puntahan ang iba't ibang mga estado ng kamalayan at makamit ang mas mataas na dimensyon.
Ito ay napaka-interesante dahil ngayon maraming ng sikologo at ang ilang mga medikal na propesyonal  ang halos nag-rereseta ng meditasyon para sa iba't ibang mga sakit tulad ng stress at mataas na presyon ng dugo.
Pinapayagan tayo ng meditasyon na makakuha ng mas malawak na kamalayan para sa ating mga sarili at pag-aralan ang ating mga sarili ng higit pang matindi, na nagbibigay-daan sa atin upang pag-aralan pati na rin ang ating mga ego.

Sa proseso ng meditasyon pinapayagan tayong isara ang ego at makipag-komunikasyon ng higit pang mas mataas sa ating sarili. Pinapayagan tayong makarating sa isang iba't ibang mga pananaw na nasa loob ng ating sarili.
Maaari rin nating gamitin ang meditasyon upang makarating sa mas malalim na pag-unawa sa mga aral sa pamamagitan ng pagdadala ng kaalaman mula sa diwa sa kamalayan na kung saan maiintindihan natin ang totoong kahulugan.
Kapag binabasa mo ang bibliya at iba pang dakilang mga libro sa mundo hindi sila  isinulat para sa isang tiyak na ayos, hindi sila sinadyang literal na maintindihan.
Maraming mga problema sa daigdig dahil may mga taong nagtatakang kunin ang dakilang mga aral sa bibliya at pagkatapos ay magbibigay sila ng pansariling literal na interpretasyon. Kukumbinsihin ang mga nakikinig na ang paliwanag niya kasama ang paglipat lipat sa mga kabanata ang pinaka-tama.
Ang paraan ng pagkakasulat ng mga dakilang aklat na ito ay para sadyang lagpasan ang intelektwal at makipag-usap ng direkta sa kamalayan. 
Sa pamamagitan ng pag-meditate sa iba't-ibang berso o mga kabanata o seksyon ng mga dakilang aklat sa mundo makakayang sipsipin ng ating kamalayan sa paraan ng pagkakasulat ng mga impormasyon sa libro at marating ang iba't ibang mga kahulugan ng makarating sa mas malalim na pang-unawa.
Karamihan ng mga pinakadakilang aklat sa mundo ay simpleng hindi ginawa upang mabasa ng tulad ng nobela, sila ay nakalaan lamang upang imeditasyon.
Sila ay nakalaan lamang para basahin, ang mga berso o ang mga kabanata sa isang pagkakataon at pagkatapos ay magpapalipas ng oras ng pagmumuni-muni, imemeditasyon upang makarating sa totoong kahulugan at kukunin ang kaalaman  at isasama ito sa ating kamalayan sa pamamagitan ng paglagos sa intelek at magbibigay-daan sa aklat upang direktang makipag-usap sa ating kamalayan .
Habang ang ating ego ay aktibo ang mangyayari  kapag binabasa natin ang isang aklat  tulad ng bibliya. Itong ego ang nagbibigay-kahulugan kaya ang resulta ay ang sariling isip natin ang nagbibigay ng kahulugan.
Ang gusto nating mangyari ay lampasan ang mga intelek at dalhin ang kaalaman direkta sa kamalayan. Ang kaalaman ay maging bahagi  ng iba't ibang mga antas. Ang meditasyon ay isang kapaki-pakinabang na kasangkapan para doon.
Isa sa mahalagang bagay na sinusubukan ng mga tao na makamit sa pamamagitan ng meditasyon ay maranasan ang relihiyosong kaligayahan, o ang karanasan ng katotohanan.

Maaari nating gamitin ang meditasyon bilang isang pinto para tuklasin ang mas mataas na mga dimensyon tulad ng astral projeksyon ngunit maaari rin tayong pumunta sa banal na kupita ng meditasyon kung saan ito ang direct karanasan ng katotohanan. Sila ay simpleng tumatagos ng mataas sa mas mataas na mga dimensyon na tinatawag na lagpas sa astral, lagpas sa kaisipan, lagpas sa kaustik na antas tumatagos ng malalim sa mas mataas na mga dimensyon.
Ezekiel 1: 1-28
Ang Pangitain Tungkol sa Kaluwalhatian ng Diyos
               1 Akong si Ezekiel ay isa sa mga dinalang-bihag sa baybay ng Ilog Kebar. Noong ikalimang araw ng ikaapat na buwan ng ikatatlumpung taon, nabuksan ang langit at isang pangitain mula sa Diyos ang aking nakita. 2 Ikalimang araw noon ng ikaapat na buwan ng ikalimang taon ng pagkatapon kay Haring Jehoiakin. 3 Ako na isang pari at anak ni Buzi ay nasa Babilonia sa baybayin ng Ilog Kebar nang magpahayag sa akin si Yahweh. 
               4 Nang ako'y tumingala, naramdaman ko ang malakas na hanging nagmumula sa hilaga at nakita ko ang makapal na ulap na naliligid ng liwanag. Tuwing kikidlat, may isang bagay na kumikislap, parang makinang na tanso. 5 Sa sentro ng bagyong ito, may apat na nilalang na buhay na anyong tao. 6 Sila'y may tig-aapat na mukha at pakpak. 7 Tuwid ang kanilang mga binti. Ang mga paa nila'y parang paa ng guya at tila makinang na tanso. 8 Nasa ilalim ng kanilang mga pakpak ang kanilang mga kamay na parang kamay ng tao. 9 Magkakadikit ang kanilang mga pakpak. Hindi na sila kailangang pumihit saanman nila gustong pumunta sapagkat nakaharap sila kahit saan. 10 Sa harap, mukha silang tao. Sa kanang tagiliran, mukhang leon. Sa kaliwa naman ay mukha silang toro at mukhang agila sa likuran. 11 Ang tig-dalawa nilang pakpak ay nakabukang pataas at magkaabot ang dulo. Ang tig-dalawa naman ay nakatakip sa kanilang katawan. 12 Hindi na nga sila kailangang pumihit saanman nila gustong pumunta sapagkat nakaharap sila sa lahat ng dako. 13 Sa gitna nila ay may naglalagablab na apoy na parang sulo, at nagpapalipat-lipat sa apat na nilalang na buhay. Maningning ang liwanag niyon at pinagmumulan ng kidlat. 14 Ang apat na nilalang ay nagpaparoo't paritong simbilis ng kidlat. 
               15 Nang tingnan kong muli ang apat na nilalang, may nakita akong tig-isang gulong sa tabi nila. 16 Ang mga ito ay kumikislap na parang topaz. Iisa ang ayos nila at parang ang isa'y nakapaloob sa isa. 17 Ang mga ito'y hindi na kailangang ipihit saanman ito gustong pagulungin pagkat nakaharap kahit saan. 18 Ang bawat gulong ay puno ng mga mata sa palibot. 19 Paglakad ng apat na nilalang, kasunod ang mga gulong. Kapag sila'y tumaas, tumataas din ang mga gulong. 20 Saanman gumawi ang apat na nilalang ay kasunod ang apat na gulong pagkat ang apat na nilalang ang nagpapagalaw sa apat na gulong. 21 Kaya paglakad ng apat na nilalang, lakad din ang mga gulong. Pagtigil naman, tigil din sila. Pagtaas, taas din sila. Anuman ang gawin ng apat na nilalang ay ginagawa ng apat na gulong. 
               22 Sa ulunan ng apat na nilalang, naroon ang isang bubungang tila kristal. 23 Sa ilalim nito'y magkakaabot na nakabuka ang tigalawang pakpak ng apat na nilalang, at ang tigalawa'y nakatakip sa kanilang katawan. 24 Nang sila'y lumipad, parang lagaslas ng malaking baha ang dinig ko sa pagaspas ng kanilang mga pakpak; parang ugong ng tinig ng Diyos na Makapangyarihan, parang ragasa ng isang malaking hukbo. Nang sila'y tumigil, ibinaba nila ang kanilang mga pakpak. 25 At mula sa ibabaw ng bubungan, narinig ang isang malakas na tinig. Nang tumigil nga ng paglipad ang apat na nilalang, binayaan nilang nakalaylay ang kanilang mga pakpak. 
               26 Sa ibabaw ng bubungan, naroon ang tila tronong yari sa safiro at may nakaupong parang isang tao. 27 Mula sa baywang nito pataas ay may nagniningning na tila makinis na tanso. Sa ibaba naman ay may nakapalibot na apoy na nakakasilaw, 28 na ang kulay ay parang bahaghari. 
               Ganyan ang katulad ng kaluwalhatian ni Yahweh. Nang makita ko ito, ako'y nagpatirapa, at may narinig akong tinig. 
Iyan  ang susi ng karanasan na tinatangka ng mga tao na makamit. Ito ay kakaibang bagay upang ilarawan ngunit ito ay tulad ng isang maliit na patak nainilagay sa dakilang karagatan. Ito ay tulad pagbubuklod pabalik sa napakalawak na karagatan at maging bahagi muli ng puwersang iyon. O kaya naman nakita natin ang ating sarili na katulad ng maliit na butil ng buhangin na idedepositong pabalik sa isang kahanga hangang dalampasigan. Kaya maaaring maramdaman ang lahat ng bagay sa paligid natin. Maaari tayong maging isang isinama sa buong uniberso.
Ito ay isang kakaibang karanasan, ito ay maaaring itulad na ang isa ay nasa lahat ng bagay tulad ng Diyos ay nasa lahat ng dako at nasa lahat ng bagay. At sa pamamagitan ng relihiyon sa lubos na pagkalugod maaari nating maranasan ng kung ano ang katulad. Ang buhay na isinama pabalik sa pinagmulan ng lahat ng bagay.
Ezekiel 8: 1-18
Ang Pangitain Tungkol sa Kasuklam-suklam na Gawain ng Israel
               1 Ikalimang araw ng ikaanim na buwan ng ikaanim na taon. Kaharap ko noon sa aming bahay ang pinuno ng Juda nang ako'y lukuban ng kapangyarihan ng Panginoong Yahweh. 2 Nagkaroon ako ng pangitain. May nakita akong parang tao. Ang ibaba ng kanyang baywang ay parang apoy at sa itaas ay maningning na parang makinis na tanso. 3 Nakita kong iniunat ang tila kamay. Hinawakan ako nito sa buhok at itinaas sa kalagitnaan ng langit at ng lupa. Dinala ako sa Jerusalem, sa pagpasok sa patyo, sa gawing hilaga, sa may kinalalagyan ng rebulto na naging dahilan ng paninibugho ni Yahweh. 4 At naroon ang kaluwalhatian ng Diyos ng Israel, tulad ng nakita ko sa pangitain sa kapatagan. 
               5 Sinabi sa akin ni Yahweh, ""Ezekiel, anak ng tao, tumingin ka sa gawing hilaga."" Tumingin nga ako at sa pagpasok sa altar ay nakita ko ang diyus-diyosang sanhi ng kanyang paninibugho. 6 Sinabi niya sa akin, ""Nakita mo na ang kasuklam-suklam na bagay na ginagawa ng bayang Israel upang ako'y palayasin sa aking santuwaryo? Higit pa riyan ang ipapakita ko sa iyo."" 
               7 At dinala niya ako sa may pinto ng patyo. Ang nakita ko'y isang butas sa pader. 8 Sinabi niya sa akin, ""Lakihan mo ang butas ng pader."" Gayon nga ang ginawa ko at may nakita akong pinto. 9 Sinabi niya sa akin, ""Pumasok ka at tingnan mo ang kasuklam-suklam nilang gawain."" 10 Pumasok nga ako at sa palibot ng pader ay nakita ko ang larawan ng lahat ng hayop na gumagapang, nakakapandiring mga halimaw, at ang iba't ibang diyus-diyosan ng Israel. 11 Sa harap ng mga ito, nakatayo ang pitumpung matatanda ng Israel sa pangunguna ni Jaazanias na anak ni Safan. Bawat isa'y nagsusunog ng insenso. 12 Sinabi sa akin ni Yahweh, ""Ezekiel, anak ng tao, nakita mo ang ginagawa nila sa madilim na silid na ito? Sinasabi pa nilang hindi ko sila makikita roon sapagkat wala ako roon. 13 Masahol pa riyan ang makikita mo."" 
               14 Dinala niya ako sa pintuan sa hilaga ng pagpasok sa Templo, at doo'y may mga babaing nananangis para kay Tamuz. 15 Sinabi sa akin ni Yahweh, ""Nakikita mo ba iyan? Masahol pa riyan ang makikita mo."" 
               16 Dinala niya ako sa patyo sa loob ng Templo. Sa pagitan ng balkonahe at ng altar ay may nakita akong mga dalawampu't limang tao. Nakatalikod sila sa Templo, nakaharap sa silangan at sumasamba sa araw. 17 Sinabi sa akin ni Yahweh, ""Nakikita mo ba iyan? Maliit na bagay ba ang ginagawa ng sambahayan ng Juda na punuin ng karahasan ang buong lupain? Lalo lang nila akong ginagalit sa ginagawa nilang iyan. 18 Kaya nga, paparusahan ko sila. Wala akong patatawarin ni isa man sa kanila. Dumaing man sila sa akin, hindi ko sila diringgin."" 
Ano ang layunin ng meditasyon? 
Ang meditasyon sa isang pangunahing antas ay nagsisilbing magpatahimik ng panloob na pakikipagdaldalan na sanhi ng ego at iyon ang iyong pinakamalaking hamon. Ang meditasyon ay simpleng pagpapatahimik ng kaisipan.  Hindi mo maaaring mapatahimik ang iyong kaisipan hanggang sa hindi mo aktwal na subukang  gawin ito.
At gamit ang mga diskarte sa meditasyon, ito ay talagang isang instrumento para lamang sa konsentrasyon. Ang buong layunin ng konsentrasyon ay gumawa ng kontrol sa intelektwal na proseso. Upang mapatahimik ang  walang katapusang tren ng mga pag-iisip na dumadating sa isang iba't ibang mga estado ng diwa, at ng ibang mga estado ng kamalayan.

Kapag pinatahimik natin ang ating kalooban parehas iyan sa hindi pagkilala sa mga pag-iisip ng ego magagawa nating hindi manatili sa na-aantok na estado. Tinalakay natin ang 3 mga proseso ng estado ang pagkakakilanlan, pagkahalina at pagkatapos ay ang pagtulog.
Ang ego ay nagpapasok ng mga iisipin o ng mga imahe sa ating kaisipan at  nakikilala natin sila  na nagiging isang distraksyon pagkatapos magsisimula tayong mahalina kaya nag-iisip tayo tungkol dito, magpapantasya tayo, mangangarap tayo, magpaplano tayo ng buong oras ang proseso ay nangyayari ang kamalayan ay mahihimbing na at nakakatulog.
Ang pagkilala, pagkahalina, at ang pagtulog. Ang lahat ng mga pag-iisip ang mga imahe na nakikita ay hindi pinipili ng iyong kaisipan sila ay kumikilos bilang isang distraksyon.
Nakipagkilala ka sa kanila na magdudulot sa iyong mahalina sa kanila. Kapag nahalina ka sa kanila ikaw ay tinanggal mula sa kasalukuyan sandali. Ikaw ay tinanggal palabas mula sa walang hanggang sandali. Makikita mo ang iyong sarili pabalik sa nakaraan, binubuhay ang iyong memorya at nakalipas na karanasan o nakita mo ang iyong sarili nalubak sa hinaharap.
Tumatanggi, nangangarap, nagpaplano at nagmumuni-muni sa parehong bagay na maaaring mangyari. Ang buong panahon na nagaganap iyon ang  iyong kamalayan ay mahimbing na natutulog. 
At ang buong landas patungo sa pag-gising ng kamalayan ay nagsisimula sa pamamagitan ng pag-unawa sa kung paano i-sarado ang ego.
Ang hindi pagtulog ay katumbas ng estado ng gising na kamalayan at iyon ang sinusubukan nating makamit. Upang gisingin ang kamalayan  kailangan nating alisin  ang tinatawag nating walang pagtulog na estado ang ego ang hindi totoong sarili. Ang kamalayan ay kumakatawan sa tunay na sarili, ang mas mataas na sarili. Kailangan nating isara ang ego upang direktang gumana sa ating kamalayan.
Kaya sa kabalintunaan ang meditasyon kahit na ito ay payapa at nakakarelaks sa pisikal na katawan minsan sa ilang sandali tayo ay bumababa sa estado ng pagtulog. Tayo ay talagang gumigising ng kamalayan sa pamamagitan ng meditasyon. 
Ang tatlong hakbang na proseso, pagkilala, pagkahalina at pagtulog. Ang karapat-dapat sa panahon ng meditasyon ay hindi tayo dapat makipagkilala sa ating naiisip at sa mga imahe na inilalabas ng ating iniisip.
Gusto nating makita ang mga iniisip at mga imahe tulad ng mga sasakyan sa kalye, sila ay simpleng lumalampas sa atin hindi tayo nakikipagkilala sa kanila. Tulad ng ulap na naaanod ng kalangitan.
Karaniwan ang nangyayari habang nakikita nating dumadaan ang mga kotse sa isang normal na estado ng pag-iisip ay upang kilalanin ang isa sa mga kotse buksan ito sumakay sa loob at pumayag tayong isama sa biyahe. Hayaan ang ego ang magdala sa atin sa isang lugar sa nakaraan o sa hinaharap ngunit aalisin tayo mula sa kasalukuyan sandali.
Ang gusto nating gawin ay simpleng pabayaang dumaan ang kotse ng walang pagkilala sa kanila. Sa pamamagitan ng pagpapanatili ng ating konsentrasyon sa pamamagitan ng pagpapanatili sa ating pocus sa anumang mga kasanayan ito ay kusang mangyayari at makukuha nating makarating sa mataas nating pagkakalikha.

Sinabi ng isang Dtef master na ang pinaka-mataas na paraan ng pag-iisip ay ang hindi pag-iisip. Ang pinaka-mataas na porma ng pag-iisip ay ang walang iniisip. At ito ay tunay na isang kakaibang bagay upang ilarawan dahil marami tayong iniisip na pumupunta sa ating kaisipan. Maaaring ipagpalagay natin ang mga emosyon at mga imahe na lumilipad sa ating mga isip sa isang ibinigay na oras na talagang mahirap na isipin kung ano itong walang iniisip.

Mateo 6:
    31 ""Kaya't huwag kayong mag-isip baka kayo kapusin sa pagkain, inumin o damit. 32 Hindi ba't ang mga Hentil ang nababahala tungkol sa mga bagay na iyan? Alam na ng inyong Ama na nasa langit na kailangan ninyo ang lahat ng iyan. 33 Ngunit higit sa lahat ay pagsikapan ninyo na kayo'y pagharian ng Diyos e at mamuhay nang ayon sa kanyang kalooban, at ibibigay niya sa inyo ang lahat ng inyong pangangailangan. 
               34 ""Kaya nga, huwag ninyong ikabalisa ang para sa araw ng bukas; dahil ang bukas ang bahala sa sarili nito. Sapat na ang inyong mga suliranin sa bawat araw."" 
Pahayag 19:
9 At sinabi sa akin ng anghel, ""Isulat mo ito: mapalad ang mga inanyayahan sa kasalan ng Kordero."" Idinugtong pa niya, ""Ito ay tunay na mga salita ng Diyos.""
               10 Nagpatirapa ako sa kanyang paanan upang sambahin siya, ngunit sinabi niya sa akin, ""Huwag! Ako ma'y alipin ding tulad mo at tulad ng ibang mga mananampalatayang nagpatotoo tungkol kay Jesus. Ang Diyos ang sambahin mo, sapagkat ang katotohanang ipinahayag ni Jesus ay siyang diwa ng lahat ng ipinahayag ng mga propeta!""
Ang Nakasakay sa Kabayong Puti
               11 Pagkaraan nito'y nabuksan ang langit, at nakita ko ang isang kabayong puti. Ang sakay nito'y tinawag na Tapat at Totoo, sapagkat matuwid siyang humatol at makipagdigma. 12 Parang nagliliyab na apoy ang kanyang mga mata, at napuputungan siya ng maraming korona. Nakasulat sa kanyang katawan ang pangalan niya, ngunit siya lamang ang nakakaalam ng kahulugan niyon. 13 Puno ng dugo ang kanyang kasuotan at ang tawag sa kanya ay ""Salita ng Diyos."" 14 Sumusunod sa kanya ang mga hukbo ng langit, na nakadamit ng malinis at puting lino at nakasakay rin sa mga kabayong puti. 15 May matalim na tabak na lumabas sa kanyang bibig upang gamitin niyang panlupig sa mga bansa. Mamamahala siya sa mga ito sa pamamagitan ng tungkod na bakal at paaagusin mula sa pisaan ng ubas ang alak ng poot ng Diyos na Makapangyarihan sa lahat. 16 Nakasulat sa kanyang kasuotan at sa kanyang hita ang ganitong pangalan: ""Hari ng mga hari at Panginoon ng mga panginoon.""
               17 Nakita ko naman ang isang anghel na nakatayo sa araw. Tinawag niya ang mga ibon sa himpapawid, ""Halikayo, at magkatipon sa malaking handaan ng Diyos! 18 Kainin ninyo ang laman ng mga hari, ng mga kapitan, ng mga kawal, ng mga kabayo at ng kanilang mga sakay. Kainin din ninyo ang laman ng lahat ng tao, alipin at malaya, hamak at dakila!""
               19 At nakita kong nagkatipon ang halimaw at ang mga hari sa lupa, kasama ang kanilang mga hukbo upang kalabanin ang nakasakay sa kabayo at ang hukbo nito. 20 Nabihag ang halimaw, gayundin ang huwad na propeta na gumawa ng mga kababalaghan sa harap ng halimaw upang dayain ang mga taong may tanda ng halimaw at sumamba sa larawan nito. Ang halimaw at ang huwad na propeta ay inihagis nang buhay sa lawa ng apoy na nagliliyab sa asupre. 21 Ang kanilang mga hukbo ay pinatay sa pamamagitan ng tabak na lumabas sa bibig ng nakasakay sa kabayo. Nabusog nang husto ang mga ibon sa pagkain ng kanilang mga bangkay.
Nakatatawa kung ating iisipin ang isang estado ng walang iniisip. Parang nakakainip doon. Parang walang mangyayari doon. Pero sa totoo ito ay eksaktong kabaligtaran, kapag nagagawa nating isara ang proseso ng pag-iisip maaari nating matuklasan ang ibang bagay na matagal ng nandoon sa likuran na hindi natin napapansin.
Ito ay isang higit na mas mataas na estado ng pag-iral o pagkakalikha. Ito ay higit na mas mataas na estado ng kamalayan. Ang pinaka-mataas na estado ng bagay ay nangyayari kapag sinarado natin ang intelektwal na sentro.
Kapag sinarado natin ang ego na patuloy na nagpapadala ng lahat ng mga iniisip at mga imahe sa tabing ng ating mga kaisipan. Kapag maaari nating isara ang mga ito maaari nating maranasan ang mas mataas na estado ng ating pagkatao, ang mas mataas na porma ng kamalayan.

Mayroong koneksyon sa pagitan ng meditasyon at ng ego na ating galugarin. Kapag nakamit natin ang hindi pag-iisip at katahimikan ng kaisipan doon ang ego ay nagiging wala. Kapag pinatahimik natin ang kaisipan talagang ang sinasabi ay isarado ang pang-labas ng ego, patahimikin ang ego o payagan ang kamalayan na kumuha ng kontrol sa intelektwal na sentro.
Karaniwan ang kaisipan ang intelektwal na sentro ay isang kasangkapan ng ego na lumilikha ng halos sa 30-40,000 na mga pag-iisip ng isang karaniwang tao na nararanasan sa loob ng isang araw.
Ang gusto nating gawin ay maibalik ang kontrol  sa intelektwal na sentro at ibigay ito sa kamalayan upang makamit ang iba't ibang mga estado ng kamalayan.
Kapag makamit natin ang hindi pag-galaw at katahimikan ng kaisipan na ang ibig sabihin kapag hininto natin ang  pagkilala sa ego at ating isa-aktibo ang kamalayan doon makakamit natin ang iba't ibang mga estado na  kung ano ang sinusubukan nating gawin sa meditasyon.
Tanging sa kawalan ng ego makakayang makaranas ng lubos na kaligayahan at ng tunay na kapayapaan. Tanging sa kawalan ng ego lamang maaaring nating maranasan ang tunay at totoo. Tanging sa kawalan ng ego lamang maaaring nating maranasan ang katotohanan. Iyon ang isang bagay na dapat nating marating sa loob ng ating sariling kamalayan.
Iyon ang dahilan kung bakit hindi natin makokontrol kung ano ang katotohanan, iyon ang dahilan kung bakit hindi natin maaaring makita kung paano makarating sa katotohanan ito ay isang bagay na kailangan nating gawin sa ating sarili dahil ang ego ay kailangang maging wala.
Kailangan mong matutunang isarado ang iyong ego para direktang gumana sa iyong kamalayan. Dahil sa kamalayan lamang tayo  pwedeng makarating at maranasan ang tunay na kapayapaan. Mararamdam mo ang pakiramdam ng katiwasayan ng pag-ibig at lubos na kaligayahan. 
Sa kawalan lamang ng ego o pagpapahalaga sa sarili  maaari nating maunawaan ang realidad, maaari nating maintindihan ang katotohanan.
Kapag ang ego ay wala ang esensiya natin ay maaaring makawala at pasukin ang superior o mas mataas na mundo.
Kapag ang isip ay nasa isang walang kibong estado at nasa estado ng pagtanggap, ganap na hindi kumikibo at nasa katahimikan ang esensiya ay nakakalaya mula sa kaisipan at saka dumarating ang lubos na kaligayahan.
Naalala mo ba ang kuwento ni Aladdin at ang lampara. Noong makita ni Aladdin ang lampara at hagurin niya ito ang mahiwagang nilikha ang genie sumiklab palabas.
Tandaan na ito ay analohiya lamang ang relasyon sa pagitan ng mga mas mataas na sarili, ang kaluluwa, ang kamalayan. Ang mga ito talaga ay nangangahulugan ng parehong mga bagay at ang ego.
Ang lahat ng mga iba't-ibang ego na nabitag natin sa ating kamalayan ay nakabitag din sa banal na kislap na nasa loob natin. Ang ginagawa natin sa pamamagitan ng meditasyon ay ang isarado ang mga ego para payagan natin ang esensiya na makalaya. Iyon ay tulad ni Aladdin ng hinahagod ang lampara.

Ang paghagod ni Aladdin sa lampara ay analohiya para sa meditasyon ang nangyayari ay ang mahiwagang nilikha ay  lumalabas sa lampara, ang lampara ay kumakatawan sa presensiya ng ego ang mahiwagang nilikha ang genie ay kumakatawan sa esensiya para sa kamalayan.
Ang ego ay katulad ng isang bigat, o isang kadena o isang angkla na nagpapanatili sa esensiya na nakatali sa pisikal na kalagayan kapag natutunan nating mapatahimik ang isip kapag natuto tayong i-sarado ang ego, ang esensiya ay maaari palayain ang kanyang sarili at ang una ang esensiya ay nagagawang sumanib sa kanyang sarili  pabalik sa mas mataas na mga dimensyon.
At ito ay isang proseso na tayo ay ganap na may kaalaman. Alam natin kapag ito ay nangyayari, alam natin kapag iniwanan natin ang ating katawan at tumagos sa iba't ibang estado ng kamalayan. Kapag pumunta tayo sa mas mataas na dimensyon matututunan natin ang mga bagay, maaari tayong makatanggap ng mga mensahe na maaari nating magawa doon pagkatapos tayo ay bumabalik pabalik sa pisikal na katawan pinapanatili natin ang memorya ng lahat ng bagay na nakita natin, natutunan, at ginawa, matapos tayong makalabas doon.
Kaya kapag sinarado natin ang ego, pinapayagan natin ang esensiya na makalaya mismo at pumunta sa isang iba't ibang mga estado, patataasin ang ating sarili sa ibang antas ng kamalayan.
Kapag ang kaisipan ay tahimik at nasa estado ng pag-tanggap, alam natin na nangangahulugan ito na hindi reaktibo ang ego. Ang normal na estado ng kamalayan ay napaka-reaktibo sa pamamagitan ng pagpapatahimik ng kaisipan para makapagtrabaho kasama ang kamalayan ay dapat na tahimik at tumatanggap, hindi ito reaktibo tulad ng nakikita sa ego ganap na hindi kumikilos at nasa katahimikan ang esensiya ay nakakalaya mula sa isip at ang lubos na kaligayahan ay lumabas. Ang lubos na kaligayahan ay ang karanasan ang esensiya na sumasanib mismo sa mas mataas na mga dimensyon.
Ang meditasyon ay isang estado ng walang iniisip. Ito  ang tanging paraan upang gisingin ang esensiya, ito  ang tanging paraan upang palayain ang esensiya. Ito ay tulad ng isang pag-eehersisyo para sa esensiya, ang esensiya ay kapareho ng kamalayan, ang parehong bagay ng mas mataas sa sarili, parehong bagay ng banal na kislap, parehong bagay sa kaluluwa kaya maraming mga salita upang ilarawan ang parehong karanasan.
Kaya ang meditasyon ay isang paraan para sa atin upang gisingin ang esensiya, ito ang dahilan kung bakit ang meditasyon ay ang araw-araw na tinapay ng matalino. Ang meditasyon araw-araw o ang regular na meditasyon ay nagbibigay-daan sa atin upang mapalago at mapaunlad pati ang ating esensiya.
Ang esensiya ay kilala rin bilang  kamalayan. Kaya ang kamalayan, esensiya, mas mataas sa sarili, banal na kislap, kaluluwa, tanging ang ibig sabihin nito ay ang parehong bagay. Mayroong iba't ibang mga kultura sa buong mundo kung saan inilarawan ang prinsipyo na makikita sa loob natin sa iba’t ibang paraan. Maaari mong isipin na ito bilang puwersa ng buhay sa likod ng lahat ng bagay . Maaari mong isipin na ito bilang karikatura ng punong-guro. Ito ay nangangahulugan ng parehong mga bagay.
Para tayo ay mamalagi kinakailangan nating humugot ng enerhiya mula sa isang mas mataas na lugar, ang enerhiya mula sa isang mas mataas na lugar ay ang esensiya. Ito ang koneksyon na mayroon tayo sa mga banal. Ito ay ang koneksyon na mayroon tayo ng kahit anupaman ang lumikha ng uniberso. Ang pinagmulang punto ng lahat ng bagay.
Sa pamamagitan ng meditasyon idagdag pa ang pag-gising ng esensiya matututo kang i-kontrol pati na rin ang iyong kaisipan. At iyon ang problema na mayroon tayo sa ating kaisipan sa ngayon kapag ito ay nagiging kasangkapan ng ego, ito ay isang bagay na wala tayong kontrol. Natatagpuan nating mahirap na kontrolin ang intelektwal na proseso.
Ito ay talagang mahirap pahintuin ang walang katapusang prosesyon ng mga pag-iisip.  Kung ikaw ay halimbawa isang mapag-alala tao talaga mahirap na pahintuin ang pagbigyan ang meditasyon dapat tayong matutong kontrolin ang ating pag-iisip at simulan mangibabaw dito.
Ang pagkakaroon ng kontrol sa ating kaisipan, ang mental na kumokontrol ay nagpapahintulot sa atin  ikadena ito na nililikha ng isip.
Ang isipan ay isang bilangguan sa esensiya at ng kamalayan. Ito ay isang bilangguan na nilikha ng ating mga sarili. Sa pamamagitan ng mental na kontrol sa intelektwal na proseso sa pamamagitan ng paggamit ng meditasyon maaari mong sirain ang bilangguan, maaari nating putulin ang matinding mga relasyon, alisin ang mga kadena, putulin ang bigat na nagpapanatili sa atin pababa sa pisikal na dimensyon at makita ang ating mga sariling tumagos sa mas mataas na mga dimensyon.
Upang makakuha ng kaalaman at karanasan na naghihintay sa atin doon sa itaas.
Kapag ang pag-iisip ay nasa ilalim ng control, ang iluminasyon ay kusang loob na dumarating. Ito ay isang simpleng pangungusap ngunit mayroong mahalagang bagay na dapat maunawaan dito.

Kapag inisip natin ang meditasyon iniisip nating subukang mailagay ang ating mga sarili sa mas mataas na mga dimensyon, ang meditasyon ay simpleng kontrolin ang intelektwal na sentro.
Ang ating trabaho, ang ating gawain ay mapatahimik ang pag-iisip, sa sandaling ang pag-iisip ay lubos na tahimik doon ang iba't ibang mga estado ng kamalayan ay awtomatikong dumarating dahil palagi itong andoon hindi mo lang magawang pansinin ito dahil sa lahat ingay na nasa likuran.
Tulad ng isang bata sa loob ng isang kuwarto na may isang daang tao na nakikipag-usap sa iyo ang maliit na bata ay nagsasalita ng buong oras hindi mo lamang marinig, kung patatahimikin natin ang lahat ng tao sa kuwarto saka maaari na nating marinig ang bata.
Hindi natin magagawang magsalita ng malakas ang  bata kailangan nating patahimikin ang lahat ng mga tao sa kuwarto para tumutok sa kung ano ang laging naroon.
Ang meditasyon ay parehong uri ng isang bagay kung lalapitan natin ito sa parehong paraan na ito. Trabaho natin ang makakuha ng kontrol sa intelektwal na proseso, trabaho natin ang patahimikin ang isip.
Sa sandaling ang isip ay nasa walang kibong tumatanggap na estado saka ang pag-aalis at ang esensiya ay makakalabas ng kusa. Wala na tayong dapat gawin kung hindi pakawalan ang esensiya. Wala na tayong dapat gawin upang maranasan ang pag-aalis, ito ay sa sarili nitong pagkukusa basta patahimikin natin ang ating pag-iisip.
Kaya hindi natin dapat ilagay ang ating sarili sa mas mataas na mga dimensyon wala na tayong aktwal na dapat gawin. Ang dapat nating gawin ay matutong patahimikin ang isip iyan ang unang hakbang patahimikin ang isip sa pamamagitan ng konsentrasyon.
Kailangan nating palakasin ang ating konsentrasyon dahil sa pamamagitan ng konsentrasyon makukuha nating ikontrol ang intelektwal na proseso sa sandaling dalhin natin ang ating mga sarili sa antas na kung saan maaari tayong mag-pokus at manatilihing konsentrated para sa pinalawig na tagal ng panahon saka kusang aalis para makipagkaisa. 
Ang ating kaisipan ay isang bilanggo- kailangan tayong mangibabaw sa ating isip kung gusto nating maging independiente rito. Sa kasamaang-palad tayo ay nahuhulog sa ganitong uri ng bitag kapag iniisip natin na ang ating kaisipan ang kumokontrol sa atin, ang mga naiisip, ang mga damdamin sa mga bagay na nalikha ang lahat ay tila mula sa labas natin at iyon ay isang bagay na mukhang wala tayong control. 
Iyon ang dahilan kung bakit minsan tayo ay mayroon kondisyong nagbabago. Kailangang tingnan natin ito sa ganitong paraan ang isip ay nasa bilangguan wari bang nais na makawala kailangan natin matutunang dominahin ito at ang susi para dominahin ang isip ay simpling pwersa ng kalooban o will power, ang lakas at will power ay nangangailangan ng pagsasanay upang matutong ma- kontrol ang ating isip.
Katulad ito ng kung nais mong matutong tumugtog ng piano kailangan mo ng willpower para aktuwal na matutunan at pagkatapos ay mag-uumpisa sa kasanayan. Anuman ang kadalubhasahan na gusto mong makuha ito ay isang bagay ng willpower at tiyaga upang makarating sa iyong layunin.
Kontrolin ang isip ay pareho niyan. Ito ay isang bagay na maaaring gawin ninuman na nagnanais na magsakripisyo ng oras upang matuto nang ilang mga diskarte at magtiyaga sa mga pagpraktis upang umunlad sa mga diskarte.
Ito ang simbolismo sa likod ni Jesus ng nakasakay siya papuntang Jerusalem sa isang donkey sa Linggo ng Palaspas. Kung titingnan ang kuwento sa bibliya na si Jesus ay nakasakay sa donkey papuntang Jerusalem noong Linggo ng palaspas at makikita natin ang ilang mahahalagang simbolismo dito. Ang donkey ay palaging isang sinaunang simbolo para sa kaisipan dahil ang donkey ay palaging maling kumikilos at hindi ginagawa kung ano ang iniuutos sa kanya, iyon ay ang parehong bagay sa pag-iisip.
Juan 12:

Ang Matagumpay na Pagpasok sa Jerusalem
(Mateo 21:1-11) (Marcos 11:1-11)(Lucas 19:28-40)
               12 Kinabukasan, nabalitaan ng maraming taong dumalo sa pista na si Jesus ay papunta sa Jerusalem. 13 Kumuha sila ng mga palapa ng palmera, at lumabas sila sa lunsod upang siya'y salubungin. Sila'y sumisigaw, Purihin ang Diyos. a Pinagpala ang dumarating sa pangalan ng Panginoon! Purihin ang Hari ng Israel! 
               14 Nakakita si Jesus ng isang batang asno at sinakyan niya ito, gaya ng nasusulat, 
15 Huwag kang matakot, lunsod ng Zion!
Masdan mo, dumarating na ang iyong hari,
nakasakay sa isang batang asno! 
               16 Hindi ito naunawaan noon ng kanyang mga alagad. Ngunit matapos na si Jesus ay muling mabuhay at maluwalhati, naalala nilang ganoon nga ang sinasabi sa kasulatan tungkol sa kanya, kaya't gayon nga ang nangyari. 
               17 Ipinamamalita naman ng mga taong kasama ni Jesus ang ginawa niyang muling pagbuhay kay Lazaro. 18 At iyon ang dahilan kaya siya sinalubong ng napakaraming tao, nabalitaan nila ang himalang ginawa niya. 
               19 Kaya't nasabi ng mga Pariseo, Walang nangyayari sa pagsisikap natin. Tingnan ninyo, sumusunod pa rin sa kanya ang lahat! 
Si Jesus na nakasakay sa asno o donkey ay isang representasyon ng pag-kontrol sa kapangyarihan ng kalooban o will power. Ang Jerusalem ay kumakatawan sa superior na mundo ang mas mataas na dimensyon.
Kaya kailangan nating sundin ang halimbawa ni Jesus. Siya ay ang maestro sa kasong iyon ang kamalayan  na nakasakay sa asno papunta sa mas mataas na dimensyon iyan ang gusto nating gawin sa meditasyon kontrolin ang asno at sumakay ito sa ating sariling Jerusalem ang superior na mundo.

Sa kasamaang palad ang karamihan sa mga oras ang ating asno ang sumasakay sa atin hindi tayo nahahatid sa tamang pupuntahan, palaging tumatakbo sa paligid ng paikot ikot lamang. Ito ay isang bagay na dapat nating isipin kung titingnan mo ito mula sa perspektibong ito ang ating nakikita ay  si Jesus sa paglalarawan ng kahalagahan ng isip, ang pag-kontrol sa intelektwal na sentro kung kinokontrol mo ang intelektwal na sentro saka maaari mong idiretcho ang iyong sarili tungo sa superior na mundo, ang mas mataas na dimensyon.
At sa kasamaang-palad karamihan sa atin normal na ang ating asno ay tumatakbo sa paligid tumatawa nakasakay sa atin maraming mababang mga asno sa lahat ng dako. Ang asno ang kumakatawan sa intelektwal na sentro at kinokontrol nila ang ego ang huwad na sarili, ang ako.
Meditasyon at ego 
Sa pamamagitan ng meditasyon maaari nating maalis ang ating ego. Ang meditasyon ay nagiging isang malakas na kasangkapan sa pag-aalis ng ego.
Maaari tayong magmeditate sa isang tiyak na sikolohikal na depekto matutuklasan natin sa pamamagitan ng pansariling-pagmamasid upang lubos na maintindihan ang depekto.
Sabihin nating nakita mo ang iyong sarili sa isang sitwasyon na kung saan ikaw ay nagtatrabaho sa iyong sariling pagmamasid at tinutuklas mo ang ego ng galit sa isang sitwasyon. At ano ang maaari mong gawin sa ilang mga punto ay nangyayari sa isang estado ng meditasyon at pag-aralan ang ego ng galit, pag-aralan ang manipestasyon nito sa iyo.
Dalhin ang kaalaman ng galit  sa ibang lebel tulad ng sa pag-aaral ng mga dakilang aklat sa mundo at hindi tayo simpleng nagbabasa ng mga ito ngunit menimeditate natin sila upang matutuhan ng ganap ang kaalamang iyon.
Pinag-uusapan natin ang isang bagay na katulad nito sa paghahanap ng isang sitwasyon na kung saan marahil ay isang bagay na hindi kaaya-aya na kung saan tayo ay talagang nagalit nawala at naka-likha ng problema at natapos ang isang relasyon maaari tayong pumunta sa meditasyon at pag-aralan ang ego. Pag-aralan kung bakit natin nagawa ang mga bagay na ginawa natin o sinabi ang mga bagay na sinabi.
At talagang dalhin ang kaalaman  ang ego sa isang mas malalim na lebel dahil madalas sa isang tiyak na sitwasyon kapag tinitingnan natin ang mga ito at tila ito ay may kaugnayan sa isang  ego o isa pa ngunit habang sinasalamin natin ito habang tinitingnan natin ang sitwasyon saka natin matutuklasan na mayroon iba pang mga ego na aktibo.
Kaya maaari nating gamitin ang meditasyon bilang isang kasangkapan upang pasukin ang nakatagong bahagi ng ating sikolohiya. Ang pagpasok sa madilim na bahagi ng ating sikolohiya at pagpasok sa ating  kamalayan magagamit natin ang ego bilang isang kasangkapan upang alisin ang mga iyon dahil sa pamamagitan ng meditasyon ang kamalayan ay nagsisimulang lumago at talagang nagsisimulang yumabong at talagang nagsimulang kuminang nang maliwanag at maaari nating gamitin ang dagdag na kapangyarihan ng kamalayan kung tayo ay mag-iisip sa ganoong paraan upang suriin ang kahit ano sa mas malalim nating kamalayan.
Maaari mong gamitin ang liwanag ng kamalayan upang gawin itong kuminang ng mas maliwanag upang alisin ng mas marami ang mga madidilim na sulok ng kaisipan.
Alalahanin na nakuha na natin ang proseso nakuha na natin ang pagmamasid sa sarili na magbibigay-daan sa atin upang kilalanin ang isang ego pagkatapos ng pagkilala naiintindihan na natin at napag-aralan ang ego sa pamamagitan ng meditasyon at pagkatapos ay ang huling hakbang ang pag-aalis kailangan natin ang pansariling obserbasyon upang matukoy ang iba't ibang mga ego pagkatapos ay sa pamamagitan ng meditasyon at kontemplasyon kailangan nating buong intindihin ang ego pag-nagawa na natin iyan maaari na tayong makapunta sa estado kung saan aalisin natin ang ego ng permanente alisin ito mula sa ating sikolohiya. Kailangan nating harapin at ganap na iintindihin ang ego sa lahat ng lebel ng kaisipan bago natin ito maalis.
Ang meditasyon ay ang kasangkapan na ginamit natin upang tumagos sa mas malalim at sa iba't ibang mga lebel ng pag-iisip. Ang iyong kaisipan ay medyo tulad ng isang sibuyas ito'y matigas sa ibabaw ngunit pagbinalatan maaari mong makita ang higit pa at higit pang mga patong. Isipin na ang iyong kaisipan bilang isang sibuyas na may maraming mga patong.
Ginagamit natin ang meditasyon sa pagbalat ng mga patong upang pumunta ng  mas malalim at palalim upang mahanap ang ugat na sanhi ng lahat ng ating mga ego. Tumagos pabalik sa pinagmulan at kapag nakarating ka sa puntong iyun maaari mo ng ganap na alisin ang ego. At meditasyony ay mahalagang bahagi ng prosesong iyon.
Ano ang mangyayari sa panahon ng meditasyon? 
Kaya tingnan natin kung ano ang nangyayari sa panahon ng meditasyon? Basagin natin ang buong proseso ng meditasyon pababa ng simple lamang.
Sa panahon ng meditasyon tulad ng nabanggit natin maaaring pansamantala nating mabuksan ang ating esensiya mula sa bilangguan ng ego. Makikita mo ang isang estado kung saan maaari mong pansamantalang isarado ang ego isarado ang kaisipan at payagan ang esensiya upang makatakas at tumagos sa mas mataas na mga dimensyon.
Natandaan mo ang buong istorya ng Aladdin at ang genie ito ay talagang mahalagang kuwento kahit na ito ay kuwento ng isang simpleng pambata ngunit mayroong maraming sagradong karunungan sa loob ng aral. Ang ego ay tulad ng isang lampara, ang genie ay ang esensiya, ang kamalayan sa pamamagitan ng meditasyon ay magpapalaya sa esensiya, nais mong palayain ang kamalayan.
Tandaan na palayain ang ating esensiya o ang ating mas mataas na sarili ng makapasok sa superiyor na mundo maaari mong tawagin itong mas mataas na mga dimensyon na tinatawag ding langit ang lahat ng ito ay nangangahulugan ng parehong mga bagay.
Alam natin na maraming mga mas mataas na mga dimensyon na umiiral sa natin. Sa ngayon habang nagbabasa ka ng sagradong aklat na ito ang unang tatlong mga dimension na mas mataas sa antas ng mental tapos sa antas ng ethereal tapos sa antas ng astral  at mas mataas pa lampas lampasan pa.
Ang mga mas mataas na Antas 
Ang mas mataas na antas): Ang mga karaniwang tinatanggap na mga pangalan para sa pitong mga kilalang mga antas ng pag-iral, mula sa pinakamababa sa pinakamataas n ay ang mga: Pisikal, Astral, mental, Buddhic, Atmic, Anupadaka at Adi. Ang mga mas mataas na antas ay katulad sa istraktura ng mga astral na dimensyon ngunit sa mas mataas na antas ng kamalayan at ganap na nakahiwalay mula dito.
Mayroong pitong yugto, ng mga antas ng kamalayan, o antas ng pag-iral. Unang estado ay ang antas ng mundo. Ika-lawang estado ay tinatawag na ""antas ng intermediya""."" Ika- tatlong ay isang dimensyon kung saan ang mga bagay ay maaaring ihugis sa pamamagitan ng pag-iisip at imahinasyon, (ang astral). Ika- apat ay ang antas ng kulay [Pisikal, mas mababang astral, astral, pag-Kulay- sa isip]

 ""Kung ano ang nasa itaas, iyun din ang nasa ibaba; anumang nasa ibaba, ay siya ring nasa itaas."" 
Ang dakilang Ikalawang Hermetic na prinsipyo ay may kalangkap na katotohanan ng may pagkakatugma, kasunduan, at pag-uusap sa pagitan ng ilang mga antas ng paghahayag, buhay at pagkakalikha.Ang Katotohanang Ito ay isang katotohanan dahil ang lahat ay kasama sa Uniberso nagmumula sa parehong pinagmulan, at ng parehong mga batas, mga prinsipyo, at mga katangian maipatupad sa bawat yunit, o kumbinasyon ng mga yunit ng aktibidad, tulad ng bawat paghayag sa sarili nitong kababalaghan sa sarili nitong antas .
Para sa layunin ng kaginhawahan ng pag-iisip at pag-aaral, isinasaalang-alang ng Hermetic na Pilosopiya na ang Uniberso ay maaaring nahahati sa tatlong mga dakilang klase ng kababalaghan, na kilala bilang ang Tatlong dakilang antas na tinatawag na:
I. Ang dakilang Pisikal na antas. II. Ang dakilang Mental na antas. III. Ang dakilang Espirituwal na antas.
Ang meditasyon ay isang kasangkapan na nagbibigay-daan sa atin upang tumagos sa mga mas mataas na mga dimensyon hindi ka maaaring pumunta doon kung mayroon kang ego. 
 
 
 
 
 
 
 
 
 
 
 
 
 
 
 
 
 
 
 
 
 
 
 
 
 
 
Ang ego ay tulad ng isang angkla hinahawakan tayo nito pabalik para maka-abot sa kahit saan nang lampas sa mas mababang mga bersyon ng astral ang pinakamataas na maaari nating mapuntahan kasama ang ego ay kung saan nakita natin ang ating sarili sa ika-limang dimensyon ng astral at sa mental hindi tayo maaaring makakuha ng anumang mas mataas hanggang sa hindi natin maputol ang tali na mayroon tayo sa ego kailangan mong isarado na nagbibigay-daan sa esensiya upang makalaya ito.
Sa meditasyon magagawa nating dahan-dahang dalhin ang proseso ng kaisipan na tumigil sandali ito ay isang bagay na sinusubukan nating gawin ang isang bagay na kailangang-ehersisyo dahil ito ay hindi mangyayari agad sa pamamagitan ng meditasyon sa mga unang yugto ng meditasyon dinadala natin ang intelektwal na proseso sa isang sandaling pagtigil. 
Pinababagal natin ang walang katapusang tren ng pag-iisip. Hindi natin agad mapapahinto sila kailangan nating magtrabaho para sandaling mapatigil ng mapabagal ang mga bagay pababa. 
Sa pagsasanay ng sandaling pagtigil sa pag-iisip magiging mas mababa at mas mahaba magpapahintulot sa atin upang pumasok sa isang tahimik na katahimikan na walang iniisip walang mga salita o mga larawan na naka-dikit.
Walang mga salita sa kaisipan o mga imahe. Hindi mo maaaring kahit na isipin kung ano estado ng pag-iisip iyan. Ito ay mahirap isalarawan at ipaliwanag sa isang tao.
Kapag sinasabi ng mga tao kung ano ang pakiramdam kapag mayroong estado ng hindi nag-iisip kung ano bang mararanasan kapag nasa langit ang pinakamahusay na analohiya na maaari nating maipaliwanag ay kung paano maaari mong isalarawan ang mga kulay sa isang taong pinanganak na bulag. Ang bawat salitang ginagamit mo ay walang paraan upang ipahayag at ipaliwanag ang kulay dahil maaari tayong makipag-usap sa parehong bokabularyo ngunit dahil hindi niya pa ito nakita kailanman hindi niya maiintidihan ang paliwanag mo. 
Ang pagsasalarawan ng estado ng kaisipan ay walang mental na salita o mga larawang naka-dikit. Ito ay tulad ng lahat ng bagay ngunit wala, ito ay tulad ng pagiging nasa lahat ng dako pero wala, kung saan mapupunta ka lamang sa lahat ng mga pasalungat na pahayag dahil tulad ng alam natin walang bokabularyo upang ilarawan ang isang bagay na walang mga salita o mental na mga imahe na iuugnay.
Ito ay isang bagay na kailangan mong pagsikapan upang maranasan ng iyong sarili ngunit talagang ito ay nauugnay sa payapa, tahimik at nakakarelax na estado hindi payapa at nagrerelaks sa sofa hindi payapa na nagkakaroon ng mabuting pagkakataon ngunit isang ganap na  ibang uri ng kapayapaan halos tulad ng isang relaksasyon ng pag-iisip.
Rerelaks mo ang iyong pisikal na katawan medyo madali ngunit ito ay tulad ng pinarerelaks ang isipan sa ibang- estado ng pagkakalikha",,,"6",,,,"6","32","1445248383000","https://www.facebook.com/photo.php?fbid=921991031187957&set=a.137767628353151&type=3"
,,,,,,,,,,,,,,,,,,,,"100003791345237","Rongra Advertisng","https://scontent-iad6-1.xx.fbcdn.net/v/t39.30808-1/291324338_2551614801641540_3124706867550921044_n.jpg?stp=cp0_dst-jpg_tt6&cstp=mx406x406&ctp=s24x24&_nc_cat=107&ccb=1-7&_nc_sid=1d2534&_nc_ohc=3F5Yf_8SSVAQ7kNvwESMVDL&_nc_oc=AdqViRUe5m6uqaTYhlo_FqPVNTZ74V-obDvhujE_uiE0KSxXaF1sUvnVRmD1WgWhJgw&_nc_zt=24&_nc_ht=scontent-iad6-1.xx&_nc_gid=4tMk5RwxLNO9Ls6AdAcP2w&_nc_ss=7c2a8&oh=00_AQAFOQEmv2JgFMsTzKduoty4lxWx2UGF4OSJKCLznbBcNg&oe=6A601823","https://www.facebook.com/rongraadvertising","0","1523983537893346","#flood alert in Sacdalan San Miguel Bulacan  as of 8:00 PM mataas na po ang baha hanggang leeg na..",,,"5",,,,"5","0","1445173283000","https://www.facebook.com/groups/RACER.volunteer/permalink/1523983537893346/"
,,,,,,,,,,,,,,,,,,,,"100002970418493","Urbana Saavedra","https://scontent-iad3-2.xx.fbcdn.net/v/t39.30808-1/740812648_27049865354695779_3189559742618208063_n.jpg?stp=cp0_dst-jpg_tt6&cstp=mx1536x1536&ctp=s24x24&_nc_cat=111&ccb=1-7&_nc_sid=1d2534&_nc_ohc=Rl2eQRqpk58Q7kNvwGxSJPp&_nc_oc=AdpLIydCNrvjq0-n6_Q0GvgsjlgpQ84oU14XtQR5OEVzw941wfbhKVGU9lXoITqeuE4&_nc_zt=24&_nc_ht=scontent-iad3-2.xx&_nc_gid=wpMm8_EH3n8u7CUaNV-lAg&_nc_ss=7c2a8&oh=00_AQC5urYsr5m3myADlgNrdpt6q7JG8rfRpKrcdl8j2iU2kw&oe=6A6022B8","https://www.facebook.com/urbana.santos1","0","918280711604662","Update sa Cabanatuan",,,"1",,,,"1","0","1445237351000","https://www.facebook.com/groups/youscoopgroup/permalink/918280711604662/"
"No photo description available.","1698718343695602","photo","https://www.facebook.com/photo/?fbid=1698718343695602&set=a.489108613376908",,,,,,,,,,,,,,,,,"100068333209025","Marikeño","https://scontent-iad6-1.xx.fbcdn.net/v/t39.30808-1/747736567_1324725309815230_2990269506818081412_n.jpg?stp=cp0_dst-jpg_tt6&cstp=mx1000x1000&ctp=s40x40&_nc_cat=109&ccb=1-7&_nc_sid=2d3e12&_nc_ohc=1sD2F5x8W-MQ7kNvwFI63X8&_nc_oc=AdpGEQX2-9YeMiGVktlWd27bnc_lBkn_9mDmM5YHkCkDwaWHGNwTaaiPs2gYn-tbgx0&_nc_zt=24&_nc_ht=scontent-iad6-1.xx&_nc_gid=wpMm8_EH3n8u7CUaNV-lAg&_nc_ss=7c2a8&oh=00_AQA1oj34I3PZnrkev4O_xBG0dXwJyjta2nbSPE3dMAzbmA&oe=6A5FF2DA","https://www.facebook.com/marikeno","13","1698718343695602","Nakuha pa ni kuya na linisin ang kanyang tricycle sa tubig baha sa ilog ng Tumana. Kuya, 17.5 meters na ang tubig sa ilog ng Tumana. Disclaimer: Ito pong larawan ay kuha sa Barangay Tumana. Maaaring iba ang water level sa ibang karatig barangay.",,,"32",,,,"32","5","1445154712000","https://www.facebook.com/photo.php?fbid=1698718343695602&set=a.489108613376908&type=3"
"No photo description available.","1698728820361221","photo","https://www.facebook.com/photo/?fbid=1698728820361221&set=a.489108613376908",,,,,,,,,,,,,,,,,"100068333209025","Marikeño","https://scontent-iad6-1.xx.fbcdn.net/v/t39.30808-1/747736567_1324725309815230_2990269506818081412_n.jpg?stp=cp0_dst-jpg_tt6&cstp=mx1000x1000&ctp=s40x40&_nc_cat=109&ccb=1-7&_nc_sid=2d3e12&_nc_ohc=1sD2F5x8W-MQ7kNvwFI63X8&_nc_oc=AdpGEQX2-9YeMiGVktlWd27bnc_lBkn_9mDmM5YHkCkDwaWHGNwTaaiPs2gYn-tbgx0&_nc_zt=24&_nc_ht=scontent-iad6-1.xx&_nc_gid=wpMm8_EH3n8u7CUaNV-lAg&_nc_ss=7c2a8&oh=00_AQA1oj34I3PZnrkev4O_xBG0dXwJyjta2nbSPE3dMAzbmA&oe=6A5FF2DA","https://www.facebook.com/marikeno","0","1698728820361221","Sanay na ata ang mga kababayan nating ito na nakatira sa tabing ilog sa baha na kanilang nararanasan taun-taon. Aba, nandiyan na ang tubig sa pintuan nila, hindi pa rin sila natitinag.",,,"32",,,,"32","6","1445159182000","https://www.facebook.com/photo.php?fbid=1698728820361221&set=a.489108613376908&type=3"
"No photo description available.","426825087525382","photo","https://www.facebook.com/photo/?fbid=426825087525382&set=a.650212110472377",,,,,,,,,,,,,,,,,"100064507820310","Wow Fiesta","https://scontent-iad6-1.xx.fbcdn.net/v/t39.30808-1/288491756_2028259440715264_7931790719295784272_n.jpg?stp=cp0_dst-jpg_tt6&cstp=mx2048x2048&ctp=s40x40&_nc_cat=107&ccb=1-7&_nc_sid=2d3e12&_nc_ohc=zIYMERb42qsQ7kNvwF1hQ4L&_nc_oc=AdpuGzey_nbHB065ADO-9Xg3TWYns294-077lstwWhP5G1whDVpCCpBUbj7uf3pii0A&_nc_zt=24&_nc_ht=scontent-iad6-1.xx&_nc_gid=wpMm8_EH3n8u7CUaNV-lAg&_nc_ss=7c2a8&oh=00_AQBKhVaaEtpCa20mcafwonNKqzxSKWuw0geoqiZZ2Y8EKA&oe=6A60217B","https://www.facebook.com/wowfiestavideoke","0","426825087525382","Alamin kung ang inyong lugar ay patuloy na maaapektuhan ng bagyong Lando. Lumikas kung kinakailangan. 

@bayanmo: Lubog pa rin sa baha ang kabahayan sa Bgy. Sto.Niño, Cabanatuan, Nueva Ecija. (Bayan Patroller Precious Taplacido)",,,"16",,,,"16","3","1445221035000","https://www.facebook.com/photo.php?fbid=426825087525382&set=a.650212110472377&type=3"
,,,,,,,,,,,,,,,,,,,,"1297309868","Thoc Manalastas","https://scontent-iad6-1.xx.fbcdn.net/v/t39.30808-1/740063945_10234025120711722_5789674438317573261_n.jpg?stp=cp0_dst-jpg_tt6&cstp=mx874x877&ctp=s24x24&_nc_cat=107&ccb=1-7&_nc_sid=e99d92&_nc_ohc=tfh5gxasPikQ7kNvwFoJ-uM&_nc_oc=Adp_YiQoknNWMHD_xK05w5ka85XSv-Qlxc-xsCYV5_2Q4C9UqHnifvFgEZdtwJVau5c&_nc_zt=24&_nc_ht=scontent-iad6-1.xx&_nc_gid=wpMm8_EH3n8u7CUaNV-lAg&_nc_ss=7c2a8&oh=00_AQDmrx-U-qto5d41yOEMZRhYKeaS_ccZGB3eTQsogp7muw&oe=6A5FF85E","https://www.facebook.com/khalel44","0","1228598580499056","",,,,,,,"0","0","1445194319000","https://www.facebook.com/groups/hondaclubofthephilippines/permalink/1228598580499056/"
,,,,,,,,,,,,,,,,,,,,"100002664434860","Jissie Aquino","https://scontent-iad3-2.xx.fbcdn.net/v/t39.30808-1/627623909_25645695245102605_2427509899576934720_n.jpg?stp=cp0_dst-jpg_tt6&cstp=mx720x720&ctp=s24x24&_nc_cat=103&ccb=1-7&_nc_sid=1d2534&_nc_ohc=NGeCI6Pi738Q7kNvwESBK8p&_nc_oc=AdpLDo6yfA5jxrozxJp4nFLuDTk0bz-a13xivpjLBIVYbQqsVkNnkVWPVyiQ4q2lLFw&_nc_zt=24&_nc_ht=scontent-iad3-2.xx&_nc_gid=hKCBxgHYBcGqQnk9L1TQmQ&_nc_ss=7c2a8&oh=00_AQDdJJbC7w-hoAXzZal5BKKi6yw01wXPFk38nthKZKjOxw&oe=6A600690","https://www.facebook.com/jissie.aquino","0","728274623983345","",,,"1",,,,"1","0","1445234565000","https://www.facebook.com/groups/525738064237003/permalink/728274623983345/"
,,,,,,,,,,,,,,,,,,,,"1297309868","Thoc Manalastas","https://scontent-iad6-1.xx.fbcdn.net/v/t39.30808-1/740063945_10234025120711722_5789674438317573261_n.jpg?stp=cp0_dst-jpg_tt6&cstp=mx874x877&ctp=s24x24&_nc_cat=107&ccb=1-7&_nc_sid=e99d92&_nc_ohc=tfh5gxasPikQ7kNvwFoJ-uM&_nc_oc=Adp_YiQoknNWMHD_xK05w5ka85XSv-Qlxc-xsCYV5_2Q4C9UqHnifvFgEZdtwJVau5c&_nc_zt=24&_nc_ht=scontent-iad6-1.xx&_nc_gid=hKCBxgHYBcGqQnk9L1TQmQ&_nc_ss=7c2a8&oh=00_AQBAdKFoOxdiYbmPEQCla5v2_7A3adcO20i0W4qvSaHjgg&oe=6A5FF85E","https://www.facebook.com/khalel44","0","10154293207914167","",,,,,,,"0","0","1445194149000","https://www.facebook.com/groups/21497469166/permalink/10154293207914167/"
"No photo description available.","911740218872990","photo","https://www.facebook.com/photo/?fbid=911740218872990&set=a.624276113062123",,,,,,,,,,,,,,,,,"100064392201532","Pilipinas","https://scontent-iad3-1.xx.fbcdn.net/v/t39.30808-1/327242704_1332979237272156_5175388959670822521_n.jpg?stp=cp0_dst-jpg_tt6&cstp=mx2048x2048&ctp=s40x40&_nc_cat=108&ccb=1-7&_nc_sid=2d3e12&_nc_ohc=_mBb57CSK58Q7kNvwE9Ni76&_nc_oc=AdrLS5ljLy2RpHVmhhcSZRLYTCBBkOf42BXLhN5Ywsair6e_vhasxBooBQQe-JEC5EU&_nc_zt=24&_nc_ht=scontent-iad3-1.xx&_nc_gid=hKCBxgHYBcGqQnk9L1TQmQ&_nc_ss=7c2a8&oh=00_AQDjjivnujndLYpUBFRZejqAvdw7cZ1QUjyMQzbSULkr-A&oe=6A5FEDA6","https://www.facebook.com/pilipinas.org","0","911740218872990","Stranded ang ilang motorista sa entrada ng Jaen, #NuevaEcija dahil sa baha. (Photo: Rodil Vega/ DZBB) #LandoPH #IMReady #weather by gmanews https://instagram.com/p/8_umm5w7kF/",,,"1",,,,"1","0","1445209947000","https://www.facebook.com/photo.php?fbid=911740218872990&set=a.624276113062123&type=3"
