"attachments/0/accessibilityCaption","attachments/0/id","attachments/0/type","attachments/0/url","attachments/1/accessibilityCaption","attachments/1/id","attachments/1/type","attachments/1/url","attachments/2/accessibilityCaption","attachments/2/id","attachments/2/type","attachments/2/url","attachments/3/accessibilityCaption","attachments/3/id","attachments/3/type","attachments/3/url","attachments/4/accessibilityCaption","attachments/4/id","attachments/4/type","attachments/4/url","author/id","author/name","author/profilePicture","author/profileUrl","commentsCount","postId","postText","reactions/haha","reactions/like","reactions/love","reactions/sorry","reactions/support","reactions/wow","reactionsCount","sharesCount","timestamp","url"
,,,,,,,,,,,,,,,,,,,,"100068612142206","MMDA","https://scontent-iad3-1.xx.fbcdn.net/v/t39.30808-1/242803846_162321929398211_6744508622629887688_n.jpg?stp=cp0_dst-jpg_tt6&cstp=mx604x604&ctp=s40x40&_nc_cat=1&ccb=1-7&_nc_sid=2d3e12&_nc_ohc=-GxMrIa-rlcQ7kNvwHsCJ-2&_nc_oc=AdrGdCHRzhSbOVYY0taJrJ_lhu8gQTjtTH3QMfRmjpATKGzgkv4xJ0IbyloEwAENX7Q&_nc_zt=24&_nc_ht=scontent-iad3-1.xx&_nc_gid=QxvkEH_qzufJKr6ZbzYEZw&_nc_ss=7c2a8&oh=00_AQAotoc7VDcCqnNiSirmW-U1gmF5LGteY4hWFH40r4YFEg&oe=6A602ED2","https://www.facebook.com/MMDAPH","18","768172323221432","[Admin 03] FLOOD UPDATES as of 11:54 AM, (2/2)

Quezon Ave.

6:15 AM, Commonwealth T. Sora EB Subsided 6:29 AM. (Passable) 
7:17 AM, Commonwealth Balara (NPATV) Subsided 9:44 AM, (Passable) 
6:19 AM, Maria Clara (NPATV)
11:43 AM, Biak na Bato (NPATV) 
6:42 AM, Quezon Ave Capitol EB Gutter Deep
6:57 AM, Gilmore EB (NPATV) Subsided 10:13 AM, (Passable) 
7:19 AM, Broadway 9th St. (NPATV) Subsided 10:09 AM, (Passable) 
7:24 AM, Aurora SM C. Point (NPATV)
7:36 AM, Kamias/Kalayaan (NPATV)
7:46 AM, Along E. Road (NPATV)
7:51 AM, Chino St. J.P Rizal (NPATV)
8:14 AM, Luna Anonas (NPATV)
8:14 AM, V. Luna Anonas (NPATV)
7: 46 AM, Whiteplains Katipunan Gutter Deep
7:35 AM, Along Project 4 Brgy. Tagumpay (NPATV)

North

6:34 AM, Sangandaan Gutter Deep
8:05 AM, Monumento Circle Gutter Deep
7:25 AM, Calle uno (NPALV)
8:30 AM, Maypajo Caloocan (NPATV)
9:53 AM, C3 10th Ave Dagat Dagatan (NPATV)",,"71",,,,,"71","93","1411099420000","https://www.facebook.com/MMDAPH/posts/pfbid0mSBLjxBgp4x6J7DKXN6Tt8j47aptn5Gs7Yo2Rw8yFh61jq3g8nK5Xx9SMUHunLyUl"
"No photo description available.","768222973216367","photo","https://www.facebook.com/photo.php?fbid=768222973216367&set=a.162321872731550&type=3","No photo description available.","768222996549698","photo","https://www.facebook.com/photo.php?fbid=768222996549698&set=a.162321872731550&type=3","No photo description available.","768222993216365","photo","https://www.facebook.com/photo.php?fbid=768222993216365&set=a.162321872731550&type=3","No photo description available.","768222989883032","photo","https://www.facebook.com/photo.php?fbid=768222989883032&set=a.162321872731550&type=3","No photo description available.","768222983216366","photo","https://www.facebook.com/photo.php?fbid=768222983216366&set=a.162321872731550&type=3","100068612142206","MMDA","https://scontent-iad3-1.xx.fbcdn.net/v/t39.30808-1/242803846_162321929398211_6744508622629887688_n.jpg?stp=cp0_dst-jpg_tt6&cstp=mx604x604&ctp=s40x40&_nc_cat=1&ccb=1-7&_nc_sid=2d3e12&_nc_ohc=-GxMrIa-rlcQ7kNvwHsCJ-2&_nc_oc=AdrGdCHRzhSbOVYY0taJrJ_lhu8gQTjtTH3QMfRmjpATKGzgkv4xJ0IbyloEwAENX7Q&_nc_zt=24&_nc_ht=scontent-iad3-1.xx&_nc_gid=QxvkEH_qzufJKr6ZbzYEZw&_nc_ss=7c2a8&oh=00_AQAotoc7VDcCqnNiSirmW-U1gmF5LGteY4hWFH40r4YFEg&oe=6A602ED2","https://www.facebook.com/MMDAPH","58","768223246549673","[Admin 03] [Admin 03] FLOOD ALERT: Espana cor. P. Noval St. as of 3:38pm. Photo courtesy of Mr. Rolando Claveria",,"732",,,,,"732","761","1411113060000","https://www.facebook.com/MMDAPH/posts/pfbid0d7aa8N1cM7mbtvQZnS9aY7x1uVzmBSgtGPY1aNKEWWgrjMw1PHbUDpbF6g8n4AvEl"
"No photo description available.","768123746559623","photo","https://www.facebook.com/photo.php?fbid=768123746559623&set=a.162321872731550&type=3","No photo description available.","768123739892957","photo","https://www.facebook.com/photo.php?fbid=768123739892957&set=a.162321872731550&type=3","No photo description available.","768123743226290","photo","https://www.facebook.com/photo.php?fbid=768123743226290&set=a.162321872731550&type=3",,,,,,,,,"100068612142206","MMDA","https://scontent-iad3-1.xx.fbcdn.net/v/t39.30808-1/242803846_162321929398211_6744508622629887688_n.jpg?stp=cp0_dst-jpg_tt6&cstp=mx604x604&ctp=s40x40&_nc_cat=1&ccb=1-7&_nc_sid=2d3e12&_nc_ohc=-GxMrIa-rlcQ7kNvwHsCJ-2&_nc_oc=AdrGdCHRzhSbOVYY0taJrJ_lhu8gQTjtTH3QMfRmjpATKGzgkv4xJ0IbyloEwAENX7Q&_nc_zt=24&_nc_ht=scontent-iad3-1.xx&_nc_gid=QxvkEH_qzufJKr6ZbzYEZw&_nc_ss=7c2a8&oh=00_AQAotoc7VDcCqnNiSirmW-U1gmF5LGteY4hWFH40r4YFEg&oe=6A602ED2","https://www.facebook.com/MMDAPH","220","768123919892939","[Admin 09] Flooding along Ortigas Extension. (photo courtesy of Mr. Carlo Briones)",,"1521",,,,,"1521","4731","1411091577000","https://www.facebook.com/MMDAPH/posts/pfbid04euXxa8pBdGSiCckeHw6cpVdwGwZVw5u56bSikCvf96cvSUxP9Aqd8UQ9SfnRMK2l"
,"709211682495336","video",,,,,,,,,,,,,,,,,,"100068351035575","Sa Ngalan Ng Gobyerno","https://scontent-iad3-1.xx.fbcdn.net/v/t39.30808-1/352173072_3695302394025220_1289691263157025792_n.jpg?stp=cp0_dst-jpg_tt6&cstp=mx409x409&ctp=s40x40&_nc_cat=110&ccb=1-7&_nc_sid=2d3e12&_nc_ohc=ILSoosLTIIkQ7kNvwHxh9Go&_nc_oc=Adp0MGvT5mzDJNAZMxnK8UIS7PbjYuGLHCQSXynSza54eMpqH9t7TnOGmC6Zzw43_5I&_nc_zt=24&_nc_ht=scontent-iad3-1.xx&_nc_gid=QxvkEH_qzufJKr6ZbzYEZw&_nc_ss=7c2a8&oh=00_AQCiB4ZkZnLdB9RxvkOfyG-kijiP1sctZhZnpdff7V4H2Q&oe=6A601A01","https://www.facebook.com/snngpage","53","709211682495336","Parang Ilog na ang dating...grabe

video credit to Jeff Alagar

no copyright infringement intended 

Nero Sa Ngalan Ng Gobyerno","42","48","1","15",,"24","130","406","1411166542000","https://www.facebook.com/snngpage/videos/709211682495336/"
"No photo description available.","361081430712211","photo","https://www.facebook.com/photo/?fbid=361081430712211&set=a.602294451934438",,,,,,,,,,,,,,,,,"100064616655120","Philippine Star","https://scontent-iad3-1.xx.fbcdn.net/v/t39.30808-1/341858556_918415572727450_374717831366242673_n.jpg?stp=cp0_dst-jpg_tt6&cstp=mx1000x1000&ctp=s40x40&_nc_cat=1&ccb=1-7&_nc_sid=2d3e12&_nc_ohc=g5LUxtqmcMcQ7kNvwH8W7DJ&_nc_oc=Ado6Kmy7Ihi6b7aeSbYQKgyYI71to-vff-Df5z3t1dvlc5DIvAMBWuqFle8wUoPs0WU&_nc_zt=24&_nc_ht=scontent-iad3-1.xx&_nc_gid=QxvkEH_qzufJKr6ZbzYEZw&_nc_ss=7c2a8&oh=00_AQBt6qE5t-r-CXkseZPXUxoreC4VzhGsZwWZgiIDbKSQDQ&oe=6A6021C0","https://www.facebook.com/PhilippineSTAR","181","361081430712211","#MarioPH UPDATE: Flood situation in Libis, Sto. Niño, Marikina City. Water has now reached roofs of cars. | Photo via @MarikinaPIO",,"1166",,"1",,,"1167","1808","1411089950000","https://www.facebook.com/photo.php?fbid=361081430712211&set=a.602294451934438&type=3"
,,,,,,,,,,,,,,,,,,,,"100068612142206","MMDA","https://scontent-iad3-1.xx.fbcdn.net/v/t39.30808-1/242803846_162321929398211_6744508622629887688_n.jpg?stp=cp0_dst-jpg_tt6&cstp=mx604x604&ctp=s40x40&_nc_cat=1&ccb=1-7&_nc_sid=2d3e12&_nc_ohc=-GxMrIa-rlcQ7kNvwHsCJ-2&_nc_oc=AdrGdCHRzhSbOVYY0taJrJ_lhu8gQTjtTH3QMfRmjpATKGzgkv4xJ0IbyloEwAENX7Q&_nc_zt=24&_nc_ht=scontent-iad3-1.xx&_nc_gid=nUhaLZhnjrZdnEe8Y-AYAg&_nc_ss=7c2a8&oh=00_AQDi-5vDdcTPJgOyoaAsfptkpxrkdIz0jRHwVy-luh-z7Q&oe=6A602ED2","https://www.facebook.com/MMDAPH","44","768172166554781","[Admin 03] FLOOD UPDATES as of 11:54 AM, (1/2)

EDSA
6:12 AM, Fema Rd. Gutter Deep
6:12 AM, Dario Bridge Gutter Deep
6:27 AM, Balintawak Not Passable all Types of Vehicles
6:05 AM, North Ave Subsided 8:06 AM. (Passable).
6:31 AM, Quezon Ave SB Subsided 7:57 AM. (Passable)
6:57 AM, Quezon Ave NB (Not Passable all Types of Vehicles)

C5 Area

7:48 AM, C5 Tiendesitas NB/SB Gutter Deep Subsided 9:41 AM (Passable)
6:39 AM, C5 Libis Gutter Deep
6:23 AM, C5 Ateneo Gate 2 Gutter Deep Subsided 8:48 AM, (Passable)
10:25 AM, C5 Eagle St. Gutter Deep 
7:46 AM, C5 BCDA SB Gutter Deep

Manila Area
7:12 AM, RMB V. Mapa Gutter Deep
7:12 AM, Along España (Not Passable all Types of Vehicles)
7:30 AM, Nagtahan NB/SB Gutter Deep
RMB Vicente Cruz Gutter Deep
M. Dela Fuente Gutter Deep
7:45 AM, Delpan SB Gutter Deep
7:53 AM, RIO Mariones Gutter Deep
RIO Capulong Gutter Deep
7:53 AM, Quirino Taft EB (Not Passable all Types of Vehicles)
8:06 AM, RMB Pureza (Not Passable all Types of Vehicles)
9:18 AM Lacson Fajardo Gutter Deep

South
6:16 AM, Dr, A Santos Subsided 7:59 AM. (Passable.)
7:15 AM, Andrews Tramo Gutter Deep
7:50 AM, Osmeña Buendia (Not Passable all Types of Vehicles)

East
6:10 AM, Ortigas WB C. Raymundo Gutter Deep
7:12 AM, Marcos Highway EB/WB Before Masinag (Not Passable all Types of Vehicles)
Gil Fernando Dragon St. Gutter Deep
7:48 AM, San Juan area
F. Manalo (Not Passable all Types of Vehicles)
Brgy. Salapan (Not Passable all Types of Vehicles)
Brgy. Batis (Not Passable all Types of Vehicles)
8:00 AM, Ortigas Santolan WB Gutter Deep",,"150",,,,,"150","297","1411099362000","https://www.facebook.com/MMDAPH/posts/pfbid02oYbuPvLt5sh6Vkct91QNF6GhU8BpfJdPcdPNE6su8WLejLQBA7cNbYsPW4Z3HPgql"
"No photo description available.","10152466262703791","photo","https://www.facebook.com/photo/?fbid=10152466262703791&set=a.635578005267051",,,,,,,,,,,,,,,,,"100064445723899","ANC 24/7","https://scontent-iad3-1.xx.fbcdn.net/v/t39.30808-1/609053834_1328721385952706_4253439834983056076_n.jpg?stp=cp0_dst-jpg_tt6&cstp=mx2048x2048&ctp=s40x40&_nc_cat=1&ccb=1-7&_nc_sid=2d3e12&_nc_ohc=RAU_RPiKxxgQ7kNvwGLy_GT&_nc_oc=AdqMSDYmD5Jmt29_RmIjxtU42_IIyv-9xESw2la0kP6qV6sl9_le8xwq5N18SO-COc0&_nc_zt=24&_nc_ht=scontent-iad3-1.xx&_nc_gid=nUhaLZhnjrZdnEe8Y-AYAg&_nc_ss=7c2a8&oh=00_AQCKqkT0d-ZoSZEForaymDFppQo2OAIrpd1drwlOQ04lZw&oe=6A60214E","https://www.facebook.com/ANCalerts","76","10152466262703791","Flooding in Brgy. Sto. Domingo, QC reaches 3rd level of houses near river.

(Photo via Jacque Manabat)",,,,,,,"0","557","1411097474000","https://www.facebook.com/photo.php?fbid=10152466262703791&set=a.635578005267051&type=3"
,,,,,,,,,,,,,,,,,,,,"100068612142206","MMDA","https://scontent-iad3-1.xx.fbcdn.net/v/t39.30808-1/242803846_162321929398211_6744508622629887688_n.jpg?stp=cp0_dst-jpg_tt6&cstp=mx604x604&ctp=s40x40&_nc_cat=1&ccb=1-7&_nc_sid=2d3e12&_nc_ohc=-GxMrIa-rlcQ7kNvwHsCJ-2&_nc_oc=AdrGdCHRzhSbOVYY0taJrJ_lhu8gQTjtTH3QMfRmjpATKGzgkv4xJ0IbyloEwAENX7Q&_nc_zt=24&_nc_ht=scontent-iad3-1.xx&_nc_gid=nUhaLZhnjrZdnEe8Y-AYAg&_nc_ss=7c2a8&oh=00_AQDi-5vDdcTPJgOyoaAsfptkpxrkdIz0jRHwVy-luh-z7Q&oe=6A602ED2","https://www.facebook.com/MMDAPH","36","768188553219809","[Admin 03] FLOOD UPDATES as of 12:45 PM:

EDSA

6:12 AM, Fema Rd. Gutter Deep
6:12 AM, Dario Bridge Gutter Deep
6:27 AM, Balintawak Not Passable all Types of Vehicles
6:05 AM, North Ave Subsided 8:06 AM. (Passable).
6:31 AM, Quezon Ave SB Subsided 7:57 AM. (Passable)
6:57 AM, Quezon Ave NB (Not Passable all Types of Vehicles)

C5 Area

7:48 AM, C5 Tiendesitas NB/SB Gutter Deep, Subsided 9:41 AM (Passable)
6:39 AM, C5 Libis Gutter Deep, Subsided 7:30 AM, (Passable)
6:23 AM, C5 Ateneo Gate 2 Gutter Deep, Subsided 8:48 AM, (Passable)
10:25 AM, C5 Eagle St. Gutter Deep, Subsided 9:00 AM, (Passable)
7:46 AM, C5 BCDA SB Gutter Deep, Subsided 9:06 AM, (Passable)
8:06 AM, C5 Ortigas Rd. EB/WB (Not Passable all Types of Vehicles) Subsided 9:47 AM (Passable)

Manila Area

7:12 AM, RMB V. Mapa Gutter Deep
7:12 AM, Along España (Not Passable all Types of Vehicles)
7:30 AM, Nagtahan NB/SB Gutter Deep
RMB Vicente Cruz Gutter Deep
M. Dela Fuente Gutter Deep
7:45 AM, Delpan SB Gutter Deep
7:53 AM, RIO Mariones Gutter Deep
RIO Capulong Gutter Deep
7:53 AM, Quirino Taft EB (Not Passable all Types of Vehicles)
8:06 AM, RMB Pureza (Not Passable all Types of Vehicles)
9:18 AM Lacson Fajardo Gutter Deep

South

6:16 AM, Dr, A Santos Subsided 7:59 AM. (Passable.)
7:15 AM, Andrews Tramo Gutter Deep
11:05 AM, Osmeña Buendia (Not Passable all Types of Vehicles)

East

6:10 AM, Ortigas WB C. Raymundo Gutter Deep
7:12 AM, Marcos Highway EB/WB Before Masinag (Not Passable all Types of Vehicles)
Gil Fernando Dragon St. Gutter Deep
7:48 AM, San Juan area
F. Manalo (Not Passable all Types of Vehicles)
Brgy. Salapan (Not Passable all Types of Vehicles)
Brgy. Batis (Not Passable all Types of Vehicles)
8:00 AM, Ortigas Santolan WB Gutter Deep",,"81",,,,,"81","130","1411103597000","https://www.facebook.com/MMDAPH/posts/pfbid03218t2mfpBCn1fTjHdUA5kuJYAW4c5sQCyL2VTLdeXqoqPur9wZAsvKsSSq4FEdcel"
"No photo description available.","659513667488847","photo","https://www.facebook.com/photo.php?fbid=659513667488847&set=a.532729732375173&type=3","No photo description available.","659513747488839","photo","https://www.facebook.com/photo.php?fbid=659513747488839&set=a.532729732375173&type=3","No photo description available.","659513687488845","photo","https://www.facebook.com/photo.php?fbid=659513687488845&set=a.532729732375173&type=3","No photo description available.","659513714155509","photo","https://www.facebook.com/photo.php?fbid=659513714155509&set=a.532729732375173&type=3","No photo description available.","659513734155507","photo","https://www.facebook.com/photo.php?fbid=659513734155507&set=a.532729732375173&type=3","100069144534674","Eagle News","https://scontent-iad6-1.xx.fbcdn.net/v/t39.30808-1/302495836_5446732305433602_2556036293795182370_n.jpg?stp=cp0_dst-jpg_tt6&cstp=mx672x672&ctp=s40x40&_nc_cat=107&ccb=1-7&_nc_sid=2d3e12&_nc_ohc=QfC8D-3NrMYQ7kNvwEA5IyH&_nc_oc=AdolkTKEaxEw_og0tlC9yu_J2UN7F2DuuqE1bbHLvyXQ7Msbc71FLn3Rjfkv79vyMZ4&_nc_zt=24&_nc_ht=scontent-iad6-1.xx&_nc_gid=nUhaLZhnjrZdnEe8Y-AYAg&_nc_ss=7c2a8&oh=00_AQDpiMk1QlnZ6daFGbd0lnEkZJ5Kdek3RQ_S9nG2f1yWCQ&oe=6A6032A1","https://www.facebook.com/EagleNews","2","659513994155481","Flood situation in Karangalan Village in Pasig City.

Courtesy of Christopher Buenafe, EBC News 360
#EagleNewsPH",,"114",,,,,"114","17","1411098636000","https://www.facebook.com/EagleNews/posts/pfbid0pYA5bwzGmJ6qK9oyMZHWYCZATVQSB2coMxc3beoedHPRQV4DB17L1581Eavx1eFKl"
"No photo description available.","10152466189268791","photo","https://www.facebook.com/photo/?fbid=10152466189268791&set=a.635578005267051",,,,,,,,,,,,,,,,,"100064445723899","ANC 24/7","https://scontent-iad3-1.xx.fbcdn.net/v/t39.30808-1/609053834_1328721385952706_4253439834983056076_n.jpg?stp=cp0_dst-jpg_tt6&cstp=mx2048x2048&ctp=s40x40&_nc_cat=1&ccb=1-7&_nc_sid=2d3e12&_nc_ohc=RAU_RPiKxxgQ7kNvwGLy_GT&_nc_oc=AdqMSDYmD5Jmt29_RmIjxtU42_IIyv-9xESw2la0kP6qV6sl9_le8xwq5N18SO-COc0&_nc_zt=24&_nc_ht=scontent-iad3-1.xx&_nc_gid=nUhaLZhnjrZdnEe8Y-AYAg&_nc_ss=7c2a8&oh=00_AQCKqkT0d-ZoSZEForaymDFppQo2OAIrpd1drwlOQ04lZw&oe=6A60214E","https://www.facebook.com/ANCalerts","119","10152466189268791","Flooding at Cainta Junction in front of Robinsons Cainta.

(Photo via Ryan Chua)",,"1939",,,,,"1939","1442","1411094977000","https://www.facebook.com/photo.php?fbid=10152466189268791&set=a.635578005267051&type=3"
"No photo description available.","946088385406592","photo","https://www.facebook.com/photo/?fbid=946088385406592&set=a.625478112955296",,,,,,,,,,,,,,,,,"100064793373719","Anakbayan","https://scontent-iad3-1.xx.fbcdn.net/v/t39.30808-1/588505862_1274207701415664_2391391491588224446_n.jpg?stp=cp0_dst-jpg_tt6&cstp=mx2048x2048&ctp=s40x40&_nc_cat=104&ccb=1-7&_nc_sid=2d3e12&_nc_ohc=lMGXAvCTVd4Q7kNvwE1h9Yh&_nc_oc=Ado4TSBIrgMNjVL2dWFmlsquLlYVFvmzhg_Ees_z84MlaJwgBvuHzCpZyBHaltUn4h0&_nc_zt=24&_nc_ht=scontent-iad3-1.xx&_nc_gid=nUhaLZhnjrZdnEe8Y-AYAg&_nc_ss=7c2a8&oh=00_AQDgpzqlJZYvNeiGTsUndPeh8CCOC0b6zMbzstTDq-aGOg&oe=6A6036D4","https://www.facebook.com/anakbayanphils","15","946088385406592","Para sa baha pero dinala sa #DAP --- 

295 million Priority Flood Control Projects- MMDA 
P154 million Urban Renewal, Taffic Management, Flood Control Phase 1-MMDA 
P2.8 billion DPWH ""various priority infrastructure projects"" na may kasamamg flood control projects",,"143",,,,,"143","530","1411131405000","https://www.facebook.com/photo.php?fbid=946088385406592&set=a.625478112955296&type=3"
,,,,,,,,,,,,,,,,,,,,"100068612142206","MMDA","https://scontent-iad3-1.xx.fbcdn.net/v/t39.30808-1/242803846_162321929398211_6744508622629887688_n.jpg?stp=cp0_dst-jpg_tt6&cstp=mx604x604&ctp=s40x40&_nc_cat=1&ccb=1-7&_nc_sid=2d3e12&_nc_ohc=-GxMrIa-rlcQ7kNvwHsCJ-2&_nc_oc=AdrGdCHRzhSbOVYY0taJrJ_lhu8gQTjtTH3QMfRmjpATKGzgkv4xJ0IbyloEwAENX7Q&_nc_zt=24&_nc_ht=scontent-iad3-1.xx&_nc_gid=9g9CLFujZgsCA-4_p2i0tQ&_nc_ss=7c2a8&oh=00_AQBjAMXL9frOK5wiJ94-tZ-OKC-N3mqWFjsL-SAK1ZQO6Q&oe=6A602ED2","https://www.facebook.com/MMDAPH","1","768124029892928","[Admin 03] FLOOD ALERT: RT @attycabs: LRT1 - R.Papa Station road level flooded waist deep, Balintawak Station knee deep. | #MarioPH",,"57",,,,,"57","12","1411091602000","https://www.facebook.com/MMDAPH/posts/pfbid02xPZbs5yQUSZbiHc4tycubbCk8uX6eL2yJu29Twasgb4V2nqsLF6r619KWcPgg39al"
,,,,,,,,,,,,,,,,,,,,"100068612142206","MMDA","https://scontent-iad3-1.xx.fbcdn.net/v/t39.30808-1/242803846_162321929398211_6744508622629887688_n.jpg?stp=cp0_dst-jpg_tt6&cstp=mx604x604&ctp=s40x40&_nc_cat=1&ccb=1-7&_nc_sid=2d3e12&_nc_ohc=-GxMrIa-rlcQ7kNvwHsCJ-2&_nc_oc=AdrGdCHRzhSbOVYY0taJrJ_lhu8gQTjtTH3QMfRmjpATKGzgkv4xJ0IbyloEwAENX7Q&_nc_zt=24&_nc_ht=scontent-iad3-1.xx&_nc_gid=9g9CLFujZgsCA-4_p2i0tQ&_nc_ss=7c2a8&oh=00_AQBjAMXL9frOK5wiJ94-tZ-OKC-N3mqWFjsL-SAK1ZQO6Q&oe=6A602ED2","https://www.facebook.com/MMDAPH","3","768202379885093","[Admin 03] FLOOD UPDATE as of 2:00 PM: Tire Deep at Buendia / Dela Rosa: Not passable to all types of vehicles. Buendia Off Ramp - Closed.",,"50",,,,,"50","32","1411106755000","https://www.facebook.com/MMDAPH/posts/pfbid02P3foj1VD4kb3bdCRAQyZB9EMV74pBsp5fc1rZkSg4TrSzY8QsMcskQUp3khq5rcul"
,,,,,,,,,,,,,,,,,,,,"100068612142206","MMDA","https://scontent-iad3-1.xx.fbcdn.net/v/t39.30808-1/242803846_162321929398211_6744508622629887688_n.jpg?stp=cp0_dst-jpg_tt6&cstp=mx604x604&ctp=s40x40&_nc_cat=1&ccb=1-7&_nc_sid=2d3e12&_nc_ohc=-GxMrIa-rlcQ7kNvwHsCJ-2&_nc_oc=AdrGdCHRzhSbOVYY0taJrJ_lhu8gQTjtTH3QMfRmjpATKGzgkv4xJ0IbyloEwAENX7Q&_nc_zt=24&_nc_ht=scontent-iad3-1.xx&_nc_gid=9g9CLFujZgsCA-4_p2i0tQ&_nc_ss=7c2a8&oh=00_AQBjAMXL9frOK5wiJ94-tZ-OKC-N3mqWFjsL-SAK1ZQO6Q&oe=6A602ED2","https://www.facebook.com/MMDAPH","16","768479643190700","[Admin 03] FLOOD ALERT: As of 5:34 AM, Cainta  Ortigas Extension,Junction to  Don Mariano (below knee deep), not passable to light vehicles.  #mmda",,"76",,,,,"76","77","1411163172000","https://www.facebook.com/MMDAPH/posts/pfbid0sGHyuQqw3U4byJAT2Zb2AqLKY456E7QnAkFvrrF59U7KS7wFBR2knbgwVrmTsx1yl"
"No photo description available.","616672885117329","photo","https://www.facebook.com/photo/?fbid=616672885117329&set=a.658965876030001",,,,,,,,,,,,,,,,,"100057497828927","Summit Asia Plus","https://scontent-iad3-1.xx.fbcdn.net/v/t39.30808-1/326410640_1358388961603746_8997088798048999142_n.png?stp=cp0_dst-png&cstp=mx681x681&ctp=s40x40&_nc_cat=110&ccb=1-7&_nc_sid=2d3e12&_nc_ohc=s1aq3d9xQ3QQ7kNvwGrPvUT&_nc_oc=AdrdRjOzwjfOHj9efGZR_-_iF3aZ61ATtI33-k-i1S0xsbfycKmhN183PHVcz5wAIHg&_nc_zt=24&_nc_ht=scontent-iad3-1.xx&_nc_gid=9g9CLFujZgsCA-4_p2i0tQ&_nc_ss=7c2a8&oh=00_AQA8kheQsA1UsmDOauieKgvakpyO779SotApUHRxdTobMw&oe=6A601629","https://www.facebook.com/camellabysummitasiaplus","46","616672885117329","SIGURADO KA BANG FLOOD FREE ANG SUBDIVISION NA INO-OFFER SAYO???

SA CAMELLA 100% FLOOD FREE

FOR AS LOW AS 5,676.00 / MONTH
AND ONLY 7,500.00 TO RESERVE

WORRY FREE KA TUWING TAG-ULAN!!!

For more details, you can reach us at:

Viber: +63917 7957419
Globe: +63905 1275481
Smart: +63999 5201990
Email: summitasiaplus@gmail.com

FREE SITE TRIPS DAILY, KAHIT MAY BAGYO.

Like our Facebook Page:
www.facbook.com/SummitAsiaPlus",,"83",,,,,"83","18","1411189891000","https://www.facebook.com/photo.php?fbid=616672885117329&set=a.658965876030001&type=3"
,,,,,,,,,,,,,,,,,,,,"100064361212564","Meralco","https://scontent-iad3-1.xx.fbcdn.net/v/t39.30808-1/230469182_4788059357874264_3169537033252175677_n.jpg?stp=cp0_dst-jpg_tt6&cstp=mx960x960&ctp=s40x40&_nc_cat=1&ccb=1-7&_nc_sid=2d3e12&_nc_ohc=ddZf2posRbIQ7kNvwEDy0B6&_nc_oc=Adp62jUcsmzU9_M8QeLcnGvCIE2fvyJtN7zTQLdr6YwgBIum2FWYiN2KHR9ONYhuMJg&_nc_zt=24&_nc_ht=scontent-iad3-1.xx&_nc_gid=9g9CLFujZgsCA-4_p2i0tQ&_nc_ss=7c2a8&oh=00_AQDeidl9FMztrOtzkGSU49B4UmLaAHYYNOZ10dYXJv7etQ&oe=6A600277","https://www.facebook.com/meralco","103","916887294991509","UPDATE as of 1:00pm 
FLOODED AREAS WITHOUT ELECTRICITY
The electricity on following areas in Metro Manila were switched off due to flood 
 MEYCAUAYAN BANCAL
  BANGA
  BAYUGO
  CALVARIO
  HULO
  LONGOS
  MALHACAN
  POBLACION
  SALUYSOY
  ST. FRANCIS
  ZAMORA
BIÑAN MALAMIG
CALAMBA BAGONG KALSADA
  BUCAL
  CALAMBA
  CANLUBANG
  HALANG
  LA MESA
  LECHERIA
  MAPAGONG
  PACIANO RIZAL
  PANSOL
  PARIAN
  REAL
LOS BAÑOS BATONG MALAKE
  LOS BAÑOS
  MAAHAS
  PUTHO-TUNTUNGIN
  SAN ANTONIO
STA. ROSA DON JOSE
MALABON POTRERO
  TINAJEROS
MANILA CITY TONDO
MARIKINA CONCEPCION I
  MALANDAY
  NANGKA
PARAÑAQUE BACLARAN
  MERVILLE
  SN MARTIN DE PORRES
PASAY CITY PASAY CITY
Q. C.-BALINTAWAK APOLONIO SAMSON
Q. C.-KAMUNING ROXAS
Q. C.-LA LOMA LOURDES
  SALVACION
Q. C.-NEW MANILA TATALON
Q. C.-PUGAD LAWIN SAN ANTONIO
Q. C.-SAN FRANCISCO DEL MONTE DAMAYAN
  DEL MONTE
  MARIBLO
  MASAMBONG
  PARAISO
  STO. DOMINGO (MATALAHIB)
  TALAYAN
Q. C.-SAN JOSE BALINGASA
  MANRESA
  SAN JOSE
  SIENNA
VALENZUELA CARUHATAN
  DALANDANAN
  MALINTA
  MARULAS
  MAYSAN
  POBLACION
  VEINTE REALES
ANTIPOLO MAMBUGAN
  MAYAMOT
  SAN JOSE
  SAN LUIS
BARAS CONCEPCION
  EVANGELISTA
  MABINI
  PINUGAY
  RIZAL
  SAN JOSE
  SAN JUAN
  SAN MIGUEL
  SAN SALVADOR
  SANTIAGO
BINANGONAN MAHABANG PARANG
  MAMBOG
  TATALA
CAINTA SAN ISIDRO
CARDONA CALAHAN
  DALIG
  DEL REMEDIO
  IGLESIA
  LOOC
  PATUNHAY
  REAL
  SAN ROQUE
JALA-JALA BAGUMBONG
MORONG BOMBONGAN
  CANIOGAN-CALERO-LANANG
  LAGUNDI
  MAYBANCAL
  SAN GUILLERMO
  SAN JOSE
  SAN JUAN
  SAN PEDRO
PILILLA BAGUMBAYAN
  HALAYHAYIN
  HULO
  IMATONG
  MALAYA
  NIOGAN
  QUISAO
  WAWA
RODRIGUEZ (MONTALBAN) BURGOS
SAN MATEO AMPID II
  BANABA
  MALY
TANAY KATIPUNAN-BAYANI
  KAYBUTO
  MAG-AMPON
  PINAGKAMALIGAN
  PLAZA ALDEA
  SAMPALOC
  SAN ISIDRO
  TABING ILOG
  TANDANG KUTYO
  WAWA
TERESA BAGUMBAYAN
  DALIG
  MAY-IBA
  PRINZA

More updates to come….",,"152",,,,,"152","229","1411108036000","https://www.facebook.com/meralco/posts/pfbid02BmW2j2dC8caTVEfkZDerYHrkP7ucnXUYSTTU3BXBLeUpwTdnyFUU9JzufBr66Uqel"
,,,,,,,,,,,,,,,,,,,,"100068612142206","MMDA","https://scontent-iad3-1.xx.fbcdn.net/v/t39.30808-1/242803846_162321929398211_6744508622629887688_n.jpg?stp=cp0_dst-jpg_tt6&cstp=mx604x604&ctp=s40x40&_nc_cat=1&ccb=1-7&_nc_sid=2d3e12&_nc_ohc=-GxMrIa-rlcQ7kNvwHsCJ-2&_nc_oc=AdrGdCHRzhSbOVYY0taJrJ_lhu8gQTjtTH3QMfRmjpATKGzgkv4xJ0IbyloEwAENX7Q&_nc_zt=24&_nc_ht=scontent-iad3-1.xx&_nc_gid=9g9CLFujZgsCA-4_p2i0tQ&_nc_ss=7c2a8&oh=00_AQBjAMXL9frOK5wiJ94-tZ-OKC-N3mqWFjsL-SAK1ZQO6Q&oe=6A602ED2","https://www.facebook.com/MMDAPH","24","768470679858263","[Admin 03] FLOOD ALERT: Marcos Highway - Sumulong, passable to light vehicles. Masinag, not passable to light vehicles per Antipolo Traffic.",,"79",,,,,"79","45","1411161046000","https://www.facebook.com/MMDAPH/posts/pfbid0NPSuDJEFa2AgCJFnxVBBTzmEUndSa6t7G8JzWjHkFLEhcc6zt5P2zrytXouKNfeXl"
,,,,,,,,,,,,,,,,,,,,"100068612142206","MMDA","https://scontent-iad3-1.xx.fbcdn.net/v/t39.30808-1/242803846_162321929398211_6744508622629887688_n.jpg?stp=cp0_dst-jpg_tt6&cstp=mx604x604&ctp=s40x40&_nc_cat=1&ccb=1-7&_nc_sid=2d3e12&_nc_ohc=-GxMrIa-rlcQ7kNvwHsCJ-2&_nc_oc=AdrGdCHRzhSbOVYY0taJrJ_lhu8gQTjtTH3QMfRmjpATKGzgkv4xJ0IbyloEwAENX7Q&_nc_zt=24&_nc_ht=scontent-iad3-1.xx&_nc_gid=WeGQ-XStzGrR76t1ATFNNQ&_nc_ss=7c2a8&oh=00_AQAi6HK_KfHsi56S98a6jQlq5LILwKSjyidUKeb-Td5adg&oe=6A602ED2","https://www.facebook.com/MMDAPH","25","768311933207471","[Admin 03] FLOOD UPDATE: As of 8:30 PM E.Rodriguez Araneta EB/WB - Passable, SM Center point to pureza - not passable to all types of vehicles. #mmda",,"53",,,,,"53","17","1411130679000","https://www.facebook.com/MMDAPH/posts/pfbid02sCgtoW3Cyhv8ijNrw54USuVbFbuTzPzZHpw4T8qpDqxzu6neGP2JTGq1ZCtNQtswl"
,,,,,,,,,,,,,,,,,,,,"100068612142206","MMDA","https://scontent-iad3-1.xx.fbcdn.net/v/t39.30808-1/242803846_162321929398211_6744508622629887688_n.jpg?stp=cp0_dst-jpg_tt6&cstp=mx604x604&ctp=s40x40&_nc_cat=1&ccb=1-7&_nc_sid=2d3e12&_nc_ohc=-GxMrIa-rlcQ7kNvwHsCJ-2&_nc_oc=AdrGdCHRzhSbOVYY0taJrJ_lhu8gQTjtTH3QMfRmjpATKGzgkv4xJ0IbyloEwAENX7Q&_nc_zt=24&_nc_ht=scontent-iad3-1.xx&_nc_gid=WeGQ-XStzGrR76t1ATFNNQ&_nc_ss=7c2a8&oh=00_AQAi6HK_KfHsi56S98a6jQlq5LILwKSjyidUKeb-Td5adg&oe=6A602ED2","https://www.facebook.com/MMDAPH","19","768081523230512","[Admin 03] FLOOD ALERT as of 8:54 am: #MarikinaRiver water level at 19.5m as of 8:50am. 9-19-14 all floodgates open (Critical Alert Level ) FORCED EVACUATION.",,"83",,,,,"83","106","1411088078000","https://www.facebook.com/MMDAPH/posts/pfbid02xPLufSpknCj93erNv5Ea75b7SttRWwEQf74sTHRNMiK78y7zUpQawLZLCwEWRoq7l"
"No photo description available.","10154649919855077","photo","https://www.facebook.com/photo/?fbid=10154649919855077&set=a.636617118505687",,,,,,,,,,,,,,,,,"100064722129152","Ziebart / CarSavers Philippines","https://scontent-iad6-1.xx.fbcdn.net/v/t39.30808-1/480777879_1054268033407258_3957178535865045726_n.jpg?stp=cp0_dst-jpg_tt6&cstp=mx884x869&ctp=p40x40&_nc_cat=106&ccb=1-7&_nc_sid=2d3e12&_nc_ohc=rWgNIbrUZzsQ7kNvwE2dqlo&_nc_oc=AdoMW_GLyYusMl7zJPR-mg2Faz6d-ho8NJ6anhZTfCsdq8-Mn2f4IQS5v_IgIcAHlvI&_nc_zt=24&_nc_ht=scontent-iad6-1.xx&_nc_gid=WeGQ-XStzGrR76t1ATFNNQ&_nc_ss=7c2a8&oh=00_AQD5GQngOC0-PNZ5t12htzSjUi-thE8aXGXKl9yFymSIgg&oe=6A603187","https://www.facebook.com/ziebartphilippines","353","10154649919855077","Flooded Car?  Here's what to do:

1. Immediately disconnect the negative cable of your car battery to avoid any possible short circuit. This is also to protect the ECU or computer box from damage.
2. Do not start the engine. Try to push the car out to higher ground or try jacking it with the car jack.
3. Disengage and release the parking brake. Keep the transmission in 1st gear (for manual transmission) or ""P"" (for automatic transmission) to prevent the brake canvas from sticking. This is even more important for cars that use drum brakes.
4. Take plenty of photos both inside and outside the car to document any damage or how deep the car was underwater. This will be useful for both the Insurance and/or Professional Mechanic to determine the extent of the damage.
5. Wait at least 24 hours before you do anything to the vehicle, giving it time to drain, if not completely dry out.
6. If the water got so deep that the dashboard was covered, do not try to start it at all. If any liquid is in the cylinders it will cause damage to the engine. Most of the electronics in the car would have been submerged at this depth, as well.
7. If you don’t think the water got that high, it’s still best to take a look at the oil dipstick to see if there are any traces of water in the lubrication system. If so, assume the engine is flooded and don’t try to start it.
8. You’re in better shape if the water stayed below the center line of your wheels. Nevertheless, let the interior air out as much as possible before trying to start it, taking out the floor mats, trunk mat and even the seats. Much of the wiring and some of the computers in today’s cars are located under the carpet and console box, so even if the engine compartment was not inundated, you could still experience faults to secondary systems.
9. When in doubt, either have your vehicle towed to your trusted service center or call your professional mechanic/electrician for a more thorough inspection and assessment.",,"3976",,,"1","1","3978","4859","1411087179000","https://www.facebook.com/photo.php?fbid=10154649919855077&set=a.636617118505687&type=3"
,,,,,,,,,,,,,,,,,,,,"100064378131602","Chinabank PH","https://scontent-iad6-1.xx.fbcdn.net/v/t39.30808-1/683266637_1404051111750813_3357396374425605054_n.jpg?stp=cp0_dst-jpg_tt6&cstp=mx960x960&ctp=s40x40&_nc_cat=109&ccb=1-7&_nc_sid=2d3e12&_nc_ohc=x8Gv8W8JgksQ7kNvwEJ_ZVB&_nc_oc=AdoCycVixaCxh1n59JE1k7idxRY9kXNmJ2pyKtAwZmA5jYg9Q8CZrQ-sBx1UjRSq5S8&_nc_zt=24&_nc_ht=scontent-iad6-1.xx&_nc_gid=WeGQ-XStzGrR76t1ATFNNQ&_nc_ss=7c2a8&oh=00_AQASUrDpChGuxck0jWtoT4iPlTZYlfUmHEJ-9i80z3zXLA&oe=6A601232","https://www.facebook.com/chinabank.ph","1","840293439348369","China Bank Management Advisory:

Please be informed that China Bank branch banking hours today is shortened to 1:00pm for all Metro Manila branches. Nearby provincial branches affected by heavy rains and flood will likewise close for the day. Additionally, China Bank offices, branches and centers will have early dismissal of 2:00 pm today. Thank you.",,"88",,,,,"88","35","1411104924000","https://www.facebook.com/chinabank.ph/posts/pfbid02XaHLStgVekzLhZoFVrHx1B2zJPbXv3HGc6gktKpBduKqY8CQgDz4Ytz8Dk5YBdrgl"
,,,,,,,,,,,,,,,,,,,,"100068612142206","MMDA","https://scontent-iad3-1.xx.fbcdn.net/v/t39.30808-1/242803846_162321929398211_6744508622629887688_n.jpg?stp=cp0_dst-jpg_tt6&cstp=mx604x604&ctp=s40x40&_nc_cat=1&ccb=1-7&_nc_sid=2d3e12&_nc_ohc=-GxMrIa-rlcQ7kNvwHsCJ-2&_nc_oc=AdrGdCHRzhSbOVYY0taJrJ_lhu8gQTjtTH3QMfRmjpATKGzgkv4xJ0IbyloEwAENX7Q&_nc_zt=24&_nc_ht=scontent-iad3-1.xx&_nc_gid=WeGQ-XStzGrR76t1ATFNNQ&_nc_ss=7c2a8&oh=00_AQAi6HK_KfHsi56S98a6jQlq5LILwKSjyidUKeb-Td5adg&oe=6A602ED2","https://www.facebook.com/MMDAPH","6","768116623227002","[Admin 03] Flood Alert as of 9:42am: #MarikinaRiver water level at 19.7m as of 9:30am. 9-19-14 all floodgates open (Critical Alert Level ) FORCED EVACUATION.",,"70",,,,,"70","103","1411090980000","https://www.facebook.com/MMDAPH/posts/pfbid0XBZtHxbXyu9f6Rg9ukaGaG8RVYxu7h2wBG8cW5ReFdTqFx4MdDBvRtWVc13yfS1hl"
,,,,,,,,,,,,,,,,,,,,"100064445723899","ANC 24/7","https://scontent-iad3-1.xx.fbcdn.net/v/t39.30808-1/609053834_1328721385952706_4253439834983056076_n.jpg?stp=cp0_dst-jpg_tt6&cstp=mx2048x2048&ctp=s40x40&_nc_cat=1&ccb=1-7&_nc_sid=2d3e12&_nc_ohc=RAU_RPiKxxgQ7kNvwGLy_GT&_nc_oc=AdqMSDYmD5Jmt29_RmIjxtU42_IIyv-9xESw2la0kP6qV6sl9_le8xwq5N18SO-COc0&_nc_zt=24&_nc_ht=scontent-iad3-1.xx&_nc_gid=PLe46vdqTICL1lc9iS1fXQ&_nc_ss=7c2a8&oh=00_AQAUm5cBzgKaJwKQK4aMSHqdTa-jfhbesd7qnzdcg8-Fwg&oe=6A60214E","https://www.facebook.com/ANCalerts","8","10152466406748791","MERALCO ADVISORY ON FLOODED AREAS WITHOUT ELECTRICITY
Power switched off due to floods in the ff. areas:

Manila - Tondo (Gagalangin), Tondo Proper (Bao, C-2, F.Yuseco, Gen Lukban, Juan Luna, Raxabago, Solis)
SFDM - Bgy. Mariblo, Paraiso
Valenzuela - Pagasa Subd, Serrano Subd, Silangan Park Subd, Upper Serrano, Arty Subd, Manotok Subd, T. Manuel Subd, Don Pedro vill, Elysian Subd, Skyline Subd, Sta Lucia Subd
Malabon - Marcelo Compound, Goldendale Village, La Trinidad Subd, 
Navotas - San Rafael Village
Balintawak - Cypress Village, Kaingin Village, Parkway Village",,"182",,,,,"182","231","1411102317000","https://www.facebook.com/ANCalerts/posts/pfbid06PbgLfe7yjq8ssKXxrQygXnu7dAYpXLtRgxnPDPeAyWkud4mydpLtYXTk1MjU8RCl"
,,,,,,,,,,,,,,,,,,,,"100064662280821","Philippine Animal Rescue Team (P.A.R.T.)","https://scontent-iad3-1.xx.fbcdn.net/v/t39.30808-1/347247974_199349272928243_247460862031640963_n.png?stp=cp0_dst-png&cstp=mx523x523&ctp=s40x40&_nc_cat=1&ccb=1-7&_nc_sid=2d3e12&_nc_ohc=X6OJYdV41eAQ7kNvwGx8KT2&_nc_oc=AdqfIDErR5f30jOMHPbyyZ4it3iX_LxWRC8VMBc_Nff2X13aM3rt8GwQGO9LIAiTpvY&_nc_zt=24&_nc_ht=scontent-iad3-1.xx&_nc_gid=PLe46vdqTICL1lc9iS1fXQ&_nc_ss=7c2a8&oh=00_AQCW_LH0KZoBv_E2ArgZ0Rul8PbvHFQOI3TT4LvKWG3Nhw&oe=6A600EB9","https://www.facebook.com/PhilAnimalRescueTeam","4","807664312617169","If you see a dog tied up and in flood waters up to his neck, please do what you can to untie the dog. And please try to find a safe spot for the dog that's away and out of the flood waters. Just like you and me, they can only swim and tread water for so long. They will eventually get fatigued and cold, and thus, risk drowning. If you can, take the dog with you until their human arrives or at least until it's safe to return them, that would be best. 

There are many people that need help and there are also many animals that have nowhere to go, and for some, these animals are not considered a priority so it's up to the kindhearted and compassionate people to help them out. Do the best you can. 

And remember, swimming isn't necessarily an innate ability for dogs. Some dogs can swim and love the water, some can be taught to swim, but there are others that don't want to have anything to do with the water at all. Some dogs will panic when in water. 

Please NEVER leave your dog tied up or tethered with no way of saving himself. 

#SaveALife
#HelpAStray",,"126",,,,,"126","69","1411147440000","https://www.facebook.com/PhilAnimalRescueTeam/posts/pfbid0t9jQe6xt9PDH6DcV9EdshR41X8s7fRQZGpmBnvoUqaCeD6xpVMgtwv3g6kEmB7ptl"
"No photo description available.","10152245398092260","photo","https://www.facebook.com/photo/?fbid=10152245398092260&set=gm.820387897984322",,,,,,,,,,,,,,,,,"571047259","Clara Dela Croce","https://scontent-iad3-1.xx.fbcdn.net/v/t39.30808-1/467760147_10160088121622260_7329027761642051573_n.jpg?stp=c313.0.1302.1302a_cp0_dst-jpg_tt6&cstp=mx1302x1302&ctp=s24x24&_nc_cat=108&ccb=1-7&_nc_sid=e99d92&_nc_ohc=4arXzQqZjx4Q7kNvwFBarm8&_nc_oc=AdoO2KI25x0okd4BJd4ENJfZ9UGNeaeP6yVMf_1Yr648xWN8wVx0cWJ7YJRSd8O3d1o&_nc_zt=24&_nc_ht=scontent-iad3-1.xx&_nc_gid=PLe46vdqTICL1lc9iS1fXQ&_nc_ss=7c2a8&oh=00_AQAAFXNhix0LZvNyJRy_2mu_BpkxWaL5QUja2Mvx9sMOVg&oe=6A603216","https://www.facebook.com/clara.d.croce","9","820387897984322","Tree - mendous Philippines 

1 tree each for a flood free Philippines 

#FUNtasticPhilippines",,"58",,,,,"58","0","1411117942000","https://www.facebook.com/groups/FUNtastic.Philippines.FUNgroup/permalink/820387897984322/"
,,,,,,,,,,,,,,,,,,,,"100064361212564","Meralco","https://scontent-iad3-1.xx.fbcdn.net/v/t39.30808-1/230469182_4788059357874264_3169537033252175677_n.jpg?stp=cp0_dst-jpg_tt6&cstp=mx960x960&ctp=s40x40&_nc_cat=1&ccb=1-7&_nc_sid=2d3e12&_nc_ohc=ddZf2posRbIQ7kNvwEDy0B6&_nc_oc=Adp62jUcsmzU9_M8QeLcnGvCIE2fvyJtN7zTQLdr6YwgBIum2FWYiN2KHR9ONYhuMJg&_nc_zt=24&_nc_ht=scontent-iad3-1.xx&_nc_gid=PLe46vdqTICL1lc9iS1fXQ&_nc_ss=7c2a8&oh=00_AQCsVinWYc10UkPYiHCL1RGUnx641zoFqoEXM16HbR3evg&oe=6A600277","https://www.facebook.com/meralco","22","916849901661915","UPDATE as of 11:00am 
FLOODED AREAS WITHOUT ELECTRICITY
The electricity on following areas were switched off due to flood 
Manila = Tondo (Gagalangin), Tondo Proper (Bao, C-2, F.Yuseco, Gen Lukban, Juan Luna,       Raxabago, Solis
SFDM = bgy Mariblo, Paraiso
Valenzuela = Pag-Asa Subd, Serrano Subd,  Silangan Park Subd, Upper Serrano, Arty Subd, Manotok Subd, T. Manuel Subd, Don Pedro vill, Elysian Subd, Skyline Subd, Sta Lucia Subd 
Malabon = Marcelo Cmpd, Goldendale Vill, La Trinidad Subd,  
Navotas = San Rafael Vill
Balintawak = Cypress Vill, Kaingin Vill, Parkway Vill, 
More updates to come….",,"47",,,,,"47","33","1411099250000","https://www.facebook.com/meralco/posts/pfbid036xMnond5nkk8xKCmNq6qwW8srpehJkvU8VQp6b4d9kVEA8YUAT4ZmrEYhJZ9jjtUl"
,,,,,,,,,,,,,,,,,,,,"100064361212564","Meralco","https://scontent-iad3-1.xx.fbcdn.net/v/t39.30808-1/230469182_4788059357874264_3169537033252175677_n.jpg?stp=cp0_dst-jpg_tt6&cstp=mx960x960&ctp=s40x40&_nc_cat=1&ccb=1-7&_nc_sid=2d3e12&_nc_ohc=ddZf2posRbIQ7kNvwEDy0B6&_nc_oc=Adp62jUcsmzU9_M8QeLcnGvCIE2fvyJtN7zTQLdr6YwgBIum2FWYiN2KHR9ONYhuMJg&_nc_zt=24&_nc_ht=scontent-iad3-1.xx&_nc_gid=PLe46vdqTICL1lc9iS1fXQ&_nc_ss=7c2a8&oh=00_AQCsVinWYc10UkPYiHCL1RGUnx641zoFqoEXM16HbR3evg&oe=6A600277","https://www.facebook.com/meralco","43","916818681665037","UPDATE AS OF 10:30am 
FLOODED AREAS WITHOUT ELECTRICITY
The electricity of following areas in Bulacan were switched off due to flood:
 Marilao = bgysIbayo, Lias, Nagbalon, Saog
 Meycauayan = Banga, Kaingin, Calvario, Saluysoy, Tugatog",,"83",,,,,"83","102","1411094445000","https://www.facebook.com/meralco/posts/pfbid034ttC24we9nK4QiExsXYggJP2Wu7JUcW63v2JtWu588wFdvcuwoe6FGQfGJBVVA7il"
,,,,,,,,,,,,,,,,,,,,"100064361212564","Meralco","https://scontent-iad3-1.xx.fbcdn.net/v/t39.30808-1/230469182_4788059357874264_3169537033252175677_n.jpg?stp=cp0_dst-jpg_tt6&cstp=mx960x960&ctp=s40x40&_nc_cat=1&ccb=1-7&_nc_sid=2d3e12&_nc_ohc=ddZf2posRbIQ7kNvwEDy0B6&_nc_oc=Adp62jUcsmzU9_M8QeLcnGvCIE2fvyJtN7zTQLdr6YwgBIum2FWYiN2KHR9ONYhuMJg&_nc_zt=24&_nc_ht=scontent-iad3-1.xx&_nc_gid=PLe46vdqTICL1lc9iS1fXQ&_nc_ss=7c2a8&oh=00_AQCsVinWYc10UkPYiHCL1RGUnx641zoFqoEXM16HbR3evg&oe=6A600277","https://www.facebook.com/meralco","32","916812638332308","Update as of 10:00 AM 
FLOODED AREAS WITHOUT ELECTRICITY
The electricity of following areas in Metro Manila were switched off due to flood 
 Malabon = Bgys Acacia, Potrero, Tinajeros, Tugatog
 Valenzuela = Bgys Karuhatan, Marulas, VeinteReales
 Balintawak =  BgysApolonio Samson
 La Loma =  BgysLourdes, Salvacion
 Mabuhay =  Bgys Santol
 New Manila =  Bgys Tatalon
 SFDM =  Bgys Damayan, Del Monte, Masambong, Paraiso, Matalahib, Talayan
 San Jose = Bgys Balingassa, Manresa, Sienna
 Kamuning = Bgys Roxas
 PugadLawin =  Bgys Katipunan, San Antonio
More updates to come…",,"108",,,,,"108","132","1411093441000","https://www.facebook.com/meralco/posts/pfbid0o8ErvSvvB9Th4S3a7v52Z2tmSF1qF77cJ2DKNdRLAWYXo5bdYdRMia5VdZbqbwgl"
,,,,,,,,,,,,,,,,,,,,"100064662280821","Philippine Animal Rescue Team (P.A.R.T.)","https://scontent-iad3-1.xx.fbcdn.net/v/t39.30808-1/347247974_199349272928243_247460862031640963_n.png?stp=cp0_dst-png&cstp=mx523x523&ctp=s40x40&_nc_cat=1&ccb=1-7&_nc_sid=2d3e12&_nc_ohc=X6OJYdV41eAQ7kNvwGx8KT2&_nc_oc=AdqfIDErR5f30jOMHPbyyZ4it3iX_LxWRC8VMBc_Nff2X13aM3rt8GwQGO9LIAiTpvY&_nc_zt=24&_nc_ht=scontent-iad3-1.xx&_nc_gid=PLe46vdqTICL1lc9iS1fXQ&_nc_ss=7c2a8&oh=00_AQCW_LH0KZoBv_E2ArgZ0Rul8PbvHFQOI3TT4LvKWG3Nhw&oe=6A600EB9","https://www.facebook.com/PhilAnimalRescueTeam","5","807437239306543","Keep Safe, Everyone!!! 

With flood waters rising in many places, please make sure that you DO NOT LEAVE your fur kids behind! If you need to evacuate, please TAKE THEM with you. 

DO NOT leave them tied, leashed, or tethered. DO NOT leave them crated or caged. They need to be able to escape when flood waters start rising. 

Make sure to have your contact information written on their collar. 

If you absolutely have to leave them for a short amount of time, find someone you know and trust. But get back to them as soon as humanly possible. 

They're not just our pets, they're FAMILY and we don't leave family behind. 

Be safe. Help others. Help the strays.",,"94",,,,,"94","64","1411104000000","https://www.facebook.com/PhilAnimalRescueTeam/posts/pfbid02nAmcZmddSfoT8mnudbGMZewCPADrW2C2ZcoRFfyw1DQg312brKMCtio8xeM8m86Fl"
,,,,,,,,,,,,,,,,,,,,"100064434859879","Salamat Dok","https://scontent-iad6-1.xx.fbcdn.net/v/t39.30808-1/352296505_210499085212037_2966257360192655285_n.jpg?stp=cp0_dst-jpg_tt6&cstp=mx800x800&ctp=s40x40&_nc_cat=106&ccb=1-7&_nc_sid=2d3e12&_nc_ohc=jE5TSpr081QQ7kNvwE6jSz7&_nc_oc=Adpkz_XOrzWzhgz3xIR61xrq1htOahIJHFve0vqWgkbFEPAiu3IlHzQDj2do-igITu0&_nc_zt=24&_nc_ht=scontent-iad6-1.xx&_nc_gid=Ithot7GcS5bd4FxhL2QOdg&_nc_ss=7c2a8&oh=00_AQDHvyV1SzCnzidi2JjPhBJxVC6SP8SSOFC04ndx6Z7rtA&oe=6A6026DD","https://www.facebook.com/ABSCBNsalamatdok","11","693683760687435","RT @MMDA FLOOD UPDATES as of 12:45 PM [Admin 03]

EDSA

6:12 AM, Fema Rd. Gutter Deep
6:12 AM, Dario Bridge Gutter Deep
6:27 AM, Balintawak Not Passable all Types of Vehicles
6:05 AM, North Ave Subsided 8:06 AM. (Passable).
6:31 AM, Quezon Ave SB Subsided 7:57 AM. (Passable)
6:57 AM, Quezon Ave NB (Not Passable all Types of Vehicles)

C5 Area

7:48 AM, C5 Tiendesitas NB/SB Gutter Deep, Subsided 9:41 AM (Passable)
6:39 AM, C5 Libis Gutter Deep, Subsided 7:30 AM, (Passable)
6:23 AM, C5 Ateneo Gate 2 Gutter Deep, Subsided 8:48 AM, (Passable)
10:25 AM, C5 Eagle St. Gutter Deep, Subsided 9:00 AM, (Passable)
7:46 AM, C5 BCDA SB Gutter Deep, Subsided 9:06 AM, (Passable)
8:06 AM, C5 Ortigas Rd. EB/WB (Not Passable all Types of Vehicles) Subsided 9:47 AM (Passable)

Manila Area

7:12 AM, RMB V. Mapa Gutter Deep
7:12 AM, Along España (Not Passable all Types of Vehicles)
7:30 AM, Nagtahan NB/SB Gutter Deep
RMB Vicente Cruz Gutter Deep
M. Dela Fuente Gutter Deep
7:45 AM, Delpan SB Gutter Deep
7:53 AM, RIO Mariones Gutter Deep
RIO Capulong Gutter Deep
7:53 AM, Quirino Taft EB (Not Passable all Types of Vehicles)
8:06 AM, RMB Pureza (Not Passable all Types of Vehicles)
9:18 AM Lacson Fajardo Gutter Deep

South

6:16 AM, Dr, A Santos Subsided 7:59 AM. (Passable.)
7:15 AM, Andrews Tramo Gutter Deep
11:05 AM, Osmeña Buendia (Not Passable all Types of Vehicles)

East

6:10 AM, Ortigas WB C. Raymundo Gutter Deep
7:12 AM, Marcos Highway EB/WB Before Masinag (Not Passable all Types of Vehicles)
Gil Fernando Dragon St. Gutter Deep
7:48 AM, San Juan area
F. Manalo (Not Passable all Types of Vehicles)
Brgy. Salapan (Not Passable all Types of Vehicles)
Brgy. Batis (Not Passable all Types of Vehicles)
8:00 AM, Ortigas Santolan WB Gutter Deep

Quezon Ave

6:15 AM, Commonwealth T. Sora EB Subsided 6:29 AM. (Passable)
7:17 AM, Commonwealth Balara (NPATV) Subsided 9:44 AM, (Passable)
6:19 AM, Maria Clara (NPATV)
11:43 AM, Biak na Bato (NPATV)
6:42 AM, Quezon Ave Capitol EB Gutter Deep
6:57 AM, Gilmore EB (NPATV) Subsided 10:13 AM, (Passable)
7:19 AM, Broadway 9th St. (NPATV) Subsided 10:09 AM, (Passable)
7:24 AM, Aurora SM C. Point (NPATV)
7:36 AM, Kamias/Kalayaan (NPATV)
7:46 AM, Along E. Road (NPATV)
7:51 AM, Chino St. J.P Rizal (NPATV)
8:14 AM, Luna Anonas (NPATV)
8:14 AM, V. Luna Anonas (NPATV)
7: 46 AM, Whiteplains Katipunan Gutter Deep
7:35 AM, Along Project 4 Brgy. Tagumpay (NPATV)

North

6:34 AM, Sangandaan Gutter Deep
8:05 AM, Monumento Circle Gutter Deep
7:25 AM, Calle uno (NPALV)
8:30 AM, Maypajo Caloocan (NPATV)
9:53 AM, C3 10th Ave Dagat Dagatan (NPATV)

West

11:43 AM, Mc Arthur A. Fernando (NPATV) MMDA",,"258",,,,,"258","69","1411104988000","https://www.facebook.com/ABSCBNsalamatdok/posts/pfbid0jyKhjiPuJwzUojuspZa4vwykdxi6iHvtKBgRaemcLyZr7fn15LEVtFWmQYxGCSz8l"
,,,,,,,,,,,,,,,,,,,,"100064361212564","Meralco","https://scontent-iad3-1.xx.fbcdn.net/v/t39.30808-1/230469182_4788059357874264_3169537033252175677_n.jpg?stp=cp0_dst-jpg_tt6&cstp=mx960x960&ctp=s40x40&_nc_cat=1&ccb=1-7&_nc_sid=2d3e12&_nc_ohc=ddZf2posRbIQ7kNvwEDy0B6&_nc_oc=Adp62jUcsmzU9_M8QeLcnGvCIE2fvyJtN7zTQLdr6YwgBIum2FWYiN2KHR9ONYhuMJg&_nc_zt=24&_nc_ht=scontent-iad3-1.xx&_nc_gid=Ithot7GcS5bd4FxhL2QOdg&_nc_ss=7c2a8&oh=00_AQDYlta8RqqCsxZbgN3gabtoA6BKaiEDvPqXS4ISML1f6g&oe=6A600277","https://www.facebook.com/meralco","15","916801631666742","Updates:

Areas that were switched off due to flooding.

-Roosevelt Avenue
-Champaca ST. in Roxas District
-Scout Ojeda
-Old Samson Road in Balintawak 

Please bear with us.",,"57",,,,,"57","26","1411091321000","https://www.facebook.com/meralco/posts/pfbid0ogaMowLbHWcQbmEE1jkyKK3cyyBgNb596F3CJWCdLQrj3hBWgLW7BZNffraC3Ux4l"
,,,,,,,,,,,,,,,,,,,,"100044252595162","Crossfire Philippines","https://scontent-iad6-1.xx.fbcdn.net/v/t39.30808-1/339641117_1842012242825746_969451472973480669_n.png?stp=cp0_dst-png&cstp=mx300x300&ctp=s40x40&_nc_cat=106&ccb=1-7&_nc_sid=2d3e12&_nc_ohc=3DBuZW--GeUQ7kNvwHd2yTu&_nc_oc=AdqZeqTGiLBunwjl6gA78-tW9QAway9FnQjpKHdeW3S4HGhFk63MdkwpIqnnw-GBK_o&_nc_zt=24&_nc_ht=scontent-iad6-1.xx&_nc_gid=Ithot7GcS5bd4FxhL2QOdg&_nc_ss=7c2a8&oh=00_AQBa0hHdxqH-JM6_17A-ftSjC0sGAcdxTWGTtdKXR4rg5g&oe=6A600BA0","https://www.facebook.com/cfphofficial","453","10152705600370050","Attention Troopers!

Due to the heavy rainfall and floods, please stay indoors or inside the internet cafes to be safe. With that, we are pleased to announce that we will have a RED WARNING EXP event this whole weekend. Here is the schedule:

September 19, 2014 (FRIDAY)
2:00PM-2:59PM = 100% EXP Boost
3:00PM-4:59PM = 200% EXP Boost
5:00PM-6:59PM = 300% EXP Boost

September 20, 2014 (SATURDAY)
10:00AM-12:59PM = 100% EXP and GP Boost
1:00PM-4:00PM = 200% EXP Boost and No Death Record

September 21, 2014 (SUNDAY)
9:00AM-11:59AM = 100% EXP Boost and No Death Record
12:00PM-3:00PM = 200% EXP and GP Boost

Keep safe guys. Enjoy playing while waiting for the flood to subside or the rain to stop. 

#RedWarning
#WalangBahaBaha

Sincerely,
Crossfire Team",,"398",,,,,"398","32","1411106671000","https://www.facebook.com/cfphofficial/posts/pfbid02F6oYHkWHMBZFGBySbh2GDXeMChC1edSSYXQizvWpn8A46uzvgkpZqaE4NRErNteQl"
,,,,,,,,,,,,,,,,,,,,"100044173372515","Mayor Leni Robredo","https://scontent-iad6-1.xx.fbcdn.net/v/t39.30808-1/291319610_625878135561293_1598963555746112165_n.jpg?stp=c0.29.1991.1990a_cp0_dst-jpg_tt6&cstp=mx1991x1990&ctp=s40x40&_nc_cat=100&ccb=1-7&_nc_sid=2d3e12&_nc_ohc=F5OHWrbwYlEQ7kNvwETRr8N&_nc_oc=AdplCIJPP7U4gx_WSERU5PjnRBJFf2-gPI0Ngk5AsicY2CxXypI42_XmvvH4B-MDkP0&_nc_zt=24&_nc_ht=scontent-iad6-1.xx&_nc_gid=Ithot7GcS5bd4FxhL2QOdg&_nc_ss=7c2a8&oh=00_AQC1ibN8Fg-SOVhiTcn7gD9TP508iNz1Vrkvztlq2tzV-Q&oe=6A600DDA","https://www.facebook.com/MayorLeniRobredo","3","630553703728968","From the Office of Civil Defense, Region 5:

Flood waters in Pili and Ocampo are slowly subsiding but is pooling downstream towards the Naga basin. CDRRMC, BFP, Phil Army, PNP and DPWH are conducting evacuation of residents in low lying areas across the city.",,"100",,,,,"100","3","1411093860000","https://www.facebook.com/MayorLeniRobredo/posts/pfbid02mYBfKso8SXW9aHKefNPnsDp4PHCXTto4nb613QpZedo9jGfAQXVsCMCUxev4HtoDl"
,,,,,,,,,,,,,,,,,,,,"100064335773823","De La Salle University","https://scontent-iad3-1.xx.fbcdn.net/v/t39.30808-1/378857602_733090842178768_7197209918734155991_n.jpg?stp=cp0_dst-jpg_tt6&cstp=mx640x640&ctp=s40x40&_nc_cat=1&ccb=1-7&_nc_sid=2d3e12&_nc_ohc=e3u20V8rYqsQ7kNvwE5x5Ia&_nc_oc=AdoKS8dHZ5MJv2ggjxtsUn_W4IByboyemfsgkZXnRDlaeuoehHgKpt4jDchDaYHxQpQ&_nc_zt=24&_nc_ht=scontent-iad3-1.xx&_nc_gid=Ithot7GcS5bd4FxhL2QOdg&_nc_ss=7c2a8&oh=00_AQCWGGoYO9Gje1bfEXbInh_Xy2Ox-EXsfOvFI63-DJrSvw&oe=6A6004EB","https://www.facebook.com/DLSU.Manila.100","7","793548630688974","Due to flooding and inclement weather, NSTP (CWTS and ROTC) session/training is cancelled tomorrow, September 20, 2014. 

Thank you.",,"171",,,,,"171","34","1411112640000","https://www.facebook.com/DLSU.Manila.100/posts/pfbid0YNG7WfxsmPU8MGjn73u1WMaFENcxQXXD2zCkxJGYct4CQitrxBUxwLSddCaE8Vzsl"
"No photo description available.","712398972147099","photo","https://www.facebook.com/photo/?fbid=712398972147099&set=a.555061476658201",,,,,,,,,,,,,,,,,"100064630604372","UST Growling Tigers","https://scontent-iad3-2.xx.fbcdn.net/v/t39.30808-1/590936999_1251148407049501_6264276846299866214_n.jpg?stp=cp0_dst-jpg_tt6&cstp=mx1200x1200&ctp=s40x40&_nc_cat=105&ccb=1-7&_nc_sid=2d3e12&_nc_ohc=559KfYaHhaMQ7kNvwFnlZ5T&_nc_oc=Adql2KOHcgzROGI_HBda6c3GkVeFJoEK-g_Q1SRB0OEITgT4ZTRkfnYP93lxCFGueaY&_nc_zt=24&_nc_ht=scontent-iad3-2.xx&_nc_gid=Ithot7GcS5bd4FxhL2QOdg&_nc_ss=7c2a8&oh=00_AQBc1LaxF0gofDIVNLQAhQPkYk9wJ8gY8UGe38ic-kG41Q&oe=6A6018DE","https://www.facebook.com/USTGrowlingTigers","27","712398972147099","Our beautiful campus amidst the flood and despite the storm! Viva Santo Tomas! :)",,"2688",,,,,"2688","350","1411183223000","https://www.facebook.com/photo.php?fbid=712398972147099&set=a.555061476658201&type=3"
,,,,,,,,,,,,,,,,,,,,"100068556045403","SM City Sta. Mesa","https://scontent-iad3-1.xx.fbcdn.net/v/t39.30808-1/366741552_597956119166251_2041743288803856927_n.jpg?stp=cp0_dst-jpg_tt6&cstp=mx1200x1200&ctp=s40x40&_nc_cat=108&ccb=1-7&_nc_sid=2d3e12&_nc_ohc=RPyTUai0uacQ7kNvwHScKLW&_nc_oc=Adpu5qUv4X6vE_aJfC-HaKk8AgfT4ELU-86TOet6XwTCbNlVeV3h_aDVGFjN7Mi7Sog&_nc_zt=24&_nc_ht=scontent-iad3-1.xx&_nc_gid=Dd4FmAaueTjKdeEQNp2wjA&_nc_ss=7c2a8&oh=00_AQDScQN9NI8bFg17Db7Jh9bw13cOCrM_jic3KgXXAOMp5g&oe=6A601DC9","https://www.facebook.com/SMCityStaMesa","9","849451085074767","To all our valued customers 

Magsaysay / Aurora with knee deep flood and passable to large vehicles only when Araneta is no longer passable.

SM City Sta. Mesa is flood-free so you may stay inside the mall to ensure your safety.

Thank you!",,"85",,,,,"85","3","1411119415000","https://www.facebook.com/SMCityStaMesa/posts/pfbid0U3jTvWxnFQ14vqeQVLad6kZbHwGrVKDXErh2a4WLdkKta4wKd4E722zr5SK8d2enl"
"No photo description available.","1557982257756957","photo","https://www.facebook.com/photo/?fbid=1557982257756957&set=a.206775951675932",,,,,,,,,,,,,,,,,"100070305855554","PNoy Page","https://scontent-iad3-1.xx.fbcdn.net/v/t39.30808-1/296449339_206775971675930_9212804562515574732_n.jpg?stp=c27.0.297.297a_cp0_dst-jpg_tt6&cstp=mx297x297&ctp=s40x40&_nc_cat=110&ccb=1-7&_nc_sid=2d3e12&_nc_ohc=_vW34Zcl_kkQ7kNvwHq8D8j&_nc_oc=AdowhTFZZ7OLZjl_lA40tbkDdOHgCor_VOHB_uZ5c_UNY177TK-VSLxEfryPp_T7pww&_nc_zt=24&_nc_ht=scontent-iad3-1.xx&_nc_gid=Dd4FmAaueTjKdeEQNp2wjA&_nc_ss=7c2a8&oh=00_AQCU9hWrMc3Rn-6uUNA1t2BWocZ3rCiauRZ_3grg4JmpeA&oe=6A603488","https://www.facebook.com/OMTFP","118","1557982257756957","Ito ang katotohanan, kahit ano pang flood control project ang gawin kung ang mga canal naman ay puno ng mga BASURA galing sa mga taong walang disiplina, tapos turo agad sa Gobyerno ang kamalasan. 

Kailan ka matututo?",,"550",,,,,"550","70","1411117430000","https://www.facebook.com/photo.php?fbid=1557982257756957&set=a.206775951675932&type=3"
,,,,,,,,,,,,,,,,,,,,"100001567207528","Marko Pablo","https://scontent-iad3-1.xx.fbcdn.net/v/t1.6435-1/72188429_2706434536085427_1699169670243811328_n.jpg?stp=cp0_dst-jpg_tt6&cstp=mx130x130&ctp=s24x24&_nc_cat=110&ccb=1-7&_nc_sid=e99d92&_nc_ohc=N2MxxPW0-GIQ7kNvwHnVVrd&_nc_oc=AdpDuPmLzrIrS6dib8mTGyUJk1OUwp5vmIRemyNND_5nj6K9sQwsyRb16l-c9kObH7o&_nc_zt=24&_nc_ht=scontent-iad3-1.xx&_nc_gid=Dd4FmAaueTjKdeEQNp2wjA&_nc_ss=7c2a8&oh=00_AQBpiCFsH3Dq_gY_AWeIeCRKErLGSx2ChYTO1LYB-f-nbQ&oe=6A81ABEC","https://www.facebook.com/marklawinto","115","677736498983706","Grabe naman yan oh! Saan na ang sinasabi nilang bilyon pundo saan kaya napunta yun?",,"70",,,,,"70","0","1411118563000","https://www.facebook.com/groups/GisingNaPiipinas/permalink/677736498983706/"
,"763656427007148","video",,,,,,,,,,,,,,,,,,"100064292635388","Tarantadong Pinoy","https://scontent-iad3-2.xx.fbcdn.net/v/t39.30808-1/306949760_471280415025042_6853607017221774735_n.jpg?stp=cp0_dst-jpg_tt6&cstp=mx400x400&ctp=s40x40&_nc_cat=103&ccb=1-7&_nc_sid=2d3e12&_nc_ohc=gP6cPZ8-hOMQ7kNvwFDXTnJ&_nc_oc=AdqTp70DpZYptaKg3MiWeXcf1pAYIs4tMZBKppVtsPmtzcPbDm-MwsQjCmPATajUC6c&_nc_zt=24&_nc_ht=scontent-iad3-2.xx&_nc_gid=Dd4FmAaueTjKdeEQNp2wjA&_nc_ss=7c2a8&oh=00_AQBvxBAZWX6FOGaOBAs0Ttu6uvw84GeEo5cfeCWnZ5mTxw&oe=6A602BAC","https://www.facebook.com/TarantadongPinoy","4","763656427007148","Ang lakas ng agos ng baha sa may R. Papa Station ng LRT.

#MarioPH #Bagyo #Ulan #Baha #Rain #Typhoon #Flood",,"28",,,,,"28","16","1411132605000","https://www.facebook.com/TarantadongPinoy/videos/763656427007148/"
,,,,,,,,,,,,,,,,,,,,"100067118364824","PTV","https://scontent-iad3-1.xx.fbcdn.net/v/t39.30808-1/469778811_1010174501229819_6318900398083369956_n.jpg?stp=cp0_dst-jpg_tt6&cstp=mx768x768&ctp=s40x40&_nc_cat=1&ccb=1-7&_nc_sid=2d3e12&_nc_ohc=FaGq-qwGxNAQ7kNvwFSvMjM&_nc_oc=AdrFolj9N2MAPiOu8ioPq_dCJCAIIXy03nJdY1cY1VgKurs_wTxwkUN2_1dJ19H9Luo&_nc_zt=24&_nc_ht=scontent-iad3-1.xx&_nc_gid=Dd4FmAaueTjKdeEQNp2wjA&_nc_ss=7c2a8&oh=00_AQCCqsxRkf_vLtJJ3exX9wgpKFLBCLsfbcaAtcO4Pv-wtA&oe=6A6006A5","https://www.facebook.com/PTVph","1","770503189677020","#Meralco UPDATE as of 1:00pm: 

FLOODED AREAS WITHOUT ELECTRICITY

The electricity on following areas in Metro Manila were switched off due to flood 

MEYCAUAYAN  BANCAL
BANGA
BAYUGO
CALVARIO
HULO
LONGOS
MALHACAN
POBLACION
SALUYSOY
ST. FRANCIS
ZAMORA
BIÑAN  MALAMIG
CALAMBA  BAGONG KALSADA
BUCAL
CALAMBA
CANLUBANG
HALANG
LA MESA
LECHERIA
MAPAGONG
PACIANO RIZAL
PANSOL
PARIAN
REAL
LOS BAÑOS  BATONG MALAKE
LOS BAÑOS
MAAHAS
PUTHO-TUNTUNGIN
SAN ANTONIO
STA. ROSA  DON JOSE
MALABON  POTRERO
TINAJEROS
MANILA CITY  TONDO
MARIKINA  CONCEPCION I
MALANDAY
NANGKA
PARAÑAQUE  BACLARAN
MERVILLE
SN MARTIN DE PORRES
PASAY CITY  PASAY CITY
Q. C.-BALINTAWAK  APOLONIO SAMSON
Q. C.-KAMUNING  ROXAS
Q. C.-LA LOMA  LOURDES
SALVACION
Q. C.-NEW MANILA  TATALON
Q. C.-PUGAD LAWIN  SAN ANTONIO
Q. C.-SAN FRANCISCO DAMAYAN
DEL MONTE 
DEL MONTE
MARIBLO
MASAMBONG
PARAISO
STO. DOMINGO (MATALAHIB)
TALAYAN
Q. C.-SAN JOSE  BALINGASA
MANRESA
SAN JOSE
SIENNA
VALENZUELA  CARUHATAN
DALANDANAN
MALINTA
MARULAS
MAYSAN
POBLACION
VEINTE REALES
ANTIPOLO  MAMBUGAN
MAYAMOT
SAN JOSE
SAN LUIS
BARAS  CONCEPCION
EVANGELISTA
MABINI
PINUGAY
RIZAL
SAN JOSE
SAN JUAN
SAN MIGUEL
SAN SALVADOR
SANTIAGO
BINANGONAN  MAHABANG PARANG
MAMBOG
TATALA
CAINTA  SAN ISIDRO
CARDONA  CALAHAN
DALIG
DEL REMEDIO
IGLESIA
LOOC
PATUNHAY
REAL
SAN ROQUE
JALA-JALA  BAGUMBONG
MORONG  BOMBONGAN
CANIOGAN-CALERO-LANANG
LAGUNDI
MAYBANCAL
SAN GUILLERMO
SAN JOSE
SAN JUAN
SAN PEDRO
PILILLA  BAGUMBAYAN
HALAYHAYIN
HULO
IMATONG
MALAYA
NIOGAN
QUISAO
WAWA
RODRIGUEZ (MONTALBAN) BURGOS
SAN MATEO  AMPID II
BANABA
MALY
TANAY  KATIPUNAN-BAYANI
KAYBUTO
MAG-AMPON
PINAGKAMALIGAN
PLAZA ALDEA
SAMPALOC
SAN ISIDRO
TABING ILOG
TANDANG KUTYO
WAWA
TERESA  BAGUMBAYAN
DALIG
MAY-IBA
PRINZA",,,,,,,"0","2","1411108313000","https://www.facebook.com/PTVph/posts/pfbid02hsfLPV5hqQc1oBK12zssRt4ih3FyZyDoMRzMSancR8Hs27r1m5uc9cWQ2UCz3jdel"
"No photo description available.","10152750395541747","photo","https://www.facebook.com/photo/?fbid=10152750395541747&set=a.461753258645582",,,,,,,,,,,,,,,,,"100044327355001","Alodia Gosiengfiao","https://scontent-iad3-1.xx.fbcdn.net/v/t39.30808-1/746589413_1586566412830922_3880094317002905512_n.jpg?stp=c0.0.1536.1536a_cp0_dst-jpg_tt6&cstp=mx1536x1536&ctp=s40x40&_nc_cat=1&ccb=1-7&_nc_sid=2d3e12&_nc_ohc=W2m5JYHrkZIQ7kNvwGVtYSM&_nc_oc=Adq9Iz-3sBcl0YnDkaev1z8MkcF1eHP-DOLjl_qlNiZ93C0V-u86lTvpWI-Yuq3G0-Q&_nc_zt=24&_nc_ht=scontent-iad3-1.xx&_nc_gid=Dd4FmAaueTjKdeEQNp2wjA&_nc_ss=7c2a8&oh=00_AQBPRYp6g-axeiZZxuNcCHvVLGQxwys8mkR1zhaL-z5rWA&oe=6A600FAE","https://www.facebook.com/AlodiaGosiengfiao","449","10152750395541747","""Kuya...I think it's safer not to bike in the flood.... :("" 

Hope you guys are safe back in Manila!:( I heard the typhoon is really bad right now and I am also worried about this weekend's Best Of Anime event! I'm currently in Japan so I can't attend but please take care everyone! 

Photo taken in Marikina by fellow Toy Collector Cholo Mallillin",,,,,,,"0","211","1411094308000","https://www.facebook.com/photo.php?fbid=10152750395541747&set=a.461753258645582&type=3"
"No photo description available.","10152406918625168","photo","https://www.facebook.com/photo/?fbid=10152406918625168&set=a.650104283831498",,,,,,,,,,,,,,,,,"100064957951102","ABS-CBN News","https://scontent-iad3-1.xx.fbcdn.net/v/t39.30808-1/612193561_1385784586930127_8766501501849307524_n.jpg?stp=cp0_dst-jpg_tt6&cstp=mx513x511&ctp=s40x40&_nc_cat=1&ccb=1-7&_nc_sid=2d3e12&_nc_ohc=jjMlUL_Ip04Q7kNvwEpGnPD&_nc_oc=AdrRejUTL_ILJxgF1SewMDmlTdT4X9MgkkQ9W1lv1YFdLOSpBlRj47Vaz_H-VlKh0y8&_nc_zt=24&_nc_ht=scontent-iad3-1.xx&_nc_gid=704D6THUcdDB_x9yxQkeYA&_nc_ss=7c2a8&oh=00_AQC3JDr54mVu8eIn7s_d3nMuGIe-VI7Jf3bDYzW9wUD2YA&oe=6A600EDC","https://www.facebook.com/abscbnNEWS","380","10152406918625168","Parking of SM Marikina completely flooded. The road leading to C5 inundated. (Photo by Raine Musngi, ABS-CBN News) #MarioPH",,,,,,,"0","1661","1411116042000","https://www.facebook.com/photo.php?fbid=10152406918625168&set=a.650104283831498&type=3"
,,,,,,,,,,,,,,,,,,,,"100068612142206","MMDA","https://scontent-iad3-1.xx.fbcdn.net/v/t39.30808-1/242803846_162321929398211_6744508622629887688_n.jpg?stp=cp0_dst-jpg_tt6&cstp=mx604x604&ctp=s40x40&_nc_cat=1&ccb=1-7&_nc_sid=2d3e12&_nc_ohc=-GxMrIa-rlcQ7kNvwHsCJ-2&_nc_oc=AdrGdCHRzhSbOVYY0taJrJ_lhu8gQTjtTH3QMfRmjpATKGzgkv4xJ0IbyloEwAENX7Q&_nc_zt=24&_nc_ht=scontent-iad3-1.xx&_nc_gid=704D6THUcdDB_x9yxQkeYA&_nc_ss=7c2a8&oh=00_AQB3SWiDTdtJhPU_tHjy7N_GYB2AqAKhzHySX2jeCzQkHw&oe=6A602ED2","https://www.facebook.com/MMDAPH","25","768199286552069","[Admin 03] FLOOD UPDATES as of 1:35 PM, (2/2)

Quezon Ave

6:15 AM, Commonwealth T. Sora EB Subsided 6:29 AM. (Passable) 
7:17 AM, Commonwealth Balara (NPATV) Subsided 9:44 AM, (Passable) 
6:19 AM, Maria Clara (NPATV)
11:43 AM, Biak na Bato (NPATV) 
6:42 AM, Quezon Ave Capitol EB Gutter Deep
6:57 AM, Gilmore EB (NPATV) Subsided 10:13 AM, (Passable) 
7:19 AM, Broadway 9th St. (NPATV) Subsided 10:09 AM, (Passable) 
7:24 AM, Aurora SM C. Point (NPATV)
7:36 AM, Kamias/Kalayaan (NPATV)
7:46 AM, Along E. Road (NPATV)
7:51 AM, Chino St. J.P Rizal (NPATV)
8:14 AM, Luna Anonas (NPATV)
8:14 AM, V. Luna Anonas (NPATV)
7: 46 AM, Whiteplains Katipunan Gutter Deep
7:35 AM, Along Project 4 Brgy. Tagumpay (NPATV)

North

6:34 AM, Sangandaan Gutter Deep
8:05 AM, Monumento Circle Gutter Deep
7:25 AM, Calle uno (NPALV)
8:30 AM, Maypajo Caloocan (NPATV)
9:53 AM, C3 10th Ave Dagat Dagatan (NPATV)

West

11:43 AM, Mc Arthur A. Fernando (NPATV)",,"30",,,,,"30","32","1411105881000","https://www.facebook.com/MMDAPH/posts/pfbid02adRQnrW3JrfAV4UMMM8ZARhMyF34N2bjK2eQVs8F7bcWWJSkdGSmvCZYXvnQHyM3l"
"No photo description available.","713405645416903","photo","https://www.facebook.com/photo/?fbid=713405645416903&set=a.492854702845047",,,,,,,,,,,,,,,,,"100063615651629","Ms. Ruby's Home","https://scontent-iad3-1.xx.fbcdn.net/v/t39.30808-1/299607798_492854719511712_5051750946524480438_n.jpg?stp=cp0_dst-jpg_tt6&cstp=mx266x266&ctp=s40x40&_nc_cat=110&ccb=1-7&_nc_sid=2d3e12&_nc_ohc=H9OqqtN5kI8Q7kNvwFK2AvG&_nc_oc=AdrEiILw7VAlkj1ybUwYWD-ytQRAvfleDZneSJy-VMToT3b3WRgQT_gLSab8nfFxsLw&_nc_zt=24&_nc_ht=scontent-iad3-1.xx&_nc_gid=704D6THUcdDB_x9yxQkeYA&_nc_ss=7c2a8&oh=00_AQD3HU49Gx2GJbHTDSiYaGvsCWjnZ2cbHsuXgXzLw-ilGA&oe=6A603A06","https://www.facebook.com/rubydoobeedoowah","13","713405645416903","Surveying the flood waters in our driveway early this morning. Thank goodness the water's receded. Hope it does too in other places. Praying for everyone's safety. AND PLEASE TELL FRIENDS, FAMILY, NEIGHBORS TO KEEP THE PETS SAFE -- MOVE THEM AWAY FROM THE FLOOD AND RAIN, ETC.",,"16",,,,,"16","0","1411091293000","https://www.facebook.com/photo.php?fbid=713405645416903&set=a.492854702845047&type=3"
,,,,,,,,,,,,,,,,,,,,"100068612142206","MMDA","https://scontent-iad3-1.xx.fbcdn.net/v/t39.30808-1/242803846_162321929398211_6744508622629887688_n.jpg?stp=cp0_dst-jpg_tt6&cstp=mx604x604&ctp=s40x40&_nc_cat=1&ccb=1-7&_nc_sid=2d3e12&_nc_ohc=-GxMrIa-rlcQ7kNvwHsCJ-2&_nc_oc=AdrGdCHRzhSbOVYY0taJrJ_lhu8gQTjtTH3QMfRmjpATKGzgkv4xJ0IbyloEwAENX7Q&_nc_zt=24&_nc_ht=scontent-iad3-1.xx&_nc_gid=704D6THUcdDB_x9yxQkeYA&_nc_ss=7c2a8&oh=00_AQB3SWiDTdtJhPU_tHjy7N_GYB2AqAKhzHySX2jeCzQkHw&oe=6A602ED2","https://www.facebook.com/MMDAPH","12","768198823218782","[Admin 03] FLOOD UPDATES as of 1:35 PM, (1/2)

EDSA

6:12 AM, Fema Rd. Gutter Deep (Passable).
6:12 AM, Dario Bridge Gutter Deep (Passable).
6:27 AM, Balintawak Not Passable all Types of Vehicles (Passable).
6:05 AM, North Ave Subsided 8:06 AM. (Passable).
6:31 AM, Quezon Ave SB Subsided 7:57 AM. (Passable)
6:57 AM, Quezon Ave NB (Not Passable all Types of Vehicles) (Passable).

C5 Area

7:48 AM, C5 Tiendesitas NB/SB Gutter Deep, Subsided 9:41 AM (Passable)
6:39 AM, C5 Libis Gutter Deep, Subsided 7:30 AM, (Passable)
6:23 AM, C5 Ateneo Gate 2 Gutter Deep, Subsided 8:48 AM, (Passable)
10:25 AM, C5 Eagle St. Gutter Deep, Subsided 9:00 AM, (Passable)
7:46 AM, C5 BCDA SB Gutter Deep, Subsided 9:06 AM, (Passable)
8:06 AM, C5 Ortigas Rd. EB/WB (Not Passable all Types of Vehicles) Subsided 9:47 AM (Passable)

Manila Area

7:12 AM, RMB V. Mapa Gutter Deep
7:12 AM, Along España (Not Passable all Types of Vehicles)
7:30 AM, Nagtahan NB/SB Gutter Deep
RMB Vicente Cruz Gutter Deep
M. Dela Fuente Gutter Deep
7:45 AM, Delpan SB Gutter Deep
7:53 AM, RIO Mariones Gutter Deep
RIO Capulong Gutter Deep
7:53 AM, Quirino Taft EB (Not Passable all Types of Vehicles)
8:06 AM, RMB Pureza (Not Passable all Types of Vehicles)
9:18 AM Lacson Fajardo Gutter Deep

South

6:16 AM, Dr, A Santos Subsided 7:59 AM. (Passable.)
7:15 AM, Andrews Tramo Gutter Deep
11:05 AM, Osmeña Buendia (Not Passable all Types of Vehicles)

East

6:10 AM, Ortigas WB C. Raymundo Gutter Deep
7:12 AM, Marcos Highway EB/WB Before Masinag (Not Passable all Types of Vehicles)
Gil Fernando Dragon St. Gutter Deep
7:48 AM, San Juan area
F. Manalo (Not Passable all Types of Vehicles)
Brgy. Salapan (Not Passable all Types of Vehicles)
Brgy. Batis (Not Passable all Types of Vehicles)
8:00 AM, Ortigas Santolan WB Gutter Deep",,"37",,,,,"37","36","1411105751000","https://www.facebook.com/MMDAPH/posts/pfbid026YszySFhcviWA1h9QmQcwXkqoytcikXQQER2riR3SnfPV8q3UJ2WxyrktG7gu6wTl"
,,,,,,,,,,,,,,,,,,,,"100068612142206","MMDA","https://scontent-iad3-1.xx.fbcdn.net/v/t39.30808-1/242803846_162321929398211_6744508622629887688_n.jpg?stp=cp0_dst-jpg_tt6&cstp=mx604x604&ctp=s40x40&_nc_cat=1&ccb=1-7&_nc_sid=2d3e12&_nc_ohc=-GxMrIa-rlcQ7kNvwHsCJ-2&_nc_oc=AdrGdCHRzhSbOVYY0taJrJ_lhu8gQTjtTH3QMfRmjpATKGzgkv4xJ0IbyloEwAENX7Q&_nc_zt=24&_nc_ht=scontent-iad3-1.xx&_nc_gid=704D6THUcdDB_x9yxQkeYA&_nc_ss=7c2a8&oh=00_AQB3SWiDTdtJhPU_tHjy7N_GYB2AqAKhzHySX2jeCzQkHw&oe=6A602ED2","https://www.facebook.com/MMDAPH","20","768190733219591","[Admin 03] FLOOD UPDATES as of 12:45 PM, (2/2)

Quezon Ave

6:15 AM, Commonwealth T. Sora EB Subsided 6:29 AM. (Passable) 
7:17 AM, Commonwealth Balara (NPATV) Subsided 9:44 AM, (Passable) 
6:19 AM, Maria Clara (NPATV)
11:43 AM, Biak na Bato (NPATV) 
6:42 AM, Quezon Ave Capitol EB Gutter Deep
6:57 AM, Gilmore EB (NPATV) Subsided 10:13 AM, (Passable) 
7:19 AM, Broadway 9th St. (NPATV) Subsided 10:09 AM, (Passable) 
7:24 AM, Aurora SM C. Point (NPATV)
7:36 AM, Kamias/Kalayaan (NPATV)
7:46 AM, Along E. Road (NPATV)
7:51 AM, Chino St. J.P Rizal (NPATV)
8:14 AM, Luna Anonas (NPATV)
8:14 AM, V. Luna Anonas (NPATV)
7: 46 AM, Whiteplains Katipunan Gutter Deep
7:35 AM, Along Project 4 Brgy. Tagumpay (NPATV)

North

6:34 AM, Sangandaan Gutter Deep
8:05 AM, Monumento Circle Gutter Deep
7:25 AM, Calle uno (NPALV)
8:30 AM, Maypajo Caloocan (NPATV)
9:53 AM, C3 10th Ave Dagat Dagatan (NPATV)

West

11:43 AM, Mc Arthur A. Fernando (NPATV)",,"29",,,,,"29","24","1411104021000","https://www.facebook.com/MMDAPH/posts/pfbid0vMHiKarYe9fHh7LKgKyUP1WZU97u8R94UMVA9L7oSCKyDwi9HxUhEFa1s6FPjuLyl"
,,,,,,,,,,,,,,,,,,,,"100064624814149","Department of Public Works and Highways","https://scontent-iad6-1.xx.fbcdn.net/v/t39.30808-1/239732693_226550756175750_6404290758860214422_n.jpg?stp=cp0_dst-jpg_tt6&cstp=mx2048x2048&ctp=s40x40&_nc_cat=100&ccb=1-7&_nc_sid=2d3e12&_nc_ohc=gKkzvZ-EHAQQ7kNvwG1MfTL&_nc_oc=AdpxEZS8jsXG9QQd_bd-S6x11d2a63hIbx0hl7VbnCzNAFAOnkCeVAnmuFEB1_TOwTg&_nc_zt=24&_nc_ht=scontent-iad6-1.xx&_nc_gid=704D6THUcdDB_x9yxQkeYA&_nc_ss=7c2a8&oh=00_AQBvw_qghYVZWcoHClnnCHX1To29GVMqcXiHKbaQJK6Q_g&oe=6A603489","https://www.facebook.com/dpwhph","2","650217088425113","FYI

BRIDGE ALONG DAANG MAHARLIKA
DAMAGED BY FLOOD IN CAMARINES NORTE

The Sta. Elena section, specifically at km 252+700 of Daang Maharlika in Camarines Norte is not passable due to damaged Cabuluan Detour Bridge caused by flash flood.

Motorists and commuters from Camarines Norte to Manila and vice versa are advised by the DPWH Camarines Norte District Engineering Office to take Daang Maharlika Sta. Elena-Sipocot, Camarines Sur towards Andaya Highway.",,"2",,,,,"2","1","1411093079000","https://www.facebook.com/dpwhph/posts/pfbid02Zw856qN6uBwYqX7BEjmU35B7Q6y4Tv3v2D9uxDWCXSfAGWGyqJB5fgHdYNLEQx7Nl"
,,,,,,,,,,,,,,,,,,,,"100068612142206","MMDA","https://scontent-iad3-1.xx.fbcdn.net/v/t39.30808-1/242803846_162321929398211_6744508622629887688_n.jpg?stp=cp0_dst-jpg_tt6&cstp=mx604x604&ctp=s40x40&_nc_cat=1&ccb=1-7&_nc_sid=2d3e12&_nc_ohc=-GxMrIa-rlcQ7kNvwHsCJ-2&_nc_oc=AdrGdCHRzhSbOVYY0taJrJ_lhu8gQTjtTH3QMfRmjpATKGzgkv4xJ0IbyloEwAENX7Q&_nc_zt=24&_nc_ht=scontent-iad3-1.xx&_nc_gid=704D6THUcdDB_x9yxQkeYA&_nc_ss=7c2a8&oh=00_AQB3SWiDTdtJhPU_tHjy7N_GYB2AqAKhzHySX2jeCzQkHw&oe=6A602ED2","https://www.facebook.com/MMDAPH","5","768184289886902","[Admin 03] FLOOD UPDATES as of 12:45 PM, (2/2) Quezon Ave 6:15 AM, Commonwealth T. Sora EB Subsided 6:29 AM. (Passable)",,"30",,,,,"30","4","1411102479000","https://www.facebook.com/MMDAPH/posts/pfbid0dHWyxoh6pwnjMyWpqkbzdEQGL4wRQFEM4MuyTq2S8CNpNbF1L4A3Lf5JdCDBU3cNl"
,,,,,,,,,,,,,,,,,,,,"100068612142206","MMDA","https://scontent-iad3-1.xx.fbcdn.net/v/t39.30808-1/242803846_162321929398211_6744508622629887688_n.jpg?stp=cp0_dst-jpg_tt6&cstp=mx604x604&ctp=s40x40&_nc_cat=1&ccb=1-7&_nc_sid=2d3e12&_nc_ohc=-GxMrIa-rlcQ7kNvwHsCJ-2&_nc_oc=AdrGdCHRzhSbOVYY0taJrJ_lhu8gQTjtTH3QMfRmjpATKGzgkv4xJ0IbyloEwAENX7Q&_nc_zt=24&_nc_ht=scontent-iad3-1.xx&_nc_gid=FpwvK8aWgj9A_2d9mFsa9Q&_nc_ss=7c2a8&oh=00_AQB_uMar29MpyATxcUCqwjQrS5bnkcu_fzQNrMta1R-QZA&oe=6A602ED2","https://www.facebook.com/MMDAPH","7","768309329874398","[Admin 03] RT @SkywaySOMCO: Flood Update as of 8:04 PM Tire Deep at Buendia/Dela Rosa: Not passable to all types of vehicles. Buendia Off Ramp-Closed.",,"36",,,,,"36","16","1411130141000","https://www.facebook.com/MMDAPH/posts/pfbid0367KjvnkGx19j55nuWabsoq15H2uEehfTCj4yxRuaVgRtNUSuXnV96C1wBw43e9xFl"
,,,,,,,,,,,,,,,,,,,,"100068612142206","MMDA","https://scontent-iad3-1.xx.fbcdn.net/v/t39.30808-1/242803846_162321929398211_6744508622629887688_n.jpg?stp=cp0_dst-jpg_tt6&cstp=mx604x604&ctp=s40x40&_nc_cat=1&ccb=1-7&_nc_sid=2d3e12&_nc_ohc=-GxMrIa-rlcQ7kNvwHsCJ-2&_nc_oc=AdrGdCHRzhSbOVYY0taJrJ_lhu8gQTjtTH3QMfRmjpATKGzgkv4xJ0IbyloEwAENX7Q&_nc_zt=24&_nc_ht=scontent-iad3-1.xx&_nc_gid=FpwvK8aWgj9A_2d9mFsa9Q&_nc_ss=7c2a8&oh=00_AQB_uMar29MpyATxcUCqwjQrS5bnkcu_fzQNrMta1R-QZA&oe=6A602ED2","https://www.facebook.com/MMDAPH","0","768183993220265","[Admin 03] FLOOD UPDATES as of 12:45 PM: (1/2) EDSA 6:12 AM, Fema Rd. Gutter Deep 6:12 AM, Dario Bridge Gutter Deep (cont)",,"21",,,,,"21","4","1411102367000","https://www.facebook.com/MMDAPH/posts/pfbid0E45pMXQrSfTUWtFhN61dsstnbDpTt4A2YSf5WkhDcAyaEhRyKgQAVPh62W4mKBmUl"
"No photo description available.","606318019477736","photo","https://www.facebook.com/photo.php?fbid=606318019477736&set=a.363864482446050&type=3","No photo description available.","606318046144400","photo","https://www.facebook.com/photo.php?fbid=606318046144400&set=a.363864482446050&type=3","No photo description available.","606318106144394","photo","https://www.facebook.com/photo.php?fbid=606318106144394&set=a.363864482446050&type=3",,,,,,,,,"100064675025966","GMA News Weather Center","https://scontent-iad6-1.xx.fbcdn.net/v/t39.30808-1/724778055_1541013941397759_4007045830371021396_n.jpg?stp=c95.0.1152.1152a_cp0_dst-jpg_tt6&cstp=mx1152x1152&ctp=s40x40&_nc_cat=107&ccb=1-7&_nc_sid=2d3e12&_nc_ohc=JSfEewpaBicQ7kNvwFuWyED&_nc_oc=Adr8-PkzPd6kBhGbsgmaDH2O2bw397Wmfh0SOgf5IRSw-4Y_2BFIlFsZAZRxHkGM-qY&_nc_zt=24&_nc_ht=scontent-iad6-1.xx&_nc_gid=FpwvK8aWgj9A_2d9mFsa9Q&_nc_ss=7c2a8&oh=00_AQBUmSmXEWHDHlIeFYRAcVu_rPpifhs4WR8zQsXqcH7kOA&oe=6A600A0D","https://www.facebook.com/gmaweather","3","606318256144379","FLOOD ALERT from MMDA (as of 10:58 AM) 

Be IMReady and know which roads are flooded.",,"23",,,,,"23","4","1411096160000","https://www.facebook.com/gmaweather/posts/pfbid07hcFLVJAHaTtsonYa838HDqTcUReWAHVKMS2agtTBYK399h9uVmbdZYyrbKteXfGl"
,,,,,,,,,,,,,,,,,,,,"100068612142206","MMDA","https://scontent-iad3-1.xx.fbcdn.net/v/t39.30808-1/242803846_162321929398211_6744508622629887688_n.jpg?stp=cp0_dst-jpg_tt6&cstp=mx604x604&ctp=s40x40&_nc_cat=1&ccb=1-7&_nc_sid=2d3e12&_nc_ohc=-GxMrIa-rlcQ7kNvwHsCJ-2&_nc_oc=AdrGdCHRzhSbOVYY0taJrJ_lhu8gQTjtTH3QMfRmjpATKGzgkv4xJ0IbyloEwAENX7Q&_nc_zt=24&_nc_ht=scontent-iad3-1.xx&_nc_gid=FpwvK8aWgj9A_2d9mFsa9Q&_nc_ss=7c2a8&oh=00_AQB_uMar29MpyATxcUCqwjQrS5bnkcu_fzQNrMta1R-QZA&oe=6A602ED2","https://www.facebook.com/MMDAPH","14","768451593193505","[Admin 03] FLOOD ALERT: As of 3:30 am, Marcos Highway, Filinvest to Vermont going to Sumulong, Innermost lane - Leg Deep, Outermost lane - Waist Deep. Not passable to all types of vehicles.",,"48",,,,,"48","38","1411157102000","https://www.facebook.com/MMDAPH/posts/pfbid02WndeSBChbLX1ogBBD4PBwvjPXGmdrU2JNjMRfCy5y74ukLqdrgG12eF5g2ytpqyxl"
"No photo description available.","606305286145676","photo","https://www.facebook.com/photo.php?fbid=606305286145676&set=a.363864482446050&type=3","No photo description available.","606305329479005","photo","https://www.facebook.com/photo.php?fbid=606305329479005&set=a.363864482446050&type=3","No photo description available.","606305372812334","photo","https://www.facebook.com/photo.php?fbid=606305372812334&set=a.363864482446050&type=3",,,,,,,,,"100064675025966","GMA News Weather Center","https://scontent-iad6-1.xx.fbcdn.net/v/t39.30808-1/724778055_1541013941397759_4007045830371021396_n.jpg?stp=c95.0.1152.1152a_cp0_dst-jpg_tt6&cstp=mx1152x1152&ctp=s40x40&_nc_cat=107&ccb=1-7&_nc_sid=2d3e12&_nc_ohc=JSfEewpaBicQ7kNvwFuWyED&_nc_oc=Adr8-PkzPd6kBhGbsgmaDH2O2bw397Wmfh0SOgf5IRSw-4Y_2BFIlFsZAZRxHkGM-qY&_nc_zt=24&_nc_ht=scontent-iad6-1.xx&_nc_gid=FpwvK8aWgj9A_2d9mFsa9Q&_nc_ss=7c2a8&oh=00_AQBUmSmXEWHDHlIeFYRAcVu_rPpifhs4WR8zQsXqcH7kOA&oe=6A600A0D","https://www.facebook.com/gmaweather","0","606305452812326","FLOOD ALERT from MMDA (as of 10:00 AM)

Be IMReady and know which roads are flooded.",,"17",,,,,"17","4","1411093113000","https://www.facebook.com/gmaweather/posts/pfbid02hJa5Q5PzYFkYqUn22cCeyzqgTXxmgJGz6uVxf9CVdk4jjAKKjWBkqbZZsTUTwx5Wl"
"No photo description available.","813658838666408","photo","https://www.facebook.com/photo/?fbid=813658838666408&set=gm.352795098208683",,,,,,,,,,,,,,,,,"100000668978349","Errol","https://scontent-iad6-1.xx.fbcdn.net/v/t39.30808-1/710388651_27516717694600493_5999530709342861308_n.jpg?stp=cp0_dst-jpg_tt6&cstp=mx960x960&ctp=s24x24&_nc_cat=100&ccb=1-7&_nc_sid=e99d92&_nc_ohc=AWYWoHGuPFQQ7kNvwFJh93P&_nc_oc=Adqz-8sD5O1W3_jPrCoryitEDlLE5vUQ2SQ7lRwaJ-nMP-Prf1f8K4uYsaDS_t9wCfk&_nc_zt=24&_nc_ht=scontent-iad6-1.xx&_nc_gid=FpwvK8aWgj9A_2d9mFsa9Q&_nc_ss=7c2a8&oh=00_AQDQzA4ZDnB1H5nGsPIcaYRMV0LEe2gUrNVOxqyKMvkXjQ&oe=6A600B4E","https://www.facebook.com/Errol2010","6","352795098208683","circa 1914. Flood in Manila",,"29",,,,,"29","0","1411157341000","https://www.facebook.com/groups/memoriesoldmanila/permalink/352795098208683/"
"No photo description available.","585371744918604","photo","https://www.facebook.com/photo/?fbid=585371744918604&set=a.391038689901812",,,,,,,,,,,,,,,,,"100069870536116","Philippine Problems and Issues","https://scontent-iad6-1.xx.fbcdn.net/v/t39.30808-1/308640409_391038716568476_3855370577671366864_n.jpg?stp=c80.0.320.320a_cp0_dst-jpg_tt6&cstp=mx320x320&ctp=s40x40&_nc_cat=109&ccb=1-7&_nc_sid=2d3e12&_nc_ohc=wtRgtjLRz_IQ7kNvwEyetiC&_nc_oc=AdodDjICokVP0gLNfHMea3TKXs29-fuCmedKzV03VxtCvHNmIWdLlgmCun8Lo8BMXEU&_nc_zt=24&_nc_ht=scontent-iad6-1.xx&_nc_gid=FSP0udfopCtaSI5tf_7i5g&_nc_ss=7c2a8&oh=00_AQDo8cMfsnHHDEJ90GZeVKOChuybKa_uKRXpR79-57z1Qg&oe=6A60351F","https://www.facebook.com/PhilippineProblemsAndIssues","8","585371744918604","60% of DAP-funded flood-control projects completed — DPWH

http://newsinfo.inquirer.net/621633/60-of-dap-funded-flood-control-projects-completed-dpwh

PERO BAKIT WA-EPEK?

Well, let us thank the DPWH for the projects. The projects will help a lot in minimizing flood during light rainfall. 

Alam naman natin na sa Manila, konting ulan ay baha na. Yan po ang solutions kasama na yung iba pang DPWH projects.

Pero pag bagyo na ang usapan ay hindi sapat ang mga iyan.

Salamat pa rin sa DPWH pero hindi dito natatapos ang solution. Kungbaga maliit na butas pa lang ang natatakpan. May mas malaking butas pa na dapat ayusin.",,"5",,,,,"5","6","1411211660000","https://www.facebook.com/photo.php?fbid=585371744918604&set=a.391038689901812&type=3"
"No photo description available.","584906854965093","photo","https://www.facebook.com/photo/?fbid=584906854965093&set=a.391038689901812",,,,,,,,,,,,,,,,,"100069870536116","Philippine Problems and Issues","https://scontent-iad6-1.xx.fbcdn.net/v/t39.30808-1/308640409_391038716568476_3855370577671366864_n.jpg?stp=c80.0.320.320a_cp0_dst-jpg_tt6&cstp=mx320x320&ctp=s40x40&_nc_cat=109&ccb=1-7&_nc_sid=2d3e12&_nc_ohc=wtRgtjLRz_IQ7kNvwEyetiC&_nc_oc=AdodDjICokVP0gLNfHMea3TKXs29-fuCmedKzV03VxtCvHNmIWdLlgmCun8Lo8BMXEU&_nc_zt=24&_nc_ht=scontent-iad6-1.xx&_nc_gid=FSP0udfopCtaSI5tf_7i5g&_nc_ss=7c2a8&oh=00_AQDo8cMfsnHHDEJ90GZeVKOChuybKa_uKRXpR79-57z1Qg&oe=6A60351F","https://www.facebook.com/PhilippineProblemsAndIssues","16","584906854965093","FLOODING WILL CONTINUE UNTIL THE PROBLEM IS SOLVED RIGHT

- billions of pesos worth of damaged infrastructure and lost economic activity 

- human lives lost

- much-needed funds are eaten up by disaster and relief operations instead of allocating these to other important projects

PROJECTS THAT MUST BE PRIORITIZED TO MINIMIZE FLOODING IN MARIKINA

1. Spillway - actually the Paranaque spillway might not be enough anymore and we will need two instead. East floodway that will dump water into the Pacific is the 2nd spillway. If we don't have either then we should expect more floods even if the other flood control projects, like the 'lake ring dike', are already done.

2. Network of dams to impede and collect rainwaters from the hills surrounding Marikina including Montalban and San Mateo. Build huge dams for hydroelectric power too.

3. Network of dams in Antipolo since most of the waters from Antipolo flow through Marikina River. 

4. As for the other areas in Metro Manila, new main arteries for dumping floodwaters into Manila Bay (open canal and underground),  bigger canals, tunnels, dikes, pumping stations, dredging, desilting, clearing of illegal structures as well as the relocation of illegal settlers occupying the waterways and critical areas (along waterways). 

http://z6.invisionfree.com/flipzi/index.php?showtopic=1",,"6",,,,,"6","16","1411119734000","https://www.facebook.com/photo.php?fbid=584906854965093&set=a.391038689901812&type=3"
,,,,,,,,,,,,,,,,,,,,"100068612142206","MMDA","https://scontent-iad3-1.xx.fbcdn.net/v/t39.30808-1/242803846_162321929398211_6744508622629887688_n.jpg?stp=cp0_dst-jpg_tt6&cstp=mx604x604&ctp=s40x40&_nc_cat=1&ccb=1-7&_nc_sid=2d3e12&_nc_ohc=-GxMrIa-rlcQ7kNvwHsCJ-2&_nc_oc=AdrGdCHRzhSbOVYY0taJrJ_lhu8gQTjtTH3QMfRmjpATKGzgkv4xJ0IbyloEwAENX7Q&_nc_zt=24&_nc_ht=scontent-iad3-1.xx&_nc_gid=FSP0udfopCtaSI5tf_7i5g&_nc_ss=7c2a8&oh=00_AQDghzW2GUeYvOeEJaPFj3rwoTCTiTos35h9jPKXopwEDQ&oe=6A602ED2","https://www.facebook.com/MMDAPH","14","768480093190655","[Admin 03] FLOOD ALERT: As of 5:34 AM, Imelda Ave -  below knee deep (not passable to light vehicles). #mmda",,"43",,,,,"43","14","1411163320000","https://www.facebook.com/MMDAPH/posts/pfbid02dSFf7oAuffTo4YSHewED9q1wwNg6qSWgq3ZWxz8JQcmqX9dMxN9GM11969EUJBccl"
,,,,,,,,,,,,,,,,,,,,"100064487330410","AFP Radio DWDD","https://scontent-iad6-1.xx.fbcdn.net/v/t39.30808-1/587409073_1299619928864239_5359893464208012296_n.jpg?stp=cp0_dst-jpg_tt6&cstp=mx1600x1600&ctp=s40x40&_nc_cat=109&ccb=1-7&_nc_sid=2d3e12&_nc_ohc=V2Z0Zu-lAf4Q7kNvwFo0nfF&_nc_oc=AdpA_MiTQUNN-VG1jWKChPazUiyQGK5MwVK-8gYUHyXCXTcg1NNhyOWABZgDNA55A0Q&_nc_zt=24&_nc_ht=scontent-iad6-1.xx&_nc_gid=FSP0udfopCtaSI5tf_7i5g&_nc_ss=7c2a8&oh=00_AQA4o4D7WKZXqVbMrqvIObDXNs91SgfbNosm3YhEiC2TkQ&oe=6A6032AE","https://www.facebook.com/dwdd1134","0","1527381747506316","RT:@mmda FLOOD UPDATES (1/2)

EDSA
6:12 AM, Fema Rd. Gutter Deep
6:12 AM, Dario Bridge Gutter Deep
6:27 AM, Balintawak Not Passable all Types of Vehicles
6:05 AM, North Ave Subsided 8:06 AM. Passable.
6:31 AM, Quezon Ave SB Subsided 7:57 AM. Passable
6:57 AM, Quezon Ave NB Not Passable all Types of Vehicles

Manila Area
7:12 AM, RMB V. Mapa Gutter Deep
7:12 AM, Along España Not Passable all Types of Vehicles
7:30 AM, Nagtahan NB/SB Gutter Deep
RMB Vicente Cruz Gutter Deep
M. Dela Fuente Gutter Deep
7:45 AM, Delpan SB Gutter Deep
7:53 AM, RIO Mariones Gutter Deep
RIO Capulong Gutter Deep
7:53 AM, Quirino Taft EB Not Passable all Types of Vehicles

South
6:16 AM, Dr, A Santos Subsided 7:59 AM. Passable. 
7:15 AM, Andrews Tramo Gutter Deep
7:50 AM, Osmeña Buendia Not Passable all Types of Vehicles

East
6:10 AM, Ortigas WB C. Raymundo Gutter Deep
7:12 AM, Marcos Highway EB/WB Before Masinag Not Passable all Types of Vehicles
Gil Fernando Dragon St. Gutter Deep
7:48 AM, San Juan area 
F. Manalo Not Passable all Types of Vehicles
Brgy. Salapan Not Passable all Types of Vehicles
Brgy. Batis Not Passable all Types of Vehicles
8:00 AM, Ortigas Santolan WB Gutter Deep #KATROPA",,,,,,,"0","2","1411088333000","https://www.facebook.com/dwdd1134/posts/pfbid02CtNWgBJDkDJsq7Uwujt2ScgJH2VEwYyGJjT7ZeifjPY2Y1LYfSwGMi5MtvR4WwAdl"
,,,,,,,,,,,,,,,,,,,,"100064445723899","ANC 24/7","https://scontent-iad3-1.xx.fbcdn.net/v/t39.30808-1/609053834_1328721385952706_4253439834983056076_n.jpg?stp=cp0_dst-jpg_tt6&cstp=mx2048x2048&ctp=s40x40&_nc_cat=1&ccb=1-7&_nc_sid=2d3e12&_nc_ohc=RAU_RPiKxxgQ7kNvwGLy_GT&_nc_oc=AdqMSDYmD5Jmt29_RmIjxtU42_IIyv-9xESw2la0kP6qV6sl9_le8xwq5N18SO-COc0&_nc_zt=24&_nc_ht=scontent-iad3-1.xx&_nc_gid=FSP0udfopCtaSI5tf_7i5g&_nc_ss=7c2a8&oh=00_AQBIhwNsq35mahXrOdjlGYwVV9pijcqugE0TdMJurrlNjQ&oe=6A60214E","https://www.facebook.com/ANCalerts","10","836631979691132","Asan yung DAP, flood control di nyo pa na budgetan!",,"9",,,,,"9","0","1411092187000","https://www.facebook.com/groups/GisingNaPinoy/permalink/836631979691132/"
,,,,,,,,,,,,,,,,,,,,"100064487330410","AFP Radio DWDD","https://scontent-iad6-1.xx.fbcdn.net/v/t39.30808-1/587409073_1299619928864239_5359893464208012296_n.jpg?stp=cp0_dst-jpg_tt6&cstp=mx1600x1600&ctp=s40x40&_nc_cat=109&ccb=1-7&_nc_sid=2d3e12&_nc_ohc=V2Z0Zu-lAf4Q7kNvwFo0nfF&_nc_oc=AdpA_MiTQUNN-VG1jWKChPazUiyQGK5MwVK-8gYUHyXCXTcg1NNhyOWABZgDNA55A0Q&_nc_zt=24&_nc_ht=scontent-iad6-1.xx&_nc_gid=Y-DGegOTUNHBDOfe2pHM_A&_nc_ss=7c2a8&oh=00_AQDxuZLIo7P1OIo-1cm5fOxPUPDHEEzlGvC8zxU6dzj7ew&oe=6A6032AE","https://www.facebook.com/dwdd1134","1","1527384817506009","RT: @MMDA  FLOOD UPDATES: Quezon Ave
6:15 AM, Commonwealth T. Sora EB Subsided 6:29 AM.
7:17 AM, Commonwealth Balara (NPATV)
6:19 AM, Maria Clara (NPATV)
6:14 AM, Biak na Bato (NPATV)
6:42 AM, Quezon Ave Capitol EB Gutter Deep
6:57 AM, Gilmore EB (NPATV)
7:19 AM, Broadway 9th St. (NPATV)
7:24 AM, Aurora SM C. Point (NPATV)
7:36 AM,Kamias/Kalayaan (NPATV)
7:46 AM, Along E. Road (NPATV)
7:51 AM, Chino St. J.P Rizal (NPATV)
8:14 AM, Luna Anonas (NPATV)
8:14 AM, V. Luna Anonas (NPATV)
7: 46 AM, Whiteplains Katipunan Gutter Deep
7:35 AM, Along Project 4 Brgy. Tagumpay (NPATV)

North 
6:34 AM, Sangandaan Gutter Deep
8:05 AM, Monumento Circle Gutter Deep
7:25 AM, Calle uno (NPALV)
8:30 AM, Maypajo Caloocan (NPATV)  #KATROPA",,,,,,,"0","0","1411089293000","https://www.facebook.com/dwdd1134/posts/pfbid026Avq2hZ11yTxXwbj1hqD2R2UDufAYwzsmvJBV8YmfLt7S3GEavKb5jVnReNeTcqxl"
,,,,,,,,,,,,,,,,,,,,"100064445723899","ANC 24/7","https://scontent-iad3-1.xx.fbcdn.net/v/t39.30808-1/609053834_1328721385952706_4253439834983056076_n.jpg?stp=cp0_dst-jpg_tt6&cstp=mx2048x2048&ctp=s40x40&_nc_cat=1&ccb=1-7&_nc_sid=2d3e12&_nc_ohc=RAU_RPiKxxgQ7kNvwGLy_GT&_nc_oc=AdqMSDYmD5Jmt29_RmIjxtU42_IIyv-9xESw2la0kP6qV6sl9_le8xwq5N18SO-COc0&_nc_zt=24&_nc_ht=scontent-iad3-1.xx&_nc_gid=Y-DGegOTUNHBDOfe2pHM_A&_nc_ss=7c2a8&oh=00_AQD7UEwgbAk2u9G7Vw1UCxpkq2Qq1IVQobxPBmXMR6kurg&oe=6A60214E","https://www.facebook.com/ANCalerts","7","677582835665739","Asan ang DAP, flood control lang di nyo pa na budgetan!",,"4",,,,,"4","0","1411092324000","https://www.facebook.com/groups/GisingNaPiipinas/permalink/677582835665739/"
"No photo description available.","782093691834471","photo","https://www.facebook.com/photo.php?fbid=782093691834471&set=a.604632715026369&type=3","No photo description available.","782093745167799","photo","https://www.facebook.com/photo.php?fbid=782093745167799&set=a.604632715026369&type=3",,,,,,,,,,,,,"100064389381445","Panahon.TV","https://scontent-iad6-1.xx.fbcdn.net/v/t39.30808-1/414986260_763509162472056_3297011609705798179_n.jpg?stp=cp0_dst-jpg_tt6&cstp=mx1080x1080&ctp=s40x40&_nc_cat=100&ccb=1-7&_nc_sid=2d3e12&_nc_ohc=x2i65G6KVt0Q7kNvwGGLupp&_nc_oc=AdpE-dC_VRRTdCMR1CP4_FEOvfFHRJPAVAh24wcuYLBVZYetOTaqaPpt5ahT3BQ-fo8&_nc_zt=24&_nc_ht=scontent-iad6-1.xx&_nc_gid=Y-DGegOTUNHBDOfe2pHM_A&_nc_ss=7c2a8&oh=00_AQAQLrjdMG7ZUxVyxt_S-ZzVZCLNB8ba_MafQ2IlJxs2wA&oe=6A602F67","https://www.facebook.com/Panahon.TV","0","782093818501125","FLOOD ALERT: Flood near at Tullahan River in Novaliches. Photo taken by Tomas Leonor",,"6",,,,,"6","2","1411085844000","https://www.facebook.com/Panahon.TV/posts/pfbid02Q4rwCrZ4F3UBZz23HMcmwhmKRmHST5RXoshmueGVBeUa3ShWZaoLCm3MXGRQtcXJl"
,,,,,,,,,,,,,,,,,,,,"100064445723899","ANC 24/7","https://scontent-iad3-1.xx.fbcdn.net/v/t39.30808-1/609053834_1328721385952706_4253439834983056076_n.jpg?stp=cp0_dst-jpg_tt6&cstp=mx2048x2048&ctp=s40x40&_nc_cat=1&ccb=1-7&_nc_sid=2d3e12&_nc_ohc=RAU_RPiKxxgQ7kNvwGLy_GT&_nc_oc=AdqMSDYmD5Jmt29_RmIjxtU42_IIyv-9xESw2la0kP6qV6sl9_le8xwq5N18SO-COc0&_nc_zt=24&_nc_ht=scontent-iad3-1.xx&_nc_gid=Y-DGegOTUNHBDOfe2pHM_A&_nc_ss=7c2a8&oh=00_AQD7UEwgbAk2u9G7Vw1UCxpkq2Qq1IVQobxPBmXMR6kurg&oe=6A60214E","https://www.facebook.com/ANCalerts","11","763113763749628","Asan yung DAP, flood control lang di nyo na budgetan!",,"12",,,,,"12","0","1411092248000","https://www.facebook.com/groups/Philippines.Freedom/permalink/763113763749628/"
"No photo description available.","585285641593881","photo","https://www.facebook.com/photo/?fbid=585285641593881&set=a.391038689901812",,,,,,,,,,,,,,,,,"100069870536116","Philippine Problems and Issues","https://scontent-iad6-1.xx.fbcdn.net/v/t39.30808-1/308640409_391038716568476_3855370577671366864_n.jpg?stp=c80.0.320.320a_cp0_dst-jpg_tt6&cstp=mx320x320&ctp=s40x40&_nc_cat=109&ccb=1-7&_nc_sid=2d3e12&_nc_ohc=wtRgtjLRz_IQ7kNvwEyetiC&_nc_oc=AdodDjICokVP0gLNfHMea3TKXs29-fuCmedKzV03VxtCvHNmIWdLlgmCun8Lo8BMXEU&_nc_zt=24&_nc_ht=scontent-iad6-1.xx&_nc_gid=Y-DGegOTUNHBDOfe2pHM_A&_nc_ss=7c2a8&oh=00_AQBB6G-DxFeOQMVynymiFat6LL0fB-HkAHziRLcEDy2X0A&oe=6A60351F","https://www.facebook.com/PhilippineProblemsAndIssues","32","585285641593881","LAGUNA LAKE RING DIKE WONT DO MUCH TO SOLVE FLOODING

Surprisingly, the Manggahan Floodway was constructed during the Marcos administration and the Paranaque Spillway was part of the plan. Sadly, when the administration changed, they neglected all of these. From Cory to Ramos, Erap, GMA and even now, the Spillway project is being ignored and the secondary projects are what they are working on such as the lake ring dike.

The Lake Ring will not solve the flooding in Marikina because YOU CANNOT FORCE ALL THE WATERS TO TAKE THE MANGGAHAN FLOODWAY AND LOCK IT UP JUST LIKE THAT. To do that, you have to consider meters high dike in a complete (locked) containment area from Marikina River to Laguna Lake. Plus a super powerful locks with pumps that can force the water to behave the way we want it. In short, the Laguna Lake Ring will be useless.

The only function we can benefit from this dike is it will protect a few towns in the west coast and a new superhiway running on top of the dike. But when you talk of solving the floods in NCR, it's useless.

Then again, the Laguna Lake Ring Dike is not a waste of money since it is really a part of the original whole flood control plan designed by experts. The whole plan involves a complete ring of dike around Laguna Bay

It will also provide another bypass hiway for NCR.

The only problem is that it will not do much enough without the Spillways.

The huge dams around CALABARZON that can help impede and store rainwater will also help a lot.

http://z6.invisionfree.com/flipzi/index.php?showtopic=1&st=60#entry22647472

PHOTO: Laguna Lake Ring Dike / credit to www.mushings.com",,"2",,,,,"2","4","1411189246000","https://www.facebook.com/photo.php?fbid=585285641593881&set=a.391038689901812&type=3"
,,,,,,,,,,,,,,,,,,,,"100069144534674","Eagle News","https://scontent-iad6-1.xx.fbcdn.net/v/t39.30808-1/302495836_5446732305433602_2556036293795182370_n.jpg?stp=cp0_dst-jpg_tt6&cstp=mx672x672&ctp=s40x40&_nc_cat=107&ccb=1-7&_nc_sid=2d3e12&_nc_ohc=QfC8D-3NrMYQ7kNvwEA5IyH&_nc_oc=AdolkTKEaxEw_og0tlC9yu_J2UN7F2DuuqE1bbHLvyXQ7Msbc71FLn3Rjfkv79vyMZ4&_nc_zt=24&_nc_ht=scontent-iad6-1.xx&_nc_gid=Y-DGegOTUNHBDOfe2pHM_A&_nc_ss=7c2a8&oh=00_AQDDlmRhpjWsZcq00uZKylNQta-L9SUqRxTDtLR9MqQuMw&oe=6A6032A1","https://www.facebook.com/EagleNews","0","659685097471704","FLOOD UPDATE: AS OF 9:28 PM Ma.Clara Araneta - Subided. #mmda #EagleNewsPH",,"22",,,,,"22","1","1411135779000","https://www.facebook.com/EagleNews/posts/pfbid06PbgLfe7ymYZC6eAeBK4zjwCAS7NmdPfZdcuTkp8ZWHCrX9ygVp3nVagmnWfEBVnl"
,,,,,,,,,,,,,,,,,,,,"100071289139993","PLDT","https://scontent-iad6-1.xx.fbcdn.net/v/t39.30808-1/590469051_861601529559477_2729802905392514758_n.jpg?stp=cp0_dst-jpg_tt6&cstp=mx2048x2048&ctp=s40x40&_nc_cat=109&ccb=1-7&_nc_sid=2d3e12&_nc_ohc=D99JKXyUOHYQ7kNvwFacoIW&_nc_oc=AdqfSivavAVVWqGAFbcktNHqxeF4TfiXFq9BBtYQpDNW8BOKxN2GVhGyWEIRICeB_v4&_nc_zt=24&_nc_ht=scontent-iad6-1.xx&_nc_gid=5neEeuaSsuzEeugxUKA3bA&_nc_ss=7c2a8&oh=00_AQBarFb_UKod_GNXY-V0DGUaOweWATNrUV8viBSzfBj4qw&oe=6A601A6D","https://www.facebook.com/pldt","6","729718140433260","PLDT PUBLIC ADVISORY

Despite heavy rains and severe flooding caused by Tropical Storm Mario, PLDT network facilities have not suffered any major damage and its services remain largely operational as of 4:00 pm today, September 19. Initial reports indicate that less than 2% of the PLDT fixed line network has been affected, mostly due to power failure in some areas.

Our network team is constantly monitoring the situation to ensure reliable communication services, especially during this time.

For customer inquiries and service updates, please call the following hotlines: HOME – 171, SME – 177, and Large Enterprises – 88ALPHA or 8825742.",,"33",,,,,"33","10","1411121804000","https://www.facebook.com/pldt/posts/pfbid02t7Ddvz4oXCjcnBV7qea2Mg3D2kAxYDGXBNMkX8u21dav1ywBjsosNLiNGm1SPdzdl"
,,,,,,,,,,,,,,,,,,,,"1800565901","AL C. Santos","https://scontent-iad6-1.xx.fbcdn.net/v/t39.30808-1/461042134_10221716819508659_2572758566911343833_n.jpg?stp=c0.0.145.145a_cp0_dst-jpg_tt6&cstp=mx145x145&ctp=s24x24&_nc_cat=100&ccb=1-7&_nc_sid=e99d92&_nc_ohc=ioGHD9Z6hzkQ7kNvwGu3uSy&_nc_oc=AdrV5zI6D38vxjh9PtflZMZo0_balhzenSc7eCCr2QVMQRyLEWrlDLMjWISApLB73Fo&_nc_zt=24&_nc_ht=scontent-iad6-1.xx&_nc_gid=5neEeuaSsuzEeugxUKA3bA&_nc_ss=7c2a8&oh=00_AQCxpIh55qLrjs3THQ1nwNB0SpSfvtyNN9Nga7-IWQSpfQ&oe=6A603361","https://www.facebook.com/al.c.santos.92","10","677599022330787","FLOOD HITS Metro Manila; Konting ulan,lalo kung bagyo,'apektado ang  kabuhayan,at buhay ng halos lahat.

GOVERNMENT,both Local & National Officials are ""very incompetent"" in 'preparing respective City's,Municipality's to such ""calamity's since time immemorial.

PORK BARRELS,PDAF,DAP had passed through the hands of ""so many Senators, Congressmen, Governors, Mayors etc.;pero ganito pa rin.

KASABIHAN NGA ; ""Prevention is better than 'band-aid solutions""

HINDI BALE, Milyonaryo na halos lahat na mga Government Officials-Politiko.

GOD SAVE the Pilipino from ""irresponsible Government Officials,LETS PRAY.",,"8",,,,,"8","0","1411095964000","https://www.facebook.com/groups/GisingNaPiipinas/permalink/677599022330787/"
,,,,,,,,,,,,,,,,,,,,"100069144534674","Eagle News","https://scontent-iad6-1.xx.fbcdn.net/v/t39.30808-1/302495836_5446732305433602_2556036293795182370_n.jpg?stp=cp0_dst-jpg_tt6&cstp=mx672x672&ctp=s40x40&_nc_cat=107&ccb=1-7&_nc_sid=2d3e12&_nc_ohc=QfC8D-3NrMYQ7kNvwEA5IyH&_nc_oc=AdolkTKEaxEw_og0tlC9yu_J2UN7F2DuuqE1bbHLvyXQ7Msbc71FLn3Rjfkv79vyMZ4&_nc_zt=24&_nc_ht=scontent-iad6-1.xx&_nc_gid=5neEeuaSsuzEeugxUKA3bA&_nc_ss=7c2a8&oh=00_AQCSpRq1TFa_LWp_Mr6LxIHZVrSECvq7oHdwMckvM4uzTQ&oe=6A6032A1","https://www.facebook.com/EagleNews","0","659684594138421","FLOOD UPDATE: AS OF 9:16 PM SMCenter Point EB/WB - Passable along Araneta NB/SB - Not Passable. #mmda #EagleNewsPH",,"19",,,,,"19","1","1411135699000","https://www.facebook.com/EagleNews/posts/pfbid0RcJhC4ae1RnxNA3oVYsria22KtD2XFP7fGuQN9FRBnw33SzMXGuoxVNJC1Kv6Bzbl"
,,,,,,,,,,,,,,,,,,,,"100064487330410","AFP Radio DWDD","https://scontent-iad6-1.xx.fbcdn.net/v/t39.30808-1/587409073_1299619928864239_5359893464208012296_n.jpg?stp=cp0_dst-jpg_tt6&cstp=mx1600x1600&ctp=s40x40&_nc_cat=109&ccb=1-7&_nc_sid=2d3e12&_nc_ohc=V2Z0Zu-lAf4Q7kNvwFo0nfF&_nc_oc=AdpA_MiTQUNN-VG1jWKChPazUiyQGK5MwVK-8gYUHyXCXTcg1NNhyOWABZgDNA55A0Q&_nc_zt=24&_nc_ht=scontent-iad6-1.xx&_nc_gid=5neEeuaSsuzEeugxUKA3bA&_nc_ss=7c2a8&oh=00_AQCdvhje-gu4OcS7JVk3gwGNXA82um2sS2KkTxtYHaIkkQ&oe=6A6032AE","https://www.facebook.com/dwdd1134","0","1527413954169762","RT: @MMDA

#KATROPA  FLOOD UPDATES as of 11:54 AM, (2/2)

Quezon Ave

6:15 AM, Commonwealth T. Sora EB Subsided 6:29 AM. (Passable) 
7:17 AM, Commonwealth Balara (NPATV) Subsided 9:44 AM, (Passable) 
6:19 AM, Maria Clara (NPATV)
11:43 AM, Biak na Bato (NPATV) 
6:42 AM, Quezon Ave Capitol EB Gutter Deep
6:57 AM, Gilmore EB (NPATV) Subsided 10:13 AM, (Passable) 
7:19 AM, Broadway 9th St. (NPATV) Subsided 10:09 AM, (Passable) 
7:24 AM, Aurora SM C. Point (NPATV)
7:36 AM, Kamias/Kalayaan (NPATV)
7:46 AM, Along E. Road (NPATV)
7:51 AM, Chino St. J.P Rizal (NPATV)
8:14 AM, Luna Anonas (NPATV)
8:14 AM, V. Luna Anonas (NPATV)
7: 46 AM, Whiteplains Katipunan Gutter Deep
7:35 AM, Along Project 4 Brgy. Tagumpay (NPATV)

North

6:34 AM, Sangandaan Gutter Deep
8:05 AM, Monumento Circle Gutter Deep
7:25 AM, Calle uno (NPALV)
8:30 AM, Maypajo Caloocan (NPATV)
9:53 AM, C3 10th Ave Dagat Dagatan (NPATV)",,"1",,,,,"1","5","1411099039000","https://www.facebook.com/dwdd1134/posts/pfbid0dQWNTmzgF69xsNMJ9tzeH69aZhEDEpa998hunhaxDxQ5YquC269xS7W83GUMzKSRl"
,,,,,,,,,,,,,,,,,,,,"100064675025966","GMA News Weather Center","https://scontent-iad6-1.xx.fbcdn.net/v/t39.30808-1/724778055_1541013941397759_4007045830371021396_n.jpg?stp=c95.0.1152.1152a_cp0_dst-jpg_tt6&cstp=mx1152x1152&ctp=s40x40&_nc_cat=107&ccb=1-7&_nc_sid=2d3e12&_nc_ohc=JSfEewpaBicQ7kNvwFuWyED&_nc_oc=Adr8-PkzPd6kBhGbsgmaDH2O2bw397Wmfh0SOgf5IRSw-4Y_2BFIlFsZAZRxHkGM-qY&_nc_zt=24&_nc_ht=scontent-iad6-1.xx&_nc_gid=5neEeuaSsuzEeugxUKA3bA&_nc_ss=7c2a8&oh=00_AQDsOxwDcrrodYBy0pZAt3zy65wDcVc8D2jV5XvHUQrk7g&oe=6A600A0D","https://www.facebook.com/gmaweather","3","606245086151696","La Mesa Dam Water Level

Ang La Mesa Dam ang sumasalo ng tubig mula Ipo Dam na siya namang sumasalo ng tubig mula sa Angat River. Walang flood gates ang La Mesa kaya't kapag humigit na ng 80m ang tubig dito ay kusang umaapaw na ang tubig at magpapabaha sa Tullahan River at mga karatig na lugar. Sa huling tala ng MWSS ay malapit na itong umapaw, maaaring sa loob na lamang ng ilang oras.

Lumikas na po ang mga residenteng binaha noong mga pagkakataong umapaw ang La Mesa. IM Ready!",,"29",,,,,"29","15","1411088242000","https://www.facebook.com/gmaweather/posts/pfbid07DyhVDMBQcDgXX4rwAFXtsF4raLnme8nXGPmBkwmT1ZLK532cUmTuD6ezAvL2Rirl"
,,,,,,,,,,,,,,,,,,,,"558086666","Mario Guillen","https://scontent-iad3-1.xx.fbcdn.net/v/t39.30808-1/741870973_10165147246366667_4709822322876399560_n.jpg?stp=cp0_dst-jpg_tt6&cstp=mx1023x1023&ctp=s24x24&_nc_cat=110&ccb=1-7&_nc_sid=1d2534&_nc_ohc=4vfo44A0LjQQ7kNvwFqD82_&_nc_oc=AdpBaeyJ5Bs14pHd9cAdaCL2Z_DUeSw8-WoDFzHv2_8tP12mAvu0iQ5Gpou8cc3xqec&_nc_zt=24&_nc_ht=scontent-iad3-1.xx&_nc_gid=3IblC0caD1-H3OYGgp3N8A&_nc_ss=7c2a8&oh=00_AQAMAgS-sHr6b_dy1D7_SuK-6BDajPK102714d1r5YIkdg&oe=6A603845","https://www.facebook.com/reniemar","44","677790152311674","can manila ever become a flood free zone  even if its below sea level even if global warming will mess up weather and raise sea levels , even if garbage is still being thrown in esteros and in manila bay..... can all these flood  control  projects really work long term or band aid lang yan?",,"7",,,,,"7","0","1411128891000","https://www.facebook.com/groups/GisingNaPiipinas/permalink/677790152311674/"
,,,,,,,,,,,,,,,,,,,,"100069144534674","Eagle News","https://scontent-iad6-1.xx.fbcdn.net/v/t39.30808-1/302495836_5446732305433602_2556036293795182370_n.jpg?stp=cp0_dst-jpg_tt6&cstp=mx672x672&ctp=s40x40&_nc_cat=107&ccb=1-7&_nc_sid=2d3e12&_nc_ohc=QfC8D-3NrMYQ7kNvwEA5IyH&_nc_oc=AdolkTKEaxEw_og0tlC9yu_J2UN7F2DuuqE1bbHLvyXQ7Msbc71FLn3Rjfkv79vyMZ4&_nc_zt=24&_nc_ht=scontent-iad6-1.xx&_nc_gid=3IblC0caD1-H3OYGgp3N8A&_nc_ss=7c2a8&oh=00_AQBAm1KwVYyRa1GacikMI0t2dgc-NKrdlGCmA3OstlS41g&oe=6A6032A1","https://www.facebook.com/EagleNews","0","659684224138458","FLOOD UPDATE: AS OF 9:48 PM Araneta going to E.rod NOT PASSABLE TO ALL TYPES OF VEHICLES. #mmda #EagleNewsPH",,"30",,,,,"30","2","1411135650000","https://www.facebook.com/EagleNews/posts/pfbid02yG1yHV2BYQQBKwm2VvYPHMSPjaDFadAQimBuXmxYQ61m9eGjfK3t3MTwDYHnanhol"
,,,,,,,,,,,,,,,,,,,,"100069144534674","Eagle News","https://scontent-iad6-1.xx.fbcdn.net/v/t39.30808-1/302495836_5446732305433602_2556036293795182370_n.jpg?stp=cp0_dst-jpg_tt6&cstp=mx672x672&ctp=s40x40&_nc_cat=107&ccb=1-7&_nc_sid=2d3e12&_nc_ohc=QfC8D-3NrMYQ7kNvwEA5IyH&_nc_oc=AdolkTKEaxEw_og0tlC9yu_J2UN7F2DuuqE1bbHLvyXQ7Msbc71FLn3Rjfkv79vyMZ4&_nc_zt=24&_nc_ht=scontent-iad6-1.xx&_nc_gid=3IblC0caD1-H3OYGgp3N8A&_nc_ss=7c2a8&oh=00_AQBAm1KwVYyRa1GacikMI0t2dgc-NKrdlGCmA3OstlS41g&oe=6A6032A1","https://www.facebook.com/EagleNews","0","659583974148483","Flood UPDATE: Marcos Hway Santolan to Vermont Sta Lucia & SM Marikina Svc Rd NPATV. Cainta Marcos Hway passable only to trucks & SUV. #MarioPH #EagleNewsPH via MMDA",,"32",,,,,"32","2","1411115882000","https://www.facebook.com/EagleNews/posts/pfbid0pzNHUb8BaMKRMriy9oEczmbd2k5ZvcDSDX2hUiSCNPCfKqXSoCrem7mfd44UFdB8l"
,,,,,,,,,,,,,,,,,,,,"100064487330410","AFP Radio DWDD","https://scontent-iad6-1.xx.fbcdn.net/v/t39.30808-1/587409073_1299619928864239_5359893464208012296_n.jpg?stp=cp0_dst-jpg_tt6&cstp=mx1600x1600&ctp=s40x40&_nc_cat=109&ccb=1-7&_nc_sid=2d3e12&_nc_ohc=V2Z0Zu-lAf4Q7kNvwFo0nfF&_nc_oc=AdpA_MiTQUNN-VG1jWKChPazUiyQGK5MwVK-8gYUHyXCXTcg1NNhyOWABZgDNA55A0Q&_nc_zt=24&_nc_ht=scontent-iad6-1.xx&_nc_gid=3IblC0caD1-H3OYGgp3N8A&_nc_ss=7c2a8&oh=00_AQA3zeppsfmbUwgDlaMlu2PU4mtBM9u9r1qbirPBszM-hA&oe=6A6032AE","https://www.facebook.com/dwdd1134","0","1527408630836961","RT: @MMDA       
FLOOD UPDATES as of 11:14 AM, 

Quezon Ave

6:15 AM, Commonwealth T. Sora EB Subsided 6:29 AM. (Passable) 
7:17 AM, Commonwealth Balara (NPATV) Subsided 9:44 AM, (Passable) 
6:19 AM, Maria Clara (NPATV)
6:14 AM, Biak na Bato (NPATV) Subsided 10:04 AM, (Passable) 
6:42 AM, Quezon Ave Capitol EB Gutter Deep
6:57 AM, Gilmore EB (NPATV) Subsided 10:13 AM, (Passable) 
7:19 AM, Broadway 9th St. (NPATV) Subsided 10:09 AM, (Passable) 
7:24 AM, Aurora SM C. Point (NPATV)
7:36 AM, Kamias/Kalayaan (NPATV)
7:46 AM, Along E. Road (NPATV)
7:51 AM, Chino St. J.P Rizal (NPATV)
8:14 AM, Luna Anonas (NPATV)
8:14 AM, V. Luna Anonas (NPATV)
7: 46 AM, Whiteplains Katipunan Gutter Deep
7:35 AM, Along Project 4 Brgy. Tagumpay (NPATV)

North

6:34 AM, Sangandaan Gutter Deep
8:05 AM, Monumento Circle Gutter Deep
7:25 AM, Calle uno (NPALV)
8:30 AM, Maypajo Caloocan (NPATV)
9:53 AM, C3 10th Ave Dagat Dagatan (NPATV) #KATROPA",,"1",,,,,"1","0","1411096771000","https://www.facebook.com/dwdd1134/posts/pfbid02kfHvwS69pfFVfxMfYV9w1pT9g4pU9YvazRxu8QkzKWhRaWT2K7EYCVoy3qztwhN7l"
"No photo description available.","847272478638608","photo","https://www.facebook.com/photo/?fbid=847272478638608&set=gm.820375514652227",,,,,,,,,,,,,,,,,"100000675907704","Jojo Duenas","https://scontent-iad3-2.xx.fbcdn.net/v/t39.30808-1/739309462_28157829307156223_883085882725604980_n.jpg?stp=cp0_dst-jpg_tt6&cstp=mx2048x2048&ctp=s24x24&_nc_cat=111&ccb=1-7&_nc_sid=1d2534&_nc_ohc=fS2gYjCvX8YQ7kNvwHSEFhr&_nc_oc=AdrfcWdghKElnkqI3xwGRai-1XBgE4vgWcK75JW-uVgzCr1a8OVIrmlohTedN_YLJ7U&_nc_zt=24&_nc_ht=scontent-iad3-2.xx&_nc_gid=3IblC0caD1-H3OYGgp3N8A&_nc_ss=7c2a8&oh=00_AQDr3fQ3aUC3q8-KWMZp9OdJcirgyNbYzXq9b_z8KevLew&oe=6A602994","https://www.facebook.com/JoseMariDuenas","8","820375514652227","Heavenly Father, Please stop the rain and flooding. Please protect us from this calamity. Thank you, In Jesus name I pray, Amen.",,"40",,,,,"40","0","1411115042000","https://www.facebook.com/groups/FUNtastic.Philippines.FUNgroup/permalink/820375514652227/"
,,,,,,,,,,,,,,,,,,,,"100064487330410","AFP Radio DWDD","https://scontent-iad6-1.xx.fbcdn.net/v/t39.30808-1/587409073_1299619928864239_5359893464208012296_n.jpg?stp=cp0_dst-jpg_tt6&cstp=mx1600x1600&ctp=s40x40&_nc_cat=109&ccb=1-7&_nc_sid=2d3e12&_nc_ohc=V2Z0Zu-lAf4Q7kNvwFo0nfF&_nc_oc=AdpA_MiTQUNN-VG1jWKChPazUiyQGK5MwVK-8gYUHyXCXTcg1NNhyOWABZgDNA55A0Q&_nc_zt=24&_nc_ht=scontent-iad6-1.xx&_nc_gid=3IblC0caD1-H3OYGgp3N8A&_nc_ss=7c2a8&oh=00_AQA3zeppsfmbUwgDlaMlu2PU4mtBM9u9r1qbirPBszM-hA&oe=6A6032AE","https://www.facebook.com/dwdd1134","0","1527428914168266","RT: @MMDA
 
#KATROPA FLOOD UPDATES as of 1:16 PM, (2/2)

Quezon Ave

6:15 AM, Commonwealth T. Sora EB Subsided 6:29 AM. (Passable) 
7:17 AM, Commonwealth Balara (NPATV) Subsided 9:44 AM, (Passable) 
6:19 AM, Maria Clara (NPATV)
11:43 AM, Biak na Bato (NPATV) 
6:42 AM, Quezon Ave Capitol EB Gutter Deep
6:57 AM, Gilmore EB (NPATV) Subsided 10:13 AM, (Passable) 
7:19 AM, Broadway 9th St. (NPATV) Subsided 10:09 AM, (Passable) 
7:24 AM, Aurora SM C. Point (NPATV)
7:36 AM, Kamias/Kalayaan (NPATV)
7:46 AM, Along E. Road (NPATV)
7:51 AM, Chino St. J.P Rizal (NPATV)
8:14 AM, Luna Anonas (NPATV)
8:14 AM, V. Luna Anonas (NPATV)
7: 46 AM, Whiteplains Katipunan Gutter Deep
7:35 AM, Along Project 4 Brgy. Tagumpay (NPATV)

North

6:34 AM, Sangandaan Gutter Deep
8:05 AM, Monumento Circle Gutter Deep
7:25 AM, Calle uno (NPALV)
8:30 AM, Maypajo Caloocan (NPATV)
9:53 AM, C3 10th Ave Dagat Dagatan (NPATV)

West

11:43 AM, Mc Arthur A. Fernando (NPATV)",,"1",,,,,"1","2","1411103914000","https://www.facebook.com/dwdd1134/posts/pfbid02pYV2HLMS7tm1c1pthuhDCCeQfZ2UfMwZqHxAy4zNfjS7fLA7m3ybspsqeyLfXeEQl"
,,,,,,,,,,,,,,,,,,,,"100069144534674","Eagle News","https://scontent-iad6-1.xx.fbcdn.net/v/t39.30808-1/302495836_5446732305433602_2556036293795182370_n.jpg?stp=cp0_dst-jpg_tt6&cstp=mx672x672&ctp=s40x40&_nc_cat=107&ccb=1-7&_nc_sid=2d3e12&_nc_ohc=QfC8D-3NrMYQ7kNvwEA5IyH&_nc_oc=AdolkTKEaxEw_og0tlC9yu_J2UN7F2DuuqE1bbHLvyXQ7Msbc71FLn3Rjfkv79vyMZ4&_nc_zt=24&_nc_ht=scontent-iad6-1.xx&_nc_gid=vhYrHlhVmlh7BuYRKyDJbg&_nc_ss=7c2a8&oh=00_AQAMYlBYej0GvfKqapeC00nsw0q2xA1Jvx1Ce86y2HOwJg&oe=6A6032A1","https://www.facebook.com/EagleNews","0","659659660807581","FLOOD UPDATE: As of 8:30, E.Rod to Araneta Passable; SM Centerpoint going to Araneta & going to Pureza NPATV. #mmda #EagleNewsPH",,"26",,,,,"26","2","1411131408000","https://www.facebook.com/EagleNews/posts/pfbid02SEEafWzL1eRc7PGN1XhgAMwUdaEwxuzKbgnYaDUuUCpXNSRAFDTZRYvbUWR29Ludl"
,,,,,,,,,,,,,,,,,,,,"100069144534674","Eagle News","https://scontent-iad6-1.xx.fbcdn.net/v/t39.30808-1/302495836_5446732305433602_2556036293795182370_n.jpg?stp=cp0_dst-jpg_tt6&cstp=mx672x672&ctp=s40x40&_nc_cat=107&ccb=1-7&_nc_sid=2d3e12&_nc_ohc=QfC8D-3NrMYQ7kNvwEA5IyH&_nc_oc=AdolkTKEaxEw_og0tlC9yu_J2UN7F2DuuqE1bbHLvyXQ7Msbc71FLn3Rjfkv79vyMZ4&_nc_zt=24&_nc_ht=scontent-iad6-1.xx&_nc_gid=vhYrHlhVmlh7BuYRKyDJbg&_nc_ss=7c2a8&oh=00_AQAMYlBYej0GvfKqapeC00nsw0q2xA1Jvx1Ce86y2HOwJg&oe=6A6032A1","https://www.facebook.com/EagleNews","0","659602564146624","FLOOD UPDATES: As of 6:02 PM,Ortigas Extension - passable, IMELDA and Robinson metro east - not passable to all types of vehicles. #MarioPH #EagleNewsPH via MMDA",,"38",,,,,"38","5","1411121068000","https://www.facebook.com/EagleNews/posts/pfbid0JNikTQtXDKQmsFzH6hGqsZGPAwRvh4dwXX65h1DAzYWw2GcmATFHnscWSehpHCWGl"
,,,,,,,,,,,,,,,,,,,,"100064248926814","Department of Social Welfare and Development - DSWD","https://scontent-iad3-1.xx.fbcdn.net/v/t39.30808-1/659904955_1374703371347947_665522060946767287_n.jpg?stp=cp0_dst-jpg_tt6&cstp=mx1200x1200&ctp=s40x40&_nc_cat=1&ccb=1-7&_nc_sid=2d3e12&_nc_ohc=aq397KugnSkQ7kNvwG1l-0D&_nc_oc=AdroY6EL3YK6fTImAL1JU0m3oDNnhJCdwIjf9AjeUQby1GVOqQHZGEmMbRkQhLL9Na0&_nc_zt=24&_nc_ht=scontent-iad3-1.xx&_nc_gid=vhYrHlhVmlh7BuYRKyDJbg&_nc_ss=7c2a8&oh=00_AQDhLf38HNYbLjHNCV7wEfUhDcgs1Zeh4KZrHyxHI2lkMw&oe=6A602E7A","https://www.facebook.com/dswdserves","0","7192349404125125","#MarioPH flood update: 1,276 affected families are in evac centers in NCR, Regions 3 & 4A @dzIQ990 @DZMMTeleRadyo @TheManilaTimes",,"10",,,,,"10","0","1411094886000","https://www.facebook.com/dswdserves/posts/pfbid031gTja7cMRWJh33my1BDzYHdpCDGhEEKBzyQGnGJ7oLFAMEsTuHGy8QjzRqP4vSzpl"
,,,,,,,,,,,,,,,,,,,,"100064487330410","AFP Radio DWDD","https://scontent-iad6-1.xx.fbcdn.net/v/t39.30808-1/587409073_1299619928864239_5359893464208012296_n.jpg?stp=cp0_dst-jpg_tt6&cstp=mx1600x1600&ctp=s40x40&_nc_cat=109&ccb=1-7&_nc_sid=2d3e12&_nc_ohc=V2Z0Zu-lAf4Q7kNvwFo0nfF&_nc_oc=AdpA_MiTQUNN-VG1jWKChPazUiyQGK5MwVK-8gYUHyXCXTcg1NNhyOWABZgDNA55A0Q&_nc_zt=24&_nc_ht=scontent-iad6-1.xx&_nc_gid=vhYrHlhVmlh7BuYRKyDJbg&_nc_ss=7c2a8&oh=00_AQCPuAiE0fnr_ALI-5dupH0wVmWFpK8l35K0wQvaGPemLA&oe=6A6032AE","https://www.facebook.com/dwdd1134","0","1527418610835963","AFP Deploys Trucks, Amphibious Vehicles to Flooded Areas
Camp Aguinaldo, Quezon City—Leading a “Battle Staff Alpha” for humanitarian assistance and disaster response (HADR) operations, Armed Forces of the Philippines Chief of Staff General Gregorio Pio P Catapang Jr ordered the deployment of various HADR assets in Metro Manila affected by heavy rains and flooding due to Tropical Storm Mario.
The Joint Task Force-National Capital Region under Brigadier General Manuel S Gonzales deployed six M-35 trucks, eight disaster response trailers with rubber boats each, and additional five rubber boats to Araneta Avenue, Tullahan, and Ginadaanan in Quezon City; Malabon; and Maypajo in Marikina to assist local authorities in the rescue efforts.
The 525th Engineering Battalion also deployed one M-35 trucks and one rubber boat to Tullahan, while the 525th Water Search and Rescue Battalion deployed one KM-450 and one rubber boat to Nangka, Marikina.
Two Civil Military Operations Battalions, each with two KM 450 trucks, were deployed in Parang and Tumana in Marikina City to assist in evacuation and transport assistance operations in the area.
The 505th Search and Rescue Group of the Philippine Air Force also alerted one Sokol, one Huey, and two Sikorsky helicopters for the conduct of aerial survey and rescue over Metro Manila.
The Disaster Response Units from the General Headquarters-Headquarters Service Command, the Philippine Air Force, Philippine Navy, and AFP-Medical Center were also alerted for deployment today.
“We will continue to monitor the situation in areas affected by Tropical Storm Mario nationwide. Our Unified Commands were also alerted to conduct the necessary disaster response operations in their areas of responsibility,” General Catapang said.
“Rest assured that the AFP will be on its toes in assisting our national government in its efforts to aid storm victims,” General Catapang added.",,"8",,,,,"8","10","1411100598000","https://www.facebook.com/dwdd1134/posts/pfbid0N4Z5zEfExc6PfJwEgg9MHjoZti9hmiK2hRJw3Afxsv3o2kSX3fZxH4NvDkwJNZJtl"
,,,,,,,,,,,,,,,,,,,,"1355172224","Jun Bathan","https://scontent-iad3-2.xx.fbcdn.net/v/t39.30808-1/607702091_10234568032286101_8942071736714858240_n.jpg?stp=cp0_dst-jpg_tt6&cstp=mx795x807&ctp=s24x24&_nc_cat=111&ccb=1-7&_nc_sid=e99d92&_nc_ohc=kkx1LAaLlq8Q7kNvwEEo_Nr&_nc_oc=AdonlV-4ykH2u7yrJiVC3_ZCGdetBBqg8jS-MsKoCRyJEVO5nOTqArnEZmvDWSibfIY&_nc_zt=24&_nc_ht=scontent-iad3-2.xx&_nc_gid=vhYrHlhVmlh7BuYRKyDJbg&_nc_ss=7c2a8&oh=00_AQCRIFYuuH_Cp8-q4CQKAyYgYLBhzr-GK-YycDDQDxHCEA&oe=6A6024FA","https://www.facebook.com/jun.bathan1","2","10152237566826222","What should we check after driving into a flood?",,"1",,,,,"1","0","1411102731000","https://www.facebook.com/groups/4x4PH/permalink/10152237566826222/"
,,,,,,,,,,,,,,,,,,,,"1546070940","Myck Romero","https://scontent-iad3-1.xx.fbcdn.net/v/t39.30808-1/494130534_10235297775695593_8116588975253801617_n.jpg?stp=cp0_dst-jpg_tt6&cstp=mx960x956&ctp=s24x24&_nc_cat=108&ccb=1-7&_nc_sid=1d2534&_nc_ohc=TfWQUc_sdi4Q7kNvwEX3g9j&_nc_oc=Adp5gjLl8ryGD0idPloCcF-p9JooDDmBY6q2gPAP8JJLibCZALRPquqHDfxUJzNApLo&_nc_zt=24&_nc_ht=scontent-iad3-1.xx&_nc_gid=vhYrHlhVmlh7BuYRKyDJbg&_nc_ss=7c2a8&oh=00_AQCxdx8UqyqgWCdaacKgzyL_sYBeSrbKqTyiTeKJShqpxQ&oe=6A6028DE","https://www.facebook.com/wylzen","0","702291933197297","Keep safe mga bro! 
Storm/flood safety reminders po:

*Madulas kalsada, delikado mga open manholes at potholes… wag lumusong sa baha or magbike kung di naman importante lakad, just stay at home.

*If home is critically flooded, save immediate needs and documents and evacuate immediately.

*wash legs with soap and use alcohol every single time pagkaahon sa baha, iwas sa leptospirosis.

*charge gadgets and powerbanks.

*stock up on noodles and canned goods.

*keep updated on news update.

*if online, share your areas status to help fellow members avoid flooded areas.

***comment below in case i forgot something.",,"2",,,,,"2","0","1411097246000","https://www.facebook.com/groups/UnitedFoldingBikers/permalink/702291933197297/"
,,,,,,,,,,,,,,,,,,,,"100064734694537","Bioessence PH","https://scontent-iad6-1.xx.fbcdn.net/v/t39.30808-1/455043781_918928793608269_7974484789260712382_n.jpg?stp=cp0_dst-jpg_tt6&cstp=mx960x960&ctp=s40x40&_nc_cat=102&ccb=1-7&_nc_sid=2d3e12&_nc_ohc=8Sid1akldv8Q7kNvwGizWFo&_nc_oc=AdpQbNR6hBkm_N0lXPXx9bJE3xYKppLrf3Q_nj9-ffR2EB39tqObdICm8Jn6YNCP-4U&_nc_zt=24&_nc_ht=scontent-iad6-1.xx&_nc_gid=77bC4kXacIoIBRLQUJWWxA&_nc_ss=7c2a8&oh=00_AQC0OLoIVvDBcLM393T0zHbwzXs2c-H_7NjiGVVlzPBK6w&oe=6A600D05","https://www.facebook.com/BioessencePH","2","845683845455939","In lieu of the storm and #flood in a lot of areas, this is wishing everyone to stay safe. #bagyongmario #ilovebioessenceph",,"16",,,,,"16","1","1411116382000","https://www.facebook.com/BioessencePH/posts/pfbid02bhTCnjYvnHrJgL5CdQVhWS7kyb6j9GWfVDpajG1VMeYJLLt3RpKsFbdRoTEL7QMEl"
"No photo description available.","704767906269981","photo","https://www.facebook.com/photo.php?fbid=704767906269981&set=gm.836642276356769&type=3","No photo description available.","704767939603311","photo","https://www.facebook.com/photo.php?fbid=704767939603311&set=gm.836642276356769&type=3","No photo description available.","704767949603310","photo","https://www.facebook.com/photo.php?fbid=704767949603310&set=gm.836642276356769&type=3","No photo description available.","704767962936642","photo","https://www.facebook.com/photo.php?fbid=704767962936642&set=gm.836642276356769&type=3","No photo description available.","704767989603306","photo","https://www.facebook.com/photo.php?fbid=704767989603306&set=gm.836642276356769&type=3","100002103335008","Dale Gozar","https://scontent-iad3-2.xx.fbcdn.net/v/t39.30808-1/462463920_8416341035112591_2388105361395466772_n.jpg?stp=c104.0.512.512a_cp0_dst-jpg_tt6&cstp=mx512x512&ctp=s24x24&_nc_cat=103&ccb=1-7&_nc_sid=1d2534&_nc_ohc=MYchXbp4cNgQ7kNvwGA9Or3&_nc_oc=AdpTEyifsAAHX-4Gf-3NCh2zOxGCKWx6v2sb7eD-5A56YclA8e_yh0d5ofOCtJSRKEM&_nc_zt=24&_nc_ht=scontent-iad3-2.xx&_nc_gid=77bC4kXacIoIBRLQUJWWxA&_nc_ss=7c2a8&oh=00_AQCO8m_PMCclEGNDHdH8ftWT9CLzgWQKabAaKwEUI7dJZw&oe=6A6023C1","https://www.facebook.com/djgozar","5","836642276356769","FLOODING SOLUTION

Four years ago I gave my proposal or solution to our flood problems by REDUCING IMPERVIOUS SURFACE in our cities. It's sad that until now nobody CARE, LISTENING or FULLY UNDERSTAND my vision.

Most of our cities are now covered with concrete - Impervious or Waterproof surfaces. These are mainly pavements, roads, sidewalks, driveways and parking lots that are covered by impenetrable materials such as asphalt, concrete, brick, and stone--and rooftops. Soils compacted by urban development are also highly impervious. Thus, it seal the soil surface, eliminating rainwater infiltration and natural groundwater recharge.

http://s969.photobucket.com/user/Dale_Gozar/story/30927#

https://www.youtube.com/watch?v=DPN73eHi5M0

http://m.youtube.com/watch?v=tmdk7zZGrC0&feature=youtu.be

http://www.abs-cbnnews.com/video/nation/metro-manila/06/27/14/no-instant-solution-metro-floods",,"4",,,,,"4","3","1411094499000","https://www.facebook.com/groups/GisingNaPinoy/permalink/836642276356769/"
,,,,,,,,,,,,,,,,,,,,"100064794124119","BTS PH - Bangtan Boys Philippines","https://scontent-iad3-2.xx.fbcdn.net/v/t39.30808-1/327273051_3669917056628440_7492971861129383615_n.jpg?stp=cp0_dst-jpg_tt6&cstp=mx700x700&ctp=s40x40&_nc_cat=111&ccb=1-7&_nc_sid=2d3e12&_nc_ohc=5dViP_TFDugQ7kNvwHC_JYk&_nc_oc=AdpJvAhOZrMHqNE4trAJ_05QUuWsyiZg2z_flpEjE6n1BIaku4ouJHKut1y_7WfnmuY&_nc_zt=24&_nc_ht=scontent-iad3-2.xx&_nc_gid=77bC4kXacIoIBRLQUJWWxA&_nc_ss=7c2a8&oh=00_AQBCJkvSab6ASlMmlhbMzHcthyY2NR5Bs4nRULr05lcYMQ&oe=6A6035E5","https://www.facebook.com/btsph","2","697449700333214","[! ] It is flooded in our home and area so we can't ship out albums today. sorry please understand. Safety of all before the albums thanks.",,"24",,,,,"24","0","1411094147000","https://www.facebook.com/btsph/posts/pfbid04RN6VSYm4np5kHdv6xgVh53hixVcDg3bz8k5AeVPWyByMdpaiVNQz3ZQWvG7DXmHl"
"No photo description available.","278421968948276","photo","https://www.facebook.com/photo/?fbid=278421968948276&set=a.460697622760823",,,,,,,,,,,,,,,,,"100064617675262","Retro Pilipino","https://scontent-iad6-1.xx.fbcdn.net/v/t39.30808-1/242130687_2917310181726095_6741265368345778886_n.jpg?stp=cp0_dst-jpg_tt6&cstp=mx2039x2039&ctp=s40x40&_nc_cat=106&ccb=1-7&_nc_sid=2d3e12&_nc_ohc=B2twOwxTqpgQ7kNvwHl1mZE&_nc_oc=AdqpYm79amHst1mvDlTuLjhi6msnDLJN4Q0VHPCeJQZgzHD_qu2LNHm0LWp1AWXgoI0&_nc_zt=24&_nc_ht=scontent-iad6-1.xx&_nc_gid=77bC4kXacIoIBRLQUJWWxA&_nc_ss=7c2a8&oh=00_AQA2zEHW4e4jT-oJlK-2PzNnxTATQ7Mchbxps6mFVKIvfw&oe=6A602BC5","https://www.facebook.com/RetroPilipino","3","278421968948276","Flooded Manila",,"21",,,,,"21","17","1411167205000","https://www.facebook.com/photo.php?fbid=278421968948276&set=a.460697622760823&type=3"
"No photo description available.","355803424585971","photo","https://www.facebook.com/photo/?fbid=355803424585971&set=a.148772485289067",,,,,,,,,,,,,,,,,"100076849332563","Flour en Dough by NBC School of Baking and Cake Decorating","https://scontent-iad3-1.xx.fbcdn.net/v/t39.30808-1/657718847_944016411503328_2690940463692147933_n.jpg?stp=cp0_dst-jpg_tt6&cstp=mx1024x1024&ctp=s40x40&_nc_cat=108&ccb=1-7&_nc_sid=2d3e12&_nc_ohc=QyvfPd9AnEEQ7kNvwGOokN5&_nc_oc=Adp-V4yLgJhYJdGTqY56g-aGbxYuEk9e8QZVNQsyO6alYv5NSpQWo_tnpfkgxjTP57M&_nc_zt=24&_nc_ht=scontent-iad3-1.xx&_nc_gid=77bC4kXacIoIBRLQUJWWxA&_nc_ss=7c2a8&oh=00_AQCuWSElkll8NqCR2JDLrfmjJs5arcvURIdYnjhsxHf1sg&oe=6A602164","https://www.facebook.com/NBCschool","3","355803424585971","BASIC CAKE DECORATING WORKSHOP
Masigasig na student on a stormy and flooded day.",,"24",,,,,"24","0","1411170514000","https://www.facebook.com/photo.php?fbid=355803424585971&set=a.148772485289067&type=3"
,,,,,,,,,,,,,,,,,,,,"100000482086924","Pablo Hernandez","https://scontent-iad3-2.xx.fbcdn.net/v/t39.30808-1/730382373_37733442789588318_2787708521364522201_n.jpg?stp=cp0_dst-jpg_tt6&cstp=mx1080x1084&ctp=s24x24&_nc_cat=111&ccb=1-7&_nc_sid=1d2534&_nc_ohc=EQuBAh1QRekQ7kNvwEU5fiY&_nc_oc=Adp4LqvTZ0ZChrfghMgOMyjIUlfXlAv989kdXUgMGDUfUx_FalMEvUQq2uI71MkOXBo&_nc_zt=24&_nc_ht=scontent-iad3-2.xx&_nc_gid=97q6ohwmwtQ_O0UwcoUxbg&_nc_ss=7c2a8&oh=00_AQCqM0kBpUTTwkj49G9kuG9bXeBHsYXpTEmLAUfLx4uUjA&oe=6A6033EA","https://www.facebook.com/pabsval","13","851913221519385","",,"32",,,,,"32","0","1411106694000","https://www.facebook.com/groups/319513714759341/permalink/851913221519385/"
,,,,,,,,,,,,,,,,,,,,"100068612142206","MMDA","https://scontent-iad3-1.xx.fbcdn.net/v/t39.30808-1/242803846_162321929398211_6744508622629887688_n.jpg?stp=cp0_dst-jpg_tt6&cstp=mx604x604&ctp=s40x40&_nc_cat=1&ccb=1-7&_nc_sid=2d3e12&_nc_ohc=-GxMrIa-rlcQ7kNvwHsCJ-2&_nc_oc=AdrGdCHRzhSbOVYY0taJrJ_lhu8gQTjtTH3QMfRmjpATKGzgkv4xJ0IbyloEwAENX7Q&_nc_zt=24&_nc_ht=scontent-iad3-1.xx&_nc_gid=97q6ohwmwtQ_O0UwcoUxbg&_nc_ss=7c2a8&oh=00_AQDBU3snDZS6WBWTKDTcRjtLv8PG3oObprrVSXNeZ_cDhw&oe=6A602ED2","https://www.facebook.com/MMDAPH","2","852025461508161","nasaan daw si Roxas!.... bukas makikta na ninyo siya na nagpapaPOGI dahil tapos na ang baha!",,"6",,,,,"6","0","1411128700000","https://www.facebook.com/groups/319513714759341/permalink/852025461508161/"
"No photo description available.","10152465963848791","photo","https://www.facebook.com/photo/?fbid=10152465963848791&set=a.635578005267051",,,,,,,,,,,,,,,,,"100064445723899","ANC 24/7","https://scontent-iad3-1.xx.fbcdn.net/v/t39.30808-1/609053834_1328721385952706_4253439834983056076_n.jpg?stp=cp0_dst-jpg_tt6&cstp=mx2048x2048&ctp=s40x40&_nc_cat=1&ccb=1-7&_nc_sid=2d3e12&_nc_ohc=RAU_RPiKxxgQ7kNvwGLy_GT&_nc_oc=AdqMSDYmD5Jmt29_RmIjxtU42_IIyv-9xESw2la0kP6qV6sl9_le8xwq5N18SO-COc0&_nc_zt=24&_nc_ht=scontent-iad3-1.xx&_nc_gid=97q6ohwmwtQ_O0UwcoUxbg&_nc_ss=7c2a8&oh=00_AQA2ry0e60ogaV9-VrOOtcetW606O8ZO2cFdSNvJFnXeOg&oe=6A60214E","https://www.facebook.com/ANCalerts","12","10152465963848791","Knee-deep flood in Brgy. Pandayan, Meycauayan, Bulacan.

(Photo via Doland Castro)",,,,,,,"0","118","1411086240000","https://www.facebook.com/photo.php?fbid=10152465963848791&set=a.635578005267051&type=3"
"No photo description available.","361137387373282","photo","https://www.facebook.com/photo/?fbid=361137387373282&set=a.602294451934438",,,,,,,,,,,,,,,,,"100064616655120","Philippine Star","https://scontent-iad3-1.xx.fbcdn.net/v/t39.30808-1/341858556_918415572727450_374717831366242673_n.jpg?stp=cp0_dst-jpg_tt6&cstp=mx1000x1000&ctp=s40x40&_nc_cat=1&ccb=1-7&_nc_sid=2d3e12&_nc_ohc=g5LUxtqmcMcQ7kNvwH8W7DJ&_nc_oc=Ado6Kmy7Ihi6b7aeSbYQKgyYI71to-vff-Df5z3t1dvlc5DIvAMBWuqFle8wUoPs0WU&_nc_zt=24&_nc_ht=scontent-iad3-1.xx&_nc_gid=97q6ohwmwtQ_O0UwcoUxbg&_nc_ss=7c2a8&oh=00_AQDVq2eAmqvRnO2EIeSua54o8h5EYbgIP8WtOvEGM9d_yQ&oe=6A6021C0","https://www.facebook.com/PhilippineSTAR","29","361137387373282","#MarioPH UPDATE: Gutter-deep flood along EDSA-Balintawak, near SM North EDSA. | Photo via @Judivine_Cerdon",,"308",,,,,"308","148","1411093423000","https://www.facebook.com/photo.php?fbid=361137387373282&set=a.602294451934438&type=3"
"No photo description available.","819803771385960","photo","https://www.facebook.com/photo/?fbid=819803771385960&set=a.485536916949271",,,,,,,,,,,,,,,,,"100064788993909","702 DZAS - FEBC Radio","https://scontent-iad3-1.xx.fbcdn.net/v/t39.30808-1/327160545_915542766267671_3601635415432415234_n.jpg?stp=cp0_dst-jpg_tt6&cstp=mx2048x2048&ctp=s40x40&_nc_cat=104&ccb=1-7&_nc_sid=2d3e12&_nc_ohc=rPhp91DmmZQQ7kNvwGCAQcK&_nc_oc=Adrqy8UN3SigojiU83b0XIgHBMTlJ02CkPB15rw2m1zuEtE2vhB5CX4mq_q5gUdoOZI&_nc_zt=24&_nc_ht=scontent-iad3-1.xx&_nc_gid=97q6ohwmwtQ_O0UwcoUxbg&_nc_ss=7c2a8&oh=00_AQDHiV23RWERO3tF3EsqOMevvoCCJpkjQW67nemqg8YTnQ&oe=6A601967","https://www.facebook.com/702DZAS","174","819803771385960","Mga ka-Agapay! 

We covet your urgent prayers! 702 DZAS went off-the-air since 9:40 this evening due to heavy flooding in Bocaue, Bulacan transmitter site. Please pray that flood will subside as soon as possible so we can resume our broadcast tomorrow. Pray too that strength be with our technical team as they troubleshoot. God be magnified!",,"1761",,,,,"1761","73","1411139174000","https://www.facebook.com/photo.php?fbid=819803771385960&set=a.485536916949271&type=3"
"No photo description available.","10154645828180713","photo","https://www.facebook.com/photo/?fbid=10154645828180713&set=a.599885918848832",,,,,,,,,,,,,,,,,"100064822867502","Philstar.com","https://scontent-iad3-1.xx.fbcdn.net/v/t39.30808-1/646621598_1378505780986838_3990323630737858873_n.jpg?stp=cp0_dst-jpg_tt6&cstp=mx1792x1792&ctp=s40x40&_nc_cat=1&ccb=1-7&_nc_sid=2d3e12&_nc_ohc=WieeDB179tEQ7kNvwEwts1G&_nc_oc=Adq-a3Qix-FFOVTOgU58kbnT3B4PuqAao1ZTA9RA3NlNgdqTEUaw2HrfYv87pC8idXo&_nc_zt=24&_nc_ht=scontent-iad3-1.xx&_nc_gid=97q6ohwmwtQ_O0UwcoUxbg&_nc_ss=7c2a8&oh=00_AQBcsiroaX2YCQSvrB2xrIKCkc2BMkLTuYYzwOEmVpAXQg&oe=6A60277F","https://www.facebook.com/philstarnews","61","10154645828180713","From philstar.com reader Jay: Old Sta. Mesa street cor. v. Mapa. flood water starts from knee deep in Old Sta. Mesa then goes chest deep when you arrive at Old Sta. Mesa Bridge which goes to N.Domingo, San Juan. V. mapa is also flooded. #MarioUpdates

For more #MarioPH news: http://bit.ly/MarioUPDATES",,"840",,,,"1","841","330","1411095999000","https://www.facebook.com/photo.php?fbid=10154645828180713&set=a.599885918848832&type=3"
"No photo description available.","361179750702379","photo","https://www.facebook.com/photo/?fbid=361179750702379&set=a.602294451934438",,,,,,,,,,,,,,,,,"100064616655120","Philippine Star","https://scontent-iad3-1.xx.fbcdn.net/v/t39.30808-1/341858556_918415572727450_374717831366242673_n.jpg?stp=cp0_dst-jpg_tt6&cstp=mx1000x1000&ctp=s40x40&_nc_cat=1&ccb=1-7&_nc_sid=2d3e12&_nc_ohc=g5LUxtqmcMcQ7kNvwH8W7DJ&_nc_oc=Ado6Kmy7Ihi6b7aeSbYQKgyYI71to-vff-Df5z3t1dvlc5DIvAMBWuqFle8wUoPs0WU&_nc_zt=24&_nc_ht=scontent-iad3-1.xx&_nc_gid=dm1ZnpnPU_myjcd4N4ug-Q&_nc_ss=7c2a8&oh=00_AQBHxgEOTj27jHNEWVTd091_Yj18e6zqUkVcWzZdhw4Ahw&oe=6A6021C0","https://www.facebook.com/PhilippineSTAR","31","361179750702379","Residents brave the flood waters in Brgy Tumana in Concepcion Marikina during a rescue attempt. | WALTER BOLLOZOS",,"233",,,,,"233","93","1411106980000","https://www.facebook.com/photo.php?fbid=361179750702379&set=a.602294451934438&type=3"
"No photo description available.","10152466050128791","photo","https://www.facebook.com/photo/?fbid=10152466050128791&set=a.635578005267051",,,,,,,,,,,,,,,,,"100064445723899","ANC 24/7","https://scontent-iad3-1.xx.fbcdn.net/v/t39.30808-1/609053834_1328721385952706_4253439834983056076_n.jpg?stp=cp0_dst-jpg_tt6&cstp=mx2048x2048&ctp=s40x40&_nc_cat=1&ccb=1-7&_nc_sid=2d3e12&_nc_ohc=RAU_RPiKxxgQ7kNvwGLy_GT&_nc_oc=AdqMSDYmD5Jmt29_RmIjxtU42_IIyv-9xESw2la0kP6qV6sl9_le8xwq5N18SO-COc0&_nc_zt=24&_nc_ht=scontent-iad3-1.xx&_nc_gid=dm1ZnpnPU_myjcd4N4ug-Q&_nc_ss=7c2a8&oh=00_AQDlKqdTt7Qk8uRfhFyPPKcOpQogVKhWs7w33CSmgRbFCA&oe=6A60214E","https://www.facebook.com/ANCalerts","44","10152466050128791","Flooding at Frisco Del Monte, QC.

(Photo via @CocoMartinReyes)",,,,,,,"0","603","1411089936000","https://www.facebook.com/photo.php?fbid=10152466050128791&set=a.635578005267051&type=3"
"No photo description available.","10152466130983791","photo","https://www.facebook.com/photo/?fbid=10152466130983791&set=a.635578005267051",,,,,,,,,,,,,,,,,"100064445723899","ANC 24/7","https://scontent-iad3-1.xx.fbcdn.net/v/t39.30808-1/609053834_1328721385952706_4253439834983056076_n.jpg?stp=cp0_dst-jpg_tt6&cstp=mx2048x2048&ctp=s40x40&_nc_cat=1&ccb=1-7&_nc_sid=2d3e12&_nc_ohc=RAU_RPiKxxgQ7kNvwGLy_GT&_nc_oc=AdqMSDYmD5Jmt29_RmIjxtU42_IIyv-9xESw2la0kP6qV6sl9_le8xwq5N18SO-COc0&_nc_zt=24&_nc_ht=scontent-iad3-1.xx&_nc_gid=dm1ZnpnPU_myjcd4N4ug-Q&_nc_ss=7c2a8&oh=00_AQDlKqdTt7Qk8uRfhFyPPKcOpQogVKhWs7w33CSmgRbFCA&oe=6A60214E","https://www.facebook.com/ANCalerts","26","10152466130983791","People wading in flood at Ortigas Ave. Extension in Cainta, Rizal. 

(Photo via Ryan Chua)",,"934",,,,,"934","176","1411092822000","https://www.facebook.com/photo.php?fbid=10152466130983791&set=a.635578005267051&type=3"
"No photo description available.","10152465930198791","photo","https://www.facebook.com/photo/?fbid=10152465930198791&set=a.635578005267051",,,,,,,,,,,,,,,,,"100064445723899","ANC 24/7","https://scontent-iad3-1.xx.fbcdn.net/v/t39.30808-1/609053834_1328721385952706_4253439834983056076_n.jpg?stp=cp0_dst-jpg_tt6&cstp=mx2048x2048&ctp=s40x40&_nc_cat=1&ccb=1-7&_nc_sid=2d3e12&_nc_ohc=RAU_RPiKxxgQ7kNvwGLy_GT&_nc_oc=AdqMSDYmD5Jmt29_RmIjxtU42_IIyv-9xESw2la0kP6qV6sl9_le8xwq5N18SO-COc0&_nc_zt=24&_nc_ht=scontent-iad3-1.xx&_nc_gid=dm1ZnpnPU_myjcd4N4ug-Q&_nc_ss=7c2a8&oh=00_AQDlKqdTt7Qk8uRfhFyPPKcOpQogVKhWs7w33CSmgRbFCA&oe=6A60214E","https://www.facebook.com/ANCalerts","88","10152465930198791","Car submerged in the perennially flooded Mother Ignacia going to EDSA southbound.

(Photo via Francis Toral)",,"816",,,,,"816","307","1411085115000","https://www.facebook.com/photo.php?fbid=10152465930198791&set=a.635578005267051&type=3"
"No photo description available.","631063657011306","photo","https://www.facebook.com/photo.php?fbid=631063657011306&set=a.410844520397990&type=3","No photo description available.","631063797011292","photo","https://www.facebook.com/photo.php?fbid=631063797011292&set=a.410844520397990&type=3","No photo description available.","631063863677952","photo","https://www.facebook.com/photo.php?fbid=631063863677952&set=a.410844520397990&type=3","No photo description available.","631065940344411","photo","https://www.facebook.com/photo.php?fbid=631065940344411&set=a.410844520397990&type=3",,,,,"100044173372515","Mayor Leni Robredo","https://scontent-iad6-1.xx.fbcdn.net/v/t39.30808-1/291319610_625878135561293_1598963555746112165_n.jpg?stp=c0.29.1991.1990a_cp0_dst-jpg_tt6&cstp=mx1991x1990&ctp=s40x40&_nc_cat=100&ccb=1-7&_nc_sid=2d3e12&_nc_ohc=F5OHWrbwYlEQ7kNvwETRr8N&_nc_oc=AdplCIJPP7U4gx_WSERU5PjnRBJFf2-gPI0Ngk5AsicY2CxXypI42_XmvvH4B-MDkP0&_nc_zt=24&_nc_ht=scontent-iad6-1.xx&_nc_gid=dm1ZnpnPU_myjcd4N4ug-Q&_nc_ss=7c2a8&oh=00_AQD07lCNyQks3iumbZ_B2WZpsuCNL-hlawxGK1ECkMGJ0A&oe=6A600DDA","https://www.facebook.com/MayorLeniRobredo","9","631065967011075","Atty. Leni Robredo is now in Naga City to check on her constituents after the habagat caused flooding in certain areas in her district.

Today, the Fluvial Procession, a river ceremony that will bring the image of the Virgin of Penafrancia back to the Basilica Minore, will take place.

Photos are from a simple salu-salo prepared for local officials. Rep. Lani Mercado-Revilla was in attendance along with Philhealth Regional Representatives Ma. Lourdes Mabeza and Mary Arlene Gebilaguin.",,"608","1",,,,"609","8","1411197167000","https://www.facebook.com/MayorLeniRobredo/posts/pfbid0Z484oQoWnTnaCztfsJ8SuipPe7p1ZxNEDV8tDdCr8sk1miQJ68T6c7omXZ1FdF9sl"
"No photo description available.","10152883942147985","photo","https://www.facebook.com/photo/?fbid=10152883942147985&set=a.610822944419249",,,,,,,,,,,,,,,,,"100064746458701","MANILA BULLETIN","https://scontent-iad3-1.xx.fbcdn.net/v/t39.30808-1/486278506_1099976158837256_5940999471121737534_n.jpg?stp=cp0_dst-jpg_tt6&cstp=mx960x960&ctp=s40x40&_nc_cat=1&ccb=1-7&_nc_sid=2d3e12&_nc_ohc=SPUObSUmnT4Q7kNvwEtHgbI&_nc_oc=AdojrRTdsl4K1Ojk_uiB8GLQyC27PX1mG2RLnAcN0ZmzKFzgxAsvWLfeC0EFlE9tn44&_nc_zt=24&_nc_ht=scontent-iad3-1.xx&_nc_gid=dm1ZnpnPU_myjcd4N4ug-Q&_nc_ss=7c2a8&oh=00_AQBYmxe96OH_83NWI-5I3-RioCM_JUFC2_kljY673o_4Xg&oe=6A602829","https://www.facebook.com/ManilaBulletin","6","10152883942147985","A man wades through knee-deep flood waters in Banilad, Mandaue City, Cebu. Continuous heavy rains have inundated parts of metropolitan Cebu, prompting Governor Hilario Davide III to cancel classes in all levels in Cebu province, including the cities of Mandaue, Talisay, and Cebu. (Juan Carlo de Vela)",,"407",,,,,"407","78","1411120800000","https://www.facebook.com/photo.php?fbid=10152883942147985&set=a.610822944419249&type=3"
"No photo description available.","10152466588543791","photo","https://www.facebook.com/photo/?fbid=10152466588543791&set=a.635578005267051",,,,,,,,,,,,,,,,,"100064445723899","ANC 24/7","https://scontent-iad3-1.xx.fbcdn.net/v/t39.30808-1/609053834_1328721385952706_4253439834983056076_n.jpg?stp=cp0_dst-jpg_tt6&cstp=mx2048x2048&ctp=s40x40&_nc_cat=1&ccb=1-7&_nc_sid=2d3e12&_nc_ohc=RAU_RPiKxxgQ7kNvwGLy_GT&_nc_oc=AdqMSDYmD5Jmt29_RmIjxtU42_IIyv-9xESw2la0kP6qV6sl9_le8xwq5N18SO-COc0&_nc_zt=24&_nc_ht=scontent-iad3-1.xx&_nc_gid=Yne80WFt5F55YBmtU6JsVg&_nc_ss=7c2a8&oh=00_AQAYyHX36A6HftxJEAsxg6ZLEmd4MnO8zoi0lrdzQGUX3Q&oe=6A60214E","https://www.facebook.com/ANCalerts","7","10152466588543791","Waist-deep flood in Brgy. San Miguel, Taguig. Residents still refuse to evacuate.

(Photo via Carolyn Bonquin)",,"443",,,,,"443","82","1411111524000","https://www.facebook.com/photo.php?fbid=10152466588543791&set=a.635578005267051&type=3"
"No photo description available.","528828523928590","photo","https://www.facebook.com/photo/?fbid=528828523928590&set=a.569106401927309",,,,,,,,,,,,,,,,,"100064838614820","Eskwela","https://scontent-iad6-1.xx.fbcdn.net/v/t39.30808-1/326462710_996847631276001_2809732989775516239_n.jpg?stp=cp0_dst-jpg_tt6&cstp=mx180x180&ctp=s40x40&_nc_cat=100&ccb=1-7&_nc_sid=2d3e12&_nc_ohc=fGZqP8hnKOgQ7kNvwHPfau3&_nc_oc=AdqadtEKnAWQdaluMEyyhQ6xW0Bdtmu-fKqKXy7iSSfWGLIBGckIzA4rMttHQGoGLv4&_nc_zt=24&_nc_ht=scontent-iad6-1.xx&_nc_gid=Yne80WFt5F55YBmtU6JsVg&_nc_ss=7c2a8&oh=00_AQCevhegFchbfoZeFXCLwMwNpEaA_Uj4kVZ6PwisxmtNQA&oe=6A602D93","https://www.facebook.com/eskwelaeskwela","1","528828523928590","Keep Safe.

Emergency Hotlines:

PAG-ASA : 433-8526
MMDA Flood Control: 882-0925 / 882-4153 to 74 loc 271
PH Red Cross: 527-0000
NDRMMC: 911-5061 to 64
Bureau of Fire Protection: 729-5166 / 410-6254 / 431-8859 / 407-1230
PH Coast Guard: 328-1098 / 527-8481 loc 6290 to 92",,"212",,,,,"212","13","1411113141000","https://www.facebook.com/photo.php?fbid=528828523928590&set=a.569106401927309&type=3"
"No photo description available.","10152466658453791","photo","https://www.facebook.com/photo/?fbid=10152466658453791&set=a.635578005267051",,,,,,,,,,,,,,,,,"100064445723899","ANC 24/7","https://scontent-iad3-1.xx.fbcdn.net/v/t39.30808-1/609053834_1328721385952706_4253439834983056076_n.jpg?stp=cp0_dst-jpg_tt6&cstp=mx2048x2048&ctp=s40x40&_nc_cat=1&ccb=1-7&_nc_sid=2d3e12&_nc_ohc=RAU_RPiKxxgQ7kNvwGLy_GT&_nc_oc=AdqMSDYmD5Jmt29_RmIjxtU42_IIyv-9xESw2la0kP6qV6sl9_le8xwq5N18SO-COc0&_nc_zt=24&_nc_ht=scontent-iad3-1.xx&_nc_gid=Yne80WFt5F55YBmtU6JsVg&_nc_ss=7c2a8&oh=00_AQAYyHX36A6HftxJEAsxg6ZLEmd4MnO8zoi0lrdzQGUX3Q&oe=6A60214E","https://www.facebook.com/ANCalerts","34","10152466658453791","A scavenger collects junk washed away by floods in QC.

(Photo via Jacque Manabat)",,"756",,,,,"756","102","1411116155000","https://www.facebook.com/photo.php?fbid=10152466658453791&set=a.635578005267051&type=3"
"No photo description available.","361183094035378","photo","https://www.facebook.com/photo/?fbid=361183094035378&set=a.602294451934438",,,,,,,,,,,,,,,,,"100064616655120","Philippine Star","https://scontent-iad3-1.xx.fbcdn.net/v/t39.30808-1/341858556_918415572727450_374717831366242673_n.jpg?stp=cp0_dst-jpg_tt6&cstp=mx1000x1000&ctp=s40x40&_nc_cat=1&ccb=1-7&_nc_sid=2d3e12&_nc_ohc=g5LUxtqmcMcQ7kNvwH8W7DJ&_nc_oc=Ado6Kmy7Ihi6b7aeSbYQKgyYI71to-vff-Df5z3t1dvlc5DIvAMBWuqFle8wUoPs0WU&_nc_zt=24&_nc_ht=scontent-iad3-1.xx&_nc_gid=Yne80WFt5F55YBmtU6JsVg&_nc_ss=7c2a8&oh=00_AQD48gOJvZKcfspfTotlqy_FVOTiY1UgiFV51k1L60IrBA&oe=6A6021C0","https://www.facebook.com/PhilippineSTAR","10","361183094035378","Stranded passengers are ferried through a flooded street during heavy rains brought on by tropical storm Mario in Manila.

MORE: http://bit.ly/1uh7yeT",,"138",,,,,"138","64","1411108878000","https://www.facebook.com/photo.php?fbid=361183094035378&set=a.602294451934438&type=3"
"No photo description available.","10153208182603135","photo","https://www.facebook.com/photo/?fbid=10153208182603135&set=a.557577123071665",,,,,,,,,,,,,,,,,"100064581467987","Glass Garden","https://scontent-iad3-2.xx.fbcdn.net/v/t39.30808-1/317737332_10162364839958135_1237259279765066022_n.jpg?stp=cp0_dst-jpg_tt6&cstp=mx740x740&ctp=s40x40&_nc_cat=105&ccb=1-7&_nc_sid=2d3e12&_nc_ohc=nsWfpnvDzoAQ7kNvwF2IZIi&_nc_oc=Adr_uQn_GLmeEO13WIE3x30WogatSwn4jpIMaRBUNBQqSWQqL3Abt02kw5ZmHuEDK4Y&_nc_zt=24&_nc_ht=scontent-iad3-2.xx&_nc_gid=Yne80WFt5F55YBmtU6JsVg&_nc_ss=7c2a8&oh=00_AQDt_GPtEnzeBDkHD9Bws0SKKfJ4KHX4VMA88yq61ngdfA&oe=6A600B3F","https://www.facebook.com/GlassGardenEvents","6","10153208182603135","As of 9:25 today, The Glass Garden is flood free. We pray everyone is safe and dry.",,"65",,,,,"65","5","1411090055000","https://www.facebook.com/photo.php?fbid=10153208182603135&set=a.557577123071665&type=3"
"No photo description available.","678877208888858","photo","https://www.facebook.com/photo.php?fbid=678877208888858&set=a.365711365600523&type=3","No photo description available.","678877215555524","photo","https://www.facebook.com/photo.php?fbid=678877215555524&set=a.365711365600523&type=3",,,,,,,,,,,,,"100064849864375","DOST-PAGASA","https://scontent-iad3-1.xx.fbcdn.net/v/t39.30808-1/487303686_1099355335569452_7045424019269009221_n.png?stp=cp0_dst-png&cstp=mx1001x1001&ctp=s40x40&_nc_cat=1&ccb=1-7&_nc_sid=2d3e12&_nc_ohc=8-rGnn6nM6QQ7kNvwE5AIYn&_nc_oc=Adrc0eo_VlAMh2uNvRKoUxIxEAIzwdp8arCyMREhLePThCtf-hepCv-wQzwT0u7K2wc&_nc_zt=24&_nc_ht=scontent-iad3-1.xx&_nc_gid=Yne80WFt5F55YBmtU6JsVg&_nc_ss=7c2a8&oh=00_AQB8W8TjZeV1IPgvgCe-U_gX5SA3HQo7ilNXnPrDuuoCJA&oe=6A60381F","https://www.facebook.com/PAGASA.DOST.GOV.PH","32","678877332222179","Heavy Rainfall Warning No. 03  #Visayas_PRSD
Weather System: Tropical Storm ""#MarioPH"" 
Issued at:12:00 PM, 19Sept'14 (Fri)

ORANGE:#OccidentalMindoro;#Aklan; #Antique;#NorthernPalawan
YELLOW: #Iloilo; #Capiz; 

(ORANGE) FLOODING is threatening in low lying areas and LANDSLIDES in mountainous areas.
(YELLOW) FLOODING is possible in low lying areas and LANDSLIDES in mountainous areas.
 The public and the DRRMC concerned are advised to MONITOR the weather condition and watch for the next advisory to be issued at 3PM today. 
 For more information, please call +(63) 32 340-4143 or 340-1868 or log on to www.pagasa.dost.gov.ph",,"276",,,,,"276","139","1411100144000","https://www.facebook.com/PAGASA.DOST.GOV.PH/posts/pfbid0JHG3KH9no8FnxHB7weQhJt5A4HtVNQ9mgDpWtgfXwHprSuq3x5TuNAECr7ugsYLkl"
"No photo description available.","1495645910683825","photo","https://www.facebook.com/photo/?fbid=1495645910683825&set=a.640625921442958",,,,,,,,,,,,,,,,,"100064866663539","Tata Motors Philippines","https://scontent-iad3-1.xx.fbcdn.net/v/t39.30808-1/615173725_1329046889267521_8894984476710331988_n.jpg?stp=cp0_dst-jpg_tt6&cstp=mx2000x2000&ctp=s40x40&_nc_cat=101&ccb=1-7&_nc_sid=2d3e12&_nc_ohc=joq8hnaTYjEQ7kNvwFoiAw3&_nc_oc=Adpn0fzZoHzBpEW8yKf_ChaIXfSYzOnpVm9XpiiWcLRxiCN0aGfTJ0gUnP2GKFYd5-o&_nc_zt=24&_nc_ht=scontent-iad3-1.xx&_nc_gid=h29VF-NbWLPcTPH5tGxHiw&_nc_ss=7c2a8&oh=00_AQCZMCF6ejQpJqhCsnTI8FDq7V6wfYufGkHptA-BvhVd_Q&oe=6A600CB1","https://www.facebook.com/tatamotors.ph","4","1495645910683825","Flash flooding in parts of Metro Manila today. Some areas 2 stories of flood water high. Are you prepared for this kind of weather?

See how the Tata Xenon easily traverses flooded areas with the highest ground clearance in the 4x2 pick up segment, why not  schedule a test drive now!

Stay safe and Dry everyone!",,"56",,,,,"56","14","1411097210000","https://www.facebook.com/photo.php?fbid=1495645910683825&set=a.640625921442958&type=3"
"No photo description available.","836151476405637","photo","https://www.facebook.com/photo/?fbid=836151476405637&set=a.362804292548312",,,,,,,,,,,,,,,,,"100064562324642","Rappler","https://scontent-iad3-1.xx.fbcdn.net/v/t39.30808-1/312485121_544389621056444_1709176195648106042_n.jpg?stp=c214.214.652.652a_cp0_dst-jpg_tt6&cstp=mx652x652&ctp=s40x40&_nc_cat=1&ccb=1-7&_nc_sid=2d3e12&_nc_ohc=ivhhtnso5b0Q7kNvwGl_0Q9&_nc_oc=AdqUDkQ-pspqIHkB53BxfVE29ZoEUQ351_p2D466jAam0aky0hoE8dKVjKzRl6zXQTU&_nc_zt=24&_nc_ht=scontent-iad3-1.xx&_nc_gid=h29VF-NbWLPcTPH5tGxHiw&_nc_ss=7c2a8&oh=00_AQAEjvQ-F-9W_Xw_Nm4ujEahHTchw1mkJRuowy_QO3Ckdw&oe=6A602C40","https://www.facebook.com/rapplerdotcom","31","836151476405637","Filipino flood victims rest inside a church that turned into a temporary evacuation center in Quezon City. Photo by Ritchie B. Tongo/EPA 

Follow our #MarioPH LIVE BLOG for updates: rplr.co/1r5mX3g",,"544",,,,,"544","27","1411129252000","https://www.facebook.com/photo.php?fbid=836151476405637&set=a.362804292548312&type=3"
,,,,,,,,,,,,,,,,,,,,"100064445723899","ANC 24/7","https://scontent-iad3-1.xx.fbcdn.net/v/t39.30808-1/609053834_1328721385952706_4253439834983056076_n.jpg?stp=cp0_dst-jpg_tt6&cstp=mx2048x2048&ctp=s40x40&_nc_cat=1&ccb=1-7&_nc_sid=2d3e12&_nc_ohc=RAU_RPiKxxgQ7kNvwGLy_GT&_nc_oc=AdqMSDYmD5Jmt29_RmIjxtU42_IIyv-9xESw2la0kP6qV6sl9_le8xwq5N18SO-COc0&_nc_zt=24&_nc_ht=scontent-iad3-1.xx&_nc_gid=h29VF-NbWLPcTPH5tGxHiw&_nc_ss=7c2a8&oh=00_AQAMOoWBT_-HDWBDxltH_VpKq0Q5ATsFuTT8G_0pFkhXPw&oe=6A60214E","https://www.facebook.com/ANCalerts","0","10152467109688791","MMDA FLOOD UPDATE: Araneta going to E. Rodriguez not passable as of 9:48pm",,"89",,,,,"89","10","1411135823000","https://www.facebook.com/ANCalerts/posts/pfbid028rZ3XW3qwmN21VsATDeBvizBqkRZJEQY2xyWD9FEpHGEfXQjN3z9T6YL8X8N8pWal"
"No photo description available.","375033829314693","photo","https://www.facebook.com/photo/?fbid=375033829314693&set=a.245372301151322",,,,,,,,,,,,,,,,,"100070356608745","Clat Rat","https://scontent-iad3-1.xx.fbcdn.net/v/t39.30808-1/326794151_3323481394580933_8517917326682458118_n.jpg?stp=cp0_dst-jpg_tt6&cstp=mx1280x1280&ctp=s40x40&_nc_cat=110&ccb=1-7&_nc_sid=2d3e12&_nc_ohc=ik6kTGEmA_AQ7kNvwHSl4ep&_nc_oc=Adou5LuOpa7GW3WSbKBcLPaiDBkwalNNK50Qw5wxX0QboATwLTgpJI6s0tDV1cXF0ys&_nc_zt=24&_nc_ht=scontent-iad3-1.xx&_nc_gid=h29VF-NbWLPcTPH5tGxHiw&_nc_ss=7c2a8&oh=00_AQDlR1RuHa36JlJLhU9DyPC1_xt_GZjQhaZIm3RXsYvF3g&oe=6A600E58","https://www.facebook.com/WeRunRabid","6","375033829314693","""It's raining cats and dogs, so rats should just stay indoors""

Flood has hit us, shipouts suspended until better weather permits.

Restock has also been rescheduled as per advice of our courier.

Thank you for understanding. Will continue clatting people up this coming week. The next drops will be HOT HOT HOT!",,"64",,,,,"64","0","1411099358000","https://www.facebook.com/photo.php?fbid=375033829314693&set=a.245372301151322&type=3"
"No photo description available.","659507784156102","photo","https://www.facebook.com/photo/?fbid=659507784156102&set=a.532729732375173",,,,,,,,,,,,,,,,,"100069144534674","Eagle News","https://scontent-iad6-1.xx.fbcdn.net/v/t39.30808-1/302495836_5446732305433602_2556036293795182370_n.jpg?stp=cp0_dst-jpg_tt6&cstp=mx672x672&ctp=s40x40&_nc_cat=107&ccb=1-7&_nc_sid=2d3e12&_nc_ohc=QfC8D-3NrMYQ7kNvwEA5IyH&_nc_oc=AdolkTKEaxEw_og0tlC9yu_J2UN7F2DuuqE1bbHLvyXQ7Msbc71FLn3Rjfkv79vyMZ4&_nc_zt=24&_nc_ht=scontent-iad6-1.xx&_nc_gid=h29VF-NbWLPcTPH5tGxHiw&_nc_ss=7c2a8&oh=00_AQDc2HhyC7PBvcyAm0aX3aqy07PMFdoBH5cpqmFRfa9zsw&oe=6A6032A1","https://www.facebook.com/EagleNews","2","659507784156102","Various areas in Quezon City, now flooded. Here's the situation in Doña Imelda.

Courtesy of Rolen John, EBC News 360
#EagleNewsPH",,"125",,,,,"125","35","1411097165000","https://www.facebook.com/photo.php?fbid=659507784156102&set=a.532729732375173&type=3"
"No photo description available.","10152805984958968","photo","https://www.facebook.com/photo/?fbid=10152805984958968&set=a.616984643788914",,,,,,,,,,,,,,,,,"100064321525837","Operation Blessing Foundation Philippines, Inc.","https://scontent-iad6-1.xx.fbcdn.net/v/t39.30808-1/347650117_219019364238008_7819801205930117597_n.jpg?stp=cp0_dst-jpg_tt6&cstp=mx960x960&ctp=s40x40&_nc_cat=102&ccb=1-7&_nc_sid=2d3e12&_nc_ohc=X0M-l9LWkccQ7kNvwHO-vX1&_nc_oc=AdobKvKuFuYCeII7N5fjgF65Dld87Xx5ZvlzCTYKuiHMiMnV1UHq0Zq2ChQ-PwVcBQA&_nc_zt=24&_nc_ht=scontent-iad6-1.xx&_nc_gid=h29VF-NbWLPcTPH5tGxHiw&_nc_ss=7c2a8&oh=00_AQD7kJ25rhwdzfO-gpVpo4ZOf7zxxbyadtlMSeLjC0uBGg&oe=6A600890","https://www.facebook.com/operationblessingph","2","10152805984958968","Flood water may increase the number of mosquitoes and other disease-causing pests. To protect your child, ensure that they use insect repellent lotion or spray.",,"143",,,,,"143","16","1411142400000","https://www.facebook.com/photo.php?fbid=10152805984958968&set=a.616984643788914&type=3"
"No photo description available.","824477130929665","photo","https://www.facebook.com/photo/?fbid=824477130929665&set=a.551643326996701",,,,,,,,,,,,,,,,,"100064531156602","Pentecostal Missionary Church of Christ (4th Watch)","https://scontent-iad6-1.xx.fbcdn.net/v/t39.30808-1/484586336_1053587270135635_5074162563915170236_n.jpg?stp=cp0_dst-jpg_tt6&cstp=mx2048x2048&ctp=s40x40&_nc_cat=107&ccb=1-7&_nc_sid=2d3e12&_nc_ohc=H510jm6KIJcQ7kNvwHT0XAp&_nc_oc=AdrIz-tzPzcRSFKg75yTiPD56SvaICAz7nrkRB136tr0EyUkZ58rlBzGUIS7HPdgwlU&_nc_zt=24&_nc_ht=scontent-iad6-1.xx&_nc_gid=RxQXahu4IFO41JRpzg39cQ&_nc_ss=7c2a8&oh=00_AQAJFPWhYlpFpFQ_LcbcsB4tXFvAsltm97CMqCspbw5QLw&oe=6A602B70","https://www.facebook.com/PMCC4W","27","824477130929665","After a week of heavy rain and flood, Marikina Locale is blessed with a fair weather on its 42nd Church Anniversary celebration! 
To God be all the Glory!
#pmcc4thwatch #ChurchAnniversary #Marikina #Proudtobe4thWatcher",,"1131",,,,,"1131","50","1411309762000","https://www.facebook.com/photo.php?fbid=824477130929665&set=a.551643326996701&type=3"
"No photo description available.","606378242805047","photo","https://www.facebook.com/photo.php?fbid=606378242805047&set=a.363864482446050&type=3","No photo description available.","606378342805037","photo","https://www.facebook.com/photo.php?fbid=606378342805037&set=a.363864482446050&type=3","No photo description available.","606378376138367","photo","https://www.facebook.com/photo.php?fbid=606378376138367&set=a.363864482446050&type=3",,,,,,,,,"100064675025966","GMA News Weather Center","https://scontent-iad6-1.xx.fbcdn.net/v/t39.30808-1/724778055_1541013941397759_4007045830371021396_n.jpg?stp=c95.0.1152.1152a_cp0_dst-jpg_tt6&cstp=mx1152x1152&ctp=s40x40&_nc_cat=107&ccb=1-7&_nc_sid=2d3e12&_nc_ohc=JSfEewpaBicQ7kNvwFuWyED&_nc_oc=Adr8-PkzPd6kBhGbsgmaDH2O2bw397Wmfh0SOgf5IRSw-4Y_2BFIlFsZAZRxHkGM-qY&_nc_zt=24&_nc_ht=scontent-iad6-1.xx&_nc_gid=RxQXahu4IFO41JRpzg39cQ&_nc_ss=7c2a8&oh=00_AQAgT8-NzqyJX4XibKsz0HjfaY4pM7Upp-msYYDcKaB9HQ&oe=6A600A0D","https://www.facebook.com/gmaweather","8","606378389471699","Heavy Rainfall Warning No.8 #NCR_PRSD
Weather System: Tropical Storm #MarioPH
Issued at 03:00 PM September 19, 2014 (Friday)

Warning Level: RED
Areas: #MetroManila, #Bataan, #Zambales, #Bulacan, #Laguna, #Rizal, #Cavite and #Batangas
Impact: SEVERE FLOODING is expected.

Warning Level: ORANGE
Areas: #Quezon and #Pampanga
Impact: FLOODING is THREATENING.

Warning Level: YELLOW
Areas: #Tarlac and #NuevaEcija
Impact: Possible FLOODING in low-lying areas may still prevail over these areas. 

The public and the Disaster Risk Reduction and Management Council concerned are advised to MONITOR the weather condition and watch for the next advisory to be issued at 6:00 PM today. | via DOST PAGASA",,"49",,,,,"49","25","1411110786000","https://www.facebook.com/gmaweather/posts/pfbid08NAEuGMhqkgXTkW29Zy5t5SZWHhXutX8Pd7CAFnxLNeuKiqenvRKNvbnnmLKptDVl"
"No photo description available.","824477244262987","photo","https://www.facebook.com/photo/?fbid=824477244262987&set=a.551643326996701",,,,,,,,,,,,,,,,,"100064531156602","Pentecostal Missionary Church of Christ (4th Watch)","https://scontent-iad6-1.xx.fbcdn.net/v/t39.30808-1/484586336_1053587270135635_5074162563915170236_n.jpg?stp=cp0_dst-jpg_tt6&cstp=mx2048x2048&ctp=s40x40&_nc_cat=107&ccb=1-7&_nc_sid=2d3e12&_nc_ohc=H510jm6KIJcQ7kNvwHT0XAp&_nc_oc=AdrIz-tzPzcRSFKg75yTiPD56SvaICAz7nrkRB136tr0EyUkZ58rlBzGUIS7HPdgwlU&_nc_zt=24&_nc_ht=scontent-iad6-1.xx&_nc_gid=RxQXahu4IFO41JRpzg39cQ&_nc_ss=7c2a8&oh=00_AQAJFPWhYlpFpFQ_LcbcsB4tXFvAsltm97CMqCspbw5QLw&oe=6A602B70","https://www.facebook.com/PMCC4W","9","824477244262987","After a week of heavy rain and flood, Marikina Locale is blessed with a fair weather on its 42nd Church Anniversary celebration! 
To God be all the Glory!
#pmcc4thwatch #ChurchAnniversary #Marikina #Proudtobe4thWatcher",,"384",,,,,"384","7","1411309762000","https://www.facebook.com/photo.php?fbid=824477244262987&set=a.551643326996701&type=3"
,,,,,,,,,,,,,,,,,,,,"100064321525837","Operation Blessing Foundation Philippines, Inc.","https://scontent-iad6-1.xx.fbcdn.net/v/t39.30808-1/347650117_219019364238008_7819801205930117597_n.jpg?stp=cp0_dst-jpg_tt6&cstp=mx960x960&ctp=s40x40&_nc_cat=102&ccb=1-7&_nc_sid=2d3e12&_nc_ohc=X0M-l9LWkccQ7kNvwHO-vX1&_nc_oc=AdobKvKuFuYCeII7N5fjgF65Dld87Xx5ZvlzCTYKuiHMiMnV1UHq0Zq2ChQ-PwVcBQA&_nc_zt=24&_nc_ht=scontent-iad6-1.xx&_nc_gid=RxQXahu4IFO41JRpzg39cQ&_nc_ss=7c2a8&oh=00_AQD4CFO-_A7vc56jBug6Yh9rllgBoU5-6ic8gQChBsNtWQ&oe=6A600890","https://www.facebook.com/operationblessingph","0","10152806265428968","DURING A FLOOD | Do not touch any electrical equipment if you are wet or standing in water. #SafetyFIRST",,"99",,,,,"99","12","1411133297000","https://www.facebook.com/operationblessingph/posts/pfbid06gXTEqz63CmE4Q3kk9buat4Uh4ZwLr3GupEsVrXRXXKLrgvN9UwSHZKdBXkW9fe1l"
"No photo description available.","824477247596320","photo","https://www.facebook.com/photo/?fbid=824477247596320&set=a.551643326996701",,,,,,,,,,,,,,,,,"100064531156602","Pentecostal Missionary Church of Christ (4th Watch)","https://scontent-iad6-1.xx.fbcdn.net/v/t39.30808-1/484586336_1053587270135635_5074162563915170236_n.jpg?stp=cp0_dst-jpg_tt6&cstp=mx2048x2048&ctp=s40x40&_nc_cat=107&ccb=1-7&_nc_sid=2d3e12&_nc_ohc=H510jm6KIJcQ7kNvwHT0XAp&_nc_oc=AdrIz-tzPzcRSFKg75yTiPD56SvaICAz7nrkRB136tr0EyUkZ58rlBzGUIS7HPdgwlU&_nc_zt=24&_nc_ht=scontent-iad6-1.xx&_nc_gid=RxQXahu4IFO41JRpzg39cQ&_nc_ss=7c2a8&oh=00_AQAJFPWhYlpFpFQ_LcbcsB4tXFvAsltm97CMqCspbw5QLw&oe=6A602B70","https://www.facebook.com/PMCC4W","2","824477247596320","After a week of heavy rain and flood, Marikina Locale is blessed with a fair weather on its 42nd Church Anniversary celebration! 
To God be all the Glory!
#pmcc4thwatch #ChurchAnniversary #Marikina #Proudtobe4thWatcher",,"274",,,,,"274","10","1411309762000","https://www.facebook.com/photo.php?fbid=824477247596320&set=a.551643326996701&type=3"
"No photo description available.","974221235936623","photo","https://www.facebook.com/photo/?fbid=974221235936623&set=a.600474168787982",,,,,,,,,,,,,,,,,"100064762115861","UNTV News and Rescue","https://scontent-iad3-1.xx.fbcdn.net/v/t39.30808-1/339057996_229585659732134_7363939708771708088_n.jpg?stp=cp0_dst-jpg_tt6&cstp=mx600x600&ctp=s40x40&_nc_cat=1&ccb=1-7&_nc_sid=2d3e12&_nc_ohc=2-4kWekjZ00Q7kNvwFgJ368&_nc_oc=AdpCgdtmagF6it6PJXoZtgSCSN6F7wCvJAy8sWJzVdpzoUr5CAoIPDIuUPHhzVRRAsQ&_nc_zt=24&_nc_ht=scontent-iad3-1.xx&_nc_gid=fRfF9J7vdh3TiTqTxf56Ag&_nc_ss=7c2a8&oh=00_AQAo6CqEjQoOxPArVzFHzCiIVniQcaDfIlvMsFYwKP6arw&oe=6A60238B","https://www.facebook.com/UNTVNewsRescue","14","974221235936623","#MarioPH Flood Photo at Valley Golf, Cainta, Rizal (8:29am)

PHOTO by: Stephen Cabunilas",,"546",,,,,"546","166","1411089644000","https://www.facebook.com/photo.php?fbid=974221235936623&set=a.600474168787982&type=3"
"No photo description available.","835967746424010","photo","https://www.facebook.com/photo/?fbid=835967746424010&set=a.362804292548312",,,,,,,,,,,,,,,,,"100064562324642","Rappler","https://scontent-iad3-1.xx.fbcdn.net/v/t39.30808-1/312485121_544389621056444_1709176195648106042_n.jpg?stp=c214.214.652.652a_cp0_dst-jpg_tt6&cstp=mx652x652&ctp=s40x40&_nc_cat=1&ccb=1-7&_nc_sid=2d3e12&_nc_ohc=ivhhtnso5b0Q7kNvwGl_0Q9&_nc_oc=AdqUDkQ-pspqIHkB53BxfVE29ZoEUQ351_p2D466jAam0aky0hoE8dKVjKzRl6zXQTU&_nc_zt=24&_nc_ht=scontent-iad3-1.xx&_nc_gid=fRfF9J7vdh3TiTqTxf56Ag&_nc_ss=7c2a8&oh=00_AQDh-5g4gaoisZpVqCFClCdpgEPTJtAL8Hjtf1E0Ca3yTw&oe=6A602C40","https://www.facebook.com/rapplerdotcom","57","835967746424010","Residents look at the flooded river bank in Marikina City. Photo by Jansen Romero/Rappler",,"1180",,,,,"1180","160","1411114428000","https://www.facebook.com/photo.php?fbid=835967746424010&set=a.362804292548312&type=3"
,,,,,,,,,,,,,,,,,,,,"100044511906533","Chiz Escudero","https://scontent-iad3-2.xx.fbcdn.net/v/t39.30808-1/441655736_1012660413561013_7476720995854428882_n.jpg?stp=c8.8.576.576a_cp0_dst-jpg_tt6&cstp=mx576x576&ctp=s40x40&_nc_cat=103&ccb=1-7&_nc_sid=2d3e12&_nc_ohc=_jKsRwGzMZwQ7kNvwH1W_dS&_nc_oc=AdqIAWlW6svRzNcyMyhNMKDuT26MlWu93aCrY2yLF-HVEHWiXhzAKDk5m1I78w7pyws&_nc_zt=24&_nc_ht=scontent-iad3-2.xx&_nc_gid=fRfF9J7vdh3TiTqTxf56Ag&_nc_ss=7c2a8&oh=00_AQDXLJXj9CXhbH48HKarAQubu9BUFh_tfg5Lvk29jUaD2Q&oe=6A602FA3","https://www.facebook.com/officialchizescudero","11","10152724714120610","Mag-ingat po tayong lahat, lalo na sa mga nakatira sa flood-prone areas. Stay safe, everyone. #MarioPH",,"853",,,,,"853","13","1411089111000","https://www.facebook.com/officialchizescudero/posts/pfbid0YzQhnX9BDWCwJEg89sVJ3BHDp8gnt8rULZRTMY4LBkboMKwSMqHhoHPvZjwRrCxnl"
"No photo description available.","298121937038105","photo","https://www.facebook.com/photo/?fbid=298121937038105&set=a.577976417691986",,,,,,,,,,,,,,,,,"100064388993857","Nuffsaid Society","https://scontent-iad3-1.xx.fbcdn.net/v/t39.30808-1/387168424_699022458920714_6182700573219991491_n.jpg?stp=cp0_dst-jpg_tt6&cstp=mx1000x1000&ctp=s40x40&_nc_cat=1&ccb=1-7&_nc_sid=2d3e12&_nc_ohc=g9wmTpouHB8Q7kNvwGteVf0&_nc_oc=AdpY7FpbVX61reQOAQqaj1wtmhTX1VfTFGag9Xf1dFDICQA8E6bX2kA9-1UQXwlfBUQ&_nc_zt=24&_nc_ht=scontent-iad3-1.xx&_nc_gid=fRfF9J7vdh3TiTqTxf56Ag&_nc_ss=7c2a8&oh=00_AQDpmfN7OVutOd4_c4XgtGHBEHTI6cviWkTbqnt_YaG-6g&oe=6A60097D","https://www.facebook.com/NuffsaidPage","70","298121937038105","Heart Breaking
If you know your place is flood prone, always park your cars on higher grounds in times like this.
via Jp Octavo",,"274",,,,,"274","32","1411112746000","https://www.facebook.com/photo.php?fbid=298121937038105&set=a.577976417691986&type=3"
"No photo description available.","713245968711593","photo","https://www.facebook.com/photo/?fbid=713245968711593&set=a.547103260795460",,,,,,,,,,,,,,,,,"100064873712866","La Naval de Manila","https://scontent-iad3-1.xx.fbcdn.net/v/t39.30808-1/463409234_948887993950316_666159959054905024_n.jpg?stp=c119.383.1154.1153a_cp0_dst-jpg_tt6&cstp=mx1154x1153&ctp=s40x40&_nc_cat=101&ccb=1-7&_nc_sid=2d3e12&_nc_ohc=MQbihGkwxaYQ7kNvwHNAXrt&_nc_oc=AdoYivQqC48yipiKOw5LfI55vlt2sTSHJuuxbVOS_dFfIX7jIwej242E5TCjP5nLjBU&_nc_zt=24&_nc_ht=scontent-iad3-1.xx&_nc_gid=fRfF9J7vdh3TiTqTxf56Ag&_nc_ss=7c2a8&oh=00_AQCbEEPqoT2-au9KVABo8EkXODk2XPq0saEnjtcZ9_3kxQ&oe=6A600615","https://www.facebook.com/lanavaldemanilaofficialpage","12","713245968711593","More than 2,000 residents displaced by rising flood waters sought refuge at The National Shrine of Our Lady of the Rosary, Sto. Domingo Church in Quezon City.

They are in need of ready-to-eat food, water and dry clothes. DONATIONS MAY BE SENT TO STO. DOMINGO CHURCH, 537 QUEZON AVENUE, QUEZON CITY.  Tel. 712 62 71 to 74.

Thank you and may The Lord bless you for your generosity!",,"322",,,,,"322","233","1411110172000","https://www.facebook.com/photo.php?fbid=713245968711593&set=a.547103260795460&type=3"
"No photo description available.","546484678786519","photo","https://www.facebook.com/photo/?fbid=546484678786519&set=a.572930338207018",,,,,,,,,,,,,,,,,"100064701697596","WEAR HIS WORD","https://scontent-iad6-1.xx.fbcdn.net/v/t39.30808-1/327272512_930861651611600_2764049307471995529_n.jpg?stp=cp0_dst-jpg_tt6&cstp=mx2048x2048&ctp=s40x40&_nc_cat=100&ccb=1-7&_nc_sid=2d3e12&_nc_ohc=yiFPslH32vIQ7kNvwEIewpX&_nc_oc=AdqmcAn4xErlleBmykOJPfq6sLSGSKclj0jZUalqwM2gG17Aoo62ji1UkNBr0V1-OZY&_nc_zt=24&_nc_ht=scontent-iad6-1.xx&_nc_gid=fRfF9J7vdh3TiTqTxf56Ag&_nc_ss=7c2a8&oh=00_AQB1CVfWA80hdxBH85FY3wBY6J5aRDY054erEr_U_B-P0A&oe=6A60308F","https://www.facebook.com/WEARHISWORD","3","546484678786519","Things may have been lost yesterday during the flood but our God will sustain us. 

Thank you Lord for this brand new day. ☀️

-- Wear His Word
Everything that we do, we believe in Honoring God, making a difference in other people's lives and sharing God's Word. 

Check our Wear His Word shirt collection http://tinyurl.com/whwcollection",,"294",,,,,"294","47","1411169655000","https://www.facebook.com/photo.php?fbid=546484678786519&set=a.572930338207018&type=3"
"No photo description available.","974221235936623","photo","https://www.facebook.com/photo/?fbid=974221235936623&set=a.600474168787982",,,,,,,,,,,,,,,,,"100064762115861","UNTV News and Rescue","https://scontent-iad3-1.xx.fbcdn.net/v/t39.30808-1/339057996_229585659732134_7363939708771708088_n.jpg?stp=cp0_dst-jpg_tt6&cstp=mx600x600&ctp=s40x40&_nc_cat=1&ccb=1-7&_nc_sid=2d3e12&_nc_ohc=2-4kWekjZ00Q7kNvwFgJ368&_nc_oc=AdpCgdtmagF6it6PJXoZtgSCSN6F7wCvJAy8sWJzVdpzoUr5CAoIPDIuUPHhzVRRAsQ&_nc_zt=24&_nc_ht=scontent-iad3-1.xx&_nc_gid=3rTXaianND_Pnq-vGaj4Aw&_nc_ss=7c2a8&oh=00_AQClb3Aiq4gUUZz3pYyulDv3Q39xU8dyPq3pprugudnL2A&oe=6A60238B","https://www.facebook.com/UNTVNewsRescue","14","974221235936623","#MarioPH Flood Photo at Valley Golf, Cainta, Rizal (8:29am)

PHOTO by: Stephen Cabunilas",,"546",,,,,"546","166","1411089644000","https://www.facebook.com/photo.php?fbid=974221235936623&set=a.600474168787982&type=3"
"No photo description available.","835967746424010","photo","https://www.facebook.com/photo/?fbid=835967746424010&set=a.362804292548312",,,,,,,,,,,,,,,,,"100064562324642","Rappler","https://scontent-iad3-1.xx.fbcdn.net/v/t39.30808-1/312485121_544389621056444_1709176195648106042_n.jpg?stp=c214.214.652.652a_cp0_dst-jpg_tt6&cstp=mx652x652&ctp=s40x40&_nc_cat=1&ccb=1-7&_nc_sid=2d3e12&_nc_ohc=ivhhtnso5b0Q7kNvwGl_0Q9&_nc_oc=AdqUDkQ-pspqIHkB53BxfVE29ZoEUQ351_p2D466jAam0aky0hoE8dKVjKzRl6zXQTU&_nc_zt=24&_nc_ht=scontent-iad3-1.xx&_nc_gid=3rTXaianND_Pnq-vGaj4Aw&_nc_ss=7c2a8&oh=00_AQDG57kXuyxrnVBAtCrAD5Xo2X1IfqEBi4UgPbHPDoCFbw&oe=6A602C40","https://www.facebook.com/rapplerdotcom","57","835967746424010","Residents look at the flooded river bank in Marikina City. Photo by Jansen Romero/Rappler",,"1180",,,,,"1180","160","1411114428000","https://www.facebook.com/photo.php?fbid=835967746424010&set=a.362804292548312&type=3"
,,,,,,,,,,,,,,,,,,,,"100044511906533","Chiz Escudero","https://scontent-iad3-2.xx.fbcdn.net/v/t39.30808-1/441655736_1012660413561013_7476720995854428882_n.jpg?stp=c8.8.576.576a_cp0_dst-jpg_tt6&cstp=mx576x576&ctp=s40x40&_nc_cat=103&ccb=1-7&_nc_sid=2d3e12&_nc_ohc=_jKsRwGzMZwQ7kNvwH1W_dS&_nc_oc=AdqIAWlW6svRzNcyMyhNMKDuT26MlWu93aCrY2yLF-HVEHWiXhzAKDk5m1I78w7pyws&_nc_zt=24&_nc_ht=scontent-iad3-2.xx&_nc_gid=3rTXaianND_Pnq-vGaj4Aw&_nc_ss=7c2a8&oh=00_AQA7VORO3Ei-4Ibmnhyc-Ni1hTooV6lW2ITobpDqGJD6DA&oe=6A602FA3","https://www.facebook.com/officialchizescudero","11","10152724714120610","Mag-ingat po tayong lahat, lalo na sa mga nakatira sa flood-prone areas. Stay safe, everyone. #MarioPH",,"853",,,,,"853","13","1411089111000","https://www.facebook.com/officialchizescudero/posts/pfbid0YzQhnX9BDWCwJEg89sVJ3BHDp8gnt8rULZRTMY4LBkboMKwSMqHhoHPvZjwRrCxnl"
"No photo description available.","298121937038105","photo","https://www.facebook.com/photo/?fbid=298121937038105&set=a.577976417691986",,,,,,,,,,,,,,,,,"100064388993857","Nuffsaid Society","https://scontent-iad3-1.xx.fbcdn.net/v/t39.30808-1/387168424_699022458920714_6182700573219991491_n.jpg?stp=cp0_dst-jpg_tt6&cstp=mx1000x1000&ctp=s40x40&_nc_cat=1&ccb=1-7&_nc_sid=2d3e12&_nc_ohc=g9wmTpouHB8Q7kNvwGteVf0&_nc_oc=AdpY7FpbVX61reQOAQqaj1wtmhTX1VfTFGag9Xf1dFDICQA8E6bX2kA9-1UQXwlfBUQ&_nc_zt=24&_nc_ht=scontent-iad3-1.xx&_nc_gid=3rTXaianND_Pnq-vGaj4Aw&_nc_ss=7c2a8&oh=00_AQA7MN53Pw4MTLdKozw43U3Uxnm8jJj6XxJ_neGifxxXgw&oe=6A60097D","https://www.facebook.com/NuffsaidPage","70","298121937038105","Heart Breaking
If you know your place is flood prone, always park your cars on higher grounds in times like this.
via Jp Octavo",,"274",,,,,"274","32","1411112746000","https://www.facebook.com/photo.php?fbid=298121937038105&set=a.577976417691986&type=3"
"No photo description available.","713245968711593","photo","https://www.facebook.com/photo/?fbid=713245968711593&set=a.547103260795460",,,,,,,,,,,,,,,,,"100064873712866","La Naval de Manila","https://scontent-iad3-1.xx.fbcdn.net/v/t39.30808-1/463409234_948887993950316_666159959054905024_n.jpg?stp=c119.383.1154.1153a_cp0_dst-jpg_tt6&cstp=mx1154x1153&ctp=s40x40&_nc_cat=101&ccb=1-7&_nc_sid=2d3e12&_nc_ohc=MQbihGkwxaYQ7kNvwHNAXrt&_nc_oc=AdoYivQqC48yipiKOw5LfI55vlt2sTSHJuuxbVOS_dFfIX7jIwej242E5TCjP5nLjBU&_nc_zt=24&_nc_ht=scontent-iad3-1.xx&_nc_gid=3rTXaianND_Pnq-vGaj4Aw&_nc_ss=7c2a8&oh=00_AQBgS_Y3dZAfpYKbU9w8qZhmd0eBv81Rpulz65i_vL644Q&oe=6A600615","https://www.facebook.com/lanavaldemanilaofficialpage","12","713245968711593","More than 2,000 residents displaced by rising flood waters sought refuge at The National Shrine of Our Lady of the Rosary, Sto. Domingo Church in Quezon City.

They are in need of ready-to-eat food, water and dry clothes. DONATIONS MAY BE SENT TO STO. DOMINGO CHURCH, 537 QUEZON AVENUE, QUEZON CITY.  Tel. 712 62 71 to 74.

Thank you and may The Lord bless you for your generosity!",,"322",,,,,"322","233","1411110172000","https://www.facebook.com/photo.php?fbid=713245968711593&set=a.547103260795460&type=3"
"No photo description available.","546484678786519","photo","https://www.facebook.com/photo/?fbid=546484678786519&set=a.572930338207018",,,,,,,,,,,,,,,,,"100064701697596","WEAR HIS WORD","https://scontent-iad6-1.xx.fbcdn.net/v/t39.30808-1/327272512_930861651611600_2764049307471995529_n.jpg?stp=cp0_dst-jpg_tt6&cstp=mx2048x2048&ctp=s40x40&_nc_cat=100&ccb=1-7&_nc_sid=2d3e12&_nc_ohc=yiFPslH32vIQ7kNvwEIewpX&_nc_oc=AdqmcAn4xErlleBmykOJPfq6sLSGSKclj0jZUalqwM2gG17Aoo62ji1UkNBr0V1-OZY&_nc_zt=24&_nc_ht=scontent-iad6-1.xx&_nc_gid=3rTXaianND_Pnq-vGaj4Aw&_nc_ss=7c2a8&oh=00_AQAkMMZB3vxE0r26qAmkUaWzi8YABLdvR6lRAFhb23lF5A&oe=6A60308F","https://www.facebook.com/WEARHISWORD","3","546484678786519","Things may have been lost yesterday during the flood but our God will sustain us. 

Thank you Lord for this brand new day. ☀️

-- Wear His Word
Everything that we do, we believe in Honoring God, making a difference in other people's lives and sharing God's Word. 

Check our Wear His Word shirt collection http://tinyurl.com/whwcollection",,"294",,,,,"294","47","1411169655000","https://www.facebook.com/photo.php?fbid=546484678786519&set=a.572930338207018&type=3"
"No photo description available.","10152327058468045","photo","https://www.facebook.com/photo/?fbid=10152327058468045&set=a.597648029068216",,,,,,,,,,,,,,,,,"100064690720680","GetRealPhilippines.COM","https://scontent-iad3-2.xx.fbcdn.net/v/t39.30808-1/339151413_947409202956595_3527680095575180776_n.jpg?stp=c0.0.290.290a_cp0_dst-jpg_tt6&cstp=mx290x290&ctp=s40x40&_nc_cat=111&ccb=1-7&_nc_sid=2d3e12&_nc_ohc=Ey2wIiA37NEQ7kNvwGAYlP_&_nc_oc=AdrXKCaqZhDLPBVJjTW6Sn0jjbK0I9CTo-m-kdjTlbe31c1h14L0muFvI36ryX8qffI&_nc_zt=24&_nc_ht=scontent-iad3-2.xx&_nc_gid=O5CmzMlk94u2jg_jBNfsWA&_nc_ss=7c2a8&oh=00_AQC6_xZaD_5hCUX5eUhPz-yhUMoRQVwrmgLF6JedQzM8CA&oe=6A600D98","https://www.facebook.com/benign0","14","10152327058468045","Flooding in the #Philippines: a system of contributing factors...",,"252","1",,,,"253","119","1411095374000","https://www.facebook.com/photo.php?fbid=10152327058468045&set=a.597648029068216&type=3"
"No photo description available.","832665440091370","photo","https://www.facebook.com/photo/?fbid=832665440091370&set=a.579828217597892",,,,,,,,,,,,,,,,,"100067121565310","Teenweek Ph","https://scontent-iad6-1.xx.fbcdn.net/v/t39.30808-1/353033075_579828240931223_7052605253515550426_n.jpg?stp=cp0_dst-jpg_tt6&cstp=mx639x639&ctp=s40x40&_nc_cat=102&ccb=1-7&_nc_sid=2d3e12&_nc_ohc=uL09t5IjtVAQ7kNvwE3IeXj&_nc_oc=AdqICy-s9W0eF06C7XYFxakGr0NaTGgw07yUbValnEANhemtQsKxBPCPj0PuzQ_c1rs&_nc_zt=24&_nc_ht=scontent-iad6-1.xx&_nc_gid=O5CmzMlk94u2jg_jBNfsWA&_nc_ss=7c2a8&oh=00_AQDHU7rW6oFVPr6ldr8WiOpNEhRD20TL1Z6WYhu87wC8Yw&oe=6A6022EC","https://www.facebook.com/TeenWeekPh","5","832665440091370","Due to the heavy rains and flooding and in the interest of public safety, we will be moving the #TeenweekPH Camp, scheduled on September 20, and #TeenweekPH school tours, scheduled on September 22-26, to a later date. Stay tuned for updates. 

For any inquiries, please contact us via www.facebook.com/TeenweekPH

We put priority on everyone's safety and welfare, and hope that everyone is dry and safe. 

Thank you
#TeenweekPH Organizers",,"98",,,,,"98","10","1411106265000","https://www.facebook.com/photo.php?fbid=832665440091370&set=a.579828217597892&type=3"
"No photo description available.","577206829055972","photo","https://www.facebook.com/photo/?fbid=577206829055972&set=a.554713220025557",,,,,,,,,,,,,,,,,"100064606515169","Skylines of the Philippines","https://scontent-iad3-1.xx.fbcdn.net/v/t39.30808-1/240799127_4025090180934269_962598239158460505_n.jpg?stp=cp0_dst-jpg_tt6&cstp=mx999x1000&ctp=s40x40&_nc_cat=108&ccb=1-7&_nc_sid=2d3e12&_nc_ohc=WLzqzX0iapwQ7kNvwHsZY0U&_nc_oc=AdojheyUxFRJo2f-zYo86UkCiFj7x2XFZtAQeLJZYHviLJncRfC7ASpZdCZ6YDXxW6w&_nc_zt=24&_nc_ht=scontent-iad3-1.xx&_nc_gid=O5CmzMlk94u2jg_jBNfsWA&_nc_ss=7c2a8&oh=00_AQAuJLCa8xWcyUzlNLa2zJszjbVtCCvscpYAlFbjrm3l7A&oe=6A600F9C","https://www.facebook.com/SkylinesPhilippines","18","577206829055972","#Throwback
August - September Typhoons bring the worst floodings.

When will Manila fix its flooding problems, along with the ever changing climate? 

~AdminJeric #ClimateChange #MarioPH #KeepSafeManila",,"85",,,,,"85","60","1411086715000","https://www.facebook.com/photo.php?fbid=577206829055972&set=a.554713220025557&type=3"
"No photo description available.","737982626248919","photo","https://www.facebook.com/photo/?fbid=737982626248919&set=a.253779591335894",,,,,,,,,,,,,,,,,"100064514567206","Ave Maria! (Ina ng Diyos, Ina ng Pilipino)","https://scontent-iad6-1.xx.fbcdn.net/v/t39.30808-1/339805753_978467936859729_2765738688947325254_n.jpg?stp=cp0_dst-jpg_tt6&cstp=mx960x960&ctp=s40x40&_nc_cat=102&ccb=1-7&_nc_sid=2d3e12&_nc_ohc=FZsiuf7c5WwQ7kNvwGpdvLb&_nc_oc=AdrOAqf5STXsNL1sqya8IrCfzHH3cNeYzgKb68Le5qHknyXSpCVhfTANoiOgzH0i5HU&_nc_zt=24&_nc_ht=scontent-iad6-1.xx&_nc_gid=O5CmzMlk94u2jg_jBNfsWA&_nc_ss=7c2a8&oh=00_AQAQca8ojUV1RSbJba6-NzhipwKDm7M-jlSzMDqiPmJUzg&oe=6A602F0B","https://www.facebook.com/AveMariaPilipinas","5","737982626248919","We believe that when we pray as one, the Lord will surely answer our needs. As we face a day of heavy rain and flooding, let us now pray the ORATIO IMPERATA for deliverance from calamities. 

Let us share this photo and pray together as one online community.
#KeepSafe #Pray #MarioPH",,"65",,,,,"65","64","1411089274000","https://www.facebook.com/photo.php?fbid=737982626248919&set=a.253779591335894&type=3"
"No photo description available.","748264478544714","photo","https://www.facebook.com/photo/?fbid=748264478544714&set=a.749104981793997",,,,,,,,,,,,,,,,,"100064382721603","YouScoop","https://scontent-iad3-1.xx.fbcdn.net/v/t39.30808-1/672686201_1384438830378861_7963717717836307265_n.jpg?stp=c0.135.1080.1080a_cp0_dst-jpg_tt6&cstp=mx1080x1080&ctp=s40x40&_nc_cat=110&ccb=1-7&_nc_sid=2d3e12&_nc_ohc=7c3sa59BRfEQ7kNvwE4dmvs&_nc_oc=Adoa-rln4W59Kfy507E8CREXrj9c-2ux-l-b8nr1ewDaP98QKmPSldzp7MUCcjfFQo0&_nc_zt=24&_nc_ht=scontent-iad3-1.xx&_nc_gid=O5CmzMlk94u2jg_jBNfsWA&_nc_ss=7c2a8&oh=00_AQCI8ZMfsLLFNRQpMcmERvw6ZNNQRbP29JGilYDTwU3dcw&oe=6A600ECF","https://www.facebook.com/youscoop","7","748264478544714","Knee-deep flood along Ortigas Ave. extension going to Ever Gotesco Mall, reports YouScooper Carlo Briones.",,"40",,,,,"40","8","1411180047000","https://www.facebook.com/photo.php?fbid=748264478544714&set=a.749104981793997&type=3"
,,,,,,,,,,,,,,,,,,,,"100067118364824","PTV","https://scontent-iad3-1.xx.fbcdn.net/v/t39.30808-1/469778811_1010174501229819_6318900398083369956_n.jpg?stp=cp0_dst-jpg_tt6&cstp=mx768x768&ctp=s40x40&_nc_cat=1&ccb=1-7&_nc_sid=2d3e12&_nc_ohc=FaGq-qwGxNAQ7kNvwFSvMjM&_nc_oc=AdrFolj9N2MAPiOu8ioPq_dCJCAIIXy03nJdY1cY1VgKurs_wTxwkUN2_1dJ19H9Luo&_nc_zt=24&_nc_ht=scontent-iad3-1.xx&_nc_gid=O5CmzMlk94u2jg_jBNfsWA&_nc_ss=7c2a8&oh=00_AQB8FH9xxlFZ6-0IraWui7HnUm8GpUfueL5lO53vsPVrug&oe=6A6006A5","https://www.facebook.com/PTVph","0","770428849684454","#floodPH 
Via #MMDA
FLOOD UPDATES (1/2)

EDSA
6:12 AM, Fema Rd. Gutter Deep
6:12 AM, Dario Bridge Gutter Deep
6:27 AM, Balintawak Not Passable all Types of Vehicles
6:05 AM, North Ave Subsided 8:06 AM. Passable.
6:31 AM, Quezon Ave SB Subsided 7:57 AM. Passable
6:57 AM, Quezon Ave NB Not Passable all Types of Vehicles

Manila Area
7:12 AM, RMB V. Mapa Gutter Deep
7:12 AM, Along España Not Passable all Types of Vehicles
7:30 AM, Nagtahan NB/SB Gutter Deep
RMB Vicente Cruz Gutter Deep
M. Dela Fuente Gutter Deep
7:45 AM, Delpan SB Gutter Deep
7:53 AM, RIO Mariones Gutter Deep
RIO Capulong Gutter Deep
7:53 AM, Quirino Taft EB Not Passable all Types of Vehicles

South
6:16 AM, Dr, A Santos Subsided 7:59 AM. Passable.
7:15 AM, Andrews Tramo Gutter Deep
7:50 AM, Osmeña Buendia Not Passable all Types of Vehicles

East
6:10 AM, Ortigas WB C. Raymundo Gutter Deep
7:12 AM, Marcos Highway EB/WB Before Masinag Not Passable all Types of Vehicles
Gil Fernando Dragon St. Gutter Deep
7:48 AM, San Juan area
F. Manalo Not Passable all Types of Vehicles
Brgy. Salapan Not Passable all Types of Vehicles
Brgy. Batis Not Passable all Types of Vehicles
8:00 AM, Ortigas Santolan WB Gutter Deep",,"1",,,,,"1","6","1411090868000","https://www.facebook.com/PTVph/posts/pfbid02CnappfwGP1nEafR6ZtCLUKbvBwVyKBC47YM1cRA9oD1Mqsgj2eHfoXrFtSn42EeSl"
"No photo description available.","10152327058468045","photo","https://www.facebook.com/photo/?fbid=10152327058468045&set=a.597648029068216",,,,,,,,,,,,,,,,,"100064690720680","GetRealPhilippines.COM","https://scontent-iad3-2.xx.fbcdn.net/v/t39.30808-1/339151413_947409202956595_3527680095575180776_n.jpg?stp=c0.0.290.290a_cp0_dst-jpg_tt6&cstp=mx290x290&ctp=s40x40&_nc_cat=111&ccb=1-7&_nc_sid=2d3e12&_nc_ohc=Ey2wIiA37NEQ7kNvwGAYlP_&_nc_oc=AdrXKCaqZhDLPBVJjTW6Sn0jjbK0I9CTo-m-kdjTlbe31c1h14L0muFvI36ryX8qffI&_nc_zt=24&_nc_ht=scontent-iad3-2.xx&_nc_gid=gqbRVcMwrWtnF2ZxPTLwHQ&_nc_ss=7c2a8&oh=00_AQCW_Ww25Dj_r8THbfKv4xLnboz_O3CX_GXDCI8qqm1MpQ&oe=6A600D98","https://www.facebook.com/benign0","14","10152327058468045","Flooding in the #Philippines: a system of contributing factors...",,"252","1",,,,"253","119","1411095374000","https://www.facebook.com/photo.php?fbid=10152327058468045&set=a.597648029068216&type=3"
"No photo description available.","832665440091370","photo","https://www.facebook.com/photo/?fbid=832665440091370&set=a.579828217597892",,,,,,,,,,,,,,,,,"100067121565310","Teenweek Ph","https://scontent-iad6-1.xx.fbcdn.net/v/t39.30808-1/353033075_579828240931223_7052605253515550426_n.jpg?stp=cp0_dst-jpg_tt6&cstp=mx639x639&ctp=s40x40&_nc_cat=102&ccb=1-7&_nc_sid=2d3e12&_nc_ohc=uL09t5IjtVAQ7kNvwE3IeXj&_nc_oc=AdqICy-s9W0eF06C7XYFxakGr0NaTGgw07yUbValnEANhemtQsKxBPCPj0PuzQ_c1rs&_nc_zt=24&_nc_ht=scontent-iad6-1.xx&_nc_gid=gqbRVcMwrWtnF2ZxPTLwHQ&_nc_ss=7c2a8&oh=00_AQDjRdzW9VuOKc1i5d00ramvGnb77QpUOfdHtBVyZRLvGg&oe=6A6022EC","https://www.facebook.com/TeenWeekPh","5","832665440091370","Due to the heavy rains and flooding and in the interest of public safety, we will be moving the #TeenweekPH Camp, scheduled on September 20, and #TeenweekPH school tours, scheduled on September 22-26, to a later date. Stay tuned for updates. 

For any inquiries, please contact us via www.facebook.com/TeenweekPH

We put priority on everyone's safety and welfare, and hope that everyone is dry and safe. 

Thank you
#TeenweekPH Organizers",,"98",,,,,"98","10","1411106265000","https://www.facebook.com/photo.php?fbid=832665440091370&set=a.579828217597892&type=3"
"No photo description available.","577206829055972","photo","https://www.facebook.com/photo/?fbid=577206829055972&set=a.554713220025557",,,,,,,,,,,,,,,,,"100064606515169","Skylines of the Philippines","https://scontent-iad3-1.xx.fbcdn.net/v/t39.30808-1/240799127_4025090180934269_962598239158460505_n.jpg?stp=cp0_dst-jpg_tt6&cstp=mx999x1000&ctp=s40x40&_nc_cat=108&ccb=1-7&_nc_sid=2d3e12&_nc_ohc=WLzqzX0iapwQ7kNvwHsZY0U&_nc_oc=AdojheyUxFRJo2f-zYo86UkCiFj7x2XFZtAQeLJZYHviLJncRfC7ASpZdCZ6YDXxW6w&_nc_zt=24&_nc_ht=scontent-iad3-1.xx&_nc_gid=gqbRVcMwrWtnF2ZxPTLwHQ&_nc_ss=7c2a8&oh=00_AQBpxI61Tm3lfR6gzQh3rMEDoyhItbfMrop9Vcdy6u4mug&oe=6A600F9C","https://www.facebook.com/SkylinesPhilippines","18","577206829055972","#Throwback
August - September Typhoons bring the worst floodings.

When will Manila fix its flooding problems, along with the ever changing climate? 

~AdminJeric #ClimateChange #MarioPH #KeepSafeManila",,"85",,,,,"85","60","1411086715000","https://www.facebook.com/photo.php?fbid=577206829055972&set=a.554713220025557&type=3"
"No photo description available.","737982626248919","photo","https://www.facebook.com/photo/?fbid=737982626248919&set=a.253779591335894",,,,,,,,,,,,,,,,,"100064514567206","Ave Maria! (Ina ng Diyos, Ina ng Pilipino)","https://scontent-iad6-1.xx.fbcdn.net/v/t39.30808-1/339805753_978467936859729_2765738688947325254_n.jpg?stp=cp0_dst-jpg_tt6&cstp=mx960x960&ctp=s40x40&_nc_cat=102&ccb=1-7&_nc_sid=2d3e12&_nc_ohc=FZsiuf7c5WwQ7kNvwGpdvLb&_nc_oc=AdrOAqf5STXsNL1sqya8IrCfzHH3cNeYzgKb68Le5qHknyXSpCVhfTANoiOgzH0i5HU&_nc_zt=24&_nc_ht=scontent-iad6-1.xx&_nc_gid=gqbRVcMwrWtnF2ZxPTLwHQ&_nc_ss=7c2a8&oh=00_AQB0T8UfYaoZS8gaNsD9A3V-f4OzmihcZ4BqRVkiqN21SA&oe=6A602F0B","https://www.facebook.com/AveMariaPilipinas","5","737982626248919","We believe that when we pray as one, the Lord will surely answer our needs. As we face a day of heavy rain and flooding, let us now pray the ORATIO IMPERATA for deliverance from calamities. 

Let us share this photo and pray together as one online community.
#KeepSafe #Pray #MarioPH",,"65",,,,,"65","64","1411089274000","https://www.facebook.com/photo.php?fbid=737982626248919&set=a.253779591335894&type=3"
"No photo description available.","748264478544714","photo","https://www.facebook.com/photo/?fbid=748264478544714&set=a.749104981793997",,,,,,,,,,,,,,,,,"100064382721603","YouScoop","https://scontent-iad3-1.xx.fbcdn.net/v/t39.30808-1/672686201_1384438830378861_7963717717836307265_n.jpg?stp=c0.135.1080.1080a_cp0_dst-jpg_tt6&cstp=mx1080x1080&ctp=s40x40&_nc_cat=110&ccb=1-7&_nc_sid=2d3e12&_nc_ohc=7c3sa59BRfEQ7kNvwE4dmvs&_nc_oc=Adoa-rln4W59Kfy507E8CREXrj9c-2ux-l-b8nr1ewDaP98QKmPSldzp7MUCcjfFQo0&_nc_zt=24&_nc_ht=scontent-iad3-1.xx&_nc_gid=gqbRVcMwrWtnF2ZxPTLwHQ&_nc_ss=7c2a8&oh=00_AQCoh7k1W7QLIFml3MOKzAzH0YDR69dldYJEXm1eaLyGFg&oe=6A600ECF","https://www.facebook.com/youscoop","7","748264478544714","Knee-deep flood along Ortigas Ave. extension going to Ever Gotesco Mall, reports YouScooper Carlo Briones.",,"40",,,,,"40","8","1411180047000","https://www.facebook.com/photo.php?fbid=748264478544714&set=a.749104981793997&type=3"
,,,,,,,,,,,,,,,,,,,,"100067118364824","PTV","https://scontent-iad3-1.xx.fbcdn.net/v/t39.30808-1/469778811_1010174501229819_6318900398083369956_n.jpg?stp=cp0_dst-jpg_tt6&cstp=mx768x768&ctp=s40x40&_nc_cat=1&ccb=1-7&_nc_sid=2d3e12&_nc_ohc=FaGq-qwGxNAQ7kNvwFSvMjM&_nc_oc=AdrFolj9N2MAPiOu8ioPq_dCJCAIIXy03nJdY1cY1VgKurs_wTxwkUN2_1dJ19H9Luo&_nc_zt=24&_nc_ht=scontent-iad3-1.xx&_nc_gid=gqbRVcMwrWtnF2ZxPTLwHQ&_nc_ss=7c2a8&oh=00_AQCmfotlxHfGGCMyHCr7WgTJ48cOaZVBE3imPRfYasW04Q&oe=6A6006A5","https://www.facebook.com/PTVph","0","770428849684454","#floodPH 
Via #MMDA
FLOOD UPDATES (1/2)

EDSA
6:12 AM, Fema Rd. Gutter Deep
6:12 AM, Dario Bridge Gutter Deep
6:27 AM, Balintawak Not Passable all Types of Vehicles
6:05 AM, North Ave Subsided 8:06 AM. Passable.
6:31 AM, Quezon Ave SB Subsided 7:57 AM. Passable
6:57 AM, Quezon Ave NB Not Passable all Types of Vehicles

Manila Area
7:12 AM, RMB V. Mapa Gutter Deep
7:12 AM, Along España Not Passable all Types of Vehicles
7:30 AM, Nagtahan NB/SB Gutter Deep
RMB Vicente Cruz Gutter Deep
M. Dela Fuente Gutter Deep
7:45 AM, Delpan SB Gutter Deep
7:53 AM, RIO Mariones Gutter Deep
RIO Capulong Gutter Deep
7:53 AM, Quirino Taft EB Not Passable all Types of Vehicles

South
6:16 AM, Dr, A Santos Subsided 7:59 AM. Passable.
7:15 AM, Andrews Tramo Gutter Deep
7:50 AM, Osmeña Buendia Not Passable all Types of Vehicles

East
6:10 AM, Ortigas WB C. Raymundo Gutter Deep
7:12 AM, Marcos Highway EB/WB Before Masinag Not Passable all Types of Vehicles
Gil Fernando Dragon St. Gutter Deep
7:48 AM, San Juan area
F. Manalo Not Passable all Types of Vehicles
Brgy. Salapan Not Passable all Types of Vehicles
Brgy. Batis Not Passable all Types of Vehicles
8:00 AM, Ortigas Santolan WB Gutter Deep",,"1",,,,,"1","6","1411090868000","https://www.facebook.com/PTVph/posts/pfbid02CnappfwGP1nEafR6ZtCLUKbvBwVyKBC47YM1cRA9oD1Mqsgj2eHfoXrFtSn42EeSl"
"No photo description available.","678829168893662","photo","https://www.facebook.com/photo.php?fbid=678829168893662&set=a.365711365600523&type=3","No photo description available.","678829182226994","photo","https://www.facebook.com/photo.php?fbid=678829182226994&set=a.365711365600523&type=3","No photo description available.","678829215560324","photo","https://www.facebook.com/photo.php?fbid=678829215560324&set=a.365711365600523&type=3",,,,,,,,,"100064849864375","DOST-PAGASA","https://scontent-iad3-1.xx.fbcdn.net/v/t39.30808-1/487303686_1099355335569452_7045424019269009221_n.png?stp=cp0_dst-png&cstp=mx1001x1001&ctp=s40x40&_nc_cat=1&ccb=1-7&_nc_sid=2d3e12&_nc_ohc=8-rGnn6nM6QQ7kNvwE5AIYn&_nc_oc=Adrc0eo_VlAMh2uNvRKoUxIxEAIzwdp8arCyMREhLePThCtf-hepCv-wQzwT0u7K2wc&_nc_zt=24&_nc_ht=scontent-iad3-1.xx&_nc_gid=M6Z-PVpF7IOhAdQQt1EgBg&_nc_ss=7c2a8&oh=00_AQA9o9frDf0cLhM454ddpkvB6MEwByUkfeIAKlLC7OGFfQ&oe=6A60381F","https://www.facebook.com/PAGASA.DOST.GOV.PH","110","678829385560307","Heavy Rainfall Warning No.6 #NCR_PRSD
Weather System: Tropical Storm MARIO
Issued at 9:00 AM September 19,2014 (Friday)

Warning Level: RED
Areas:  #MetroManila, #Rizal, #Bulacan and #Laguna
Impact: SEVERE FLOODING is expected.

Warning Level: ORANGE
Areas:  #Zambales
Impact: FLOODING is THREATENING.

Warning Level: YELLOW
Areas: #Bataan, #Cavite, #Batangas and #Quezon
Impact: FLOODING in low-lying areas may still prevail over these areas. 

Meanwhile, light to moderate with occasional heavy rains affecting #Pampanga, #NuevaEcija and #Tarlac which may persist within 3 hours.

The public and the Disaster Risk Reduction and Management Council concerned are advised to MONITOR the weather condition and watch for the next advisory to be issued at 12:00 PM today.",,,,,,,"0","1947","1411088333000","https://www.facebook.com/PAGASA.DOST.GOV.PH/posts/pfbid0qUKqUULVEpQKWeo8GfucR28oD3GGM3k9Uge59fitcDkyH8gAyAZL43gkTYAqJUHUl"
"No photo description available.","1482365278698095","photo","https://www.facebook.com/photo/?fbid=1482365278698095&set=a.194501559649039",,,,,,,,,,,,,,,,,"100072675870741","Itigil Ang Mga Binayarang Bobotante","https://scontent-iad3-1.xx.fbcdn.net/v/t39.30808-1/309153268_194501579649037_1131683242016055957_n.jpg?stp=c54.0.212.212a_cp0_dst-jpg_tt6&cstp=mx212x212&ctp=s40x40&_nc_cat=101&ccb=1-7&_nc_sid=2d3e12&_nc_ohc=ulEhh7sJfa4Q7kNvwFKsCGx&_nc_oc=AdpQEIyVT0A53lBdfK9TQCdRbYTbq_rjEGdLIyOiAP_DXXXojhsyw4f1ELGZKb9INOc&_nc_zt=24&_nc_ht=scontent-iad3-1.xx&_nc_gid=M6Z-PVpF7IOhAdQQt1EgBg&_nc_ss=7c2a8&oh=00_AQARC6QluVAG9mrpR7QFkODzaoUYwwnnmViynZf_Gxx10A&oe=6A60280C","https://www.facebook.com/WagMagingBinayarangBobotante","1","1482365278698095","Flood Update:

Baha sa Libis, Sto Nino, Marikina City.

Credit: I M Ready",,"3",,,,,"3","14","1411112933000","https://www.facebook.com/photo.php?fbid=1482365278698095&set=a.194501559649039&type=3"
"No photo description available.","296251870577309","photo","https://www.facebook.com/photo.php?fbid=296251870577309&set=a.473044578198881&type=3","No photo description available.","296252320577264","photo","https://www.facebook.com/photo.php?fbid=296252320577264&set=a.473044578198881&type=3","No photo description available.","296252367243926","photo","https://www.facebook.com/photo.php?fbid=296252367243926&set=a.473044578198881&type=3",,,,,,,,,"100064800282495","Health, home, hearth, hobby","https://scontent-iad6-1.xx.fbcdn.net/v/t39.30808-1/308780923_473044601532212_7531386252688272803_n.jpg?stp=c0.0.678.678a_cp0_dst-jpg_tt6&cstp=mx678x678&ctp=s40x40&_nc_cat=106&ccb=1-7&_nc_sid=2d3e12&_nc_ohc=YsnNREDmsncQ7kNvwH8_Bfs&_nc_oc=Adqz1O8_XKFEw9eiK3aMZp6GECFz4zjof_FxTaRkGL4ZENJhtdb3m7dyyB9qEtOHeOk&_nc_zt=24&_nc_ht=scontent-iad6-1.xx&_nc_gid=M6Z-PVpF7IOhAdQQt1EgBg&_nc_ss=7c2a8&oh=00_AQAls3HTVjZuf31UW_y_kDOxhxs5lo-9FI2qP66ImDmmTQ&oe=6A600941","https://www.facebook.com/exquisitelyfleurbon","0","296252400577256","WHAT TO DO BEFORE, DURING AND AFTER FLOOD
Information about what to do in the case of a flood event and flood protective measures can be obtained from various sources, the Local Government Authorities, Philippine National Police(117), Phil National Red Cross (143), PAGASA, Environment Agency and Local Resilience Forums.",,,,,,,"0","0","1411151173000","https://www.facebook.com/exquisitelyfleurbon/posts/pfbid0FuKxqJvSGL6NqG1kx3YEPTRoTj4tKaH5ocJS4JzvwG1M984BKUyzNpwQagweHAW8l"
,,,,,,,,,,,,,,,,,,,,"1800565901","AL C. Santos","https://scontent-iad6-1.xx.fbcdn.net/v/t39.30808-1/461042134_10221716819508659_2572758566911343833_n.jpg?stp=c0.0.145.145a_cp0_dst-jpg_tt6&cstp=mx145x145&ctp=s24x24&_nc_cat=100&ccb=1-7&_nc_sid=e99d92&_nc_ohc=ioGHD9Z6hzkQ7kNvwGu3uSy&_nc_oc=AdrV5zI6D38vxjh9PtflZMZo0_balhzenSc7eCCr2QVMQRyLEWrlDLMjWISApLB73Fo&_nc_zt=24&_nc_ht=scontent-iad6-1.xx&_nc_gid=M6Z-PVpF7IOhAdQQt1EgBg&_nc_ss=7c2a8&oh=00_AQAhJ36LmLuZEwq_z1I_yIzTM0yQ2WdHxxGNu9tk8NiERw&oe=6A603361","https://www.facebook.com/al.c.santos.92","10","10201681170109946","FLOOD HITS Metro Manila; WHY ?

GOVERNMENT, BOTH Local & National were ""very incompetent enough"" in 'preparing every respective City's,Municipality's to such ""calamity's since time immemorial.

PORK BARRELS,PDAF,DAP had passed through the hands of ""so many National & Local Officials,pero halos lahat ""kinupit o ""mas malaki pa ang ""kinomission kaysa sa 'totoong projects;""much more sa mga ""flood control system"" sana.

THE RESULT; kunting ulan BAHA NA !....",,"8",,,,,"8","0","1411095963000","https://www.facebook.com/groups/GisingNaPiipinas/posts/677599022330787/"
"No photo description available.","886311134729628","photo","https://www.facebook.com/photo.php?fbid=886311134729628&set=a.436505043043575&type=3","No photo description available.","886312441396164","photo","https://www.facebook.com/photo.php?fbid=886312441396164&set=a.436505043043575&type=3",,,,,,,,,,,,,"100000522502818","Rhozell Mariano Gomecua","https://scontent-iad6-1.xx.fbcdn.net/v/t1.6435-1/62076770_2649144501779607_6841349622208659456_n.jpg?stp=cp0_dst-jpg_tt6&cstp=mx1243x1243&ctp=s40x40&_nc_cat=100&ccb=1-7&_nc_sid=e99d92&_nc_ohc=lexp6QIrqU4Q7kNvwEy444A&_nc_oc=Adqh1X1wLbkCJI0w4ehGHqFDlnr1Sl9f6LP7uzqUEzXSBf0aDJzdx2Me-ly8MERpWWY&_nc_zt=24&_nc_ht=scontent-iad6-1.xx&_nc_gid=M6Z-PVpF7IOhAdQQt1EgBg&_nc_ss=7c2a8&oh=00_AQAtPItGOXpOWUU_ol9Qn6Alf9YZkEkYYcphEq3-AXz04Q&oe=6A81B7D2","https://www.facebook.com/rhozell.byar","4","886312931396115","Go with the FLOOD.. Our way home.. Dipolog St. Public Pool..",,"4",,,,,"4","1","1411084910000","https://www.facebook.com/rhozell.byar/posts/pfbid02Jk8C1uvBjykmtCggtzNjt6D8U3LD87oKMcFgkWrVzdTfUkeBPwVL1NYtSgKQ4xk7l"
,,,,,,,,,,,,,,,,,,,,"100064445723899","ANC 24/7","https://scontent-iad3-1.xx.fbcdn.net/v/t39.30808-1/609053834_1328721385952706_4253439834983056076_n.jpg?stp=cp0_dst-jpg_tt6&cstp=mx2048x2048&ctp=s40x40&_nc_cat=1&ccb=1-7&_nc_sid=2d3e12&_nc_ohc=RAU_RPiKxxgQ7kNvwGLy_GT&_nc_oc=AdqMSDYmD5Jmt29_RmIjxtU42_IIyv-9xESw2la0kP6qV6sl9_le8xwq5N18SO-COc0&_nc_zt=24&_nc_ht=scontent-iad3-1.xx&_nc_gid=M6Z-PVpF7IOhAdQQt1EgBg&_nc_ss=7c2a8&oh=00_AQCWRKIt9i5ceDk84lFGMOaMPW8kYvi6uYvWxrauxApWXg&oe=6A60214E","https://www.facebook.com/ANCalerts","7","834414696602981","Asan ang DAP, flood control lang di nyo pa na budgetan!",,"4",,,,,"4","0","1411092324000","https://www.facebook.com/groups/GisingNaPiipinas/posts/677582835665739/"
"No photo description available.","10152708240798901","photo","https://www.facebook.com/photo/?fbid=10152708240798901&set=gm.791040137620197",,,,,,,,,,,,,,,,,"822173900","Palikerong Propeta","https://scontent-iad3-1.xx.fbcdn.net/v/t39.30808-1/721642149_10164767567068901_5146395471386317141_n.jpg?stp=cp0_dst-jpg_tt6&cstp=mx1850x1824&ctp=s24x24&_nc_cat=104&ccb=1-7&_nc_sid=1d2534&_nc_ohc=A171qCTyYFQQ7kNvwF_noGJ&_nc_oc=AdokNz_wX50cX9JoVK1o-IMpJCE8Y5wXZSNPpdD9PPYrg219HKYpoB-hNmeI1fdnd1g&_nc_zt=24&_nc_ht=scontent-iad3-1.xx&_nc_gid=h6AORLPdB66PoOIuqfOSnQ&_nc_ss=7c2a8&oh=00_AQA1sxTySAYcOl-Pjsn5lLAqH5rD-A9yusd60GqYrbhnOA&oe=6A600E83","https://www.facebook.com/palikerong.propeta","0","791040137620197","Cleaning time after heavy flood...gudpm LBP...",,"30",,,,,"30","0","1411192959000","https://www.facebook.com/groups/374575272600021/permalink/791040137620197/"
,,,,,,,,,,,,,,,,,,,,"100067118364824","PTV","https://scontent-iad3-1.xx.fbcdn.net/v/t39.30808-1/469778811_1010174501229819_6318900398083369956_n.jpg?stp=cp0_dst-jpg_tt6&cstp=mx768x768&ctp=s40x40&_nc_cat=1&ccb=1-7&_nc_sid=2d3e12&_nc_ohc=FaGq-qwGxNAQ7kNvwFSvMjM&_nc_oc=AdrFolj9N2MAPiOu8ioPq_dCJCAIIXy03nJdY1cY1VgKurs_wTxwkUN2_1dJ19H9Luo&_nc_zt=24&_nc_ht=scontent-iad3-1.xx&_nc_gid=h6AORLPdB66PoOIuqfOSnQ&_nc_ss=7c2a8&oh=00_AQAJq7Qum55-GFCNPuW2gDaMvoexg2T7eTBQc8NH5UFKXg&oe=6A6006A5","https://www.facebook.com/PTVph","0","770498263010846","#Meralco update: 
FLOODED AREAS WITHOUT ELECTRICITY /as of 11am
The electricity on following areas were switched off due to flood 
Manila = Tondo (Gagalangin), Tondo Proper (Bao, C-2, F.Yuseco, Gen Lukban, Juan Luna, Raxabago, Solis
SFDM = Bgy. Mariblo, Paraiso
Valenzuela = Pag-AsaSubd, Serrano Subd, Silangan Park Subd, Upper Serrano, Arty Subd, Manotok Subd, T. Manuel Subd, Don Pedro vill, Elysian Subd, Skyline Subd, Sta Lucia Subd
Malabon = Marcelo Cmpd, Goldendale Vill, La Trinidad Subd, 
Navotas = San Rafael Vill
Balintawak = Cypress Vill, KainginVill, Parkway Vill,",,"2",,,,,"2","0","1411106804000","https://www.facebook.com/PTVph/posts/pfbid02KqggosB248fxUFtHgeSbqEgZxhMeWnwHDbyneD3x3DnczCPekGqWYtt4av8dYa1El"
"No photo description available.","912241862136625","photo","https://www.facebook.com/photo/?fbid=912241862136625&set=a.470334511766672",,,,,,,,,,,,,,,,,"100063703824693","Frosted Dreams","https://scontent-iad3-1.xx.fbcdn.net/v/t39.30808-1/299853670_470334535100003_8394203213893508138_n.jpg?stp=cp0_dst-jpg_tt6&cstp=mx960x960&ctp=s40x40&_nc_cat=110&ccb=1-7&_nc_sid=2d3e12&_nc_ohc=4hWGwCvWOSoQ7kNvwHwuPuD&_nc_oc=Ado1_a_jaYmCjoq0NdzUFonrz9sVsvlp1D-matxtmxWkYptaVaHzXUZuuKpiXs8H1H4&_nc_zt=24&_nc_ht=scontent-iad3-1.xx&_nc_gid=h6AORLPdB66PoOIuqfOSnQ&_nc_ss=7c2a8&oh=00_AQAZDWMJfJdX4I91AWMFfujeuAH6JEQj0_-xerLFziRf4w&oe=6A60083E","https://www.facebook.com/frosteddreamsph","6","912241862136625","Charlene & Bryan.

This wedding cake braved the flood & heavy rain yesterday! Thank God It was delivered in one piece! ♡",,"42",,,,,"42","4","1411195980000","https://www.facebook.com/photo.php?fbid=912241862136625&set=a.470334511766672&type=3"
"No photo description available.","1471653676443457","photo","https://www.facebook.com/photo/?fbid=1471653676443457&set=a.657343146407168",,,,,,,,,,,,,,,,,"100063944649608","Affordable condos by SMDC","https://scontent-iad6-1.xx.fbcdn.net/v/t39.30808-1/347824300_1267524114151016_8464194516513212066_n.jpg?stp=cp0_dst-jpg_tt6&cstp=mx960x960&ctp=s40x40&_nc_cat=109&ccb=1-7&_nc_sid=2d3e12&_nc_ohc=sZ0e8j33vZoQ7kNvwEFG2q9&_nc_oc=Adq0L1iBYtSqdHdpHXdiMcpkeRc22QVo2pzc_iRxOjXna74qIgMV0qqoeHRAVY-xTgs&_nc_zt=24&_nc_ht=scontent-iad6-1.xx&_nc_gid=h6AORLPdB66PoOIuqfOSnQ&_nc_ss=7c2a8&oh=00_AQBKx1iUyNh93ohIls9TQ7WsYP0pQRY5o_x4WLfLcwdadA&oe=6A601F22","https://www.facebook.com/affordablescondosmdchineedavid","9","1471653676443457","Find a home that will secure you and your family...

FLOOD FREE investment @ Grass Residences Smdc
For inquiries contact: 
Chineeta David
0915-745-0970
0932-859-7492",,"2",,,,,"2","31","1411179981000","https://www.facebook.com/photo.php?fbid=1471653676443457&set=a.657343146407168&type=3"
"No photo description available.","823270221027310","photo","https://www.facebook.com/photo/?fbid=823270221027310&set=a.226962226137293",,,,,,,,,,,,,,,,,"100064705505152","Traffic and Used Cars Philippines","https://scontent-iad3-2.xx.fbcdn.net/v/t39.30808-1/243426485_226962266137289_454139964209470587_n.jpg?stp=c0.0.1903.1903a_cp0_dst-jpg_tt6&cstp=mx1903x1903&ctp=s40x40&_nc_cat=105&ccb=1-7&_nc_sid=2d3e12&_nc_ohc=-OhzCtUms3wQ7kNvwEgoJZq&_nc_oc=AdrYbEYVHVbdW8jZnjiv9jFPAEQP0VWC5kx40uazTttm9s9bYw-YaXYt4VXIiEObklA&_nc_zt=24&_nc_ht=scontent-iad3-2.xx&_nc_gid=h6AORLPdB66PoOIuqfOSnQ&_nc_ss=7c2a8&oh=00_AQCuRqacbNoa8T9D96SHCmmBDBXSKIgn9sddROMOjxotDA&oe=6A602ED3","https://www.facebook.com/profile.php?id=100064705505152","2","823270221027310","What to do when your car is damaged by flood

Pls Read & Share:

http://www.abs-cbnnews.com/lifestyle/09/19/14/car-damaged-flood-read",,"5",,,,,"5","5","1411162050000","https://www.facebook.com/photo.php?fbid=823270221027310&set=a.226962226137293&type=3"
"No photo description available.","846103778753186","photo","https://www.facebook.com/photo/?fbid=846103778753186&set=gm.275246105997469",,,,,,,,,,,,,,,,,"100000607154466","Enier DL","https://scontent-iad6-1.xx.fbcdn.net/v/t39.30808-1/466613364_8998990210131128_4931874798594783000_n.jpg?stp=cp0_dst-jpg_tt6&cstp=mx944x960&ctp=s24x24&_nc_cat=106&ccb=1-7&_nc_sid=1d2534&_nc_ohc=9w8DDxXdUukQ7kNvwEBksk4&_nc_oc=AdrvqdcJUUbDFeIxjlHsiueuDPs6AkT-6DJxmHXD3TE2BYWwKZ9l-NIwcrkWQ5wsCsA&_nc_zt=24&_nc_ht=scontent-iad6-1.xx&_nc_gid=h6AORLPdB66PoOIuqfOSnQ&_nc_ss=7c2a8&oh=00_AQBBc1vky5lWVlY0F76sMkaLp3tZoTPRRpCgm1YTKjIcMw&oe=6A601B71","https://www.facebook.com/Rheianne1105","8","275246105997469","For Sale or Looking for Agent Madali kame kausap
Montero Sport Gls (2010)
dating 850k ! ngyon 820k nalang!
4x4 manual trany 
color green
58k mile
makinis,malamig aircon,no issues,not flooded
at nka comprehensive inssurance pa na 980k!
no to swap
sa bahay lang po ang unit
first come first serve
contact no. 09178440289
respect my ad sir

wag barat d kayo yayaman nyan :D",,"1",,,,,"1","0","1411256656000","https://www.facebook.com/groups/222471684608245/permalink/275246105997469/"
"No photo description available.","789024601120772","photo","https://www.facebook.com/photo/?fbid=789024601120772&set=a.506791541566936",,,,,,,,,,,,,,,,,"100067082837587","Julia Quis Page","https://scontent-iad3-1.xx.fbcdn.net/v/t39.30808-1/327316620_922282342482580_4109933383307353243_n.jpg?stp=cp0_dst-jpg_tt6&cstp=mx853x853&ctp=s40x40&_nc_cat=101&ccb=1-7&_nc_sid=2d3e12&_nc_ohc=_CqsSjk3PdsQ7kNvwGG5SNr&_nc_oc=AdpyqLFDdORIGzZzJh17Ntdu2plSrrlrAQg9YbxPwYmvF0LByVhuj4mGD2p4s8ogBgs&_nc_zt=24&_nc_ht=scontent-iad3-1.xx&_nc_gid=Lg5bDyUuUqhaS5whKFGC9Q&_nc_ss=7c2a8&oh=00_AQDlk9-SoZnNkbgj-bD6N39a1n0B7m7TAEUe75T6TsaTew&oe=6A6006A7","https://www.facebook.com/JuliaMQuis","4","789024601120772","The field by my house is flooded. It hasn't stopped raining since like 1am. A typhoon is coming! Be safe everyone. #flood #typhoon #philippines #rainyday #bedweather",,"12",,,,,"12","0","1411108573000","https://www.facebook.com/photo.php?fbid=789024601120772&set=a.506791541566936&type=3"
"No photo description available.","289793867878737","photo","https://www.facebook.com/photo/?fbid=289793867878737&set=a.547563414073494",,,,,,,,,,,,,,,,,"100064595205833","Pasay Pups","https://scontent-iad6-1.xx.fbcdn.net/v/t39.30808-1/327322131_1327151168139184_4708068743364657069_n.jpg?stp=c341.0.1365.1365a_cp0_dst-jpg_tt6&cstp=mx1365x1365&ctp=s40x40&_nc_cat=109&ccb=1-7&_nc_sid=2d3e12&_nc_ohc=9depxB84vXgQ7kNvwHp5CCa&_nc_oc=AdpfHBcca0rXVMbNZ9elZj2n-Gn821jaa0XO6BCH4xxa0yDpYWgsHFKM9UI6zOrT9FY&_nc_zt=24&_nc_ht=scontent-iad6-1.xx&_nc_gid=Lg5bDyUuUqhaS5whKFGC9Q&_nc_ss=7c2a8&oh=00_AQD7yROt5ZgWIDqwakqaScEHaztB36qQjsUgbYS37pkpJw&oe=6A602B83","https://www.facebook.com/PasayPupsPhilippines","1","289793867878737","IMPORTANT: With heavy rains and winds expected in the Philippines, please ensure the safety of animal companions (*the Pasay Pups area is not flooded - we're lucky that it doesn't normally flood!):

*If at all avoidable, never leave your animals behind to fend for themselves when evacuating.
*Never tie animals up or leave them caged or confined in any way, as they will be trapped and unable to flee rising flood waters.
*If your house has a second floor, ensure that animals have access so that they can escape rising flood waters. 
*If you're able to evacuate with animals, place small animals in secure cages and keep dogs leashed. Frightening sounds and unfamiliar surroundings may make them bolt. Take water and food bowls, your animals' favorite toys or blankets, a towel, and enough food for at least a week.
*Watch for other animals in need, including strays and animals who have been left behind by neighbors. 
*In cases of emergency, in which an animal's life is in immediate danger, call PETA's emergency rescue line at 0999 888 PETA (7382). 

More information on helping animals in disasters: http://ow.ly/zanXI",,"18",,,,,"18","10","1411091887000","https://www.facebook.com/photo.php?fbid=289793867878737&set=a.547563414073494&type=3"
"No photo description available.","782175498492957","photo","https://www.facebook.com/photo.php?fbid=782175498492957&set=a.604632715026369&type=3","No photo description available.","782175505159623","photo","https://www.facebook.com/photo.php?fbid=782175505159623&set=a.604632715026369&type=3","No photo description available.","782175508492956","photo","https://www.facebook.com/photo.php?fbid=782175508492956&set=a.604632715026369&type=3",,,,,,,,,"100064389381445","Panahon.TV","https://scontent-iad6-1.xx.fbcdn.net/v/t39.30808-1/414986260_763509162472056_3297011609705798179_n.jpg?stp=cp0_dst-jpg_tt6&cstp=mx1080x1080&ctp=s40x40&_nc_cat=100&ccb=1-7&_nc_sid=2d3e12&_nc_ohc=x2i65G6KVt0Q7kNvwGGLupp&_nc_oc=AdpE-dC_VRRTdCMR1CP4_FEOvfFHRJPAVAh24wcuYLBVZYetOTaqaPpt5ahT3BQ-fo8&_nc_zt=24&_nc_ht=scontent-iad6-1.xx&_nc_gid=Lg5bDyUuUqhaS5whKFGC9Q&_nc_ss=7c2a8&oh=00_AQDmpaWxZ8Xuk-pczpkcfgnl5xlsaEOdyknzincJM-PaxQ&oe=6A602F67","https://www.facebook.com/Panahon.TV","0","782175598492947","Chest to neck deep flood at Ortigas Ave Extension as of 12:45 pm | PHOTO via Suzie Tocjayao ( @sugarmaine )#MarioPH #Habagat",,"4",,,,,"4","5","1411105029000","https://www.facebook.com/Panahon.TV/posts/pfbid02R3m3eSmdvbYCoMmPNS8ab5v5W9D9CnWjQP2UJYZ2yPy8uhZx3W9f7nZSvPXVbdx9l"
"No photo description available.","353306554834627","photo","https://www.facebook.com/photo/?fbid=353306554834627&set=a.250329880435452",,,,,,,,,,,,,,,,,"100063753248997","Kayo ang Boss ko, Ako ang Batas","https://scontent-iad6-1.xx.fbcdn.net/v/t39.30808-1/242986908_250329913768782_61347985991467369_n.jpg?stp=cp0_dst-jpg_tt6&cstp=mx480x480&ctp=s40x40&_nc_cat=100&ccb=1-7&_nc_sid=2d3e12&_nc_ohc=gq-E0oPCi9wQ7kNvwEvVm-E&_nc_oc=Adp6JfN92-jnm3SJqYwWTJw5512wMGeWAMNisE4_XW_C_nxL6U0kaSRDMCj78CoGKSg&_nc_zt=24&_nc_ht=scontent-iad6-1.xx&_nc_gid=Lg5bDyUuUqhaS5whKFGC9Q&_nc_ss=7c2a8&oh=00_AQB36_GnWFwGs3bue3hrLyRhOXZSp8rt-u3N-r8w6YH-EA&oe=6A60247A","https://www.facebook.com/profile.php?id=100063753248997","3","353306554834627","Patapos na termino ng magaling na BS Noy, kasalanan pa rin ng administrasyon ni GMA mga pahirap nangyayari sa bansa? 

Personal vendetta nya kay GMA , taumbayan naisakripisyo at patuloy na naisasakripisyo. Nariyan ang DAP, para sa kapakanan ba nila Juan at Juana? Mga sendor at kongresista nakinabang, hindi ba? Maimpeach lang si Corona dahil sa galit nya sa desisyon sa Hacienda Luisita. Ang flood control project para sa Metro Manila na ikinansela, anong klaseng pag iisip yan?

Pangulong Aquino, umayos ka, better yet, solohin mo na personal vendetta mo kay GMA at magbitaw ka na. Konteng bawas naman sa kapal ng mukha, huwag ka ng mangarap ng gasgas na "" one more term"" pa!!

Sa Metro Manila, ingat mga kapatid sa baha!

( photo grabbed from Joriz Ivan, thanks bro)",,"31",,,,,"31","17","1411122598000","https://www.facebook.com/photo.php?fbid=353306554834627&set=a.250329880435452&type=3"
,,,,,,,,,,,,,,,,,,,,"100067607325289","Abante News Online","https://scontent-iad3-1.xx.fbcdn.net/v/t39.30808-1/534885277_1089543809975853_3726460784380869728_n.jpg?stp=c0.83.1434.1434a_cp0_dst-jpg_tt6&cstp=mx1434x1434&ctp=s40x40&_nc_cat=1&ccb=1-7&_nc_sid=2d3e12&_nc_ohc=yKvF-OiRxSsQ7kNvwEfIB__&_nc_oc=Adr9iPZYJcBcHK8D-RLFZ5-fGSwwTNp7ORv-rbuP7qatiHGIuyUd63cwQtnmbMOJMv8&_nc_zt=24&_nc_ht=scontent-iad3-1.xx&_nc_gid=Lg5bDyUuUqhaS5whKFGC9Q&_nc_ss=7c2a8&oh=00_AQA3RyMGXAwyz9jVeJwv7Bi3EfYqJ5_0jPBz0pzjOuWAng&oe=6A602623","https://www.facebook.com/abantenews","0","848749248492837","MMDA:

FLOOD UPDATES as of 1:35 PM, (1/2)

EDSA

6:12 AM, Fema Rd. Gutter Deep (Passable).
6:12 AM, Dario Bridge Gutter Deep (Passable).
6:27 AM, Balintawak Not Passable all Types of Vehicles (Passable).
6:05 AM, North Ave Subsided 8:06 AM. (Passable).
6:31 AM, Quezon Ave SB Subsided 7:57 AM. (Passable)
6:57 AM, Quezon Ave NB (Not Passable all Types of Vehicles) (Passable).

C5 Area

7:48 AM, C5 Tiendesitas NB/SB Gutter Deep, Subsided 9:41 AM (Passable)
6:39 AM, C5 Libis Gutter Deep, Subsided 7:30 AM, (Passable)
6:23 AM, C5 Ateneo Gate 2 Gutter Deep, Subsided 8:48 AM, (Passable)
10:25 AM, C5 Eagle St. Gutter Deep, Subsided 9:00 AM, (Passable)
7:46 AM, C5 BCDA SB Gutter Deep, Subsided 9:06 AM, (Passable)
8:06 AM, C5 Ortigas Rd. EB/WB (Not Passable all Types of Vehicles) Subsided 9:47 AM (Passable)

Manila Area

7:12 AM, RMB V. Mapa Gutter Deep
7:12 AM, Along España (Not Passable all Types of Vehicles)
7:30 AM, Nagtahan NB/SB Gutter Deep
RMB Vicente Cruz Gutter Deep
M. Dela Fuente Gutter Deep
7:45 AM, Delpan SB Gutter Deep
7:53 AM, RIO Mariones Gutter Deep
RIO Capulong Gutter Deep
7:53 AM, Quirino Taft EB (Not Passable all Types of Vehicles)
8:06 AM, RMB Pureza (Not Passable all Types of Vehicles)
9:18 AM Lacson Fajardo Gutter Deep

South

6:16 AM, Dr, A Santos Subsided 7:59 AM. (Passable.)
7:15 AM, Andrews Tramo Gutter Deep
11:05 AM, Osmeña Buendia (Not Passable all Types of Vehicles)

East

6:10 AM, Ortigas WB C. Raymundo Gutter Deep
7:12 AM, Marcos Highway EB/WB Before Masinag (Not Passable all Types of Vehicles)
Gil Fernando Dragon St. Gutter Deep
7:48 AM, San Juan area
F. Manalo (Not Passable all Types of Vehicles)
Brgy. Salapan (Not Passable all Types of Vehicles)
Brgy. Batis (Not Passable all Types of Vehicles)
8:00 AM, Ortigas Santolan WB Gutter Deep",,,,,,,"0","0","1411105192000","https://www.facebook.com/abantenews/posts/pfbid0uvcBonHUq6r4TXBwxozTGwaJWBpUw7RxDV4SS5VUQvBL29Vdsx45PLoDzBHvx8j6l"
,,,,,,,,,,,,,,,,,,,,"1527707535","Jovic Val Bedonia Jaena","https://scontent-iad3-1.xx.fbcdn.net/v/t39.30808-1/280372308_10228179496222443_5125306250212024486_n.jpg?stp=c0.0.189.189a_cp0_dst-jpg_tt6&cstp=mx189x189&ctp=s24x24&_nc_cat=101&ccb=1-7&_nc_sid=e99d92&_nc_ohc=wRf90lhM2O0Q7kNvwF5N-nc&_nc_oc=AdpTIXXy6XwWi02Xs7O2-PNgvFwnOb2Ud9PiWMYMYkNcyfCJsZIAD4TcD8g2NSJnsM4&_nc_zt=24&_nc_ht=scontent-iad3-1.xx&_nc_gid=au7e_DL0KD8O3cu6iYgmIQ&_nc_ss=7c2a8&oh=00_AQDRLPY4-5Pw-BiYtLJ9j7Xs5sJk7MzcQmKHYjQDSLtdgQ&oe=6A600864","https://www.facebook.com/jovic.jaena","1","837572772930386","Kalagan na ang yellow ribbon sa mata. The flood caused by Mario was one BAD example for us Filipinos to realize the consequences of just one wrong decision made by the person you voted for. For me, our suffrage is a big responsibility given to us to choose a candidate (sana may choices pa ng na hindi corrupt). Sana, yung mga parang halos makipag patayan sa pakikipaglaban sa presidente nila ay hindi binaha. Kaya mag ingat sa pag pili ng kandidato sa 2016. Dahil ang pag boto ng isang kandidato ay hindi lamang po dahil lamang sa ating kagustohan (dahil idol ko sya o dahil malapit syang kaibigan sa pamilya ko system). ""Imulat na ang iyong mga mata. O kay sarap ng buhay lalo na't alam mo kung saan papunta. Gising na kaibigan ko!"" ASIN",,"4",,,,,"4","0","1411217847000","https://www.facebook.com/groups/GisingNaPinoy/permalink/837572772930386/"
"No photo description available.","835917293095722","photo","https://www.facebook.com/photo/?fbid=835917293095722&set=a.362804292548312",,,,,,,,,,,,,,,,,"100064562324642","Rappler","https://scontent-iad3-1.xx.fbcdn.net/v/t39.30808-1/312485121_544389621056444_1709176195648106042_n.jpg?stp=c214.214.652.652a_cp0_dst-jpg_tt6&cstp=mx652x652&ctp=s40x40&_nc_cat=1&ccb=1-7&_nc_sid=2d3e12&_nc_ohc=ivhhtnso5b0Q7kNvwGl_0Q9&_nc_oc=AdqUDkQ-pspqIHkB53BxfVE29ZoEUQ351_p2D466jAam0aky0hoE8dKVjKzRl6zXQTU&_nc_zt=24&_nc_ht=scontent-iad3-1.xx&_nc_gid=au7e_DL0KD8O3cu6iYgmIQ&_nc_ss=7c2a8&oh=00_AQCUhraEUvRMeckMIbvJ0yrDU6xoLC81dNNn0SKnvBdpPQ&oe=6A602C40","https://www.facebook.com/rapplerdotcom","24","835917293095722","Here is a list of flooded areas in Metro Manila for September 19: http://rplr.co/XQjmun #MarioPH #FloodPH",,,,,,,"0","357","1411104998000","https://www.facebook.com/photo.php?fbid=835917293095722&set=a.362804292548312&type=3"
"No photo description available.","911987602162856","photo","https://www.facebook.com/photo/?fbid=911987602162856&set=a.464484315708349",,,,,,,,,,,,,,,,,"100064403540984","Philippine Railways","https://scontent-iad3-1.xx.fbcdn.net/v/t39.30808-1/536280586_1177680517722055_1367365748356789208_n.jpg?stp=c0.0.332.332a_cp0_dst-jpg_tt6&cstp=mx332x332&ctp=s40x40&_nc_cat=108&ccb=1-7&_nc_sid=2d3e12&_nc_ohc=CLqAp4PlxSgQ7kNvwF3KEoS&_nc_oc=Adq5555lfEbjlG4wJASHp4Ih47I63PBqL9RxifS8-8HU3JqYj6XY9QqHFvHgOv2DK1E&_nc_zt=24&_nc_ht=scontent-iad3-1.xx&_nc_gid=au7e_DL0KD8O3cu6iYgmIQ&_nc_ss=7c2a8&oh=00_AQAbXI6FMQG4kbBelOcRrU261YnaFaNlC8e32SIQ2z3bsg&oe=6A60241F","https://www.facebook.com/philippinerailways","3","911987602162856","Flood Report: puddle deep flooding in #MRT car #8  #MarioPH pic.twitter.com/2DDv8BYYLY",,"39",,,,,"39","3","1411120671000","https://www.facebook.com/photo.php?fbid=911987602162856&set=a.464484315708349&type=3"
,,,,,,,,,,,,,,,,,,,,"100064445723899","ANC 24/7","https://scontent-iad3-1.xx.fbcdn.net/v/t39.30808-1/609053834_1328721385952706_4253439834983056076_n.jpg?stp=cp0_dst-jpg_tt6&cstp=mx2048x2048&ctp=s40x40&_nc_cat=1&ccb=1-7&_nc_sid=2d3e12&_nc_ohc=RAU_RPiKxxgQ7kNvwGLy_GT&_nc_oc=AdqMSDYmD5Jmt29_RmIjxtU42_IIyv-9xESw2la0kP6qV6sl9_le8xwq5N18SO-COc0&_nc_zt=24&_nc_ht=scontent-iad3-1.xx&_nc_gid=au7e_DL0KD8O3cu6iYgmIQ&_nc_ss=7c2a8&oh=00_AQC-cr1-dEPzviISYr97gef7-edXzJ_H4EohRuNhIkNSsw&oe=6A60214E","https://www.facebook.com/ANCalerts","2","10152468039678791","PAGASA 9am: YELLOW warning - Zambales. Floods may still prevail in low-lying areas.",,"37",,,,,"37","1","1411174824000","https://www.facebook.com/ANCalerts/posts/pfbid02NGZndJnHeiJh1g7yPsXnSaPiurr1Ncq7avksx23p2VcHjvGGi6eA7ahwVjWsvgJ1l"
"No photo description available.","855008047857336","photo","https://www.facebook.com/photo.php?fbid=855008047857336&set=gm.275079712680775&type=3","No photo description available.","855008067857334","photo","https://www.facebook.com/photo.php?fbid=855008067857334&set=gm.275079712680775&type=3","No photo description available.","855008084523999","photo","https://www.facebook.com/photo.php?fbid=855008084523999&set=gm.275079712680775&type=3",,,,,,,,,"100000444462249","NojNoj Natomol Ortsac","https://scontent-iad3-2.xx.fbcdn.net/v/t39.30808-1/476112051_9621714371186616_4385621998261347120_n.jpg?stp=cp0_dst-jpg_tt6&cstp=mx958x958&ctp=s24x24&_nc_cat=103&ccb=1-7&_nc_sid=1d2534&_nc_ohc=dNh1LlhywksQ7kNvwFpDDEH&_nc_oc=Adql_Azxpsn2fI7hy0I-kGOUu9RGJNvqxK2MZM_Xae8tpLVBYpQJTMMm8B8xpuS9J3g&_nc_zt=24&_nc_ht=scontent-iad3-2.xx&_nc_gid=au7e_DL0KD8O3cu6iYgmIQ&_nc_ss=7c2a8&oh=00_AQAuv4sGkjK0V9C9iDr5Z-q8dpoTFSy24gVdhZeStYtNWg&oe=6A60363C","https://www.facebook.com/nojnoj.natomol.ortsac","6","275079712680775","For sale:
Nissan cefiro elite 2002 model 80,000klm, VQ 20 V6 engine. With 20s broken size 8.5/9.5 and brandnew tires. Matic transmission, moonroof, no dents! No kalampag! Pm niyo lang ako. (100% flood free) Thanks.

250k",,"8",,,,,"8","0","1411183959000","https://www.facebook.com/groups/222471684608245/permalink/275079712680775/"
,,,,,,,,,,,,,,,,,,,,"100069144534674","Eagle News","https://scontent-iad6-1.xx.fbcdn.net/v/t39.30808-1/302495836_5446732305433602_2556036293795182370_n.jpg?stp=cp0_dst-jpg_tt6&cstp=mx672x672&ctp=s40x40&_nc_cat=107&ccb=1-7&_nc_sid=2d3e12&_nc_ohc=QfC8D-3NrMYQ7kNvwEA5IyH&_nc_oc=AdolkTKEaxEw_og0tlC9yu_J2UN7F2DuuqE1bbHLvyXQ7Msbc71FLn3Rjfkv79vyMZ4&_nc_zt=24&_nc_ht=scontent-iad6-1.xx&_nc_gid=au7e_DL0KD8O3cu6iYgmIQ&_nc_ss=7c2a8&oh=00_AQDsAtA7gYtTHy96znw0jlm6vZ6l2zFjHe06mFHMdNOXSg&oe=6A6032A1","https://www.facebook.com/EagleNews","0","659684737471740","FLOOD UPDATE: AS OF 9:26 PM ESPAÑA Lacson Gutter Deep - Passable. #mmda #EagleNewsPH",,"25",,,,,"25","0","1411135724000","https://www.facebook.com/EagleNews/posts/pfbid02FKUL8VhEsuLBxFfWPeycAp62Sw2TL6hRakZe94rzvHHc1y2if1PAPGpLQhfpAJeFl"
,,,,,,,,,,,,,,,,,,,,"100069144534674","Eagle News","https://scontent-iad6-1.xx.fbcdn.net/v/t39.30808-1/302495836_5446732305433602_2556036293795182370_n.jpg?stp=cp0_dst-jpg_tt6&cstp=mx672x672&ctp=s40x40&_nc_cat=107&ccb=1-7&_nc_sid=2d3e12&_nc_ohc=QfC8D-3NrMYQ7kNvwEA5IyH&_nc_oc=AdolkTKEaxEw_og0tlC9yu_J2UN7F2DuuqE1bbHLvyXQ7Msbc71FLn3Rjfkv79vyMZ4&_nc_zt=24&_nc_ht=scontent-iad6-1.xx&_nc_gid=Pc4JsgieBXPkcFgh1PFlVQ&_nc_ss=7c2a8&oh=00_AQBknKB6hHkLR5Y1ypA4s2eANORYqAk1DjTQojMSR0azpA&oe=6A6032A1","https://www.facebook.com/EagleNews","0","659684967471717","FLOOD UPDATE: AS OF 9:20 PM OSMEÑA Buendia - Subsided. #mmda #EagleNewsPH",,"24",,,,,"24","0","1411135752000","https://www.facebook.com/EagleNews/posts/pfbid02CmP9cSdkAi9ugA8QtMwsLJt7w4fZALbP8LyEDa35MsHyNLXQWRv7qxiW1YYzfhcBl"
"No photo description available.","442053315935674","photo","https://www.facebook.com/photo/?fbid=442053315935674&set=a.269119061445926",,,,,,,,,,,,,,,,,"100050435022046","Page nang mga taong may pangarap na walang dereksyon Ang buhay.","https://scontent-iad6-1.xx.fbcdn.net/v/t39.30808-1/484071142_1239675001056989_8314559139930023628_n.jpg?stp=cp0_dst-jpg_tt6&cstp=mx735x739&ctp=s40x40&_nc_cat=106&ccb=1-7&_nc_sid=2d3e12&_nc_ohc=NEWnyzk3eEUQ7kNvwFvOhTi&_nc_oc=AdoagUF22dcXAPrcNvXCzgrvRL6lBWgPoLAFBD5XKBYEihzfWUn5ZkCjI9a2W3T8zwE&_nc_zt=24&_nc_ht=scontent-iad6-1.xx&_nc_gid=Pc4JsgieBXPkcFgh1PFlVQ&_nc_ss=7c2a8&oh=00_AQCnb2ibmkvCSiKcGcO2YgSwxok7OCzE29IpPiQE1ec6Eg&oe=6A60294D","https://www.facebook.com/profile.php?id=100050435022046","1","442053315935674","Smile FLOOD IS NOTHING we are PINOY :)",,"27",,,,,"27","3","1411100516000","https://www.facebook.com/photo.php?fbid=442053315935674&set=a.269119061445926&type=3"
,,,,,,,,,,,,,,,,,,,,"100045133275397","Akbayan Partylist","https://scontent-iad3-1.xx.fbcdn.net/v/t39.30808-1/481147284_1175720003942431_3776437900220559920_n.jpg?stp=cp0_dst-jpg_tt6&cstp=mx950x940&ctp=s40x40&_nc_cat=1&ccb=1-7&_nc_sid=2d3e12&_nc_ohc=1uAXNo_5seIQ7kNvwH0IN2s&_nc_oc=AdpRww4vXoKAgA3JynKCpjmtgJugDt5Xap01Eq6mOo9nflNpXGcBH_-qGZEexHifK2Y&_nc_zt=24&_nc_ht=scontent-iad3-1.xx&_nc_gid=Pc4JsgieBXPkcFgh1PFlVQ&_nc_ss=7c2a8&oh=00_AQB5vTV32pUQbZidbuLFGEtwigdGEtrzD6ePxrsXAb941w&oe=6A60183A","https://www.facebook.com/AkbayanParty","3","10152263673576556","Dear Friends and Supporters: Akbayanihan will be conducting relief operations in flooded areas within Metro Manila affected byTyhoon Mario. Akbayan Headquarters at 36B Madasalin St., Sikatuna Village, Quezon City is open to receive donations. For the SOUP KITCHEN TODAY, you may bring bottled water and READY TO EAT FOOD - like hardboiled eggs, bread, Ulalam, ready to eat rice meals. We are also calling for volunteers who are willing to help in our Soup Kitchen. You may contact us at 433-6831 and 433-6933. Maraming Salamat.",,"47",,,,,"47","14","1411105726000","https://www.facebook.com/AkbayanParty/posts/pfbid0DFT6TkVzC9XTFBFK7EY2miyw5tTvDyDFX9N8baXLhFJP2SUHzWwnfR7ewrH9Gv21l"
,,,,,,,,,,,,,,,,,,,,"100003962810606","Mamitz Rose Rivano","https://scontent-iad3-1.xx.fbcdn.net/v/t39.30808-1/613685019_3524951507646908_4871638360429837359_n.jpg?stp=cp0_dst-jpg_tt6&cstp=mx580x582&ctp=s24x24&_nc_cat=108&ccb=1-7&_nc_sid=1d2534&_nc_ohc=jkybJEydnMEQ7kNvwHyuIJQ&_nc_oc=Adq9pgZ_CT1nmrQyT15ABxOrGKcOaf7a_tmT54IzHwFOYGpPZ7wmAeJTbDCeqF38wy0&_nc_zt=24&_nc_ht=scontent-iad3-1.xx&_nc_gid=Pc4JsgieBXPkcFgh1PFlVQ&_nc_ss=7c2a8&oh=00_AQB_VUIwl7AWbdgUaBA04PquzGpMRAd0K0z6caM2RTIMEg&oe=6A60199A","https://www.facebook.com/mamitzrose","0","1669301556628916","Flood due to heavy moonsoon rains ....CEBU CITY",,"3",,,,,"3","0","1411221445000","https://www.facebook.com/groups/1504615839764156/permalink/1669301556628916/"
,,,,,,,,,,,,,,,,,,,,"100064248926814","Department of Social Welfare and Development - DSWD","https://scontent-iad3-1.xx.fbcdn.net/v/t39.30808-1/659904955_1374703371347947_665522060946767287_n.jpg?stp=cp0_dst-jpg_tt6&cstp=mx1200x1200&ctp=s40x40&_nc_cat=1&ccb=1-7&_nc_sid=2d3e12&_nc_ohc=aq397KugnSkQ7kNvwG1l-0D&_nc_oc=AdroY6EL3YK6fTImAL1JU0m3oDNnhJCdwIjf9AjeUQby1GVOqQHZGEmMbRkQhLL9Na0&_nc_zt=24&_nc_ht=scontent-iad3-1.xx&_nc_gid=Pc4JsgieBXPkcFgh1PFlVQ&_nc_ss=7c2a8&oh=00_AQD3KoUB72EOoI0kfAhFQDfBY-EiS2c9R0S_xi5ds4jWTQ&oe=6A602E7A","https://www.facebook.com/dswdserves","0","7192349407458458","#MarioPH flood update: 1,276 affected families are in evac centers in NCR, Regions 3 & 4A @dinkysunflower @govph @dzIQ990 @dzbb @dzrhnews",,"2",,,,,"2","0","1411094847000","https://www.facebook.com/dswdserves/posts/pfbid0SzTzApZDS1rMGLv2WvfVpsNCDth6w3xAv8z9pwUKM1XwbeveV4miiLSWpsEsUEkal"
,,,,,,,,,,,,,,,,,,,,"100001713640112","Francis Rey","https://scontent-iad3-2.xx.fbcdn.net/v/t39.30808-1/670491004_26603369749303452_8048588948925200285_n.jpg?stp=cp0_dst-jpg_tt6&cstp=mx1077x1077&ctp=s24x24&_nc_cat=103&ccb=1-7&_nc_sid=1d2534&_nc_ohc=eXPXUCNRd-IQ7kNvwHk3nVI&_nc_oc=AdrK98N4Am5J6w6uGA6WIjGsThJdqH8gI7rN3KpVuB-H-3mHAP7qtd8_5hZimBX24AM&_nc_zt=24&_nc_ht=scontent-iad3-2.xx&_nc_gid=wWtuegwYMdKdSOi7UJ2HNA&_nc_ss=7c2a8&oh=00_AQCQ6jf0kznnp3w01jZgWZvI2k-Ompu_AxUHda7MCWvbTw&oe=6A600852","https://www.facebook.com/EngrFrancisHernandez","0","1484178255173516","* Totally and Absolutely NO FLOOD *

Thank God never po inabot ng baha ang lahat ng mga house investments po namin in Imus Cavite. Perfect na perfect for all OFWs and locally employed Filipinos na naghahanap ng house and lot sa Pilipinas na hindi binabaha.

To prove this, you may attend our free house tripping this rainy season.
Call or text our Business Hotline at

SMART: 09218595577

GLOBE: 09279947085

LIKE US in FB: https://www.facebook.com/greatinvestment

and look for Engineer Francis Hernandez

Thank you everyone.",,"2",,,,,"2","0","1411125859000","https://www.facebook.com/groups/1415596688698340/permalink/1484178255173516/"
"No photo description available.","297780107072208","photo","https://www.facebook.com/photo/?fbid=297780107072208&set=a.298634122413650",,,,,,,,,,,,,,,,,"100068011928535","PIA Metro Manila","https://scontent-iad3-1.xx.fbcdn.net/v/t39.30808-1/618760826_1219310050346048_8351311716292925720_n.jpg?stp=cp0_dst-jpg_tt6&cstp=mx1563x1563&ctp=s40x40&_nc_cat=1&ccb=1-7&_nc_sid=2d3e12&_nc_ohc=4eKtjOaraL4Q7kNvwEVM9Iu&_nc_oc=AdpsC0xCBbrC3VlhHoOeynmuw3f79JIhvJ_FNiFjmq8pVb-qJcCFVfRU7nKDEL3HEFE&_nc_zt=24&_nc_ht=scontent-iad3-1.xx&_nc_gid=wWtuegwYMdKdSOi7UJ2HNA&_nc_ss=7c2a8&oh=00_AQBFGssUJGA-cO2-kglkltP-_CV706rtsz6Q04TDtaLcZQ&oe=6A6018DA","https://www.facebook.com/PIAMetroManila","2","297780107072208","Almost 10 feet flood at Westriverside St., Frisco, QC. | via @Marvinvilla1970",,"6",,,,,"6","12","1411089673000","https://www.facebook.com/photo.php?fbid=297780107072208&set=a.298634122413650&type=3"
,,,,,,,,,,,,,,,,,,,,"100069144534674","Eagle News","https://scontent-iad6-1.xx.fbcdn.net/v/t39.30808-1/302495836_5446732305433602_2556036293795182370_n.jpg?stp=cp0_dst-jpg_tt6&cstp=mx672x672&ctp=s40x40&_nc_cat=107&ccb=1-7&_nc_sid=2d3e12&_nc_ohc=QfC8D-3NrMYQ7kNvwEA5IyH&_nc_oc=AdolkTKEaxEw_og0tlC9yu_J2UN7F2DuuqE1bbHLvyXQ7Msbc71FLn3Rjfkv79vyMZ4&_nc_zt=24&_nc_ht=scontent-iad6-1.xx&_nc_gid=wWtuegwYMdKdSOi7UJ2HNA&_nc_ss=7c2a8&oh=00_AQAHepmrtQBlNYAt505AWf3NVvHE47F1-yzEzVnPKMq58Q&oe=6A6032A1","https://www.facebook.com/EagleNews","0","659571164149764","@SkywaySOMCO: Flood Update as of 3:20 PM Tire Deep at Pasay road (Arnaiz): Not passable to Light vehicles. #MarioPH #EagleNewsPH",,"29",,,,,"29","1","1411112507000","https://www.facebook.com/EagleNews/posts/pfbid016AwkA4Ycwyus99qCy6kirqwWmHArPciHJ16rT2mu27PUx6dQ2x8AmM25bF3UHFhl"
,,,,,,,,,,,,,,,,,,,,"100064248926814","Department of Social Welfare and Development - DSWD","https://scontent-iad3-1.xx.fbcdn.net/v/t39.30808-1/659904955_1374703371347947_665522060946767287_n.jpg?stp=cp0_dst-jpg_tt6&cstp=mx1200x1200&ctp=s40x40&_nc_cat=1&ccb=1-7&_nc_sid=2d3e12&_nc_ohc=aq397KugnSkQ7kNvwG1l-0D&_nc_oc=AdroY6EL3YK6fTImAL1JU0m3oDNnhJCdwIjf9AjeUQby1GVOqQHZGEmMbRkQhLL9Na0&_nc_zt=24&_nc_ht=scontent-iad3-1.xx&_nc_gid=wWtuegwYMdKdSOi7UJ2HNA&_nc_ss=7c2a8&oh=00_AQCx-LN2_f9CcWDGHlG9HqMckPNNDrCmLM7ExMFBMawOWQ&oe=6A602E7A","https://www.facebook.com/dswdserves","0","7192349454125120","#MarioPH flood update: 1,276 affected families are in evac centers in NCR, Regions 3 & 4A @manila_bulletin @MStandardToday @PhilippineStar",,"7",,,,,"7","0","1411094905000","https://www.facebook.com/dswdserves/posts/pfbid02tcbXuW6BFimwzk7o2VEEjvcbQF4o8iVBuuZsooDrbXuKzarT3aubtcy4XtsG8JQ3l"
,,,,,,,,,,,,,,,,,,,,"100064248926814","Department of Social Welfare and Development - DSWD","https://scontent-iad3-1.xx.fbcdn.net/v/t39.30808-1/659904955_1374703371347947_665522060946767287_n.jpg?stp=cp0_dst-jpg_tt6&cstp=mx1200x1200&ctp=s40x40&_nc_cat=1&ccb=1-7&_nc_sid=2d3e12&_nc_ohc=aq397KugnSkQ7kNvwG1l-0D&_nc_oc=AdroY6EL3YK6fTImAL1JU0m3oDNnhJCdwIjf9AjeUQby1GVOqQHZGEmMbRkQhLL9Na0&_nc_zt=24&_nc_ht=scontent-iad3-1.xx&_nc_gid=wWtuegwYMdKdSOi7UJ2HNA&_nc_ss=7c2a8&oh=00_AQCx-LN2_f9CcWDGHlG9HqMckPNNDrCmLM7ExMFBMawOWQ&oe=6A602E7A","https://www.facebook.com/dswdserves","0","7192349447458454","#MarioPH flood update: 1,276 affected families are in evac centers in NCR, Regions 3 & 4A @rapplerdotcom @TVPatrol @TV5JournalisMO",,"3",,,,,"3","0","1411094934000","https://www.facebook.com/dswdserves/posts/pfbid02KcgvFkMqaNNmaKz1JcwFHrugZh1Lc5HJcQBygTxEkNFmEynvWqNC3Lo9Zy7eTVb7l"
,,,,,,,,,,,,,,,,,,,,"100064643355683","Crissa Jeans","https://scontent-iad6-1.xx.fbcdn.net/v/t39.30808-1/306658757_460184292813012_2847264674585319677_n.jpg?stp=cp0_dst-jpg_tt6&cstp=mx2048x2048&ctp=s40x40&_nc_cat=100&ccb=1-7&_nc_sid=2d3e12&_nc_ohc=YcBrIlw0OUIQ7kNvwECh4ne&_nc_oc=Adq1MF-rYUig5qGi7KpP7NwZ1gHbsVO7v_46joM1l_Jj3dG7-UioCh6L6hhfDiM1MTU&_nc_zt=24&_nc_ht=scontent-iad6-1.xx&_nc_gid=spSDZ7Ef8eIa8RT0VImtNA&_nc_ss=7c2a8&oh=00_AQCcr2vq4Vmzc-03In-IQk8u8NPBl-wv50pmmLfscNQn4Q&oe=6A602E8A","https://www.facebook.com/crissajeansPH","14","10152735608551197","Good morning CRISSA CAMPUS DANCE SYNERGY participants! As of this morning, the High School
Category elimination leg is still pushing through tomorrow, Saturday. Though we are still waiting for further developments on the weather and flood conditions so please standby for updates. We are hoping for the safety of everyone. Thank you and God bless.",,"43",,,,,"43","6","1411086488000","https://www.facebook.com/crissajeansPH/posts/pfbid031Z9LvY3TDsqqJi6hnLraTUdZp8LL8PQtpdou1RFfWXBQpftUmCKLiGFdW1uGw2YUl"
,,,,,,,,,,,,,,,,,,,,"100067607325289","Abante News Online","https://scontent-iad3-1.xx.fbcdn.net/v/t39.30808-1/534885277_1089543809975853_3726460784380869728_n.jpg?stp=c0.83.1434.1434a_cp0_dst-jpg_tt6&cstp=mx1434x1434&ctp=s40x40&_nc_cat=1&ccb=1-7&_nc_sid=2d3e12&_nc_ohc=yKvF-OiRxSsQ7kNvwEfIB__&_nc_oc=Adr9iPZYJcBcHK8D-RLFZ5-fGSwwTNp7ORv-rbuP7qatiHGIuyUd63cwQtnmbMOJMv8&_nc_zt=24&_nc_ht=scontent-iad3-1.xx&_nc_gid=spSDZ7Ef8eIa8RT0VImtNA&_nc_ss=7c2a8&oh=00_AQCK0m6QKJF2sW54m0bMMKs41xtk30vHkKnpGRKrXiG6LQ&oe=6A602623","https://www.facebook.com/abantenews","0","848743775160051","Mandaluyong Gov't:

FLOOD ALERT as of 01:00 PM: Brgy. Hagdan Bato Libis - Acacia Lane/Guerrero/Araullo/L.Cruz/M.Yulo – flood level: ground to knee.",,"1",,,,,"1","0","1411103824000","https://www.facebook.com/abantenews/posts/pfbid037CmuLYFLLJGcNaesrCt4Xd1Koba7qbeCFm3ZnS2LmJ4FYUirr1u5Gp4hGDzBoniQl"
,,,,,,,,,,,,,,,,,,,,"100064389381445","Panahon.TV","https://scontent-iad6-1.xx.fbcdn.net/v/t39.30808-1/414986260_763509162472056_3297011609705798179_n.jpg?stp=cp0_dst-jpg_tt6&cstp=mx1080x1080&ctp=s40x40&_nc_cat=100&ccb=1-7&_nc_sid=2d3e12&_nc_ohc=x2i65G6KVt0Q7kNvwGGLupp&_nc_oc=AdpE-dC_VRRTdCMR1CP4_FEOvfFHRJPAVAh24wcuYLBVZYetOTaqaPpt5ahT3BQ-fo8&_nc_zt=24&_nc_ht=scontent-iad6-1.xx&_nc_gid=spSDZ7Ef8eIa8RT0VImtNA&_nc_ss=7c2a8&oh=00_AQCuBLqCU2OARv-N5kodLDV456vKk0eVYYW-RSIssdqLOg&oe=6A602F67","https://www.facebook.com/Panahon.TV","0","782228758487631","FLOOD UPDATES: As of 6:02 PM,Ortigas Extension - passable, IMELDA and Robinson metro east - not passable to all types of vehicles | via MMDA",,"3",,,,,"3","2","1411121418000","https://www.facebook.com/Panahon.TV/posts/pfbid02bscHPajy7v6oKHxNPAiu25YhZSgHFygewMNkf7DWYZVbUrXiMdRXuNnXeyDipFwEl"
,,,,,,,,,,,,,,,,,,,,"100069152081757","Kaya Mo Pinoy","https://scontent-iad3-2.xx.fbcdn.net/v/t39.30808-1/327196617_988580605862850_3569625221894260971_n.jpg?stp=c0.0.339.339a_cp0_dst-jpg_tt6&cstp=mx339x339&ctp=s40x40&_nc_cat=103&ccb=1-7&_nc_sid=2d3e12&_nc_ohc=LKEbxXOkCGgQ7kNvwFAzxSn&_nc_oc=AdoapoSAOZBYTJjJA1Kxw42NO5XiEVg7_xTCV_SykWkuMgNhpQhrWSEmvHfUMIZ3yuk&_nc_zt=24&_nc_ht=scontent-iad3-2.xx&_nc_gid=spSDZ7Ef8eIa8RT0VImtNA&_nc_ss=7c2a8&oh=00_AQBWqY2hLPUL_uZR4TtW0vTVkmsngg7Pc0Hiwzl9O-n7_g&oe=6A600917","https://www.facebook.com/kayamopinoypage","0","857480147605315","Admin 03] MERALCO ADVISORY ON FLOODED AREAS WITHOUT ELECTRICITY
Power switched off due to floods in the ff. areas:

Manila - Tondo (Gagalangin), Tondo Proper (Bao, C-2, F.Yuseco, Gen Lukban, Juan Luna, Raxabago, Solis)
SFDM - Bgy. Mariblo, Paraiso
Valenzuela - Pagasa Subd, Serrano Subd, Silangan Park Subd, Upper Serrano, Arty Subd, Manotok Subd, T. Manuel Subd, Don Pedro vill, Elysian Subd, Skyline Subd, Sta Lucia Subd
Malabon - Marcelo Compound, Goldendale Village, La Trinidad Subd, 
Navotas - San Rafael Village
Balintawak - Cypress Village, Kaingin Village, Parkway Village",,,,,,,"0","0","1411106961000","https://www.facebook.com/kayamopinoypage/posts/pfbid02gVW3Qj78Qgvff4iA9657dCQRXCvzKF66KC84YMdNGzUfw4A8CqL3sN2osEEvdEhVl"
,,,,,,,,,,,,,,,,,,,,"100064389381445","Panahon.TV","https://scontent-iad6-1.xx.fbcdn.net/v/t39.30808-1/414986260_763509162472056_3297011609705798179_n.jpg?stp=cp0_dst-jpg_tt6&cstp=mx1080x1080&ctp=s40x40&_nc_cat=100&ccb=1-7&_nc_sid=2d3e12&_nc_ohc=x2i65G6KVt0Q7kNvwGGLupp&_nc_oc=AdpE-dC_VRRTdCMR1CP4_FEOvfFHRJPAVAh24wcuYLBVZYetOTaqaPpt5ahT3BQ-fo8&_nc_zt=24&_nc_ht=scontent-iad6-1.xx&_nc_gid=spSDZ7Ef8eIa8RT0VImtNA&_nc_ss=7c2a8&oh=00_AQCuBLqCU2OARv-N5kodLDV456vKk0eVYYW-RSIssdqLOg&oe=6A602F67","https://www.facebook.com/Panahon.TV","0","782279838482523","HEAVY RAINFALL WARNING

RED WARNING: Severe flooding is possible in Nueva Ecija, Zambales and Tarlac.

ORANGE WARNING: Flooding is threatening in Bataan.

YELLOW WARNING: Flooding is expected to subside in Metro Manila, Bulacan, Pampanga, Rizal and Cavite.",,"6",,,,,"6","3","1411133044000","https://www.facebook.com/Panahon.TV/posts/pfbid0WjggZviwxX5CY9NyCi4t4Jy2VFUGYQ3VWsqyvag5A4p4qaLq9gEKERVfT93GaKgDl"
,,,,,,,,,,,,,,,,,,,,"100064516487421","WeatherTech Philippines","https://scontent-iad3-1.xx.fbcdn.net/v/t39.30808-1/459233725_927953129365228_149920408764430574_n.jpg?stp=cp0_dst-jpg_tt6&cstp=mx2048x2048&ctp=s40x40&_nc_cat=104&ccb=1-7&_nc_sid=2d3e12&_nc_ohc=3jLWZD1y8-wQ7kNvwGw20me&_nc_oc=AdpZcC8yHFBow4oIV0pDo11V7114erbyFiGLWuAogWUZHoZ8IfoFKMWPQQ_EQ7JwnMc&_nc_zt=24&_nc_ht=scontent-iad3-1.xx&_nc_gid=jqx7DQ6VeddISEfqs6pDTQ&_nc_ss=7c2a8&oh=00_AQDJIN4i6KkQVZH4j9wYDDdEg07TdXipDuZ1qgYEy8WyIQ&oe=6A6021F8","https://www.facebook.com/WeatherTechPhilippines","0","761630777233389","Due to Storm and Flood conditions and for the safety of our team, Our offices will be closed today.  We also won't open our booth at the CAMPI international motor Show.  See you all Tomorrow.",,,,,,,"0","0","1411101163000","https://www.facebook.com/WeatherTechPhilippines/posts/pfbid0yXXWYijSeFZjGNztV16jTdmUxqbyzcfsfMKu9Wcn6qMhxdjkDxzpHdWfZXFAHzpKl"
"No photo description available.","767664836609746","photo","https://www.facebook.com/photo/?fbid=767664836609746&set=a.462330589270324",,,,,,,,,,,,,,,,,"100064801593705","Calvary Chapel Manila","https://scontent-iad6-1.xx.fbcdn.net/v/t39.30808-1/308875629_462330605936989_2697833997442450316_n.png?stp=cp0_dst-png&cstp=mx903x903&ctp=s40x40&_nc_cat=100&ccb=1-7&_nc_sid=2d3e12&_nc_ohc=rknhKULFYo8Q7kNvwF47mqW&_nc_oc=AdoPYGEWZGaxosVwEcHKLkWvfHH40OOLYCecZQqpTwjhhpjtZZJKgvSlHTyCm1u9KgY&_nc_zt=24&_nc_ht=scontent-iad6-1.xx&_nc_gid=jqx7DQ6VeddISEfqs6pDTQ&_nc_ss=7c2a8&oh=00_AQCG50eRR_S_QCeBpd2RHnRpXyiZ60OyB6FwtX52OLc4jw&oe=6A602342","https://www.facebook.com/profile.php?id=100064801593705","3","767664836609746","Pray for our fellow countrymen, church members in Metro Manila and Luzon provinces inundated by Typhoon ""Mario"". Three (3) weeks worth of rain in just 12 hours. Jesus Reigns!",,"21",,,,,"21","26","1411117398000","https://www.facebook.com/photo.php?fbid=767664836609746&set=a.462330589270324&type=3"
,,,,,,,,,,,,,,,,,,,,"100064974450592","NLEX Corporation","https://scontent-iad6-1.xx.fbcdn.net/v/t39.30808-1/366706831_671621541680322_6849174283728876653_n.jpg?stp=cp0_dst-jpg_tt6&cstp=mx700x700&ctp=s40x40&_nc_cat=109&ccb=1-7&_nc_sid=2d3e12&_nc_ohc=lcpgrIu7Yi0Q7kNvwGHvwT7&_nc_oc=AdrbgctFpkd_C2LOsfpQc957Z8e_pN3Wr5imvreHZwvTGS8-3cBbnhvtZAQR5oLODT0&_nc_zt=24&_nc_ht=scontent-iad6-1.xx&_nc_gid=jqx7DQ6VeddISEfqs6pDTQ&_nc_ss=7c2a8&oh=00_AQDXziGb7oK1Xu5EQGdEq-kzm6noOag6yU9b59XP1srpeA&oe=6A602657","https://www.facebook.com/NLEXexpressways","2","10152275677196644","As of 10:35 AM, No flooded areas in NLEX on both directions.",,"5",,,,,"5","4","1411094503000","https://www.facebook.com/NLEXexpressways/posts/pfbid0LPaL4GTNa3PZukPR1PnjVxiFTQ3EMgn2zbLKJGkRRNenGpQLqGodKJKLAB9uALzgl"
,,,,,,,,,,,,,,,,,,,,"100044589452236","Fabio Ide","https://scontent-iad6-1.xx.fbcdn.net/v/t39.30808-1/350665213_575020891405947_5390974630293620989_n.jpg?stp=cp0_dst-jpg_tt6&cstp=mx1166x1166&ctp=s40x40&_nc_cat=102&ccb=1-7&_nc_sid=2d3e12&_nc_ohc=cBV98BptjvIQ7kNvwE93jSU&_nc_oc=AdrcnIDnWJbAp2NzbIg8oJEDID4wwTlaOhwDdHdVJUE2mlwnVSXKBFwPLn_GVW9YFjc&_nc_zt=24&_nc_ht=scontent-iad6-1.xx&_nc_gid=jqx7DQ6VeddISEfqs6pDTQ&_nc_ss=7c2a8&oh=00_AQDffx4fOWmVokUszEaCybFSgztuetGHLhQck13ByH8q3g&oe=6A602304","https://www.facebook.com/FabioIdeOfficial","1","848417885178145","Keep safe and dry friends in Manila! #MarioPH is bringing loads of rain which causes flooding in most areas. Please stay at home and be safe. Sending warm hugs to ya'll from Dubai.",,"41",,,,,"41","0","1411093035000","https://www.facebook.com/FabioIdeOfficial/posts/pfbid026gxkjfk8ADkDMKaK2MbsjTx32DnKYVE83vCszXdSuasvh9ASEbfaUARjf1z7tii4l"
,,,,,,,,,,,,,,,,,,,,"100000482086924","Pablo Hernandez","https://scontent-iad3-2.xx.fbcdn.net/v/t39.30808-1/730382373_37733442789588318_2787708521364522201_n.jpg?stp=cp0_dst-jpg_tt6&cstp=mx1080x1084&ctp=s24x24&_nc_cat=111&ccb=1-7&_nc_sid=1d2534&_nc_ohc=EQuBAh1QRekQ7kNvwEU5fiY&_nc_oc=Adp4LqvTZ0ZChrfghMgOMyjIUlfXlAv989kdXUgMGDUfUx_FalMEvUQq2uI71MkOXBo&_nc_zt=24&_nc_ht=scontent-iad3-2.xx&_nc_gid=jqx7DQ6VeddISEfqs6pDTQ&_nc_ss=7c2a8&oh=00_AQDovD3pp1VvBuW44beXTMYJkto8xfZ8SqcZImauiXD5Nw&oe=6A6033EA","https://www.facebook.com/pabsval","6","851997364844304","",,"4",,,,,"4","0","1411123498000","https://www.facebook.com/groups/319513714759341/permalink/851997364844304/"
,,,,,,,,,,,,,,,,,,,,"1514892086","Francis Bonnevie","https://scontent-iad3-1.xx.fbcdn.net/v/t1.6435-1/69343695_10219498699727529_7451213855591497728_n.jpg?stp=cp0_dst-jpg_tt6&cstp=mx540x540&ctp=s24x24&_nc_cat=108&ccb=1-7&_nc_sid=e99d92&_nc_ohc=x8FBw-FAIE4Q7kNvwFgqdcQ&_nc_oc=AdrgE7tEfJgACl0tVhzGvwUvbgD3WI8QGDEkkiPEgpvsA4r7vV1zFbI9x7WOMVp5VmQ&_nc_zt=24&_nc_ht=scontent-iad3-1.xx&_nc_gid=jqx7DQ6VeddISEfqs6pDTQ&_nc_ss=7c2a8&oh=00_AQBD384s8j47Uw4VfrfIvtqOD3ILKuQaUc5u99Seldv0nw&oe=6A81B431","https://www.facebook.com/francis.bonnevie","54","678215275602495","Panalo! 3 more terms for Pnoy!
Kasalanan ni Magellan ito!",,"30",,,,,"30","0","1411219414000","https://www.facebook.com/groups/GisingNaPiipinas/permalink/678215275602495/"
"No photo description available.","361086614045026","photo","https://www.facebook.com/photo/?fbid=361086614045026&set=a.602294451934438",,,,,,,,,,,,,,,,,"100064616655120","Philippine Star","https://scontent-iad3-1.xx.fbcdn.net/v/t39.30808-1/341858556_918415572727450_374717831366242673_n.jpg?stp=cp0_dst-jpg_tt6&cstp=mx1000x1000&ctp=s40x40&_nc_cat=1&ccb=1-7&_nc_sid=2d3e12&_nc_ohc=g5LUxtqmcMcQ7kNvwH8W7DJ&_nc_oc=Ado6Kmy7Ihi6b7aeSbYQKgyYI71to-vff-Df5z3t1dvlc5DIvAMBWuqFle8wUoPs0WU&_nc_zt=24&_nc_ht=scontent-iad3-1.xx&_nc_gid=o8L-6eiHu4jrhEBF0jYWrg&_nc_ss=7c2a8&oh=00_AQDLuR53tKL8ojB5cccX7Tsjws8Owmc2Jci3-dh8siDN-w&oe=6A6021C0","https://www.facebook.com/PhilippineSTAR","9","361086614045026","#MarioPH UPDATE: Light vehicles turn back as they assess the flood situation on NLEX Balintawak. | Photo via @iam_MRT",,"204",,,,,"204","55","1411090972000","https://www.facebook.com/photo.php?fbid=361086614045026&set=a.602294451934438&type=3"
"No photo description available.","10152466005498791","photo","https://www.facebook.com/photo/?fbid=10152466005498791&set=a.635578005267051",,,,,,,,,,,,,,,,,"100064445723899","ANC 24/7","https://scontent-iad3-1.xx.fbcdn.net/v/t39.30808-1/609053834_1328721385952706_4253439834983056076_n.jpg?stp=cp0_dst-jpg_tt6&cstp=mx2048x2048&ctp=s40x40&_nc_cat=1&ccb=1-7&_nc_sid=2d3e12&_nc_ohc=RAU_RPiKxxgQ7kNvwGLy_GT&_nc_oc=AdqMSDYmD5Jmt29_RmIjxtU42_IIyv-9xESw2la0kP6qV6sl9_le8xwq5N18SO-COc0&_nc_zt=24&_nc_ht=scontent-iad3-1.xx&_nc_gid=o8L-6eiHu4jrhEBF0jYWrg&_nc_ss=7c2a8&oh=00_AQBaUweLvqaOrGrklmfwb0CAKmQZ-G1eIFZNScxcL42eUw&oe=6A60214E","https://www.facebook.com/ANCalerts","9","10152466005498791","Waist-deep flood in Marulas, Valenzuela, near Tullahan River.

(Photo via Doland Castro)",,"315",,,,,"315","87","1411087718000","https://www.facebook.com/photo.php?fbid=10152466005498791&set=a.635578005267051&type=3"
"No photo description available.","679021602207752","photo","https://www.facebook.com/photo.php?fbid=679021602207752&set=a.365711365600523&type=3","No photo description available.","679021595541086","photo","https://www.facebook.com/photo.php?fbid=679021595541086&set=a.365711365600523&type=3","No photo description available.","679021588874420","photo","https://www.facebook.com/photo.php?fbid=679021588874420&set=a.365711365600523&type=3",,,,,,,,,"100064849864375","DOST-PAGASA","https://scontent-iad3-1.xx.fbcdn.net/v/t39.30808-1/487303686_1099355335569452_7045424019269009221_n.png?stp=cp0_dst-png&cstp=mx1001x1001&ctp=s40x40&_nc_cat=1&ccb=1-7&_nc_sid=2d3e12&_nc_ohc=8-rGnn6nM6QQ7kNvwE5AIYn&_nc_oc=Adrc0eo_VlAMh2uNvRKoUxIxEAIzwdp8arCyMREhLePThCtf-hepCv-wQzwT0u7K2wc&_nc_zt=24&_nc_ht=scontent-iad3-1.xx&_nc_gid=o8L-6eiHu4jrhEBF0jYWrg&_nc_ss=7c2a8&oh=00_AQAEzF1OwymGpE_qGHOKHCido6vQ5uArHH0r24RVVBknCw&oe=6A60381F","https://www.facebook.com/PAGASA.DOST.GOV.PH","88","679021668874412","Heavy Rainfall Warning No.10 #NCR_PRSD
Weather System: Tropical Storm #MarioPH
Issued at 9:00 PM September 19,2014 (Friday)

Warning Level: RED
Areas: Nueva Ecija, Zambales and Tarlac
Impact: SEVERE FLOODING is expected.

Warning Level: ORANGE
Areas: Bataan
Impact: FLOODING is THREATENING.

Warning Level: YELLOW
Areas: Metro Manila, Bulacan, Pampanga, Rizal and Cavite
Impact: FLOODING is expected to SUBSIDE

The public and the Disaster Risk Reduction and Management Council concerned are advised to MONITOR the weather condition and watch for the next advisory to be issued at 12:00 AM tomorrow.",,"688",,,,,"688","571","1411132357000","https://www.facebook.com/PAGASA.DOST.GOV.PH/posts/pfbid0Foeavmg9zNyVwehjgVwGRPH6USGtDmwpeFstTB5QT64jnF4X37w7sdZ1vfHp46X7l"
"No photo description available.","361158230704531","photo","https://www.facebook.com/photo/?fbid=361158230704531&set=a.602294451934438",,,,,,,,,,,,,,,,,"100064616655120","Philippine Star","https://scontent-iad3-1.xx.fbcdn.net/v/t39.30808-1/341858556_918415572727450_374717831366242673_n.jpg?stp=cp0_dst-jpg_tt6&cstp=mx1000x1000&ctp=s40x40&_nc_cat=1&ccb=1-7&_nc_sid=2d3e12&_nc_ohc=g5LUxtqmcMcQ7kNvwH8W7DJ&_nc_oc=Ado6Kmy7Ihi6b7aeSbYQKgyYI71to-vff-Df5z3t1dvlc5DIvAMBWuqFle8wUoPs0WU&_nc_zt=24&_nc_ht=scontent-iad3-1.xx&_nc_gid=o8L-6eiHu4jrhEBF0jYWrg&_nc_ss=7c2a8&oh=00_AQDLuR53tKL8ojB5cccX7Tsjws8Owmc2Jci3-dh8siDN-w&oe=6A6021C0","https://www.facebook.com/PhilippineSTAR","11","361158230704531","PHOTO: Knee-deep flood along Buendia Ave. in Makati City, around 10:30 a.m. today. | Photo via Arzen Fernandez Cayetano",,"168",,,,,"168","59","1411101000000","https://www.facebook.com/photo.php?fbid=361158230704531&set=a.602294451934438&type=3"
"No photo description available.","746654225406133","photo","https://www.facebook.com/photo/?fbid=746654225406133&set=a.353546490146184",,,,,,,,,,,,,,,,,"100064725067029","Yahoo Philippines","https://scontent-iad3-2.xx.fbcdn.net/v/t39.30808-1/241478997_6449356595135839_1164754113079999095_n.png?stp=cp0_dst-png&cstp=mx1078x1078&ctp=s40x40&_nc_cat=103&ccb=1-7&_nc_sid=2d3e12&_nc_ohc=mZn0ejWs5rwQ7kNvwFEV-qc&_nc_oc=AdomhfOeYYrZLTOVERjaBWBvrTAEyxzJTcSfEHiw_XnG6AmbVx8IsGSkY4VfeYW5vgQ&_nc_zt=24&_nc_ht=scontent-iad3-2.xx&_nc_gid=o8L-6eiHu4jrhEBF0jYWrg&_nc_ss=7c2a8&oh=00_AQCVfrovSayUn6r2IQysJv9JAHWuipMYQeqnWihpNULkXg&oe=6A603897","https://www.facebook.com/yahoophilippines","25","746654225406133","Flood victims wave to a rescue boat as they wade chest deep, through a flooded road in Marikina, metro Manila (Erik de Castro/ Reuters)",,"104",,,,,"104","40","1411119000000","https://www.facebook.com/photo.php?fbid=746654225406133&set=a.353546490146184&type=3"
"No photo description available.","10152466086313791","photo","https://www.facebook.com/photo/?fbid=10152466086313791&set=a.635578005267051",,,,,,,,,,,,,,,,,"100064445723899","ANC 24/7","https://scontent-iad3-1.xx.fbcdn.net/v/t39.30808-1/609053834_1328721385952706_4253439834983056076_n.jpg?stp=cp0_dst-jpg_tt6&cstp=mx2048x2048&ctp=s40x40&_nc_cat=1&ccb=1-7&_nc_sid=2d3e12&_nc_ohc=RAU_RPiKxxgQ7kNvwGLy_GT&_nc_oc=AdqMSDYmD5Jmt29_RmIjxtU42_IIyv-9xESw2la0kP6qV6sl9_le8xwq5N18SO-COc0&_nc_zt=24&_nc_ht=scontent-iad3-1.xx&_nc_gid=mqnBKCC45DOOBB3dWGt1jg&_nc_ss=7c2a8&oh=00_AQCqb0PUxHAnrOlR8DtOSAHG4TOe8u2Qn-KjXccdDrPasQ&oe=6A60214E","https://www.facebook.com/ANCalerts","12","10152466086313791","Rivera St., San Juan also flooded.

(Photo via @jenpereras)",,,,,,,"0","109","1411090851000","https://www.facebook.com/photo.php?fbid=10152466086313791&set=a.635578005267051&type=3"
"No photo description available.","10154645455310713","photo","https://www.facebook.com/photo/?fbid=10154645455310713&set=a.599885918848832",,,,,,,,,,,,,,,,,"100064822867502","Philstar.com","https://scontent-iad3-1.xx.fbcdn.net/v/t39.30808-1/646621598_1378505780986838_3990323630737858873_n.jpg?stp=cp0_dst-jpg_tt6&cstp=mx1792x1792&ctp=s40x40&_nc_cat=1&ccb=1-7&_nc_sid=2d3e12&_nc_ohc=WieeDB179tEQ7kNvwEwts1G&_nc_oc=Adq-a3Qix-FFOVTOgU58kbnT3B4PuqAao1ZTA9RA3NlNgdqTEUaw2HrfYv87pC8idXo&_nc_zt=24&_nc_ht=scontent-iad3-1.xx&_nc_gid=mqnBKCC45DOOBB3dWGt1jg&_nc_ss=7c2a8&oh=00_AQBpw_0Et8hC4FRvtL0abH6ePU_Hn0iAzm0uPinECsHcLA&oe=6A60277F","https://www.facebook.com/philstarnews","26","10154645455310713","La Mesa Dam is now on RED ALERT Status. As of 6am today, the water elevation reach 79.69m & still rising due to heavy rainfall.

Meanwhile, the Marikina River water level is now at 19.4 meters as of 8:30 am; 4th alarm still up, all flood gates open. FROM Marikina PIO",,"409",,,,,"409","355","1411087853000","https://www.facebook.com/photo.php?fbid=10154645455310713&set=a.599885918848832&type=3"
"No photo description available.","10152886184332985","photo","https://www.facebook.com/photo/?fbid=10152886184332985&set=a.610822947752582",,,,,,,,,,,,,,,,,"100064746458701","MANILA BULLETIN","https://scontent-iad3-1.xx.fbcdn.net/v/t39.30808-1/486278506_1099976158837256_5940999471121737534_n.jpg?stp=cp0_dst-jpg_tt6&cstp=mx960x960&ctp=s40x40&_nc_cat=1&ccb=1-7&_nc_sid=2d3e12&_nc_ohc=SPUObSUmnT4Q7kNvwEtHgbI&_nc_oc=AdojrRTdsl4K1Ojk_uiB8GLQyC27PX1mG2RLnAcN0ZmzKFzgxAsvWLfeC0EFlE9tn44&_nc_zt=24&_nc_ht=scontent-iad3-1.xx&_nc_gid=mqnBKCC45DOOBB3dWGt1jg&_nc_ss=7c2a8&oh=00_AQBl65C_0UaAGnKqwkM1Sqn0XbMffl6ar6PswFom6mq4Cg&oe=6A602829","https://www.facebook.com/ManilaBulletin","27","10152886184332985","As of 9:45AM, flood situation in some parts outside Intramuros facing Manila City Hall. #FloodPH",,"1259",,,,,"1259","107","1411177814000","https://www.facebook.com/photo.php?fbid=10152886184332985&set=a.610822947752582&type=3"
"No photo description available.","543335342476731","photo","https://www.facebook.com/photo/?fbid=543335342476731&set=a.326150357528565",,,,,,,,,,,,,,,,,"100069749593599","Mercury Drug Corporation","https://scontent-iad6-1.xx.fbcdn.net/v/t39.30808-1/320936078_1192165298088094_6544565939424769012_n.jpg?stp=cp0_dst-jpg_tt6&cstp=mx2008x2008&ctp=s40x40&_nc_cat=102&ccb=1-7&_nc_sid=2d3e12&_nc_ohc=mF3wnROyl9gQ7kNvwH7xdlP&_nc_oc=AdoOM7USIWi38XALR97kyJgoc0OGUqwZ1sZsIEr8o8teXJSR5XFTDNSzKjA5wF6A5-A&_nc_zt=24&_nc_ht=scontent-iad6-1.xx&_nc_gid=mqnBKCC45DOOBB3dWGt1jg&_nc_ss=7c2a8&oh=00_AQCNpP6lvdCu4q11L4jT3U23QWfA4Mfjo200xH0xp-MjSw&oe=6A600A3C","https://www.facebook.com/mercurydrugph","7","543335342476731","Monitor rainfall or flood advisories in your area. Stay safe mga Suki!",,"150",,,,,"150","20","1411100509000","https://www.facebook.com/photo.php?fbid=543335342476731&set=a.326150357528565&type=3"
"No photo description available.","10152466191058791","photo","https://www.facebook.com/photo/?fbid=10152466191058791&set=a.635578005267051",,,,,,,,,,,,,,,,,"100064445723899","ANC 24/7","https://scontent-iad3-1.xx.fbcdn.net/v/t39.30808-1/609053834_1328721385952706_4253439834983056076_n.jpg?stp=cp0_dst-jpg_tt6&cstp=mx2048x2048&ctp=s40x40&_nc_cat=1&ccb=1-7&_nc_sid=2d3e12&_nc_ohc=RAU_RPiKxxgQ7kNvwGLy_GT&_nc_oc=AdqMSDYmD5Jmt29_RmIjxtU42_IIyv-9xESw2la0kP6qV6sl9_le8xwq5N18SO-COc0&_nc_zt=24&_nc_ht=scontent-iad3-1.xx&_nc_gid=mqnBKCC45DOOBB3dWGt1jg&_nc_ss=7c2a8&oh=00_AQCqb0PUxHAnrOlR8DtOSAHG4TOe8u2Qn-KjXccdDrPasQ&oe=6A60214E","https://www.facebook.com/ANCalerts","24","10152466191058791","Ricefield in Milaor, Camarines Sur flooded.

(Photo via Mylce Mella)",,"685",,,,,"685","86","1411095056000","https://www.facebook.com/photo.php?fbid=10152466191058791&set=a.635578005267051&type=3"
"No photo description available.","10152762470840329","photo","https://www.facebook.com/photo/?fbid=10152762470840329&set=a.200703838092330",,,,,,,,,,,,,,,,,"100044581442733","Dingdong Dantes","https://scontent-iad3-1.xx.fbcdn.net/v/t39.30808-1/688112893_1540783127417721_3888447010590249022_n.jpg?stp=cp0_dst-jpg_tt6&cstp=mx960x960&ctp=s40x40&_nc_cat=1&ccb=1-7&_nc_sid=2d3e12&_nc_ohc=0qdeL1B8MrkQ7kNvwGRg2zY&_nc_oc=AdrmkpONcdWOTE8prgeJp7PuxhV_sf1n1H2LvY54B6X2UazyuGgUlWWkE2CLImRyzRs&_nc_zt=24&_nc_ht=scontent-iad3-1.xx&_nc_gid=mqnBKCC45DOOBB3dWGt1jg&_nc_ss=7c2a8&oh=00_AQD_XtNxLXhpskkyXaGacD026YfsHZ5upx45YBEZJeAaRg&oe=6A601126","https://www.facebook.com/dingdongdantesofficial","2","10152762470840329","Flood situation in Frisco, Del Monte, QC..

If you need help please use #RescuePH or #MarioPH and you can post it here. We will coordinate with Project Agos to contact you.",,"527",,,,,"527","5","1411121105000","https://www.facebook.com/photo.php?fbid=10152762470840329&set=a.200703838092330&type=3"
"No photo description available.","10153181839207786","photo","https://www.facebook.com/photo/?fbid=10153181839207786&set=a.647361870752690",,,,,,,,,,,,,,,,,"100064366494036","Axe Philippines","https://scontent-iad3-1.xx.fbcdn.net/v/t39.30808-1/440465634_833532068802335_3931365266953601689_n.jpg?stp=cp0_dst-jpg_tt6&cstp=mx1080x1080&ctp=s40x40&_nc_cat=1&ccb=1-7&_nc_sid=2d3e12&_nc_ohc=G5gwYieVPyYQ7kNvwFRAR6e&_nc_oc=AdpYG90iRFmgwuZEbppvJh8YirCUcLhAMLByKbX7DI3vwX_ahmvinOIey4I5W-xWnP0&_nc_zt=24&_nc_ht=scontent-iad3-1.xx&_nc_gid=Jmf2mur91TpiXtmLBlixtg&_nc_ss=7c2a8&oh=00_AQAzNO-nvVDeX7yVwioWkXGb0i2eLFZ6Ar4myC9jdmGImQ&oe=6A600B47","https://www.facebook.com/axephilippines","28","10153181839207786","Due to heavy rains and flooding, and in the interest of public safety, we at AXE Philippines are postponing the AXE Gold Pass eliminations, previously scheduled on September 21 at SM Megamall, to a later date.

We put priority on everyone's safety and welfare. Please stay safe during this time.

A new date for the AXE Gold Pass Eliminations will be announced. For any inquiries, please contact us through our Facebook page at www.facebook.com/axephilippines.

Thank you.",,"85",,,,,"85","12","1411107779000","https://www.facebook.com/photo.php?fbid=10153181839207786&set=a.647361870752690&type=3"
,,,,,,,,,,,,,,,,,,,,"100064445723899","ANC 24/7","https://scontent-iad3-1.xx.fbcdn.net/v/t39.30808-1/609053834_1328721385952706_4253439834983056076_n.jpg?stp=cp0_dst-jpg_tt6&cstp=mx2048x2048&ctp=s40x40&_nc_cat=1&ccb=1-7&_nc_sid=2d3e12&_nc_ohc=RAU_RPiKxxgQ7kNvwGLy_GT&_nc_oc=AdqMSDYmD5Jmt29_RmIjxtU42_IIyv-9xESw2la0kP6qV6sl9_le8xwq5N18SO-COc0&_nc_zt=24&_nc_ht=scontent-iad3-1.xx&_nc_gid=Jmf2mur91TpiXtmLBlixtg&_nc_ss=7c2a8&oh=00_AQBCl72XoSloDga3hwvoLhn9ENYvY5SffdVe3jwpVDcKVA&oe=6A60214E","https://www.facebook.com/ANCalerts","10","10152466021898791","PAGASA 9am: RED warning - Metro Manila, Rizal, Bulacan, Laguna. Severe flooding.",,"576",,,,,"576","306","1411088503000","https://www.facebook.com/ANCalerts/posts/pfbid02iqU713kYEPKWWwiMjSwQ7iSkoXKqyaWcMGignEybd9w5F9baWZsxB152JL3f5r8Hl"
,,,,,,,,,,,,,,,,,,,,"100064861410995","Yellow Cab Pizza Co.","https://scontent-iad3-1.xx.fbcdn.net/v/t39.30808-1/633976410_1375912084580826_3310721813171174809_n.jpg?stp=cp0_dst-jpg_tt6&cstp=mx1080x1080&ctp=s40x40&_nc_cat=1&ccb=1-7&_nc_sid=2d3e12&_nc_ohc=JWizc2d3rPAQ7kNvwHLvGPC&_nc_oc=AdqVuF1dsjMNYGixbL82x_CQX_U2f07epSbXYKPFvU7lt2XfgcqzryTNLwHeLpuklxQ&_nc_zt=24&_nc_ht=scontent-iad3-1.xx&_nc_gid=Jmf2mur91TpiXtmLBlixtg&_nc_ss=7c2a8&oh=00_AQCk3SNWkbfrPW-TacU7cAcQ2UweGW5qdCorHagHfKIuFA&oe=6A60337E","https://www.facebook.com/YellowCabPizzaCoOfficial","11","888394177838921","Just a friendly reminder from Yellow Cab, in case you ordered for delivery today, we might experience some delays due to flood. Thank you for your patience! 

We're hoping everyone's safe despite the heavy rains today! #BiteIntoYellow",,"99",,,,,"99","3","1411088480000","https://www.facebook.com/YellowCabPizzaCoOfficial/posts/pfbid02TL1kDskiBP6U3Cgzq75tcziiuiJkBHobnyLkASqf25eV9BfAMJhBeKRPsTSVEjLRl"
"No photo description available.","870144069663027","photo","https://www.facebook.com/photo/?fbid=870144069663027&set=a.398296335666101",,,,,,,,,,,,,,,,,"100064572136497","Army Dragon Warriors","https://scontent-iad3-2.xx.fbcdn.net/v/t39.30808-1/290308030_398296362332765_1690691164277848988_n.jpg?stp=c6.0.499.499a_cp0_dst-jpg_tt6&cstp=mx499x499&ctp=s40x40&_nc_cat=103&ccb=1-7&_nc_sid=2d3e12&_nc_ohc=iQPzoAoFzrUQ7kNvwH1Tzxh&_nc_oc=AdoV-cFn3ypQPtZcseVR8XcK2g4iEGcWOQhQ780dnp5__Bsy9acvQIiR9eZ5uWKvdB8&_nc_zt=24&_nc_ht=scontent-iad3-2.xx&_nc_gid=Jmf2mur91TpiXtmLBlixtg&_nc_ss=7c2a8&oh=00_AQD4WeMgXiVSFuEd7GYZop4zv98ruJBKHMaSYVn1v2_pqA&oe=6A600548","https://www.facebook.com/armydragonwarriors","9","870144069663027","We are now ready to serve the people in flood-affected communities of the NCR.

We are carrying out relief missions in support of the Joint Task Force NCR that is led by BGen Manuel Gonzales.

ASCOM Commander, Major General Gamaliel Cruz, sent the soldier-paddlers to help distribute the relief goods.",,"271",,,,,"271","21","1411180673000","https://www.facebook.com/photo.php?fbid=870144069663027&set=a.398296335666101&type=3"
"No photo description available.","974222112603202","photo","https://www.facebook.com/photo/?fbid=974222112603202&set=a.600474168787982",,,,,,,,,,,,,,,,,"100064762115861","UNTV News and Rescue","https://scontent-iad3-1.xx.fbcdn.net/v/t39.30808-1/339057996_229585659732134_7363939708771708088_n.jpg?stp=cp0_dst-jpg_tt6&cstp=mx600x600&ctp=s40x40&_nc_cat=1&ccb=1-7&_nc_sid=2d3e12&_nc_ohc=2-4kWekjZ00Q7kNvwFgJ368&_nc_oc=AdpCgdtmagF6it6PJXoZtgSCSN6F7wCvJAy8sWJzVdpzoUr5CAoIPDIuUPHhzVRRAsQ&_nc_zt=24&_nc_ht=scontent-iad3-1.xx&_nc_gid=Jmf2mur91TpiXtmLBlixtg&_nc_ss=7c2a8&oh=00_AQBogBbX-ovvyyU9eHuOGqhltOd8NYSAxV4xyrijN69YGw&oe=6A60238B","https://www.facebook.com/UNTVNewsRescue","7","974222112603202","#MarioPH Flood Photo at Isla de Balut, Tondo, Manila (8:19am)

PHOTO by: Jayem Kayumanggi",,"546",,,,"1","547","122","1411089774000","https://www.facebook.com/photo.php?fbid=974222112603202&set=a.600474168787982&type=3"
